uuid,Date,Tractor_Model,Warehouse_Location,Supplier,Demand_Units,Backorder_Qty,Production_Plan_Qty,Inflation_Rate,Market_Trend_Index
ec8ac3e9-3408-ce62-f556-784f0c6545a6,2024-01-01,TX-100,CA,Supplier A,215,17,274,4.58,0.11
0ae455a6-5102-bbee-fc65-48e2e3aae684,2024-01-01,TX-100,IL,Supplier C,201,23,260,4.58,0.11
4f64d692-4c54-fdaf-e6f7-919abdbf9781,2024-01-01,TX-200,TX,Supplier A,251,21,323,4.58,0.11
2aa0fb2f-0fb4-b410-205f-bd468677350d,2024-01-01,TX-300,IL,Supplier D,229,23,295,4.58,0.11
4a0bf316-efa5-5c85-78bd-65c5886a553c,2024-01-01,TX-300,TX,Supplier D,214,17,274,4.58,0.11
a93fe809-7924-34d1-c91d-53630e878f9d,2024-01-01,TX-400,FL,Supplier A,220,11,276,4.58,0.11
2b80844a-ac63-c3ce-45c6-687d28ad3410,2024-01-01,TX-400,TX,Supplier A,237,12,299,4.58,0.11
bf9f7907-98d0-a51c-27a7-bc8840e143e7,2024-01-01,TX-500,CA,Supplier B,260,15,335,4.58,0.11
128d7402-c597-9d24-d649-d7d950deb235,2024-01-01,TX-500,FL,Supplier E,226,10,285,4.58,0.11
fb0a1b85-ea92-3ab5-f0ac-f9d85bf0a0db,2024-01-02,TX-100,IL,Supplier E,165,8,208,4.58,0.57
3a2e9ab2-1e92-1d59-37c7-c09f505206b9,2024-01-02,TX-100,NY,Supplier C,158,13,200,4.58,0.57
2def03ea-f264-deae-099f-007808cc2a40,2024-01-02,TX-200,TX,Supplier B,244,22,315,4.58,0.57
31738dd1-870a-8934-95b5-b51eafba82fb,2024-01-02,TX-500,CA,Supplier B,287,24,364,4.58,0.57
2e1840ba-92ae-1629-c771-93e39d7e7cdb,2024-01-03,TX-100,CA,Supplier B,230,9,288,4.58,0.0
7803d7b7-063b-f616-c373-56d526bf3263,2024-01-03,TX-100,FL,Supplier A,186,14,242,4.58,0.0
0dece465-d9a0-e335-7d7e-7edb5243dc24,2024-01-03,TX-100,NY,Supplier E,182,13,231,4.58,0.0
e2f84627-f1c1-b785-3df6-eb5cec46e6f6,2024-01-03,TX-300,FL,Supplier A,232,12,290,4.58,0.0
5b495ff2-fb1e-5ccf-f218-d016c6f97a69,2024-01-03,TX-300,IL,Supplier D,217,12,272,4.58,0.0
5ea5a38a-697a-a25c-605b-e08bbd7c4220,2024-01-03,TX-300,TX,Supplier D,206,22,274,4.58,0.0
acc24416-9068-4070-c2ec-0b34a3186071,2024-01-03,TX-500,FL,Supplier A,229,24,299,4.58,0.0
938d9592-53df-53ae-a69a-fa1ddf9f8601,2024-01-04,TX-100,CA,Supplier B,217,10,271,4.58,0.47
e7f7db41-4133-f086-0d0d-4a03d31ec591,2024-01-04,TX-100,IL,Supplier C,167,15,214,4.58,0.47
acad8be4-b4b6-5c42-39be-41a91c6f4af8,2024-01-04,TX-100,TX,Supplier B,235,11,291,4.58,0.47
059bd62b-6506-d427-0d74-e4ed23b9c2c2,2024-01-04,TX-200,CA,Supplier D,207,20,269,4.58,0.47
5852792d-4dbe-401b-9df8-6daa6b63828f,2024-01-04,TX-200,NY,Supplier C,193,15,245,4.58,0.47
2f142c78-5894-66c0-dae9-eb28dc742324,2024-01-04,TX-300,IL,Supplier C,186,16,237,4.58,0.47
f31deb86-4e83-47e1-55c7-0ea07ddc0f8c,2024-01-04,TX-500,CA,Supplier B,270,14,343,4.58,0.47
54f7451c-ee7c-01c5-fa58-de88be450ba8,2024-01-04,TX-500,IL,Supplier D,241,20,312,4.58,0.47
b3a81149-361d-e6ac-b2d3-ae4a2818c7e6,2024-01-05,TX-100,CA,Supplier B,223,15,281,4.58,0.98
79bf2b2f-0c85-6ef7-78b4-ac17afcdf8ba,2024-01-05,TX-100,FL,Supplier A,182,10,231,4.58,0.98
808a572c-2b59-8f2a-479e-a06dd127be06,2024-01-05,TX-100,NY,Supplier D,171,17,224,4.58,0.98
408b9bce-0207-6f57-ea63-340216ea0ffb,2024-01-05,TX-200,CA,Supplier E,267,14,328,4.58,0.98
462418ed-f2c3-fca9-b65e-8f2d6eef7940,2024-01-05,TX-200,IL,Supplier E,179,8,224,4.58,0.98
8c26cbe1-6bbe-332f-0ff1-b73751e0137a,2024-01-05,TX-500,TX,Supplier B,219,18,280,4.58,0.98
da404228-a0d5-a902-d787-d67a3c578d89,2024-01-06,TX-100,FL,Supplier B,216,28,289,4.58,0.8
b6b0dfe4-f8f9-80a3-13ee-4a8a2e882c6a,2024-01-06,TX-100,IL,Supplier C,170,12,215,4.58,0.8
99bd6b5c-b23b-fa6e-758d-e3aef53cff99,2024-01-06,TX-100,NY,Supplier C,191,13,241,4.58,0.8
9014c63e-b5e1-06ba-68b0-1131f2238f3a,2024-01-06,TX-200,IL,Supplier E,203,11,254,4.58,0.8
332e886f-b0cd-09f9-2489-70d2a8ece145,2024-01-06,TX-300,CA,Supplier B,250,22,321,4.58,0.8
18546c34-cb3a-8ee0-004b-6294b90cf113,2024-01-06,TX-400,IL,Supplier A,201,23,264,4.58,0.8
c946a15e-3cbc-812f-35d5-0b62f21e852a,2024-01-06,TX-500,IL,Supplier C,238,15,295,4.58,0.8
5d06280d-2dce-0a15-db15-a6cc94991714,2024-01-06,TX-500,NY,Supplier E,197,9,245,4.58,0.8
8ac2d9aa-5724-90e9-539a-a80c58ae35b1,2024-01-06,TX-500,TX,Supplier B,239,7,289,4.58,0.8
38686650-52f9-98a2-3a42-c59f9d15a08b,2024-01-07,TX-100,CA,Supplier D,240,24,311,4.58,0.6
63aa60d5-9ddd-dcb5-d586-ad9cbcdcc8a0,2024-01-07,TX-100,NY,Supplier A,193,12,246,4.58,0.6
5884deb6-ad0c-1021-ef03-4c77be95aad1,2024-01-07,TX-100,TX,Supplier C,242,16,307,4.58,0.6
68b72ee2-23c2-ab97-3216-d974c5909c38,2024-01-07,TX-300,FL,Supplier D,214,16,268,4.58,0.6
db27b87e-bc7d-d69b-9b27-6149e070ed97,2024-01-07,TX-400,CA,Supplier C,240,24,314,4.58,0.6
8372b28f-852e-fc69-2d43-4823fc831fef,2024-01-07,TX-400,FL,Supplier C,260,20,326,4.58,0.6
038076f9-3538-99df-74e8-8503c84a4543,2024-01-07,TX-500,IL,Supplier C,261,18,328,4.58,0.6
3382574f-ed1e-1079-cc08-19549b863fd4,2024-01-08,TX-100,IL,Supplier B,164,17,214,4.58,0.33
35f4177a-2964-2b78-1325-c5d90b9e503b,2024-01-08,TX-200,CA,Supplier D,244,16,311,4.58,0.33
be37f828-d949-d07c-d3d5-0c7994c423ea,2024-01-08,TX-300,IL,Supplier A,203,14,261,4.58,0.33
d3c9aa93-f800-6a40-63f3-dd4be801990e,2024-01-08,TX-300,NY,Supplier E,164,9,203,4.58,0.33
0d88a505-7c29-446c-7305-3e390843684b,2024-01-08,TX-400,IL,Supplier E,217,17,283,4.58,0.33
0d276011-cdf8-2708-109e-22fcb6c99feb,2024-01-08,TX-400,TX,Supplier C,216,14,274,4.58,0.33
21dc5112-00d7-3bb9-1299-45ac332eae7d,2024-01-08,TX-500,TX,Supplier B,287,26,371,4.58,0.33
160232c1-6e33-9cd2-0d63-bb077ee5a45c,2024-01-09,TX-100,FL,Supplier B,178,16,227,4.58,0.21
10587633-755e-2320-0c5e-2a65e201a909,2024-01-09,TX-200,TX,Supplier B,224,19,286,4.58,0.21
10b33095-65f2-31cc-3438-c29bc157e7df,2024-01-09,TX-300,FL,Supplier E,185,12,239,4.58,0.21
6d2f0396-ef4e-79a2-21bc-13f7160fbe1c,2024-01-09,TX-300,IL,Supplier B,180,10,229,4.58,0.21
e07ec13f-1707-1e7a-086d-c9be929eb075,2024-01-09,TX-400,FL,Supplier E,221,24,290,4.58,0.21
023a7a15-1023-8819-0d2e-432c1fe1fafa,2024-01-10,TX-100,FL,Supplier B,233,17,294,4.58,0.44
56194126-2cdc-2790-e8d9-94db85abd3d6,2024-01-10,TX-100,NY,Supplier E,205,9,252,4.58,0.44
3d6da607-1cce-0549-c51b-05ba776d1cca,2024-01-10,TX-100,TX,Supplier B,230,15,288,4.58,0.44
ad61d957-72d8-e4d7-9e35-4db96459121c,2024-01-10,TX-200,FL,Supplier C,189,13,238,4.58,0.44
243e162a-88da-9268-ef8d-ca7a8c4a043d,2024-01-10,TX-200,IL,Supplier D,191,12,242,4.58,0.44
f26680da-51f4-9b18-032c-f1da722a1b76,2024-01-10,TX-300,CA,Supplier C,248,23,318,4.58,0.44
ad3be942-6a04-b282-db00-ec04e0688230,2024-01-10,TX-300,NY,Supplier E,209,19,271,4.58,0.44
9d262074-d225-2849-90e2-20b118e1f0a2,2024-01-10,TX-300,TX,Supplier E,204,10,252,4.58,0.44
9ced4864-3b8a-e6f8-5ee9-a7fa3a103c10,2024-01-10,TX-400,FL,Supplier D,253,28,336,4.58,0.44
0065ad63-827b-aada-62ee-24317ee60aa5,2024-01-10,TX-500,CA,Supplier B,242,23,313,4.58,0.44
a2870060-63bf-ee66-7e1d-0fcc1752e257,2024-01-10,TX-500,IL,Supplier A,254,12,324,4.58,0.44
60cf67c7-f7f3-9de2-8c85-e7be4b3ba3f4,2024-01-11,TX-100,CA,Supplier A,199,8,246,4.58,0.28
d05ff148-9028-9fd5-eaf7-d87c394e0c5c,2024-01-11,TX-200,CA,Supplier D,226,27,297,4.58,0.28
438034b4-0854-91aa-edec-bcab6bda45f8,2024-01-11,TX-200,FL,Supplier D,237,26,314,4.58,0.28
b4ff69a0-5025-842e-6bfa-c4f6c9790b23,2024-01-11,TX-200,TX,Supplier B,252,20,327,4.58,0.28
b12bed27-76ed-28e2-496a-1d59b0176e72,2024-01-11,TX-300,CA,Supplier D,268,23,346,4.58,0.28
2b4db414-ea8c-9113-75ec-84215b9c262f,2024-01-11,TX-300,FL,Supplier A,225,16,285,4.58,0.28
7ca6c87b-90a3-3b99-8487-b5d54aec74b5,2024-01-11,TX-300,NY,Supplier B,171,15,223,4.58,0.28
b201db71-a574-6226-5910-1457c2a69752,2024-01-11,TX-400,FL,Supplier D,205,19,267,4.58,0.28
5311d4ad-f503-7a91-d781-aa38ef3b796f,2024-01-11,TX-400,IL,Supplier D,220,18,282,4.58,0.28
56011509-5c64-d711-7663-a46de83a2219,2024-01-11,TX-400,NY,Supplier A,182,16,236,4.58,0.28
d5e6791a-ae6b-b76b-0f83-5a0037f242ae,2024-01-11,TX-400,TX,Supplier E,205,12,255,4.58,0.28
dcbd377c-44e6-5530-a720-0c0eb4269530,2024-01-11,TX-500,CA,Supplier E,258,15,323,4.58,0.28
a9355ba8-915c-8560-1bb0-ec08612e5e2d,2024-01-11,TX-500,FL,Supplier C,265,16,340,4.58,0.28
d71ae87c-f04b-cccb-d8d0-a39b925c2e5d,2024-01-12,TX-200,TX,Supplier B,239,15,300,4.58,0.87
03f47073-350b-70f2-61e4-49f7831360ee,2024-01-12,TX-300,IL,Supplier C,181,14,231,4.58,0.87
f2912314-bf56-152d-af80-510bc31ecdd6,2024-01-12,TX-300,NY,Supplier E,199,14,250,4.58,0.87
e2cab97b-f1d2-a325-8113-9e9b21193d23,2024-01-12,TX-500,CA,Supplier C,293,21,368,4.58,0.87
f7e01f1f-fcd3-f8ce-16df-37290b22fdee,2024-01-12,TX-500,IL,Supplier D,237,19,304,4.58,0.87
3957f502-2a68-fc3e-545a-43c965e08143,2024-01-13,TX-100,FL,Supplier B,188,21,248,4.58,0.21
ac3861aa-e3ba-68e1-9f73-2a8f67ead648,2024-01-13,TX-100,TX,Supplier C,192,10,240,4.58,0.21
a096548f-dc87-0f4e-c052-9612e274cddf,2024-01-13,TX-400,IL,Supplier D,213,15,271,4.58,0.21
aed7db36-3f70-79d2-c98f-2502ffbf9d4e,2024-01-13,TX-500,CA,Supplier D,260,19,337,4.58,0.21
c24285a4-1b8a-f57f-a5bc-e3a3df619e91,2024-01-13,TX-500,FL,Supplier B,262,14,327,4.58,0.21
0b1f0a9d-c486-7602-9bbe-53d59733cd27,2024-01-13,TX-500,IL,Supplier A,267,17,340,4.58,0.21
913c9312-bd7f-aa80-64b1-0cf2efa5fd05,2024-01-14,TX-100,IL,Supplier E,179,10,223,4.58,0.27
eab4927f-03da-f738-e255-409826caa3d8,2024-01-14,TX-200,FL,Supplier B,198,14,254,4.58,0.27
709a91e9-0c4b-38d8-6a34-4fd985b1db2c,2024-01-14,TX-400,FL,Supplier E,258,12,322,4.58,0.27
ed084a40-eea9-4f94-156a-a4e4d98fde3a,2024-01-14,TX-500,CA,Supplier C,267,17,335,4.58,0.27
9a9d44db-16f7-18e9-09c8-b561eea15a8f,2024-01-14,TX-500,IL,Supplier A,206,12,257,4.58,0.27
1f338ab0-ae6c-a814-0d70-668bf473b5bd,2024-01-14,TX-500,TX,Supplier E,228,14,282,4.58,0.27
c28d40bf-9dd2-262f-794c-baa73892d84d,2024-01-15,TX-100,TX,Supplier D,188,17,244,4.58,0.81
5e0fac8f-ccf4-7963-40b4-37c630ded443,2024-01-15,TX-300,CA,Supplier A,244,14,310,4.58,0.81
ece5354f-6d1a-7f3a-e145-ab503299a336,2024-01-15,TX-300,FL,Supplier A,209,14,262,4.58,0.81
d0f52e42-8711-6e65-5593-4ee5ca6b3852,2024-01-15,TX-300,IL,Supplier B,210,21,273,4.58,0.81
7fe82972-eaa4-6190-4681-242e3813e090,2024-01-15,TX-400,IL,Supplier D,225,18,287,4.58,0.81
2a584fb2-f031-67df-22f9-3bc6d63b810f,2024-01-15,TX-500,FL,Supplier E,240,24,310,4.58,0.81
5c56ab1f-de63-e0bd-5f6c-9d1ed7de3cb0,2024-01-15,TX-500,NY,Supplier D,244,12,306,4.58,0.81
166a4ce1-10f1-fee6-e134-34a7cbec2ce7,2024-01-16,TX-100,FL,Supplier B,228,13,288,4.58,0.27
ba138fc6-7292-2421-8ec8-8396ce6dee4e,2024-01-16,TX-100,NY,Supplier D,207,18,269,4.58,0.27
1ea5bc35-e7fb-8e91-1f97-4a20dc4e62a4,2024-01-16,TX-200,CA,Supplier C,272,14,339,4.58,0.27
896d4c83-74f1-ce72-8f94-404ce3d5ff5a,2024-01-16,TX-200,IL,Supplier C,193,2,233,4.58,0.27
bf3e4d57-bd0b-92d9-41ab-c9b6ce242fe5,2024-01-16,TX-200,TX,Supplier C,222,17,286,4.58,0.27
fdd9a501-737e-8e63-2fb2-0d4981b103a8,2024-01-16,TX-300,FL,Supplier C,193,21,252,4.58,0.27
7670260f-f66e-90ac-d91a-4018522ae086,2024-01-16,TX-300,NY,Supplier C,204,12,258,4.58,0.27
905fb489-843f-893b-9d9b-68f842170ca8,2024-01-16,TX-300,TX,Supplier A,215,19,281,4.58,0.27
e2ce05e5-58de-9611-0c4b-0933b144627c,2024-01-16,TX-400,TX,Supplier B,246,25,319,4.58,0.27
bd53614a-588d-d2ce-4442-59ca0901904f,2024-01-16,TX-500,IL,Supplier B,237,20,303,4.58,0.27
5d7dad36-dfda-ebc3-5ffa-c54e1751f8ad,2024-01-17,TX-100,CA,Supplier A,210,13,266,4.58,0.27
7b3b5ad9-5cf3-0330-a1ec-9a1dc86eac1e,2024-01-17,TX-100,TX,Supplier A,187,17,244,4.58,0.27
add51557-dd9e-d929-b6aa-f82d4e73fd7d,2024-01-17,TX-200,CA,Supplier C,264,21,342,4.58,0.27
10f888f1-571e-f93e-aeb3-5b598cc96a4f,2024-01-17,TX-200,NY,Supplier E,219,12,276,4.58,0.27
984b9d7d-2e00-a6f9-ccb1-b5215c703039,2024-01-17,TX-400,IL,Supplier D,247,23,315,4.58,0.27
b4a0e128-bbdf-d1f3-9ece-38a1bda1b3bf,2024-01-17,TX-400,NY,Supplier A,216,19,282,4.58,0.27
777a2929-c53e-6558-2a23-acc50e66df56,2024-01-17,TX-500,FL,Supplier C,232,21,299,4.58,0.27
d4b5d45d-6efa-52a7-e743-662a31f0092f,2024-01-17,TX-500,IL,Supplier B,230,17,292,4.58,0.27
92d8d5dc-c1ae-1ae5-c42d-33e35145f3b9,2024-01-17,TX-500,TX,Supplier D,276,24,354,4.58,0.27
d5b70881-ee45-2d47-8355-7b99fc59ff27,2024-01-18,TX-200,FL,Supplier E,208,13,266,4.58,0.07
17ee532b-bc78-1d65-5a97-f29ac582f980,2024-01-18,TX-300,TX,Supplier B,212,11,264,4.58,0.07
13bc7343-5488-05dd-3ebd-d31b94263105,2024-01-18,TX-400,NY,Supplier B,221,25,290,4.58,0.07
87404781-3a50-85d4-bbec-647d33bb105e,2024-01-18,TX-500,CA,Supplier D,237,18,301,4.58,0.07
f470da03-5f1b-e194-56fe-5c182a2e2467,2024-01-18,TX-500,FL,Supplier E,270,17,344,4.58,0.07
ce9f7e12-3eec-4787-20f7-c06692fa8d6f,2024-01-18,TX-500,TX,Supplier D,245,19,309,4.58,0.07
f32fff4e-d000-97b7-531f-252cc8698645,2024-01-19,TX-100,FL,Supplier B,181,15,231,4.58,0.47
0b89ec2b-40a3-f8c7-1fc9-d1cd36bc67f7,2024-01-19,TX-100,NY,Supplier C,182,22,245,4.58,0.47
fd5912a9-b15f-340b-980c-c23712c28d9d,2024-01-19,TX-200,CA,Supplier D,263,21,337,4.58,0.47
49fae3e3-0580-60ac-f460-0308160af4c9,2024-01-19,TX-200,FL,Supplier D,221,21,286,4.58,0.47
8bcde771-642d-ad7d-c6a1-6d16e11abc8f,2024-01-20,TX-100,IL,Supplier D,188,16,241,4.58,0.26
a19a2345-1553-3c0a-44cf-e0847feb5b2f,2024-01-20,TX-100,NY,Supplier E,199,15,248,4.58,0.26
5ee3933e-dac1-280b-b234-8f15ce2d1e12,2024-01-20,TX-300,FL,Supplier B,193,12,240,4.58,0.26
daf29b79-1558-57b7-9715-411353f10583,2024-01-20,TX-300,IL,Supplier D,224,22,293,4.58,0.26
40ab903b-fdec-c779-82e0-bd8175eb5a1a,2024-01-20,TX-400,IL,Supplier D,243,21,312,4.58,0.26
553cc61d-25d5-5ec8-0edd-1b661b1429cd,2024-01-20,TX-400,TX,Supplier E,217,12,270,4.58,0.26
49410bd1-54f3-2044-1873-8dede2ff3c5e,2024-01-20,TX-500,IL,Supplier D,259,15,325,4.58,0.26
26401eb7-9174-ccbf-81c1-fc991f878518,2024-01-21,TX-200,TX,Supplier A,232,18,297,4.58,0.89
276d9976-020d-77d5-cd87-e2a684495613,2024-01-21,TX-300,NY,Supplier D,213,11,267,4.58,0.89
f9b31011-b58b-633b-aa3d-548f2bd7e83c,2024-01-21,TX-400,FL,Supplier D,210,10,262,4.58,0.89
460400b3-6973-432a-eab7-be419c98e2cb,2024-01-21,TX-400,TX,Supplier B,238,14,300,4.58,0.89
4d7ee3bf-a1e1-6b11-fbf1-364fb701ec32,2024-01-22,TX-100,NY,Supplier D,176,18,233,4.58,0.29
b55af823-9c9f-a885-6810-07843195b7d5,2024-01-22,TX-200,CA,Supplier A,221,17,282,4.58,0.29
af6e625e-71eb-da29-684f-df1cde7ed600,2024-01-22,TX-300,CA,Supplier A,272,16,342,4.58,0.29
080b22fc-559a-be5c-7bb5-92e493162ba4,2024-01-22,TX-300,FL,Supplier E,230,11,292,4.58,0.29
dc829480-d49f-b242-aa1f-b80527a15c45,2024-01-22,TX-300,TX,Supplier A,248,15,315,4.58,0.29
dd1d154d-2d1d-b677-3741-c0054a30c03d,2024-01-22,TX-400,CA,Supplier B,232,17,296,4.58,0.29
f401381e-1220-3def-330f-4cf2be69fe79,2024-01-22,TX-500,FL,Supplier E,226,12,282,4.58,0.29
b2d78c5d-fb08-3cbc-ceef-efedce26967b,2024-01-23,TX-100,CA,Supplier A,214,16,269,4.58,0.77
710b4510-2df0-e060-ba69-375057d0a60f,2024-01-23,TX-100,NY,Supplier B,167,12,211,4.58,0.77
1fd659a9-2ea9-3dac-7de5-d98db2712319,2024-01-23,TX-100,TX,Supplier C,187,8,230,4.58,0.77
54a18002-3242-6b28-cc74-795fe626dee2,2024-01-23,TX-200,CA,Supplier A,214,12,272,4.58,0.77
8464a9e8-5bb4-8427-f82a-7e7f1eeb122f,2024-01-23,TX-300,CA,Supplier E,263,15,331,4.58,0.77
c7c405ab-ef10-d452-07d0-9a2de01e5990,2024-01-23,TX-300,NY,Supplier D,212,10,262,4.58,0.77
ba99936b-e101-33b7-fe36-40527ef69460,2024-01-23,TX-400,FL,Supplier E,251,9,312,4.58,0.77
06acc026-a106-d8e8-193f-e106796af95e,2024-01-24,TX-100,FL,Supplier C,186,17,242,4.58,0.49
f0230cf1-e685-0ed0-1bfc-cdff0885ad48,2024-01-24,TX-100,IL,Supplier A,170,9,215,4.58,0.49
2dd09fd2-5807-d213-9da1-6472a850965a,2024-01-24,TX-100,NY,Supplier A,188,12,238,4.58,0.49
bd12ccee-c93e-c510-af11-b1c27a8f33f4,2024-01-24,TX-300,IL,Supplier E,207,8,257,4.58,0.49
1c69ebda-265d-e073-e765-ff9c14e4fa58,2024-01-24,TX-300,NY,Supplier A,177,11,221,4.58,0.49
2e69ab79-bee6-68b1-e99e-ab7a762e864b,2024-01-24,TX-300,TX,Supplier B,260,12,325,4.58,0.49
a5b2d803-4dcf-83ed-4ece-d894bf2c4f2b,2024-01-24,TX-400,TX,Supplier B,246,19,317,4.58,0.49
93054198-e5eb-9258-6d62-b5a8b481069a,2024-01-25,TX-100,IL,Supplier E,205,12,255,4.58,0.47
56de55eb-6a1a-d5e5-2fce-38d97343fcd4,2024-01-25,TX-100,NY,Supplier A,214,12,269,4.58,0.47
2031f76f-8203-125d-12fa-23ef4a5895e8,2024-01-25,TX-100,TX,Supplier B,215,16,270,4.58,0.47
65a4c11c-b533-298e-94e6-cc0e2a861589,2024-01-25,TX-200,IL,Supplier B,237,19,301,4.58,0.47
3a7c4b74-7d14-7f56-f4d3-56426fcb8fc5,2024-01-25,TX-200,NY,Supplier B,212,11,267,4.58,0.47
d805fb50-0442-2fe3-2d61-eccbb38246e2,2024-01-25,TX-300,IL,Supplier A,214,10,269,4.58,0.47
e8bea95c-d498-3f6a-1dc2-498b95cfce7d,2024-01-25,TX-300,NY,Supplier B,224,13,276,4.58,0.47
02590ce1-a569-7627-b1d1-13d3700ac7a0,2024-01-25,TX-300,TX,Supplier A,221,13,277,4.58,0.47
470b9d9f-db25-5037-a3a9-ac12fb0c391a,2024-01-25,TX-400,FL,Supplier C,247,14,313,4.58,0.47
a4f3cb1c-9255-127a-6984-3ee537294ccb,2024-01-25,TX-400,TX,Supplier E,273,15,344,4.58,0.47
9903455e-3b25-f64c-74ac-23137af19d63,2024-01-26,TX-100,FL,Supplier E,197,7,240,4.58,0.96
fde6fcde-5635-4ad3-a6b4-cbfc5841f038,2024-01-26,TX-200,CA,Supplier C,280,11,353,4.58,0.96
9d198f78-e744-9bb7-c2a7-db238dbb600f,2024-01-26,TX-300,CA,Supplier D,231,19,301,4.58,0.96
8b5ece57-ec94-80c7-4d4f-99d2e1c30323,2024-01-26,TX-500,NY,Supplier C,251,16,318,4.58,0.96
c24de2ac-8d81-450e-9473-64ea55bd6760,2024-01-27,TX-100,TX,Supplier B,191,11,242,4.58,0.9
748b8b81-130f-c29b-4fb6-caa12d81b208,2024-01-27,TX-200,CA,Supplier E,247,18,315,4.58,0.9
2e3c17b9-6f74-b8c4-3c8c-d9da2f28cd86,2024-01-27,TX-200,NY,Supplier E,186,10,234,4.58,0.9
bc5a69fd-c450-c5af-5ffe-3a204c9322d3,2024-01-27,TX-200,TX,Supplier D,237,20,309,4.58,0.9
6d5a839d-f2bb-e52a-2fea-0d91ed7645bc,2024-01-27,TX-400,IL,Supplier B,204,12,258,4.58,0.9
03f5230b-591e-2482-5ae5-4a99f792359e,2024-01-27,TX-400,NY,Supplier B,225,14,281,4.58,0.9
3e328341-c16f-aa59-8998-2ef94ae7a9d6,2024-01-27,TX-400,TX,Supplier A,222,22,289,4.58,0.9
e1190a5c-772d-221b-2bbf-c3f4dc4664a4,2024-01-27,TX-500,CA,Supplier B,252,11,313,4.58,0.9
22364e7b-60e8-5e25-efc8-d49eb76b5dd3,2024-01-28,TX-100,CA,Supplier E,214,13,267,4.58,0.08
79dde124-f93c-ed5b-4d13-6457e5c2b6d9,2024-01-28,TX-100,FL,Supplier B,196,12,248,4.58,0.08
c46dd2ab-6ef7-6574-a575-713b23021142,2024-01-28,TX-100,TX,Supplier A,250,15,310,4.58,0.08
e46377db-30f2-0127-931a-43e7e15dabf0,2024-01-28,TX-200,CA,Supplier C,225,24,294,4.58,0.08
7178572a-d5bc-6632-37ab-08550d552a2d,2024-01-28,TX-200,FL,Supplier C,228,20,295,4.58,0.08
fe8967a6-d286-a8f9-124d-8c0b4d42d047,2024-01-28,TX-200,NY,Supplier C,224,14,282,4.58,0.08
a0fced9e-f79d-774d-4148-bb85ce795398,2024-01-28,TX-300,CA,Supplier A,236,11,293,4.58,0.08
c8a34254-deb6-47a0-a4e4-c80285d2177c,2024-01-28,TX-300,NY,Supplier B,215,15,278,4.58,0.08
5c87826e-465d-4670-ab9d-e583ac753286,2024-01-28,TX-300,TX,Supplier A,250,24,328,4.58,0.08
9328f7e0-c594-acc8-b321-1ceb7fa20a96,2024-01-28,TX-400,NY,Supplier E,227,14,287,4.58,0.08
3bb8c27b-6448-5108-0a8e-0b7b96e3defc,2024-01-28,TX-500,TX,Supplier D,287,27,372,4.58,0.08
92b76700-149e-36ca-5697-cb8e51a6fcfa,2024-01-29,TX-100,NY,Supplier B,201,12,254,4.58,0.25
e5a6c0c6-4c50-d72f-1392-5a2712192ad1,2024-01-29,TX-100,TX,Supplier D,252,20,321,4.58,0.25
57adfe9e-717b-d47d-9575-7634ef714fd3,2024-01-29,TX-300,IL,Supplier E,182,13,229,4.58,0.25
bec13754-6716-ffe9-8e8e-7c169de53e78,2024-01-29,TX-300,NY,Supplier E,217,8,266,4.58,0.25
f17cb143-2e41-042e-7e9e-1bd32e94b573,2024-01-29,TX-400,IL,Supplier D,220,13,278,4.58,0.25
9b9f622f-631b-1764-88ff-14830a641159,2024-01-29,TX-500,IL,Supplier D,268,29,349,4.58,0.25
034c9da3-52c8-94f4-dc48-543c30970a65,2024-01-30,TX-100,IL,Supplier A,195,10,246,4.58,0.18
df37767d-f110-2c33-429c-9481de594604,2024-01-30,TX-200,NY,Supplier D,202,15,254,4.58,0.18
af7b11b6-f90e-6790-6a46-a038f9a970ec,2024-01-30,TX-300,NY,Supplier C,227,20,298,4.58,0.18
189704ac-4473-e784-d808-c43d7412d4fb,2024-01-30,TX-400,IL,Supplier C,209,11,262,4.58,0.18
f9b6541a-030a-eb9d-2017-f95f66971184,2024-01-30,TX-400,TX,Supplier D,270,27,349,4.58,0.18
a2861840-552c-ad24-02bb-2e2b19e74d94,2024-01-31,TX-200,CA,Supplier A,275,18,346,4.58,0.91
49faed95-1ae4-5873-1432-68aa4ba75112,2024-01-31,TX-200,IL,Supplier C,215,19,276,4.58,0.91
aa5a2aa2-f3ea-cf80-44ff-98e0f4ef4f59,2024-01-31,TX-400,CA,Supplier A,240,13,298,4.58,0.91
f5a17aa2-75df-db7b-58c0-2e6cc04bea49,2024-01-31,TX-400,TX,Supplier B,223,15,283,4.58,0.91
bb172458-2e18-77a5-2151-c29f757b92e3,2024-02-01,TX-100,NY,Supplier A,166,17,215,4.99,0.55
1740f4c1-674e-c369-3a2f-d7548920a3be,2024-02-01,TX-100,TX,Supplier B,193,23,253,4.99,0.55
14407c18-bcd1-42bd-ee7f-983525e07949,2024-02-01,TX-200,IL,Supplier C,225,12,281,4.99,0.55
b600bbd8-cc4b-74ee-d071-886fb880031c,2024-02-01,TX-400,CA,Supplier A,270,21,341,4.99,0.55
86c631ab-2612-6b17-f12f-f26a82a42dde,2024-02-01,TX-500,TX,Supplier B,260,23,333,4.99,0.55
41d451a0-b955-e458-ee6e-703a6a919927,2024-02-02,TX-100,IL,Supplier D,213,23,276,4.99,0.37
34d47be5-9bbf-5294-688b-6be1fd6101de,2024-02-02,TX-200,TX,Supplier C,234,14,296,4.99,0.37
5499f2a1-54ef-5785-c66f-ca82f0fb014c,2024-02-02,TX-300,FL,Supplier D,210,22,276,4.99,0.37
043453fe-daa1-3902-7d04-978980e85fde,2024-02-02,TX-300,NY,Supplier B,184,11,234,4.99,0.37
e8e9c1d8-9a43-874f-928e-61e437a46123,2024-02-02,TX-400,TX,Supplier C,219,25,287,4.99,0.37
482eaae7-823c-6314-6888-b9c1cfbf8590,2024-02-02,TX-500,TX,Supplier B,279,20,352,4.99,0.37
9560bce1-fa2e-ad7e-13f3-5c9746bc339c,2024-02-03,TX-100,IL,Supplier D,207,15,265,4.99,0.83
1937d8e3-60c7-2d4a-80c9-541c697c1501,2024-02-03,TX-200,CA,Supplier B,253,19,319,4.99,0.83
c6503bd7-795c-7535-5398-5c0b4a1ba4c5,2024-02-03,TX-200,TX,Supplier B,277,27,363,4.99,0.83
cef16f20-8322-a7ad-8f24-c1ab3953de9c,2024-02-03,TX-300,FL,Supplier A,218,9,270,4.99,0.83
0a2f34d2-ae11-c1bc-b2dc-1830dc2f5a85,2024-02-03,TX-300,IL,Supplier C,203,11,259,4.99,0.83
768e5618-c977-9144-6207-33d1d7b18650,2024-02-03,TX-300,TX,Supplier B,215,12,271,4.99,0.83
8cd0a0a0-b683-7428-b6cf-c5723e144a27,2024-02-03,TX-400,TX,Supplier B,277,25,359,4.99,0.83
8a2da058-c286-cb9f-e015-6955daccc549,2024-02-03,TX-500,NY,Supplier A,257,15,324,4.99,0.83
6b2e6fdf-a99d-bc6b-77c6-972572311594,2024-02-04,TX-100,CA,Supplier C,247,15,308,4.99,0.35
45236544-42b0-d745-95cf-86ed6a71b1c4,2024-02-04,TX-200,NY,Supplier E,207,13,261,4.99,0.35
a4f205cf-9d89-2bf2-c6f4-12fd57958959,2024-02-04,TX-300,CA,Supplier B,260,19,338,4.99,0.35
3ef87de7-8822-299b-7dab-2a26efc73b4e,2024-02-04,TX-400,IL,Supplier B,213,13,266,4.99,0.35
f89c7fa5-f12b-d170-f41b-92e85fe28a1e,2024-02-05,TX-100,CA,Supplier C,239,17,303,4.99,0.68
7c02517a-de19-e5ae-a003-46583f4abb64,2024-02-05,TX-100,IL,Supplier B,200,16,256,4.99,0.68
deeb1b66-0f03-425a-a610-7e38d18097c4,2024-02-05,TX-300,CA,Supplier B,221,12,279,4.99,0.68
f1942805-68fd-e438-c521-8ac1dd81b607,2024-02-05,TX-400,FL,Supplier A,242,13,297,4.99,0.68
881d31fc-b1da-934c-3a81-8a56573e9478,2024-02-05,TX-400,NY,Supplier B,228,14,283,4.99,0.68
ef431e97-02ae-0340-15df-b096b441e77c,2024-02-06,TX-200,FL,Supplier C,257,17,322,4.99,0.23
a44531f9-88b3-5aa9-7318-ceaab265d09f,2024-02-06,TX-200,NY,Supplier C,210,15,262,4.99,0.23
b6b88fcc-f164-cd1a-e31e-a126ac4e9292,2024-02-06,TX-300,IL,Supplier E,205,8,256,4.99,0.23
ecba1040-75e7-3b3d-820c-2b3f3aaccbbc,2024-02-06,TX-300,NY,Supplier A,202,13,257,4.99,0.23
d135eeea-d057-b6e3-6d1c-587fca211c94,2024-02-06,TX-400,TX,Supplier A,274,17,342,4.99,0.23
baf914a4-f165-dfc0-55ff-9716fac27ec3,2024-02-06,TX-500,CA,Supplier D,322,28,411,4.99,0.23
d7f03f84-a53b-cdc9-11b2-07f99f3ce11f,2024-02-06,TX-500,IL,Supplier B,244,14,307,4.99,0.23
50564f8f-676a-930d-a50b-3bd02d4d96f5,2024-02-06,TX-500,TX,Supplier A,245,17,310,4.99,0.23
7e951107-06a3-ad7b-4aab-b69a34b243b5,2024-02-07,TX-100,IL,Supplier A,188,15,241,4.99,0.02
e83fdb2e-de86-9e54-fa94-7fb1793a13cf,2024-02-07,TX-300,FL,Supplier B,256,16,323,4.99,0.02
f6afea73-8d59-23e6-1336-0cbd1fe122af,2024-02-08,TX-100,CA,Supplier E,250,18,323,4.99,0.7
855d8376-e380-af7a-a882-bd6ace033bef,2024-02-08,TX-100,IL,Supplier D,238,25,309,4.99,0.7
1c4ebab4-1dfc-5c87-125a-601bfb462a76,2024-02-08,TX-300,FL,Supplier C,222,20,285,4.99,0.7
d0e1cdef-b3c7-6846-9942-961e844680a0,2024-02-08,TX-300,NY,Supplier C,231,18,292,4.99,0.7
57229993-d830-1f36-2c58-e41685477cc7,2024-02-08,TX-300,TX,Supplier D,210,13,264,4.99,0.7
dfd68e8e-929f-8634-81f7-3429ae5d1f56,2024-02-08,TX-400,TX,Supplier B,277,22,355,4.99,0.7
ada3c914-d826-ca9f-1505-9de3b6a04894,2024-02-08,TX-500,CA,Supplier E,284,15,353,4.99,0.7
fc03ccdc-d788-1e2c-46fe-c63bc7b94fb9,2024-02-08,TX-500,IL,Supplier A,269,24,346,4.99,0.7
bd68bd63-0938-34a7-a932-34919fe9eacd,2024-02-08,TX-500,TX,Supplier C,272,26,360,4.99,0.7
d72ff213-5e97-5748-eff3-689b501ec551,2024-02-09,TX-100,NY,Supplier C,180,18,233,4.99,0.34
42513f8f-c55a-43a5-277b-819d869c6b7a,2024-02-09,TX-100,TX,Supplier D,248,25,321,4.99,0.34
7d78fb9e-165a-ad7e-972d-e4e5530dcbae,2024-02-09,TX-200,FL,Supplier C,207,15,265,4.99,0.34
bbaaea32-e3e5-6c4e-7aeb-407e89250c7b,2024-02-09,TX-300,IL,Supplier C,247,24,320,4.99,0.34
c60fc8cc-70e5-bdf9-ff76-12cfd8914518,2024-02-09,TX-400,FL,Supplier E,257,12,320,4.99,0.34
dab84f69-85b2-86ac-89f7-ea4132c741f8,2024-02-10,TX-100,CA,Supplier E,264,16,337,4.99,0.34
dcf9024f-da7c-656e-124d-6ae141004838,2024-02-10,TX-100,FL,Supplier E,190,10,234,4.99,0.34
709cab8f-7257-7050-5ee8-cac5fa2b80bd,2024-02-10,TX-200,NY,Supplier A,211,11,265,4.99,0.34
e5df565f-5b52-7cce-f95b-a2cbd694c806,2024-02-10,TX-300,NY,Supplier D,227,27,302,4.99,0.34
2df191b8-40e6-4a84-81a5-0e24eaf22e4c,2024-02-10,TX-400,NY,Supplier A,250,18,316,4.99,0.34
396043f7-3872-44dd-3678-35a61c5a9d67,2024-02-11,TX-100,IL,Supplier B,179,15,230,4.99,0.28
af33290c-5692-f595-5fc6-2ebd38218d1a,2024-02-11,TX-100,NY,Supplier B,194,11,242,4.99,0.28
b2a7e373-2cad-1e8a-b1b9-8adb2f7986a0,2024-02-11,TX-100,TX,Supplier B,217,19,279,4.99,0.28
f13aa212-3888-2514-4efb-a4b3d4c5ed90,2024-02-11,TX-200,IL,Supplier B,236,21,304,4.99,0.28
ee410eaa-9e03-fbf2-7547-f355e41946cb,2024-02-11,TX-300,TX,Supplier A,242,17,306,4.99,0.28
660716c5-a7e8-0fe4-a125-04808e4d9994,2024-02-11,TX-400,CA,Supplier B,238,16,302,4.99,0.28
3a3eecc4-e941-29fc-e922-d9282b5d60c9,2024-02-11,TX-400,FL,Supplier B,246,17,310,4.99,0.28
d82ced6b-b670-d0b9-15b4-6ddb7a2aec2f,2024-02-11,TX-400,NY,Supplier B,245,15,313,4.99,0.28
2d5056d0-f5de-a4d3-3ffb-3515f8f98ae6,2024-02-11,TX-500,IL,Supplier A,285,16,357,4.99,0.28
30511624-a095-f76b-cbb3-31f691dd0410,2024-02-12,TX-200,FL,Supplier D,249,15,316,4.99,0.25
4788e1f9-83f4-7c1a-faff-75fcfc8d4efb,2024-02-12,TX-200,NY,Supplier B,206,19,269,4.99,0.25
6863675a-ef87-c89f-5062-e31ab27cb5b7,2024-02-12,TX-300,FL,Supplier E,201,13,253,4.99,0.25
bb6af622-3b8f-e3fa-f0a2-7af9535c00bc,2024-02-12,TX-400,NY,Supplier A,225,18,288,4.99,0.25
1c7b6715-4bc5-909b-ba15-4042df6f62e8,2024-02-12,TX-400,TX,Supplier E,236,13,298,4.99,0.25
b5b5edf9-4d03-b162-3c4e-e333ef1c2685,2024-02-12,TX-500,IL,Supplier A,268,21,343,4.99,0.25
563ab4f5-5bd6-c79d-0f8c-ba22dd8db7df,2024-02-13,TX-100,NY,Supplier E,193,12,246,4.99,0.57
2e867659-fd95-0955-0da7-07a4fde0cb92,2024-02-13,TX-300,TX,Supplier C,208,18,269,4.99,0.57
33110206-5464-9658-6a03-22e1d53ec5e5,2024-02-13,TX-400,FL,Supplier B,248,26,330,4.99,0.57
cc03c95c-34e8-cf11-6825-d03a5685cc6a,2024-02-13,TX-400,IL,Supplier B,262,16,331,4.99,0.57
3f5be8b8-3c44-05d1-84fb-348009dd83f2,2024-02-13,TX-500,CA,Supplier E,273,23,348,4.99,0.57
f82f931b-848a-297a-1030-cc1820e7792f,2024-02-13,TX-500,FL,Supplier D,301,18,376,4.99,0.57
c6532815-bd64-1f14-4aa6-7a98c18d0ef2,2024-02-13,TX-500,TX,Supplier A,290,21,371,4.99,0.57
0a73f318-757c-5026-399e-fd07d4070f1e,2024-02-14,TX-100,NY,Supplier D,205,23,270,4.99,0.33
4f370196-28f1-eddb-95a5-cda090146ecb,2024-02-14,TX-200,FL,Supplier E,269,14,336,4.99,0.33
4672db49-e150-148d-c152-af0f947ce9fc,2024-02-14,TX-200,IL,Supplier A,219,16,280,4.99,0.33
87e2d528-168c-43fa-de8e-320bf21c379c,2024-02-14,TX-200,TX,Supplier E,224,8,276,4.99,0.33
b81f098e-7676-ce6e-d9d4-da43aaf92eac,2024-02-14,TX-300,CA,Supplier E,271,16,343,4.99,0.33
ca9956b8-4343-12f6-4aa2-97a3c040c2c2,2024-02-14,TX-300,NY,Supplier B,220,19,283,4.99,0.33
99d9104d-df38-5d5d-055b-86a4179c01ea,2024-02-14,TX-400,IL,Supplier B,259,23,335,4.99,0.33
41c5d384-9793-7408-4c7d-2400d029751a,2024-02-14,TX-500,CA,Supplier B,295,25,380,4.99,0.33
4ddbbd79-07a5-2cc1-ccc8-7d5df96826e7,2024-02-14,TX-500,NY,Supplier B,219,19,286,4.99,0.33
a637e678-6a60-4951-fafb-dfefb779dda6,2024-02-15,TX-100,CA,Supplier C,249,16,319,4.99,0.43
041ed0c1-2b97-cc82-d0da-c7b439cf9c18,2024-02-15,TX-100,NY,Supplier E,178,13,231,4.99,0.43
26f77097-9032-18a6-9cad-435fb0f7984b,2024-02-15,TX-300,CA,Supplier D,236,17,299,4.99,0.43
893e3b76-ade2-82ed-91da-f0963a1c88e7,2024-02-15,TX-300,FL,Supplier D,239,21,310,4.99,0.43
47cbc1bb-6e93-362d-bc4b-7691c1acc09d,2024-02-15,TX-300,IL,Supplier C,242,22,312,4.99,0.43
21307e2c-8214-c798-0d42-423b5ed05316,2024-02-15,TX-300,TX,Supplier E,240,18,306,4.99,0.43
61c43f0d-5047-802d-651c-c4c5f89f7461,2024-02-15,TX-400,CA,Supplier D,254,24,330,4.99,0.43
866c21b8-2d5f-20cf-1ba3-da3c367f6e01,2024-02-15,TX-400,FL,Supplier C,235,23,301,4.99,0.43
b2b97909-f3a5-e34c-4dea-9fd762603e0d,2024-02-15,TX-400,NY,Supplier E,194,12,241,4.99,0.43
5bccdc8c-ad93-14a3-0540-fcaf5a7d74bd,2024-02-15,TX-500,FL,Supplier C,304,29,387,4.99,0.43
430e5406-3b9f-a8a0-a6f7-3bbc80718f60,2024-02-15,TX-500,TX,Supplier A,274,24,350,4.99,0.43
f30fc09d-e7a9-c87c-7199-8511a9fd3c60,2024-02-16,TX-500,CA,Supplier A,256,18,324,4.99,0.2
5f40ab41-dea3-19f7-6471-72825219de3e,2024-02-16,TX-500,FL,Supplier A,298,21,377,4.99,0.2
f57337b9-f74f-79f2-2252-b37d99a4bb38,2024-02-16,TX-500,IL,Supplier A,267,25,348,4.99,0.2
3ef0d38b-e997-2cf7-1918-7a13d30e43a6,2024-02-16,TX-500,NY,Supplier E,247,11,307,4.99,0.2
92f549e7-ae5c-83f5-101f-73cf485041a9,2024-02-16,TX-500,TX,Supplier A,291,15,362,4.99,0.2
937b137e-09fd-8c8f-1cf1-2bab5e6ecdb8,2024-02-17,TX-100,IL,Supplier A,236,15,298,4.99,0.51
28323a85-0b4a-e9e8-5c5f-65b996c04a7d,2024-02-17,TX-200,CA,Supplier C,304,25,393,4.99,0.51
fb79a394-0389-0e17-525c-5fbbc03ce7ec,2024-02-17,TX-200,FL,Supplier C,224,19,285,4.99,0.51
fe9ceb57-390d-255c-49eb-b60025d79939,2024-02-17,TX-400,TX,Supplier D,234,15,300,4.99,0.51
a82b4d32-f4ab-3dd8-222b-471fa36c6208,2024-02-17,TX-500,FL,Supplier C,264,22,341,4.99,0.51
dc8ba3f3-9cd3-1c2a-6409-c6d69c92e4e3,2024-02-17,TX-500,IL,Supplier B,286,22,369,4.99,0.51
bb81284a-edbe-ef81-914d-e7507ecb5c7a,2024-02-18,TX-100,FL,Supplier A,204,14,259,4.99,0.59
3e12d060-bbf2-6a4d-b4f8-844f2bd5a912,2024-02-18,TX-100,IL,Supplier B,200,16,257,4.99,0.59
bcfcda3f-0842-5e7c-a591-fece1cea976d,2024-02-18,TX-100,NY,Supplier B,184,17,235,4.99,0.59
f0a8c408-587f-07b8-ce15-4cedebc3e57d,2024-02-18,TX-200,TX,Supplier C,282,15,349,4.99,0.59
5c19c520-498d-f6b5-8126-b7b9d8bc761a,2024-02-18,TX-300,NY,Supplier D,200,17,256,4.99,0.59
84de0cdb-5d30-baba-6ac8-9018555d6e07,2024-02-18,TX-400,FL,Supplier B,277,17,353,4.99,0.59
d890ced9-bec4-0297-0176-328bfff2adcf,2024-02-18,TX-400,TX,Supplier D,290,17,361,4.99,0.59
87a35a08-1203-8fde-6909-5b2b8b0b2772,2024-02-18,TX-500,IL,Supplier A,274,21,349,4.99,0.59
1a02e82e-075e-3aae-7d50-5575cb07c581,2024-02-18,TX-500,NY,Supplier E,280,12,344,4.99,0.59
8e01df76-b4a2-8a94-18c6-59f7234c66b4,2024-02-18,TX-500,TX,Supplier D,320,23,406,4.99,0.59
eb5f926f-9c7e-e9a7-8026-770dc6fb5304,2024-02-19,TX-200,IL,Supplier A,244,14,305,4.99,0.42
e42a011f-add9-69e3-d55d-077774479a66,2024-02-19,TX-300,CA,Supplier B,296,20,382,4.99,0.42
1902fa1f-c407-cbb9-9f65-a40ee33325db,2024-02-19,TX-300,TX,Supplier E,258,15,323,4.99,0.42
b7f13023-1442-9b01-2114-94466584be68,2024-02-19,TX-400,CA,Supplier D,256,19,323,4.99,0.42
b1f85a7f-0418-0a09-4a7e-e9367905bbe8,2024-02-19,TX-400,TX,Supplier D,235,23,302,4.99,0.42
3c7696c1-d02a-f8f7-579f-966daf95492a,2024-02-19,TX-500,NY,Supplier C,223,18,284,4.99,0.42
a0036351-9284-3e47-81be-58368cb67560,2024-02-20,TX-100,TX,Supplier D,240,20,310,4.99,0.4
269246e6-09da-13f4-767a-1befad48dc4d,2024-02-20,TX-400,IL,Supplier E,238,17,301,4.99,0.4
58368a2e-23e3-9dd2-d8e0-bf4dd75bc3f2,2024-02-20,TX-400,NY,Supplier C,225,18,284,4.99,0.4
1f50daaa-7f10-3055-b7b5-41a17e0caf64,2024-02-20,TX-500,CA,Supplier A,344,22,427,4.99,0.4
54648ab8-9d3e-c215-ee48-1b9d0124ee98,2024-02-20,TX-500,IL,Supplier D,242,23,309,4.99,0.4
320b76d1-268d-6591-0146-7604d6ec6a86,2024-02-21,TX-400,IL,Supplier A,247,15,313,4.99,0.94
844960fd-f1d1-2be5-6001-26ccc4a481b6,2024-02-22,TX-100,CA,Supplier E,229,5,278,4.99,0.05
a632d349-0924-eabc-ec34-6062a78b949f,2024-02-22,TX-100,FL,Supplier A,204,15,259,4.99,0.05
f21d2bc0-dbfc-f750-46de-0dc413902d8e,2024-02-22,TX-100,NY,Supplier E,222,11,277,4.99,0.05
acf66d2d-fb43-35fb-8bfa-343d96c1ad35,2024-02-22,TX-200,NY,Supplier D,232,20,299,4.99,0.05
c13c0c74-3b60-716f-d82d-98e4ab4ca157,2024-02-22,TX-300,NY,Supplier A,227,8,280,4.99,0.05
8c09dc72-bce4-001f-44a4-25285ad21a8f,2024-02-22,TX-400,CA,Supplier B,288,28,381,4.99,0.05
da9f672b-756c-8d03-d526-2ea408a3c590,2024-02-22,TX-500,TX,Supplier A,293,15,365,4.99,0.05
170ee373-a65f-5a6d-b4b8-4f94933611d7,2024-02-23,TX-100,NY,Supplier E,201,11,253,4.99,0.33
1d50c1d4-52ab-a07c-11bd-f3a43219c836,2024-02-23,TX-300,CA,Supplier A,229,10,282,4.99,0.33
501c80a5-4c71-95ae-01f4-24b1b1a79004,2024-02-23,TX-300,FL,Supplier B,264,23,336,4.99,0.33
c92b723d-5ba8-f3cf-fff4-7ea2ca896a22,2024-02-23,TX-300,IL,Supplier B,246,24,315,4.99,0.33
2af3c1e6-71ba-11c7-3fd2-9bd524b4437b,2024-02-23,TX-400,NY,Supplier D,200,17,256,4.99,0.33
338e3a28-fc37-0d76-cf0a-a9047ecf0cfa,2024-02-23,TX-400,TX,Supplier A,287,13,358,4.99,0.33
503fc28a-47d9-eb86-2e76-93c280d9e23b,2024-02-23,TX-500,CA,Supplier E,324,23,408,4.99,0.33
bdd5a980-f164-64c0-d635-9e4447b95d15,2024-02-23,TX-500,FL,Supplier D,239,31,319,4.99,0.33
98b4bda0-b215-0d3e-b315-2bd402ee8870,2024-02-24,TX-100,CA,Supplier C,262,27,345,4.99,0.52
c4b38833-15cf-8569-0927-47723336be92,2024-02-24,TX-100,IL,Supplier B,236,19,301,4.99,0.52
45ba193a-a8ac-cd8d-59da-3c2d0ffd7fa4,2024-02-24,TX-200,CA,Supplier D,244,26,318,4.99,0.52
49f0bc7b-8ac6-af88-2b42-80ab2bfe1927,2024-02-24,TX-200,FL,Supplier D,225,25,296,4.99,0.52
02cd7148-8ee6-c596-5a9d-be65c7de81a4,2024-02-24,TX-200,TX,Supplier A,259,22,330,4.99,0.52
b6ee6afa-005a-3278-23ce-bf1370875ddb,2024-02-24,TX-300,CA,Supplier D,298,41,405,4.99,0.52
52c3bcf5-916b-8c55-3b8c-cad4e05315db,2024-02-24,TX-300,NY,Supplier C,243,22,315,4.99,0.52
1a753b52-f563-f119-b138-89d011bb5472,2024-02-24,TX-400,CA,Supplier D,285,19,363,4.99,0.52
0b8cab35-6b3c-01ec-ee48-1903cb75e3a0,2024-02-24,TX-500,CA,Supplier A,307,31,399,4.99,0.52
f4497078-3258-7c63-4a15-e1ed1f09b0ce,2024-02-25,TX-200,IL,Supplier C,273,27,351,4.99,0.6
4bead4ab-17c2-16ef-8911-cf0c31bb025a,2024-02-25,TX-300,CA,Supplier A,280,22,355,4.99,0.6
77a5a75d-b47e-53cf-e239-37d822c0748f,2024-02-25,TX-300,FL,Supplier D,243,23,315,4.99,0.6
bf03d767-d92e-10e8-b374-ca85b5699602,2024-02-25,TX-300,IL,Supplier B,238,19,303,4.99,0.6
10c3bbc1-ac2f-14e4-abac-2ae28a804413,2024-02-25,TX-300,TX,Supplier E,250,16,314,4.99,0.6
ad03e3b9-7b66-ab75-3272-ab55fcd2a755,2024-02-25,TX-400,TX,Supplier A,283,14,353,4.99,0.6
befc2eb1-0876-ee5b-74bb-ca34e8a4154d,2024-02-25,TX-500,NY,Supplier A,265,9,325,4.99,0.6
21711ed1-c9bb-d350-cdff-a59be51115d4,2024-02-25,TX-500,TX,Supplier A,287,10,354,4.99,0.6
64393994-5347-e414-8f6b-cc4e961cc757,2024-02-26,TX-200,IL,Supplier A,248,15,314,4.99,0.04
3cbc04c8-a346-a91b-d6d6-1d503f6c90c3,2024-02-26,TX-300,TX,Supplier D,240,12,299,4.99,0.04
6d3676b1-4148-7909-e717-b880954fde63,2024-02-26,TX-400,TX,Supplier A,307,20,387,4.99,0.04
ac27233e-1715-4948-d0dc-399c76803f7e,2024-02-26,TX-500,CA,Supplier E,350,22,441,4.99,0.04
855896e9-50e3-f4c4-f95c-2292ab564366,2024-02-26,TX-500,FL,Supplier C,281,14,349,4.99,0.04
599fd6b0-a730-07fc-27fc-1547e87d5467,2024-02-26,TX-500,NY,Supplier C,253,18,325,4.99,0.04
296faf56-031d-7240-279f-2200532cc36c,2024-02-27,TX-100,IL,Supplier A,241,16,304,4.99,0.24
f2a6e54c-71a5-b16e-47f5-a1166fa8fcee,2024-02-27,TX-100,TX,Supplier E,279,16,350,4.99,0.24
e7642f9b-6c57-5b1f-1e0e-e46cb4ff54c8,2024-02-27,TX-200,IL,Supplier E,206,9,253,4.99,0.24
29b2aadb-61ba-febe-d4b1-be6480ce8e40,2024-02-27,TX-300,FL,Supplier B,230,21,294,4.99,0.24
953f4738-6a38-0d76-f4e3-6dd4d4c808e1,2024-02-27,TX-400,CA,Supplier E,303,8,372,4.99,0.24
a7afdfd3-02a8-ff04-603e-db107bc40bc9,2024-02-27,TX-400,FL,Supplier A,291,16,370,4.99,0.24
fe8aab98-030e-a857-eea7-1d1a027815c8,2024-02-27,TX-500,CA,Supplier E,305,24,392,4.99,0.24
6f94e5cb-e0d1-7b02-6bd3-5943c87695a0,2024-02-27,TX-500,FL,Supplier A,283,16,359,4.99,0.24
25403288-1a64-b044-2b22-096d93880945,2024-02-27,TX-500,NY,Supplier D,278,16,345,4.99,0.24
ea374e6a-9273-8d7a-9819-4b93f8207406,2024-02-28,TX-100,NY,Supplier E,219,9,273,4.99,0.05
e3ec455f-3685-6abe-f3d9-6e76073e1919,2024-02-28,TX-300,CA,Supplier C,287,24,368,4.99,0.05
7a3c66c2-fc8f-e811-688a-d30a6352d80e,2024-02-28,TX-300,IL,Supplier D,264,17,329,4.99,0.05
86c1d42c-0eb2-ae0c-5e04-b473111909c7,2024-02-28,TX-300,NY,Supplier E,204,9,258,4.99,0.05
158f770b-7837-8a60-3d44-c223c6989df0,2024-02-28,TX-500,CA,Supplier E,270,12,334,4.99,0.05
ba48a2fa-adfd-1eeb-6bb6-e1df97e722ae,2024-02-29,TX-200,TX,Supplier C,268,18,335,4.99,0.01
95f558c8-3183-c78e-1481-c3c410217a2a,2024-02-29,TX-400,CA,Supplier D,253,26,330,4.99,0.01
916ca657-d32d-e3cc-b485-f1ae23b7e34d,2024-02-29,TX-500,IL,Supplier B,308,24,389,4.99,0.01
4c064d02-4018-1696-c0df-829fa8824824,2024-03-01,TX-100,CA,Supplier D,242,21,310,5.21,0.32
7a00065b-abc5-e09f-73e0-6737a4b6c01f,2024-03-01,TX-200,CA,Supplier C,314,26,404,5.21,0.32
15fa0f3f-3c3e-7f05-54b2-69cc732cdb0c,2024-03-01,TX-300,CA,Supplier B,259,25,339,5.21,0.32
e0934490-af24-cc87-f5d0-d98dc4bc2edb,2024-03-01,TX-400,FL,Supplier B,300,17,376,5.21,0.32
641fe623-8a7c-8afe-7bb0-ceae89c57498,2024-03-01,TX-500,NY,Supplier D,240,17,307,5.21,0.32
bf1ea8ea-baf2-dd55-e497-8d2d45eecc6d,2024-03-01,TX-500,TX,Supplier E,287,12,356,5.21,0.32
b278d418-69d3-a738-5e14-32f35709d2cb,2024-03-02,TX-300,TX,Supplier E,233,15,296,5.21,0.41
54a34efb-3dd3-289b-e53b-7c34f9e9c2fb,2024-03-02,TX-400,CA,Supplier A,290,25,380,5.21,0.41
401f8d2b-094a-0e5f-c480-a39a872fa5cf,2024-03-02,TX-400,IL,Supplier C,229,12,283,5.21,0.41
a32b2337-3cef-2101-ffdb-be65201af047,2024-03-02,TX-400,TX,Supplier B,247,33,331,5.21,0.41
3be17b7e-8bb0-7e15-31a9-dde157d7852a,2024-03-03,TX-100,NY,Supplier E,223,10,277,5.21,0.86
fd508edd-0353-dc29-b4e0-013a2cf38ddd,2024-03-03,TX-200,NY,Supplier C,263,19,332,5.21,0.86
deeb043f-296a-9cc2-b22a-94d22862c0ae,2024-03-03,TX-400,NY,Supplier E,256,9,315,5.21,0.86
c2af4379-3d1a-705d-75af-cb00438f9bff,2024-03-03,TX-500,NY,Supplier C,229,13,293,5.21,0.86
8d8c75de-6ab4-dfb5-29b2-a66e6f2aa6e1,2024-03-03,TX-500,TX,Supplier C,308,20,389,5.21,0.86
3252f93e-1edd-0084-9064-46fe3197411d,2024-03-04,TX-100,IL,Supplier D,246,28,327,5.21,0.01
b17847ce-9ddc-385c-ab22-6ac10c9d1180,2024-03-04,TX-100,TX,Supplier A,230,18,297,5.21,0.01
5c946419-9dc3-cf65-188b-0e64f0c8df01,2024-03-04,TX-300,IL,Supplier C,221,18,281,5.21,0.01
1a996294-08a3-0f3c-c666-be2bd1047780,2024-03-04,TX-500,NY,Supplier A,297,20,377,5.21,0.01
6bf0ee9f-30f7-35b6-22e5-b787c5a3d8b3,2024-03-04,TX-500,TX,Supplier A,312,22,399,5.21,0.01
559986a7-4957-5901-4224-df24082b7309,2024-03-05,TX-200,FL,Supplier A,285,19,356,5.21,0.72
8881fd39-1578-e8a6-3690-01ff3b1d3cea,2024-03-05,TX-200,IL,Supplier B,282,25,364,5.21,0.72
9d340408-25e9-56b2-3ecf-c8e0d44022ef,2024-03-05,TX-200,NY,Supplier D,266,18,338,5.21,0.72
de381a87-20bc-508b-a497-b75bc054574e,2024-03-05,TX-300,CA,Supplier B,250,18,319,5.21,0.72
9d128c22-7b92-2671-d698-9a80478af0b8,2024-03-05,TX-300,FL,Supplier C,232,17,293,5.21,0.72
bcd493f9-9e5e-b377-a724-0c478187c0d4,2024-03-05,TX-300,NY,Supplier D,258,13,330,5.21,0.72
f42ca0f1-46a2-019a-e162-2220e174fce8,2024-03-05,TX-500,FL,Supplier E,305,16,378,5.21,0.72
7f79f28e-30fb-0a5e-c6db-734d7ee938f5,2024-03-06,TX-100,CA,Supplier C,266,25,342,5.21,0.46
357fad26-9445-08a7-77a1-d67e9f95145e,2024-03-06,TX-300,TX,Supplier E,245,11,301,5.21,0.46
9746c490-36f1-e111-d490-b979d44cd618,2024-03-06,TX-400,FL,Supplier E,255,22,329,5.21,0.46
c3e8672c-674e-7494-8f3b-4fb7665ae789,2024-03-06,TX-400,NY,Supplier A,238,21,312,5.21,0.46
897c2439-908b-2365-121d-963197cb9629,2024-03-06,TX-400,TX,Supplier A,252,21,317,5.21,0.46
cc0ae7e2-bd89-2bc9-394f-9a3650b80453,2024-03-07,TX-100,CA,Supplier C,257,17,325,5.21,0.59
12771ca4-0b01-de47-5b8f-afbdd3e3e3d1,2024-03-07,TX-100,TX,Supplier B,244,13,305,5.21,0.59
c5d6afa8-9bc0-32ad-7e0b-7aa9fb684a3d,2024-03-07,TX-200,CA,Supplier E,302,11,377,5.21,0.59
dffc11f9-6b01-eb12-bbe4-0dc7c4dd998c,2024-03-07,TX-200,FL,Supplier E,300,15,373,5.21,0.59
c9e79bcc-647a-1280-6513-b917943c95f2,2024-03-07,TX-200,IL,Supplier B,268,16,343,5.21,0.59
7884574f-340f-1cd8-aebd-29033db7f9d7,2024-03-07,TX-200,NY,Supplier C,247,13,308,5.21,0.59
0416fc21-bb9a-07f6-f700-d5364e8ba089,2024-03-07,TX-300,FL,Supplier D,284,35,380,5.21,0.59
fedb7766-32eb-607a-38d6-fca6748040f2,2024-03-07,TX-300,NY,Supplier A,228,16,294,5.21,0.59
20de8979-4a6e-162c-5cd7-f2cfc22f3019,2024-03-07,TX-300,TX,Supplier B,260,23,332,5.21,0.59
71151d25-a20b-57fe-65f4-f141d635bd6d,2024-03-07,TX-400,FL,Supplier E,312,21,404,5.21,0.59
066a9aea-b57f-7eb8-acac-29a98c775639,2024-03-07,TX-400,TX,Supplier D,270,24,347,5.21,0.59
07aab2aa-d012-df63-b9a0-3c82840d5779,2024-03-08,TX-100,IL,Supplier A,265,11,331,5.21,0.15
d293318f-75f3-7e98-2eb3-2ed71c7c1405,2024-03-08,TX-200,NY,Supplier D,270,24,351,5.21,0.15
839501da-2abb-a1b2-2b93-cac58641d7b0,2024-03-08,TX-200,TX,Supplier D,264,21,336,5.21,0.15
c3235f07-c470-2bad-0657-e5425e4313ac,2024-03-08,TX-300,CA,Supplier C,261,19,334,5.21,0.15
009fef80-42d2-beb0-f5b9-4894f28a0e22,2024-03-08,TX-300,FL,Supplier D,291,24,377,5.21,0.15
f39e801a-c455-cb8a-2978-fb5b1dac608e,2024-03-08,TX-400,CA,Supplier B,326,25,411,5.21,0.15
bf771c68-c768-135e-09b5-d5ad01b9ecf9,2024-03-08,TX-400,IL,Supplier D,260,12,330,5.21,0.15
142522c2-146b-1bb4-498e-88fd93b48fb5,2024-03-08,TX-500,NY,Supplier C,248,21,323,5.21,0.15
dd7efb7e-3e98-5ff7-67b7-1f7569e328da,2024-03-08,TX-500,TX,Supplier A,346,25,449,5.21,0.15
25ea759a-64c4-c2d2-b633-1a96758f66b6,2024-03-09,TX-200,CA,Supplier C,322,17,407,5.21,0.8
8b186d6f-4a92-fc95-9bdc-b38d0a119b36,2024-03-09,TX-200,FL,Supplier E,270,13,334,5.21,0.8
ea91a12f-be1a-2bbf-bbce-ac640ade4118,2024-03-09,TX-200,TX,Supplier A,291,13,362,5.21,0.8
27d2765b-0975-8fa2-b334-2a2a10871b50,2024-03-09,TX-300,IL,Supplier D,220,17,278,5.21,0.8
807c42a2-3b47-d0fd-eea4-46e689ef8436,2024-03-09,TX-300,TX,Supplier D,284,21,361,5.21,0.8
aed64b61-1609-1bee-5841-f44a0b711b1d,2024-03-09,TX-400,NY,Supplier B,235,15,294,5.21,0.8
e44fd550-5d15-9612-0be8-e8429a59d902,2024-03-09,TX-500,FL,Supplier B,281,21,360,5.21,0.8
4ad734d4-732d-b24e-0f2c-7a286f72a5a7,2024-03-09,TX-500,IL,Supplier B,265,20,337,5.21,0.8
0c046128-9195-2c7d-0221-4a066615d60f,2024-03-09,TX-500,NY,Supplier E,250,8,310,5.21,0.8
0c75761a-4e78-82be-3455-19272d141407,2024-03-10,TX-300,FL,Supplier C,279,21,355,5.21,0.38
ed2501ba-f07a-b2bc-e275-ee9dc48f7ee7,2024-03-10,TX-400,TX,Supplier A,286,16,355,5.21,0.38
116bb6da-ce1d-3915-7ec7-dbc84a19fd9c,2024-03-10,TX-500,FL,Supplier D,313,19,393,5.21,0.38
e06cbe3c-9b5e-7f77-85de-5ca98d6cdd11,2024-03-11,TX-100,CA,Supplier D,271,23,354,5.21,0.41
1ae930a4-5bea-a567-bd83-db849fa67e61,2024-03-11,TX-100,IL,Supplier C,203,17,259,5.21,0.41
0a3cac1d-db12-f01f-2654-18661807ca7e,2024-03-11,TX-100,NY,Supplier E,222,12,278,5.21,0.41
6d760b0c-8e65-ed07-79fd-40bd69e96886,2024-03-11,TX-200,IL,Supplier C,285,23,371,5.21,0.41
caabef91-d193-02ae-7311-92fcf38abe5b,2024-03-11,TX-200,NY,Supplier A,278,19,345,5.21,0.41
3bbf48f8-944b-c157-0606-2758ab739059,2024-03-11,TX-300,FL,Supplier D,231,19,294,5.21,0.41
7e6be22c-018a-e266-0d57-d2bbf7944cfe,2024-03-11,TX-300,IL,Supplier C,250,13,313,5.21,0.41
fcb3b5f8-052a-623d-47cd-1653587791fa,2024-03-11,TX-300,NY,Supplier A,223,20,290,5.21,0.41
32dd8ca5-0eab-c9d3-5795-8b12bc0fb230,2024-03-11,TX-400,FL,Supplier D,260,16,319,5.21,0.41
68b68aa0-b499-4cd4-aee1-f06d45f4f092,2024-03-11,TX-400,TX,Supplier D,295,26,383,5.21,0.41
475a66d4-29f1-28d6-c6e4-848667342642,2024-03-11,TX-500,TX,Supplier B,310,16,388,5.21,0.41
ef688059-6dc9-ef84-e6b9-ccf0e2b13bb1,2024-03-12,TX-100,FL,Supplier C,274,28,356,5.21,0.57
1a5d6f7f-51c6-3c96-ed17-79490bc0f16d,2024-03-12,TX-100,IL,Supplier C,233,16,298,5.21,0.57
b19190ae-0b49-6bcb-fe2b-dbf0876b7726,2024-03-12,TX-200,FL,Supplier C,246,9,308,5.21,0.57
634387d5-b7b0-499f-5beb-85de4c10c744,2024-03-12,TX-200,IL,Supplier A,251,15,314,5.21,0.57
6260846e-21f9-3a61-633d-6d882443097e,2024-03-12,TX-200,NY,Supplier C,206,13,256,5.21,0.57
8fd6e75a-71f7-3a05-364c-424ee1d35085,2024-03-12,TX-300,FL,Supplier C,276,23,353,5.21,0.57
fcdc256c-ef70-e375-edb6-5b6eae2a3332,2024-03-12,TX-300,IL,Supplier A,242,14,304,5.21,0.57
94933171-9fcf-e643-a415-e17cc2790216,2024-03-12,TX-300,NY,Supplier C,242,29,314,5.21,0.57
29fffe26-18a7-d86f-2600-690f7a5b6b47,2024-03-12,TX-300,TX,Supplier B,300,15,373,5.21,0.57
2658a536-c6ac-06ec-50a3-a8f3328d07f2,2024-03-12,TX-500,IL,Supplier A,323,18,407,5.21,0.57
ca822da5-8786-848d-f4cd-12c67199e100,2024-03-13,TX-100,CA,Supplier A,312,24,392,5.21,0.26
2fa064df-a990-9e40-28e8-78d6cc8739ce,2024-03-13,TX-200,CA,Supplier C,295,15,371,5.21,0.26
19366993-37b2-37b3-999b-35f00ab2df50,2024-03-13,TX-200,IL,Supplier C,289,21,368,5.21,0.26
902c94d0-467b-d7ce-4cae-419fa52830f4,2024-03-13,TX-200,NY,Supplier E,254,15,317,5.21,0.26
98546f04-b9e2-bce4-9343-780ea570bf63,2024-03-13,TX-300,FL,Supplier B,287,23,368,5.21,0.26
e0eed59f-0e20-f455-9ab0-259eed97612b,2024-03-13,TX-300,IL,Supplier E,229,9,284,5.21,0.26
0f140873-ddd8-8f93-e844-92da5770d483,2024-03-13,TX-300,NY,Supplier D,232,21,297,5.21,0.26
43418aae-c876-f0a6-3f5f-e6a92ad37db9,2024-03-13,TX-300,TX,Supplier D,238,21,307,5.21,0.26
f6f0dcb9-08bf-85cc-2091-44c5596c74fc,2024-03-13,TX-400,IL,Supplier E,246,12,306,5.21,0.26
87247d2e-2966-b6fe-e140-c0bbff83cecf,2024-03-13,TX-500,FL,Supplier A,309,23,391,5.21,0.26
79b46ec1-ee40-3041-4b00-95af09989172,2024-03-14,TX-100,IL,Supplier A,220,20,287,5.21,0.44
1e531991-2e03-f1de-14b9-f306177a730d,2024-03-14,TX-100,TX,Supplier A,250,14,314,5.21,0.44
9f6d4825-8238-ba4c-7469-60af6c582cba,2024-03-14,TX-200,TX,Supplier E,278,13,350,5.21,0.44
7c44cd63-9b2f-e38a-ca7c-d8043140c50c,2024-03-14,TX-300,FL,Supplier E,244,13,303,5.21,0.44
cae1bbec-71a4-ba4a-16d8-69f62d814b5d,2024-03-14,TX-300,IL,Supplier D,234,20,299,5.21,0.44
d7acaa87-fb15-a7ba-b565-377a4f0e44ed,2024-03-14,TX-300,NY,Supplier A,268,15,338,5.21,0.44
e7ca56c4-d0f0-605b-43f5-2920aab730da,2024-03-14,TX-400,CA,Supplier A,354,21,445,5.21,0.44
edd77717-502d-ae3d-0446-296294029890,2024-03-14,TX-400,TX,Supplier E,322,19,411,5.21,0.44
ce2d0994-1b01-c578-9471-e13ae375bedc,2024-03-14,TX-500,NY,Supplier C,279,22,357,5.21,0.44
72744818-ca44-a87b-b8e1-a8352b3c3d6f,2024-03-15,TX-100,CA,Supplier A,298,23,377,5.21,0.13
8a4b94f6-c20e-d1d9-2ff4-4a17ece1e836,2024-03-15,TX-100,TX,Supplier E,288,15,363,5.21,0.13
9d073403-0deb-0de5-60d4-ee673b2d9a62,2024-03-15,TX-200,CA,Supplier A,270,16,341,5.21,0.13
667f6523-eb87-3860-b477-55cbb20014ba,2024-03-15,TX-200,TX,Supplier D,248,18,315,5.21,0.13
29ddfe75-5fbf-bf5a-f856-f526c79ee585,2024-03-15,TX-300,NY,Supplier D,261,30,346,5.21,0.13
ab8664b4-1d01-d845-3965-934437420bee,2024-03-15,TX-400,NY,Supplier E,281,21,362,5.21,0.13
e5f372c9-95f9-4a97-409d-2d0bdbbe03fb,2024-03-15,TX-400,TX,Supplier A,283,17,360,5.21,0.13
112a642a-91eb-84b7-abd5-63a29a65b6f2,2024-03-15,TX-500,NY,Supplier D,234,14,293,5.21,0.13
7ec2f9f9-e7c4-4d90-2172-59a61e78bf8a,2024-03-16,TX-100,CA,Supplier B,306,25,386,5.21,0.7
4b29feca-7706-dd79-382b-c29eacc484ff,2024-03-16,TX-100,IL,Supplier E,225,12,284,5.21,0.7
0927412f-7871-ead2-ff0c-19acf0ea0762,2024-03-16,TX-200,CA,Supplier A,308,20,388,5.21,0.7
1ba5a6db-2077-11b4-2b28-56afe9122f9f,2024-03-16,TX-200,TX,Supplier A,310,19,389,5.21,0.7
679a3935-6fc4-e787-4e2f-de58ac1f8d70,2024-03-16,TX-300,FL,Supplier A,260,12,324,5.21,0.7
2d311dbc-5e1c-f4d2-6c6c-eeb83a271e10,2024-03-16,TX-400,CA,Supplier B,318,30,410,5.21,0.7
9f6f117e-a460-d19d-0436-5e96d38e156b,2024-03-16,TX-400,IL,Supplier E,288,16,367,5.21,0.7
b3a129d9-b017-1976-6739-0a2cc9ed8f01,2024-03-16,TX-400,NY,Supplier D,258,27,343,5.21,0.7
8f656423-4458-66e7-8336-4f2190ba865d,2024-03-16,TX-400,TX,Supplier B,258,28,340,5.21,0.7
c6509906-8f40-273d-f87f-063ef6a614ee,2024-03-17,TX-100,CA,Supplier A,309,23,392,5.21,0.1
a4e81095-1903-1dd7-e6d7-101fc5fa7b48,2024-03-17,TX-100,NY,Supplier D,246,23,313,5.21,0.1
079d7578-fd0f-6e7f-2d5c-dd9006a57cf5,2024-03-17,TX-200,TX,Supplier C,320,22,412,5.21,0.1
56a0c0fd-7490-dc66-93ae-9e42bb0304ac,2024-03-17,TX-400,IL,Supplier B,274,17,347,5.21,0.1
c1fb03de-f84d-c6e8-ea12-a59344d4bbc3,2024-03-17,TX-500,IL,Supplier C,253,12,317,5.21,0.1
dd3e1125-5ee2-c712-4d6d-b639c4e2abff,2024-03-17,TX-500,NY,Supplier B,261,17,328,5.21,0.1
dae2ce12-aec7-605d-f039-dcf95df7f5a4,2024-03-18,TX-100,CA,Supplier A,280,21,357,5.21,0.28
d3ea78f1-d1c4-3ea7-977d-9b9e3cbe7c67,2024-03-18,TX-500,CA,Supplier C,343,22,430,5.21,0.28
1bc72929-e779-c714-cd38-8f3f17f9edca,2024-03-19,TX-100,CA,Supplier B,303,21,385,5.21,0.22
f31f3c91-fcd3-e115-e60c-09c89bc26408,2024-03-19,TX-100,FL,Supplier A,227,12,284,5.21,0.22
a9ff9791-bfcf-b485-63ff-5e077bc8d27f,2024-03-19,TX-100,NY,Supplier A,217,15,277,5.21,0.22
6e2784a7-05f2-f068-1914-8db6c0a3a49e,2024-03-19,TX-200,IL,Supplier A,277,21,352,5.21,0.22
90e451b0-6803-1ef6-177e-33b2949b3131,2024-03-19,TX-400,FL,Supplier C,246,29,324,5.21,0.22
e1e852a3-b682-34fe-e1fa-200776d3035d,2024-03-19,TX-400,NY,Supplier A,291,17,363,5.21,0.22
c6f60671-8b35-1978-8f9c-6e3d8613101a,2024-03-19,TX-500,IL,Supplier D,256,25,329,5.21,0.22
3bb36ce7-b22a-64e6-3799-b82ba464e8f8,2024-03-20,TX-100,FL,Supplier E,226,5,277,5.21,0.13
d28d2679-be77-f626-8794-ddac72b85aa4,2024-03-20,TX-100,NY,Supplier A,220,15,281,5.21,0.13
3c866ed1-b0e0-2c46-5258-5f74c0ff6198,2024-03-20,TX-300,IL,Supplier D,285,25,364,5.21,0.13
2d687fe2-9ccb-2c07-3c76-5b98c1d0deaf,2024-03-20,TX-300,NY,Supplier A,220,14,277,5.21,0.13
06ff4616-0abf-e695-8e4e-da59e1dc11c0,2024-03-20,TX-400,CA,Supplier A,296,24,374,5.21,0.13
ea262090-b17c-2213-e1ac-3d5ee93adbdc,2024-03-20,TX-400,FL,Supplier B,301,20,378,5.21,0.13
6b7007e2-2426-7d43-9516-04204306e944,2024-03-21,TX-200,FL,Supplier D,284,22,360,5.21,0.55
aa89c46e-eae8-ff7c-c928-8eabe6e9439d,2024-03-21,TX-200,NY,Supplier E,264,16,332,5.21,0.55
ff10dac8-d37d-970c-c9cf-05b686acb459,2024-03-21,TX-300,FL,Supplier C,291,21,375,5.21,0.55
320f744d-42f8-7d74-8c6f-25dc3197a3c0,2024-03-21,TX-300,TX,Supplier C,279,28,360,5.21,0.55
1ef5a94f-dcd2-fff4-4926-887b94994e6e,2024-03-21,TX-400,TX,Supplier A,296,21,373,5.21,0.55
2b6e0c07-4fc1-bd03-6896-fdb9ec0bbe66,2024-03-22,TX-200,CA,Supplier A,298,20,373,5.21,0.2
df1a6156-5852-0ba8-379d-84bee75f82a4,2024-03-22,TX-200,IL,Supplier D,283,29,374,5.21,0.2
01264aae-2e06-c923-779f-5e743efa30ac,2024-03-22,TX-300,IL,Supplier C,223,27,296,5.21,0.2
ff71e3f1-6f3c-1f6f-46ff-ba6c16c04a89,2024-03-22,TX-400,CA,Supplier A,303,22,382,5.21,0.2
62c981f5-2eda-d05f-35c2-f3fa8efea06c,2024-03-22,TX-400,IL,Supplier E,262,15,328,5.21,0.2
18df72a3-305a-485a-1e62-c68a167264c8,2024-03-22,TX-400,TX,Supplier C,325,30,422,5.21,0.2
22be95a8-813c-46d5-e403-54d7389f736e,2024-03-22,TX-500,CA,Supplier D,343,43,453,5.21,0.2
fc50e09e-c911-133b-306c-0e5b54c05392,2024-03-22,TX-500,FL,Supplier B,305,23,391,5.21,0.2
a7b7ba71-325a-0679-3dcc-b55a0111d3f8,2024-03-22,TX-500,IL,Supplier C,264,28,343,5.21,0.2
d0d47223-0907-8471-3604-4c225c988738,2024-03-23,TX-100,FL,Supplier E,278,11,344,5.21,0.75
81381654-7860-c08b-cf19-188cbdbf75fd,2024-03-23,TX-200,NY,Supplier E,218,11,273,5.21,0.75
1bc5fe63-3202-c9af-d644-5729e5acc117,2024-03-23,TX-300,CA,Supplier D,256,23,332,5.21,0.75
52b334a5-894f-a162-e1db-f8845cc1dc59,2024-03-23,TX-400,CA,Supplier E,365,17,453,5.21,0.75
5ed0aace-8e5b-b533-ef5b-5acd3e57a6c7,2024-03-23,TX-500,CA,Supplier C,333,18,422,5.21,0.75
001f8213-10a2-8d46-23f1-6c7e7343c6d4,2024-03-23,TX-500,FL,Supplier B,289,17,358,5.21,0.75
5dec2d3e-114d-9f64-5e47-695d4f882126,2024-03-23,TX-500,NY,Supplier C,245,22,313,5.21,0.75
98954c27-db4d-2f6a-7cb5-20ab5ee36eb3,2024-03-24,TX-100,NY,Supplier A,249,15,310,5.21,0.28
09b98ac8-3592-56a2-54cf-eb483060aeb2,2024-03-24,TX-200,FL,Supplier A,250,16,314,5.21,0.28
13f73de6-6793-7a68-e72e-6d8f39f71dec,2024-03-24,TX-300,TX,Supplier D,300,16,375,5.21,0.28
114722bd-34e3-1552-8578-e72cbf7cfd16,2024-03-24,TX-500,TX,Supplier D,362,29,466,5.21,0.28
76a4ace0-297f-76a4-6c3a-62b30aca8f88,2024-03-25,TX-100,FL,Supplier C,278,25,358,5.21,0.97
e7ae76d0-7de7-d73e-d910-3af0aa96e636,2024-03-25,TX-100,IL,Supplier D,242,24,313,5.21,0.97
f634308e-efdb-048c-f63a-30ab1324a64c,2024-03-25,TX-200,CA,Supplier A,340,27,440,5.21,0.97
48cea63a-dcc0-edf2-a802-de78a49d61b9,2024-03-25,TX-300,CA,Supplier E,333,12,404,5.21,0.97
12145a68-c19b-f806-fffd-4daea2be9ad5,2024-03-25,TX-400,NY,Supplier E,233,14,290,5.21,0.97
db34558f-c0d3-c4df-2467-fe1df7725f4c,2024-03-25,TX-400,TX,Supplier B,310,24,402,5.21,0.97
c99062ec-a5f9-1d1c-cd33-446d621a920a,2024-03-25,TX-500,FL,Supplier A,330,28,426,5.21,0.97
f2ac7fcd-6093-798a-0fde-887bf582f0c6,2024-03-25,TX-500,IL,Supplier D,261,24,332,5.21,0.97
06b24178-af0d-3e91-f461-6dfb098689aa,2024-03-25,TX-500,NY,Supplier C,319,28,415,5.21,0.97
a3958a30-ea8d-ada0-6c8f-0e220d14ef0e,2024-03-26,TX-100,FL,Supplier E,278,21,354,5.21,0.57
03e7340c-d0c3-d863-8b52-07332587e64e,2024-03-26,TX-100,NY,Supplier B,229,19,292,5.21,0.57
b2fee748-16ed-d887-7c15-0ba19dd99c52,2024-03-26,TX-100,TX,Supplier C,284,16,354,5.21,0.57
9cff5668-81e5-3630-396a-35524a5f9a88,2024-03-26,TX-200,TX,Supplier C,301,14,375,5.21,0.57
77a4aaa8-b7b5-c4e9-d26f-4a44b0b03486,2024-03-26,TX-300,NY,Supplier D,269,25,344,5.21,0.57
dfc1ebf5-4960-a428-b0ed-17b95a147513,2024-03-26,TX-500,CA,Supplier D,364,22,460,5.21,0.57
26071134-ff84-ebc8-28fe-d4a70caec7ce,2024-03-26,TX-500,IL,Supplier B,274,17,346,5.21,0.57
1309d909-e0c8-e214-7abe-23462f753398,2024-03-27,TX-200,CA,Supplier C,322,28,413,5.21,0.09
6430c771-790b-4b64-10bc-cf07cdbc48d2,2024-03-27,TX-400,CA,Supplier C,284,22,367,5.21,0.09
950ff77f-d8b4-3ff0-6a6d-1f1c994a9234,2024-03-27,TX-400,IL,Supplier A,317,13,392,5.21,0.09
e0fd2c0d-a8e7-ef4b-81c5-36a33075d732,2024-03-27,TX-500,IL,Supplier C,329,24,417,5.21,0.09
c328997b-94e9-9ead-ebc0-8a6324083bd7,2024-03-28,TX-100,IL,Supplier A,247,21,318,5.21,0.62
a877d0fe-5d71-d582-ed4a-d54a4c91103d,2024-03-28,TX-200,CA,Supplier C,325,26,414,5.21,0.62
aafdef84-19c3-cf08-bf6e-630adb83fe80,2024-03-28,TX-200,IL,Supplier D,254,24,332,5.21,0.62
94dea2e6-e793-860c-bff9-1f6a0383c130,2024-03-28,TX-300,IL,Supplier D,254,23,327,5.21,0.62
04ae0b41-2e92-131d-f7a0-d9a1d4954c03,2024-03-28,TX-300,TX,Supplier B,273,15,349,5.21,0.62
82cf2e1e-9b45-a600-32d6-0e9bab2c91ee,2024-03-28,TX-400,NY,Supplier B,294,21,369,5.21,0.62
cb2b3588-cd75-3451-fd52-4648c0b569f7,2024-03-28,TX-500,NY,Supplier D,252,13,311,5.21,0.62
c89c6300-d303-3359-209a-836e380605f5,2024-03-28,TX-500,TX,Supplier E,342,20,434,5.21,0.62
296dd34f-7007-76ef-921f-f11fb1f6dbb2,2024-03-29,TX-200,IL,Supplier B,315,26,406,5.21,0.21
fd8cebc1-81df-de5b-610f-52a5f8c2cd90,2024-03-29,TX-200,NY,Supplier E,252,11,313,5.21,0.21
2e766b33-a984-ec40-5dd7-695f3b4a79f1,2024-03-29,TX-200,TX,Supplier D,336,26,428,5.21,0.21
d1ed0cc1-41c7-6bd0-0437-e9eafe959c73,2024-03-29,TX-300,NY,Supplier D,280,21,356,5.21,0.21
29b5dc95-e30d-3ecd-1475-ad89ee281d71,2024-03-29,TX-500,CA,Supplier D,396,36,509,5.21,0.21
26e0202f-780c-66b6-be60-36387e94f024,2024-03-29,TX-500,FL,Supplier E,325,15,405,5.21,0.21
cb8aa720-7c68-7598-58b0-c23390b61204,2024-03-29,TX-500,IL,Supplier D,337,16,422,5.21,0.21
848ce68d-2f7c-d6ff-c774-b4f723428a68,2024-03-30,TX-100,IL,Supplier D,256,20,329,5.21,0.38
87ed710b-b568-73a1-65cf-16807a9fcca8,2024-03-30,TX-100,TX,Supplier C,289,28,378,5.21,0.38
dfd99fba-4588-8a4b-d832-5b05979019de,2024-03-30,TX-200,TX,Supplier A,350,26,442,5.21,0.38
49d4a82f-e806-79a5-5efb-16a13e6f29c1,2024-03-30,TX-300,CA,Supplier D,281,24,361,5.21,0.38
3b4d36c6-8746-a926-eef9-10d6dc9401d8,2024-03-30,TX-300,FL,Supplier C,302,22,385,5.21,0.38
02608503-12a9-59d5-6922-d98f214fd8c0,2024-03-30,TX-400,CA,Supplier D,337,27,430,5.21,0.38
a14353c9-9656-409e-1556-5f829a3d3c1f,2024-03-30,TX-400,FL,Supplier B,326,32,419,5.21,0.38
9b055746-7f1f-7bda-78af-408393001912,2024-03-30,TX-500,FL,Supplier A,344,24,436,5.21,0.38
05c04988-dcec-46b4-ce8d-ec2536aaac3e,2024-03-30,TX-500,IL,Supplier D,265,18,334,5.21,0.38
5694ba7d-7cb6-9dbb-3656-8bad7503517a,2024-03-30,TX-500,NY,Supplier E,274,19,352,5.21,0.38
ea20f7c5-bd0b-919c-2d86-1bddd56799bc,2024-03-30,TX-500,TX,Supplier B,365,24,456,5.21,0.38
403ec17a-b0f4-aa5a-02cc-0fd47eab5c77,2024-03-31,TX-200,NY,Supplier C,279,26,362,5.21,0.21
29c5d985-7ea5-0b1c-c6c7-fc746b63f114,2024-03-31,TX-300,TX,Supplier C,253,21,321,5.21,0.21
a3b8c062-376c-1945-b6ba-6d6e6f98b791,2024-03-31,TX-500,IL,Supplier C,284,19,358,5.21,0.21
b310d6c6-35d7-6582-e5ca-de0bddf2822a,2024-04-01,TX-100,CA,Supplier B,342,31,439,4.77,0.28
b0a37291-02d7-816a-d113-17bd4accb062,2024-04-01,TX-100,FL,Supplier E,240,8,293,4.77,0.28
3db9132c-7dbd-aa09-17b8-7b408ab14695,2024-04-01,TX-400,CA,Supplier A,322,20,400,4.77,0.28
b7c186dc-70a0-b388-8292-b9d955efb2d0,2024-04-01,TX-400,IL,Supplier E,260,16,330,4.77,0.28
d07f7ba9-c866-1544-d45c-d1f318b887a2,2024-04-01,TX-400,TX,Supplier E,287,17,354,4.77,0.28
c5abc9ab-82f3-6aec-7780-122b9c718b13,2024-04-01,TX-500,NY,Supplier C,319,25,415,4.77,0.28
111f51c0-3960-8b90-e6e4-df439a728ab8,2024-04-01,TX-500,TX,Supplier C,328,24,413,4.77,0.28
8ed38c83-e38c-ada3-76a7-c3a6d5290a11,2024-04-02,TX-100,CA,Supplier D,314,30,406,4.77,0.61
3505be68-d504-4d91-4eac-b6105c65bdfc,2024-04-02,TX-200,TX,Supplier B,352,25,446,4.77,0.61
e3961cd8-c662-16d0-ef47-6b6be89b6262,2024-04-02,TX-300,CA,Supplier E,354,22,447,4.77,0.61
f4dbf5a1-e600-4b99-416c-1931798daf8e,2024-04-02,TX-300,FL,Supplier B,315,23,401,4.77,0.61
98f0025d-2858-771d-116a-6ea95bcb4531,2024-04-02,TX-300,TX,Supplier E,337,16,420,4.77,0.61
02ffb10d-fb9d-885b-1ea3-6f0213423b3a,2024-04-02,TX-400,CA,Supplier B,304,16,387,4.77,0.61
0f342c9e-3c13-53e6-f48e-11c4a90d81fe,2024-04-02,TX-500,FL,Supplier E,361,23,452,4.77,0.61
61e1411c-e43f-67d0-49fb-c19e75f7f1bd,2024-04-02,TX-500,NY,Supplier B,293,25,374,4.77,0.61
53108e8a-d8e8-7d43-9668-3ec092b7dd04,2024-04-02,TX-500,TX,Supplier E,307,20,385,4.77,0.61
168352ef-7614-2d38-9a81-bc6fd6d5e7ef,2024-04-03,TX-100,NY,Supplier A,272,25,355,4.77,0.51
259b6f97-3ee9-9aa9-7810-0da2a4fb9cae,2024-04-03,TX-100,TX,Supplier D,328,26,422,4.77,0.51
75dd4798-fe85-fe4c-3bf1-fa0b03515db4,2024-04-03,TX-200,CA,Supplier D,356,36,460,4.77,0.51
5501c02e-8c6d-e8ba-2d59-5fd78196cde8,2024-04-03,TX-200,TX,Supplier B,275,24,353,4.77,0.51
3d2ecc5a-5284-d581-d4a7-5fe5d3408098,2024-04-03,TX-300,IL,Supplier B,293,23,373,4.77,0.51
6c6820b1-2fc7-97cb-1687-f402e6f163e1,2024-04-03,TX-300,TX,Supplier D,261,18,331,4.77,0.51
247fea8b-9289-c7a8-3a40-5e166dfa437f,2024-04-03,TX-400,CA,Supplier B,345,28,442,4.77,0.51
7c661fc1-b61f-02c8-0201-75dce2d312ea,2024-04-03,TX-500,IL,Supplier E,328,17,406,4.77,0.51
fac7f0e0-827d-144c-3059-16815ce52c00,2024-04-04,TX-100,CA,Supplier D,274,22,348,4.77,0.02
31f58b23-2a42-9090-10e7-19aea47a1cad,2024-04-04,TX-200,CA,Supplier A,323,24,416,4.77,0.02
68a015f2-b018-350e-138c-163150fc4fd5,2024-04-04,TX-200,FL,Supplier E,288,10,352,4.77,0.02
f7c1b7cd-b689-34b5-bf17-2e0773c30431,2024-04-04,TX-200,NY,Supplier A,267,21,341,4.77,0.02
bd3f8c5b-f0fe-7673-8cc2-0fa7499b48bf,2024-04-04,TX-300,IL,Supplier E,261,18,328,4.77,0.02
2db79e31-03df-ea6c-d34a-c31441205062,2024-04-04,TX-500,NY,Supplier D,258,23,332,4.77,0.02
63fed3fd-1692-c263-be8e-d861a6e75f08,2024-04-04,TX-500,TX,Supplier A,343,24,432,4.77,0.02
fa27c7db-35f4-e482-035d-7e03359c223d,2024-04-05,TX-100,FL,Supplier C,263,14,331,4.77,0.92
155a0f8f-2746-9c9c-fe47-941f63f2aa54,2024-04-05,TX-100,TX,Supplier C,334,32,430,4.77,0.92
8d0f7ef3-4bd2-b65f-4ed9-0156fac9276f,2024-04-05,TX-200,CA,Supplier E,373,27,473,4.77,0.92
8d52e441-ea36-0f20-cc8c-d1e03842bfe8,2024-04-05,TX-200,FL,Supplier D,311,24,398,4.77,0.92
e75fa7c0-c9c3-0d77-7928-1e330967e8f5,2024-04-05,TX-200,IL,Supplier C,285,27,374,4.77,0.92
cc9883a3-d968-d11e-3d95-b911dc4c99a5,2024-04-05,TX-200,NY,Supplier B,265,12,325,4.77,0.92
84335ab1-62ca-03d4-d8a6-5bb453b98ee8,2024-04-05,TX-300,NY,Supplier E,244,12,307,4.77,0.92
f3a2ba4f-293b-2e32-126c-1c330d63c963,2024-04-06,TX-100,IL,Supplier D,253,22,326,4.77,0.25
36387136-43ce-d578-1c8f-438f24c7cfb5,2024-04-06,TX-200,FL,Supplier A,341,23,434,4.77,0.25
77622844-9135-2e00-9ca7-78d0599da552,2024-04-06,TX-200,IL,Supplier E,245,16,311,4.77,0.25
7688b488-d662-e681-6052-c31f05f1ab57,2024-04-06,TX-200,NY,Supplier D,236,19,300,4.77,0.25
fb8632db-021f-8347-e1bd-0530fd713009,2024-04-06,TX-300,FL,Supplier D,265,25,342,4.77,0.25
1d3cc5c9-3b7a-09d3-263c-bbeefe7303ab,2024-04-06,TX-400,IL,Supplier A,292,23,375,4.77,0.25
f63a9a1d-7851-aec8-2517-d65caea66644,2024-04-06,TX-500,IL,Supplier D,341,31,435,4.77,0.25
1de0a24c-8842-bde9-3eb3-a731cc8c217a,2024-04-06,TX-500,TX,Supplier D,374,28,475,4.77,0.25
0f470e84-2ea7-15bb-c0fb-55b17f8cb170,2024-04-07,TX-100,TX,Supplier C,306,32,398,4.77,0.49
7e77d09f-4fd9-58c7-6411-a9e3bb41abd8,2024-04-07,TX-200,CA,Supplier D,333,29,424,4.77,0.49
822d6dae-46fd-1b49-a65c-779d01e5e804,2024-04-07,TX-200,FL,Supplier C,303,26,388,4.77,0.49
165dce19-bf96-9bf0-76c2-cd0a16c3c5ad,2024-04-07,TX-200,IL,Supplier A,276,17,348,4.77,0.49
cbab46db-e228-3ae6-9e6c-f4bffa3c0e60,2024-04-07,TX-200,NY,Supplier D,245,22,315,4.77,0.49
e31215eb-db84-0028-098f-1fe92dedceba,2024-04-07,TX-300,FL,Supplier A,333,19,422,4.77,0.49
1652d4cc-8f00-5bfc-ee67-3d4163800942,2024-04-07,TX-400,CA,Supplier C,347,31,450,4.77,0.49
8ca60d18-fe2f-8ba6-88d4-89d7479796a9,2024-04-07,TX-400,TX,Supplier A,355,23,449,4.77,0.49
30e47385-51e7-3b33-707c-88af9a024d50,2024-04-07,TX-500,TX,Supplier C,310,40,413,4.77,0.49
0432ff7a-a1f5-00bf-2829-218876102354,2024-04-08,TX-100,FL,Supplier D,290,25,371,4.77,0.13
a502d791-e01b-a54f-6deb-cc348132013d,2024-04-08,TX-100,TX,Supplier E,331,18,414,4.77,0.13
e4121085-43f5-2b41-0b08-5dd217763f2e,2024-04-08,TX-200,FL,Supplier B,258,19,328,4.77,0.13
0b5261e7-cd1f-a5f5-645e-e2f0bcd4ba42,2024-04-08,TX-300,CA,Supplier C,287,14,358,4.77,0.13
d90ee9c2-d8cc-f5c5-3657-5f7e318c14c9,2024-04-08,TX-300,FL,Supplier B,295,20,373,4.77,0.13
1b3af688-d30c-4416-880e-bc3b6a4a855a,2024-04-08,TX-300,IL,Supplier E,241,15,305,4.77,0.13
8e80d364-d600-f614-8cb0-d138371e6136,2024-04-08,TX-300,NY,Supplier C,231,27,302,4.77,0.13
5cb5efec-d781-ed11-840c-5958fd741c6a,2024-04-08,TX-500,CA,Supplier A,391,27,500,4.77,0.13
a9614a24-688a-5698-a189-b96cde6b1735,2024-04-08,TX-500,FL,Supplier E,296,15,374,4.77,0.13
f6fea7db-b583-3a8d-d600-bcab3289936d,2024-04-08,TX-500,NY,Supplier D,315,22,402,4.77,0.13
911fe111-9705-7a46-9d31-5587efcbda76,2024-04-09,TX-100,NY,Supplier E,255,12,317,4.77,0.38
27c3c798-51f5-96f1-59c4-733ae066a6fd,2024-04-09,TX-200,CA,Supplier C,300,22,381,4.77,0.38
0092697b-69af-f235-3f8a-19838bd7fe6b,2024-04-09,TX-200,IL,Supplier E,259,15,332,4.77,0.38
5e973936-a44e-5168-53de-c76b0438c4bf,2024-04-09,TX-200,NY,Supplier D,313,27,402,4.77,0.38
d3394531-70d2-2974-333f-5c77f8153cca,2024-04-09,TX-200,TX,Supplier A,274,16,343,4.77,0.38
00abd8e3-a6d1-1283-de8b-9b66bb704476,2024-04-09,TX-300,FL,Supplier A,293,25,375,4.77,0.38
f60e3f8c-2dea-56c7-d0bf-8a3417d0fa60,2024-04-09,TX-300,NY,Supplier A,272,25,351,4.77,0.38
0bebdd57-0c24-a2fc-3428-6f2c842bd0c8,2024-04-09,TX-300,TX,Supplier E,272,12,337,4.77,0.38
babe5981-0549-062a-caf2-b57daaa98a27,2024-04-09,TX-400,CA,Supplier E,354,23,454,4.77,0.38
16a9e88e-b652-9b13-704d-0c5c1f634626,2024-04-09,TX-400,TX,Supplier A,376,26,483,4.77,0.38
600266f9-f81f-5e7b-8dba-474644b62442,2024-04-09,TX-500,NY,Supplier A,265,26,344,4.77,0.38
6da16fed-0d7d-0b1d-c909-b360a13d247e,2024-04-10,TX-100,FL,Supplier B,282,22,360,4.77,0.78
779a79fb-de19-99a7-5b11-ca65da77347e,2024-04-10,TX-100,NY,Supplier A,241,15,302,4.77,0.78
c19fa2dc-1636-1f28-238b-bde92d07b6ac,2024-04-10,TX-200,FL,Supplier B,326,18,409,4.77,0.78
58285416-7951-d7b2-ba6d-8b809e5f28c6,2024-04-10,TX-300,CA,Supplier A,334,24,425,4.77,0.78
06495130-f336-630a-d03a-e9e56708e439,2024-04-10,TX-400,IL,Supplier A,325,21,409,4.77,0.78
83c8d6c6-e7c2-a789-12ec-efedb53079ec,2024-04-10,TX-500,CA,Supplier E,325,19,412,4.77,0.78
285309be-abd5-9161-2e2c-dcd19dc45bb1,2024-04-11,TX-100,CA,Supplier E,323,19,404,4.77,0.24
302bd6db-d28d-8c64-4e41-2278f9bfcb3d,2024-04-11,TX-400,CA,Supplier E,360,25,467,4.77,0.24
54c1cb9a-cf06-f294-03a5-9f37f157c2cc,2024-04-12,TX-100,NY,Supplier D,289,21,367,4.77,0.84
7de770fb-1377-c38d-2064-b2654d3594eb,2024-04-12,TX-200,IL,Supplier A,258,14,327,4.77,0.84
a610794b-70a0-2ed1-edbe-a0ac9e656c62,2024-04-12,TX-300,FL,Supplier A,277,19,352,4.77,0.84
c1d4df51-bbbd-0a82-57f7-c05e8879e9af,2024-04-12,TX-300,NY,Supplier C,290,30,378,4.77,0.84
697dfb2e-dc51-fcf8-e1ae-4504e3be969a,2024-04-12,TX-400,FL,Supplier B,327,22,414,4.77,0.84
ce43ef80-c41f-67b4-d2f4-07c0e99e71a9,2024-04-12,TX-400,NY,Supplier D,271,28,356,4.77,0.84
a414f237-e072-163f-db28-86fba5809c7e,2024-04-13,TX-100,CA,Supplier E,286,10,353,4.77,0.61
6d012686-b787-1fe0-3730-f10e1c2c2f34,2024-04-13,TX-200,NY,Supplier E,241,13,302,4.77,0.61
b439c4ab-abfc-9abb-c5ae-01357c1f1270,2024-04-13,TX-300,CA,Supplier C,287,16,360,4.77,0.61
f1bfa58d-b6e0-d047-ef0b-63154e720e0a,2024-04-13,TX-300,NY,Supplier A,287,22,368,4.77,0.61
d1a1e647-230e-5f04-ec40-719703df55a3,2024-04-13,TX-500,CA,Supplier B,350,34,449,4.77,0.61
68d55427-a586-54b7-83c7-9a1b1da39285,2024-04-13,TX-500,NY,Supplier D,342,27,443,4.77,0.61
684bbb75-34c5-adce-f27e-f086e5a3a21a,2024-04-14,TX-100,CA,Supplier E,299,14,368,4.77,0.63
22bcaee3-9823-c8fb-0d1e-4d303dc89da5,2024-04-14,TX-100,FL,Supplier B,268,26,348,4.77,0.63
516901a9-066e-4c28-9cad-bbddb0df32ee,2024-04-14,TX-200,FL,Supplier D,333,32,433,4.77,0.63
2d383da2-cbac-4389-5d9f-aa311c4f0c39,2024-04-14,TX-500,FL,Supplier E,330,16,410,4.77,0.63
7a3b0fe1-7674-4151-195f-84bba6ef28ed,2024-04-14,TX-500,TX,Supplier A,389,41,508,4.77,0.63
0c9afecd-0167-956c-15ab-9a3de0ef4566,2024-04-15,TX-100,CA,Supplier D,352,26,451,4.77,0.91
d079a168-1859-5554-1998-254d90bb5dd8,2024-04-15,TX-100,TX,Supplier D,300,16,374,4.77,0.91
63b42f6d-ac8f-a3f4-8ae6-56e7edc04df1,2024-04-15,TX-200,IL,Supplier B,306,29,391,4.77,0.91
660183a5-986b-ee74-ac42-140cf0d30fcf,2024-04-15,TX-300,NY,Supplier D,308,30,398,4.77,0.91
bfb01ac6-909f-2a48-b7aa-5629ac066317,2024-04-15,TX-400,FL,Supplier E,307,17,385,4.77,0.91
56ab34c0-a0d5-b841-b557-ce3b345434bc,2024-04-15,TX-400,TX,Supplier D,369,29,474,4.77,0.91
f3794209-0c46-d935-acf9-d9bffdd5d9aa,2024-04-15,TX-500,CA,Supplier C,393,29,494,4.77,0.91
208e5793-c37b-ef8c-f750-25a89a311045,2024-04-16,TX-100,CA,Supplier C,292,19,372,4.77,0.51
8974dab6-c3c7-f353-fe55-ce2281ec6080,2024-04-16,TX-100,IL,Supplier A,305,26,389,4.77,0.51
77e20ede-64b1-4832-e988-db92b7f298b1,2024-04-16,TX-200,FL,Supplier D,341,20,435,4.77,0.51
88e1103a-e102-380e-c7c4-e39ed3f5d441,2024-04-16,TX-200,IL,Supplier B,334,23,421,4.77,0.51
4fcdc245-a47b-0bd3-8eb7-934ec584e788,2024-04-16,TX-200,NY,Supplier D,255,22,328,4.77,0.51
64fc66b1-2095-c319-39b4-863919c5e5aa,2024-04-16,TX-300,FL,Supplier C,278,24,361,4.77,0.51
1e1f1ba8-873f-f96b-77b8-c5c144553d1c,2024-04-16,TX-300,NY,Supplier B,247,17,310,4.77,0.51
ddd7e2ed-827d-cc72-1efe-aae1e7313e05,2024-04-16,TX-400,IL,Supplier A,279,16,351,4.77,0.51
c10cb78f-c405-ad9a-a3bf-c3c5c3655d01,2024-04-17,TX-100,FL,Supplier D,302,30,388,4.77,0.14
7b6ecb90-8a14-7092-c601-20bd5def3647,2024-04-17,TX-100,TX,Supplier A,302,27,385,4.77,0.14
4f4f9ecf-febd-818e-7578-1db30605146d,2024-04-17,TX-300,FL,Supplier B,334,27,428,4.77,0.14
f9032bb2-3424-c349-5b23-4d5c19693811,2024-04-17,TX-300,NY,Supplier D,248,19,313,4.77,0.14
67e546fd-2a70-286c-8af7-4d14da1ad4e2,2024-04-17,TX-400,CA,Supplier B,407,27,515,4.77,0.14
d6e6c5a4-ab02-fe2a-083b-256463b7bdd8,2024-04-17,TX-400,FL,Supplier C,310,17,391,4.77,0.14
1c127e16-e1ee-0431-e287-ac803d4caf4e,2024-04-17,TX-400,TX,Supplier A,313,27,402,4.77,0.14
8fb65b8f-d106-fb4a-4a17-7235ff9b66fc,2024-04-17,TX-500,CA,Supplier A,410,17,519,4.77,0.14
9f2ff825-d315-c2e2-34a3-a085615b7651,2024-04-18,TX-100,NY,Supplier D,270,22,352,4.77,0.64
227a6a98-ee6d-c853-0cd9-b53637cf59e4,2024-04-18,TX-200,FL,Supplier B,316,27,408,4.77,0.64
09cd8b90-f200-315f-40b2-bd5ac3db6084,2024-04-18,TX-200,IL,Supplier E,277,17,348,4.77,0.64
e4b61a18-3f9e-e813-cb3d-927c28c33082,2024-04-18,TX-200,NY,Supplier C,284,19,356,4.77,0.64
a27e39fe-ce45-8676-15b2-0d4c0bb57d65,2024-04-18,TX-300,CA,Supplier D,383,33,491,4.77,0.64
3d66a6e6-6908-a636-7cb2-379243e60b36,2024-04-18,TX-300,TX,Supplier D,365,30,469,4.77,0.64
e525f951-12a2-80ab-a0b4-3a799b647f33,2024-04-18,TX-400,IL,Supplier E,325,21,421,4.77,0.64
c695d186-9cc8-b531-aade-f58eb2280478,2024-04-18,TX-500,TX,Supplier A,414,24,521,4.77,0.64
26206266-ffb7-97de-a9de-99dda90569d8,2024-04-19,TX-100,CA,Supplier C,293,27,375,4.77,0.63
65eceb3e-3899-7cf3-df8e-ae1c7fd1793e,2024-04-19,TX-100,NY,Supplier C,281,18,354,4.77,0.63
070f05b6-6210-a7d9-8402-99d00acab93c,2024-04-19,TX-200,FL,Supplier B,309,29,403,4.77,0.63
f7987d26-b464-fbcf-06b5-a521261cd7f3,2024-04-19,TX-300,CA,Supplier A,314,11,385,4.77,0.63
1dcfb8de-2b75-73cb-3e8b-ce9ef6023e28,2024-04-19,TX-300,NY,Supplier C,264,23,342,4.77,0.63
690097a5-7b8e-4213-4b53-e70f95cf3ee0,2024-04-19,TX-400,CA,Supplier E,352,20,441,4.77,0.63
d4e71d4b-d34a-b7fa-fd3c-fe01cd13ced4,2024-04-19,TX-400,FL,Supplier B,355,40,463,4.77,0.63
b40732bb-0f18-3b37-bfc1-59d67adf37f1,2024-04-19,TX-500,FL,Supplier E,384,23,481,4.77,0.63
0bcae233-bae9-9ab9-406b-c3ddedc42d0d,2024-04-20,TX-100,FL,Supplier C,268,23,350,4.77,0.8
a7d6709b-51c4-6de1-a424-7183157e7ccb,2024-04-20,TX-100,NY,Supplier C,268,27,346,4.77,0.8
a3475156-fce6-64d8-527a-38eb3ad45fcc,2024-04-20,TX-100,TX,Supplier B,316,8,382,4.77,0.8
d8ae595f-d14c-49c1-ae33-48f3e49e65da,2024-04-20,TX-200,FL,Supplier B,355,20,446,4.77,0.8
430cd81d-a6ae-70a6-03ac-339f647f7bab,2024-04-20,TX-200,NY,Supplier B,305,26,396,4.77,0.8
cab6c926-9f7f-c76c-9417-418dfd1bd8c8,2024-04-20,TX-300,FL,Supplier C,295,29,377,4.77,0.8
3372cac9-b81e-3c3c-c86e-f92042a73beb,2024-04-20,TX-300,NY,Supplier D,272,27,351,4.77,0.8
c09e3575-f431-3c9f-44de-7efe28c3d53e,2024-04-20,TX-400,CA,Supplier E,353,22,439,4.77,0.8
4e1d336b-2d63-b51d-cbad-a49cf4092729,2024-04-20,TX-400,IL,Supplier A,272,17,343,4.77,0.8
304d5328-aa03-c8d7-a2fe-034e43a1bb5d,2024-04-20,TX-400,NY,Supplier B,288,18,364,4.77,0.8
d9af0149-b79c-bbc4-bf00-20c2f607f90e,2024-04-20,TX-500,FL,Supplier A,301,24,385,4.77,0.8
310c1885-af52-ad2c-3161-f4fbcd027b9b,2024-04-21,TX-100,FL,Supplier C,303,24,385,4.77,0.13
7207ea85-b32c-c4d5-01d8-674003d2265d,2024-04-21,TX-100,IL,Supplier A,289,18,366,4.77,0.13
28be5738-fdac-4adf-01ec-372f197b21f7,2024-04-21,TX-100,TX,Supplier A,343,30,443,4.77,0.13
16840073-1747-0838-635f-d6920cb96acd,2024-04-21,TX-300,TX,Supplier C,295,26,379,4.77,0.13
855842bc-df33-6539-00d7-782f63412a56,2024-04-21,TX-400,FL,Supplier A,295,28,381,4.77,0.13
dfadf238-65e8-f701-c93d-56e0e32a4723,2024-04-21,TX-400,IL,Supplier B,285,20,364,4.77,0.13
581e80f2-2b3d-0340-77ed-aae17ebed6c1,2024-04-21,TX-400,TX,Supplier A,338,26,433,4.77,0.13
2c93a212-eaa4-703b-1083-7089bfe4a224,2024-04-21,TX-500,CA,Supplier A,425,20,534,4.77,0.13
ee3232d6-c7cd-f727-b385-fdf1ccfb76ce,2024-04-21,TX-500,NY,Supplier C,350,37,454,4.77,0.13
82cecf64-ac15-a603-44ef-aa4d6277f9a2,2024-04-22,TX-200,CA,Supplier B,319,32,421,4.77,0.22
6aa8ffa8-9390-51cb-f6c0-5937c337ab33,2024-04-22,TX-200,FL,Supplier D,275,25,356,4.77,0.22
a1bbbbb6-da2a-e5b7-ac6c-82e9c821f104,2024-04-22,TX-300,NY,Supplier C,292,17,367,4.77,0.22
2857540d-a710-2eae-c90c-d3a9375a7d8d,2024-04-22,TX-500,FL,Supplier C,402,35,512,4.77,0.22
05afe023-f8fb-69ab-100f-8d6068c261d8,2024-04-22,TX-500,NY,Supplier A,278,18,351,4.77,0.22
05dc6281-d895-ac44-f12b-2e601e1608af,2024-04-23,TX-100,FL,Supplier B,283,20,358,4.77,0.93
40f4e58e-c427-1838-b71d-277ad980cd49,2024-04-23,TX-100,IL,Supplier A,309,19,382,4.77,0.93
d281f55d-c698-8181-4241-0090be8cd583,2024-04-23,TX-300,NY,Supplier A,282,23,364,4.77,0.93
bfe45b49-99f5-ba5f-3cf2-3f845ef0ab12,2024-04-23,TX-300,TX,Supplier D,288,30,373,4.77,0.93
6f2fd728-7ca7-c3a7-6741-4afd4ea889ff,2024-04-23,TX-400,FL,Supplier E,347,14,428,4.77,0.93
4399a2c3-cedc-bbda-c1e2-d62877ab566a,2024-04-23,TX-400,IL,Supplier B,301,29,392,4.77,0.93
da25be6d-c720-b355-4053-9c24c85b67a1,2024-04-23,TX-400,NY,Supplier D,261,25,339,4.77,0.93
51a92b68-0981-33a0-c97f-e506a104b875,2024-04-23,TX-500,CA,Supplier A,428,35,554,4.77,0.93
c9e55bb3-463e-504c-cf88-e67fe1a2aa55,2024-04-23,TX-500,NY,Supplier E,367,21,466,4.77,0.93
1b76b599-e473-a228-b642-035c1adecdd4,2024-04-24,TX-100,FL,Supplier D,342,25,436,4.77,0.56
19dda97c-dfed-99a2-de60-78912bac8856,2024-04-24,TX-200,NY,Supplier B,299,23,375,4.77,0.56
6cda16fc-1f1d-acdd-16a5-4a91036a1b02,2024-04-24,TX-300,CA,Supplier C,365,29,466,4.77,0.56
ccda48f6-8208-a9c8-1dc4-870ef58cc92d,2024-04-24,TX-400,CA,Supplier B,381,32,491,4.77,0.56
013275ab-ee39-cea5-3163-528e17b435c7,2024-04-24,TX-500,FL,Supplier E,384,25,480,4.77,0.56
c07e8043-9190-efc2-0859-e00100c606d0,2024-04-24,TX-500,IL,Supplier D,298,29,386,4.77,0.56
3cfe3a54-2a1d-72a2-f620-dcc2e8f72da8,2024-04-25,TX-100,CA,Supplier A,315,19,401,4.77,0.2
61a47202-f73e-b8ee-6198-02aab712aaae,2024-04-25,TX-100,NY,Supplier C,233,21,300,4.77,0.2
61ad56bc-8f54-4410-4ceb-e22054aef2be,2024-04-25,TX-200,FL,Supplier C,287,22,365,4.77,0.2
2e9eb529-33fd-c022-937f-02ecb019774e,2024-04-25,TX-300,CA,Supplier A,343,24,433,4.77,0.2
6aa3e313-cf4d-2525-517b-ca6595bf6102,2024-04-25,TX-300,NY,Supplier A,283,10,346,4.77,0.2
9b93e6d4-fcf9-1372-450e-ebc33c62d192,2024-04-25,TX-400,CA,Supplier D,329,32,422,4.77,0.2
8f1abc02-f279-3849-7d91-658d45033d6e,2024-04-25,TX-400,IL,Supplier B,365,28,473,4.77,0.2
20ddea41-d29b-b4cc-3a9f-847957f87fa2,2024-04-26,TX-100,IL,Supplier D,250,23,318,4.77,0.42
88b42150-0e73-4e66-9343-61284b7ae420,2024-04-26,TX-200,FL,Supplier E,366,16,454,4.77,0.42
e9ba7946-632a-00ee-938f-106280e1817b,2024-04-26,TX-300,FL,Supplier E,341,22,425,4.77,0.42
cd79c658-8378-f9d4-e876-64e941bc7789,2024-04-26,TX-400,FL,Supplier E,316,17,400,4.77,0.42
04d299f9-d66a-ba87-1fdb-c8451d9b0aa6,2024-04-26,TX-500,FL,Supplier B,402,26,504,4.77,0.42
57ea299e-a4d6-48dd-926b-a2a0efe70842,2024-04-27,TX-100,FL,Supplier D,342,21,427,4.77,0.39
09780813-fccd-dd6c-f916-458addaf2567,2024-04-27,TX-100,TX,Supplier C,278,16,344,4.77,0.39
9051caaf-e2e9-84ec-4324-1bcbbfd81e2f,2024-04-27,TX-200,IL,Supplier A,269,14,338,4.77,0.39
bcd76fe6-bea8-c8b7-6ef5-db8b1ca9cf18,2024-04-27,TX-500,FL,Supplier D,368,41,489,4.77,0.39
8de7df9e-5b05-66b0-88ee-df2fcfcf67b0,2024-04-27,TX-500,TX,Supplier D,364,29,466,4.77,0.39
b02ed46a-6240-3cf2-516a-c11946b7ac58,2024-04-28,TX-200,IL,Supplier A,274,17,342,4.77,0.13
40dea8d6-50f9-b8b7-ddd9-72bcb54dd73b,2024-04-28,TX-300,NY,Supplier B,275,29,365,4.77,0.13
29dcede7-8edd-4bcb-d465-8c95843ab06d,2024-04-28,TX-300,TX,Supplier E,370,20,466,4.77,0.13
87be19d9-b66c-fb06-b5bf-0c5dd64af64b,2024-04-28,TX-400,FL,Supplier B,303,28,395,4.77,0.13
e035b897-927a-ae5a-37b7-25515d35af04,2024-04-28,TX-400,IL,Supplier C,316,30,404,4.77,0.13
a04d35cf-72f6-de12-a917-4ca42182889f,2024-04-29,TX-100,IL,Supplier D,295,22,373,4.77,0.59
56fd025d-5785-c591-4037-ce653336eb9b,2024-04-29,TX-100,TX,Supplier E,329,21,420,4.77,0.59
95d54de1-605c-b697-c91e-941027ee2830,2024-04-29,TX-200,FL,Supplier B,285,22,367,4.77,0.59
fff53d77-d26b-8f58-89d6-769fb4294069,2024-04-29,TX-200,IL,Supplier C,310,25,395,4.77,0.59
8971e5f0-f786-934b-0501-7701b461cdde,2024-04-29,TX-200,TX,Supplier E,323,19,410,4.77,0.59
454c8473-0198-b072-c1a4-ba8d16192144,2024-04-29,TX-300,CA,Supplier A,371,21,468,4.77,0.59
cbff1322-c3fb-90ca-1dcb-f69f65623a14,2024-04-29,TX-300,TX,Supplier B,288,20,365,4.77,0.59
9494524a-ad8d-5956-dd00-e6db521fb629,2024-04-29,TX-400,FL,Supplier D,334,23,427,4.77,0.59
ce9e9bc1-a2bd-481c-b978-256f5ad10d67,2024-04-29,TX-400,TX,Supplier B,304,18,384,4.77,0.59
c6a037e2-fec7-fef5-6757-452457768df0,2024-04-29,TX-500,FL,Supplier E,366,17,455,4.77,0.59
845880d2-c437-9f5c-95a0-c7e23a96fc11,2024-04-29,TX-500,TX,Supplier A,332,24,423,4.77,0.59
1d69032d-808c-860d-8b28-de65756800ed,2024-04-30,TX-100,IL,Supplier B,321,24,406,4.77,0.05
27ea0380-29e2-a568-4e11-a09b683d8564,2024-04-30,TX-100,NY,Supplier A,308,18,386,4.77,0.05
6a51ad8c-47e6-dff6-2cd1-e1a727ddc480,2024-04-30,TX-100,TX,Supplier B,291,17,368,4.77,0.05
ba15571e-e761-751a-2d02-8af30de5dc61,2024-04-30,TX-300,IL,Supplier D,320,23,406,4.77,0.05
2f8c491f-1dc3-9d7a-c07f-d510eca79e01,2024-04-30,TX-400,NY,Supplier E,346,21,430,4.77,0.05
a9b3355e-5e72-8db8-b979-880b29e4a36f,2024-04-30,TX-400,TX,Supplier C,394,28,502,4.77,0.05
04f3307f-c285-5d7f-916e-ba4eb76e3788,2024-04-30,TX-500,FL,Supplier E,355,9,438,4.77,0.05
55101fe1-6b2d-a9ad-d27e-fc0e1f0fc710,2024-05-01,TX-100,NY,Supplier C,261,28,343,4.25,0.06
95b8aea8-cba9-a08e-215d-b41cecb51cdd,2024-05-01,TX-300,IL,Supplier C,262,20,332,4.25,0.06
257a29a9-da50-ef66-f862-51636ad6b3eb,2024-05-01,TX-300,NY,Supplier B,266,24,346,4.25,0.06
96bf1a1c-f810-cd69-19c0-e269809b4935,2024-05-01,TX-400,CA,Supplier A,429,25,544,4.25,0.06
e4c13e6d-0b84-e293-6cb2-6e927224dd3d,2024-05-01,TX-500,FL,Supplier B,404,30,516,4.25,0.06
c6d502db-30d3-f083-cddb-0c0105952c19,2024-05-02,TX-100,CA,Supplier B,363,27,460,4.25,0.26
053e8944-d535-90dd-fd0a-8370c2b19de7,2024-05-02,TX-200,CA,Supplier E,411,27,530,4.25,0.26
65bf0c2b-626b-5d84-b189-83c944ffbe94,2024-05-02,TX-200,IL,Supplier C,350,20,437,4.25,0.26
f77198e2-932a-969b-350d-34ffe762588d,2024-05-02,TX-200,NY,Supplier C,314,23,394,4.25,0.26
a2820c71-9b79-4586-69eb-e1badd6f0c08,2024-05-02,TX-300,CA,Supplier A,373,29,476,4.25,0.26
1f6dd177-c692-1ade-a965-f861a29f5008,2024-05-02,TX-300,IL,Supplier D,302,33,394,4.25,0.26
f45526e9-02d4-1487-3001-f9a736f568ae,2024-05-02,TX-300,NY,Supplier B,267,25,348,4.25,0.26
b41d0d9e-497d-3f31-81ab-cabd0008df63,2024-05-02,TX-300,TX,Supplier B,355,36,459,4.25,0.26
90acf5bb-7da5-08e5-a4c0-cd138a389aec,2024-05-02,TX-400,IL,Supplier A,336,18,417,4.25,0.26
b0381ff9-3400-e473-1634-a790b30f43cf,2024-05-03,TX-200,CA,Supplier E,358,24,449,4.25,0.37
732ee5ec-5471-42e4-243f-388c8bffa1ac,2024-05-03,TX-300,IL,Supplier E,301,22,380,4.25,0.37
d134546b-81f0-a36d-9784-f47327840bb6,2024-05-03,TX-300,NY,Supplier E,297,16,370,4.25,0.37
ee8a1bed-2599-b1d4-d481-b618262c9761,2024-05-03,TX-400,TX,Supplier A,394,29,501,4.25,0.37
53b0cd39-767f-6fdf-c767-03042c0214e9,2024-05-03,TX-500,FL,Supplier D,409,29,523,4.25,0.37
d935c787-6a53-f1bc-73c8-11ac9cb41702,2024-05-03,TX-500,IL,Supplier A,379,21,479,4.25,0.37
7dade877-6ac9-4f22-3125-68eff1e8c162,2024-05-03,TX-500,NY,Supplier B,368,22,460,4.25,0.37
7ca23dbf-5a75-20ab-d9b8-78e2be185ae1,2024-05-04,TX-100,CA,Supplier A,300,17,381,4.25,0.56
f33bb3bd-4e91-1177-7c21-531611e54312,2024-05-04,TX-200,CA,Supplier D,353,33,452,4.25,0.56
966bfe7f-f6ef-492f-290a-09649e67b2cf,2024-05-04,TX-200,FL,Supplier B,327,20,413,4.25,0.56
dd1f6df9-86a5-d5e3-58f2-3077ef38a6f2,2024-05-04,TX-200,TX,Supplier C,346,21,434,4.25,0.56
d70f89aa-4891-d728-2857-6388ec35c28d,2024-05-04,TX-400,FL,Supplier C,306,19,380,4.25,0.56
dec82528-1627-fad5-4ac0-724ef5490cb9,2024-05-04,TX-400,NY,Supplier B,275,25,355,4.25,0.56
f3d2d9fa-44f5-822f-bd4e-5d2d80c5c7ed,2024-05-04,TX-400,TX,Supplier A,407,29,523,4.25,0.56
48e4bc04-b0d6-ec61-55a0-db0199e4af41,2024-05-04,TX-500,CA,Supplier D,369,21,465,4.25,0.56
91e93988-9450-1474-3c3d-30f40bf1ef77,2024-05-04,TX-500,NY,Supplier E,308,24,399,4.25,0.56
e37f05fc-393a-9396-fe6e-1685c0ed5673,2024-05-04,TX-500,TX,Supplier A,339,27,430,4.25,0.56
12b1b014-732d-e63b-1bf2-6946f3dd2117,2024-05-05,TX-100,CA,Supplier E,374,25,481,4.25,0.91
3ea425fe-10f9-1aae-5cc1-48e42f51a1d1,2024-05-05,TX-100,TX,Supplier B,350,25,438,4.25,0.91
e6dfd28d-6c08-a175-c6aa-c2b337de155b,2024-05-05,TX-200,FL,Supplier A,355,22,443,4.25,0.91
2536accf-2100-cdf6-8768-1cd4335efb94,2024-05-05,TX-300,FL,Supplier E,283,21,359,4.25,0.91
b4f523e9-abff-ab8d-a9fe-2bbfdfe8e064,2024-05-05,TX-300,TX,Supplier D,345,30,449,4.25,0.91
60eb49c2-d0ca-150e-7f96-10e27830ee7c,2024-05-05,TX-400,IL,Supplier B,357,29,457,4.25,0.91
7e669870-5889-79db-67f1-ba430ae4d744,2024-05-05,TX-500,CA,Supplier C,397,35,506,4.25,0.91
701db88b-5bdb-0274-5f54-74d4e78ef94b,2024-05-05,TX-500,NY,Supplier D,292,27,371,4.25,0.91
34fa01db-d45c-696f-0702-54095d23fbc8,2024-05-06,TX-100,IL,Supplier A,326,19,416,4.25,0.23
a72a6f84-cc7e-2daf-089c-acdb6fcd7609,2024-05-06,TX-100,TX,Supplier B,352,22,444,4.25,0.23
53be6c8b-9cc8-63f9-3d46-f74c0373ef18,2024-05-06,TX-200,FL,Supplier A,302,19,380,4.25,0.23
e4dc2661-afe3-bd87-debd-4c603f5955cb,2024-05-06,TX-200,TX,Supplier D,313,29,404,4.25,0.23
d010398b-0372-3122-45f0-5368fde24a6a,2024-05-06,TX-400,FL,Supplier D,306,17,384,4.25,0.23
0e9949c0-09f8-8839-52b9-17720431a802,2024-05-06,TX-500,CA,Supplier D,453,37,578,4.25,0.23
68baf948-2f36-c5a5-15bb-e8d12bbcfdfa,2024-05-07,TX-100,IL,Supplier C,280,17,355,4.25,0.15
d0da292a-0edf-f8ae-526f-4af21a5d438b,2024-05-07,TX-200,CA,Supplier E,421,29,535,4.25,0.15
8fde92b5-d735-cd47-f0b6-4e97756caeb2,2024-05-07,TX-300,IL,Supplier A,294,24,378,4.25,0.15
01c5c0c9-7a0b-189c-8336-b6b50d835716,2024-05-07,TX-300,NY,Supplier E,310,21,386,4.25,0.15
23378628-59e8-ce95-acf1-7e7124f8d5ec,2024-05-07,TX-300,TX,Supplier A,375,33,477,4.25,0.15
8820ace7-f9b5-affb-dbb2-9a638d2ddc46,2024-05-08,TX-200,IL,Supplier A,274,17,344,4.25,0.13
ab9eab45-4e9f-dcc4-0f57-9e932d225e78,2024-05-08,TX-200,TX,Supplier B,391,36,511,4.25,0.13
369f4e9a-3704-4ece-f9df-7151a421f434,2024-05-08,TX-300,FL,Supplier D,338,30,442,4.25,0.13
c0358d76-7f4c-285e-7d6a-6bbae8551ac3,2024-05-08,TX-300,TX,Supplier D,341,38,453,4.25,0.13
fc76152c-90d2-c793-6d14-19307c10071d,2024-05-08,TX-400,IL,Supplier E,305,26,401,4.25,0.13
6c038c0c-052b-d233-dbb7-488dca68b263,2024-05-09,TX-100,NY,Supplier C,243,17,313,4.25,0.07
f91e390d-c911-ebe6-dd10-172e13222f78,2024-05-09,TX-200,IL,Supplier D,287,23,365,4.25,0.07
5579b752-9570-837b-9864-65a423e47afb,2024-05-09,TX-400,TX,Supplier E,328,14,409,4.25,0.07
623c903a-ebe5-ea8a-4557-73e8f0cd4fb5,2024-05-10,TX-100,NY,Supplier D,310,33,405,4.25,0.15
43205343-c9a6-d3b5-52a1-e4471125ec78,2024-05-10,TX-200,NY,Supplier A,285,22,364,4.25,0.15
a6903d82-cfc3-613f-4e7c-eb92236b1644,2024-05-10,TX-400,CA,Supplier E,405,25,507,4.25,0.15
7a661f38-9217-670f-3bb5-97905c292516,2024-05-10,TX-400,IL,Supplier E,296,20,373,4.25,0.15
03dd01b6-4237-0db7-f6f8-563e8ab3fee7,2024-05-10,TX-500,FL,Supplier E,433,28,540,4.25,0.15
3c4ca956-a030-106a-6502-2addc3c3f413,2024-05-10,TX-500,TX,Supplier C,448,31,565,4.25,0.15
8ec21aee-7513-5fae-cc42-e8ecc4ee4cef,2024-05-11,TX-100,CA,Supplier D,294,24,372,4.25,0.22
66834aad-5bb0-acbe-7bd6-92b9212607a8,2024-05-11,TX-100,FL,Supplier E,302,12,372,4.25,0.22
a2058d5c-17a6-b624-a2fa-2326942e4b7e,2024-05-11,TX-100,TX,Supplier E,310,18,385,4.25,0.22
2e7ff1b7-81c4-b193-4c8b-7d9ebe7e273d,2024-05-11,TX-200,NY,Supplier B,301,20,387,4.25,0.22
fa5c07a1-2259-7044-8613-843feb35d04b,2024-05-11,TX-300,NY,Supplier E,329,24,416,4.25,0.22
27b7083e-c959-5b15-6adb-6624f1963f81,2024-05-11,TX-500,CA,Supplier E,359,24,447,4.25,0.22
36229eab-6015-b4ae-c54c-2b066477770f,2024-05-12,TX-100,TX,Supplier E,324,21,411,4.25,0.95
6c139a82-7f90-ae0d-323a-e8ebddd8b967,2024-05-12,TX-300,CA,Supplier A,348,30,454,4.25,0.95
257defdc-e9c9-2768-b826-14f9c09dd70e,2024-05-12,TX-300,IL,Supplier A,292,26,373,4.25,0.95
261845ea-2753-f0cc-749f-d16f53169cd1,2024-05-12,TX-400,FL,Supplier C,390,28,500,4.25,0.95
78342f8a-9526-0051-861d-4fca985a5ff1,2024-05-13,TX-100,NY,Supplier E,282,13,347,4.25,0.87
d34eef71-8e3c-4b54-af7b-c62f9919e924,2024-05-13,TX-100,TX,Supplier C,317,26,401,4.25,0.87
252d3770-0a2d-32e8-13ae-1c5a8a0a1f4f,2024-05-13,TX-200,CA,Supplier A,378,30,486,4.25,0.87
00fe2d11-89c8-215d-4f7d-34327894b7a9,2024-05-13,TX-200,FL,Supplier E,344,20,439,4.25,0.87
0efd8692-a763-749b-7a07-647128bc1128,2024-05-13,TX-200,IL,Supplier A,345,24,434,4.25,0.87
6a0cc8d0-b9bf-df72-5fd6-2a9a59595f0e,2024-05-13,TX-200,NY,Supplier B,287,17,362,4.25,0.87
86509809-6d16-eb03-c14d-d5574b404b25,2024-05-13,TX-200,TX,Supplier A,333,35,430,4.25,0.87
18b148fb-8122-a85a-7385-c70d197828c0,2024-05-13,TX-300,TX,Supplier D,350,27,455,4.25,0.87
2e504e69-e0c8-f258-0a03-5fcf80e44b45,2024-05-13,TX-400,NY,Supplier B,295,14,374,4.25,0.87
b3efa969-43f8-4e2f-22e4-b6858e7bea40,2024-05-13,TX-500,FL,Supplier A,346,24,436,4.25,0.87
327d6c19-3539-6472-b38a-eda83581272d,2024-05-14,TX-100,TX,Supplier C,343,26,435,4.25,0.14
5f65d668-40f1-ff0c-5346-fc62bd483ccd,2024-05-14,TX-400,FL,Supplier C,345,27,439,4.25,0.14
d6170125-8ba3-2907-4e52-1acf75a808a2,2024-05-15,TX-200,FL,Supplier C,326,24,415,4.25,0.78
df5b439c-c5b7-0f1a-ad84-d19aac1d2807,2024-05-15,TX-200,IL,Supplier C,282,17,350,4.25,0.78
4c4bcaa8-ddcd-b4f5-9f82-ea5c1935de1c,2024-05-15,TX-200,NY,Supplier D,317,30,415,4.25,0.78
626e0c46-9d82-8aef-4982-645c8db1b676,2024-05-15,TX-400,FL,Supplier C,403,37,510,4.25,0.78
307bcba9-23dc-b72c-85e0-50170aa05c20,2024-05-15,TX-500,CA,Supplier C,357,32,457,4.25,0.78
bd523052-ac8c-ece2-a455-c4823da59c43,2024-05-15,TX-500,FL,Supplier A,376,26,488,4.25,0.78
1114eef3-7f58-e3b4-def6-cfa7125122e3,2024-05-15,TX-500,NY,Supplier D,309,27,398,4.25,0.78
c7058655-a539-5122-deba-36568561e083,2024-05-16,TX-100,TX,Supplier B,328,36,431,4.25,0.01
b4349a7a-60a1-a0ac-545d-2d51c59c7f84,2024-05-16,TX-300,CA,Supplier A,318,27,411,4.25,0.01
bf88fffc-937c-4500-2482-56571a1416f6,2024-05-16,TX-300,NY,Supplier B,316,24,404,4.25,0.01
74908f57-925b-b62a-b98a-c754e3b3b25d,2024-05-16,TX-400,FL,Supplier A,381,26,485,4.25,0.01
f56ad1c3-0667-1e1c-66a0-5de064683ed2,2024-05-16,TX-400,NY,Supplier C,329,26,425,4.25,0.01
141fe034-1661-9ae6-2838-215887365701,2024-05-16,TX-500,TX,Supplier A,348,24,442,4.25,0.01
80be6a4d-063b-5b79-508a-aa2486f2addf,2024-05-17,TX-100,NY,Supplier B,254,25,333,4.25,0.66
5b4741b5-4e6e-fb12-97a9-de6fc8d99997,2024-05-17,TX-300,CA,Supplier D,418,33,541,4.25,0.66
3f52ca78-b4f9-014b-1f73-f6cdf095d95d,2024-05-17,TX-300,FL,Supplier E,285,16,358,4.25,0.66
de416cd0-936d-7420-4379-6109502f71be,2024-05-17,TX-400,IL,Supplier D,360,24,462,4.25,0.66
f555fe10-9436-e3bc-6268-d7462c7fe255,2024-05-17,TX-500,FL,Supplier E,341,24,435,4.25,0.66
eed42f58-1d12-83e2-a6ed-64391bc87c00,2024-05-18,TX-100,CA,Supplier C,368,27,464,4.25,0.31
f1d68ca7-af2b-255b-c52e-d3f15eb44573,2024-05-18,TX-100,FL,Supplier B,350,24,446,4.25,0.31
3150f761-f6f1-a927-d8a1-8faa44ddfc35,2024-05-18,TX-300,IL,Supplier A,351,19,442,4.25,0.31
725bb00e-7850-e743-d4af-6aa43b082398,2024-05-18,TX-400,TX,Supplier D,414,40,537,4.25,0.31
5db3c0b6-d431-f6f8-d250-31ba8864bf7d,2024-05-18,TX-500,CA,Supplier D,421,30,528,4.25,0.31
337f9e0a-6c8c-c2c3-fe32-08ba3b2ebebe,2024-05-18,TX-500,NY,Supplier B,327,22,418,4.25,0.31
d2c4617c-24e8-3672-05be-b94fec0065f0,2024-05-18,TX-500,TX,Supplier D,360,31,461,4.25,0.31
5a2894b8-00e1-dd43-c584-b9c803d8fa79,2024-05-19,TX-100,CA,Supplier B,369,40,490,4.25,0.36
442d60eb-b154-857f-c26b-f18b18fdd466,2024-05-19,TX-100,NY,Supplier A,329,25,417,4.25,0.36
c999584a-eb6b-5a87-bffd-50433c92d6a2,2024-05-19,TX-200,FL,Supplier D,321,17,397,4.25,0.36
37850dbc-89e5-dfc0-0b66-ae8042ad98fb,2024-05-19,TX-200,IL,Supplier C,337,17,410,4.25,0.36
c4362696-349a-386f-e707-51d59408ff12,2024-05-19,TX-200,TX,Supplier D,367,25,462,4.25,0.36
9de8e0fe-2e00-de33-cce2-5ffc201f012c,2024-05-19,TX-300,IL,Supplier B,345,33,443,4.25,0.36
e08c1260-dfde-e502-aa7d-1f5b46f25c84,2024-05-19,TX-300,NY,Supplier E,265,13,329,4.25,0.36
668ced36-3a67-a4b8-a717-7957d06d2d52,2024-05-19,TX-400,IL,Supplier C,299,21,375,4.25,0.36
574c00ab-9b36-cc29-3ea2-1a1965bf339c,2024-05-19,TX-400,NY,Supplier A,352,13,435,4.25,0.36
3e5d6a78-ed2f-6ddb-e650-3aeec17178c0,2024-05-20,TX-100,CA,Supplier C,353,26,451,4.25,0.23
fbad51f3-cdeb-3d79-4bc5-8771a43b227d,2024-05-20,TX-100,FL,Supplier C,304,29,395,4.25,0.23
542d939b-ad91-7cdb-7a96-1b65b33e4859,2024-05-20,TX-100,TX,Supplier E,335,19,415,4.25,0.23
802667fe-9caf-84cf-74cf-ba79d7d4d695,2024-05-20,TX-200,TX,Supplier C,358,29,457,4.25,0.23
e0d4b739-c75b-644e-d3b5-02478d1cb172,2024-05-20,TX-300,NY,Supplier D,285,19,356,4.25,0.23
6d0967cf-058d-8a83-82ad-69b9cd6891a1,2024-05-20,TX-300,TX,Supplier E,366,23,453,4.25,0.23
1b7b9e24-d870-254b-c2e5-da7b924e7508,2024-05-20,TX-400,CA,Supplier E,393,24,496,4.25,0.23
8f9a4c2c-fbe2-096f-6735-0d9419b55984,2024-05-20,TX-400,IL,Supplier D,327,19,411,4.25,0.23
6f1b748b-4ce5-6558-1c9b-04d0a5365e59,2024-05-20,TX-400,NY,Supplier B,339,15,420,4.25,0.23
04e2e098-3e9f-366d-3fdd-24a7e023b097,2024-05-20,TX-500,TX,Supplier C,465,32,587,4.25,0.23
54796332-0f75-d970-1fc2-a6faacfa6280,2024-05-21,TX-200,CA,Supplier D,385,40,507,4.25,0.56
34557308-8450-5353-b3de-afd8aa20a9ed,2024-05-21,TX-200,IL,Supplier B,292,25,369,4.25,0.56
3a23ca36-87a8-68cf-9f96-cf5f0cdf6f19,2024-05-21,TX-200,TX,Supplier C,393,29,505,4.25,0.56
e7ef3517-08ee-1aa8-6772-ba08b4fb1e7d,2024-05-21,TX-300,IL,Supplier A,318,26,404,4.25,0.56
0d60ebd4-29fc-998f-0846-8dd4bc9d5fb5,2024-05-21,TX-300,NY,Supplier A,308,15,387,4.25,0.56
08f77389-8be3-3b6a-baa8-2b3c3cffb628,2024-05-21,TX-400,NY,Supplier D,299,21,381,4.25,0.56
f52c4481-0df7-bbd1-0590-7d6539f8d5c0,2024-05-21,TX-500,IL,Supplier E,389,17,482,4.25,0.56
26d8b18d-0982-773f-e033-dae78c9e53c2,2024-05-21,TX-500,TX,Supplier B,366,35,478,4.25,0.56
a184225c-caf1-a523-f8df-c63710dafed0,2024-05-22,TX-100,CA,Supplier B,370,39,485,4.25,0.93
7323da3c-f153-8f41-ef09-04fad81bbbb6,2024-05-22,TX-300,FL,Supplier E,311,18,389,4.25,0.93
1fc3f163-4f93-aa55-8478-5b07948829ad,2024-05-22,TX-300,IL,Supplier E,364,18,455,4.25,0.93
01c6d407-4abe-47c5-e148-567a5825cb70,2024-05-22,TX-300,NY,Supplier D,306,20,391,4.25,0.93
cb86ab12-7836-66e5-bf75-88aafeb36b17,2024-05-22,TX-400,TX,Supplier C,408,22,508,4.25,0.93
ee51c3a4-5736-a405-aea6-c4b21eeeaa67,2024-05-22,TX-500,CA,Supplier D,418,43,541,4.25,0.93
e61f7075-f895-2f28-84a5-2c07559f8309,2024-05-22,TX-500,NY,Supplier E,326,20,406,4.25,0.93
8394525d-cae9-92ad-35ff-d381e0ef0145,2024-05-23,TX-100,IL,Supplier B,343,27,441,4.25,0.83
d7c583d5-6828-e9a4-595a-780f91fc5979,2024-05-23,TX-200,CA,Supplier A,351,29,450,4.25,0.83
18b56208-91c8-5d9e-ad6a-1c0636f14692,2024-05-23,TX-200,NY,Supplier B,360,23,449,4.25,0.83
64cad17d-024b-3195-38b0-7f9ce3ea3064,2024-05-23,TX-400,CA,Supplier B,404,23,501,4.25,0.83
25d5de40-a77a-d068-e00f-d6a72167c89a,2024-05-23,TX-400,FL,Supplier B,377,33,492,4.25,0.83
232dc35e-8ac7-6fb3-223b-4fb0b943cb50,2024-05-23,TX-500,CA,Supplier C,429,31,541,4.25,0.83
5114b4d0-37fe-c131-04b0-bb86e2fe86d3,2024-05-24,TX-100,NY,Supplier C,294,17,364,4.25,0.82
dcdf02e8-1e85-0be7-55bd-109cc543555e,2024-05-24,TX-200,CA,Supplier E,404,13,500,4.25,0.82
ddc975c5-86c2-cc33-26ee-65dd31c39ead,2024-05-24,TX-300,CA,Supplier A,324,20,405,4.25,0.82
93b0444a-57a9-bdab-ace1-e46ba4d4aab4,2024-05-24,TX-300,IL,Supplier E,300,15,379,4.25,0.82
c4f673bc-4e79-0204-985a-4d4d82383c7d,2024-05-24,TX-300,NY,Supplier E,337,20,425,4.25,0.82
f25d4ea8-0c24-4397-5ab3-01053eb283b8,2024-05-24,TX-400,FL,Supplier C,382,24,485,4.25,0.82
ac04bd3d-b446-7381-79bb-005dea83790d,2024-05-24,TX-400,IL,Supplier D,335,18,416,4.25,0.82
99e30729-b47c-eafe-69cb-5a4441a860e1,2024-05-24,TX-500,CA,Supplier C,416,25,520,4.25,0.82
0c7b9e42-f1fb-255a-492e-55b77edc848c,2024-05-25,TX-100,FL,Supplier B,364,25,463,4.25,0.51
3a10138a-abb8-20b6-c86f-fc3c797b84cf,2024-05-25,TX-300,FL,Supplier E,288,18,369,4.25,0.51
7e56dbde-3fda-d2cc-cdd0-4509f21c6dbf,2024-05-25,TX-300,NY,Supplier D,260,22,331,4.25,0.51
fb545b12-d2ef-a663-3797-aa236a8a58e8,2024-05-25,TX-400,NY,Supplier C,299,25,383,4.25,0.51
9913f05c-bf97-79da-864f-cd18eb2ccd10,2024-05-25,TX-500,FL,Supplier B,383,23,481,4.25,0.51
4fd34a7d-8d70-0c0a-bbd6-f84e17bede54,2024-05-26,TX-100,FL,Supplier A,361,21,454,4.25,0.97
32bf8902-5ca4-9cf7-b7bd-ef7275bb96a4,2024-05-26,TX-100,NY,Supplier D,316,19,395,4.25,0.97
3569fa56-4a64-8e16-8956-a8e9f695ffa5,2024-05-26,TX-200,FL,Supplier B,371,27,474,4.25,0.97
332a14ed-4d5b-f084-c502-b176daacc854,2024-05-26,TX-200,IL,Supplier B,317,24,398,4.25,0.97
84f46b30-0c0c-f564-3803-729aaf14873c,2024-05-26,TX-300,FL,Supplier B,310,25,392,4.25,0.97
f0b92ee3-7e9e-8a7e-5425-7c4f38e529a2,2024-05-26,TX-300,TX,Supplier C,385,31,486,4.25,0.97
8d1f2b7e-07d4-1168-8e8c-d81b5c6012f7,2024-05-26,TX-400,IL,Supplier A,300,22,379,4.25,0.97
dedb0720-1fe9-0841-7523-a21f64171877,2024-05-26,TX-400,NY,Supplier E,374,24,474,4.25,0.97
56a35d38-40a5-9ab3-4b16-759d1d96004f,2024-05-26,TX-500,TX,Supplier A,385,37,503,4.25,0.97
0594ef43-0f19-c1cc-22c5-c66649837ba7,2024-05-27,TX-100,NY,Supplier D,283,15,352,4.25,0.84
5775725b-9800-22e5-dd02-09d2fa73fc9e,2024-05-27,TX-200,NY,Supplier E,293,19,371,4.25,0.84
601694e9-636a-4308-bbf0-1ff6c85996a4,2024-05-27,TX-300,IL,Supplier E,278,15,348,4.25,0.84
7f222dfb-1e9d-1e5d-e490-9cf97cf42220,2024-05-27,TX-400,CA,Supplier B,404,28,504,4.25,0.84
96909a4c-684a-b2ca-5373-04c1a5866ae2,2024-05-27,TX-500,IL,Supplier B,320,27,404,4.25,0.84
327571ca-5231-2770-0246-9b0a80632f00,2024-05-27,TX-500,TX,Supplier E,368,18,459,4.25,0.84
1e86b623-dc2b-033d-c22a-d3f1b92c767b,2024-05-28,TX-100,CA,Supplier B,406,29,515,4.25,0.63
b374d938-a351-d2fd-71ae-6754d96160fb,2024-05-28,TX-200,NY,Supplier E,341,15,425,4.25,0.63
7ca05783-172f-b00f-ef34-b8b3d322a4e2,2024-05-28,TX-200,TX,Supplier D,372,32,481,4.25,0.63
006a8da8-24bb-dff1-f2d5-8967ecafcfcc,2024-05-28,TX-300,FL,Supplier D,298,25,385,4.25,0.63
fcca18a8-c182-c013-3f17-6a730a36823a,2024-05-28,TX-300,TX,Supplier B,323,27,416,4.25,0.63
48600501-2c4f-ce24-6571-77267c4271cb,2024-05-28,TX-400,CA,Supplier B,461,34,591,4.25,0.63
dbf2db05-b48a-635d-d5d2-507495b22463,2024-05-28,TX-400,NY,Supplier B,356,28,454,4.25,0.63
62884aba-2d5d-2b80-5477-aa43d7c542c8,2024-05-28,TX-400,TX,Supplier B,425,27,547,4.25,0.63
2ac20151-9851-1ed7-1742-707c17e9c448,2024-05-28,TX-500,FL,Supplier D,441,37,571,4.25,0.63
9a11f2fd-bbc1-1b41-8226-e16a4423d4b1,2024-05-29,TX-100,CA,Supplier B,403,34,516,4.25,0.89
4b39d854-f8eb-0e1e-9d14-e8941dd4940a,2024-05-29,TX-100,IL,Supplier D,281,33,368,4.25,0.89
12118aa7-5e05-25d2-e8a6-df63188ba10e,2024-05-29,TX-100,NY,Supplier C,257,16,328,4.25,0.89
4f5cf9a7-eab6-07ff-fd66-2f98f6423c2e,2024-05-29,TX-200,CA,Supplier A,362,21,450,4.25,0.89
89edaad0-5a70-fac5-3ffa-16861666e19c,2024-05-29,TX-300,FL,Supplier A,294,20,371,4.25,0.89
3852e99d-e318-e835-fb00-3f9e33bc0181,2024-05-29,TX-400,CA,Supplier B,356,18,447,4.25,0.89
cad61b90-805d-cb54-b6ae-960e0aab03d2,2024-05-29,TX-400,FL,Supplier B,411,23,527,4.25,0.89
5152d47e-b8c9-7ce3-9005-92f972d3d13d,2024-05-29,TX-400,IL,Supplier D,315,19,397,4.25,0.89
cad15db6-c3ee-c2a8-a252-bf748891643b,2024-05-30,TX-100,CA,Supplier D,411,43,527,4.25,0.09
5169fdf0-a9dd-8d78-cc97-8fb8768a39e3,2024-05-30,TX-100,FL,Supplier D,332,26,421,4.25,0.09
6e12152b-c929-ed11-a482-0a7a92e65ef6,2024-05-30,TX-200,NY,Supplier C,292,19,361,4.25,0.09
3ec3bdf5-9a6d-9bb1-7ecc-de42421ecdaf,2024-05-30,TX-300,CA,Supplier C,428,35,541,4.25,0.09
a9d4ccfc-2d88-8165-a2a8-3da029b9f04a,2024-05-30,TX-300,FL,Supplier D,380,31,489,4.25,0.09
6e857ae5-b01d-e1f6-63ef-80f6c5d9969e,2024-05-30,TX-400,IL,Supplier E,301,15,368,4.25,0.09
8baf1d9a-4904-372c-2268-2e3ded9ce750,2024-05-30,TX-500,CA,Supplier A,384,28,488,4.25,0.09
ed1a1fe0-cebe-23f0-a88a-ff2779646465,2024-05-30,TX-500,FL,Supplier B,384,23,484,4.25,0.09
5991a773-034f-c4d4-46eb-4fb12369560c,2024-05-31,TX-100,CA,Supplier D,347,20,437,4.25,0.22
d15644ea-6d55-d548-8ef1-d07298ffeed9,2024-05-31,TX-100,NY,Supplier E,327,19,412,4.25,0.22
47fdc193-9c78-b49f-3864-d71e5e39c1af,2024-05-31,TX-300,NY,Supplier D,305,32,398,4.25,0.22
a8a75ec6-4b8d-2d2f-bdad-7e9952f5b723,2024-05-31,TX-400,CA,Supplier B,349,32,447,4.25,0.22
85f8b234-aa6a-bb16-889d-75243d74341a,2024-05-31,TX-400,FL,Supplier C,377,35,485,4.25,0.22
3c133076-ad4f-acd2-2847-107dfabac307,2024-06-01,TX-200,TX,Supplier B,342,34,453,4.22,0.91
98d2f847-4ed6-0829-fd41-38a7f9aed30b,2024-06-01,TX-400,FL,Supplier E,345,21,433,4.22,0.91
642b750e-f629-e788-1971-b254697196cd,2024-06-01,TX-400,NY,Supplier E,318,8,394,4.22,0.91
6c352502-65df-484c-5002-8fd06f66bdde,2024-06-01,TX-400,TX,Supplier E,349,27,449,4.22,0.91
c4ef4fb6-1a52-6ff8-7676-efb369612d61,2024-06-01,TX-500,CA,Supplier E,411,24,513,4.22,0.91
0bde78a1-93a4-c972-30d2-c675be61e984,2024-06-01,TX-500,NY,Supplier D,337,20,422,4.22,0.91
54c404e5-812e-28eb-ed9c-4f57e9bc34d5,2024-06-02,TX-100,FL,Supplier C,356,37,457,4.22,0.18
6d7a9c81-b0fa-0644-0b36-f9ff2d99e537,2024-06-02,TX-100,IL,Supplier A,268,27,348,4.22,0.18
1e52eb3a-c1b5-ed2a-3e04-1ed03fc8394a,2024-06-02,TX-100,NY,Supplier E,289,13,367,4.22,0.18
8a09fddd-152a-9639-8012-ef5be80f1f83,2024-06-02,TX-100,TX,Supplier C,355,22,454,4.22,0.18
6bde3ae1-8fe2-d1a3-6647-bb9304c7abe5,2024-06-02,TX-200,CA,Supplier C,445,40,578,4.22,0.18
6ddb0dff-0e13-9ff1-a5a4-46119d50befa,2024-06-02,TX-200,IL,Supplier B,348,17,442,4.22,0.18
c54072eb-6442-790a-e213-8b3982efb42b,2024-06-02,TX-300,CA,Supplier E,389,22,487,4.22,0.18
e4638f88-1ada-9524-e338-193f42ebb811,2024-06-02,TX-400,FL,Supplier D,341,32,442,4.22,0.18
c4f6ae4c-50d0-280c-1da0-d183fe21a686,2024-06-02,TX-400,NY,Supplier C,294,18,370,4.22,0.18
88d8f32a-cfab-fe65-6ccc-da17da601cb5,2024-06-02,TX-500,IL,Supplier C,432,36,551,4.22,0.18
47be9c9e-c169-9bda-6810-f1350978f929,2024-06-03,TX-200,CA,Supplier B,352,29,449,4.22,0.08
be1640d5-430f-201a-61e2-269de4235258,2024-06-03,TX-200,FL,Supplier B,332,30,427,4.22,0.08
a194ac8d-bcb2-deaf-8aa9-4a125f4975d5,2024-06-03,TX-200,IL,Supplier E,342,10,423,4.22,0.08
651c931b-c226-fc93-d46f-70261dbf83c8,2024-06-03,TX-200,TX,Supplier A,332,27,421,4.22,0.08
a9124d7a-41ea-b903-42f1-9975b15e0a2a,2024-06-03,TX-300,NY,Supplier B,345,23,437,4.22,0.08
0a9dec93-70e5-5da8-a817-98a1d2f71fd9,2024-06-03,TX-300,TX,Supplier A,356,28,450,4.22,0.08
b5b0c4ed-f06d-8481-53d7-fb4ff0dc14a7,2024-06-03,TX-400,FL,Supplier B,361,21,451,4.22,0.08
fb3bc9e8-53b8-fdbf-0fb3-12042f31f428,2024-06-03,TX-400,TX,Supplier E,396,28,498,4.22,0.08
6e639a37-3dfe-c5d4-9244-f3eeae85d954,2024-06-03,TX-500,CA,Supplier A,387,27,490,4.22,0.08
dc35a96d-7ef9-5ddd-2007-95dd8ed7aa68,2024-06-03,TX-500,NY,Supplier D,400,29,510,4.22,0.08
10a8deee-21e3-1fb7-fd4f-a2aa87cdee0b,2024-06-03,TX-500,TX,Supplier E,479,22,603,4.22,0.08
bdac5b6c-e839-403c-662c-999419fda73d,2024-06-04,TX-100,CA,Supplier A,332,24,430,4.22,0.39
6b48ef97-5fd0-2548-32a6-71cd49aecae6,2024-06-04,TX-100,FL,Supplier E,294,13,363,4.22,0.39
7e76cfc8-7f23-1ab5-64cd-5c61b9dfa66d,2024-06-04,TX-100,IL,Supplier B,277,32,363,4.22,0.39
fa60741d-b480-e734-dbd2-5831c591f30c,2024-06-04,TX-200,TX,Supplier C,420,35,541,4.22,0.39
4f8d6488-5c85-8353-b29b-385a9aa83a88,2024-06-04,TX-300,IL,Supplier A,365,19,455,4.22,0.39
499154e9-6943-3e90-d796-971e5f93a89c,2024-06-04,TX-300,NY,Supplier B,332,21,423,4.22,0.39
854962ed-b2cb-80d8-b0a9-57149b5e9ca0,2024-06-04,TX-400,CA,Supplier A,368,25,469,4.22,0.39
4610c191-d72b-d1f7-145e-851253e9191f,2024-06-04,TX-400,NY,Supplier E,317,17,398,4.22,0.39
fd76c7ce-b9c9-ee85-185b-bdab6f6e247f,2024-06-04,TX-500,NY,Supplier B,408,36,525,4.22,0.39
31a814f0-9915-a824-b50e-7e317792ac9e,2024-06-05,TX-100,CA,Supplier B,367,31,469,4.22,0.72
6e2a71bf-47d7-51d7-2d98-8ef34dac97db,2024-06-05,TX-100,NY,Supplier E,342,18,430,4.22,0.72
585da041-3768-60fe-5912-6fcad21b8bfa,2024-06-05,TX-400,FL,Supplier B,403,29,519,4.22,0.72
3c4accbf-a0cb-50c6-3d50-6b25361ef87d,2024-06-05,TX-400,NY,Supplier B,326,32,426,4.22,0.72
09e21b09-4abf-7160-1c4c-efde96e80282,2024-06-05,TX-400,TX,Supplier B,405,26,508,4.22,0.72
1a6953df-edfb-6798-8a0e-cfc7c554733e,2024-06-05,TX-500,TX,Supplier B,456,42,586,4.22,0.72
0a8da3ba-872b-663e-c9d9-b8a1df113305,2024-06-06,TX-100,IL,Supplier A,297,12,367,4.22,0.6
c4e0fbd5-004a-4e20-9c55-812e59e6b6b8,2024-06-06,TX-100,NY,Supplier B,339,27,431,4.22,0.6
66f2f04a-0b1f-3b71-6c8c-3f39caf3e7d8,2024-06-06,TX-100,TX,Supplier A,395,31,503,4.22,0.6
1ecd994a-9545-b39a-f8c0-da6ce7dc6644,2024-06-06,TX-200,IL,Supplier E,318,20,399,4.22,0.6
f7ce0a42-4de2-cb1a-e3e8-997134a89744,2024-06-06,TX-500,CA,Supplier D,399,29,506,4.22,0.6
1508fea8-6fb0-f1de-4478-d2efaad51f58,2024-06-07,TX-100,CA,Supplier E,372,28,470,4.22,0.53
cd8596a0-7ff3-4203-5f92-1c0cd2b74587,2024-06-07,TX-200,FL,Supplier B,355,19,448,4.22,0.53
ed484327-3468-7213-df51-968793128c5d,2024-06-07,TX-300,NY,Supplier C,294,21,378,4.22,0.53
e0edbc38-3c1b-5254-1f93-45d4afd3b5a3,2024-06-07,TX-300,TX,Supplier D,309,24,396,4.22,0.53
6c1d3bfe-387c-3719-86f4-f5bf37120ea6,2024-06-07,TX-500,FL,Supplier A,369,20,464,4.22,0.53
b26dae49-c58f-405f-db26-df5e000de549,2024-06-08,TX-200,IL,Supplier A,312,19,390,4.22,0.74
157a8053-be87-861d-7b07-e55cf9d42f40,2024-06-08,TX-300,FL,Supplier D,374,42,486,4.22,0.74
d8c331a4-74de-6890-abc5-437475c1bb3f,2024-06-08,TX-300,TX,Supplier C,339,32,433,4.22,0.74
a2966b94-5f2f-bdd0-ea44-b09a41e6d0fd,2024-06-08,TX-400,FL,Supplier C,334,27,433,4.22,0.74
e09ca16c-e00d-4953-fec8-65a23f83ac1c,2024-06-08,TX-500,CA,Supplier C,413,36,525,4.22,0.74
55e13c5e-1642-210b-8b6c-9c574817d79d,2024-06-08,TX-500,IL,Supplier A,424,28,530,4.22,0.74
a169749d-2659-acb9-c394-c96d7c542786,2024-06-08,TX-500,TX,Supplier D,421,42,542,4.22,0.74
7cde63d7-9e7d-8fd3-d011-91b8cd8bb6df,2024-06-09,TX-100,FL,Supplier B,345,32,447,4.22,0.83
e1f8db53-4e5d-998c-cc29-5f31daa9a1e3,2024-06-09,TX-200,FL,Supplier A,352,26,450,4.22,0.83
d6851b8f-bba5-b8c7-8984-5b967b0a52b7,2024-06-09,TX-200,IL,Supplier E,313,15,390,4.22,0.83
0aa63df3-7a1b-7b08-1247-e57d9736afb3,2024-06-09,TX-200,TX,Supplier B,372,23,474,4.22,0.83
a8280a89-c0c1-6daa-3d3c-7faa0534a1bb,2024-06-09,TX-300,CA,Supplier B,403,26,516,4.22,0.83
ef8c0691-b0f8-5e58-fd5d-d840bb33b0f6,2024-06-09,TX-300,IL,Supplier B,373,37,486,4.22,0.83
625e80b8-7742-a418-3dca-9b7d10855ce8,2024-06-09,TX-400,CA,Supplier E,366,18,456,4.22,0.83
734cd2ff-6916-a6d9-195e-954a8b37989b,2024-06-09,TX-400,FL,Supplier A,422,21,528,4.22,0.83
c5fb63ed-40b1-b4de-4b35-dc9115084c93,2024-06-09,TX-400,NY,Supplier A,335,16,421,4.22,0.83
6e950fa1-e5e2-7b6e-d06f-df278fda17a8,2024-06-09,TX-400,TX,Supplier A,369,21,465,4.22,0.83
8afda9dd-28df-5bd0-386e-975946911622,2024-06-09,TX-500,FL,Supplier B,384,29,483,4.22,0.83
4ff2d2ec-dbde-ffc2-a81e-0e89b3e1cf42,2024-06-09,TX-500,IL,Supplier D,400,22,501,4.22,0.83
6254ddb2-620a-06cf-565d-17f85029b06f,2024-06-09,TX-500,NY,Supplier B,340,21,423,4.22,0.83
04b4daf4-89c4-8fcb-e8eb-6995e441261f,2024-06-10,TX-300,CA,Supplier D,352,28,458,4.22,0.02
a591a899-8556-db78-852b-e19d1ab73431,2024-06-10,TX-300,TX,Supplier E,393,19,486,4.22,0.02
b8144d89-2ff5-cfd2-2df2-d98bd1e85f5d,2024-06-10,TX-400,IL,Supplier B,408,46,536,4.22,0.02
b6194f51-c2d3-a752-371b-7593e76d1af6,2024-06-10,TX-500,IL,Supplier A,433,31,555,4.22,0.02
5494f6d7-0e83-e6d0-211f-ff13e12c4884,2024-06-10,TX-500,NY,Supplier C,324,33,423,4.22,0.02
564cdb3b-e7aa-7ac8-097c-4747f776d92b,2024-06-10,TX-500,TX,Supplier C,442,25,559,4.22,0.02
3065e6d4-0f36-32fb-60bc-7f4bc08bb126,2024-06-11,TX-100,IL,Supplier E,320,13,391,4.22,0.9
1874e975-4bc9-4933-e809-74e05670fec9,2024-06-11,TX-100,TX,Supplier D,356,28,459,4.22,0.9
9def9981-d469-9275-33dd-b582b6ac2053,2024-06-11,TX-200,CA,Supplier A,428,40,548,4.22,0.9
e9aed14d-b938-bf67-97d4-3ea92594f33d,2024-06-11,TX-300,FL,Supplier A,308,20,393,4.22,0.9
e8a12c5d-aa4c-b552-b7d6-e33615c5ed65,2024-06-11,TX-400,NY,Supplier E,323,21,401,4.22,0.9
a56ad332-74df-8e11-06c4-6e48668f4130,2024-06-11,TX-500,FL,Supplier D,449,30,567,4.22,0.9
b2269228-e861-a011-c82d-ae921cd366ea,2024-06-11,TX-500,TX,Supplier E,391,17,489,4.22,0.9
280e7495-db81-dca7-7b41-0dc7ee46d82c,2024-06-12,TX-100,FL,Supplier A,354,30,459,4.22,0.6
f5ba56b1-2a89-e742-ff67-d92fd8403603,2024-06-12,TX-100,IL,Supplier A,287,16,361,4.22,0.6
08fd5cc9-ef96-f71f-9289-72dc781928be,2024-06-12,TX-300,IL,Supplier C,287,17,362,4.22,0.6
a95f566e-c89b-2caf-ab72-58f1007b9acd,2024-06-12,TX-400,CA,Supplier A,351,23,444,4.22,0.6
d44517a9-817e-82f5-5373-0506d6c96535,2024-06-12,TX-500,TX,Supplier B,400,31,522,4.22,0.6
182ed93c-6ddb-1658-f0c7-8ffd1fbb5275,2024-06-13,TX-200,NY,Supplier E,308,29,400,4.22,0.88
175e550e-a3d0-a4df-06e5-f9bf74c531ca,2024-06-13,TX-200,TX,Supplier E,337,15,409,4.22,0.88
83e3865a-b9f4-391c-5aab-e61a6fef7f9e,2024-06-13,TX-400,NY,Supplier B,387,29,492,4.22,0.88
f3c8cb2e-fd8c-372f-b1f7-08ef339742ba,2024-06-13,TX-400,TX,Supplier B,346,29,445,4.22,0.88
a292bd66-92c7-43f4-58e0-8b2c53673483,2024-06-13,TX-500,FL,Supplier A,385,23,482,4.22,0.88
157c73d7-d529-6ba8-150f-99836c3c5004,2024-06-13,TX-500,NY,Supplier A,350,18,436,4.22,0.88
39740280-ebe1-adf1-eb74-62afc685a170,2024-06-14,TX-200,CA,Supplier C,357,25,454,4.22,0.49
40d1b0f5-bdc5-9270-46b1-7c7dc7c1480f,2024-06-14,TX-200,IL,Supplier E,335,25,428,4.22,0.49
7836a08f-330c-2ca8-bffd-8ee6ef121624,2024-06-14,TX-200,TX,Supplier B,352,30,455,4.22,0.49
bc257b39-79e3-5b51-cd96-41ff9123cc4f,2024-06-14,TX-300,IL,Supplier B,295,16,364,4.22,0.49
9b3cdb5e-5bd3-f45f-eb65-69d90fd59ca8,2024-06-14,TX-300,NY,Supplier E,328,23,409,4.22,0.49
bf1bd692-48fa-d5e3-d01a-7334959f90eb,2024-06-14,TX-400,FL,Supplier B,369,24,464,4.22,0.49
491fec41-81c3-9014-3eb0-24b748501612,2024-06-14,TX-400,IL,Supplier A,334,16,411,4.22,0.49
d58b25ed-3561-2f6a-92a8-10d80e463b80,2024-06-14,TX-500,TX,Supplier A,465,31,589,4.22,0.49
88f27507-6bf2-8127-c91a-3ef32d5d657c,2024-06-15,TX-100,FL,Supplier D,355,21,444,4.22,0.33
1565e7c9-5470-7120-b2c7-17d77743d9b9,2024-06-15,TX-200,FL,Supplier E,351,16,435,4.22,0.33
433548d5-ab9f-c302-6570-ab49ccc6739c,2024-06-15,TX-200,NY,Supplier C,302,24,385,4.22,0.33
618d968a-7af1-3553-87a5-af1f8f0d21c1,2024-06-15,TX-300,CA,Supplier A,345,29,443,4.22,0.33
b50d5fd6-5895-346f-b97d-1f24f0ea168c,2024-06-15,TX-300,IL,Supplier D,348,25,441,4.22,0.33
fb6ee0aa-5f1f-143e-2d74-26a918382ca9,2024-06-15,TX-300,TX,Supplier C,325,26,413,4.22,0.33
7b06d82f-0dd1-ed51-15f2-4dbe20888d16,2024-06-15,TX-500,CA,Supplier B,499,35,630,4.22,0.33
e5b5fd32-57a1-80f5-2753-9eec0ba81589,2024-06-15,TX-500,FL,Supplier D,405,36,526,4.22,0.33
813889b1-abbe-dac7-ccd8-65839137eb16,2024-06-15,TX-500,NY,Supplier C,325,28,422,4.22,0.33
47b31a38-3fe1-d764-fc9d-c32a3bc040ff,2024-06-16,TX-100,FL,Supplier D,367,35,477,4.22,0.13
53346c19-4e3d-c282-8d59-b18f0c2d23ca,2024-06-16,TX-200,IL,Supplier A,333,24,423,4.22,0.13
57be1571-9596-64d5-7a00-54c668403cbb,2024-06-16,TX-300,CA,Supplier A,345,25,442,4.22,0.13
cdcabecf-94b5-c317-9fe2-6bd28c41bd7c,2024-06-16,TX-300,IL,Supplier E,378,21,472,4.22,0.13
ffe95038-b2bb-2219-bd48-2d06f934d452,2024-06-17,TX-100,IL,Supplier E,284,14,355,4.22,0.74
4a8ed493-8bef-11c4-5d20-614e71318996,2024-06-17,TX-100,TX,Supplier E,364,14,452,4.22,0.74
c7bcc0fe-f9e5-3596-4e96-7b5b90c8103e,2024-06-17,TX-200,CA,Supplier E,341,12,421,4.22,0.74
279f4346-87de-d253-db69-e21f1f3e3ffe,2024-06-17,TX-200,IL,Supplier C,378,35,492,4.22,0.74
a292c6b7-a17c-52d3-db16-8cc4c21ed3c0,2024-06-17,TX-300,CA,Supplier C,342,31,442,4.22,0.74
f6f1c5e7-c515-1bef-0ce6-1f2e3334a36b,2024-06-17,TX-300,FL,Supplier C,399,36,516,4.22,0.74
45539228-2006-b94f-f31a-c30def6d52d8,2024-06-17,TX-400,NY,Supplier B,337,25,426,4.22,0.74
5773075f-0a98-e168-2c49-d301475fcf6c,2024-06-17,TX-500,FL,Supplier A,453,26,560,4.22,0.74
b5ed26d7-452e-92e2-a87c-4cf170816b55,2024-06-17,TX-500,IL,Supplier C,404,33,515,4.22,0.74
8daffdea-5962-2e77-be97-3746d0db925f,2024-06-17,TX-500,NY,Supplier A,332,32,431,4.22,0.74
2339351f-7f44-91a3-24ee-db068a8e05e2,2024-06-18,TX-100,FL,Supplier B,335,27,429,4.22,0.12
cc09ce7b-eb80-95c1-04c9-30b28c4e703c,2024-06-18,TX-100,IL,Supplier B,353,31,453,4.22,0.12
4db2a18f-b196-fb6d-63bd-3920d81e1142,2024-06-18,TX-100,NY,Supplier E,299,26,389,4.22,0.12
552fdf33-5c0a-d824-87c6-c4f1b346a6fe,2024-06-18,TX-200,TX,Supplier D,383,32,490,4.22,0.12
8d753347-ff0d-9b68-ba4c-f0fded6c6252,2024-06-18,TX-300,FL,Supplier D,340,29,436,4.22,0.12
2371f31d-452a-8604-99fa-a7552542e69e,2024-06-18,TX-400,TX,Supplier C,453,29,572,4.22,0.12
91eee2a7-d297-4715-29ab-f2481abd155c,2024-06-19,TX-100,CA,Supplier B,394,21,494,4.22,0.83
2865dc51-40cc-e426-2fed-3586875e0e88,2024-06-19,TX-100,FL,Supplier C,313,21,397,4.22,0.83
fdf5ad8f-4a65-a828-c06d-47cdcf500ae5,2024-06-19,TX-100,TX,Supplier E,352,17,431,4.22,0.83
fdad954f-e0f9-6f1f-897b-ebb087d57245,2024-06-19,TX-200,IL,Supplier B,324,26,416,4.22,0.83
742491e6-b8d0-9e4b-8c86-359a551c8172,2024-06-19,TX-300,IL,Supplier C,321,25,414,4.22,0.83
b0c1685f-5b97-933d-446e-965fcdbf6c37,2024-06-19,TX-500,CA,Supplier E,460,25,579,4.22,0.83
ff13ae82-1d1f-d2d4-979c-421f7e2001c2,2024-06-19,TX-500,IL,Supplier C,399,28,505,4.22,0.83
ec6b4b41-9c9b-630e-efa4-2bc5a4242168,2024-06-20,TX-200,CA,Supplier B,364,29,464,4.22,0.18
eebfdb46-b61a-f770-9f00-f8818cb1da9b,2024-06-20,TX-200,TX,Supplier B,403,32,513,4.22,0.18
f6818e3c-ac9f-f194-a799-2b284fdf5736,2024-06-20,TX-300,FL,Supplier C,400,26,508,4.22,0.18
2f97de87-fcae-a8f1-7279-a221f86b4e14,2024-06-20,TX-400,IL,Supplier B,368,31,465,4.22,0.18
d792fee5-5905-7551-29be-d15ad2bdd953,2024-06-20,TX-500,CA,Supplier B,489,41,626,4.22,0.18
c38e246a-2c39-67b8-ad79-888ad1328edc,2024-06-20,TX-500,FL,Supplier D,410,30,521,4.22,0.18
82e9dc19-dd0c-ad8b-735c-a124a5d2aac2,2024-06-20,TX-500,TX,Supplier E,463,27,593,4.22,0.18
ad2b160a-5fe7-0d9b-87a9-1b27d1974454,2024-06-21,TX-100,CA,Supplier E,393,29,503,4.22,0.07
6229d647-a3af-9672-6180-55e822b661ab,2024-06-21,TX-200,CA,Supplier C,375,28,476,4.22,0.07
f3b5ac18-d5c1-ab28-44f8-6c0547da514a,2024-06-21,TX-200,NY,Supplier E,355,19,451,4.22,0.07
e8611c56-f725-20a5-be27-e08b72c7db62,2024-06-21,TX-400,FL,Supplier A,371,22,458,4.22,0.07
b01d6832-ca57-5272-8c43-f32782534ccf,2024-06-21,TX-400,NY,Supplier B,296,24,382,4.22,0.07
af5dc89e-34b5-2194-04ad-65a3fd54b4cc,2024-06-21,TX-400,TX,Supplier C,404,31,511,4.22,0.07
c9bbad54-4330-849a-acca-79883e59f544,2024-06-22,TX-100,CA,Supplier A,322,14,394,4.22,0.67
0ff1f5ae-ef98-44de-3d21-834ec3134ad8,2024-06-22,TX-100,NY,Supplier B,313,25,396,4.22,0.67
04e0effc-f2aa-d39d-8475-60141cafeecb,2024-06-22,TX-300,FL,Supplier E,333,22,416,4.22,0.67
9f5aabc3-87c8-39a5-3f07-06b822a863e0,2024-06-22,TX-300,NY,Supplier D,341,18,429,4.22,0.67
b21e43b1-03a6-5892-dc88-f3e4d4a573ee,2024-06-22,TX-400,FL,Supplier A,408,26,519,4.22,0.67
4fe38522-4cab-e8bb-f4c6-05d5ab67011a,2024-06-22,TX-500,FL,Supplier A,423,37,543,4.22,0.67
af84791e-3287-9c5c-0d8d-6c8903996b18,2024-06-22,TX-500,NY,Supplier D,313,24,407,4.22,0.67
682b7252-47e3-011a-6b95-4623889bbd30,2024-06-23,TX-100,CA,Supplier A,416,28,529,4.22,0.52
b00d62cc-9335-dcaa-ef8b-f60d4de45167,2024-06-23,TX-100,FL,Supplier E,378,34,483,4.22,0.52
0305df37-a592-9a00-5ea8-5c12dc469255,2024-06-23,TX-100,IL,Supplier D,318,22,406,4.22,0.52
6f21bc44-588c-ccf0-e1a4-11a0b65671e5,2024-06-23,TX-200,TX,Supplier C,353,33,459,4.22,0.52
c3e691e3-4a7b-f237-8746-f95af07ebf8c,2024-06-23,TX-300,CA,Supplier B,360,28,459,4.22,0.52
26eb8310-a367-641d-7792-c2d7db18c78f,2024-06-23,TX-400,CA,Supplier E,382,20,479,4.22,0.52
9860951e-b6c7-cdd2-8f4d-9ce0d35df938,2024-06-23,TX-500,CA,Supplier C,417,36,532,4.22,0.52
d1b64ae2-470e-408a-9c08-4d0ccda8dde1,2024-06-23,TX-500,TX,Supplier E,459,27,570,4.22,0.52
f1a29e8a-e9a6-dd61-248e-79437d9bd967,2024-06-24,TX-100,TX,Supplier B,359,25,460,4.22,0.18
e5731245-a870-1ebf-e06b-c460adfd4259,2024-06-24,TX-200,NY,Supplier D,326,23,415,4.22,0.18
3b3ba543-bc40-7ece-613b-016ba1b12714,2024-06-24,TX-300,CA,Supplier E,393,28,497,4.22,0.18
5beffb5a-e6f0-f14b-d175-45b290e63d42,2024-06-24,TX-500,FL,Supplier B,368,29,471,4.22,0.18
36b6f90d-cd36-d329-ba74-f0e773bea838,2024-06-25,TX-100,CA,Supplier B,413,31,532,4.22,0.04
5d670568-213c-42f6-4496-98a97ae1a53d,2024-06-25,TX-100,FL,Supplier A,343,19,424,4.22,0.04
7f3f41e1-e67b-8cde-6022-92a625d70f69,2024-06-25,TX-100,TX,Supplier E,317,15,396,4.22,0.04
ed01388e-c4b2-5370-b4ad-a4de97762ae5,2024-06-25,TX-200,CA,Supplier D,367,31,476,4.22,0.04
1854ae27-769e-8e68-3ca1-36bbfa957ee4,2024-06-25,TX-400,CA,Supplier E,418,27,521,4.22,0.04
76c4af94-4ea2-7e7e-1d05-4ea123266562,2024-06-25,TX-400,TX,Supplier B,426,25,528,4.22,0.04
92c0934b-8b4e-8b6d-c964-fe382d981ee5,2024-06-25,TX-500,CA,Supplier D,379,29,485,4.22,0.04
a88f1d9b-0c29-507e-648c-4e30231fbcd1,2024-06-25,TX-500,TX,Supplier B,400,30,508,4.22,0.04
1abb0673-0a52-50de-0014-52e3301a7e41,2024-06-26,TX-200,CA,Supplier C,410,26,517,4.22,0.28
355216ea-a9f0-8d51-5c3e-bfc859071ec7,2024-06-26,TX-200,NY,Supplier E,322,13,398,4.22,0.28
7182f5e9-4480-8802-584a-039256a5097e,2024-06-26,TX-200,TX,Supplier E,411,33,524,4.22,0.28
5556e44c-7bf7-fd77-ab51-7c4a8d462bf8,2024-06-26,TX-500,IL,Supplier C,380,26,480,4.22,0.28
114fcf03-da33-6e77-5d86-0c11aefb5c0e,2024-06-27,TX-100,TX,Supplier E,313,19,390,4.22,0.87
f56cabd0-9ff4-6b9a-833f-65fc928fa220,2024-06-27,TX-300,CA,Supplier D,350,36,457,4.22,0.87
95db4674-c432-35d9-4cbd-40b3391abc65,2024-06-27,TX-300,IL,Supplier D,358,41,465,4.22,0.87
caef8893-863c-f663-ec1b-47a9cea3d6f4,2024-06-27,TX-300,NY,Supplier E,348,24,446,4.22,0.87
6f135505-79cd-ab48-f0c2-a637c46567d0,2024-06-27,TX-500,CA,Supplier C,474,34,603,4.22,0.87
f8b24f14-4e69-8ab9-6771-1f06747e0d03,2024-06-27,TX-500,NY,Supplier A,369,26,467,4.22,0.87
9779875a-97ee-990a-5aff-1fc737b309f8,2024-06-27,TX-500,TX,Supplier E,471,21,590,4.22,0.87
41f0a8a6-991a-fa69-54e0-dd9241fa4b1c,2024-06-28,TX-100,CA,Supplier A,398,28,498,4.22,0.37
178c1e6e-90c1-2e86-a132-47e5f9176b75,2024-06-28,TX-100,FL,Supplier B,386,41,504,4.22,0.37
e9214437-4c9c-1e03-7e7d-19108490a053,2024-06-28,TX-200,CA,Supplier B,398,25,505,4.22,0.37
41e9fae4-6dfc-cf2e-4806-1e782b1b195d,2024-06-28,TX-200,FL,Supplier B,365,35,479,4.22,0.37
c2992b9f-119b-f66a-9496-fc9882c145c1,2024-06-28,TX-200,NY,Supplier E,362,20,452,4.22,0.37
4a041a87-a3d0-e1a4-921a-aa7113acf62b,2024-06-28,TX-300,IL,Supplier D,316,25,398,4.22,0.37
d6d3cf04-d65a-917f-1f28-b0b5f4363a0b,2024-06-28,TX-300,NY,Supplier E,283,13,354,4.22,0.37
1c9af5f3-e59d-9e12-839a-e4fb80da9b9d,2024-06-28,TX-500,FL,Supplier C,369,32,474,4.22,0.37
9320ea75-1890-3e41-b816-c35c340d35b4,2024-06-28,TX-500,NY,Supplier C,409,30,524,4.22,0.37
89594229-4eab-bfcb-cc59-783478d48990,2024-06-29,TX-100,CA,Supplier E,328,15,407,4.22,0.77
d1fb6080-0d78-95cb-1f17-fce49612acb1,2024-06-29,TX-100,IL,Supplier E,284,21,361,4.22,0.77
06c5d6ca-f219-3b5c-4d6a-bd61ff0d296b,2024-06-29,TX-100,TX,Supplier D,315,37,414,4.22,0.77
cab9c84b-697f-b178-cbf2-1681ca7b7f08,2024-06-29,TX-200,FL,Supplier C,339,22,429,4.22,0.77
aacca8c7-1cac-1118-76d8-bca15970cf9d,2024-06-29,TX-400,FL,Supplier D,418,39,538,4.22,0.77
686cc5ca-209a-7861-1042-2f32901223e7,2024-06-29,TX-400,IL,Supplier A,328,30,426,4.22,0.77
d5b93b73-a29a-3efb-8210-d77176a1ea45,2024-06-29,TX-400,TX,Supplier A,348,18,429,4.22,0.77
0ec35813-b034-dd2e-eaa2-2934522efa6c,2024-06-29,TX-500,CA,Supplier D,470,26,586,4.22,0.77
db054a98-286f-a629-93ce-75ac86ae8bc7,2024-06-29,TX-500,IL,Supplier D,435,36,560,4.22,0.77
a892b934-6d6b-0186-24a7-c29a7c480bee,2024-06-30,TX-100,IL,Supplier B,325,24,411,4.22,0.99
fe228ace-580b-2de7-d121-adb8faf37d66,2024-06-30,TX-300,CA,Supplier B,393,26,494,4.22,0.99
b2eda59f-fbc1-8a44-5537-a7a581e5fbee,2024-06-30,TX-300,FL,Supplier E,305,29,396,4.22,0.99
2c73e224-d706-5a8f-fede-66bc790fc156,2024-06-30,TX-300,NY,Supplier E,346,16,429,4.22,0.99
8a181d63-133f-1097-ae65-75f1699f0b69,2024-06-30,TX-400,CA,Supplier A,436,29,550,4.22,0.99
9f0bd8f7-242b-2fda-617e-78858b0503a6,2024-06-30,TX-400,IL,Supplier D,397,26,511,4.22,0.99
da1bbcc1-be0d-7dad-9271-a05cf1de5ff5,2024-06-30,TX-500,NY,Supplier C,392,32,505,4.22,0.99
4886a44e-25f2-8de9-ce14-977427fe0684,2024-07-01,TX-100,NY,Supplier E,331,19,419,4.43,0.81
2116e1a3-c376-5e5c-0cff-8d4adab036dc,2024-07-01,TX-200,CA,Supplier B,373,33,486,4.43,0.81
518fc06a-0fb7-987b-77b1-d08e4648b5c1,2024-07-01,TX-200,IL,Supplier A,296,24,381,4.43,0.81
915ed408-c852-f8da-903f-3fc920d31e9a,2024-07-01,TX-200,TX,Supplier E,412,27,521,4.43,0.81
2b8d2a5b-c203-53a5-a5b7-d361ceaf2799,2024-07-01,TX-300,CA,Supplier C,442,28,563,4.43,0.81
6333a939-f038-975c-d4c4-01f9561d5e2a,2024-07-01,TX-300,NY,Supplier A,324,36,424,4.43,0.81
38bf1d42-4e69-5e2d-1de8-1a9890a775c0,2024-07-01,TX-400,IL,Supplier B,325,26,424,4.43,0.81
5b27c72a-ebcc-bd05-c038-e97d038838b1,2024-07-01,TX-400,TX,Supplier A,412,20,511,4.43,0.81
6624085f-a4a5-849a-eecd-88f357e4623c,2024-07-01,TX-500,FL,Supplier D,404,36,531,4.43,0.81
1337548e-524f-a9f9-c345-059afc8fef65,2024-07-01,TX-500,IL,Supplier C,379,40,489,4.43,0.81
0892f768-c90f-d64c-6b87-90a9aaa8a280,2024-07-02,TX-100,CA,Supplier E,350,34,450,4.43,0.99
f9281fa2-571b-d1e6-afd2-50ac1a0989e7,2024-07-02,TX-300,TX,Supplier E,389,25,490,4.43,0.99
72a4bc45-dcfc-1f1c-1dfd-3bdbca868363,2024-07-02,TX-400,CA,Supplier C,424,31,537,4.43,0.99
787824c5-251f-6fc0-f69f-b22a10630423,2024-07-02,TX-500,IL,Supplier B,387,34,501,4.43,0.99
d472490a-ee06-e33b-aa40-a2063f637094,2024-07-03,TX-100,CA,Supplier A,338,18,425,4.43,0.49
a99ba33d-1fb1-b48c-9b0d-434c8a8c01f4,2024-07-03,TX-200,FL,Supplier B,351,20,434,4.43,0.49
5f4106ae-02fa-0d07-e99f-22bccdb7d5d2,2024-07-03,TX-200,TX,Supplier C,405,36,529,4.43,0.49
2fe93683-aafc-fd9d-46d7-ada9a577cf06,2024-07-03,TX-300,IL,Supplier C,316,28,406,4.43,0.49
8a552662-60d2-e350-3a86-a0d78546adf9,2024-07-03,TX-400,CA,Supplier E,364,24,458,4.43,0.49
1ce01874-2df1-812a-9554-edadf966b894,2024-07-03,TX-400,FL,Supplier A,330,21,416,4.43,0.49
4e4a1069-3921-d561-0753-b9f3fac35bf6,2024-07-03,TX-400,NY,Supplier E,380,16,470,4.43,0.49
5868e4db-c127-e89a-5df0-19aa1cc98587,2024-07-03,TX-400,TX,Supplier E,381,30,483,4.43,0.49
8581f221-de4d-4b15-f64a-9fee67f9c811,2024-07-03,TX-500,FL,Supplier D,413,41,535,4.43,0.49
468503a9-c577-8db5-ae22-a6bb4fd3c007,2024-07-04,TX-100,FL,Supplier A,292,24,377,4.43,0.95
4a5f3522-6519-7b67-edcc-44f93973c895,2024-07-04,TX-100,NY,Supplier A,266,27,343,4.43,0.95
ff4b8e1c-7270-6ba9-ae25-3d0e79a73131,2024-07-04,TX-200,IL,Supplier B,368,23,459,4.43,0.95
0ae5ddd0-45ee-2207-c740-0cecd1b5c4f5,2024-07-04,TX-300,IL,Supplier C,346,28,446,4.43,0.95
eb1a3bc4-edac-f720-0e0e-8906fa86ae39,2024-07-04,TX-300,TX,Supplier A,386,25,477,4.43,0.95
5c8773be-bbe0-828e-c6fb-3aef173d1fc2,2024-07-04,TX-500,IL,Supplier E,430,22,528,4.43,0.95
b1cf7390-607d-b395-d9b8-ef882ff4c3b6,2024-07-04,TX-500,TX,Supplier E,375,12,465,4.43,0.95
ce7e78b1-b6e9-e369-fdeb-7eb154996b47,2024-07-05,TX-100,NY,Supplier C,271,20,346,4.43,0.2
6db3d07c-a96f-c6ec-2307-eab2e590fddf,2024-07-05,TX-200,CA,Supplier C,347,24,441,4.43,0.2
e2e674c4-0e14-f787-d5f8-1b0d214cf89e,2024-07-05,TX-200,NY,Supplier C,297,22,376,4.43,0.2
0b6375ca-e47a-4dc6-be16-b2ac5237d264,2024-07-05,TX-300,FL,Supplier E,390,13,486,4.43,0.2
b4178c19-8ac5-cc4c-1e00-f6215e6e3da5,2024-07-05,TX-300,TX,Supplier B,352,28,455,4.43,0.2
bcbaa815-6aed-b70a-9be4-b6c256770f86,2024-07-05,TX-400,FL,Supplier E,327,17,407,4.43,0.2
ea399c29-3a6a-748e-4276-16ae462afa98,2024-07-05,TX-400,NY,Supplier B,334,20,419,4.43,0.2
4b76c409-7415-ce7f-86b0-d09c1e887560,2024-07-05,TX-500,IL,Supplier A,362,25,457,4.43,0.2
f8294515-63c2-2cbc-240c-67facb063525,2024-07-05,TX-500,NY,Supplier E,383,14,471,4.43,0.2
25897684-b01d-80fa-2ca7-c3766d9c5f33,2024-07-06,TX-100,CA,Supplier B,417,44,542,4.43,0.19
319fdc55-2183-e113-2a67-669026503ed1,2024-07-06,TX-200,FL,Supplier A,364,17,450,4.43,0.19
1b6bdbde-e641-cee2-7de1-9aff31d5480b,2024-07-06,TX-200,TX,Supplier B,399,26,497,4.43,0.19
2c64c8fd-499f-c2be-1464-30b033d508d0,2024-07-06,TX-300,FL,Supplier B,329,28,422,4.43,0.19
652a74a6-bbd5-686c-bb8f-c91d81ef817f,2024-07-06,TX-300,IL,Supplier C,323,19,405,4.43,0.19
f6556e84-2bb2-1811-ee13-37ff18adecc8,2024-07-06,TX-400,TX,Supplier D,398,33,515,4.43,0.19
922803e4-8d6a-a0bd-d258-c992ec96ea88,2024-07-06,TX-500,CA,Supplier E,388,31,494,4.43,0.19
180f0613-d6c2-df19-a057-1566ffc785a4,2024-07-06,TX-500,FL,Supplier A,393,34,507,4.43,0.19
69752594-83a5-c59f-0aa3-7467341dc919,2024-07-07,TX-100,CA,Supplier B,374,33,482,4.43,0.69
1272a154-d732-1525-7433-c7b2fb0672cc,2024-07-07,TX-100,FL,Supplier D,344,39,453,4.43,0.69
7db9a10b-8f97-cfa6-cb49-3a0f56524585,2024-07-07,TX-100,NY,Supplier A,290,23,365,4.43,0.69
4079af13-a5bc-2e47-2067-92b6e2d49dc3,2024-07-07,TX-300,IL,Supplier C,299,19,377,4.43,0.69
1f1e7d80-f941-5e4d-33ab-5243f55f02fb,2024-07-07,TX-400,TX,Supplier C,422,42,542,4.43,0.69
f860ec64-59d8-d619-7daa-bf6d8af3fc35,2024-07-07,TX-500,NY,Supplier C,345,19,434,4.43,0.69
03041e69-e5ef-f59a-25d7-b0028af25e2c,2024-07-08,TX-100,TX,Supplier A,355,22,448,4.43,0.97
7ea2b9e6-df71-0eb0-7627-8ddad0b2436f,2024-07-08,TX-300,NY,Supplier A,273,18,345,4.43,0.97
00ec02d3-3b05-253a-4831-ec0c000430e3,2024-07-08,TX-400,CA,Supplier B,359,32,465,4.43,0.97
84cf5358-46a4-a5c0-b886-0509358db126,2024-07-08,TX-400,IL,Supplier E,407,21,508,4.43,0.97
7e5c8ab1-5b43-ff54-5502-8c1f162ac6fe,2024-07-08,TX-500,IL,Supplier C,389,27,491,4.43,0.97
b43d7882-7743-748c-a03f-ad5ca171c6b8,2024-07-09,TX-200,CA,Supplier D,380,28,489,4.43,0.64
be0dc7c1-78d4-e558-347f-42d165284f7b,2024-07-09,TX-200,IL,Supplier C,374,26,478,4.43,0.64
37400899-09a4-b0c0-e7d8-0ba5ae00be46,2024-07-09,TX-200,NY,Supplier E,312,22,399,4.43,0.64
63aa5cd5-be83-8b90-c716-ae3432b112d5,2024-07-09,TX-200,TX,Supplier E,356,19,446,4.43,0.64
68114033-5922-d497-babe-858e3741f1cd,2024-07-09,TX-300,FL,Supplier E,326,22,411,4.43,0.64
5aacdcf6-19bf-7717-df71-047b9038279a,2024-07-09,TX-400,IL,Supplier D,354,34,463,4.43,0.64
6e818998-e9a6-deb1-6960-2a9f22d85c2a,2024-07-09,TX-500,IL,Supplier B,359,32,470,4.43,0.64
8e0c1213-9312-fca9-4275-7a7620c321b9,2024-07-10,TX-100,CA,Supplier C,336,31,437,4.43,0.57
0b95b67e-fb5c-2ccd-6248-b87b8c3e8ba9,2024-07-10,TX-200,CA,Supplier D,385,28,493,4.43,0.57
f8e4a2ff-b0ff-dd9a-2734-e745394231ab,2024-07-10,TX-200,IL,Supplier C,339,21,437,4.43,0.57
6416a28a-daba-090f-99b2-8b870c645865,2024-07-10,TX-200,TX,Supplier C,330,23,431,4.43,0.57
4c78ebbf-8554-edac-9da6-1c070b079d05,2024-07-10,TX-300,FL,Supplier E,318,17,397,4.43,0.57
d46c80ed-0d78-e28f-f38c-89ae122759ea,2024-07-10,TX-300,IL,Supplier C,358,29,460,4.43,0.57
f217f288-bbc6-c844-8871-0bd451ab206d,2024-07-10,TX-300,TX,Supplier C,416,33,531,4.43,0.57
86e19ba2-5eb8-01f7-447d-117536ad22be,2024-07-10,TX-400,IL,Supplier E,384,31,497,4.43,0.57
3ae56840-8f3e-457d-8492-993ac46154cc,2024-07-10,TX-500,CA,Supplier D,391,29,493,4.43,0.57
a2c4e531-5907-3472-9cbc-eed5277af77f,2024-07-10,TX-500,IL,Supplier E,393,19,495,4.43,0.57
dd8befa7-2144-9e85-7f38-a9774231c614,2024-07-11,TX-200,FL,Supplier A,395,30,505,4.43,0.86
76aea86e-65a0-7bd6-6e8f-2e41dd36f045,2024-07-11,TX-200,NY,Supplier B,312,18,392,4.43,0.86
7adc2c89-f047-7595-bb40-c3c9a11f4af7,2024-07-11,TX-200,TX,Supplier B,355,25,458,4.43,0.86
37b83e0b-7797-07b9-c97d-04dbd6f58ff7,2024-07-11,TX-300,CA,Supplier C,367,34,477,4.43,0.86
66a1042b-20ce-f6e0-760a-114a6fa94efa,2024-07-11,TX-300,IL,Supplier D,330,29,427,4.43,0.86
895d7936-7711-c6aa-a693-0a9e8f5feeab,2024-07-11,TX-400,TX,Supplier C,438,27,552,4.43,0.86
ae719e12-1b56-5d6b-a343-01fcab23ebef,2024-07-11,TX-500,FL,Supplier A,463,33,585,4.43,0.86
bc10796f-7835-2fad-872b-8efd908566dc,2024-07-11,TX-500,NY,Supplier D,396,40,519,4.43,0.86
9f4297c0-1f22-7dae-d4bb-0d2f027c4850,2024-07-11,TX-500,TX,Supplier C,473,33,594,4.43,0.86
328bf946-24a5-85a4-9587-ba6e82f7f685,2024-07-12,TX-100,CA,Supplier D,362,32,464,4.43,0.27
48acfc5e-fa50-3e52-9ee2-c6ee796f1109,2024-07-12,TX-200,FL,Supplier D,321,20,401,4.43,0.27
9df9fe56-054a-77a1-e8c5-e45b1961d192,2024-07-12,TX-200,NY,Supplier B,327,17,416,4.43,0.27
134e0257-ba02-a4c3-705c-aff0cca3fe5f,2024-07-12,TX-300,IL,Supplier C,317,29,413,4.43,0.27
b27995d2-7464-6959-f1dd-542e346e271f,2024-07-12,TX-400,IL,Supplier A,339,15,421,4.43,0.27
e15a3103-a5e2-b53e-c791-68ebc301fedb,2024-07-13,TX-200,CA,Supplier B,416,25,525,4.43,0.88
f3646bb4-88b6-100e-bace-647fea87735b,2024-07-13,TX-300,CA,Supplier D,341,23,435,4.43,0.88
c1209982-3105-e2ef-c4b9-494c92e87b38,2024-07-13,TX-300,IL,Supplier E,321,18,405,4.43,0.88
84fcf0fb-b20e-65d9-46b9-a1887d2ec510,2024-07-13,TX-400,IL,Supplier E,345,20,430,4.43,0.88
2171b1ef-5bc4-9ab0-18ff-c4dd51c2c516,2024-07-13,TX-400,NY,Supplier D,301,25,381,4.43,0.88
a9f229f7-bf8a-2002-cfca-785a2e794e4c,2024-07-13,TX-500,IL,Supplier A,383,19,486,4.43,0.88
9471ffe8-c17d-0b3a-1f61-a0bb43c37cbd,2024-07-13,TX-500,TX,Supplier B,375,32,486,4.43,0.88
83b47fff-0a1d-a181-e5ca-ba10e13f205d,2024-07-14,TX-100,IL,Supplier E,334,16,416,4.43,0.06
50f63973-9875-1c54-b12b-a1e6ebe543ef,2024-07-14,TX-200,TX,Supplier D,381,20,477,4.43,0.06
cd6f7d79-0dfa-3206-dd66-57a58b6688bd,2024-07-14,TX-300,IL,Supplier B,304,23,388,4.43,0.06
9c585286-6a96-c1eb-182d-2429352eb709,2024-07-14,TX-300,TX,Supplier A,354,24,443,4.43,0.06
b9fb9d9c-f765-5d08-0777-c84985162735,2024-07-14,TX-400,FL,Supplier C,342,26,434,4.43,0.06
69f281b0-423c-ed8b-4ced-e5d3333fc49e,2024-07-14,TX-400,IL,Supplier D,392,26,497,4.43,0.06
0eff45ab-396e-c1b1-26a9-ad5fd8dc646f,2024-07-15,TX-200,CA,Supplier A,357,23,452,4.43,0.21
c705517f-026a-98e8-1b0d-c757c28c0f76,2024-07-15,TX-300,CA,Supplier C,414,34,529,4.43,0.21
71251dbd-095c-8e8a-5984-044cea813919,2024-07-15,TX-400,FL,Supplier D,394,20,491,4.43,0.21
5d910eb5-9d1f-57ec-f176-ab26b7789859,2024-07-15,TX-500,CA,Supplier C,400,34,510,4.43,0.21
5210d722-05e2-3068-fe1a-0a28a093dc7b,2024-07-15,TX-500,FL,Supplier A,379,30,492,4.43,0.21
9e4da3a1-8249-b5dc-e996-87cf456dae22,2024-07-16,TX-100,CA,Supplier C,382,31,486,4.43,0.81
202d5bc9-1b92-1322-3801-75f703109821,2024-07-16,TX-100,IL,Supplier B,352,22,437,4.43,0.81
7b90a92c-f83e-39a3-e87a-37ac82434434,2024-07-16,TX-100,NY,Supplier C,322,30,412,4.43,0.81
4a13f0c7-ba9c-f87f-2b6a-60cfdef32a3f,2024-07-16,TX-100,TX,Supplier D,386,30,491,4.43,0.81
3fc8dc52-f0ea-799c-12fd-e01e2bb795d6,2024-07-16,TX-200,TX,Supplier E,430,34,545,4.43,0.81
29c5bedc-6976-8812-bf79-957d537e10c7,2024-07-16,TX-300,FL,Supplier B,382,27,485,4.43,0.81
d868f25b-2c54-37d8-6a36-0fadd9afc521,2024-07-16,TX-300,IL,Supplier E,295,26,383,4.43,0.81
07dbb639-dd8d-284d-da2e-cad02cc0867a,2024-07-16,TX-300,TX,Supplier D,321,29,412,4.43,0.81
811a1d17-64a0-8b8e-2227-2ee599d2b338,2024-07-16,TX-400,CA,Supplier C,403,35,532,4.43,0.81
9f9d97b7-29d0-e85f-d641-198a8b95d828,2024-07-16,TX-400,FL,Supplier D,417,34,528,4.43,0.81
def1d924-1b78-1f31-f3b8-c6dc067d9ced,2024-07-16,TX-400,NY,Supplier B,325,23,412,4.43,0.81
e5b2395c-dc9c-b093-278c-807be54ad5f1,2024-07-16,TX-400,TX,Supplier E,414,21,521,4.43,0.81
51410921-2eea-6066-5baf-f6757303c06c,2024-07-16,TX-500,IL,Supplier C,416,37,540,4.43,0.81
bd69c8f9-de03-b017-3e79-32d14f4bb62f,2024-07-17,TX-100,FL,Supplier A,303,21,388,4.43,0.56
bc1ea1b0-b17b-78d4-0f85-3fd84a12b3ff,2024-07-17,TX-100,TX,Supplier D,335,25,427,4.43,0.56
fe7d9f77-ae39-b680-e2b9-51c45723cac3,2024-07-17,TX-200,FL,Supplier E,389,19,484,4.43,0.56
ab824425-ec12-caf4-7b97-6329cbe28329,2024-07-17,TX-200,TX,Supplier D,392,33,499,4.43,0.56
a9ae1f5f-b5f6-2576-07ce-8903d9958aa8,2024-07-17,TX-300,FL,Supplier C,314,18,397,4.43,0.56
35adb22f-bb8f-a81f-5cf7-4bedda2612fa,2024-07-17,TX-300,NY,Supplier A,342,37,448,4.43,0.56
03bfb71c-74d3-4321-1364-fc045f8374a2,2024-07-17,TX-300,TX,Supplier C,376,25,479,4.43,0.56
33ce5962-72f8-e6cc-c85f-3c173ccafb6c,2024-07-17,TX-400,NY,Supplier A,375,21,473,4.43,0.56
6d32e32f-3fc0-5714-bb7d-3ec8001afb96,2024-07-17,TX-500,TX,Supplier E,426,18,541,4.43,0.56
05d1032a-5f4e-9341-23ab-0aa08011a506,2024-07-18,TX-100,CA,Supplier E,410,27,517,4.43,0.84
7f1d8ecf-ca6a-83b5-730f-a3f0c8763376,2024-07-18,TX-300,CA,Supplier B,404,25,517,4.43,0.84
a6ede601-9ac6-c3b1-2694-d3c3b60fb81b,2024-07-18,TX-300,TX,Supplier C,323,12,391,4.43,0.84
cca2d6e3-c9e5-2a1e-fa2a-e861c5f61de3,2024-07-18,TX-400,FL,Supplier A,322,17,408,4.43,0.84
4ca46c97-7411-e58b-a153-7fcea6cc6d33,2024-07-18,TX-500,FL,Supplier E,373,20,466,4.43,0.84
ffbf1dd8-e22d-1f69-8757-4ec0e5128dae,2024-07-19,TX-100,NY,Supplier B,335,25,432,4.43,0.38
be681fe4-91bd-2ff2-0577-1e2a49e17568,2024-07-19,TX-200,CA,Supplier A,346,15,437,4.43,0.38
dddedd74-a7c6-c9ea-4653-7c16a105932c,2024-07-19,TX-300,NY,Supplier C,303,24,393,4.43,0.38
b18c7459-8cdf-2352-8e1e-95b7037ad238,2024-07-19,TX-400,FL,Supplier D,388,36,509,4.43,0.38
eaf1161e-58ea-b0b4-c818-f5f1cddf2c26,2024-07-19,TX-400,TX,Supplier C,383,27,488,4.43,0.38
4a466e8a-dcb6-218e-b9d3-efd2258980e7,2024-07-19,TX-500,FL,Supplier D,454,44,584,4.43,0.38
fb6867ae-faa9-c9d8-e0ea-3f863bd82574,2024-07-20,TX-100,TX,Supplier A,343,24,437,4.43,0.03
6ca9b5a4-4147-f23c-69a0-95095429ba1e,2024-07-20,TX-200,TX,Supplier C,382,28,479,4.43,0.03
660ece7b-e447-3390-d595-5f796a29d3f2,2024-07-20,TX-400,CA,Supplier B,448,38,582,4.43,0.03
5b1ea74d-cec0-4303-d66c-9343fd7856ea,2024-07-20,TX-400,NY,Supplier A,308,17,384,4.43,0.03
060264a4-7a92-99c7-7eb9-0e657c66c5a3,2024-07-20,TX-400,TX,Supplier D,448,35,567,4.43,0.03
c4eacfa1-e35e-9bf0-a854-dc1dc564a079,2024-07-21,TX-100,NY,Supplier C,271,22,356,4.43,0.58
bf607bcd-be1f-8412-9082-1aded554d0e7,2024-07-21,TX-200,CA,Supplier D,354,26,453,4.43,0.58
891eb22d-615b-0499-af96-e0cc044dde7e,2024-07-21,TX-200,NY,Supplier A,295,15,372,4.43,0.58
9f13af2a-0630-c58b-378b-9b6f407b6b96,2024-07-21,TX-200,TX,Supplier D,331,22,418,4.43,0.58
f1f216b2-fb19-00cb-5590-6fbf4602f296,2024-07-21,TX-300,NY,Supplier C,298,22,379,4.43,0.58
8dfebb43-bf1f-a361-213b-2112d6d302e9,2024-07-21,TX-400,FL,Supplier E,353,23,441,4.43,0.58
0c19b079-d888-1db3-2c10-1ddc7ec4a118,2024-07-21,TX-500,CA,Supplier B,439,30,554,4.43,0.58
0e7c3671-336f-231e-5252-1e4624d96399,2024-07-22,TX-100,CA,Supplier A,378,22,477,4.43,0.65
9f1e6f27-baf3-f2ba-45b9-c14546423a8c,2024-07-22,TX-200,IL,Supplier B,354,25,454,4.43,0.65
0258e064-44d1-96a1-551a-b97c76356418,2024-07-22,TX-200,TX,Supplier D,372,38,480,4.43,0.65
ad7e97cd-b0dc-7fa7-e5b7-9996329e3bd8,2024-07-22,TX-300,TX,Supplier E,367,18,462,4.43,0.65
1482e583-e27b-5b21-73fc-3c438382d786,2024-07-22,TX-400,FL,Supplier B,326,19,411,4.43,0.65
de1af563-c7d7-33fa-bb5d-c2d027deecef,2024-07-22,TX-400,TX,Supplier B,333,16,412,4.43,0.65
f6c85b59-0555-05f0-f920-d338679ce961,2024-07-22,TX-500,IL,Supplier B,346,17,432,4.43,0.65
0fba5709-f407-f82a-ca2f-6cb3ebf057d8,2024-07-23,TX-100,FL,Supplier B,377,26,480,4.43,0.12
3894dcdf-02ac-1016-3bcb-dbf0a7d7e783,2024-07-23,TX-200,CA,Supplier B,409,27,515,4.43,0.12
c61a3782-0a96-e1af-f47c-a4558f9f051b,2024-07-23,TX-200,FL,Supplier E,349,14,431,4.43,0.12
935a0b36-ebae-e3ce-7597-bf9dbf7dda7b,2024-07-23,TX-300,FL,Supplier A,324,18,406,4.43,0.12
22f92db2-f4de-fb57-3a86-07662e0a1251,2024-07-23,TX-400,TX,Supplier A,427,20,538,4.43,0.12
4862ee30-983f-9967-fb9a-c987021a5968,2024-07-23,TX-500,FL,Supplier C,395,27,500,4.43,0.12
88bd8154-6882-1b91-e776-c31eff614b79,2024-07-23,TX-500,IL,Supplier A,429,21,536,4.43,0.12
39eb0028-ba2a-3d35-513d-18f7828ee581,2024-07-24,TX-200,TX,Supplier C,385,35,500,4.43,0.61
3e4346ea-0fef-30c1-c181-0112d06705e1,2024-07-24,TX-300,CA,Supplier B,334,25,430,4.43,0.61
bb97da87-906c-afbc-bfea-83da7b5108d1,2024-07-24,TX-300,FL,Supplier A,377,22,476,4.43,0.61
6b496e21-0cc1-7230-d61e-b09b311a9d86,2024-07-24,TX-300,TX,Supplier A,368,27,468,4.43,0.61
e024639f-79c7-7870-a76c-ea39ddfcc1e2,2024-07-24,TX-400,CA,Supplier D,459,36,578,4.43,0.61
e858c436-d69c-35db-5725-0353ce6f7258,2024-07-24,TX-400,IL,Supplier E,325,13,403,4.43,0.61
15234534-f38d-73a2-16d0-7e483738d15c,2024-07-24,TX-500,NY,Supplier E,345,21,434,4.43,0.61
0888cab8-fd03-9929-3308-3a5b25ddc8f9,2024-07-25,TX-100,NY,Supplier D,275,18,345,4.43,0.75
22c86130-ee09-1ac3-1308-2b4c15b935b7,2024-07-25,TX-100,TX,Supplier A,396,32,501,4.43,0.75
d15dfd49-9bc1-5284-2036-13936048f238,2024-07-25,TX-200,CA,Supplier D,407,32,526,4.43,0.75
2ee0c4f3-92a9-68c5-08d3-888ce9b4a000,2024-07-25,TX-300,FL,Supplier E,363,27,467,4.43,0.75
9c3cf7b9-731d-c2e9-8671-dcc13081e580,2024-07-25,TX-300,TX,Supplier A,325,18,406,4.43,0.75
aef949e5-5a5a-98a6-f5ad-280454a2dde7,2024-07-25,TX-400,IL,Supplier C,358,29,459,4.43,0.75
9b1d5ddc-cf39-323c-0314-9acaa6fc94bd,2024-07-25,TX-400,NY,Supplier C,354,18,441,4.43,0.75
4f569362-1f72-0900-d1ae-ef4c98dbcc64,2024-07-25,TX-400,TX,Supplier A,370,29,468,4.43,0.75
6a3fdbd0-c3a3-d33f-fe26-3594ab5308d5,2024-07-25,TX-500,NY,Supplier C,378,26,480,4.43,0.75
cc43ab9a-315f-f8a8-3b0f-1d6c77b4652c,2024-07-26,TX-100,FL,Supplier D,375,31,485,4.43,0.96
fbee71fd-af6c-00d1-1d4a-573b46685faa,2024-07-26,TX-200,NY,Supplier C,347,26,446,4.43,0.96
162a63fc-7136-a729-b780-21aa45a3daab,2024-07-26,TX-400,TX,Supplier E,408,20,503,4.43,0.96
01761ffc-3ddc-bf8a-a0b6-143e484f5dd5,2024-07-26,TX-500,CA,Supplier A,390,22,482,4.43,0.96
279fb2ae-7f6c-b74c-02d3-c0382700fa06,2024-07-27,TX-100,CA,Supplier A,384,27,490,4.43,0.66
154ed4fa-acfa-5094-2f31-dc453a6f726f,2024-07-27,TX-200,NY,Supplier C,340,44,446,4.43,0.66
9100acd3-819e-6acb-bb56-1fa877423080,2024-07-27,TX-400,IL,Supplier B,371,23,461,4.43,0.66
f2407702-37cb-4cae-c082-f7c203217322,2024-07-27,TX-400,NY,Supplier A,286,19,365,4.43,0.66
6efc4ea9-f546-1392-94dd-a8a4588e7009,2024-07-27,TX-500,FL,Supplier D,431,22,537,4.43,0.66
b286d33f-5a1e-f878-8fd2-9039e071259e,2024-07-27,TX-500,IL,Supplier B,417,32,527,4.43,0.66
4aa1d4e4-8ae5-94a3-d281-9ccc45baa99f,2024-07-27,TX-500,TX,Supplier E,375,24,478,4.43,0.66
500b1b45-4b16-520d-c6cd-e6059f03a70d,2024-07-28,TX-100,CA,Supplier A,354,21,438,4.43,0.58
0ea0e08b-a2a2-5f03-d0a9-711c606401f3,2024-07-28,TX-100,FL,Supplier E,326,15,399,4.43,0.58
7a165065-25ad-f725-f331-c48651c4bc7f,2024-07-28,TX-100,IL,Supplier D,292,23,376,4.43,0.58
7115ce56-760b-c151-1c42-e654c0206c82,2024-07-28,TX-100,TX,Supplier A,349,27,448,4.43,0.58
be85e071-be56-bcb6-0551-4e4cafe1da20,2024-07-28,TX-200,IL,Supplier E,339,14,424,4.43,0.58
9d74144c-a298-6067-802b-4f2ff393104a,2024-07-28,TX-200,NY,Supplier D,358,23,462,4.43,0.58
5da6e13a-42db-1e2d-8f55-48610220c268,2024-07-28,TX-300,CA,Supplier D,348,29,449,4.43,0.58
97ce78a8-eb0b-3833-fcf1-9757e8cf15d2,2024-07-28,TX-300,IL,Supplier E,301,14,376,4.43,0.58
a2c8fab8-2591-03cc-49a6-c1ed7fc1d9c6,2024-07-28,TX-300,TX,Supplier B,325,23,415,4.43,0.58
c727802b-3205-f7cc-b05f-e4a252e3e8be,2024-07-28,TX-500,NY,Supplier A,385,23,486,4.43,0.58
ee2359c0-7e95-2b8d-d668-d00edbb70280,2024-07-28,TX-500,TX,Supplier E,417,20,520,4.43,0.58
924919b9-059f-08eb-469b-21afd159a27e,2024-07-29,TX-200,CA,Supplier A,406,23,516,4.43,0.65
212cd461-8ee3-509f-fc5a-bfc80b0421e4,2024-07-29,TX-200,IL,Supplier C,371,25,471,4.43,0.65
b3b2810d-047e-143d-c145-586d76bf5fe4,2024-07-29,TX-300,IL,Supplier D,334,23,428,4.43,0.65
5d40d66d-6fc0-0947-fa18-d22fbe32b047,2024-07-29,TX-300,NY,Supplier C,293,25,371,4.43,0.65
b7fb5636-d650-9d19-12c4-9282c61e96b1,2024-07-29,TX-400,TX,Supplier E,439,34,558,4.43,0.65
a722966f-1ebe-1f89-1ab2-fc7d6e2ac735,2024-07-30,TX-100,NY,Supplier E,327,18,416,4.43,0.39
45c3a637-2e75-3ee0-aabd-7278952542e1,2024-07-30,TX-100,TX,Supplier A,295,13,365,4.43,0.39
9eef43d7-ca12-2281-bc68-ef39441c67f4,2024-07-30,TX-200,FL,Supplier B,359,27,459,4.43,0.39
151c8ef0-4397-91ad-9870-01249bb7dfd2,2024-07-30,TX-200,TX,Supplier D,326,30,424,4.43,0.39
ccdde61f-1b8c-bc4f-c91c-b5ed90eb96b3,2024-07-30,TX-300,FL,Supplier D,372,30,476,4.43,0.39
9b8daffd-2aa7-9b9e-cf10-39ce27807b2c,2024-07-30,TX-400,IL,Supplier E,315,15,394,4.43,0.39
fea1b5e6-ee41-9644-e48b-9023d50602d8,2024-07-31,TX-200,FL,Supplier A,390,35,498,4.43,0.54
85be583d-9dbd-1ef7-1cf4-5298fc99007f,2024-07-31,TX-400,TX,Supplier B,403,27,518,4.43,0.54
7a561756-11cc-5d3b-4944-95fedbd8d051,2024-07-31,TX-500,TX,Supplier A,463,37,587,4.43,0.54
bf28ec8b-8315-32a5-5390-46caeb624106,2024-08-01,TX-100,FL,Supplier E,333,22,425,4.52,0.44
e8bbcfad-5027-430f-ff78-8dd4cbced6ef,2024-08-01,TX-100,NY,Supplier C,272,21,347,4.52,0.44
6f335d1a-ae11-8b48-3389-5a1222326f13,2024-08-01,TX-200,NY,Supplier C,309,26,398,4.52,0.44
df419c00-e095-1a1d-8f50-f1f93f0c9a45,2024-08-01,TX-300,CA,Supplier B,373,15,465,4.52,0.44
9c7d7e2f-f67a-ae25-41e6-371f3dad78c8,2024-08-01,TX-500,FL,Supplier B,374,32,486,4.52,0.44
fc419307-a99b-9438-3cd2-87b24b667203,2024-08-02,TX-100,TX,Supplier A,319,16,394,4.52,0.55
7b3825bc-377a-0864-4ebf-87528450248e,2024-08-02,TX-200,TX,Supplier C,324,23,414,4.52,0.55
531307e9-3594-7e7d-5830-548a48ed09fe,2024-08-02,TX-400,IL,Supplier D,335,21,427,4.52,0.55
c9399cfb-36b2-f643-464a-ac66382553e1,2024-08-02,TX-400,NY,Supplier A,377,23,466,4.52,0.55
4b89ce95-255a-3fc8-cef9-34af82c7d2bf,2024-08-02,TX-500,NY,Supplier C,307,20,393,4.52,0.55
3cb5e1a3-426a-1a99-04ac-c33f439bb85a,2024-08-03,TX-100,CA,Supplier E,372,21,466,4.52,0.64
9ebc36de-a7f9-db71-5f97-5c30877d973e,2024-08-03,TX-100,FL,Supplier D,331,26,421,4.52,0.64
e4bf7d70-ac08-3175-58c3-9bfc361abfd8,2024-08-03,TX-200,FL,Supplier A,369,29,467,4.52,0.64
052155ce-0369-7687-5774-51c1e3f9a5ff,2024-08-03,TX-300,TX,Supplier B,356,28,457,4.52,0.64
aac08504-b430-57ca-34c5-2ac61b8c3321,2024-08-03,TX-400,CA,Supplier C,438,39,569,4.52,0.64
1e9d2723-079d-47e5-8d60-82ef80dd22dd,2024-08-03,TX-400,NY,Supplier C,375,31,484,4.52,0.64
526423c2-0d7f-5d5d-d74c-ab4e0ffb8f66,2024-08-03,TX-400,TX,Supplier B,401,26,506,4.52,0.64
2a36afe7-a396-9d0c-6d92-0d9c855a47cc,2024-08-03,TX-500,FL,Supplier A,397,20,495,4.52,0.64
651d23ff-6390-4a45-ca29-957c5da080cb,2024-08-04,TX-100,FL,Supplier B,307,18,379,4.52,0.65
2fa22e01-927b-13f0-969d-a5c318cf05e8,2024-08-04,TX-200,IL,Supplier D,301,34,392,4.52,0.65
7d82d6fb-9c31-576b-d74e-4343a6f9d8ce,2024-08-04,TX-300,CA,Supplier A,383,25,480,4.52,0.65
51cc5160-5224-767c-cbe8-b051f0442625,2024-08-04,TX-300,IL,Supplier E,318,15,402,4.52,0.65
8f341956-c411-46c5-1737-1d3af2836d5f,2024-08-04,TX-300,NY,Supplier E,270,10,335,4.52,0.65
ea675774-725a-e6f9-f5c3-3c4306b559dd,2024-08-04,TX-400,FL,Supplier D,311,32,401,4.52,0.65
eb9f5ad6-1106-ead1-b753-de361a77332b,2024-08-05,TX-100,IL,Supplier B,323,21,414,4.52,0.85
40e82ab4-efdf-f6a0-7b0d-1d31df99c533,2024-08-05,TX-200,FL,Supplier C,316,12,386,4.52,0.85
8f13ea52-e53d-fb39-a3d0-0d8a34174bca,2024-08-05,TX-200,TX,Supplier A,340,19,423,4.52,0.85
820074a5-71e7-1c89-4766-686c26de0950,2024-08-05,TX-300,CA,Supplier A,350,25,440,4.52,0.85
93070289-a870-cff5-96f0-70f9a2486373,2024-08-05,TX-400,FL,Supplier D,378,38,489,4.52,0.85
ba7f8d75-ad3a-ec93-932b-4b0310df6d2b,2024-08-05,TX-500,CA,Supplier D,468,40,590,4.52,0.85
dd360a48-a380-7d4e-3d59-c3ec24e31c56,2024-08-06,TX-100,IL,Supplier C,322,29,422,4.52,0.17
8e733b4b-4d84-1816-fdf8-aa8833ded0b8,2024-08-06,TX-200,IL,Supplier B,371,27,470,4.52,0.17
1f8b2381-1bb4-e860-5775-91a31f5d1f60,2024-08-06,TX-300,CA,Supplier A,358,18,453,4.52,0.17
d9f0fd1d-0f00-7d51-3f44-620a12cd8f6f,2024-08-06,TX-300,NY,Supplier C,312,29,399,4.52,0.17
cc6c12de-799a-e90e-791d-e2ba142529eb,2024-08-06,TX-300,TX,Supplier A,363,24,465,4.52,0.17
01804b2b-0201-465e-d8dd-4e4781755459,2024-08-06,TX-400,FL,Supplier B,391,43,517,4.52,0.17
33b73506-3236-4196-bce3-3975ff07c1db,2024-08-06,TX-400,TX,Supplier C,372,37,478,4.52,0.17
7ceab0d2-c828-3961-f04c-f2d0f62bc8a2,2024-08-06,TX-500,FL,Supplier E,362,11,446,4.52,0.17
30686e47-a687-3a12-a860-cd89d84531f2,2024-08-06,TX-500,NY,Supplier E,356,26,454,4.52,0.17
17e242e0-2bff-4fe7-0681-ce27229fa51a,2024-08-07,TX-100,CA,Supplier C,358,33,462,4.52,0.23
f0902869-ed12-6cb8-5ec9-e33691c206cd,2024-08-07,TX-100,NY,Supplier B,333,23,425,4.52,0.23
d964b74c-16e8-3c02-f279-e4da5bdc1940,2024-08-07,TX-200,CA,Supplier E,436,28,550,4.52,0.23
788a955b-08b4-f61b-c749-4ccf96b36c14,2024-08-07,TX-200,NY,Supplier C,338,30,430,4.52,0.23
ca93c567-01b6-ba79-8a8f-fcb807008f48,2024-08-07,TX-200,TX,Supplier D,380,30,481,4.52,0.23
9e9fc485-1976-e58f-b84d-373247346a2e,2024-08-07,TX-500,FL,Supplier A,350,27,447,4.52,0.23
c2e0b665-345a-54f5-e55f-0e770baa70e5,2024-08-07,TX-500,IL,Supplier B,364,31,468,4.52,0.23
55131d6e-bd94-2e01-caee-094df4f737d4,2024-08-07,TX-500,NY,Supplier A,300,19,379,4.52,0.23
b8a46b5c-7fa2-ca45-f33f-d71961e6a7db,2024-08-08,TX-100,FL,Supplier B,364,28,469,4.52,0.32
74271437-bce3-f09b-2ad9-d00c0b10052a,2024-08-08,TX-200,NY,Supplier C,278,19,351,4.52,0.32
9d7bb270-1598-1d6a-65a7-24cc56e3de3f,2024-08-08,TX-300,NY,Supplier C,261,22,335,4.52,0.32
ff8b761c-ca76-8855-c663-c19cb099abed,2024-08-08,TX-400,CA,Supplier B,443,34,568,4.52,0.32
f878e950-6f79-6cdc-bbec-4d52ab356641,2024-08-08,TX-400,NY,Supplier D,347,24,439,4.52,0.32
82950a75-83c6-10a9-bf58-948a4d818c3b,2024-08-09,TX-100,NY,Supplier B,269,18,340,4.52,0.93
50d29edc-d9c1-2b05-f311-746eeaf28d83,2024-08-09,TX-200,NY,Supplier D,318,25,403,4.52,0.93
fd6f61d9-6359-c392-c14f-b53e43809cd2,2024-08-09,TX-300,CA,Supplier A,323,19,411,4.52,0.93
d56dbdb5-4d39-5501-63ba-fd19bb465c06,2024-08-09,TX-400,TX,Supplier B,365,24,462,4.52,0.93
595df53d-580e-54c0-360c-6c02dbcf0788,2024-08-09,TX-500,CA,Supplier C,429,32,554,4.52,0.93
cf1e817c-6e96-4d92-8e65-021cfc31d470,2024-08-10,TX-100,CA,Supplier E,387,27,496,4.52,0.65
59b64702-e794-8ee2-125b-8c6392c270d6,2024-08-10,TX-200,NY,Supplier A,266,27,344,4.52,0.65
6039d6c0-2ea2-c118-793e-f41c0b7737b6,2024-08-10,TX-300,NY,Supplier C,318,32,411,4.52,0.65
36da524a-5e4d-54aa-5bb7-3208f5811fae,2024-08-10,TX-400,FL,Supplier D,378,31,484,4.52,0.65
c1c40ac4-8156-a119-ca53-83450d385500,2024-08-10,TX-400,IL,Supplier B,291,21,372,4.52,0.65
05629d2e-68d8-2d3a-5f28-320e2f000ca6,2024-08-10,TX-500,IL,Supplier D,409,39,521,4.52,0.65
691467c6-f21a-fa89-12f0-80f6a59d8487,2024-08-10,TX-500,TX,Supplier A,421,27,537,4.52,0.65
0d8696fc-053f-c24e-a80a-03a9b46de7a4,2024-08-11,TX-100,FL,Supplier A,342,28,439,4.52,0.13
250ad75c-e401-f883-c9e6-d7ab20b5ac90,2024-08-11,TX-100,IL,Supplier E,281,14,354,4.52,0.13
15543b55-3d6b-c682-3e5c-7517f0ddad9f,2024-08-11,TX-100,NY,Supplier C,291,22,369,4.52,0.13
c1c543fd-0f80-c990-0d59-b90718c1887e,2024-08-11,TX-200,NY,Supplier C,348,26,443,4.52,0.13
66f84e1a-2d14-30d6-88b4-1c20555dded9,2024-08-11,TX-300,CA,Supplier D,408,30,516,4.52,0.13
51367f24-f73d-c499-5d5e-4fee8b8d0f60,2024-08-11,TX-400,FL,Supplier C,316,18,397,4.52,0.13
65abe29c-dad6-5353-5557-df525b9b8bcc,2024-08-11,TX-500,NY,Supplier A,305,28,391,4.52,0.13
e072135f-9480-ec93-0d4a-fb1c3ab3a9ce,2024-08-11,TX-500,TX,Supplier C,357,26,455,4.52,0.13
b1edd70a-a5cc-6e62-a484-ad3492671b36,2024-08-12,TX-100,CA,Supplier E,341,9,419,4.52,0.31
285c98a8-9712-a277-2d84-d4150dd0d1f1,2024-08-12,TX-200,CA,Supplier D,376,28,479,4.52,0.31
05f2a1f9-7cbb-99f3-4b74-97cd47ea2593,2024-08-12,TX-200,NY,Supplier D,320,29,413,4.52,0.31
d294c13e-8a3a-6490-5956-520a885714a2,2024-08-12,TX-200,TX,Supplier E,364,24,462,4.52,0.31
d093578e-19cc-f1ce-9b2b-f31103495eb7,2024-08-12,TX-500,TX,Supplier D,384,41,508,4.52,0.31
237d9503-e41f-a970-76d5-9506f2eddd69,2024-08-13,TX-100,TX,Supplier A,332,22,417,4.52,0.7
9925ea01-b306-e634-5c5c-bb4c4baf2c5a,2024-08-13,TX-400,IL,Supplier C,354,29,447,4.52,0.7
fd477f22-9efc-f1bb-f3aa-1ea508edd8a7,2024-08-13,TX-500,CA,Supplier C,369,30,472,4.52,0.7
10d7911b-72f1-fdb5-cb53-7d44381f92d6,2024-08-13,TX-500,FL,Supplier E,420,18,520,4.52,0.7
490d893c-4203-5fcb-142f-391693a6e43a,2024-08-13,TX-500,IL,Supplier D,385,38,493,4.52,0.7
51a5f3d7-f048-def4-2196-087a0df7c733,2024-08-13,TX-500,NY,Supplier E,353,18,440,4.52,0.7
06d064ea-48d2-d85f-d49e-ff2d87d7b0e5,2024-08-14,TX-100,NY,Supplier A,274,17,344,4.52,0.2
7dbb07e5-dd46-82f7-e720-b2ac249bb241,2024-08-14,TX-200,IL,Supplier D,361,24,455,4.52,0.2
304b98ef-3e13-a408-5f9d-c0b2537d4708,2024-08-14,TX-200,NY,Supplier C,273,21,348,4.52,0.2
d7dfc42d-4b5d-5bb4-4e3c-58e7d6759fc9,2024-08-14,TX-300,FL,Supplier D,370,33,473,4.52,0.2
3980c4cb-3d7f-e6eb-ed0e-f78700b61341,2024-08-14,TX-300,IL,Supplier C,345,25,437,4.52,0.2
e67b02be-e5cb-eb48-8eee-951420eab3b4,2024-08-14,TX-500,FL,Supplier A,351,27,445,4.52,0.2
587a3dc0-b84f-9160-f197-05afc155dde0,2024-08-15,TX-100,CA,Supplier D,365,25,467,4.52,0.75
9395d1ee-6153-1a92-92f8-2a52a4c2bc02,2024-08-15,TX-100,IL,Supplier E,322,17,409,4.52,0.75
612a7131-5dee-46ec-4972-c2d177b32cac,2024-08-15,TX-100,NY,Supplier B,264,14,331,4.52,0.75
275759f2-1897-84d7-7d53-69203ce30e12,2024-08-15,TX-200,CA,Supplier A,350,20,443,4.52,0.75
3774b440-63eb-a041-0b91-6c27030b842b,2024-08-15,TX-200,FL,Supplier B,366,31,466,4.52,0.75
33e9cc77-adc2-f096-b14b-dd1ef1f26815,2024-08-15,TX-300,IL,Supplier E,353,29,454,4.52,0.75
c4257f99-f7b2-a7da-1256-937f62e52cd7,2024-08-15,TX-400,CA,Supplier D,408,39,528,4.52,0.75
5de6f656-1f8c-7f57-d376-4f9e68f0d200,2024-08-15,TX-400,IL,Supplier D,372,35,489,4.52,0.75
656ec700-ebe0-d0bb-b09a-b316c0c56a1d,2024-08-15,TX-400,NY,Supplier C,318,20,399,4.52,0.75
dcb03655-56e3-03f3-7059-435471c80699,2024-08-15,TX-400,TX,Supplier C,395,36,502,4.52,0.75
cebe8a66-227c-a716-c5e0-ef583e5e4e86,2024-08-15,TX-500,IL,Supplier A,335,32,438,4.52,0.75
f85a93cb-5fef-bd9c-e7f1-992c0a76e1b6,2024-08-16,TX-200,NY,Supplier D,330,32,430,4.52,0.94
8e13e2fa-df96-dd41-0321-6468a9af73c0,2024-08-16,TX-200,TX,Supplier C,333,25,425,4.52,0.94
f14be0d1-f193-8f41-124b-1c4518052f34,2024-08-16,TX-400,FL,Supplier B,318,39,418,4.52,0.94
5d99d759-dd55-2cae-8cbb-50d3cc076233,2024-08-16,TX-500,IL,Supplier E,396,16,494,4.52,0.94
44cb0967-0db4-8175-ad78-8fecfb8e0ae8,2024-08-16,TX-500,NY,Supplier D,294,29,377,4.52,0.94
cb812151-de5f-ac48-76af-2536830047e3,2024-08-16,TX-500,TX,Supplier C,417,32,527,4.52,0.94
c33cc0a8-de28-9389-d804-69ee017db71a,2024-08-17,TX-100,TX,Supplier D,355,25,447,4.52,0.93
d538bbf8-1697-5ded-ead2-093a72bd21f5,2024-08-17,TX-300,NY,Supplier C,284,23,362,4.52,0.93
0328a64c-d159-1904-7767-a61b91537cdc,2024-08-17,TX-300,TX,Supplier E,373,19,467,4.52,0.93
3bbd8261-23c5-3cf5-2bfe-17e05d3c0423,2024-08-17,TX-400,FL,Supplier D,401,36,518,4.52,0.93
1ce41453-fbed-8c60-985d-e2183d636c7c,2024-08-17,TX-400,TX,Supplier A,351,15,436,4.52,0.93
6c6e6f91-db4a-f4e7-1740-c8de7672d3b6,2024-08-17,TX-500,FL,Supplier C,423,30,532,4.52,0.93
5065945c-b94d-9a8d-d8a8-00ad62de02d8,2024-08-17,TX-500,NY,Supplier C,372,21,472,4.52,0.93
be5f1950-c942-e737-e3df-9f0847a5f65b,2024-08-17,TX-500,TX,Supplier D,387,34,499,4.52,0.93
5e12264c-987a-893d-800a-47ced6cff507,2024-08-18,TX-100,CA,Supplier A,346,22,442,4.52,0.49
5f0c20cf-3c5c-9dba-f35e-46c6a4a20649,2024-08-18,TX-100,IL,Supplier B,328,25,419,4.52,0.49
0e2287ed-ec5b-1c52-0604-bef253217ada,2024-08-18,TX-200,NY,Supplier E,272,13,346,4.52,0.49
d0b4ded8-243d-5ca7-0a8e-c457ae1e1a0d,2024-08-18,TX-300,TX,Supplier E,306,15,389,4.52,0.49
c436f5b7-a6e8-0423-e5b0-a40164fd932e,2024-08-18,TX-400,FL,Supplier B,390,26,487,4.52,0.49
da528841-cfb9-2daf-ff69-4ee3311d79d8,2024-08-18,TX-400,IL,Supplier D,383,29,492,4.52,0.49
5249a0be-f44c-7ba2-c901-4871b603ce7e,2024-08-19,TX-100,CA,Supplier E,347,21,436,4.52,0.34
67b5f376-c76b-c592-ee49-2f980e2c9a59,2024-08-19,TX-200,TX,Supplier B,337,24,427,4.52,0.34
a3020db7-b9c0-a9f4-31bb-0893633628f0,2024-08-19,TX-300,FL,Supplier D,358,31,465,4.52,0.34
6affbd65-3c70-946d-195d-61b3b7402064,2024-08-19,TX-400,CA,Supplier C,369,24,471,4.52,0.34
9d61aceb-a0bf-9a47-7c9c-9c4609f6690d,2024-08-19,TX-500,TX,Supplier A,337,24,428,4.52,0.34
a095a123-e1d4-d2cb-b7d6-4e487569cc20,2024-08-20,TX-100,NY,Supplier C,259,29,339,4.52,0.18
76b041c8-d024-4890-0124-074cf88d8f82,2024-08-20,TX-200,CA,Supplier B,327,36,430,4.52,0.18
92960223-b758-e8f8-4c6a-ce7df706657c,2024-08-20,TX-200,NY,Supplier B,332,24,418,4.52,0.18
40c5dca3-7778-8291-6a42-b77ac350c500,2024-08-20,TX-400,TX,Supplier E,394,31,512,4.52,0.18
c02c2906-4257-1ad2-ddf3-41404f6152c7,2024-08-21,TX-100,FL,Supplier D,323,26,417,4.52,0.15
9fd0830e-ed6c-abdc-1fcd-0af072880283,2024-08-21,TX-100,TX,Supplier C,290,26,372,4.52,0.15
4def803d-1dba-4690-22dd-1e1b2c3e9208,2024-08-21,TX-200,CA,Supplier D,332,23,421,4.52,0.15
9ba877ea-0a05-69a9-5b11-56bb286e6ea9,2024-08-21,TX-200,NY,Supplier B,334,24,422,4.52,0.15
56f7f02e-e1bc-17b6-0bd8-20161acc05d1,2024-08-21,TX-300,CA,Supplier B,333,27,425,4.52,0.15
edbee316-9409-fcc0-9160-de381db0ceda,2024-08-22,TX-100,FL,Supplier A,338,28,430,4.52,0.06
083b895e-e1b0-f4a8-b27e-30b6e077d7e1,2024-08-22,TX-100,TX,Supplier D,350,33,456,4.52,0.06
64b3b438-3fe6-4a7c-c891-06e7b79e72bd,2024-08-22,TX-200,CA,Supplier E,363,17,452,4.52,0.06
2ecfad36-cfcb-d782-4178-f274ec6bc831,2024-08-22,TX-200,FL,Supplier B,384,22,482,4.52,0.06
5958d5ea-8be3-8d33-70d0-e1bf023b6a17,2024-08-22,TX-200,IL,Supplier C,298,30,386,4.52,0.06
44af0b8a-c089-5e05-4d2c-e1d66bc51b9d,2024-08-22,TX-400,IL,Supplier A,380,24,478,4.52,0.06
cdb18f0d-0e29-a83f-193d-01a22742d442,2024-08-22,TX-500,FL,Supplier D,330,29,421,4.52,0.06
841d97a8-ea6c-499e-1038-3886619a8226,2024-08-22,TX-500,NY,Supplier D,320,25,412,4.52,0.06
ef98cefb-b739-66a8-8200-b8359d17e721,2024-08-23,TX-100,TX,Supplier B,288,24,371,4.52,0.83
208c3c92-0bc1-57c3-cb87-176e960136cb,2024-08-23,TX-200,TX,Supplier D,386,30,497,4.52,0.83
f2764326-9197-967b-0c00-53deee70fdff,2024-08-23,TX-300,NY,Supplier B,330,34,429,4.52,0.83
63382de8-49d2-5c64-a0ed-4369bb26827b,2024-08-23,TX-400,FL,Supplier C,349,22,442,4.52,0.83
e78ee800-3738-9b51-73af-2bf0ed977065,2024-08-23,TX-500,IL,Supplier A,324,21,402,4.52,0.83
94ffcc04-3eec-7ec1-cb4d-f2bc24ec50bd,2024-08-24,TX-100,NY,Supplier C,290,25,375,4.52,0.34
9dad56f2-f51c-eebc-855e-05f7cff0ed0d,2024-08-24,TX-200,NY,Supplier B,324,14,400,4.52,0.34
fbea7817-c0c2-7452-6a9c-576ca0120c23,2024-08-25,TX-100,FL,Supplier C,326,24,415,4.52,0.25
7b2a68be-be56-ac3b-b5c2-8c30e763fbbe,2024-08-25,TX-300,NY,Supplier B,304,26,391,4.52,0.25
1327c487-90df-2bed-6d17-716067a0fe1b,2024-08-25,TX-300,TX,Supplier B,352,25,449,4.52,0.25
9b9ff412-100d-b486-aa1b-2e9397a8740e,2024-08-25,TX-400,CA,Supplier D,432,39,550,4.52,0.25
e4067abd-6acc-0a9d-8e91-0c8e06bcdcb4,2024-08-25,TX-400,IL,Supplier E,362,20,456,4.52,0.25
ba3c0cf8-3c0f-acee-3cb1-c80de8849a3c,2024-08-25,TX-400,NY,Supplier D,269,22,346,4.52,0.25
1e160371-0af0-7ae4-954e-2c262269d86f,2024-08-25,TX-500,FL,Supplier D,408,38,528,4.52,0.25
43f5332d-6383-da5c-f503-2d93e2da9451,2024-08-25,TX-500,IL,Supplier E,324,23,408,4.52,0.25
48635e10-4972-a69e-5ec8-d9416220cbe2,2024-08-26,TX-100,CA,Supplier B,297,18,368,4.52,0.88
ad231a6d-f4d1-46c8-0d9c-f2aef48c4441,2024-08-26,TX-200,CA,Supplier D,322,35,419,4.52,0.88
da962b1a-7f46-b71b-eab3-ce0ce9208f8b,2024-08-26,TX-300,CA,Supplier B,309,16,395,4.52,0.88
fec7e4bf-98c7-1f25-0b5d-575450cb2540,2024-08-26,TX-300,FL,Supplier A,272,21,349,4.52,0.88
5207e991-87ea-b06f-7a61-edf69d01de01,2024-08-26,TX-400,CA,Supplier A,336,28,434,4.52,0.88
3895ff0b-aa30-91d2-e464-9c0dbc658511,2024-08-26,TX-400,NY,Supplier C,303,32,398,4.52,0.88
9ccb86a1-1ff4-e03c-f5cd-c2254498fa5e,2024-08-26,TX-500,TX,Supplier E,421,16,533,4.52,0.88
509d3eb6-2fe4-8c20-1988-78780536c8c6,2024-08-27,TX-200,TX,Supplier A,398,27,509,4.52,0.14
c1f1ecf3-9ebf-605f-aa64-da5cbfe350b7,2024-08-27,TX-300,TX,Supplier B,342,19,428,4.52,0.14
b3c9af96-e44f-3fd4-223e-c8875a534381,2024-08-27,TX-400,FL,Supplier E,342,23,432,4.52,0.14
ca581d5e-fae5-f239-652f-deb867230aa9,2024-08-27,TX-500,FL,Supplier C,365,28,470,4.52,0.14
8e8ea02e-2e69-9839-2cd4-ef4c0f97bb4c,2024-08-27,TX-500,NY,Supplier B,368,26,462,4.52,0.14
c0498b6b-3b65-748a-298a-24ec58142b17,2024-08-28,TX-100,FL,Supplier D,303,18,384,4.52,0.14
5d3b0118-8e61-0b8e-6290-1e359f261fda,2024-08-28,TX-200,CA,Supplier E,341,28,442,4.52,0.14
74f4e3ce-f6c9-b32f-9891-8a40356334db,2024-08-28,TX-200,FL,Supplier E,344,22,431,4.52,0.14
5887e3fc-ece5-9788-446f-e7cb88ba4d46,2024-08-28,TX-200,NY,Supplier E,333,23,424,4.52,0.14
a90cad54-57f3-cd37-900b-a373bb418928,2024-08-28,TX-200,TX,Supplier D,394,31,504,4.52,0.14
db7a5468-4b29-03c9-d50f-d4a91053fcf2,2024-08-28,TX-400,CA,Supplier B,418,42,545,4.52,0.14
34f2b9a5-20af-6807-7e96-c6e1d4bc52b7,2024-08-28,TX-400,FL,Supplier E,292,22,372,4.52,0.14
b3628ecb-cbac-90a7-6d26-83a03be79cc0,2024-08-28,TX-400,TX,Supplier A,381,28,484,4.52,0.14
a0042130-234d-675e-b61b-f7bafdbb5117,2024-08-28,TX-500,NY,Supplier D,295,21,378,4.52,0.14
1eaa967b-75b8-9b45-45a9-c6cf1eb28d26,2024-08-29,TX-100,NY,Supplier C,250,28,331,4.52,0.26
e128ab02-9839-88b1-09d9-22b26d83dbff,2024-08-29,TX-100,TX,Supplier B,273,27,350,4.52,0.26
3bd3158f-23e6-10a0-a823-bec5d4fab6c3,2024-08-29,TX-200,CA,Supplier A,318,24,406,4.52,0.26
bf2c9e93-2c78-0330-8a2b-2a1300d2f91a,2024-08-29,TX-200,IL,Supplier E,354,18,448,4.52,0.26
17da1d33-d427-b5f1-58ca-fd049047fbbf,2024-08-29,TX-300,FL,Supplier E,353,19,440,4.52,0.26
f28f8b85-b211-9a84-16d1-02f2f4829c69,2024-08-29,TX-300,NY,Supplier D,244,22,313,4.52,0.26
d1283d49-9d01-c462-9deb-365f1fce49e5,2024-08-29,TX-400,CA,Supplier C,428,35,549,4.52,0.26
0e828089-ecef-76e9-8da9-a58ee248982d,2024-08-29,TX-500,TX,Supplier C,363,27,458,4.52,0.26
f2e591d5-e4a0-636f-d9f8-724808346c08,2024-08-30,TX-200,CA,Supplier B,409,28,523,4.52,0.83
6ba1d262-660f-2d10-0a41-fbf96e63088d,2024-08-30,TX-200,FL,Supplier E,342,19,440,4.52,0.83
53111cab-e3f8-7acd-fa5c-5779c96966de,2024-08-30,TX-300,IL,Supplier B,325,23,416,4.52,0.83
f80c7007-c61f-f06e-960e-895fa3859a33,2024-08-30,TX-400,TX,Supplier B,345,38,444,4.52,0.83
6cd3df7f-11cd-0d66-9ccd-d8136b9b9fd9,2024-08-30,TX-500,IL,Supplier A,372,19,466,4.52,0.83
58658efe-76a2-e61e-cfae-a8a69392475f,2024-08-31,TX-100,TX,Supplier E,284,19,361,4.52,0.12
2194f5ae-1740-915b-d47a-8ecce2830631,2024-08-31,TX-200,CA,Supplier C,399,31,515,4.52,0.12
e6932460-d87c-1cf3-5965-be1d7a01160a,2024-08-31,TX-300,CA,Supplier E,371,48,494,4.52,0.12
895cae3a-e76b-1042-580c-6c0e2267b6ba,2024-08-31,TX-400,NY,Supplier A,347,19,438,4.52,0.12
067293d9-56ac-9072-1234-7e523477da2a,2024-08-31,TX-500,NY,Supplier C,301,18,381,4.52,0.12
3301d65c-456f-c326-fb0e-f03f7e74aa7b,2024-09-01,TX-100,FL,Supplier C,265,22,338,4.98,0.2
a0571f09-9d57-cc22-c312-2f4bcf7186e2,2024-09-01,TX-100,TX,Supplier A,315,15,389,4.98,0.2
05b51e88-db76-d9f1-e82d-e2d39b3e27e2,2024-09-01,TX-300,CA,Supplier B,302,20,389,4.98,0.2
0f721d06-65c2-ed2f-3a78-a8e35149e97f,2024-09-01,TX-400,NY,Supplier D,303,25,395,4.98,0.2
791fce7b-b490-3355-41a7-92e1b5821a14,2024-09-01,TX-500,CA,Supplier C,456,30,577,4.98,0.2
ddf99e39-6d80-95ea-cbdc-691586f4b841,2024-09-02,TX-100,FL,Supplier B,276,23,355,4.98,0.93
f393ce64-71b6-aedf-7f33-36da62678b2d,2024-09-02,TX-100,NY,Supplier A,237,16,296,4.98,0.93
78658f1d-6c5a-a281-8119-ed79bfca0781,2024-09-02,TX-100,TX,Supplier C,314,27,403,4.98,0.93
9ab5cda5-1342-5076-995c-9469ba68542d,2024-09-02,TX-400,CA,Supplier A,343,17,426,4.98,0.93
d722ef4b-41de-9609-6de3-b85012101dd1,2024-09-02,TX-400,IL,Supplier A,277,19,351,4.98,0.93
2dfe3950-0546-a835-ed57-ae6f8e3735ad,2024-09-02,TX-500,FL,Supplier A,410,32,521,4.98,0.93
ac144520-f8a6-edbe-24c3-037902608835,2024-09-03,TX-100,IL,Supplier E,244,18,312,4.98,0.88
b4df5920-aac2-7b6f-e994-2d88dd34e40a,2024-09-03,TX-100,TX,Supplier B,270,21,352,4.98,0.88
ecffb46e-f8de-402b-2b10-4d84a546467e,2024-09-03,TX-200,FL,Supplier B,316,21,401,4.98,0.88
b3a53ad9-ab27-4cdd-45ed-2f2dab8bca05,2024-09-03,TX-200,IL,Supplier A,270,29,355,4.98,0.88
7d405137-ca1c-c36c-5215-45cca6429bfd,2024-09-03,TX-300,CA,Supplier D,328,43,439,4.98,0.88
d6bc9dcc-3af7-29ca-66b8-1a608569b6b0,2024-09-03,TX-300,IL,Supplier B,274,20,345,4.98,0.88
62874511-4197-7399-840e-897dd8d7f41f,2024-09-03,TX-400,CA,Supplier B,390,28,507,4.98,0.88
c4d3c6ff-4016-cdf9-25cb-b0d279b88676,2024-09-03,TX-400,FL,Supplier B,320,20,409,4.98,0.88
90998378-5d53-5f61-dac3-a51df0a7ffad,2024-09-03,TX-400,IL,Supplier E,354,17,433,4.98,0.88
64a10e2a-84b6-827f-ff4d-9ac06cb8bc08,2024-09-03,TX-400,NY,Supplier B,257,11,324,4.98,0.88
752c0e54-97ca-6cd9-da22-48703f160901,2024-09-04,TX-300,CA,Supplier E,345,19,433,4.98,0.69
227fa7ec-0014-512a-7339-20f54cc2735d,2024-09-04,TX-300,IL,Supplier E,331,24,418,4.98,0.69
2e7a9830-a98a-44d2-4f0b-21ba83de5078,2024-09-04,TX-300,NY,Supplier D,291,21,371,4.98,0.69
f00bf020-c985-8850-f58d-8c7abd6d5233,2024-09-05,TX-100,TX,Supplier B,355,28,456,4.98,0.14
c522517f-dd9e-b014-e26a-b20eaae50bf5,2024-09-05,TX-200,CA,Supplier A,302,17,382,4.98,0.14
eb4832cf-be51-b07e-ea88-56a0613cfedc,2024-09-05,TX-200,IL,Supplier C,274,18,342,4.98,0.14
2c230733-e2df-bc7b-2b56-ce51dd488f22,2024-09-05,TX-200,NY,Supplier E,287,15,360,4.98,0.14
b863781f-9e82-fb8c-d32c-51b828557020,2024-09-05,TX-300,FL,Supplier D,264,30,341,4.98,0.14
6ab96de6-9439-f235-5067-a298b21d146c,2024-09-05,TX-300,IL,Supplier B,323,27,412,4.98,0.14
e14f74f2-d201-ec1e-1fc0-82a2b32f9879,2024-09-05,TX-500,CA,Supplier C,413,31,527,4.98,0.14
e2aff070-7649-178e-cf1c-3b807264fbcc,2024-09-06,TX-100,CA,Supplier B,312,26,398,4.98,0.71
0b51acbc-452b-9938-6eb8-da889361fcf9,2024-09-06,TX-100,IL,Supplier A,306,22,386,4.98,0.71
85f97fd0-cdcc-8392-66f3-32fe09616b8a,2024-09-06,TX-100,NY,Supplier D,252,20,324,4.98,0.71
f4f3fd4f-bac2-faab-f04e-8f0ca69a8d0c,2024-09-06,TX-200,IL,Supplier A,338,28,432,4.98,0.71
b7dc0ca8-b16a-26fe-6e88-62dcb88feab6,2024-09-06,TX-200,TX,Supplier C,375,31,477,4.98,0.71
57632f19-c5d5-b061-a013-cbde165db2a0,2024-09-06,TX-400,IL,Supplier C,320,27,406,4.98,0.71
f402c59a-7e07-24c3-1552-d7fbbbe7c65b,2024-09-06,TX-400,NY,Supplier E,274,25,348,4.98,0.71
4ed82691-4b96-699e-4789-39822cbe9d31,2024-09-06,TX-400,TX,Supplier D,386,43,506,4.98,0.71
9aac7e1c-03d3-4c1f-d2b4-247423afde8e,2024-09-06,TX-500,FL,Supplier C,311,25,404,4.98,0.71
f7662a86-9969-70e5-379d-6c714d87cdf0,2024-09-06,TX-500,NY,Supplier D,291,18,368,4.98,0.71
986f4ed9-5ac1-34ae-b874-f57de7b4c652,2024-09-07,TX-200,CA,Supplier E,358,23,454,4.98,0.99
1c125e48-eb24-05f9-f899-d4b1ec08433d,2024-09-07,TX-200,FL,Supplier C,286,17,362,4.98,0.99
dfc5b4af-62c2-5491-c949-38e8507032a6,2024-09-07,TX-200,IL,Supplier E,338,20,422,4.98,0.99
747d485b-8740-e8c3-9c70-11de8a014ba8,2024-09-07,TX-200,NY,Supplier B,286,19,364,4.98,0.99
dc710ac3-eb36-bf76-50bf-1b1ab570dedb,2024-09-07,TX-300,CA,Supplier C,375,28,484,4.98,0.99
a13d220e-9ed1-abc0-800e-9c3765775df7,2024-09-07,TX-300,TX,Supplier C,337,31,432,4.98,0.99
2ff390cb-634e-5bf2-2b32-6d079fcfa699,2024-09-07,TX-400,IL,Supplier E,302,11,374,4.98,0.99
f0870c73-27db-e0ee-ab04-3bafe5f8d26c,2024-09-07,TX-400,NY,Supplier A,300,24,384,4.98,0.99
df640054-3ef8-6a14-ffe1-6f79e10b4cab,2024-09-07,TX-500,TX,Supplier C,394,36,511,4.98,0.99
0358774c-94ca-5c6d-ba9b-a555ebb88cf7,2024-09-08,TX-100,TX,Supplier D,346,35,454,4.98,0.69
935e96ae-bac6-1390-537e-369eb95afcb5,2024-09-08,TX-400,IL,Supplier D,324,29,423,4.98,0.69
e80b9926-05d8-51f4-c852-2ff62f8e9d5d,2024-09-08,TX-400,TX,Supplier D,381,31,492,4.98,0.69
99b60a0f-66d5-edbb-6dcb-6aa6892c40a3,2024-09-08,TX-500,TX,Supplier A,386,33,489,4.98,0.69
83f59242-1af9-e1dc-6efe-5de47bad24c2,2024-09-09,TX-100,IL,Supplier E,257,15,323,4.98,0.54
da99e850-70f6-8646-6336-f1be031f5eae,2024-09-09,TX-200,CA,Supplier D,331,31,429,4.98,0.54
23ca3419-cca5-065d-c7da-c5d3508e318f,2024-09-09,TX-200,FL,Supplier B,342,24,432,4.98,0.54
32e9c9ce-c4f9-7cbf-713e-8638931f0975,2024-09-09,TX-300,CA,Supplier B,374,26,481,4.98,0.54
e2cd70eb-21f7-45c3-f20a-8dba9dd533ef,2024-09-09,TX-300,IL,Supplier A,305,18,380,4.98,0.54
d7457db9-cf89-3cbb-6b4f-9aa4e9f5b22b,2024-09-09,TX-500,IL,Supplier C,295,26,387,4.98,0.54
fd90a79e-4a71-8932-cf8c-797fa1533962,2024-09-09,TX-500,NY,Supplier E,298,14,379,4.98,0.54
b36c72a1-32a8-0ee9-098f-4263b66352ce,2024-09-09,TX-500,TX,Supplier B,415,23,522,4.98,0.54
1d49686c-e8b8-bce9-1c25-b2a8cbc70c5e,2024-09-11,TX-100,CA,Supplier D,342,23,431,4.98,0.9
36669361-a35b-a320-17ec-b2621c1332bb,2024-09-11,TX-100,NY,Supplier A,240,15,308,4.98,0.9
cd50fb0d-0d46-1fad-bd7a-8554c6343ddb,2024-09-11,TX-200,CA,Supplier C,376,27,473,4.98,0.9
ea2840cd-b8de-2bf6-07a4-6efd543b4d61,2024-09-11,TX-200,NY,Supplier A,258,18,327,4.98,0.9
d5f1204d-9188-f972-6def-74f81a55b231,2024-09-11,TX-300,CA,Supplier C,314,19,395,4.98,0.9
8eff120a-3a81-fb38-5f88-29cf42afe5dc,2024-09-11,TX-400,FL,Supplier C,367,37,470,4.98,0.9
a342a8ea-3aee-d386-0ec2-e443ed5f220b,2024-09-11,TX-500,CA,Supplier E,347,22,437,4.98,0.9
cc74f657-bd57-c4f7-9cbb-ae1c65b277d1,2024-09-12,TX-100,FL,Supplier D,332,21,420,4.98,0.42
b5c4b4fb-8f97-6aeb-5668-ba1e6e91f5f9,2024-09-12,TX-200,FL,Supplier D,273,22,353,4.98,0.42
67298da7-2405-9901-d642-a3c1838d36fa,2024-09-12,TX-300,TX,Supplier B,275,22,351,4.98,0.42
70d80955-1a19-3ad6-95df-61ffae662c34,2024-09-12,TX-400,FL,Supplier D,359,22,451,4.98,0.42
70ac18b5-64f4-164a-5bdd-030d8dad3f11,2024-09-12,TX-500,CA,Supplier C,372,30,476,4.98,0.42
9db6c62b-cd2c-8647-a174-298b2172ec31,2024-09-13,TX-100,IL,Supplier E,277,13,343,4.98,0.71
f50c0310-640c-c8be-444e-9204104a86c2,2024-09-13,TX-200,TX,Supplier E,284,20,360,4.98,0.71
1be22d77-2e5e-2b66-2370-e021fc240bde,2024-09-13,TX-300,NY,Supplier A,300,23,384,4.98,0.71
a4637b3a-fb55-1266-26ea-43e18048d2c7,2024-09-13,TX-400,CA,Supplier B,345,30,448,4.98,0.71
d4f9d211-db52-4e75-3e3d-7935bd05877a,2024-09-13,TX-400,IL,Supplier D,347,33,451,4.98,0.71
833d981a-c1e6-c96b-0e8a-020e535adf01,2024-09-13,TX-500,CA,Supplier A,408,26,515,4.98,0.71
2a1c9e7c-98d1-32a9-d438-a9d1c10d2428,2024-09-14,TX-100,TX,Supplier A,290,18,364,4.98,0.62
d738cb21-67af-c93c-f97a-40379cf2e65c,2024-09-14,TX-200,CA,Supplier E,364,21,449,4.98,0.62
a03aa2d6-8c7d-1099-dfb9-b4d831f2f960,2024-09-14,TX-200,FL,Supplier B,332,19,423,4.98,0.62
df211501-d16f-3c9b-368f-0cd0af9ed672,2024-09-14,TX-200,IL,Supplier C,282,26,373,4.98,0.62
26f65321-02c2-0d61-4f4c-276d61dbf0c2,2024-09-14,TX-200,NY,Supplier D,295,22,381,4.98,0.62
172a37bf-add1-47b9-f1dc-b1fedfa8f475,2024-09-14,TX-200,TX,Supplier D,340,27,429,4.98,0.62
7d49aef2-ae42-854b-d127-3e167cafc179,2024-09-14,TX-300,CA,Supplier A,324,27,416,4.98,0.62
20618694-2e17-efa1-8fc8-5a3825e92e1d,2024-09-14,TX-300,FL,Supplier D,303,39,403,4.98,0.62
32d6dbf3-e886-6817-6368-538b36df66eb,2024-09-14,TX-300,TX,Supplier B,285,14,357,4.98,0.62
1a0e5e5c-ede5-9cdc-0129-4235fd603a4e,2024-09-14,TX-400,IL,Supplier A,294,19,371,4.98,0.62
6652826b-9bfa-f412-4e54-c7d6d2354c43,2024-09-15,TX-100,FL,Supplier D,318,26,412,4.98,0.61
f3bf2578-5ee2-92cc-52a9-5dd1025b2087,2024-09-15,TX-100,TX,Supplier E,313,13,386,4.98,0.61
f9ba2626-388d-9bfd-b348-ecb1d672c317,2024-09-15,TX-200,FL,Supplier A,310,18,387,4.98,0.61
d910830e-7e9f-a19f-607f-b6a0907e8ab0,2024-09-15,TX-300,IL,Supplier E,295,17,365,4.98,0.61
dc659c23-c288-ddb4-28eb-b7fd5cb7ff2f,2024-09-15,TX-300,TX,Supplier B,285,22,365,4.98,0.61
4ea01c46-9377-00af-4e02-0a8e259c94c4,2024-09-15,TX-400,NY,Supplier D,265,25,345,4.98,0.61
8acdca3c-abc2-3f1c-5851-43d6546b5304,2024-09-15,TX-400,TX,Supplier A,309,17,392,4.98,0.61
b84a7eea-2729-857a-fefd-11ba66fd6d1d,2024-09-15,TX-500,NY,Supplier D,280,19,354,4.98,0.61
01a1aea0-3d97-b55d-e027-d1cd3a21e53a,2024-09-16,TX-300,CA,Supplier D,319,23,405,4.98,0.47
863c31ac-08ee-22db-e560-1ac9a4525be6,2024-09-16,TX-300,FL,Supplier C,281,26,362,4.98,0.47
b5cf8500-0ee4-03c8-a8c6-f7c84603b532,2024-09-16,TX-300,IL,Supplier D,299,25,381,4.98,0.47
9a476b8c-4d17-089b-7baa-8e8d3d1c02b5,2024-09-16,TX-500,TX,Supplier B,367,29,471,4.98,0.47
9d3f4865-6ac3-195b-deff-81af7e42a69b,2024-09-17,TX-200,CA,Supplier B,296,25,375,4.98,0.38
04da6318-a722-4910-6599-45a8095c81d7,2024-09-17,TX-300,IL,Supplier A,271,20,345,4.98,0.38
3084a24c-bdee-df04-78ce-c3fa92459ede,2024-09-17,TX-300,NY,Supplier C,255,18,327,4.98,0.38
64d149fe-68f7-9248-23e5-521759136949,2024-09-17,TX-400,IL,Supplier E,258,12,318,4.98,0.38
1408f2f0-a751-9199-fe4f-4a4b92bac1f5,2024-09-17,TX-500,TX,Supplier A,357,29,456,4.98,0.38
4d4b125b-f9fa-ad20-480a-cdda685d746e,2024-09-18,TX-100,NY,Supplier D,244,16,307,4.98,0.01
f977cb30-5e55-0571-6df2-ece181f0ae5d,2024-09-18,TX-300,CA,Supplier C,363,28,463,4.98,0.01
9d6d388d-4b61-8cd3-f300-dca726006cf0,2024-09-18,TX-300,TX,Supplier C,354,27,452,4.98,0.01
2f85b671-1bce-3ecb-e8ee-fad1e64c3bda,2024-09-18,TX-400,CA,Supplier E,323,12,401,4.98,0.01
a3a4a992-e468-fec2-c624-ae7625714743,2024-09-18,TX-400,TX,Supplier B,373,28,480,4.98,0.01
2c041949-26cf-6550-1680-63b4fc7c9532,2024-09-18,TX-500,FL,Supplier D,384,37,499,4.98,0.01
8088321c-e5f2-0d46-d44c-da85bb27c474,2024-09-18,TX-500,NY,Supplier E,272,15,343,4.98,0.01
8ac15f26-f231-406c-6163-563a160d54d6,2024-09-18,TX-500,TX,Supplier E,335,21,424,4.98,0.01
ad52a2f6-678d-831b-76f4-79d60c5faa10,2024-09-19,TX-100,CA,Supplier C,346,30,437,4.98,0.81
8f7ecc38-7310-8c73-e934-c5a17f1dc2a4,2024-09-19,TX-100,NY,Supplier E,236,10,293,4.98,0.81
b00cc2dc-7033-fa40-7ccd-8bc1a426ee3d,2024-09-19,TX-100,TX,Supplier A,310,19,388,4.98,0.81
55391973-1383-b891-5e12-48610265c4e2,2024-09-19,TX-200,IL,Supplier D,306,25,396,4.98,0.81
804aec90-66ea-f704-09ba-3785e6ee99a9,2024-09-19,TX-200,NY,Supplier E,305,12,378,4.98,0.81
964f734a-1598-4d1b-6da0-bb8fc4eeda22,2024-09-19,TX-300,NY,Supplier B,292,22,372,4.98,0.81
dc761287-ba87-23ca-e368-54ed80ffd7c0,2024-09-19,TX-400,FL,Supplier E,272,17,350,4.98,0.81
2965e271-7d60-ae5f-5048-5134f29204ba,2024-09-19,TX-400,IL,Supplier E,270,10,335,4.98,0.81
d5c42d06-1766-e6d6-292c-43cc37c5e4fc,2024-09-19,TX-500,FL,Supplier B,291,21,374,4.98,0.81
504a8538-8ec2-419e-bf49-b6b103653c6e,2024-09-19,TX-500,IL,Supplier C,298,25,379,4.98,0.81
abd57419-5084-4e37-4d9d-68f6f3012ae5,2024-09-20,TX-100,FL,Supplier D,268,22,344,4.98,0.52
c351c0de-d0ad-9ae6-8ab5-33d5a6dbdb2f,2024-09-20,TX-100,IL,Supplier D,298,25,387,4.98,0.52
89b56657-012b-19cf-9ec8-cede25e9101d,2024-09-20,TX-100,NY,Supplier A,255,13,318,4.98,0.52
f1d7379f-acef-ea4e-dcd7-ece748b288c5,2024-09-20,TX-300,TX,Supplier D,320,28,420,4.98,0.52
d0701d17-ebc6-ee82-86a5-f53fb9f9769a,2024-09-20,TX-400,NY,Supplier D,277,18,350,4.98,0.52
f7649fd6-c6c1-85c6-9a76-83a5472b46c3,2024-09-20,TX-400,TX,Supplier C,313,19,396,4.98,0.52
fe6d74f4-e709-4984-8f2d-8c320b1020c8,2024-09-20,TX-500,CA,Supplier B,405,32,525,4.98,0.52
1fe45c03-3305-3355-aba3-6ca03833d947,2024-09-20,TX-500,IL,Supplier D,274,22,349,4.98,0.52
3f8cbadd-496e-9c35-83b5-821fb7ecffd3,2024-09-21,TX-100,FL,Supplier E,248,15,311,4.98,0.63
70205e3e-512e-6e61-2a4f-5f1b89cb1dcb,2024-09-21,TX-100,NY,Supplier D,246,26,326,4.98,0.63
c5aeb613-c879-3c4b-5455-566198afc706,2024-09-21,TX-200,IL,Supplier E,301,15,372,4.98,0.63
dc969d99-79d5-4f4c-a802-264fbd3509c7,2024-09-21,TX-200,NY,Supplier E,292,26,377,4.98,0.63
e7b2ee83-03b7-0916-5e2a-bef100a62f07,2024-09-21,TX-500,FL,Supplier C,290,19,370,4.98,0.63
ef6e3bac-4e2d-bf0a-04f1-8c0399395e11,2024-09-23,TX-200,NY,Supplier B,304,16,383,4.98,0.53
eaf96a77-a3c5-7c85-0dd8-36856b82a0d9,2024-09-23,TX-300,TX,Supplier C,332,30,432,4.98,0.53
1437d95b-3179-6091-26bd-f187d7b666e8,2024-09-23,TX-500,CA,Supplier E,327,21,409,4.98,0.53
e296e1ab-ea84-4d17-641a-b5e0614a7ab3,2024-09-24,TX-100,CA,Supplier A,302,19,380,4.98,0.03
96d4abaf-76cd-21cc-2e20-3a34128513dc,2024-09-24,TX-100,NY,Supplier D,271,40,366,4.98,0.03
9844475f-e534-c26f-36ca-7616c4a0b5a1,2024-09-24,TX-200,FL,Supplier D,283,22,362,4.98,0.03
65cac8f1-a47e-3905-7b1c-4e240b8b1434,2024-09-24,TX-200,NY,Supplier D,232,11,289,4.98,0.03
966c9524-4d60-c233-6fc1-238edac7a595,2024-09-24,TX-200,TX,Supplier B,298,24,384,4.98,0.03
077e59f8-38f3-6272-d91b-158b786ee8d6,2024-09-24,TX-300,TX,Supplier C,344,25,438,4.98,0.03
ee0891bf-1f44-d040-593b-919098c78342,2024-09-24,TX-500,CA,Supplier B,382,25,481,4.98,0.03
79f405e8-fa5b-dd7d-4424-04dc35b3c202,2024-09-24,TX-500,NY,Supplier A,267,20,337,4.98,0.03
7928d7d4-03b9-3b01-783c-d6ceb1560387,2024-09-25,TX-100,FL,Supplier E,236,13,295,4.98,0.48
fd8672f1-9e24-09cd-e8fd-3a61d9d944fb,2024-09-25,TX-100,IL,Supplier C,278,24,358,4.98,0.48
6c2f26c7-e09e-cdae-175d-c4fa509a0a9f,2024-09-25,TX-200,CA,Supplier B,316,23,401,4.98,0.48
3749ee05-155a-6ce6-5425-87c739b53999,2024-09-25,TX-200,IL,Supplier D,273,30,350,4.98,0.48
eb7201e4-a851-4696-f6d6-17142094c74c,2024-09-25,TX-300,IL,Supplier D,281,19,355,4.98,0.48
ef4679eb-4251-a85e-b0b2-4fa105284a27,2024-09-25,TX-400,FL,Supplier A,336,23,428,4.98,0.48
5973630b-41c8-6b8e-74b1-9b73ecd71ec0,2024-09-26,TX-100,IL,Supplier C,285,23,366,4.98,0.52
2b238955-1d11-6b2f-3f2b-48e5ce4b4a2a,2024-09-26,TX-200,CA,Supplier D,308,20,389,4.98,0.52
8429807e-2470-9447-6165-6fb8960f4d8b,2024-09-26,TX-200,TX,Supplier D,316,26,410,4.98,0.52
a489fe18-2895-09b5-5107-83bb4f967b29,2024-09-26,TX-300,IL,Supplier E,255,17,320,4.98,0.52
eb26f314-6ac2-ce85-6b30-4d11fa3f646a,2024-09-26,TX-400,CA,Supplier B,340,31,445,4.98,0.52
29b439e5-00d4-6ba5-6af9-2ebc96f2c4cf,2024-09-26,TX-400,FL,Supplier B,286,17,360,4.98,0.52
1f34c19b-95cb-360e-abc6-91c9323e08f5,2024-09-26,TX-500,CA,Supplier D,384,28,489,4.98,0.52
d3540822-24c4-37e7-92cb-119a4aa7f71e,2024-09-26,TX-500,FL,Supplier C,285,14,357,4.98,0.52
62b0ceff-c769-95ef-0ae9-3c6d9f5e4f9e,2024-09-27,TX-100,FL,Supplier B,268,23,344,4.98,0.29
0753aea7-4593-375a-8978-206eacbf1715,2024-09-27,TX-200,CA,Supplier C,305,26,391,4.98,0.29
b91f5ce2-bee7-da2a-edf9-61b07dfb8a92,2024-09-27,TX-300,CA,Supplier E,285,17,358,4.98,0.29
c52b1c70-9721-f6a7-832c-faa41bb1e141,2024-09-27,TX-300,FL,Supplier B,266,23,342,4.98,0.29
176d117c-e0f1-67f1-23b4-ddcd0726e32b,2024-09-27,TX-300,NY,Supplier D,280,28,365,4.98,0.29
07b3b883-cd26-9f5d-230c-54adae7d8ef3,2024-09-27,TX-300,TX,Supplier D,327,35,426,4.98,0.29
80bfc662-cb44-18cc-9564-34f61742ebcc,2024-09-27,TX-400,IL,Supplier C,254,21,328,4.98,0.29
5af95b1a-60d1-f6b1-1fdd-a20d00429ca8,2024-09-27,TX-400,NY,Supplier D,308,30,404,4.98,0.29
caa5e781-9212-41b0-ed1e-fe07f9dcc75b,2024-09-27,TX-400,TX,Supplier E,328,19,407,4.98,0.29
2a1bfc91-55b0-4a40-22be-379af81238e3,2024-09-28,TX-100,NY,Supplier A,218,19,277,4.98,0.27
33eb36aa-5984-7dc1-ae92-e710b4251523,2024-09-28,TX-200,CA,Supplier B,361,23,456,4.98,0.27
427a13d4-a933-ec93-24bc-cff75e3cd7ce,2024-09-28,TX-400,TX,Supplier D,363,37,466,4.98,0.27
74298488-8714-5012-b274-24d9cacb0b3e,2024-09-29,TX-200,FL,Supplier D,296,23,380,4.98,0.62
757f748f-1a14-cad3-6bb7-f957910fd00a,2024-09-29,TX-200,TX,Supplier D,274,19,345,4.98,0.62
8b917908-a192-af61-69e6-5fb9fac4beb9,2024-09-29,TX-300,NY,Supplier A,267,26,342,4.98,0.62
d661a715-9d73-8cd8-c1ce-4794943bab99,2024-09-29,TX-400,CA,Supplier D,328,35,428,4.98,0.62
c00c2a31-4797-59c8-f1b3-4c8b7cc9f629,2024-09-29,TX-500,NY,Supplier A,259,16,324,4.98,0.62
2e808dcf-5bf9-9f0f-18a4-250c4a4acd48,2024-09-30,TX-100,FL,Supplier B,282,20,354,4.98,0.1
4f62fd0e-fd85-d0b5-a717-bb062aaad501,2024-09-30,TX-100,IL,Supplier A,274,18,342,4.98,0.1
6a2e0b32-1273-0542-54b9-8fe1ed4862f7,2024-09-30,TX-300,TX,Supplier A,261,22,337,4.98,0.1
8497d4c2-0dd2-ec94-63f0-9be8b1109ca5,2024-09-30,TX-400,IL,Supplier D,249,24,324,4.98,0.1
405db9d6-881a-f5e7-85b8-5ae7f9809739,2024-09-30,TX-500,CA,Supplier E,382,17,466,4.98,0.1
923af928-fc1d-84f8-4c56-9c3c15bb3d19,2024-10-01,TX-100,FL,Supplier D,257,21,329,5.09,0.13
d854589b-65ac-220e-7b42-9eca13880c94,2024-10-01,TX-200,FL,Supplier D,322,21,411,5.09,0.13
a1cb6e54-73a1-f056-2500-7d00023cf034,2024-10-01,TX-300,CA,Supplier C,335,20,421,5.09,0.13
671fd09d-8183-d985-0940-545d31697d70,2024-10-01,TX-300,FL,Supplier B,313,26,403,5.09,0.13
130fd363-72fa-4657-572c-19717f2ece02,2024-10-01,TX-300,IL,Supplier A,294,20,378,5.09,0.13
c8cb9871-5a26-905b-705c-a5e0b8afed3e,2024-10-01,TX-400,FL,Supplier D,298,25,380,5.09,0.13
739530b7-0cdd-2d7a-c5f9-d637ae1f6f65,2024-10-01,TX-500,CA,Supplier D,346,34,448,5.09,0.13
e946ef8a-9264-7d53-8650-70f38585b34a,2024-10-01,TX-500,TX,Supplier C,294,23,374,5.09,0.13
a532e65d-8ec5-2d0d-bedc-a4fb35828c9e,2024-10-02,TX-100,NY,Supplier E,236,15,299,5.09,0.19
7dbb99b4-25d0-3c3f-75a2-04623c841fab,2024-10-02,TX-200,CA,Supplier A,328,19,420,5.09,0.19
ae023331-c83a-6311-1ce4-6eadec9675c4,2024-10-02,TX-200,TX,Supplier C,288,22,361,5.09,0.19
ad0271eb-cbb9-1c97-c454-d1c89b7130d6,2024-10-02,TX-300,CA,Supplier E,310,19,389,5.09,0.19
a260b75c-61aa-b4da-97c3-0aa7e531c42d,2024-10-02,TX-400,FL,Supplier E,267,13,332,5.09,0.19
1f5badb9-62e5-9f30-0a24-df936d98ec89,2024-10-03,TX-100,FL,Supplier A,272,18,343,5.09,0.34
5aa9ea41-8c3a-39e3-4267-63272e45125e,2024-10-03,TX-100,IL,Supplier E,267,13,332,5.09,0.34
599abc6d-7451-0bee-6154-41832bbbb391,2024-10-03,TX-100,NY,Supplier D,223,25,290,5.09,0.34
18c112d8-28f5-fbf8-a5c0-5f9e6b58f18a,2024-10-03,TX-100,TX,Supplier D,290,31,379,5.09,0.34
d3818c9f-36d9-f357-f59a-6fba46f823b7,2024-10-03,TX-200,CA,Supplier C,344,24,437,5.09,0.34
3a65a240-3427-3915-c2a2-e1a456a4b4dc,2024-10-03,TX-300,IL,Supplier B,247,21,318,5.09,0.34
3c002084-5f45-0952-71f4-4ac85be81b6a,2024-10-03,TX-500,IL,Supplier A,264,16,333,5.09,0.34
542d2747-dbdb-0013-9f4d-c83cbc6e237a,2024-10-03,TX-500,NY,Supplier D,315,37,412,5.09,0.34
49552e82-5416-7114-c99f-146c0214fc99,2024-10-04,TX-100,CA,Supplier D,294,33,375,5.09,0.97
360ec726-9d4e-fa97-2973-d4a625605706,2024-10-04,TX-100,FL,Supplier E,232,17,292,5.09,0.97
9f07a3e2-6559-975d-5dcd-97e04051ff9a,2024-10-04,TX-100,NY,Supplier C,233,17,299,5.09,0.97
8501a713-b4e2-117f-7c64-f32be9029021,2024-10-04,TX-300,CA,Supplier E,273,16,342,5.09,0.97
8dbb7452-d5ad-313a-0591-ebfa74e209a8,2024-10-04,TX-300,FL,Supplier A,251,13,311,5.09,0.97
7b4522d4-a681-549e-4210-edac67f57995,2024-10-04,TX-300,NY,Supplier D,273,19,347,5.09,0.97
ce1b639e-4d4f-7e03-77da-7271460ea12a,2024-10-04,TX-400,TX,Supplier D,275,25,356,5.09,0.97
8abe0e4a-dfb4-86ad-fb20-9d1c824a08c1,2024-10-04,TX-500,CA,Supplier D,340,26,434,5.09,0.97
33417669-f6a4-9430-43a4-02e229c99867,2024-10-05,TX-100,NY,Supplier D,215,16,272,5.09,0.85
9eed3f2c-59c6-7d02-8e90-b743b7a0d1ce,2024-10-05,TX-300,IL,Supplier B,290,26,380,5.09,0.85
0c364173-66b7-9567-8f63-616886fd57da,2024-10-05,TX-400,FL,Supplier E,286,17,365,5.09,0.85
7049f868-7475-f281-508b-87aa250b2f84,2024-10-05,TX-400,NY,Supplier C,274,20,348,5.09,0.85
17010263-ae47-a97f-7523-611a484d31b9,2024-10-05,TX-400,TX,Supplier D,305,27,388,5.09,0.85
598930a0-f23b-79d3-47c6-fcee5dd3f047,2024-10-05,TX-500,CA,Supplier D,336,24,427,5.09,0.85
59035574-8a8b-fca1-84f4-fbfce09c0a9d,2024-10-05,TX-500,IL,Supplier B,269,22,349,5.09,0.85
dd1f801f-5f78-f954-d7d4-4ad0dd449d24,2024-10-05,TX-500,NY,Supplier C,272,25,348,5.09,0.85
bb192347-41db-bb0a-2554-ef73bb223f42,2024-10-06,TX-100,IL,Supplier E,283,25,359,5.09,0.44
b87910a3-f48b-ce47-f6b5-6b07a74cf596,2024-10-06,TX-100,NY,Supplier E,244,11,305,5.09,0.44
e440d7f8-3351-ca17-376f-510398265848,2024-10-06,TX-300,FL,Supplier B,244,20,314,5.09,0.44
c4f8fd09-b73c-0129-41ad-c70b6d6c96db,2024-10-06,TX-500,NY,Supplier D,316,24,404,5.09,0.44
37c564aa-0963-15fc-06bd-eebb2bab9061,2024-10-07,TX-100,FL,Supplier E,222,19,284,5.09,0.69
c3a50324-e01f-efea-6da2-8cba93243466,2024-10-07,TX-100,IL,Supplier E,246,19,314,5.09,0.69
955b85ae-21f9-13e5-7c5d-322b57ed37d3,2024-10-07,TX-200,CA,Supplier B,271,18,345,5.09,0.69
f4e22620-213a-f228-c244-03f18988cf49,2024-10-07,TX-200,IL,Supplier B,263,20,335,5.09,0.69
e634f79c-954c-1dba-6167-d87cdc97db06,2024-10-07,TX-300,FL,Supplier D,304,23,388,5.09,0.69
eca70e49-c441-b9e1-25a8-dc83337d9a05,2024-10-07,TX-500,IL,Supplier E,315,18,391,5.09,0.69
396c48f3-88f7-6d75-d5cf-6ef7a86a868b,2024-10-08,TX-100,CA,Supplier D,327,27,416,5.09,0.41
860bb726-cb87-1341-77ae-c5be0626f87b,2024-10-08,TX-100,FL,Supplier B,260,26,337,5.09,0.41
885d2243-f0bd-bed6-aeae-9f5a41c133c6,2024-10-08,TX-100,NY,Supplier B,247,23,319,5.09,0.41
edea3cd3-5891-e665-f194-0e391cc6a4b7,2024-10-08,TX-100,TX,Supplier A,237,13,297,5.09,0.41
6f13b95f-31a6-9989-8c0d-a39f645df75a,2024-10-08,TX-200,FL,Supplier A,263,12,325,5.09,0.41
780ced15-af23-1b6a-a828-2bb1e9f77f1b,2024-10-08,TX-300,IL,Supplier C,248,24,318,5.09,0.41
f6d768ed-2263-d3ed-dae0-d79dc4dcc9ca,2024-10-08,TX-400,CA,Supplier D,345,30,439,5.09,0.41
6cbb72a2-eaec-942a-ee8f-262e66c94fbb,2024-10-08,TX-400,IL,Supplier C,259,17,325,5.09,0.41
af6b94f8-b74a-6d7b-24b0-14d08283ef3b,2024-10-08,TX-400,TX,Supplier A,278,21,355,5.09,0.41
c041be3f-f864-fdef-9efe-89d598c33640,2024-10-09,TX-100,CA,Supplier B,256,26,335,5.09,0.78
2544ab5b-8a29-56c1-7969-b849d296d2b9,2024-10-09,TX-100,TX,Supplier B,290,25,372,5.09,0.78
6144c4f3-6e6d-33b3-6ef8-4c5897ba78f2,2024-10-09,TX-200,CA,Supplier E,333,20,422,5.09,0.78
e1044d5d-d61d-edda-437a-296952730962,2024-10-09,TX-200,IL,Supplier C,269,25,349,5.09,0.78
a6c2c2fd-75d6-0acf-0edd-f49a048dc4d8,2024-10-09,TX-300,NY,Supplier D,272,23,349,5.09,0.78
6fbbbe34-f3b0-c13e-7b37-17cf35b99799,2024-10-09,TX-300,TX,Supplier A,267,24,344,5.09,0.78
352a2e4e-1f74-3f5f-d0e9-5a55a91e2a3f,2024-10-09,TX-400,CA,Supplier D,339,21,427,5.09,0.78
bfc6b75d-72c8-1eab-22cb-1b3d01b2fe94,2024-10-09,TX-400,NY,Supplier D,260,23,331,5.09,0.78
0818afcf-6eb8-0f29-a8b2-79c2f97d44b3,2024-10-09,TX-500,FL,Supplier C,288,29,376,5.09,0.78
6e3b1c93-e290-bace-7bc8-ddbcef04fa4e,2024-10-09,TX-500,NY,Supplier D,311,15,392,5.09,0.78
da825bcb-891c-7764-ab83-1a92c387573c,2024-10-10,TX-100,CA,Supplier D,259,25,334,5.09,0.7
41998f52-5c82-9df9-3fc9-e19ee4fc0123,2024-10-10,TX-100,NY,Supplier C,204,15,259,5.09,0.7
4be3f535-aa4d-b00a-5c22-18885853a64a,2024-10-10,TX-300,CA,Supplier C,309,21,387,5.09,0.7
1d800108-f7f0-b956-3c1b-a1bcc09a1948,2024-10-10,TX-300,FL,Supplier B,238,16,303,5.09,0.7
bacfa05e-db88-ef4c-7e05-9f3733a70722,2024-10-10,TX-400,IL,Supplier D,271,15,338,5.09,0.7
e948399a-9ffa-1fa7-d730-31d8f229db31,2024-10-10,TX-400,NY,Supplier A,284,20,363,5.09,0.7
70372b3d-e4df-f333-6c68-532df062a10a,2024-10-11,TX-100,NY,Supplier E,211,9,257,5.09,0.01
97bbc919-3c96-2880-77b2-bc10213906ae,2024-10-11,TX-200,IL,Supplier E,225,17,286,5.09,0.01
b0c10645-21f7-7058-3c4d-4764a19b01ee,2024-10-11,TX-200,TX,Supplier C,303,23,387,5.09,0.01
33f2ee39-2803-6181-dc3f-ee56853b1cee,2024-10-11,TX-300,FL,Supplier A,235,15,298,5.09,0.01
a8697aea-b1cf-84d3-9387-8276558b814d,2024-10-11,TX-300,TX,Supplier B,277,16,346,5.09,0.01
fce8c9c8-13d2-3ab8-3b91-274a8b74ed7e,2024-10-11,TX-400,FL,Supplier C,326,24,415,5.09,0.01
45d1caef-3bde-d963-d29a-958168acc401,2024-10-12,TX-100,NY,Supplier D,207,21,274,5.09,0.6
03829d59-6d52-30d7-2ca0-957cdbb8ec37,2024-10-12,TX-100,TX,Supplier E,260,11,318,5.09,0.6
5ce8ca90-c8dc-c290-286c-309c99d8d1e7,2024-10-12,TX-200,NY,Supplier B,251,15,321,5.09,0.6
bb50ac9f-2645-36b5-8bf5-4aa4b39db62d,2024-10-12,TX-400,NY,Supplier D,218,29,292,5.09,0.6
1141e820-8f6e-4cca-27fb-99860d28199e,2024-10-12,TX-500,NY,Supplier E,306,12,384,5.09,0.6
4b3926c5-5bc0-5257-b17e-a8eeaa4557cd,2024-10-13,TX-100,CA,Supplier A,250,19,316,5.09,0.26
386dfd4f-fd05-547e-9e22-976e8c9416f9,2024-10-13,TX-200,NY,Supplier C,273,23,347,5.09,0.26
35987a1b-fc3d-a792-1e34-ed47282ea85c,2024-10-13,TX-300,FL,Supplier E,291,24,378,5.09,0.26
9e4fe6ec-e2f8-2e93-2432-384ca80f8d36,2024-10-13,TX-300,TX,Supplier D,246,16,311,5.09,0.26
84c648e0-4d2e-ef9b-b7f4-e78284d969ca,2024-10-13,TX-500,FL,Supplier A,316,19,397,5.09,0.26
f97581fc-752a-5bbc-3194-1624e4112687,2024-10-13,TX-500,IL,Supplier C,327,29,419,5.09,0.26
c3c03da0-8389-064d-1547-aae5f69685ff,2024-10-14,TX-100,IL,Supplier C,229,14,289,5.09,0.92
3adc32fa-65eb-6ddd-37c8-b25de04b7d95,2024-10-14,TX-200,CA,Supplier C,301,32,390,5.09,0.92
90304cdc-9eff-2ba5-98d5-77318f2f96b6,2024-10-14,TX-200,TX,Supplier A,283,19,363,5.09,0.92
2cdae452-a45c-3acc-07e3-9f95b8533743,2024-10-14,TX-300,NY,Supplier E,224,10,280,5.09,0.92
5b6dd667-5182-2767-f51f-1d05fd02524c,2024-10-14,TX-400,CA,Supplier E,350,20,437,5.09,0.92
4a46e4ca-aeb9-3232-8a76-9cd115730660,2024-10-14,TX-400,TX,Supplier D,277,26,364,5.09,0.92
ac170223-a55f-6efa-9dca-11ae278b22c3,2024-10-14,TX-500,NY,Supplier C,246,23,317,5.09,0.92
57e6a7a4-fbaf-b6df-3a5e-09ede0c7e2b2,2024-10-15,TX-100,TX,Supplier E,301,19,382,5.09,0.62
5b47b05f-4e15-08da-e090-eefef22a9d48,2024-10-15,TX-200,IL,Supplier B,258,23,327,5.09,0.62
4311cc36-713d-42c2-c803-4cd5fc8fbd63,2024-10-15,TX-200,NY,Supplier E,278,15,349,5.09,0.62
39f0bd45-9c48-850e-911d-d96c6876049a,2024-10-15,TX-200,TX,Supplier C,243,19,309,5.09,0.62
6d1dea50-4bfd-1ee5-82fa-1ec50c2a82af,2024-10-15,TX-300,CA,Supplier A,311,23,397,5.09,0.62
70d3981a-9e83-3d37-d77b-5460c9238450,2024-10-15,TX-400,CA,Supplier B,339,23,424,5.09,0.62
9595f3f0-3cbd-7009-ddc6-434b15e9c9b1,2024-10-15,TX-400,FL,Supplier B,259,17,330,5.09,0.62
83df69fb-3172-3134-a5cb-5ec9a0a4a6fc,2024-10-15,TX-400,TX,Supplier A,289,21,357,5.09,0.62
061e9c7c-1f4c-dbcd-b265-35749e9c8a66,2024-10-15,TX-500,FL,Supplier D,305,20,382,5.09,0.62
964a8085-768c-bed1-8a7b-fe5d461b3dd2,2024-10-15,TX-500,IL,Supplier B,323,26,415,5.09,0.62
390398a0-d8de-7946-4252-8566252749a9,2024-10-15,TX-500,NY,Supplier C,243,21,312,5.09,0.62
37cc0a8c-b513-8526-1123-bb6f27388a3e,2024-10-16,TX-100,CA,Supplier B,283,18,360,5.09,0.9
81cb52fb-0e7f-049a-e9a4-ad1a961b3adc,2024-10-16,TX-200,CA,Supplier A,313,16,393,5.09,0.9
9e0ce7a0-418d-0b19-13df-7a86dcbf9eb1,2024-10-16,TX-200,IL,Supplier B,259,16,326,5.09,0.9
d479002d-eab0-06d9-a27b-b78e39f8e7f1,2024-10-16,TX-300,IL,Supplier E,274,13,339,5.09,0.9
1ae11028-db85-bdb3-adc5-e682521f8860,2024-10-16,TX-300,NY,Supplier A,204,14,255,5.09,0.9
4285a45a-76a1-22d8-a196-92e2968ace50,2024-10-16,TX-500,CA,Supplier A,331,25,428,5.09,0.9
4620e683-b18c-d34e-fcfc-95495ca29d55,2024-10-16,TX-500,FL,Supplier E,315,15,398,5.09,0.9
3e3f398a-80ba-984d-0d8e-4a0bfab60985,2024-10-16,TX-500,NY,Supplier B,304,21,387,5.09,0.9
162ab75a-be3a-cb9b-6930-5336abe66e7d,2024-10-16,TX-500,TX,Supplier E,329,14,405,5.09,0.9
d3d6be39-844c-dcb4-bc85-76ff8e9933a9,2024-10-17,TX-500,TX,Supplier B,359,22,454,5.09,0.81
829ca5be-4871-8fee-bd20-09012fed97c0,2024-10-18,TX-100,IL,Supplier A,200,15,255,5.09,0.41
24a6e9b4-13d9-ad9f-45ee-b33962598a01,2024-10-18,TX-100,TX,Supplier D,269,20,342,5.09,0.41
c4c4c98b-2ce2-d0a8-f22e-10a85c8e7e03,2024-10-18,TX-200,IL,Supplier D,224,12,283,5.09,0.41
f164fc81-4a47-83d6-a70a-436c7f2e754e,2024-10-18,TX-300,NY,Supplier E,243,13,310,5.09,0.41
c8849a90-988b-e585-bd4c-c90b4267d464,2024-10-18,TX-300,TX,Supplier D,271,27,356,5.09,0.41
254fa5a7-9d87-3f17-aae3-795bd565f6ef,2024-10-18,TX-400,NY,Supplier C,260,18,326,5.09,0.41
5cf5de1e-deda-fe47-e7d9-6a97e81a626b,2024-10-18,TX-500,NY,Supplier B,235,15,303,5.09,0.41
7587deaa-5d59-c9e0-3089-326a320e6ca0,2024-10-18,TX-500,TX,Supplier C,308,19,383,5.09,0.41
f7e6905c-0482-7589-036a-ed59a1141c32,2024-10-19,TX-100,CA,Supplier C,304,25,388,5.09,0.9
4df7eb2b-a1be-8c3a-35a1-0d41e3cef2dd,2024-10-19,TX-200,CA,Supplier B,265,20,337,5.09,0.9
a3898bf8-b604-e310-f0fd-6ee582353eb7,2024-10-19,TX-400,FL,Supplier C,314,21,398,5.09,0.9
1355de00-3187-a517-b290-290e9ad8cdc2,2024-10-19,TX-400,IL,Supplier C,282,21,358,5.09,0.9
330e2fc2-c24b-feb8-fff7-92c9f884c7a2,2024-10-20,TX-100,CA,Supplier E,232,12,285,5.09,0.98
3d26b9c1-d0cd-5f7a-7623-36b4f83f32d0,2024-10-20,TX-100,IL,Supplier C,214,19,275,5.09,0.98
f21945dd-db98-0466-ab6b-2c80ce50647c,2024-10-20,TX-200,FL,Supplier D,292,25,381,5.09,0.98
db4b727c-f8f7-4fa8-f645-ef3efb4ebf0d,2024-10-20,TX-300,CA,Supplier B,284,24,368,5.09,0.98
2c86dc59-cc48-ba81-82f6-5ce3e0adfe20,2024-10-20,TX-500,IL,Supplier D,319,20,405,5.09,0.98
7731463d-0dd6-4449-3387-27e6abaae318,2024-10-20,TX-500,TX,Supplier A,310,28,404,5.09,0.98
33cb3c60-7887-9b5f-40e4-b6ce191a3427,2024-10-21,TX-100,NY,Supplier E,217,16,272,5.09,0.23
638ae031-b606-5b8d-4f0c-4eff70b9b800,2024-10-21,TX-200,FL,Supplier B,263,19,340,5.09,0.23
683c00ce-a774-c1f9-feb3-915a736b8a69,2024-10-21,TX-200,NY,Supplier D,265,21,346,5.09,0.23
f9358285-38e1-9162-4875-b6378b145e3b,2024-10-21,TX-300,CA,Supplier C,320,26,408,5.09,0.23
525ac1ef-32e7-1f78-83b7-4805dd033b34,2024-10-21,TX-300,IL,Supplier E,219,12,275,5.09,0.23
899eaa47-5864-e030-1041-be9da4d87029,2024-10-21,TX-300,NY,Supplier A,202,10,253,5.09,0.23
eac51600-8ecd-cc85-db2f-1777640cc9d7,2024-10-21,TX-500,CA,Supplier C,323,18,405,5.09,0.23
1a1a3d1d-a47e-e8d2-15f2-52ce6a40340f,2024-10-21,TX-500,IL,Supplier A,264,24,342,5.09,0.23
34816613-dcc0-f595-81b6-ddfc539a9e1f,2024-10-22,TX-100,CA,Supplier D,266,20,338,5.09,0.43
fe76a3f8-826f-8962-53c2-c290e7ebfde3,2024-10-22,TX-100,IL,Supplier E,261,12,328,5.09,0.43
c69a4cce-4039-97cc-93b8-4bdb4f533622,2024-10-22,TX-100,NY,Supplier B,252,22,328,5.09,0.43
2322c160-fbe4-6c5c-ccb4-ac8680352b72,2024-10-22,TX-200,NY,Supplier D,209,21,273,5.09,0.43
0cc6afff-8c68-f1a5-9106-6781e38bbf37,2024-10-22,TX-400,CA,Supplier A,275,19,348,5.09,0.43
ab5137fa-4a10-f3cc-8b0b-72bf77839bf2,2024-10-22,TX-400,IL,Supplier E,280,17,356,5.09,0.43
a85ef274-f912-ea34-e03d-f24a8210f1a7,2024-10-22,TX-400,NY,Supplier A,259,17,327,5.09,0.43
a52fc611-4314-d538-fcb7-468916a9c5ca,2024-10-22,TX-500,NY,Supplier E,271,12,341,5.09,0.43
5437781b-6fb5-f18d-b460-81220ade1424,2024-10-23,TX-200,FL,Supplier B,223,18,281,5.09,0.08
96382735-44fd-c3c1-dc40-0e38dd2fe5a5,2024-10-23,TX-200,IL,Supplier A,227,23,291,5.09,0.08
4f7ff8df-6dd2-c1b8-1480-eb437ed7106b,2024-10-23,TX-300,FL,Supplier B,248,14,311,5.09,0.08
db268a90-6a83-3e48-0d4d-3e6a2e2be57a,2024-10-23,TX-300,IL,Supplier A,252,16,324,5.09,0.08
f799f4d1-e2a3-b1ab-6c95-86a586e65ccf,2024-10-23,TX-500,TX,Supplier D,281,25,363,5.09,0.08
81534bc2-1bcf-eeb5-a317-bdc8af9e8c2f,2024-10-24,TX-200,CA,Supplier B,293,20,374,5.09,0.5
e42ee69d-6250-5e14-8c82-8598d24dc137,2024-10-24,TX-200,TX,Supplier A,253,23,322,5.09,0.5
eead5753-645c-d224-2e35-fae9ced8be4e,2024-10-24,TX-400,IL,Supplier B,223,13,285,5.09,0.5
18268662-f78d-d75a-2013-f189a5f02d4c,2024-10-24,TX-400,NY,Supplier C,215,13,267,5.09,0.5
55946dea-c897-49a9-9038-a89e1a1b69f3,2024-10-24,TX-500,CA,Supplier E,301,17,376,5.09,0.5
bd08bd44-ed70-6b8d-f80a-cd5da80331a8,2024-10-25,TX-100,FL,Supplier C,208,15,265,5.09,0.45
16dd57dd-8208-6e0d-0a19-3f2536031c9e,2024-10-25,TX-100,TX,Supplier A,221,15,278,5.09,0.45
f7db87bd-dc13-3af0-91cd-853005628ccc,2024-10-25,TX-300,IL,Supplier A,249,10,317,5.09,0.45
f1c6d802-5f9c-1253-2ab3-a5aaef167572,2024-10-25,TX-400,FL,Supplier C,233,28,304,5.09,0.45
4d45553e-5cda-570f-6d78-8221252438f8,2024-10-25,TX-500,NY,Supplier D,224,16,285,5.09,0.45
cc73dbb6-f4ca-80d0-df0a-bad06d80c9cd,2024-10-26,TX-100,CA,Supplier D,273,20,346,5.09,0.48
971651d6-a186-f027-5ecf-cb57542c1501,2024-10-26,TX-100,IL,Supplier D,250,16,319,5.09,0.48
14b6821e-ddf1-c4e5-a06b-fe1878fd0548,2024-10-26,TX-200,CA,Supplier E,292,22,376,5.09,0.48
9b78afcc-acf6-58e2-73c6-8512b4eace87,2024-10-26,TX-200,IL,Supplier D,237,26,310,5.09,0.48
381e420a-0ee5-f254-94c9-f5b08c0744fb,2024-10-26,TX-300,FL,Supplier B,266,22,339,5.09,0.48
2b9f74c7-8498-7776-452b-633d89960b26,2024-10-26,TX-300,IL,Supplier D,256,29,334,5.09,0.48
275227ab-87bb-5026-d2f8-ebae2872b620,2024-10-26,TX-300,NY,Supplier B,199,15,251,5.09,0.48
d62f15da-99c0-aca1-379f-aba763485f1b,2024-10-26,TX-400,TX,Supplier E,296,15,367,5.09,0.48
623bf629-7d36-c636-14ee-f045349d1aee,2024-10-26,TX-500,FL,Supplier B,274,18,350,5.09,0.48
086b890e-5cf9-8bbb-dc53-3ea9acd8fa2e,2024-10-27,TX-100,NY,Supplier C,228,16,292,5.09,0.14
ab4d348d-3af2-9019-bee1-992ca5f12086,2024-10-27,TX-100,TX,Supplier B,285,23,366,5.09,0.14
b4114786-83fe-c0fa-1c89-cbc74e1aad72,2024-10-27,TX-200,CA,Supplier E,319,15,396,5.09,0.14
067e9f89-a2f4-c6e7-3acd-3b82fac810bd,2024-10-27,TX-300,CA,Supplier A,241,20,314,5.09,0.14
80d2cac5-1ed2-10f4-38dc-c9983b2e7c25,2024-10-27,TX-300,TX,Supplier E,294,20,372,5.09,0.14
5c34ba1c-d197-d2a9-74fb-e9aac7f7d2d3,2024-10-27,TX-400,CA,Supplier C,276,15,348,5.09,0.14
1b38dd29-59ce-0f9f-4b48-3895acd11fb9,2024-10-27,TX-400,FL,Supplier E,281,24,361,5.09,0.14
22e99025-2a41-e0e8-f7ec-3f030d997bb3,2024-10-27,TX-400,IL,Supplier B,272,18,347,5.09,0.14
0cc9a507-5c65-5574-5291-08ded5907fd3,2024-10-27,TX-400,TX,Supplier E,272,14,346,5.09,0.14
0e4a65c4-4215-a5d3-f33d-4ff4d35673aa,2024-10-28,TX-400,IL,Supplier E,285,10,349,5.09,0.51
a3d2de37-3fa3-3394-2869-e64302178976,2024-10-28,TX-500,IL,Supplier D,296,34,388,5.09,0.51
52d4fa24-2251-0281-9ef7-08cda25670fd,2024-10-28,TX-500,TX,Supplier C,312,22,392,5.09,0.51
f7b31bfc-34ec-7a78-8ca7-ee6de7fa099b,2024-10-29,TX-100,CA,Supplier A,231,14,296,5.09,0.38
e312b987-7fbd-f09d-c8aa-ac58a578d9a0,2024-10-29,TX-100,IL,Supplier D,233,19,295,5.09,0.38
7e2f4b0e-49e7-c327-23c4-f17dd7b0cdbe,2024-10-29,TX-100,NY,Supplier D,233,17,296,5.09,0.38
866f6b50-5fbb-47b6-3339-c6dd25b09375,2024-10-29,TX-200,CA,Supplier A,239,26,312,5.09,0.38
824573b1-7d23-9061-7e5e-7dc9f1e36a4a,2024-10-29,TX-200,NY,Supplier D,209,15,269,5.09,0.38
78bcb2e6-12b8-02f5-87cf-97d59935c72f,2024-10-29,TX-300,CA,Supplier A,288,19,362,5.09,0.38
94e359f7-e2d5-f275-949a-1b161811ef5f,2024-10-29,TX-300,NY,Supplier E,252,12,314,5.09,0.38
08472a57-b1fd-1c3e-dd55-144fcfae0c1a,2024-10-29,TX-400,FL,Supplier E,293,16,362,5.09,0.38
23844059-fde4-8e3b-6e15-4fb74274b262,2024-10-29,TX-400,IL,Supplier E,214,15,270,5.09,0.38
d549cefc-d21f-882d-8ed7-e1fee6ed4523,2024-10-29,TX-400,TX,Supplier D,283,32,371,5.09,0.38
ae445385-eeef-b273-798d-38210b89a6c6,2024-10-29,TX-500,IL,Supplier D,283,22,357,5.09,0.38
4f951764-1857-6b1e-4d0f-a7c11aebd463,2024-10-30,TX-100,IL,Supplier A,239,13,303,5.09,0.43
b23bf4fc-659d-11d6-ec9d-948bd0b3eb90,2024-10-30,TX-100,NY,Supplier C,234,24,304,5.09,0.43
cd58b585-699d-afab-6990-41add8a0ccca,2024-10-30,TX-200,CA,Supplier B,300,22,378,5.09,0.43
379ec1e0-947e-e723-932d-a2c286f14012,2024-10-30,TX-200,TX,Supplier E,271,18,340,5.09,0.43
82b8e1f6-3259-d2a8-4809-957bca8bdc9e,2024-10-30,TX-400,IL,Supplier E,228,19,294,5.09,0.43
2dc1b29c-93fe-c498-b1ad-c72f2236b29f,2024-10-30,TX-500,IL,Supplier A,234,17,294,5.09,0.43
042e6809-5305-532a-1a37-16e5f9da1406,2024-10-30,TX-500,TX,Supplier C,326,20,409,5.09,0.43
2f397804-8cd2-c866-de80-123958f354b0,2024-10-31,TX-100,CA,Supplier D,262,20,338,5.09,0.77
491316d8-3f4a-8c63-466a-580eb2e2b5df,2024-10-31,TX-100,IL,Supplier C,212,13,266,5.09,0.77
b130ab8f-25fd-ae37-aa5f-08568ff995c7,2024-10-31,TX-100,TX,Supplier E,215,14,267,5.09,0.77
26ff8aae-0432-295c-2397-10ca9119cf24,2024-10-31,TX-200,FL,Supplier E,266,17,334,5.09,0.77
91a06305-6390-4733-e1e0-1c968b6a6776,2024-10-31,TX-200,NY,Supplier D,251,27,328,5.09,0.77
c2530ed7-2663-0dc3-40c6-103d73787120,2024-10-31,TX-200,TX,Supplier A,257,28,331,5.09,0.77
c6aee0fd-bc95-9875-fbaa-cd138bb058d5,2024-10-31,TX-300,FL,Supplier A,235,11,293,5.09,0.77
bb722d10-fcad-c4e4-a93a-bb13fa54c8ae,2024-10-31,TX-300,NY,Supplier B,201,13,253,5.09,0.77
e1981bcd-af22-d61e-8c4b-7949175105be,2024-10-31,TX-400,IL,Supplier E,220,15,275,5.09,0.77
6fca373e-83d7-e0e2-a63a-82f70bb44457,2024-11-01,TX-100,NY,Supplier D,208,14,266,5.14,0.5
d91a4865-4407-92cd-4ecf-d43b09816dc2,2024-11-01,TX-100,TX,Supplier B,246,20,312,5.14,0.5
66a3b40f-4f6a-da5b-9314-397325c416d1,2024-11-01,TX-200,FL,Supplier B,222,15,279,5.14,0.5
820f0d20-dac5-765a-53e8-ae83ba8e5559,2024-11-01,TX-200,NY,Supplier B,212,12,267,5.14,0.5
789b6aae-2874-c913-96ac-d9cb59f8680b,2024-11-01,TX-400,FL,Supplier E,225,14,283,5.14,0.5
e6133f8b-094f-e6c4-e6a9-8f0498a495ac,2024-11-02,TX-100,IL,Supplier B,219,13,273,5.14,0.02
74e27eca-624d-ecb6-be30-71432dd42bf7,2024-11-02,TX-200,FL,Supplier A,272,13,342,5.14,0.02
2ea0ae94-10dc-1d7b-874c-a8dbf6676caf,2024-11-02,TX-200,IL,Supplier E,264,12,328,5.14,0.02
73e76a2d-7965-8d4e-b3f8-61261bbde63f,2024-11-02,TX-200,TX,Supplier C,267,17,333,5.14,0.02
bdbde946-0663-dce2-5897-8c5e4b534ef9,2024-11-02,TX-300,FL,Supplier B,240,17,307,5.14,0.02
b5f82710-718f-2ad7-5d2f-2bf71d0082ab,2024-11-02,TX-300,NY,Supplier C,215,16,275,5.14,0.02
d95a2382-5c02-6fdd-3264-19b6f5be09fb,2024-11-02,TX-500,NY,Supplier B,232,22,299,5.14,0.02
c83ea98d-83ef-8182-8826-c5419607c9fb,2024-11-02,TX-500,TX,Supplier C,257,27,335,5.14,0.02
f4097f7e-eab5-7c09-8f21-011a44da7cbd,2024-11-03,TX-100,FL,Supplier B,257,16,324,5.14,0.4
667248a0-bc2b-8704-076f-d67024e8e60b,2024-11-03,TX-100,IL,Supplier E,220,7,274,5.14,0.4
06fba2fa-fb42-7dbf-124c-3ef6d03e901f,2024-11-03,TX-200,CA,Supplier E,309,20,390,5.14,0.4
0f1a4f20-8606-2c96-0ea8-b01de4da4ae4,2024-11-03,TX-200,FL,Supplier D,273,38,368,5.14,0.4
fccc310f-39e1-0cc6-1cfc-f02996993573,2024-11-03,TX-200,IL,Supplier C,236,20,302,5.14,0.4
b4213d8e-e53e-8664-6ebe-b2b18eef9958,2024-11-03,TX-200,TX,Supplier A,253,15,320,5.14,0.4
42f78948-a86e-9074-1917-d21ad8a6072c,2024-11-03,TX-300,CA,Supplier B,234,30,312,5.14,0.4
5dd9cd8b-67c5-0868-1dba-5fffaba914d2,2024-11-03,TX-300,FL,Supplier A,266,16,335,5.14,0.4
cb373a90-b0bc-dd7b-6021-c9895e18dfa6,2024-11-03,TX-300,TX,Supplier A,255,17,324,5.14,0.4
c315ee2d-44b6-a10b-a49e-8465de36da3f,2024-11-03,TX-400,CA,Supplier A,243,21,313,5.14,0.4
9ebfafdc-312a-0d3f-e96b-becf2a9641d2,2024-11-03,TX-400,IL,Supplier A,236,20,304,5.14,0.4
438ffd71-3c4e-0a0e-db32-ba5a54acf213,2024-11-03,TX-400,NY,Supplier C,229,20,292,5.14,0.4
77666a81-5e71-e0bb-0952-508ddc28798a,2024-11-03,TX-400,TX,Supplier D,261,24,337,5.14,0.4
05adefaa-430b-e55d-c521-41e6e60a6157,2024-11-03,TX-500,CA,Supplier E,344,16,434,5.14,0.4
5fb4a13c-7294-88c4-4443-c61749c4a1f9,2024-11-03,TX-500,FL,Supplier C,260,24,339,5.14,0.4
e661be55-ce5b-f9b4-7f1a-c0b61abd12a0,2024-11-03,TX-500,IL,Supplier E,270,13,332,5.14,0.4
27d77ad0-8e5d-b710-11b8-b97e4e856f49,2024-11-04,TX-300,NY,Supplier A,203,11,252,5.14,0.89
c2ff4cc7-08f2-9e5a-9e55-3bee36ec1168,2024-11-04,TX-300,TX,Supplier D,266,20,338,5.14,0.89
823b171f-1175-142a-4e43-04fa41648ad5,2024-11-04,TX-500,IL,Supplier C,275,14,342,5.14,0.89
8200fb01-cd91-a7fa-d160-98e801198c03,2024-11-04,TX-500,TX,Supplier C,316,39,415,5.14,0.89
1064a35e-98b3-d49a-5d1e-d7afe1ffe9d0,2024-11-05,TX-100,CA,Supplier A,243,17,305,5.14,0.3
137a891c-d855-4b2f-2e4c-2dbcb868a4a3,2024-11-05,TX-100,IL,Supplier B,225,13,286,5.14,0.3
e1e44acd-f8f8-bc95-3f6a-9cdbc1fbd122,2024-11-05,TX-100,NY,Supplier C,185,11,238,5.14,0.3
2cb562fc-f540-9699-f648-6810b2b76b74,2024-11-05,TX-100,TX,Supplier A,272,13,339,5.14,0.3
ec6de173-c0c1-1088-8344-e66701e4b20f,2024-11-05,TX-200,FL,Supplier E,256,19,322,5.14,0.3
bbff5ff2-d93f-fb2c-a6ff-954eff257e0e,2024-11-05,TX-300,TX,Supplier E,273,7,339,5.14,0.3
cd11a1e3-6999-a58d-3e38-2cd472814657,2024-11-05,TX-400,CA,Supplier B,286,20,366,5.14,0.3
c3688753-6bfb-95bb-7fe3-fdbb9f8e3af4,2024-11-05,TX-400,IL,Supplier A,241,13,305,5.14,0.3
fcd74b8d-a144-93da-eacd-2f3c71a00652,2024-11-05,TX-400,NY,Supplier E,228,7,276,5.14,0.3
96f36432-656b-afa4-8fc0-1c45ed447b91,2024-11-05,TX-500,IL,Supplier C,291,22,375,5.14,0.3
bc6412e6-f81f-5d0b-a5f0-1aa11e1d5aee,2024-11-05,TX-500,TX,Supplier B,275,25,357,5.14,0.3
d842f346-ec32-ef61-0cf8-1e5c8a1f2f56,2024-11-06,TX-100,IL,Supplier B,203,15,258,5.14,0.16
809031d9-e9af-75de-c245-e232b17dc363,2024-11-06,TX-200,IL,Supplier E,252,11,312,5.14,0.16
d1536ac6-8642-b2f4-1204-d9b65b9d18b4,2024-11-06,TX-300,IL,Supplier D,219,15,276,5.14,0.16
45056967-3e5e-9e7a-7047-d55afa7f85de,2024-11-07,TX-100,IL,Supplier C,227,12,289,5.14,0.01
378d710e-45ef-9fcd-25a6-ebcaa903fe8a,2024-11-07,TX-100,NY,Supplier A,198,18,253,5.14,0.01
2d100bf5-52a4-e783-09e4-71242b4529da,2024-11-07,TX-200,IL,Supplier C,250,22,322,5.14,0.01
e4dec7a7-b984-9fc7-c0d9-475abf1f5ee0,2024-11-07,TX-200,NY,Supplier C,214,20,277,5.14,0.01
b8cb3273-ba39-b615-2e72-a0d8212f05c9,2024-11-07,TX-400,NY,Supplier C,200,11,254,5.14,0.01
2f0ebe30-5e68-33cd-3f9f-211efd8056c5,2024-11-07,TX-500,CA,Supplier D,339,28,432,5.14,0.01
c8cb0ef3-b089-aa7e-579c-7aa3e61494c1,2024-11-07,TX-500,NY,Supplier E,264,21,341,5.14,0.01
28d80d59-31ee-02e8-f330-2490b523de69,2024-11-08,TX-100,NY,Supplier C,178,15,228,5.14,0.57
b2529b08-7c2a-daef-cd5f-988893390bf5,2024-11-08,TX-300,IL,Supplier E,240,24,311,5.14,0.57
cac1b63c-a240-0dd4-a1ce-59871056e592,2024-11-08,TX-300,TX,Supplier E,223,15,285,5.14,0.57
baa58bb7-3af0-24d8-dba1-b446a0034754,2024-11-08,TX-400,FL,Supplier B,276,28,356,5.14,0.57
25802c03-c602-9664-ad9c-c43c3f6ce3f3,2024-11-08,TX-500,CA,Supplier C,341,32,440,5.14,0.57
cc26ee2c-7aeb-5501-33dd-5809b925d65e,2024-11-08,TX-500,NY,Supplier C,269,22,342,5.14,0.57
07b39a02-946d-12de-1716-b8f6995aac6a,2024-11-09,TX-100,FL,Supplier C,224,12,281,5.14,0.22
7d970edd-4fa9-032d-c6b0-8a827986fa3b,2024-11-09,TX-200,CA,Supplier C,277,20,355,5.14,0.22
9982d197-f3e2-a453-a5c4-74ccc1d352c5,2024-11-09,TX-300,CA,Supplier E,227,8,282,5.14,0.22
cd4b91d4-9077-4535-810a-aa0a0b513fbd,2024-11-09,TX-300,IL,Supplier A,242,17,304,5.14,0.22
73da497e-4f5a-b013-c46e-3ca17c80c795,2024-11-09,TX-400,TX,Supplier A,283,17,354,5.14,0.22
59eea711-b85e-c1b8-73c8-e0c56d474970,2024-11-09,TX-500,IL,Supplier B,276,27,364,5.14,0.22
e8dd881a-30b9-6f95-c7a5-0507e8b8bd40,2024-11-10,TX-100,NY,Supplier D,191,18,249,5.14,0.33
c9dbec58-8fd4-5de4-2580-65936ab92b70,2024-11-10,TX-100,TX,Supplier A,245,16,310,5.14,0.33
f6eaf7b5-d016-13aa-eeb7-a56e88a1bb5b,2024-11-10,TX-300,FL,Supplier D,249,24,325,5.14,0.33
178049d1-605c-5e1d-bde8-883179007463,2024-11-10,TX-300,TX,Supplier D,224,21,290,5.14,0.33
8b17a0e9-3c09-d79a-9ebc-295bc7b7705e,2024-11-10,TX-400,IL,Supplier B,245,16,310,5.14,0.33
f48987cf-c7ad-790a-cea2-994a5a30d134,2024-11-10,TX-400,TX,Supplier C,254,23,327,5.14,0.33
44b80310-bd0d-9cbf-2a1a-6f93edd26ca6,2024-11-10,TX-500,CA,Supplier B,319,21,401,5.14,0.33
7098502f-4a24-6e2d-b11e-8f032169851e,2024-11-11,TX-100,CA,Supplier A,232,9,285,5.14,0.78
47307bb7-b980-8634-0584-23518f0a64ea,2024-11-11,TX-100,TX,Supplier A,257,18,330,5.14,0.78
e5c6ec24-41c8-8b8a-3157-6ed33f442623,2024-11-11,TX-200,CA,Supplier C,267,28,354,5.14,0.78
1cf47975-cc54-a4e8-d532-3f39d1842dfc,2024-11-11,TX-200,TX,Supplier C,226,17,288,5.14,0.78
1fa7cb41-a878-1619-924e-a83e024757d7,2024-11-11,TX-300,FL,Supplier B,238,17,300,5.14,0.78
e494b215-acc4-4d84-ffbe-d1564940e1b7,2024-11-11,TX-300,TX,Supplier D,223,26,293,5.14,0.78
d0e846f0-d9f4-e96a-1834-2b4dcc0f9324,2024-11-11,TX-400,IL,Supplier B,232,10,290,5.14,0.78
82f37caa-c7a3-0aef-e305-3c740d15b825,2024-11-11,TX-500,IL,Supplier B,281,16,352,5.14,0.78
4a33980a-8d81-b17a-48d8-4df593594982,2024-11-12,TX-100,IL,Supplier B,216,13,269,5.14,0.89
3d10085e-7d2a-dc84-ca46-617e666e5191,2024-11-12,TX-200,NY,Supplier B,211,16,269,5.14,0.89
299fb6ba-3f1c-ee4c-e681-c26e5c6ce756,2024-11-12,TX-400,CA,Supplier E,280,19,352,5.14,0.89
fee61004-758a-17b2-1336-60f802a942da,2024-11-12,TX-400,IL,Supplier A,250,13,316,5.14,0.89
9e9b2dae-9233-2eaf-a90f-642baa44398e,2024-11-12,TX-400,TX,Supplier B,258,18,328,5.14,0.89
23f27e7a-2228-ce3a-8262-2b3f634f7fc3,2024-11-12,TX-500,FL,Supplier A,278,17,350,5.14,0.89
504043ab-fa07-dad7-80dc-94413aacc374,2024-11-12,TX-500,IL,Supplier D,254,19,326,5.14,0.89
e20e42b7-038c-db7c-0694-e8dccf6dc3c8,2024-11-12,TX-500,TX,Supplier E,287,13,360,5.14,0.89
c0d3abb5-274c-5466-9a9b-87eddb42f0bb,2024-11-13,TX-100,CA,Supplier E,215,12,274,5.14,0.23
3feb22c1-6fbe-e0f8-406a-8c764efbf50d,2024-11-13,TX-100,TX,Supplier A,205,7,256,5.14,0.23
872b2ec1-869c-b4b3-6a0b-874d2365c861,2024-11-13,TX-200,TX,Supplier C,257,20,325,5.14,0.23
9d7ad386-f5f8-74e9-8dd6-13864c068835,2024-11-13,TX-300,IL,Supplier C,235,15,298,5.14,0.23
6fdcf618-c824-def2-752b-d4c62b24c165,2024-11-13,TX-400,FL,Supplier A,239,16,301,5.14,0.23
7cf12969-2e0e-8540-8940-9326a43d539b,2024-11-13,TX-400,NY,Supplier A,244,15,308,5.14,0.23
fef11079-0280-076d-d751-95fb1e2f70c7,2024-11-13,TX-500,CA,Supplier E,311,21,400,5.14,0.23
3abd5068-350d-241d-326c-0a0d49ae67aa,2024-11-13,TX-500,FL,Supplier D,265,29,342,5.14,0.23
1b0a6537-3710-196a-d2f6-b21c8792b14a,2024-11-14,TX-200,FL,Supplier B,220,15,282,5.14,0.19
b199e9b4-28aa-4bbf-7102-a80c960224d5,2024-11-14,TX-200,TX,Supplier D,271,19,344,5.14,0.19
5a06586f-ef6f-0dca-7c16-253ee7b57d37,2024-11-14,TX-300,CA,Supplier A,289,24,368,5.14,0.19
c1065fb2-1eed-989a-7d3e-42db9c2d26d2,2024-11-14,TX-400,NY,Supplier A,214,7,267,5.14,0.19
915395e4-6e53-4144-1972-53761860a1f3,2024-11-14,TX-500,CA,Supplier E,254,14,323,5.14,0.19
9513563c-37c1-3f78-9e8f-55db8ae831b3,2024-11-14,TX-500,IL,Supplier E,270,15,331,5.14,0.19
02c3750f-99e3-0574-15ab-0ff8d5e3c243,2024-11-14,TX-500,TX,Supplier B,283,18,359,5.14,0.19
936a18b4-23d4-c2c2-75dd-f1e9a4318f8f,2024-11-15,TX-100,IL,Supplier C,193,17,247,5.14,0.29
b80c00e9-e092-16c8-6e49-a6daafa81b46,2024-11-15,TX-200,CA,Supplier A,244,22,319,5.14,0.29
41ad3891-a6fe-8f97-e2c3-5d490fae9590,2024-11-15,TX-200,FL,Supplier A,267,19,334,5.14,0.29
32367f3f-ae48-fc44-7ac7-3170579e3251,2024-11-15,TX-200,IL,Supplier D,198,12,251,5.14,0.29
190c1e90-13d0-7525-6114-892e42716cff,2024-11-15,TX-200,NY,Supplier A,209,15,264,5.14,0.29
213e671b-14f4-f289-080c-ec120118af3a,2024-11-15,TX-300,NY,Supplier C,217,20,282,5.14,0.29
062f542d-0be4-860f-f3d1-dda2e48612b1,2024-11-15,TX-400,TX,Supplier D,249,14,312,5.14,0.29
64b92f31-0807-8bd8-083f-1adb8ff39411,2024-11-16,TX-100,FL,Supplier D,211,16,269,5.14,0.96
031e391b-4acf-f527-f0b1-5471e0e16143,2024-11-16,TX-100,IL,Supplier A,207,13,261,5.14,0.96
e0f4e342-def9-c0e5-1862-0f601ee787c9,2024-11-16,TX-200,NY,Supplier A,222,11,278,5.14,0.96
154c6b19-d342-4743-db9b-a445cde0fec1,2024-11-16,TX-400,CA,Supplier D,248,28,322,5.14,0.96
9605d40c-bccd-6a9f-d1fe-664b2251b691,2024-11-16,TX-500,CA,Supplier C,320,23,406,5.14,0.96
73143b2e-89e6-583f-36a3-ca3ec0b2b6f0,2024-11-17,TX-300,FL,Supplier A,249,14,312,5.14,0.01
e1dec149-1e8a-8230-d101-d2bf2c82d794,2024-11-17,TX-400,CA,Supplier B,307,21,387,5.14,0.01
74592b88-a8f1-0932-7e23-406efef26fc1,2024-11-18,TX-100,CA,Supplier E,247,18,314,5.14,0.74
5baee02b-8f19-7ce6-2441-1369d3ec762a,2024-11-18,TX-100,IL,Supplier C,207,15,264,5.14,0.74
69966f25-1e20-06e1-2d8d-f0275dcaeff7,2024-11-18,TX-200,IL,Supplier E,257,17,324,5.14,0.74
6e11d7dc-10c2-341a-2338-4f222fee9e25,2024-11-18,TX-300,FL,Supplier E,221,15,279,5.14,0.74
d31172be-b4be-f2a3-1b53-1f20303fb20c,2024-11-18,TX-300,TX,Supplier E,219,10,267,5.14,0.74
44563dd3-289b-253b-c98e-e8aecca16b79,2024-11-18,TX-400,CA,Supplier A,271,21,348,5.14,0.74
e2596183-4d02-2909-57f8-f1ad221fc687,2024-11-18,TX-500,TX,Supplier D,301,24,379,5.14,0.74
6b0b7f18-025e-e2f4-8c24-4fb367006471,2024-11-19,TX-100,NY,Supplier B,171,10,215,5.14,0.95
6aceea8d-d43e-301d-5025-4930b40e64d4,2024-11-19,TX-100,TX,Supplier A,238,16,294,5.14,0.95
197f49a4-7f9c-b5f6-6201-c0d1e18934ea,2024-11-19,TX-200,NY,Supplier B,239,18,304,5.14,0.95
56d118a9-ce52-b9fb-0883-3b87d258b462,2024-11-19,TX-300,IL,Supplier C,199,9,250,5.14,0.95
52dec2d8-cff5-9d07-7ed0-ea440030baaf,2024-11-19,TX-300,TX,Supplier A,234,23,304,5.14,0.95
02504b52-d605-514b-3a5d-20b98f55362c,2024-11-19,TX-400,CA,Supplier D,280,23,355,5.14,0.95
e4e74d2a-c8ac-9c84-6cc5-c38c14cbf123,2024-11-19,TX-400,NY,Supplier C,196,17,250,5.14,0.95
48b56acf-1b83-63a3-859b-48e559281ab2,2024-11-19,TX-500,FL,Supplier E,283,24,362,5.14,0.95
a1d25e29-d6a4-2dbd-d405-67657ab69371,2024-11-20,TX-100,CA,Supplier B,266,17,342,5.14,0.35
224dc62e-92ac-4679-2f21-df10bf7d1889,2024-11-20,TX-200,NY,Supplier E,195,14,248,5.14,0.35
a1c7dbf8-b599-8988-3dec-4bd8412fc5fc,2024-11-20,TX-300,NY,Supplier D,193,13,245,5.14,0.35
701637fc-4923-8185-e4b5-5b623233d2c7,2024-11-20,TX-300,TX,Supplier D,256,25,329,5.14,0.35
0688fca3-3f49-0a3c-c301-648e179b760f,2024-11-20,TX-400,TX,Supplier A,257,27,340,5.14,0.35
0953fe74-5329-afe1-e5a4-42a208c01f8a,2024-11-21,TX-200,TX,Supplier D,280,29,362,5.14,0.18
cb13d454-cd86-3f14-8648-f6773b14c690,2024-11-21,TX-300,FL,Supplier B,242,19,310,5.14,0.18
21568d2c-e070-91bd-9c5b-69e9a7cec96e,2024-11-21,TX-300,TX,Supplier E,245,18,315,5.14,0.18
0a79fe36-a0bd-19a3-62b8-60b0dff61669,2024-11-21,TX-400,TX,Supplier E,258,11,324,5.14,0.18
578b67b4-3aa6-23e6-de36-8e563bebbbe0,2024-11-21,TX-500,TX,Supplier E,234,12,293,5.14,0.18
66ea8f3c-fcad-a2cb-e1b0-1e70896b3ad1,2024-11-22,TX-100,NY,Supplier D,198,20,257,5.14,0.85
d460d7ba-ea63-3f9f-ee10-7e46e5319f46,2024-11-22,TX-200,FL,Supplier E,239,14,295,5.14,0.85
fa2d34fc-7840-f2b3-3979-1b1d3d5dc1a3,2024-11-22,TX-300,FL,Supplier C,242,27,314,5.14,0.85
4f33ea2a-8e80-9f13-84af-991882d77b8b,2024-11-22,TX-300,TX,Supplier A,204,17,263,5.14,0.85
70828b7b-bbef-09b0-105d-d6ae00065def,2024-11-22,TX-400,FL,Supplier E,275,17,348,5.14,0.85
061f1dfd-a71d-5849-1319-305c19a9d3cb,2024-11-22,TX-500,IL,Supplier C,215,22,283,5.14,0.85
0d8644c7-bd7c-8222-4228-02ec3602b035,2024-11-23,TX-100,CA,Supplier E,267,15,336,5.14,0.16
2e17d2e9-4f56-a0be-558f-2344dc28161f,2024-11-23,TX-100,FL,Supplier D,243,12,303,5.14,0.16
a1ba55e2-ab08-c6bc-574b-baff57c33063,2024-11-23,TX-200,IL,Supplier E,226,10,279,5.14,0.16
68dc909b-7e07-b3c3-b14e-21914eee9663,2024-11-23,TX-300,IL,Supplier A,227,11,278,5.14,0.16
9f325328-d155-7aa2-8eb6-925a61c08717,2024-11-23,TX-400,NY,Supplier B,208,16,266,5.14,0.16
33b2c909-7858-763f-2411-60b0d0329d36,2024-11-23,TX-400,TX,Supplier D,239,16,299,5.14,0.16
ce18b8fc-180b-ed93-c227-72c6c8dda4d8,2024-11-24,TX-200,FL,Supplier E,203,12,258,5.14,0.72
e1509091-1f90-2707-9729-016e38a408b1,2024-11-24,TX-200,TX,Supplier D,255,19,320,5.14,0.72
78029963-c54d-a0d5-3bf2-81a78fb48bdc,2024-11-24,TX-400,NY,Supplier D,231,15,296,5.14,0.72
8cdef2df-2c30-12e9-49ff-b3c50c33871e,2024-11-24,TX-500,FL,Supplier A,283,19,355,5.14,0.72
d1142768-341c-3099-6221-0ee654591d68,2024-11-25,TX-100,NY,Supplier E,178,10,220,5.14,0.96
e092e143-4150-0943-0570-c34a5cadebc3,2024-11-25,TX-200,IL,Supplier B,209,10,262,5.14,0.96
d73f55ed-464a-4226-b5d8-559727b0f64c,2024-11-25,TX-300,FL,Supplier D,198,18,254,5.14,0.96
c3183aac-ed97-7b1d-d804-b979a0896024,2024-11-25,TX-400,TX,Supplier A,225,17,286,5.14,0.96
bb118c6c-2b82-0c99-0b03-cd5237db24bd,2024-11-26,TX-100,CA,Supplier A,269,15,336,5.14,0.36
12f0d015-8af4-14cb-e798-0c1e79f1b3f0,2024-11-26,TX-200,CA,Supplier C,289,20,371,5.14,0.36
fa6cf3f0-9642-4911-8492-32939d9af5f8,2024-11-26,TX-200,IL,Supplier E,224,21,289,5.14,0.36
ba71c575-ebc6-77a6-bb20-2688b9693e1a,2024-11-26,TX-200,NY,Supplier D,214,15,271,5.14,0.36
914f6fde-b7fa-0ad1-893e-12d31f7dcd18,2024-11-26,TX-300,FL,Supplier A,205,11,258,5.14,0.36
f03945c1-d4ae-f2e6-3cc3-1133ac9525ac,2024-11-26,TX-400,IL,Supplier D,250,17,324,5.14,0.36
6e2b7de7-8386-a609-ed1f-7d967cd9693e,2024-11-26,TX-500,NY,Supplier A,210,17,270,5.14,0.36
c99f9555-a67e-94a5-719b-95d571db676b,2024-11-27,TX-200,CA,Supplier E,266,11,331,5.14,0.09
ececeb30-8cec-d20e-95e2-c934ff9b3e06,2024-11-27,TX-200,FL,Supplier B,244,14,305,5.14,0.09
7df026ee-d5a9-27ae-cd30-e0526a7b84ae,2024-11-27,TX-300,FL,Supplier E,202,11,257,5.14,0.09
94ce2a17-31f5-f72f-931e-97efc92c7287,2024-11-27,TX-300,TX,Supplier D,230,21,296,5.14,0.09
e74c6c51-5118-d273-809e-0af18f6a137d,2024-11-27,TX-400,IL,Supplier B,259,16,326,5.14,0.09
de9a5735-3cdc-8433-a231-f3c3d841bc1d,2024-11-27,TX-400,TX,Supplier D,281,24,356,5.14,0.09
02d23e07-7481-6891-7263-919c1a9b6fb0,2024-11-27,TX-500,CA,Supplier E,242,14,303,5.14,0.09
6e81a611-3be3-0d40-3284-82ca875dc917,2024-11-27,TX-500,NY,Supplier D,226,16,290,5.14,0.09
10842524-d66f-bd42-3a7b-b46b83516ffa,2024-11-28,TX-100,CA,Supplier C,247,17,311,5.14,0.52
c5d8af6a-e3ba-113e-c0d2-669ec56d37c2,2024-11-28,TX-200,IL,Supplier E,201,18,264,5.14,0.52
a7db7061-e9a6-6db6-449e-2e3ca5388ef5,2024-11-28,TX-200,NY,Supplier B,191,15,242,5.14,0.52
a27d7fe1-6b52-fafd-409e-8745de5307fe,2024-11-28,TX-200,TX,Supplier D,248,21,321,5.14,0.52
408c9969-b518-148d-bd67-37cd7dd77703,2024-11-28,TX-300,NY,Supplier B,226,18,288,5.14,0.52
30d5f7a8-83a4-45b3-67c1-164a8108970d,2024-11-28,TX-300,TX,Supplier B,221,17,282,5.14,0.52
ff945f81-d638-8039-e102-e27c161d536c,2024-11-28,TX-400,FL,Supplier D,227,18,288,5.14,0.52
fd3ca3f3-15df-df0a-f899-199298fe7219,2024-11-28,TX-500,CA,Supplier A,269,17,341,5.14,0.52
697e3cf6-a402-4e56-eb87-d40f77066578,2024-11-28,TX-500,IL,Supplier E,276,20,353,5.14,0.52
e0ec8d4e-23c5-677d-a270-32e884cec720,2024-11-28,TX-500,NY,Supplier D,255,30,332,5.14,0.52
0a8552f1-5392-51fd-e488-5510ea2e915e,2024-11-28,TX-500,TX,Supplier A,236,17,300,5.14,0.52
81b1cc6e-33b0-7c7b-82f8-5c09d1cc610b,2024-11-29,TX-100,NY,Supplier C,174,18,230,5.14,0.74
74383c9a-0e70-a7d8-2fd9-0885d4c91416,2024-11-29,TX-200,CA,Supplier E,274,15,345,5.14,0.74
3c4a8d01-4ba1-5bd7-4e51-21f1cb4b1686,2024-11-29,TX-200,NY,Supplier B,180,13,231,5.14,0.74
0ca84f96-b7d2-73b0-be91-336aa0a9bc46,2024-11-29,TX-300,CA,Supplier B,218,19,284,5.14,0.74
85621a04-c06b-76ee-cd12-ceecdcd80995,2024-11-29,TX-300,FL,Supplier C,202,14,251,5.14,0.74
deaca633-89e6-6e2e-9176-ed9e34607867,2024-11-29,TX-300,IL,Supplier B,226,18,285,5.14,0.74
fbc66f36-f7c2-9d0b-02ca-bd8195b21d5c,2024-11-29,TX-500,FL,Supplier C,224,11,282,5.14,0.74
fcaa497b-eb87-086b-b6bd-dc0f91117440,2024-11-30,TX-100,CA,Supplier D,202,21,269,5.14,0.49
b7960ec6-fafa-5ed5-e4d5-65bbd4c71d96,2024-11-30,TX-100,NY,Supplier E,171,7,213,5.14,0.49
ca8b5456-a1a0-474b-4bbc-e82d977566b6,2024-11-30,TX-200,CA,Supplier E,218,9,268,5.14,0.49
620ce3ce-06dc-2fb7-0c00-99ea841ec9a9,2024-11-30,TX-200,TX,Supplier B,257,19,324,5.14,0.49
adc8fd2d-dc80-f4d1-c9e9-c58025ebf55f,2024-11-30,TX-300,NY,Supplier C,204,15,261,5.14,0.49
688f44ac-5188-bcc2-6493-8f11610cff06,2024-11-30,TX-400,CA,Supplier C,238,21,304,5.14,0.49
f8554016-6aca-c682-9d41-c52794804bfd,2024-11-30,TX-400,TX,Supplier C,270,16,340,5.14,0.49
79ebac98-68d6-edf4-090d-4125792f76a8,2024-11-30,TX-500,IL,Supplier E,216,11,269,5.14,0.49
44389e92-02bb-fa70-1fff-23191acc2e7f,2024-11-30,TX-500,TX,Supplier A,229,12,291,5.14,0.49
3c77ea03-a9bf-0619-aa47-bef5abd4e7ed,2024-12-01,TX-100,IL,Supplier D,226,16,288,4.79,0.36
bbf3896c-9d4a-b65e-f076-a2658fa867d8,2024-12-01,TX-100,NY,Supplier B,170,13,219,4.79,0.36
3d624db3-1e7e-4f42-0956-2a5a734ab1ca,2024-12-01,TX-100,TX,Supplier D,190,14,240,4.79,0.36
8b218b76-99c4-43f1-9dfa-437ecff85ac9,2024-12-01,TX-300,TX,Supplier D,257,19,332,4.79,0.36
3f83bd70-5446-ff61-7a43-202a372cc78d,2024-12-01,TX-500,TX,Supplier C,240,19,310,4.79,0.36
67c25f05-a1d1-1b6c-40f6-635cb8f4a314,2024-12-02,TX-100,CA,Supplier E,261,17,328,4.79,0.42
b026d654-4818-9ce5-bf6c-a50553c716d1,2024-12-02,TX-100,IL,Supplier D,169,21,225,4.79,0.42
6c941d8f-027f-f0a3-8594-d6b8c00d5a28,2024-12-02,TX-100,TX,Supplier E,245,8,302,4.79,0.42
83501a38-dd63-04da-d0ee-1b0657a536f4,2024-12-02,TX-200,TX,Supplier E,263,16,331,4.79,0.42
26a80127-421b-b30f-1568-28d9594784d4,2024-12-02,TX-300,FL,Supplier B,232,12,287,4.79,0.42
cee0e5d6-46ab-0b96-2f5b-62acc9efdbc5,2024-12-02,TX-300,NY,Supplier D,171,16,220,4.79,0.42
44761daf-85d0-60be-b97a-2ccc94b993e9,2024-12-03,TX-100,NY,Supplier A,171,7,215,4.79,0.71
9eef9bdf-e61e-1d1e-a319-ce20abbdbe2f,2024-12-03,TX-200,CA,Supplier B,212,11,261,4.79,0.71
45186e79-bbee-da9e-d721-b4f269617c81,2024-12-03,TX-200,FL,Supplier A,247,10,305,4.79,0.71
485a083b-4be2-0753-5742-1579ec17854f,2024-12-03,TX-300,NY,Supplier C,187,17,241,4.79,0.71
7cec5913-3be9-045a-ba78-10df37661c9e,2024-12-03,TX-300,TX,Supplier B,259,20,331,4.79,0.71
efc25d50-d877-01c2-763d-2ef9ee80f3f4,2024-12-03,TX-500,FL,Supplier E,287,17,358,4.79,0.71
119ee918-1232-0111-69b0-5a10af4f20a3,2024-12-04,TX-100,CA,Supplier D,204,16,262,4.79,0.24
1d15c90e-b16d-6ee9-635e-a2786f50da53,2024-12-04,TX-100,TX,Supplier C,217,22,280,4.79,0.24
34748ca7-e5e4-49fa-83b9-a814d8550f02,2024-12-04,TX-300,IL,Supplier E,215,13,269,4.79,0.24
cb56d1c6-78ea-dc68-4cc9-f25bf874e98f,2024-12-04,TX-400,NY,Supplier E,193,16,243,4.79,0.24
496ae6e7-22b6-ae53-fb6e-117f1bbc1624,2024-12-05,TX-200,FL,Supplier C,191,18,249,4.79,0.52
912d1eb2-cccf-df7f-7214-c2e1bdb4696f,2024-12-05,TX-300,FL,Supplier D,245,20,315,4.79,0.52
f1e631ac-61c1-c9af-c27e-530dbf4cd6d7,2024-12-05,TX-300,IL,Supplier B,189,17,247,4.79,0.52
326d90c0-6e57-e1c3-f68f-32ccfa30f931,2024-12-05,TX-300,TX,Supplier D,195,19,251,4.79,0.52
3a11a9a8-1cff-f04e-1932-d28f82d55787,2024-12-05,TX-400,NY,Supplier C,202,15,258,4.79,0.52
3de6f48b-7968-fbb7-7e49-1b3c0964f642,2024-12-05,TX-500,CA,Supplier C,282,19,364,4.79,0.52
4b0e5262-508c-7394-b6d7-d61570cbdc50,2024-12-06,TX-100,CA,Supplier C,253,26,333,4.79,0.13
098fd668-7ab8-39f3-25c5-ac5256d3a00f,2024-12-06,TX-300,TX,Supplier B,199,24,264,4.79,0.13
6bf84e17-d3e8-2a34-4ac2-4641b9feebb2,2024-12-06,TX-400,TX,Supplier C,263,24,341,4.79,0.13
14df7761-a9ef-d701-48ee-05f58721f80d,2024-12-06,TX-500,NY,Supplier C,210,17,269,4.79,0.13
08e61d07-9f1b-96f7-f06f-2cb84f3204d7,2024-12-07,TX-100,TX,Supplier B,194,16,248,4.79,0.73
2b1d215d-3646-360b-5931-44c74fbfcb09,2024-12-07,TX-200,CA,Supplier A,259,16,329,4.79,0.73
b72ba6d0-bae4-56f4-835c-21de339bdb49,2024-12-07,TX-200,FL,Supplier D,229,27,299,4.79,0.73
1dfe8104-29b9-82e9-a483-4f126197bd19,2024-12-07,TX-200,IL,Supplier D,222,19,287,4.79,0.73
2de2a798-00f2-4728-df4c-9777b74be4ab,2024-12-07,TX-200,NY,Supplier C,224,23,290,4.79,0.73
5d68d5c3-16f3-b34f-f27e-30d3d58858f9,2024-12-07,TX-200,TX,Supplier B,248,15,315,4.79,0.73
15eb3e8e-702b-dd37-b172-d34266351dfd,2024-12-07,TX-300,FL,Supplier C,226,16,285,4.79,0.73
773b3b7d-294d-3d77-e372-ec3f079d74b4,2024-12-07,TX-300,IL,Supplier D,218,20,283,4.79,0.73
8564721b-edad-bf66-3389-453847dcc619,2024-12-07,TX-400,CA,Supplier C,275,24,355,4.79,0.73
48cac45e-d6ab-2327-a026-878d9f811b81,2024-12-07,TX-500,TX,Supplier A,271,20,348,4.79,0.73
7a0da7a3-91fd-eb53-5328-9a4e09cd964a,2024-12-08,TX-100,NY,Supplier E,197,7,240,4.79,0.69
3da4c489-20db-7ccb-3c65-d2f16acffe20,2024-12-08,TX-100,TX,Supplier E,211,11,260,4.79,0.69
e19abd4e-8584-c360-82ae-f1b04b93ca7f,2024-12-08,TX-200,CA,Supplier D,219,17,280,4.79,0.69
79a220b9-78b9-4cfd-de44-85d59575a675,2024-12-08,TX-200,IL,Supplier A,204,15,255,4.79,0.69
5aba08d4-3ac1-3310-b4dc-008f76a7d833,2024-12-08,TX-200,NY,Supplier D,219,18,278,4.79,0.69
c8be1381-c021-7558-065e-58f3c965f38b,2024-12-08,TX-300,CA,Supplier B,244,18,310,4.79,0.69
2ada2738-acaa-419b-da93-6142548dec37,2024-12-08,TX-300,IL,Supplier D,202,29,271,4.79,0.69
0b7a8fd5-880e-9528-d1b4-b03c62e86c87,2024-12-08,TX-400,CA,Supplier E,272,16,336,4.79,0.69
cbacef3a-b407-bec8-1f19-1c508149d79a,2024-12-08,TX-400,NY,Supplier C,187,17,238,4.79,0.69
28de6079-e08a-bab5-259e-a4f9ce1d6016,2024-12-08,TX-500,CA,Supplier B,239,17,300,4.79,0.69
8248481c-137a-ad6d-4423-06bbad6cf1f3,2024-12-08,TX-500,IL,Supplier A,248,14,311,4.79,0.69
4fac316b-1e16-4d10-476e-60105c1c29a2,2024-12-09,TX-100,CA,Supplier B,205,16,258,4.79,0.17
180ea50d-d848-a740-7dcf-6952d2bef092,2024-12-09,TX-100,FL,Supplier D,188,8,238,4.79,0.17
5e39798c-9431-6fce-f49b-0a6fb346277c,2024-12-09,TX-200,IL,Supplier C,207,16,262,4.79,0.17
42d4b5a4-102c-6085-a02b-e9baa9ad4570,2024-12-09,TX-300,IL,Supplier E,188,10,236,4.79,0.17
db3e78a4-7418-8361-f940-a49dedce0a4b,2024-12-09,TX-300,NY,Supplier A,210,13,264,4.79,0.17
f120d9a7-78de-7362-f3f6-4d82f19f4eca,2024-12-09,TX-300,TX,Supplier C,230,24,305,4.79,0.17
86f5900e-75a0-ea78-193e-46d4002e1909,2024-12-09,TX-500,CA,Supplier B,276,19,349,4.79,0.17
7a792340-e5d1-27f6-4b47-f9965d3d3bb1,2024-12-09,TX-500,NY,Supplier D,254,25,328,4.79,0.17
18ad025e-0e8f-ff7f-a5c4-5a39d06f0a4e,2024-12-10,TX-100,FL,Supplier D,181,18,236,4.79,0.24
6f6b1ce4-6e1d-1d08-660e-91d46d3c274c,2024-12-10,TX-100,IL,Supplier E,169,15,218,4.79,0.24
d4bd634a-fd0d-d579-fcc9-9745890f81c3,2024-12-10,TX-200,CA,Supplier C,242,16,304,4.79,0.24
16cbdfd4-9541-a366-65a3-7b2ed6fdc0e4,2024-12-10,TX-200,IL,Supplier C,224,20,285,4.79,0.24
2193d489-fd7d-dd27-94b4-1f190399c322,2024-12-10,TX-300,NY,Supplier E,188,13,236,4.79,0.24
ac55db71-a11a-6468-5f58-5d4ac7c57444,2024-12-10,TX-400,FL,Supplier B,215,15,272,4.79,0.24
c6db22e5-0ff4-70fc-d8de-77b71c47093f,2024-12-10,TX-400,NY,Supplier E,205,17,262,4.79,0.24
1a24b6e9-4bd9-beaa-1bfc-c4ed72e9dcc7,2024-12-10,TX-500,FL,Supplier A,233,15,295,4.79,0.24
7a9244f4-b4e5-3e7f-0b92-a6ff0a4056c1,2024-12-10,TX-500,IL,Supplier E,208,10,260,4.79,0.24
d2117771-50e3-d614-3675-604ca8f91aef,2024-12-11,TX-100,CA,Supplier B,238,15,304,4.79,0.31
d8e08527-e363-22e7-33c9-c1d3a7cacfbe,2024-12-11,TX-200,NY,Supplier D,178,12,228,4.79,0.31
625ffb67-c870-f8b7-d708-1b9ab9be6246,2024-12-11,TX-200,TX,Supplier A,259,11,322,4.79,0.31
b5b99032-a491-6692-30d0-ad40e2ce41ad,2024-12-11,TX-300,CA,Supplier D,266,28,351,4.79,0.31
6dbcc242-a79a-5b00-0d96-0afd31b495b2,2024-12-11,TX-300,FL,Supplier B,184,15,235,4.79,0.31
016d12c2-d344-ed5b-4e9d-59255471aced,2024-12-11,TX-300,NY,Supplier A,164,11,203,4.79,0.31
18512a3f-3e7e-6a4e-5e4c-a340dc76baa8,2024-12-11,TX-400,TX,Supplier B,219,16,278,4.79,0.31
c5335b6e-8166-7655-c267-9189c017da08,2024-12-11,TX-500,IL,Supplier A,202,24,267,4.79,0.31
ae0618f2-6e53-760f-a772-49179ff3fe99,2024-12-11,TX-500,NY,Supplier A,194,15,249,4.79,0.31
9d3df575-5a28-1807-7e9d-e1111d901b32,2024-12-11,TX-500,TX,Supplier A,279,13,351,4.79,0.31
ab18d21f-6efb-35c2-2495-00e571bc8298,2024-12-12,TX-100,NY,Supplier E,185,12,231,4.79,0.32
0b7fd488-0741-60a9-e4ba-73d751126cac,2024-12-12,TX-200,CA,Supplier E,219,20,283,4.79,0.32
7797733b-fbc3-57a0-4dd4-f0632a1e3204,2024-12-12,TX-200,FL,Supplier C,241,16,303,4.79,0.32
dee88614-9e54-2109-e4f3-c3dcd8b4ee1c,2024-12-12,TX-200,TX,Supplier B,256,18,322,4.79,0.32
c3dfa4a0-ccef-1afa-ef29-f88466b969f9,2024-12-12,TX-300,IL,Supplier B,176,11,223,4.79,0.32
eea5aa67-6173-19ef-585b-ee58b7cb2d3d,2024-12-12,TX-300,NY,Supplier B,214,20,279,4.79,0.32
bcc1dd37-6c10-3f06-168a-43b9f9cc0c89,2024-12-12,TX-300,TX,Supplier A,215,22,276,4.79,0.32
a67e897c-adf4-8078-9873-b7f1fa17e5da,2024-12-12,TX-400,IL,Supplier A,188,17,242,4.79,0.32
597c44ca-f5a2-7e92-9f8c-847d25a65cfe,2024-12-13,TX-100,FL,Supplier C,198,17,260,4.79,0.31
2bafb506-4ea8-8e53-54a0-418efae62ffb,2024-12-13,TX-200,IL,Supplier A,228,21,297,4.79,0.31
e219587d-2b51-ee2d-6f8a-0d8dfd140884,2024-12-13,TX-300,TX,Supplier B,199,17,257,4.79,0.31
4556f4ec-a18c-2954-a5ba-e10190e8f175,2024-12-13,TX-400,NY,Supplier A,187,12,234,4.79,0.31
0f15eda3-6375-6079-c370-76ad3319b7c4,2024-12-13,TX-500,CA,Supplier C,243,25,318,4.79,0.31
05df53f2-61cf-6d93-5831-c159d6e532b8,2024-12-13,TX-500,TX,Supplier B,239,22,312,4.79,0.31
9de75ce9-d932-f08c-8254-dab42195111d,2024-12-14,TX-200,NY,Supplier E,170,14,218,4.79,0.78
224b7ca7-3362-d6cc-2346-029a39efbe77,2024-12-14,TX-200,TX,Supplier C,207,18,270,4.79,0.78
b97a0a18-8fa9-7c59-1f7e-6ed9bd5141ba,2024-12-14,TX-300,CA,Supplier D,210,15,271,4.79,0.78
b335da5d-beef-fa2e-159c-a0aa58b097fb,2024-12-14,TX-400,IL,Supplier D,247,23,317,4.79,0.78
00ff8f54-c56b-d9fe-2dcd-a902c64448aa,2024-12-15,TX-100,CA,Supplier D,246,18,317,4.79,0.03
ecc69e9e-e237-a357-d407-ef6560e11c5a,2024-12-15,TX-200,TX,Supplier B,255,19,324,4.79,0.03
5bac826a-4fa6-0316-56cb-5d31e2c5a102,2024-12-15,TX-300,FL,Supplier C,227,8,281,4.79,0.03
936833c2-6dec-17a7-ef22-615f798bec9e,2024-12-15,TX-400,CA,Supplier E,245,15,308,4.79,0.03
a1e9a81f-0263-0b6a-6c37-2f775c6d3c45,2024-12-15,TX-400,IL,Supplier B,186,20,242,4.79,0.03
7a1e6ba9-bec1-6cc5-52a8-21f17dd82163,2024-12-15,TX-400,TX,Supplier D,271,16,339,4.79,0.03
b642d075-fc15-33e4-ed9a-f40b31eb5625,2024-12-15,TX-500,NY,Supplier C,209,16,268,4.79,0.03
12c07b1c-5431-541f-ed9c-f680caf67389,2024-12-16,TX-100,CA,Supplier A,222,14,276,4.79,0.2
00c4143e-8b2c-ff00-d4d0-9bef9322a51e,2024-12-16,TX-100,FL,Supplier E,214,9,262,4.79,0.2
2d3d5123-f10b-0f74-b3ae-04c7e53af9b4,2024-12-16,TX-200,IL,Supplier D,183,21,237,4.79,0.2
ca3b5c2b-5d3f-b383-ded7-17a90cd4ad34,2024-12-16,TX-300,CA,Supplier A,231,19,296,4.79,0.2
ccd93592-1b00-d30e-c415-f2cd689a6328,2024-12-16,TX-300,FL,Supplier A,202,18,257,4.79,0.2
31e14936-567d-9d8c-0f0a-40f30fa52d78,2024-12-16,TX-400,CA,Supplier B,240,16,301,4.79,0.2
e5e1ff37-328e-eba6-4db1-b3c21c2aea48,2024-12-16,TX-400,FL,Supplier A,235,26,308,4.79,0.2
7cac77a1-fbd4-d57e-f0e8-375b71829858,2024-12-16,TX-400,IL,Supplier B,219,19,282,4.79,0.2
e4ed35f0-1600-f347-355c-1761504a1b2d,2024-12-16,TX-500,FL,Supplier A,210,20,273,4.79,0.2
6cf66d12-141e-37e3-e308-1dc976495cff,2024-12-16,TX-500,IL,Supplier E,207,11,259,4.79,0.2
2b3ea375-c283-c1f4-02bd-6d1ff698ca03,2024-12-17,TX-100,NY,Supplier A,190,20,244,4.79,0.65
3be345c7-47b5-4aa9-72a1-12b7be70ea2d,2024-12-17,TX-100,TX,Supplier D,220,17,283,4.79,0.65
a0dc1df4-4019-ca4c-2f90-4ef847e6dfaa,2024-12-17,TX-200,IL,Supplier E,230,12,291,4.79,0.65
4b9c071d-6628-9de2-ece7-f680a87bd31e,2024-12-17,TX-300,IL,Supplier B,210,9,260,4.79,0.65
47d94a4d-af68-6846-3fa4-6e7834be5738,2024-12-17,TX-500,CA,Supplier D,304,22,387,4.79,0.65
2523f257-26bc-3d05-5140-fd494fcdecc8,2024-12-17,TX-500,IL,Supplier C,202,16,260,4.79,0.65
1ff1ab25-34e3-4719-c3f3-b1a6b130d8dc,2024-12-17,TX-500,TX,Supplier E,244,12,300,4.79,0.65
2d836a83-23d8-e40d-4785-6a396755f523,2024-12-18,TX-100,FL,Supplier C,228,21,298,4.79,0.17
b9c11d08-effa-4b15-e532-d45db34302e7,2024-12-18,TX-100,IL,Supplier C,193,13,244,4.79,0.17
a40c22a5-1a7a-8081-cd52-0ddc288e9e52,2024-12-18,TX-100,NY,Supplier A,202,8,249,4.79,0.17
013edd2a-e878-50cc-f961-ef60c7f22089,2024-12-18,TX-100,TX,Supplier B,184,12,235,4.79,0.17
5c5c0efe-63ec-49dd-2221-266d5fd039f3,2024-12-18,TX-200,IL,Supplier B,238,22,310,4.79,0.17
64cdaf0b-0e0e-67b9-45f1-de06fb341e16,2024-12-18,TX-200,NY,Supplier A,217,9,272,4.79,0.17
1ef31f2b-f0cf-3059-24f2-28b0b116a7aa,2024-12-18,TX-300,NY,Supplier B,191,12,243,4.79,0.17
d85192d6-dd2e-9323-e158-7bfd83535ffe,2024-12-18,TX-300,TX,Supplier A,230,17,295,4.79,0.17
96236a6d-0981-cd91-742c-0b37937d3c69,2024-12-18,TX-400,IL,Supplier D,215,17,272,4.79,0.17
e564c648-12b1-120e-8ac5-d75c632e4842,2024-12-18,TX-400,NY,Supplier A,224,18,291,4.79,0.17
1cf27ecb-b40d-af61-4eda-8dcd49758043,2024-12-18,TX-500,NY,Supplier D,187,11,234,4.79,0.17
ad21c24a-1cd4-2427-fa51-e72e0af4747f,2024-12-19,TX-300,CA,Supplier D,251,22,325,4.79,0.85
f2029951-6dd0-445d-0983-4ea0a6f4d123,2024-12-19,TX-300,NY,Supplier C,180,14,230,4.79,0.85
f6ebad1a-b8ce-e1e6-9989-99870dd28637,2024-12-19,TX-400,IL,Supplier D,195,14,249,4.79,0.85
1fe85b6f-ee4a-4535-e1d1-a2d8ba4b7205,2024-12-19,TX-500,IL,Supplier A,201,13,252,4.79,0.85
a0b9d7dc-a024-a4dd-5266-e5868c503aa9,2024-12-19,TX-500,TX,Supplier E,294,25,381,4.79,0.85
dcd8ff7c-5a1e-1adc-4294-2031dbd6ab30,2024-12-20,TX-100,FL,Supplier A,180,18,232,4.79,0.79
597afe05-eda5-15e1-4ed2-8adf42e7a4f4,2024-12-20,TX-300,FL,Supplier A,204,15,258,4.79,0.79
df7903b7-6db7-e1a2-87de-6a355e96eff5,2024-12-20,TX-300,IL,Supplier E,218,16,276,4.79,0.79
c23927ca-41b1-1a94-97fe-f4f3ea5302b7,2024-12-20,TX-400,FL,Supplier B,211,13,264,4.79,0.79
60b5b019-3b49-5a68-70c7-700e7cacc802,2024-12-20,TX-400,IL,Supplier B,185,14,238,4.79,0.79
bdbd8cda-6a54-f1bd-ac12-9a1de1ffe210,2024-12-20,TX-400,NY,Supplier E,220,11,274,4.79,0.79
4c4ca59e-004f-3317-0c73-7aed62d9ac91,2024-12-20,TX-500,CA,Supplier B,252,18,324,4.79,0.79
27a82f0d-af51-70b3-b590-baed96c14c5a,2024-12-20,TX-500,IL,Supplier C,254,14,319,4.79,0.79
b90f0fe9-545b-b4d7-bda9-6abcfa819153,2024-12-21,TX-100,CA,Supplier D,193,17,248,4.79,0.8
a186b41d-e071-de99-c4a5-fe75ade1d63c,2024-12-21,TX-100,IL,Supplier E,182,13,234,4.79,0.8
b9dca208-dff6-1047-afb8-5eefbfbc8fba,2024-12-21,TX-200,IL,Supplier D,217,24,282,4.79,0.8
633d57ab-83cd-0b65-8ec1-6c2421806291,2024-12-21,TX-200,NY,Supplier D,176,14,230,4.79,0.8
f89076fc-557f-c010-8c43-abfe917392a0,2024-12-21,TX-300,NY,Supplier E,204,8,251,4.79,0.8
ea0083c4-6efe-0f9a-145a-398e242d0454,2024-12-21,TX-400,CA,Supplier E,259,18,330,4.79,0.8
2c75e5c2-cffb-0b48-970c-6c3d3c609254,2024-12-21,TX-400,IL,Supplier D,245,25,317,4.79,0.8
6dc6749b-7866-b8bf-fc6e-44377369055f,2024-12-21,TX-400,NY,Supplier E,190,9,235,4.79,0.8
638229da-64cf-aeb1-0c0c-f90c9ea00eb8,2024-12-21,TX-500,CA,Supplier A,236,8,290,4.79,0.8
0e2a2fb9-98e3-6073-3f4f-bd8c676efe34,2024-12-21,TX-500,FL,Supplier E,230,14,292,4.79,0.8
44706e01-448b-f393-80fd-5f8cf5c9c706,2024-12-21,TX-500,NY,Supplier C,191,13,241,4.79,0.8
e89e7f06-42aa-e2c7-b8cb-d1562b3aab8d,2024-12-22,TX-100,NY,Supplier E,207,10,254,4.79,0.64
c171282e-0a94-6df8-4383-8713cfb7410d,2024-12-22,TX-200,FL,Supplier C,188,13,240,4.79,0.64
c286602c-a2d6-e193-5b1a-8f1910000554,2024-12-22,TX-200,TX,Supplier E,222,18,281,4.79,0.64
1fa8ee8e-9a6b-10ae-cb95-c4d44ca0ee20,2024-12-22,TX-300,CA,Supplier A,250,12,311,4.79,0.64
a4ef0dab-d046-9e2d-dcd5-e202b586c512,2024-12-22,TX-300,TX,Supplier E,192,7,235,4.79,0.64
d6312018-6797-e763-1d1a-8fd22d643277,2024-12-22,TX-400,FL,Supplier B,224,16,279,4.79,0.64
8294b1da-125e-530d-3b00-0bfac8088372,2024-12-22,TX-400,NY,Supplier A,186,13,236,4.79,0.64
d1e234b8-d0fa-f027-d24c-faf709289882,2024-12-22,TX-400,TX,Supplier C,254,20,327,4.79,0.64
4602cc6e-fe41-af03-4d16-91a8b00a8cf6,2024-12-22,TX-500,FL,Supplier C,274,19,353,4.79,0.64
aaf70be1-f24d-863a-3539-3b126ee3bd11,2024-12-22,TX-500,NY,Supplier C,211,13,264,4.79,0.64
16614383-425d-8f0c-4748-0f0217bc6f2a,2024-12-23,TX-100,CA,Supplier E,205,6,254,4.79,0.04
fedfc82d-1b6c-d04c-e666-fa60d0afbdc9,2024-12-23,TX-200,CA,Supplier B,257,20,327,4.79,0.04
6d7849ea-21e7-0e90-b2c4-107410df564f,2024-12-23,TX-300,FL,Supplier E,193,9,240,4.79,0.04
1b4740bc-ba51-1ba1-0a7e-e186b27ccceb,2024-12-23,TX-300,IL,Supplier E,172,11,217,4.79,0.04
fde1dc39-fbe9-0dff-db32-7df2c5c3c8c7,2024-12-23,TX-400,CA,Supplier A,232,10,287,4.79,0.04
a04fdbf2-a8a2-120b-52f2-4ce6fdeed1cd,2024-12-23,TX-400,FL,Supplier C,221,18,285,4.79,0.04
dcc20631-61b1-309f-94ca-5887a9bb987d,2024-12-23,TX-400,TX,Supplier C,215,22,282,4.79,0.04
535ebdee-ccf2-1742-c58e-16f6b2b2f588,2024-12-24,TX-100,IL,Supplier A,184,12,234,4.79,0.96
3efc44ee-a46d-689f-78ba-04903bb692bd,2024-12-24,TX-100,TX,Supplier C,207,26,275,4.79,0.96
52fc9deb-3c62-b1d4-677c-0098a0cdf543,2024-12-24,TX-200,CA,Supplier D,221,15,282,4.79,0.96
0f5db804-9438-0ee3-c3ed-e6cee92ac5b2,2024-12-24,TX-200,IL,Supplier E,228,13,290,4.79,0.96
641d0ee3-ac28-3ef8-cba9-2b902bbd21bd,2024-12-24,TX-300,CA,Supplier A,216,13,278,4.79,0.96
6aedd039-32d6-95b5-19c6-d3169687e619,2024-12-24,TX-400,FL,Supplier D,229,22,294,4.79,0.96
e0e58429-d96a-c4e6-d4a5-3200ed0bcd1a,2024-12-24,TX-400,TX,Supplier B,229,15,287,4.79,0.96
deec0fb1-bd71-8948-aca9-4fe29273a301,2024-12-25,TX-400,CA,Supplier A,229,14,293,4.79,0.13
265ab557-6d8e-57c8-63c4-7951299b7301,2024-12-26,TX-300,NY,Supplier A,198,9,248,4.79,0.03
aaca5d94-8a21-2876-6b55-28bcf71575e7,2024-12-26,TX-300,TX,Supplier B,253,11,316,4.79,0.03
ebd5d4f4-4aea-d3da-c6a0-8f93f7c80f3f,2024-12-26,TX-400,IL,Supplier B,231,18,295,4.79,0.03
74afc55a-ea8b-60dd-8916-5d81f104af61,2024-12-27,TX-100,FL,Supplier B,189,14,242,4.79,0.52
ba31da26-4fa7-4c8d-78e4-6a3b81425d5f,2024-12-27,TX-200,TX,Supplier C,215,14,275,4.79,0.52
eef50aed-b538-a804-b332-79d7bf82a69d,2024-12-27,TX-300,CA,Supplier C,257,19,329,4.79,0.52
77724596-e273-33fa-8e5e-dec9c379fb71,2024-12-27,TX-300,NY,Supplier E,171,9,214,4.79,0.52
0b14e187-af79-caee-1d09-27062116f299,2024-12-27,TX-400,CA,Supplier A,236,16,299,4.79,0.52
2edfb443-3538-ead3-1c83-c548bc9da35c,2024-12-27,TX-400,IL,Supplier B,214,12,267,4.79,0.52
7290220d-b25a-b05c-8518-e50fd62298cd,2024-12-28,TX-100,NY,Supplier D,170,14,217,4.79,0.92
e9d17968-6860-eb8f-5455-81fe5693c6e6,2024-12-28,TX-100,TX,Supplier A,188,9,236,4.79,0.92
1e02ed03-f007-38fe-47b2-c321a75a30c7,2024-12-28,TX-200,CA,Supplier C,208,14,264,4.79,0.92
9801c18d-24d9-b3b9-732c-6a33b93e4947,2024-12-28,TX-200,IL,Supplier D,181,19,235,4.79,0.92
e9ec95df-ebf3-af0f-b87f-c68f3d9d75f0,2024-12-28,TX-400,FL,Supplier E,203,13,255,4.79,0.92
fadf3b4a-635a-a903-7c3f-44503771d8f3,2024-12-28,TX-400,NY,Supplier C,218,16,278,4.79,0.92
abdf1c9f-851f-a9c1-15ce-1c8ace9e3e09,2024-12-28,TX-500,IL,Supplier A,252,17,313,4.79,0.92
5f3ed465-9c7d-7592-9db4-c439a88cb859,2024-12-28,TX-500,NY,Supplier C,251,31,334,4.79,0.92
b8d841d3-a57d-156b-2efd-87fa06bb4a73,2024-12-29,TX-100,FL,Supplier E,183,6,226,4.79,0.34
587c7597-07a2-da0f-8726-cbb19391f7d5,2024-12-29,TX-100,IL,Supplier C,165,12,210,4.79,0.34
4a753e2b-708b-823f-2afb-f5252f971bf2,2024-12-29,TX-100,TX,Supplier A,190,11,241,4.79,0.34
3210e02a-9a79-19fc-be02-45efc2cf55a2,2024-12-29,TX-200,TX,Supplier C,202,12,250,4.79,0.34
d12277bd-911d-2581-2ec7-0dca221dd893,2024-12-29,TX-400,FL,Supplier E,232,17,298,4.79,0.34
927a75b0-35aa-0d6c-ca2c-f1512781b6cf,2024-12-29,TX-400,NY,Supplier E,220,17,281,4.79,0.34
da790d68-f3a1-37b3-a441-e2e52f3ed484,2024-12-29,TX-500,CA,Supplier C,289,16,364,4.79,0.34
585b74c7-1bb7-ef70-ece6-d8f28db0837d,2024-12-29,TX-500,FL,Supplier A,278,20,350,4.79,0.34
6f9a0c96-c201-da92-9268-d727bc0430fe,2024-12-30,TX-100,IL,Supplier C,189,13,240,4.79,0.78
4fdf8db8-e39a-9bbd-173f-904f467d8274,2024-12-30,TX-200,FL,Supplier B,187,19,244,4.79,0.78
81b9dbc0-7f44-e69e-b475-b50694c95c49,2024-12-30,TX-200,IL,Supplier A,190,11,242,4.79,0.78
40038963-2b80-610a-5d73-729202a68c9f,2024-12-30,TX-200,NY,Supplier C,179,14,230,4.79,0.78
725527fe-d951-60ae-986b-71a0110a1151,2024-12-30,TX-300,FL,Supplier B,181,15,231,4.79,0.78
243b60a8-25f5-3d1e-6431-b9f545e7da8c,2024-12-30,TX-300,IL,Supplier D,203,15,263,4.79,0.78
af3bb80e-cfc7-d666-65ca-144bb5a898ec,2024-12-30,TX-400,CA,Supplier A,245,25,314,4.79,0.78
786f7dc5-1f89-4ef3-b0c2-b42509f0b0a3,2024-12-30,TX-400,FL,Supplier E,257,19,326,4.79,0.78
09d899d8-7f0c-f5c2-ffbb-1ad19aa3ccba,2024-12-30,TX-400,IL,Supplier C,245,19,315,4.79,0.78
de0cf65f-9af1-637d-1d0e-b54f734e1b8b,2024-12-30,TX-500,CA,Supplier E,257,14,322,4.79,0.78
f213146f-9d9b-5ba0-1250-53e0e26d1cdf,2024-12-31,TX-100,IL,Supplier C,164,15,217,4.79,0.48
9d9d1f7c-e938-3bd4-4531-e52dd7d9bfb1,2024-12-31,TX-100,NY,Supplier C,161,16,208,4.79,0.48
9b950a65-ea84-2332-9dc1-8f4e1aff185f,2024-12-31,TX-200,NY,Supplier E,192,14,245,4.79,0.48
6b8b9c1a-49e3-c3fc-1ef2-38d1f350104c,2024-12-31,TX-300,IL,Supplier B,185,9,235,4.79,0.48
b1fe3aa1-e5df-5429-62dd-aeccb8ead1a2,2024-12-31,TX-400,FL,Supplier C,238,17,301,4.79,0.48
9b5d545b-a993-8f34-5a38-ab7fced2ab97,2024-12-31,TX-500,CA,Supplier D,250,13,320,4.79,0.48
