uuid,Part_SKU,Supplier_Delay_Days,Component_Failure_Rate,Inventory_Levels,Unit_Cost
b84a7eea-2729-857a-fefd-11ba66fd6d1d,ENG-01,20,0.062,558,4077
b84a7eea-2729-857a-fefd-11ba66fd6d1d,TRN-02,11,0.067,0,2702
b84a7eea-2729-857a-fefd-11ba66fd6d1d,HYD-03,13,0.044,2741,1066
b84a7eea-2729-857a-fefd-11ba66fd6d1d,ELEC-04,12,0.049,0,780
b84a7eea-2729-857a-fefd-11ba66fd6d1d,CHS-05,22,0.018,0,1374
ac170223-a55f-6efa-9dca-11ae278b22c3,ENG-01,14,0.051,0,4279
ac170223-a55f-6efa-9dca-11ae278b22c3,TRN-02,13,0.057,14,2913
ac170223-a55f-6efa-9dca-11ae278b22c3,HYD-03,21,0.037,0,1183
ac170223-a55f-6efa-9dca-11ae278b22c3,ELEC-04,9,0.071,1340,828
ac170223-a55f-6efa-9dca-11ae278b22c3,CHS-05,23,0.026,3584,1462
3569fa56-4a64-8e16-8956-a8e9f695ffa5,ENG-01,9,0.077,0,4284
3569fa56-4a64-8e16-8956-a8e9f695ffa5,TRN-02,21,0.049,104,2751
3569fa56-4a64-8e16-8956-a8e9f695ffa5,HYD-03,21,0.036,0,1110
3569fa56-4a64-8e16-8956-a8e9f695ffa5,ELEC-04,17,0.046,0,824
3569fa56-4a64-8e16-8956-a8e9f695ffa5,CHS-05,20,0.047,0,1354
2e1840ba-92ae-1629-c771-93e39d7e7cdb,ENG-01,19,0.087,0,4384
2e1840ba-92ae-1629-c771-93e39d7e7cdb,TRN-02,21,0.051,0,2519
2e1840ba-92ae-1629-c771-93e39d7e7cdb,HYD-03,13,0.021,0,1146
2e1840ba-92ae-1629-c771-93e39d7e7cdb,ELEC-04,14,0.075,945,793
2e1840ba-92ae-1629-c771-93e39d7e7cdb,CHS-05,22,0.033,0,1463
401f8d2b-094a-0e5f-c480-a39a872fa5cf,ENG-01,20,0.052,0,4329
401f8d2b-094a-0e5f-c480-a39a872fa5cf,TRN-02,20,0.064,0,2823
401f8d2b-094a-0e5f-c480-a39a872fa5cf,HYD-03,12,0.023,100,1140
401f8d2b-094a-0e5f-c480-a39a872fa5cf,ELEC-04,14,0.042,0,813
401f8d2b-094a-0e5f-c480-a39a872fa5cf,CHS-05,14,0.02,0,1465
f9b6541a-030a-eb9d-2017-f95f66971184,ENG-01,23,0.067,5350,4248
f9b6541a-030a-eb9d-2017-f95f66971184,TRN-02,16,0.037,5258,2482
f9b6541a-030a-eb9d-2017-f95f66971184,HYD-03,13,0.04,0,1042
f9b6541a-030a-eb9d-2017-f95f66971184,ELEC-04,11,0.061,0,763
f9b6541a-030a-eb9d-2017-f95f66971184,CHS-05,20,0.049,4611,1367
70205e3e-512e-6e61-2a4f-5f1b89cb1dcb,ENG-01,14,0.089,0,3974
70205e3e-512e-6e61-2a4f-5f1b89cb1dcb,TRN-02,18,0.058,979,2714
70205e3e-512e-6e61-2a4f-5f1b89cb1dcb,HYD-03,24,0.059,1454,1075
70205e3e-512e-6e61-2a4f-5f1b89cb1dcb,ELEC-04,12,0.052,0,794
70205e3e-512e-6e61-2a4f-5f1b89cb1dcb,CHS-05,22,0.046,0,1371
165dce19-bf96-9bf0-76c2-cd0a16c3c5ad,ENG-01,9,0.071,0,4201
165dce19-bf96-9bf0-76c2-cd0a16c3c5ad,TRN-02,8,0.058,982,2569
165dce19-bf96-9bf0-76c2-cd0a16c3c5ad,HYD-03,17,0.034,518,1111
165dce19-bf96-9bf0-76c2-cd0a16c3c5ad,ELEC-04,16,0.074,1013,774
165dce19-bf96-9bf0-76c2-cd0a16c3c5ad,CHS-05,7,0.022,2133,1355
006a8da8-24bb-dff1-f2d5-8967ecafcfcc,ENG-01,13,0.071,1106,3987
006a8da8-24bb-dff1-f2d5-8967ecafcfcc,TRN-02,12,0.047,0,2590
006a8da8-24bb-dff1-f2d5-8967ecafcfcc,HYD-03,24,0.059,151,1052
006a8da8-24bb-dff1-f2d5-8967ecafcfcc,ELEC-04,19,0.058,1026,756
006a8da8-24bb-dff1-f2d5-8967ecafcfcc,CHS-05,18,0.032,37,1397
baa58bb7-3af0-24d8-dba1-b446a0034754,ENG-01,21,0.077,0,4276
baa58bb7-3af0-24d8-dba1-b446a0034754,TRN-02,18,0.034,0,2851
baa58bb7-3af0-24d8-dba1-b446a0034754,HYD-03,18,0.037,0,1125
baa58bb7-3af0-24d8-dba1-b446a0034754,ELEC-04,14,0.066,2209,872
baa58bb7-3af0-24d8-dba1-b446a0034754,CHS-05,13,0.014,683,1361
56de55eb-6a1a-d5e5-2fce-38d97343fcd4,ENG-01,16,0.087,0,4193
56de55eb-6a1a-d5e5-2fce-38d97343fcd4,TRN-02,6,0.05,0,2494
56de55eb-6a1a-d5e5-2fce-38d97343fcd4,HYD-03,7,0.022,0,1102
56de55eb-6a1a-d5e5-2fce-38d97343fcd4,ELEC-04,18,0.055,0,803
56de55eb-6a1a-d5e5-2fce-38d97343fcd4,CHS-05,12,0.02,0,1374
9925ea01-b306-e634-5c5c-bb4c4baf2c5a,ENG-01,16,0.055,1061,4359
9925ea01-b306-e634-5c5c-bb4c4baf2c5a,TRN-02,20,0.059,0,2899
9925ea01-b306-e634-5c5c-bb4c4baf2c5a,HYD-03,21,0.038,1972,1147
9925ea01-b306-e634-5c5c-bb4c4baf2c5a,ELEC-04,12,0.052,2110,858
9925ea01-b306-e634-5c5c-bb4c4baf2c5a,CHS-05,13,0.022,1522,1480
c522517f-dd9e-b014-e26a-b20eaae50bf5,ENG-01,8,0.071,0,4094
c522517f-dd9e-b014-e26a-b20eaae50bf5,TRN-02,19,0.064,444,2764
c522517f-dd9e-b014-e26a-b20eaae50bf5,HYD-03,6,0.026,0,1084
c522517f-dd9e-b014-e26a-b20eaae50bf5,ELEC-04,9,0.062,0,790
c522517f-dd9e-b014-e26a-b20eaae50bf5,CHS-05,6,0.045,123,1400
ba31da26-4fa7-4c8d-78e4-6a3b81425d5f,ENG-01,18,0.07,3004,4259
ba31da26-4fa7-4c8d-78e4-6a3b81425d5f,TRN-02,22,0.041,1452,2999
ba31da26-4fa7-4c8d-78e4-6a3b81425d5f,HYD-03,19,0.058,1778,1147
ba31da26-4fa7-4c8d-78e4-6a3b81425d5f,ELEC-04,9,0.052,1241,876
ba31da26-4fa7-4c8d-78e4-6a3b81425d5f,CHS-05,14,0.045,2023,1465
1d69032d-808c-860d-8b28-de65756800ed,ENG-01,9,0.061,0,4504
1d69032d-808c-860d-8b28-de65756800ed,TRN-02,19,0.054,0,2717
1d69032d-808c-860d-8b28-de65756800ed,HYD-03,8,0.04,0,1103
1d69032d-808c-860d-8b28-de65756800ed,ELEC-04,17,0.041,1698,785
1d69032d-808c-860d-8b28-de65756800ed,CHS-05,19,0.023,0,1390
78bcb2e6-12b8-02f5-87cf-97d59935c72f,ENG-01,16,0.082,640,4099
78bcb2e6-12b8-02f5-87cf-97d59935c72f,TRN-02,19,0.035,0,2789
78bcb2e6-12b8-02f5-87cf-97d59935c72f,HYD-03,15,0.029,527,1088
78bcb2e6-12b8-02f5-87cf-97d59935c72f,ELEC-04,12,0.044,0,803
78bcb2e6-12b8-02f5-87cf-97d59935c72f,CHS-05,8,0.039,0,1404
c286602c-a2d6-e193-5b1a-8f1910000554,ENG-01,15,0.054,82,4465
c286602c-a2d6-e193-5b1a-8f1910000554,TRN-02,16,0.049,377,3033
c286602c-a2d6-e193-5b1a-8f1910000554,HYD-03,3,0.051,488,1184
c286602c-a2d6-e193-5b1a-8f1910000554,ELEC-04,16,0.047,1907,891
c286602c-a2d6-e193-5b1a-8f1910000554,CHS-05,11,0.031,0,1462
81b1cc6e-33b0-7c7b-82f8-5c09d1cc610b,ENG-01,23,0.085,0,4350
81b1cc6e-33b0-7c7b-82f8-5c09d1cc610b,TRN-02,21,0.067,849,2944
81b1cc6e-33b0-7c7b-82f8-5c09d1cc610b,HYD-03,19,0.046,414,1138
81b1cc6e-33b0-7c7b-82f8-5c09d1cc610b,ELEC-04,17,0.07,327,835
81b1cc6e-33b0-7c7b-82f8-5c09d1cc610b,CHS-05,18,0.042,1021,1450
a502d791-e01b-a54f-6deb-cc348132013d,ENG-01,15,0.054,1886,4422
a502d791-e01b-a54f-6deb-cc348132013d,TRN-02,12,0.042,0,2830
a502d791-e01b-a54f-6deb-cc348132013d,HYD-03,3,0.045,0,1190
a502d791-e01b-a54f-6deb-cc348132013d,ELEC-04,6,0.058,406,847
a502d791-e01b-a54f-6deb-cc348132013d,CHS-05,3,0.045,0,1481
4e4a1069-3921-d561-0753-b9f3fac35bf6,ENG-01,15,0.062,1314,4445
4e4a1069-3921-d561-0753-b9f3fac35bf6,TRN-02,4,0.049,0,2851
4e4a1069-3921-d561-0753-b9f3fac35bf6,HYD-03,16,0.033,0,1221
4e4a1069-3921-d561-0753-b9f3fac35bf6,ELEC-04,12,0.078,2681,823
4e4a1069-3921-d561-0753-b9f3fac35bf6,CHS-05,5,0.022,0,1512
d3d6be39-844c-dcb4-bc85-76ff8e9933a9,ENG-01,21,0.065,477,4084
d3d6be39-844c-dcb4-bc85-76ff8e9933a9,TRN-02,9,0.049,0,2818
d3d6be39-844c-dcb4-bc85-76ff8e9933a9,HYD-03,8,0.034,605,1119
d3d6be39-844c-dcb4-bc85-76ff8e9933a9,ELEC-04,21,0.075,1544,836
d3d6be39-844c-dcb4-bc85-76ff8e9933a9,CHS-05,9,0.02,1415,1432
8eff120a-3a81-fb38-5f88-29cf42afe5dc,ENG-01,18,0.05,1101,4470
8eff120a-3a81-fb38-5f88-29cf42afe5dc,TRN-02,15,0.057,2826,2892
8eff120a-3a81-fb38-5f88-29cf42afe5dc,HYD-03,16,0.022,475,1137
8eff120a-3a81-fb38-5f88-29cf42afe5dc,ELEC-04,16,0.042,133,856
8eff120a-3a81-fb38-5f88-29cf42afe5dc,CHS-05,23,0.01,0,1441
f2912314-bf56-152d-af80-510bc31ecdd6,ENG-01,14,0.056,34,4716
f2912314-bf56-152d-af80-510bc31ecdd6,TRN-02,12,0.033,0,2770
f2912314-bf56-152d-af80-510bc31ecdd6,HYD-03,12,0.04,0,1163
f2912314-bf56-152d-af80-510bc31ecdd6,ELEC-04,9,0.054,0,846
f2912314-bf56-152d-af80-510bc31ecdd6,CHS-05,10,0.03,0,1545
c38e246a-2c39-67b8-ad79-888ad1328edc,ENG-01,25,0.07,949,4218
c38e246a-2c39-67b8-ad79-888ad1328edc,TRN-02,25,0.05,0,2683
c38e246a-2c39-67b8-ad79-888ad1328edc,HYD-03,13,0.037,1594,1074
c38e246a-2c39-67b8-ad79-888ad1328edc,ELEC-04,22,0.07,0,736
c38e246a-2c39-67b8-ad79-888ad1328edc,CHS-05,14,0.021,0,1352
59b64702-e794-8ee2-125b-8c6392c270d6,ENG-01,20,0.059,529,4169
59b64702-e794-8ee2-125b-8c6392c270d6,TRN-02,12,0.065,0,2752
59b64702-e794-8ee2-125b-8c6392c270d6,HYD-03,10,0.034,32,1098
59b64702-e794-8ee2-125b-8c6392c270d6,ELEC-04,13,0.054,3615,802
59b64702-e794-8ee2-125b-8c6392c270d6,CHS-05,13,0.032,198,1408
d293318f-75f3-7e98-2eb3-2ed71c7c1405,ENG-01,20,0.077,251,4213
d293318f-75f3-7e98-2eb3-2ed71c7c1405,TRN-02,15,0.047,0,2493
d293318f-75f3-7e98-2eb3-2ed71c7c1405,HYD-03,15,0.042,0,1063
d293318f-75f3-7e98-2eb3-2ed71c7c1405,ELEC-04,16,0.069,0,761
d293318f-75f3-7e98-2eb3-2ed71c7c1405,CHS-05,15,0.039,490,1373
af7b11b6-f90e-6790-6a46-a038f9a970ec,ENG-01,10,0.085,0,4421
af7b11b6-f90e-6790-6a46-a038f9a970ec,TRN-02,23,0.07,3493,2600
af7b11b6-f90e-6790-6a46-a038f9a970ec,HYD-03,11,0.052,2720,1138
af7b11b6-f90e-6790-6a46-a038f9a970ec,ELEC-04,15,0.076,1769,810
af7b11b6-f90e-6790-6a46-a038f9a970ec,CHS-05,21,0.032,332,1485
fe8aab98-030e-a857-eea7-1d1a027815c8,ENG-01,5,0.07,0,4591
fe8aab98-030e-a857-eea7-1d1a027815c8,TRN-02,9,0.049,0,2771
fe8aab98-030e-a857-eea7-1d1a027815c8,HYD-03,12,0.022,0,1190
fe8aab98-030e-a857-eea7-1d1a027815c8,ELEC-04,13,0.062,0,852
fe8aab98-030e-a857-eea7-1d1a027815c8,CHS-05,4,0.043,0,1418
2d311dbc-5e1c-f4d2-6c6c-eeb83a271e10,ENG-01,14,0.056,0,4315
2d311dbc-5e1c-f4d2-6c6c-eeb83a271e10,TRN-02,19,0.032,0,2643
2d311dbc-5e1c-f4d2-6c6c-eeb83a271e10,HYD-03,18,0.026,0,1130
2d311dbc-5e1c-f4d2-6c6c-eeb83a271e10,ELEC-04,18,0.075,0,799
2d311dbc-5e1c-f4d2-6c6c-eeb83a271e10,CHS-05,14,0.034,2994,1420
e37f05fc-393a-9396-fe6e-1685c0ed5673,ENG-01,14,0.061,608,4168
e37f05fc-393a-9396-fe6e-1685c0ed5673,TRN-02,10,0.052,0,2721
e37f05fc-393a-9396-fe6e-1685c0ed5673,HYD-03,12,0.03,1220,1109
e37f05fc-393a-9396-fe6e-1685c0ed5673,ELEC-04,14,0.055,391,813
e37f05fc-393a-9396-fe6e-1685c0ed5673,CHS-05,13,0.02,0,1420
0c75761a-4e78-82be-3455-19272d141407,ENG-01,9,0.075,808,4478
0c75761a-4e78-82be-3455-19272d141407,TRN-02,15,0.036,21,2767
0c75761a-4e78-82be-3455-19272d141407,HYD-03,13,0.025,0,1154
0c75761a-4e78-82be-3455-19272d141407,ELEC-04,19,0.065,224,801
0c75761a-4e78-82be-3455-19272d141407,CHS-05,14,0.024,0,1436
086b890e-5cf9-8bbb-dc53-3ea9acd8fa2e,ENG-01,18,0.061,1292,4427
086b890e-5cf9-8bbb-dc53-3ea9acd8fa2e,TRN-02,19,0.069,0,2965
086b890e-5cf9-8bbb-dc53-3ea9acd8fa2e,HYD-03,13,0.038,1052,1144
086b890e-5cf9-8bbb-dc53-3ea9acd8fa2e,ELEC-04,22,0.053,18,839
086b890e-5cf9-8bbb-dc53-3ea9acd8fa2e,CHS-05,14,0.049,0,1484
e9aed14d-b938-bf67-97d4-3ea92594f33d,ENG-01,17,0.068,0,4269
e9aed14d-b938-bf67-97d4-3ea92594f33d,TRN-02,9,0.07,0,2707
e9aed14d-b938-bf67-97d4-3ea92594f33d,HYD-03,7,0.042,0,1074
e9aed14d-b938-bf67-97d4-3ea92594f33d,ELEC-04,9,0.071,403,796
e9aed14d-b938-bf67-97d4-3ea92594f33d,CHS-05,17,0.048,0,1392
ff945f81-d638-8039-e102-e27c161d536c,ENG-01,19,0.079,283,4061
ff945f81-d638-8039-e102-e27c161d536c,TRN-02,24,0.038,0,2755
ff945f81-d638-8039-e102-e27c161d536c,HYD-03,21,0.022,644,1071
ff945f81-d638-8039-e102-e27c161d536c,ELEC-04,24,0.043,1806,840
ff945f81-d638-8039-e102-e27c161d536c,CHS-05,25,0.035,1322,1381
6fdcf618-c824-def2-752b-d4c62b24c165,ENG-01,15,0.085,0,4056
6fdcf618-c824-def2-752b-d4c62b24c165,TRN-02,11,0.041,155,2716
6fdcf618-c824-def2-752b-d4c62b24c165,HYD-03,13,0.023,0,1078
6fdcf618-c824-def2-752b-d4c62b24c165,ELEC-04,10,0.049,1554,827
6fdcf618-c824-def2-752b-d4c62b24c165,CHS-05,20,0.029,1599,1382
b2eda59f-fbc1-8a44-5537-a7a581e5fbee,ENG-01,10,0.08,1832,4437
b2eda59f-fbc1-8a44-5537-a7a581e5fbee,TRN-02,14,0.062,379,2776
b2eda59f-fbc1-8a44-5537-a7a581e5fbee,HYD-03,13,0.026,0,1185
b2eda59f-fbc1-8a44-5537-a7a581e5fbee,ELEC-04,2,0.077,29,846
b2eda59f-fbc1-8a44-5537-a7a581e5fbee,CHS-05,11,0.017,329,1508
45539228-2006-b94f-f31a-c30def6d52d8,ENG-01,10,0.083,0,4371
45539228-2006-b94f-f31a-c30def6d52d8,TRN-02,11,0.041,1284,2734
45539228-2006-b94f-f31a-c30def6d52d8,HYD-03,18,0.041,484,1106
45539228-2006-b94f-f31a-c30def6d52d8,ELEC-04,12,0.051,0,824
45539228-2006-b94f-f31a-c30def6d52d8,CHS-05,9,0.024,251,1466
1cf27ecb-b40d-af61-4eda-8dcd49758043,ENG-01,19,0.077,0,4043
1cf27ecb-b40d-af61-4eda-8dcd49758043,TRN-02,24,0.044,680,2801
1cf27ecb-b40d-af61-4eda-8dcd49758043,HYD-03,14,0.049,0,1064
1cf27ecb-b40d-af61-4eda-8dcd49758043,ELEC-04,22,0.064,337,785
1cf27ecb-b40d-af61-4eda-8dcd49758043,CHS-05,11,0.012,0,1366
bacfa05e-db88-ef4c-7e05-9f3733a70722,ENG-01,13,0.064,137,3977
bacfa05e-db88-ef4c-7e05-9f3733a70722,TRN-02,20,0.031,0,2678
bacfa05e-db88-ef4c-7e05-9f3733a70722,HYD-03,13,0.036,0,1074
bacfa05e-db88-ef4c-7e05-9f3733a70722,ELEC-04,21,0.054,0,796
bacfa05e-db88-ef4c-7e05-9f3733a70722,CHS-05,25,0.025,0,1366
a892b934-6d6b-0186-24a7-c29a7c480bee,ENG-01,10,0.071,0,4401
a892b934-6d6b-0186-24a7-c29a7c480bee,TRN-02,12,0.044,1475,2755
a892b934-6d6b-0186-24a7-c29a7c480bee,HYD-03,9,0.025,3468,1109
a892b934-6d6b-0186-24a7-c29a7c480bee,ELEC-04,18,0.052,1933,822
a892b934-6d6b-0186-24a7-c29a7c480bee,CHS-05,16,0.019,0,1427
b1f85a7f-0418-0a09-4a7e-e9367905bbe8,ENG-01,15,0.062,1260,4203
b1f85a7f-0418-0a09-4a7e-e9367905bbe8,TRN-02,14,0.034,1444,2588
b1f85a7f-0418-0a09-4a7e-e9367905bbe8,HYD-03,12,0.058,3759,1063
b1f85a7f-0418-0a09-4a7e-e9367905bbe8,ELEC-04,25,0.051,3408,771
b1f85a7f-0418-0a09-4a7e-e9367905bbe8,CHS-05,23,0.013,828,1325
757f748f-1a14-cad3-6bb7-f957910fd00a,ENG-01,17,0.067,1354,3951
757f748f-1a14-cad3-6bb7-f957910fd00a,TRN-02,11,0.043,1208,2727
757f748f-1a14-cad3-6bb7-f957910fd00a,HYD-03,11,0.056,777,1040
757f748f-1a14-cad3-6bb7-f957910fd00a,ELEC-04,12,0.047,1863,788
757f748f-1a14-cad3-6bb7-f957910fd00a,CHS-05,25,0.033,1645,1320
bcd493f9-9e5e-b377-a724-0c478187c0d4,ENG-01,24,0.086,0,4123
bcd493f9-9e5e-b377-a724-0c478187c0d4,TRN-02,16,0.061,0,2499
bcd493f9-9e5e-b377-a724-0c478187c0d4,HYD-03,14,0.038,0,1046
bcd493f9-9e5e-b377-a724-0c478187c0d4,ELEC-04,21,0.071,0,768
bcd493f9-9e5e-b377-a724-0c478187c0d4,CHS-05,12,0.04,372,1363
b2269228-e861-a011-c82d-ae921cd366ea,ENG-01,10,0.063,1362,4530
b2269228-e861-a011-c82d-ae921cd366ea,TRN-02,10,0.062,0,2882
b2269228-e861-a011-c82d-ae921cd366ea,HYD-03,8,0.049,1092,1121
b2269228-e861-a011-c82d-ae921cd366ea,ELEC-04,16,0.047,0,830
b2269228-e861-a011-c82d-ae921cd366ea,CHS-05,6,0.037,2697,1468
d05ff148-9028-9fd5-eaf7-d87c394e0c5c,ENG-01,20,0.064,0,4404
d05ff148-9028-9fd5-eaf7-d87c394e0c5c,TRN-02,15,0.059,0,2529
d05ff148-9028-9fd5-eaf7-d87c394e0c5c,HYD-03,19,0.02,0,1057
d05ff148-9028-9fd5-eaf7-d87c394e0c5c,ELEC-04,25,0.051,0,755
d05ff148-9028-9fd5-eaf7-d87c394e0c5c,CHS-05,23,0.037,0,1353
4a13f0c7-ba9c-f87f-2b6a-60cfdef32a3f,ENG-01,14,0.066,1813,4172
4a13f0c7-ba9c-f87f-2b6a-60cfdef32a3f,TRN-02,14,0.037,0,2724
4a13f0c7-ba9c-f87f-2b6a-60cfdef32a3f,HYD-03,11,0.058,1766,1072
4a13f0c7-ba9c-f87f-2b6a-60cfdef32a3f,ELEC-04,20,0.058,2306,780
4a13f0c7-ba9c-f87f-2b6a-60cfdef32a3f,CHS-05,25,0.024,463,1359
bdbd8cda-6a54-f1bd-ac12-9a1de1ffe210,ENG-01,6,0.062,0,4307
bdbd8cda-6a54-f1bd-ac12-9a1de1ffe210,TRN-02,13,0.045,236,2939
bdbd8cda-6a54-f1bd-ac12-9a1de1ffe210,HYD-03,12,0.037,0,1157
bdbd8cda-6a54-f1bd-ac12-9a1de1ffe210,ELEC-04,11,0.052,0,892
bdbd8cda-6a54-f1bd-ac12-9a1de1ffe210,CHS-05,5,0.019,458,1562
430e5406-3b9f-a8a0-a6f7-3bbc80718f60,ENG-01,9,0.079,3245,4376
430e5406-3b9f-a8a0-a6f7-3bbc80718f60,TRN-02,13,0.045,5152,2491
430e5406-3b9f-a8a0-a6f7-3bbc80718f60,HYD-03,7,0.025,5275,1118
430e5406-3b9f-a8a0-a6f7-3bbc80718f60,ELEC-04,10,0.053,6090,773
430e5406-3b9f-a8a0-a6f7-3bbc80718f60,CHS-05,20,0.037,5451,1405
3252f93e-1edd-0084-9064-46fe3197411d,ENG-01,12,0.079,0,4198
3252f93e-1edd-0084-9064-46fe3197411d,TRN-02,25,0.036,0,2568
3252f93e-1edd-0084-9064-46fe3197411d,HYD-03,22,0.052,837,1076
3252f93e-1edd-0084-9064-46fe3197411d,ELEC-04,12,0.053,0,756
3252f93e-1edd-0084-9064-46fe3197411d,CHS-05,25,0.047,547,1362
499154e9-6943-3e90-d796-971e5f93a89c,ENG-01,9,0.085,3087,4381
499154e9-6943-3e90-d796-971e5f93a89c,TRN-02,10,0.053,529,2681
499154e9-6943-3e90-d796-971e5f93a89c,HYD-03,16,0.048,1350,1110
499154e9-6943-3e90-d796-971e5f93a89c,ELEC-04,20,0.061,0,826
499154e9-6943-3e90-d796-971e5f93a89c,CHS-05,9,0.024,921,1397
f977cb30-5e55-0571-6df2-ece181f0ae5d,ENG-01,14,0.059,80,4376
f977cb30-5e55-0571-6df2-ece181f0ae5d,TRN-02,21,0.061,3276,2894
f977cb30-5e55-0571-6df2-ece181f0ae5d,HYD-03,19,0.036,1297,1106
f977cb30-5e55-0571-6df2-ece181f0ae5d,ELEC-04,19,0.058,893,866
f977cb30-5e55-0571-6df2-ece181f0ae5d,CHS-05,18,0.041,1890,1486
87247d2e-2966-b6fe-e140-c0bbff83cecf,ENG-01,7,0.087,965,4143
87247d2e-2966-b6fe-e140-c0bbff83cecf,TRN-02,20,0.032,1906,2510
87247d2e-2966-b6fe-e140-c0bbff83cecf,HYD-03,6,0.039,594,1097
87247d2e-2966-b6fe-e140-c0bbff83cecf,ELEC-04,8,0.068,0,794
87247d2e-2966-b6fe-e140-c0bbff83cecf,CHS-05,13,0.012,1085,1417
5b1ea74d-cec0-4303-d66c-9343fd7856ea,ENG-01,14,0.073,0,4247
5b1ea74d-cec0-4303-d66c-9343fd7856ea,TRN-02,9,0.033,2552,2747
5b1ea74d-cec0-4303-d66c-9343fd7856ea,HYD-03,14,0.057,0,1027
5b1ea74d-cec0-4303-d66c-9343fd7856ea,ELEC-04,15,0.042,2639,777
5b1ea74d-cec0-4303-d66c-9343fd7856ea,CHS-05,13,0.014,2014,1341
d294c13e-8a3a-6490-5956-520a885714a2,ENG-01,12,0.067,0,4537
d294c13e-8a3a-6490-5956-520a885714a2,TRN-02,5,0.033,0,3080
d294c13e-8a3a-6490-5956-520a885714a2,HYD-03,5,0.034,0,1210
d294c13e-8a3a-6490-5956-520a885714a2,ELEC-04,15,0.053,2622,851
d294c13e-8a3a-6490-5956-520a885714a2,CHS-05,7,0.047,0,1503
d472490a-ee06-e33b-aa40-a2063f637094,ENG-01,8,0.081,2930,4471
d472490a-ee06-e33b-aa40-a2063f637094,TRN-02,12,0.048,0,2765
d472490a-ee06-e33b-aa40-a2063f637094,HYD-03,11,0.041,0,1064
d472490a-ee06-e33b-aa40-a2063f637094,ELEC-04,12,0.069,679,780
d472490a-ee06-e33b-aa40-a2063f637094,CHS-05,6,0.036,0,1368
f77198e2-932a-969b-350d-34ffe762588d,ENG-01,10,0.051,2193,4382
f77198e2-932a-969b-350d-34ffe762588d,TRN-02,19,0.031,1131,2741
f77198e2-932a-969b-350d-34ffe762588d,HYD-03,9,0.046,0,1099
f77198e2-932a-969b-350d-34ffe762588d,ELEC-04,19,0.063,0,837
f77198e2-932a-969b-350d-34ffe762588d,CHS-05,16,0.034,985,1416
e7b2ee83-03b7-0916-5e2a-bef100a62f07,ENG-01,13,0.06,2750,4291
e7b2ee83-03b7-0916-5e2a-bef100a62f07,TRN-02,18,0.061,383,3025
e7b2ee83-03b7-0916-5e2a-bef100a62f07,HYD-03,20,0.052,0,1159
e7b2ee83-03b7-0916-5e2a-bef100a62f07,ELEC-04,23,0.045,0,823
e7b2ee83-03b7-0916-5e2a-bef100a62f07,CHS-05,16,0.035,858,1460
39f0bd45-9c48-850e-911d-d96c6876049a,ENG-01,10,0.081,0,4318
39f0bd45-9c48-850e-911d-d96c6876049a,TRN-02,18,0.036,249,2961
39f0bd45-9c48-850e-911d-d96c6876049a,HYD-03,11,0.033,154,1141
39f0bd45-9c48-850e-911d-d96c6876049a,ELEC-04,22,0.06,0,835
39f0bd45-9c48-850e-911d-d96c6876049a,CHS-05,9,0.024,61,1464
32d6dbf3-e886-6817-6368-538b36df66eb,ENG-01,22,0.082,2978,4303
32d6dbf3-e886-6817-6368-538b36df66eb,TRN-02,20,0.037,1970,2798
32d6dbf3-e886-6817-6368-538b36df66eb,HYD-03,10,0.044,2897,1089
32d6dbf3-e886-6817-6368-538b36df66eb,ELEC-04,15,0.04,0,815
32d6dbf3-e886-6817-6368-538b36df66eb,CHS-05,18,0.041,633,1472
87404781-3a50-85d4-bbec-647d33bb105e,ENG-01,21,0.073,0,4140
87404781-3a50-85d4-bbec-647d33bb105e,TRN-02,20,0.05,0,2495
87404781-3a50-85d4-bbec-647d33bb105e,HYD-03,11,0.04,0,1054
87404781-3a50-85d4-bbec-647d33bb105e,ELEC-04,20,0.047,0,786
87404781-3a50-85d4-bbec-647d33bb105e,CHS-05,17,0.019,0,1385
d538bbf8-1697-5ded-ead2-093a72bd21f5,ENG-01,21,0.073,96,4292
d538bbf8-1697-5ded-ead2-093a72bd21f5,TRN-02,10,0.067,0,2744
d538bbf8-1697-5ded-ead2-093a72bd21f5,HYD-03,20,0.026,725,1161
d538bbf8-1697-5ded-ead2-093a72bd21f5,ELEC-04,17,0.051,1490,825
d538bbf8-1697-5ded-ead2-093a72bd21f5,CHS-05,17,0.028,2348,1489
e9ec95df-ebf3-af0f-b87f-c68f3d9d75f0,ENG-01,3,0.073,0,4490
e9ec95df-ebf3-af0f-b87f-c68f3d9d75f0,TRN-02,12,0.038,50,3061
e9ec95df-ebf3-af0f-b87f-c68f3d9d75f0,HYD-03,14,0.031,0,1223
e9ec95df-ebf3-af0f-b87f-c68f3d9d75f0,ELEC-04,9,0.06,0,908
e9ec95df-ebf3-af0f-b87f-c68f3d9d75f0,CHS-05,12,0.049,577,1549
a3958a30-ea8d-ada0-6c8f-0e220d14ef0e,ENG-01,5,0.053,0,4632
a3958a30-ea8d-ada0-6c8f-0e220d14ef0e,TRN-02,2,0.064,1451,2770
a3958a30-ea8d-ada0-6c8f-0e220d14ef0e,HYD-03,9,0.037,246,1188
a3958a30-ea8d-ada0-6c8f-0e220d14ef0e,ELEC-04,12,0.044,2170,861
a3958a30-ea8d-ada0-6c8f-0e220d14ef0e,CHS-05,11,0.038,1453,1463
5af95b1a-60d1-f6b1-1fdd-a20d00429ca8,ENG-01,13,0.051,0,3996
5af95b1a-60d1-f6b1-1fdd-a20d00429ca8,TRN-02,15,0.07,0,2785
5af95b1a-60d1-f6b1-1fdd-a20d00429ca8,HYD-03,15,0.049,0,1076
5af95b1a-60d1-f6b1-1fdd-a20d00429ca8,ELEC-04,25,0.047,0,800
5af95b1a-60d1-f6b1-1fdd-a20d00429ca8,CHS-05,14,0.047,0,1358
bb722d10-fcad-c4e4-a93a-bb13fa54c8ae,ENG-01,16,0.076,1461,4269
bb722d10-fcad-c4e4-a93a-bb13fa54c8ae,TRN-02,10,0.061,2240,2861
bb722d10-fcad-c4e4-a93a-bb13fa54c8ae,HYD-03,16,0.035,345,1135
bb722d10-fcad-c4e4-a93a-bb13fa54c8ae,ELEC-04,11,0.042,3126,775
bb722d10-fcad-c4e4-a93a-bb13fa54c8ae,CHS-05,19,0.018,1041,1425
fc419307-a99b-9438-3cd2-87b24b667203,ENG-01,10,0.068,762,4295
fc419307-a99b-9438-3cd2-87b24b667203,TRN-02,11,0.049,0,2784
fc419307-a99b-9438-3cd2-87b24b667203,HYD-03,13,0.03,0,1102
fc419307-a99b-9438-3cd2-87b24b667203,ELEC-04,15,0.045,219,831
fc419307-a99b-9438-3cd2-87b24b667203,CHS-05,10,0.021,1136,1370
5da6e13a-42db-1e2d-8f55-48610220c268,ENG-01,21,0.07,0,4110
5da6e13a-42db-1e2d-8f55-48610220c268,TRN-02,17,0.068,0,2583
5da6e13a-42db-1e2d-8f55-48610220c268,HYD-03,13,0.056,111,1071
5da6e13a-42db-1e2d-8f55-48610220c268,ELEC-04,18,0.078,0,770
5da6e13a-42db-1e2d-8f55-48610220c268,CHS-05,22,0.012,1710,1329
b6194f51-c2d3-a752-371b-7593e76d1af6,ENG-01,16,0.053,572,4210
b6194f51-c2d3-a752-371b-7593e76d1af6,TRN-02,7,0.039,0,2666
b6194f51-c2d3-a752-371b-7593e76d1af6,HYD-03,9,0.059,975,1094
b6194f51-c2d3-a752-371b-7593e76d1af6,ELEC-04,9,0.069,2409,808
b6194f51-c2d3-a752-371b-7593e76d1af6,CHS-05,10,0.044,3638,1376
160232c1-6e33-9cd2-0d63-bb077ee5a45c,ENG-01,16,0.053,0,4503
160232c1-6e33-9cd2-0d63-bb077ee5a45c,TRN-02,18,0.062,0,2554
160232c1-6e33-9cd2-0d63-bb077ee5a45c,HYD-03,22,0.048,0,1097
160232c1-6e33-9cd2-0d63-bb077ee5a45c,ELEC-04,13,0.041,0,779
160232c1-6e33-9cd2-0d63-bb077ee5a45c,CHS-05,18,0.02,0,1424
516901a9-066e-4c28-9cad-bbddb0df32ee,ENG-01,16,0.088,0,4157
516901a9-066e-4c28-9cad-bbddb0df32ee,TRN-02,17,0.054,0,2507
516901a9-066e-4c28-9cad-bbddb0df32ee,HYD-03,22,0.031,557,1066
516901a9-066e-4c28-9cad-bbddb0df32ee,ELEC-04,22,0.078,1666,764
516901a9-066e-4c28-9cad-bbddb0df32ee,CHS-05,14,0.019,0,1372
c2ff4cc7-08f2-9e5a-9e55-3bee36ec1168,ENG-01,23,0.075,679,4027
c2ff4cc7-08f2-9e5a-9e55-3bee36ec1168,TRN-02,19,0.049,1299,2742
c2ff4cc7-08f2-9e5a-9e55-3bee36ec1168,HYD-03,17,0.052,844,1097
c2ff4cc7-08f2-9e5a-9e55-3bee36ec1168,ELEC-04,20,0.064,0,781
c2ff4cc7-08f2-9e5a-9e55-3bee36ec1168,CHS-05,11,0.02,0,1338
42d4b5a4-102c-6085-a02b-e9baa9ad4570,ENG-01,2,0.074,881,4466
42d4b5a4-102c-6085-a02b-e9baa9ad4570,TRN-02,9,0.054,0,2916
42d4b5a4-102c-6085-a02b-e9baa9ad4570,HYD-03,2,0.048,1407,1181
42d4b5a4-102c-6085-a02b-e9baa9ad4570,ELEC-04,4,0.054,1091,912
42d4b5a4-102c-6085-a02b-e9baa9ad4570,CHS-05,4,0.029,816,1557
a52fc611-4314-d538-fcb7-468916a9c5ca,ENG-01,3,0.085,1547,4519
a52fc611-4314-d538-fcb7-468916a9c5ca,TRN-02,9,0.06,0,2843
a52fc611-4314-d538-fcb7-468916a9c5ca,HYD-03,9,0.057,583,1145
a52fc611-4314-d538-fcb7-468916a9c5ca,ELEC-04,11,0.053,2509,847
a52fc611-4314-d538-fcb7-468916a9c5ca,CHS-05,4,0.032,1405,1489
bc1ea1b0-b17b-78d4-0f85-3fd84a12b3ff,ENG-01,14,0.084,1455,4288
bc1ea1b0-b17b-78d4-0f85-3fd84a12b3ff,TRN-02,18,0.059,0,2606
bc1ea1b0-b17b-78d4-0f85-3fd84a12b3ff,HYD-03,15,0.04,1424,1045
bc1ea1b0-b17b-78d4-0f85-3fd84a12b3ff,ELEC-04,12,0.076,1958,742
bc1ea1b0-b17b-78d4-0f85-3fd84a12b3ff,CHS-05,15,0.014,466,1302
5169fdf0-a9dd-8d78-cc97-8fb8768a39e3,ENG-01,24,0.053,0,4188
5169fdf0-a9dd-8d78-cc97-8fb8768a39e3,TRN-02,14,0.058,0,2720
5169fdf0-a9dd-8d78-cc97-8fb8768a39e3,HYD-03,21,0.053,0,994
5169fdf0-a9dd-8d78-cc97-8fb8768a39e3,ELEC-04,14,0.043,58,783
5169fdf0-a9dd-8d78-cc97-8fb8768a39e3,CHS-05,12,0.024,0,1359
302bd6db-d28d-8c64-4e41-2278f9bfcb3d,ENG-01,9,0.073,0,4628
302bd6db-d28d-8c64-4e41-2278f9bfcb3d,TRN-02,11,0.051,2034,2778
302bd6db-d28d-8c64-4e41-2278f9bfcb3d,HYD-03,10,0.058,862,1193
302bd6db-d28d-8c64-4e41-2278f9bfcb3d,ELEC-04,16,0.066,1688,808
302bd6db-d28d-8c64-4e41-2278f9bfcb3d,CHS-05,8,0.043,145,1479
c5335b6e-8166-7655-c267-9189c017da08,ENG-01,9,0.061,701,4214
c5335b6e-8166-7655-c267-9189c017da08,TRN-02,17,0.044,0,2836
c5335b6e-8166-7655-c267-9189c017da08,HYD-03,7,0.054,1133,1112
c5335b6e-8166-7655-c267-9189c017da08,ELEC-04,19,0.059,943,835
c5335b6e-8166-7655-c267-9189c017da08,CHS-05,7,0.022,1362,1406
41d451a0-b955-e458-ee6e-703a6a919927,ENG-01,18,0.067,0,4341
41d451a0-b955-e458-ee6e-703a6a919927,TRN-02,20,0.062,5504,2465
41d451a0-b955-e458-ee6e-703a6a919927,HYD-03,22,0.023,0,1087
41d451a0-b955-e458-ee6e-703a6a919927,ELEC-04,20,0.044,0,742
41d451a0-b955-e458-ee6e-703a6a919927,CHS-05,11,0.04,0,1331
1b38dd29-59ce-0f9f-4b48-3895acd11fb9,ENG-01,6,0.051,1260,4429
1b38dd29-59ce-0f9f-4b48-3895acd11fb9,TRN-02,7,0.062,2309,3081
1b38dd29-59ce-0f9f-4b48-3895acd11fb9,HYD-03,12,0.042,0,1189
1b38dd29-59ce-0f9f-4b48-3895acd11fb9,ELEC-04,13,0.052,0,875
1b38dd29-59ce-0f9f-4b48-3895acd11fb9,CHS-05,16,0.017,0,1539
e67b02be-e5cb-eb48-8eee-951420eab3b4,ENG-01,16,0.051,0,4231
e67b02be-e5cb-eb48-8eee-951420eab3b4,TRN-02,11,0.063,0,2736
e67b02be-e5cb-eb48-8eee-951420eab3b4,HYD-03,8,0.024,1938,1062
e67b02be-e5cb-eb48-8eee-951420eab3b4,ELEC-04,14,0.065,691,786
e67b02be-e5cb-eb48-8eee-951420eab3b4,CHS-05,12,0.036,3507,1384
3cfe3a54-2a1d-72a2-f620-dcc2e8f72da8,ENG-01,18,0.068,395,4353
3cfe3a54-2a1d-72a2-f620-dcc2e8f72da8,TRN-02,10,0.066,0,2578
3cfe3a54-2a1d-72a2-f620-dcc2e8f72da8,HYD-03,15,0.059,747,1088
3cfe3a54-2a1d-72a2-f620-dcc2e8f72da8,ELEC-04,13,0.08,213,794
3cfe3a54-2a1d-72a2-f620-dcc2e8f72da8,CHS-05,13,0.012,179,1376
77622844-9135-2e00-9ca7-78d0599da552,ENG-01,13,0.089,14,4391
77622844-9135-2e00-9ca7-78d0599da552,TRN-02,15,0.062,1277,2878
77622844-9135-2e00-9ca7-78d0599da552,HYD-03,3,0.044,805,1177
77622844-9135-2e00-9ca7-78d0599da552,ELEC-04,14,0.057,1312,840
77622844-9135-2e00-9ca7-78d0599da552,CHS-05,5,0.012,2419,1503
2dc1b29c-93fe-c498-b1ad-c72f2236b29f,ENG-01,11,0.086,952,4340
2dc1b29c-93fe-c498-b1ad-c72f2236b29f,TRN-02,7,0.058,462,2817
2dc1b29c-93fe-c498-b1ad-c72f2236b29f,HYD-03,20,0.025,863,1081
2dc1b29c-93fe-c498-b1ad-c72f2236b29f,ELEC-04,17,0.05,1828,800
2dc1b29c-93fe-c498-b1ad-c72f2236b29f,CHS-05,11,0.012,0,1383
dfd99fba-4588-8a4b-d832-5b05979019de,ENG-01,20,0.059,836,4243
dfd99fba-4588-8a4b-d832-5b05979019de,TRN-02,12,0.065,297,2539
dfd99fba-4588-8a4b-d832-5b05979019de,HYD-03,16,0.024,378,1116
dfd99fba-4588-8a4b-d832-5b05979019de,ELEC-04,20,0.069,309,776
dfd99fba-4588-8a4b-d832-5b05979019de,CHS-05,14,0.021,1279,1369
1d3cc5c9-3b7a-09d3-263c-bbeefe7303ab,ENG-01,9,0.079,0,4315
1d3cc5c9-3b7a-09d3-263c-bbeefe7303ab,TRN-02,13,0.063,920,2697
1d3cc5c9-3b7a-09d3-263c-bbeefe7303ab,HYD-03,11,0.022,0,1085
1d3cc5c9-3b7a-09d3-263c-bbeefe7303ab,ELEC-04,13,0.045,694,778
1d3cc5c9-3b7a-09d3-263c-bbeefe7303ab,CHS-05,7,0.047,1286,1352
0b1f0a9d-c486-7602-9bbe-53d59733cd27,ENG-01,9,0.084,0,4217
0b1f0a9d-c486-7602-9bbe-53d59733cd27,TRN-02,18,0.066,0,2542
0b1f0a9d-c486-7602-9bbe-53d59733cd27,HYD-03,17,0.058,0,1122
0b1f0a9d-c486-7602-9bbe-53d59733cd27,ELEC-04,17,0.043,0,775
0b1f0a9d-c486-7602-9bbe-53d59733cd27,CHS-05,15,0.012,0,1329
a95f566e-c89b-2caf-ab72-58f1007b9acd,ENG-01,9,0.07,0,4220
a95f566e-c89b-2caf-ab72-58f1007b9acd,TRN-02,17,0.044,85,2679
a95f566e-c89b-2caf-ab72-58f1007b9acd,HYD-03,13,0.043,952,1073
a95f566e-c89b-2caf-ab72-58f1007b9acd,ELEC-04,6,0.058,979,759
a95f566e-c89b-2caf-ab72-58f1007b9acd,CHS-05,16,0.029,0,1367
8974dab6-c3c7-f353-fe55-ce2281ec6080,ENG-01,16,0.06,973,4352
8974dab6-c3c7-f353-fe55-ce2281ec6080,TRN-02,18,0.039,460,2665
8974dab6-c3c7-f353-fe55-ce2281ec6080,HYD-03,15,0.023,1224,1061
8974dab6-c3c7-f353-fe55-ce2281ec6080,ELEC-04,16,0.071,0,769
8974dab6-c3c7-f353-fe55-ce2281ec6080,CHS-05,13,0.029,1769,1353
bf28ec8b-8315-32a5-5390-46caeb624106,ENG-01,3,0.06,372,4511
bf28ec8b-8315-32a5-5390-46caeb624106,TRN-02,4,0.052,727,2996
bf28ec8b-8315-32a5-5390-46caeb624106,HYD-03,4,0.041,0,1153
bf28ec8b-8315-32a5-5390-46caeb624106,ELEC-04,5,0.074,951,876
bf28ec8b-8315-32a5-5390-46caeb624106,CHS-05,4,0.045,300,1499
88b42150-0e73-4e66-9343-61284b7ae420,ENG-01,3,0.081,1352,4702
88b42150-0e73-4e66-9343-61284b7ae420,TRN-02,3,0.03,813,2935
88b42150-0e73-4e66-9343-61284b7ae420,HYD-03,14,0.047,1677,1185
88b42150-0e73-4e66-9343-61284b7ae420,ELEC-04,11,0.074,0,817
88b42150-0e73-4e66-9343-61284b7ae420,CHS-05,14,0.028,0,1460
0ae5ddd0-45ee-2207-c740-0cecd1b5c4f5,ENG-01,10,0.081,2580,4675
0ae5ddd0-45ee-2207-c740-0cecd1b5c4f5,TRN-02,15,0.068,3679,2759
0ae5ddd0-45ee-2207-c740-0cecd1b5c4f5,HYD-03,13,0.029,3258,1150
0ae5ddd0-45ee-2207-c740-0cecd1b5c4f5,ELEC-04,17,0.054,61,809
0ae5ddd0-45ee-2207-c740-0cecd1b5c4f5,CHS-05,14,0.015,0,1430
0fba5709-f407-f82a-ca2f-6cb3ebf057d8,ENG-01,13,0.075,127,4400
0fba5709-f407-f82a-ca2f-6cb3ebf057d8,TRN-02,12,0.036,0,2679
0fba5709-f407-f82a-ca2f-6cb3ebf057d8,HYD-03,18,0.051,858,1129
0fba5709-f407-f82a-ca2f-6cb3ebf057d8,ELEC-04,10,0.058,0,818
0fba5709-f407-f82a-ca2f-6cb3ebf057d8,CHS-05,22,0.023,340,1420
b5ed26d7-452e-92e2-a87c-4cf170816b55,ENG-01,21,0.068,0,4342
b5ed26d7-452e-92e2-a87c-4cf170816b55,TRN-02,10,0.056,1446,2985
b5ed26d7-452e-92e2-a87c-4cf170816b55,HYD-03,11,0.037,0,1136
b5ed26d7-452e-92e2-a87c-4cf170816b55,ELEC-04,12,0.071,0,821
b5ed26d7-452e-92e2-a87c-4cf170816b55,CHS-05,18,0.025,905,1443
30511624-a095-f76b-cbb3-31f691dd0410,ENG-01,12,0.055,4906,4268
30511624-a095-f76b-cbb3-31f691dd0410,TRN-02,24,0.067,4171,2514
30511624-a095-f76b-cbb3-31f691dd0410,HYD-03,17,0.027,5996,1085
30511624-a095-f76b-cbb3-31f691dd0410,ELEC-04,13,0.067,0,787
30511624-a095-f76b-cbb3-31f691dd0410,CHS-05,13,0.045,4113,1310
7fe82972-eaa4-6190-4681-242e3813e090,ENG-01,13,0.076,0,4288
7fe82972-eaa4-6190-4681-242e3813e090,TRN-02,21,0.053,2554,2493
7fe82972-eaa4-6190-4681-242e3813e090,HYD-03,15,0.037,940,1081
7fe82972-eaa4-6190-4681-242e3813e090,ELEC-04,24,0.053,1503,770
7fe82972-eaa4-6190-4681-242e3813e090,CHS-05,14,0.034,2736,1392
2af3c1e6-71ba-11c7-3fd2-9bd524b4437b,ENG-01,17,0.078,569,4189
2af3c1e6-71ba-11c7-3fd2-9bd524b4437b,TRN-02,13,0.04,0,2505
2af3c1e6-71ba-11c7-3fd2-9bd524b4437b,HYD-03,18,0.031,0,1065
2af3c1e6-71ba-11c7-3fd2-9bd524b4437b,ELEC-04,16,0.06,0,747
2af3c1e6-71ba-11c7-3fd2-9bd524b4437b,CHS-05,13,0.023,0,1370
35f4177a-2964-2b78-1325-c5d90b9e503b,ENG-01,14,0.089,0,4243
35f4177a-2964-2b78-1325-c5d90b9e503b,TRN-02,18,0.041,0,2489
35f4177a-2964-2b78-1325-c5d90b9e503b,HYD-03,18,0.047,0,1122
35f4177a-2964-2b78-1325-c5d90b9e503b,ELEC-04,18,0.068,0,781
35f4177a-2964-2b78-1325-c5d90b9e503b,CHS-05,13,0.028,0,1355
c9bbad54-4330-849a-acca-79883e59f544,ENG-01,13,0.071,966,4041
c9bbad54-4330-849a-acca-79883e59f544,TRN-02,8,0.031,3021,2658
c9bbad54-4330-849a-acca-79883e59f544,HYD-03,14,0.035,1226,1065
c9bbad54-4330-849a-acca-79883e59f544,ELEC-04,10,0.057,311,772
c9bbad54-4330-849a-acca-79883e59f544,CHS-05,8,0.015,0,1388
a85ef274-f912-ea34-e03d-f24a8210f1a7,ENG-01,20,0.054,1237,4134
a85ef274-f912-ea34-e03d-f24a8210f1a7,TRN-02,15,0.043,3151,2805
a85ef274-f912-ea34-e03d-f24a8210f1a7,HYD-03,12,0.02,1589,1062
a85ef274-f912-ea34-e03d-f24a8210f1a7,ELEC-04,20,0.074,943,826
a85ef274-f912-ea34-e03d-f24a8210f1a7,CHS-05,12,0.034,51,1394
98d2f847-4ed6-0829-fd41-38a7f9aed30b,ENG-01,15,0.055,330,4292
98d2f847-4ed6-0829-fd41-38a7f9aed30b,TRN-02,2,0.064,0,2967
98d2f847-4ed6-0829-fd41-38a7f9aed30b,HYD-03,14,0.048,758,1146
98d2f847-4ed6-0829-fd41-38a7f9aed30b,ELEC-04,12,0.076,0,855
98d2f847-4ed6-0829-fd41-38a7f9aed30b,CHS-05,10,0.014,2799,1514
c5aeb613-c879-3c4b-5455-566198afc706,ENG-01,8,0.064,405,4601
c5aeb613-c879-3c4b-5455-566198afc706,TRN-02,12,0.043,493,3007
c5aeb613-c879-3c4b-5455-566198afc706,HYD-03,6,0.044,870,1205
c5aeb613-c879-3c4b-5455-566198afc706,ELEC-04,15,0.06,812,840
c5aeb613-c879-3c4b-5455-566198afc706,CHS-05,12,0.03,990,1519
94933171-9fcf-e643-a415-e17cc2790216,ENG-01,16,0.055,509,4436
94933171-9fcf-e643-a415-e17cc2790216,TRN-02,15,0.062,1379,2711
94933171-9fcf-e643-a415-e17cc2790216,HYD-03,10,0.037,2550,1159
94933171-9fcf-e643-a415-e17cc2790216,ELEC-04,21,0.043,1857,815
94933171-9fcf-e643-a415-e17cc2790216,CHS-05,19,0.015,0,1404
b2529b08-7c2a-daef-cd5f-988893390bf5,ENG-01,14,0.056,0,4361
b2529b08-7c2a-daef-cd5f-988893390bf5,TRN-02,4,0.049,342,3041
b2529b08-7c2a-daef-cd5f-988893390bf5,HYD-03,13,0.047,0,1153
b2529b08-7c2a-daef-cd5f-988893390bf5,ELEC-04,12,0.063,173,876
b2529b08-7c2a-daef-cd5f-988893390bf5,CHS-05,6,0.03,0,1535
76aea86e-65a0-7bd6-6e8f-2e41dd36f045,ENG-01,8,0.053,0,4439
76aea86e-65a0-7bd6-6e8f-2e41dd36f045,TRN-02,12,0.038,1512,2771
76aea86e-65a0-7bd6-6e8f-2e41dd36f045,HYD-03,15,0.054,1600,1109
76aea86e-65a0-7bd6-6e8f-2e41dd36f045,ELEC-04,21,0.041,0,791
76aea86e-65a0-7bd6-6e8f-2e41dd36f045,CHS-05,12,0.037,1166,1440
3d624db3-1e7e-4f42-0956-2a5a734ab1ca,ENG-01,23,0.054,0,4011
3d624db3-1e7e-4f42-0956-2a5a734ab1ca,TRN-02,20,0.035,114,2704
3d624db3-1e7e-4f42-0956-2a5a734ab1ca,HYD-03,18,0.032,0,1067
3d624db3-1e7e-4f42-0956-2a5a734ab1ca,ELEC-04,20,0.045,0,799
3d624db3-1e7e-4f42-0956-2a5a734ab1ca,CHS-05,18,0.038,195,1383
116bb6da-ce1d-3915-7ec7-dbc84a19fd9c,ENG-01,13,0.08,1880,4168
116bb6da-ce1d-3915-7ec7-dbc84a19fd9c,TRN-02,12,0.031,816,2482
116bb6da-ce1d-3915-7ec7-dbc84a19fd9c,HYD-03,20,0.041,0,1088
116bb6da-ce1d-3915-7ec7-dbc84a19fd9c,ELEC-04,18,0.051,0,774
116bb6da-ce1d-3915-7ec7-dbc84a19fd9c,CHS-05,12,0.039,322,1385
06ff4616-0abf-e695-8e4e-da59e1dc11c0,ENG-01,12,0.057,345,4068
06ff4616-0abf-e695-8e4e-da59e1dc11c0,TRN-02,6,0.031,914,2651
06ff4616-0abf-e695-8e4e-da59e1dc11c0,HYD-03,12,0.044,641,1047
06ff4616-0abf-e695-8e4e-da59e1dc11c0,ELEC-04,6,0.049,0,768
06ff4616-0abf-e695-8e4e-da59e1dc11c0,CHS-05,12,0.03,1769,1401
10f888f1-571e-f93e-aeb3-5b598cc96a4f,ENG-01,14,0.08,0,4694
10f888f1-571e-f93e-aeb3-5b598cc96a4f,TRN-02,12,0.063,0,2744
10f888f1-571e-f93e-aeb3-5b598cc96a4f,HYD-03,7,0.022,0,1195
10f888f1-571e-f93e-aeb3-5b598cc96a4f,ELEC-04,9,0.07,0,853
10f888f1-571e-f93e-aeb3-5b598cc96a4f,CHS-05,6,0.03,0,1502
8881fd39-1578-e8a6-3690-01ff3b1d3cea,ENG-01,21,0.08,0,4309
8881fd39-1578-e8a6-3690-01ff3b1d3cea,TRN-02,11,0.049,0,2670
8881fd39-1578-e8a6-3690-01ff3b1d3cea,HYD-03,15,0.031,0,1137
8881fd39-1578-e8a6-3690-01ff3b1d3cea,ELEC-04,9,0.064,0,817
8881fd39-1578-e8a6-3690-01ff3b1d3cea,CHS-05,17,0.013,0,1420
07b39a02-946d-12de-1716-b8f6995aac6a,ENG-01,19,0.064,1148,4204
07b39a02-946d-12de-1716-b8f6995aac6a,TRN-02,22,0.061,0,2932
07b39a02-946d-12de-1716-b8f6995aac6a,HYD-03,10,0.042,0,1142
07b39a02-946d-12de-1716-b8f6995aac6a,ELEC-04,16,0.043,0,877
07b39a02-946d-12de-1716-b8f6995aac6a,CHS-05,19,0.025,37,1468
05adefaa-430b-e55d-c521-41e6e60a6157,ENG-01,4,0.075,433,4497
05adefaa-430b-e55d-c521-41e6e60a6157,TRN-02,11,0.055,1473,3054
05adefaa-430b-e55d-c521-41e6e60a6157,HYD-03,15,0.048,80,1183
05adefaa-430b-e55d-c521-41e6e60a6157,ELEC-04,12,0.05,887,884
05adefaa-430b-e55d-c521-41e6e60a6157,CHS-05,6,0.037,2407,1524
01804b2b-0201-465e-d8dd-4e4781755459,ENG-01,21,0.082,1627,4407
01804b2b-0201-465e-d8dd-4e4781755459,TRN-02,18,0.045,734,2746
01804b2b-0201-465e-d8dd-4e4781755459,HYD-03,22,0.043,0,1100
01804b2b-0201-465e-d8dd-4e4781755459,ELEC-04,11,0.059,1342,817
01804b2b-0201-465e-d8dd-4e4781755459,CHS-05,9,0.025,0,1472
5b6dd667-5182-2767-f51f-1d05fd02524c,ENG-01,8,0.06,2418,4517
5b6dd667-5182-2767-f51f-1d05fd02524c,TRN-02,8,0.06,0,3001
5b6dd667-5182-2767-f51f-1d05fd02524c,HYD-03,3,0.024,0,1219
5b6dd667-5182-2767-f51f-1d05fd02524c,ELEC-04,10,0.072,0,866
5b6dd667-5182-2767-f51f-1d05fd02524c,CHS-05,15,0.027,0,1517
e4b61a18-3f9e-e813-cb3d-927c28c33082,ENG-01,9,0.052,0,4562
e4b61a18-3f9e-e813-cb3d-927c28c33082,TRN-02,19,0.048,0,2754
e4b61a18-3f9e-e813-cb3d-927c28c33082,HYD-03,22,0.023,0,1146
e4b61a18-3f9e-e813-cb3d-927c28c33082,ELEC-04,15,0.063,376,820
e4b61a18-3f9e-e813-cb3d-927c28c33082,CHS-05,11,0.01,0,1447
f21945dd-db98-0466-ab6b-2c80ce50647c,ENG-01,14,0.082,1233,3799
f21945dd-db98-0466-ab6b-2c80ce50647c,TRN-02,22,0.062,573,2848
f21945dd-db98-0466-ab6b-2c80ce50647c,HYD-03,23,0.058,184,1055
f21945dd-db98-0466-ab6b-2c80ce50647c,ELEC-04,24,0.074,834,769
f21945dd-db98-0466-ab6b-2c80ce50647c,CHS-05,20,0.035,1092,1358
10c3bbc1-ac2f-14e4-abac-2ae28a804413,ENG-01,11,0.056,0,4382
10c3bbc1-ac2f-14e4-abac-2ae28a804413,TRN-02,6,0.063,643,2824
10c3bbc1-ac2f-14e4-abac-2ae28a804413,HYD-03,14,0.028,0,1199
10c3bbc1-ac2f-14e4-abac-2ae28a804413,ELEC-04,10,0.058,0,838
10c3bbc1-ac2f-14e4-abac-2ae28a804413,CHS-05,3,0.036,81,1532
141fe034-1661-9ae6-2838-215887365701,ENG-01,8,0.058,406,4464
141fe034-1661-9ae6-2838-215887365701,TRN-02,9,0.031,848,2722
141fe034-1661-9ae6-2838-215887365701,HYD-03,10,0.06,1478,1115
141fe034-1661-9ae6-2838-215887365701,ELEC-04,17,0.076,278,775
141fe034-1661-9ae6-2838-215887365701,CHS-05,16,0.026,2110,1361
a1d25e29-d6a4-2dbd-d405-67657ab69371,ENG-01,13,0.09,296,4197
a1d25e29-d6a4-2dbd-d405-67657ab69371,TRN-02,22,0.057,0,2929
a1d25e29-d6a4-2dbd-d405-67657ab69371,HYD-03,17,0.055,1151,1125
a1d25e29-d6a4-2dbd-d405-67657ab69371,ELEC-04,15,0.067,0,869
a1d25e29-d6a4-2dbd-d405-67657ab69371,CHS-05,14,0.04,693,1411
e9ba7946-632a-00ee-938f-106280e1817b,ENG-01,16,0.058,1225,4605
e9ba7946-632a-00ee-938f-106280e1817b,TRN-02,10,0.047,19,2924
e9ba7946-632a-00ee-938f-106280e1817b,HYD-03,13,0.036,953,1190
e9ba7946-632a-00ee-938f-106280e1817b,ELEC-04,5,0.04,2598,835
e9ba7946-632a-00ee-938f-106280e1817b,CHS-05,13,0.04,1235,1495
f30fc09d-e7a9-c87c-7199-8511a9fd3c60,ENG-01,14,0.067,3308,4248
f30fc09d-e7a9-c87c-7199-8511a9fd3c60,TRN-02,6,0.067,353,2628
f30fc09d-e7a9-c87c-7199-8511a9fd3c60,HYD-03,9,0.025,3366,1103
f30fc09d-e7a9-c87c-7199-8511a9fd3c60,ELEC-04,7,0.042,1913,772
f30fc09d-e7a9-c87c-7199-8511a9fd3c60,CHS-05,14,0.034,1203,1336
1740f4c1-674e-c369-3a2f-d7548920a3be,ENG-01,21,0.085,0,4300
1740f4c1-674e-c369-3a2f-d7548920a3be,TRN-02,14,0.048,1567,2679
1740f4c1-674e-c369-3a2f-d7548920a3be,HYD-03,9,0.022,2341,1169
1740f4c1-674e-c369-3a2f-d7548920a3be,ELEC-04,18,0.042,617,782
1740f4c1-674e-c369-3a2f-d7548920a3be,CHS-05,11,0.022,2751,1419
7cec5913-3be9-045a-ba78-10df37661c9e,ENG-01,22,0.052,311,4217
7cec5913-3be9-045a-ba78-10df37661c9e,TRN-02,19,0.069,0,2810
7cec5913-3be9-045a-ba78-10df37661c9e,HYD-03,15,0.03,2520,1124
7cec5913-3be9-045a-ba78-10df37661c9e,ELEC-04,12,0.078,544,836
7cec5913-3be9-045a-ba78-10df37661c9e,CHS-05,21,0.029,494,1453
91a06305-6390-4733-e1e0-1c968b6a6776,ENG-01,23,0.058,2338,4122
91a06305-6390-4733-e1e0-1c968b6a6776,TRN-02,23,0.054,1145,2767
91a06305-6390-4733-e1e0-1c968b6a6776,HYD-03,25,0.051,402,1079
91a06305-6390-4733-e1e0-1c968b6a6776,ELEC-04,18,0.057,2311,794
91a06305-6390-4733-e1e0-1c968b6a6776,CHS-05,25,0.031,0,1341
07aab2aa-d012-df63-b9a0-3c82840d5779,ENG-01,8,0.088,0,4095
07aab2aa-d012-df63-b9a0-3c82840d5779,TRN-02,10,0.063,0,2483
07aab2aa-d012-df63-b9a0-3c82840d5779,HYD-03,6,0.042,0,1061
07aab2aa-d012-df63-b9a0-3c82840d5779,ELEC-04,12,0.053,0,773
07aab2aa-d012-df63-b9a0-3c82840d5779,CHS-05,11,0.024,0,1368
dae2ce12-aec7-605d-f039-dcf95df7f5a4,ENG-01,19,0.068,0,4362
dae2ce12-aec7-605d-f039-dcf95df7f5a4,TRN-02,12,0.065,0,2518
dae2ce12-aec7-605d-f039-dcf95df7f5a4,HYD-03,10,0.025,956,1119
dae2ce12-aec7-605d-f039-dcf95df7f5a4,ELEC-04,19,0.063,0,763
dae2ce12-aec7-605d-f039-dcf95df7f5a4,CHS-05,9,0.014,1834,1368
f7db87bd-dc13-3af0-91cd-853005628ccc,ENG-01,9,0.087,684,4111
f7db87bd-dc13-3af0-91cd-853005628ccc,TRN-02,20,0.047,1433,2776
f7db87bd-dc13-3af0-91cd-853005628ccc,HYD-03,8,0.054,417,1091
f7db87bd-dc13-3af0-91cd-853005628ccc,ELEC-04,10,0.08,2164,800
f7db87bd-dc13-3af0-91cd-853005628ccc,CHS-05,6,0.044,1839,1364
bc6412e6-f81f-5d0b-a5f0-1aa11e1d5aee,ENG-01,17,0.076,0,4019
bc6412e6-f81f-5d0b-a5f0-1aa11e1d5aee,TRN-02,14,0.046,0,2967
bc6412e6-f81f-5d0b-a5f0-1aa11e1d5aee,HYD-03,16,0.049,1938,1143
bc6412e6-f81f-5d0b-a5f0-1aa11e1d5aee,ELEC-04,9,0.08,933,874
bc6412e6-f81f-5d0b-a5f0-1aa11e1d5aee,CHS-05,13,0.015,0,1387
7a9244f4-b4e5-3e7f-0b92-a6ff0a4056c1,ENG-01,9,0.069,913,4482
7a9244f4-b4e5-3e7f-0b92-a6ff0a4056c1,TRN-02,7,0.038,0,3089
7a9244f4-b4e5-3e7f-0b92-a6ff0a4056c1,HYD-03,5,0.054,0,1203
7a9244f4-b4e5-3e7f-0b92-a6ff0a4056c1,ELEC-04,10,0.05,1160,893
7a9244f4-b4e5-3e7f-0b92-a6ff0a4056c1,CHS-05,7,0.044,1568,1527
f7e6905c-0482-7589-036a-ed59a1141c32,ENG-01,10,0.075,2673,4091
f7e6905c-0482-7589-036a-ed59a1141c32,TRN-02,11,0.053,2053,3057
f7e6905c-0482-7589-036a-ed59a1141c32,HYD-03,20,0.025,1053,1115
f7e6905c-0482-7589-036a-ed59a1141c32,ELEC-04,23,0.051,361,831
f7e6905c-0482-7589-036a-ed59a1141c32,CHS-05,20,0.02,3623,1431
e08c1260-dfde-e502-aa7d-1f5b46f25c84,ENG-01,3,0.051,657,4388
e08c1260-dfde-e502-aa7d-1f5b46f25c84,TRN-02,9,0.041,2248,2855
e08c1260-dfde-e502-aa7d-1f5b46f25c84,HYD-03,3,0.043,1561,1102
e08c1260-dfde-e502-aa7d-1f5b46f25c84,ELEC-04,7,0.065,1667,836
e08c1260-dfde-e502-aa7d-1f5b46f25c84,CHS-05,9,0.027,1695,1489
5773075f-0a98-e168-2c49-d301475fcf6c,ENG-01,12,0.055,2263,4222
5773075f-0a98-e168-2c49-d301475fcf6c,TRN-02,18,0.049,1226,2746
5773075f-0a98-e168-2c49-d301475fcf6c,HYD-03,16,0.043,854,1055
5773075f-0a98-e168-2c49-d301475fcf6c,ELEC-04,15,0.06,219,773
5773075f-0a98-e168-2c49-d301475fcf6c,CHS-05,6,0.012,1068,1369
90998378-5d53-5f61-dac3-a51df0a7ffad,ENG-01,13,0.053,94,4608
90998378-5d53-5f61-dac3-a51df0a7ffad,TRN-02,3,0.058,0,3053
90998378-5d53-5f61-dac3-a51df0a7ffad,HYD-03,11,0.025,1764,1182
90998378-5d53-5f61-dac3-a51df0a7ffad,ELEC-04,6,0.054,762,860
90998378-5d53-5f61-dac3-a51df0a7ffad,CHS-05,2,0.016,0,1477
855842bc-df33-6539-00d7-782f63412a56,ENG-01,14,0.078,1882,4199
855842bc-df33-6539-00d7-782f63412a56,TRN-02,11,0.048,0,2630
855842bc-df33-6539-00d7-782f63412a56,HYD-03,9,0.039,180,1076
855842bc-df33-6539-00d7-782f63412a56,ELEC-04,17,0.06,0,775
855842bc-df33-6539-00d7-782f63412a56,CHS-05,6,0.044,0,1447
8daffdea-5962-2e77-be97-3746d0db925f,ENG-01,17,0.086,0,4372
8daffdea-5962-2e77-be97-3746d0db925f,TRN-02,12,0.043,0,2617
8daffdea-5962-2e77-be97-3746d0db925f,HYD-03,9,0.051,0,1106
8daffdea-5962-2e77-be97-3746d0db925f,ELEC-04,9,0.077,0,775
8daffdea-5962-2e77-be97-3746d0db925f,CHS-05,20,0.017,0,1368
208e5793-c37b-ef8c-f750-25a89a311045,ENG-01,15,0.084,0,4598
208e5793-c37b-ef8c-f750-25a89a311045,TRN-02,11,0.062,0,2855
208e5793-c37b-ef8c-f750-25a89a311045,HYD-03,21,0.022,1124,1156
208e5793-c37b-ef8c-f750-25a89a311045,ELEC-04,14,0.062,917,790
208e5793-c37b-ef8c-f750-25a89a311045,CHS-05,18,0.047,0,1460
03041e69-e5ef-f59a-25d7-b0028af25e2c,ENG-01,6,0.085,0,4246
03041e69-e5ef-f59a-25d7-b0028af25e2c,TRN-02,16,0.051,1554,2695
03041e69-e5ef-f59a-25d7-b0028af25e2c,HYD-03,12,0.044,0,1067
03041e69-e5ef-f59a-25d7-b0028af25e2c,ELEC-04,18,0.062,0,790
03041e69-e5ef-f59a-25d7-b0028af25e2c,CHS-05,11,0.028,0,1390
c1d4df51-bbbd-0a82-57f7-c05e8879e9af,ENG-01,21,0.088,609,4620
c1d4df51-bbbd-0a82-57f7-c05e8879e9af,TRN-02,12,0.044,0,2829
c1d4df51-bbbd-0a82-57f7-c05e8879e9af,HYD-03,19,0.041,281,1161
c1d4df51-bbbd-0a82-57f7-c05e8879e9af,ELEC-04,10,0.05,0,817
c1d4df51-bbbd-0a82-57f7-c05e8879e9af,CHS-05,20,0.04,0,1442
791fce7b-b490-3355-41a7-92e1b5821a14,ENG-01,13,0.061,1763,4363
791fce7b-b490-3355-41a7-92e1b5821a14,TRN-02,21,0.047,0,2979
791fce7b-b490-3355-41a7-92e1b5821a14,HYD-03,15,0.036,1485,1119
791fce7b-b490-3355-41a7-92e1b5821a14,ELEC-04,14,0.069,366,824
791fce7b-b490-3355-41a7-92e1b5821a14,CHS-05,14,0.041,1306,1493
8e8ea02e-2e69-9839-2cd4-ef4c0f97bb4c,ENG-01,22,0.053,0,4250
8e8ea02e-2e69-9839-2cd4-ef4c0f97bb4c,TRN-02,11,0.034,459,2718
8e8ea02e-2e69-9839-2cd4-ef4c0f97bb4c,HYD-03,19,0.047,0,1097
8e8ea02e-2e69-9839-2cd4-ef4c0f97bb4c,ELEC-04,14,0.054,2481,811
8e8ea02e-2e69-9839-2cd4-ef4c0f97bb4c,CHS-05,13,0.018,3135,1458
54648ab8-9d3e-c215-ee48-1b9d0124ee98,ENG-01,15,0.063,1380,4256
54648ab8-9d3e-c215-ee48-1b9d0124ee98,TRN-02,19,0.04,2449,2535
54648ab8-9d3e-c215-ee48-1b9d0124ee98,HYD-03,11,0.025,0,1062
54648ab8-9d3e-c215-ee48-1b9d0124ee98,ELEC-04,24,0.05,1563,765
54648ab8-9d3e-c215-ee48-1b9d0124ee98,CHS-05,24,0.017,776,1410
3ec3bdf5-9a6d-9bb1-7ecc-de42421ecdaf,ENG-01,21,0.054,1048,4486
3ec3bdf5-9a6d-9bb1-7ecc-de42421ecdaf,TRN-02,9,0.042,670,2921
3ec3bdf5-9a6d-9bb1-7ecc-de42421ecdaf,HYD-03,16,0.024,0,1134
3ec3bdf5-9a6d-9bb1-7ecc-de42421ecdaf,ELEC-04,16,0.056,0,813
3ec3bdf5-9a6d-9bb1-7ecc-de42421ecdaf,CHS-05,10,0.013,0,1477
c02c2906-4257-1ad2-ddf3-41404f6152c7,ENG-01,20,0.052,0,4046
c02c2906-4257-1ad2-ddf3-41404f6152c7,TRN-02,15,0.038,1811,2670
c02c2906-4257-1ad2-ddf3-41404f6152c7,HYD-03,12,0.05,748,1061
c02c2906-4257-1ad2-ddf3-41404f6152c7,ELEC-04,16,0.065,297,772
c02c2906-4257-1ad2-ddf3-41404f6152c7,CHS-05,12,0.049,768,1364
b4114786-83fe-c0fa-1c89-cbc74e1aad72,ENG-01,15,0.062,0,4413
b4114786-83fe-c0fa-1c89-cbc74e1aad72,TRN-02,2,0.034,1562,2967
b4114786-83fe-c0fa-1c89-cbc74e1aad72,HYD-03,14,0.031,840,1193
b4114786-83fe-c0fa-1c89-cbc74e1aad72,ELEC-04,8,0.058,1333,877
b4114786-83fe-c0fa-1c89-cbc74e1aad72,CHS-05,8,0.041,0,1451
e2cab97b-f1d2-a325-8113-9e9b21193d23,ENG-01,12,0.086,0,4355
e2cab97b-f1d2-a325-8113-9e9b21193d23,TRN-02,21,0.031,0,2680
e2cab97b-f1d2-a325-8113-9e9b21193d23,HYD-03,19,0.03,0,1151
e2cab97b-f1d2-a325-8113-9e9b21193d23,ELEC-04,20,0.059,0,856
e2cab97b-f1d2-a325-8113-9e9b21193d23,CHS-05,18,0.023,0,1462
8d753347-ff0d-9b68-ba4c-f0fded6c6252,ENG-01,11,0.068,313,4300
8d753347-ff0d-9b68-ba4c-f0fded6c6252,TRN-02,20,0.038,2502,2644
8d753347-ff0d-9b68-ba4c-f0fded6c6252,HYD-03,16,0.047,2591,1025
8d753347-ff0d-9b68-ba4c-f0fded6c6252,ELEC-04,17,0.064,560,768
8d753347-ff0d-9b68-ba4c-f0fded6c6252,CHS-05,25,0.031,0,1376
f4497078-3258-7c63-4a15-e1ed1f09b0ce,ENG-01,17,0.059,1978,4506
f4497078-3258-7c63-4a15-e1ed1f09b0ce,TRN-02,10,0.032,82,2743
f4497078-3258-7c63-4a15-e1ed1f09b0ce,HYD-03,11,0.035,278,1209
f4497078-3258-7c63-4a15-e1ed1f09b0ce,ELEC-04,20,0.071,0,818
f4497078-3258-7c63-4a15-e1ed1f09b0ce,CHS-05,9,0.032,1495,1437
1355de00-3187-a517-b290-290e9ad8cdc2,ENG-01,11,0.065,0,4273
1355de00-3187-a517-b290-290e9ad8cdc2,TRN-02,21,0.067,1685,2990
1355de00-3187-a517-b290-290e9ad8cdc2,HYD-03,13,0.032,1531,1129
1355de00-3187-a517-b290-290e9ad8cdc2,ELEC-04,14,0.061,0,823
1355de00-3187-a517-b290-290e9ad8cdc2,CHS-05,19,0.018,709,1444
b23bf4fc-659d-11d6-ec9d-948bd0b3eb90,ENG-01,16,0.057,542,4368
b23bf4fc-659d-11d6-ec9d-948bd0b3eb90,TRN-02,10,0.045,23,3010
b23bf4fc-659d-11d6-ec9d-948bd0b3eb90,HYD-03,19,0.048,317,1182
b23bf4fc-659d-11d6-ec9d-948bd0b3eb90,ELEC-04,15,0.054,0,844
b23bf4fc-659d-11d6-ec9d-948bd0b3eb90,CHS-05,9,0.038,0,1449
eaf96a77-a3c5-7c85-0dd8-36856b82a0d9,ENG-01,17,0.063,0,4326
eaf96a77-a3c5-7c85-0dd8-36856b82a0d9,TRN-02,13,0.052,1055,3019
eaf96a77-a3c5-7c85-0dd8-36856b82a0d9,HYD-03,17,0.059,128,1158
eaf96a77-a3c5-7c85-0dd8-36856b82a0d9,ELEC-04,9,0.072,665,835
eaf96a77-a3c5-7c85-0dd8-36856b82a0d9,CHS-05,20,0.04,0,1470
6d7a9c81-b0fa-0644-0b36-f9ff2d99e537,ENG-01,16,0.057,740,4191
6d7a9c81-b0fa-0644-0b36-f9ff2d99e537,TRN-02,17,0.044,0,2573
6d7a9c81-b0fa-0644-0b36-f9ff2d99e537,HYD-03,18,0.053,564,1070
6d7a9c81-b0fa-0644-0b36-f9ff2d99e537,ELEC-04,6,0.062,1968,790
6d7a9c81-b0fa-0644-0b36-f9ff2d99e537,CHS-05,19,0.02,770,1399
e7f7db41-4133-f086-0d0d-4a03d31ec591,ENG-01,23,0.057,820,4583
e7f7db41-4133-f086-0d0d-4a03d31ec591,TRN-02,21,0.063,0,2701
e7f7db41-4133-f086-0d0d-4a03d31ec591,HYD-03,9,0.045,381,1148
e7f7db41-4133-f086-0d0d-4a03d31ec591,ELEC-04,15,0.055,0,836
e7f7db41-4133-f086-0d0d-4a03d31ec591,CHS-05,22,0.037,207,1485
fff53d77-d26b-8f58-89d6-769fb4294069,ENG-01,10,0.072,0,4571
fff53d77-d26b-8f58-89d6-769fb4294069,TRN-02,23,0.059,1257,2768
fff53d77-d26b-8f58-89d6-769fb4294069,HYD-03,18,0.032,840,1119
fff53d77-d26b-8f58-89d6-769fb4294069,ELEC-04,16,0.043,188,856
fff53d77-d26b-8f58-89d6-769fb4294069,CHS-05,16,0.016,0,1462
f6556e84-2bb2-1811-ee13-37ff18adecc8,ENG-01,20,0.054,0,4312
f6556e84-2bb2-1811-ee13-37ff18adecc8,TRN-02,17,0.063,2206,2582
f6556e84-2bb2-1811-ee13-37ff18adecc8,HYD-03,13,0.04,2104,1093
f6556e84-2bb2-1811-ee13-37ff18adecc8,ELEC-04,13,0.077,41,753
f6556e84-2bb2-1811-ee13-37ff18adecc8,CHS-05,15,0.049,0,1368
f9281fa2-571b-d1e6-afd2-50ac1a0989e7,ENG-01,7,0.082,285,4645
f9281fa2-571b-d1e6-afd2-50ac1a0989e7,TRN-02,13,0.053,0,2857
f9281fa2-571b-d1e6-afd2-50ac1a0989e7,HYD-03,16,0.04,0,1180
f9281fa2-571b-d1e6-afd2-50ac1a0989e7,ELEC-04,3,0.061,173,842
f9281fa2-571b-d1e6-afd2-50ac1a0989e7,CHS-05,7,0.02,0,1496
9c3cf7b9-731d-c2e9-8671-dcc13081e580,ENG-01,9,0.07,1898,4197
9c3cf7b9-731d-c2e9-8671-dcc13081e580,TRN-02,7,0.053,1870,2762
9c3cf7b9-731d-c2e9-8671-dcc13081e580,HYD-03,16,0.043,718,1073
9c3cf7b9-731d-c2e9-8671-dcc13081e580,ELEC-04,19,0.064,269,791
9c3cf7b9-731d-c2e9-8671-dcc13081e580,CHS-05,13,0.012,3201,1417
98954c27-db4d-2f6a-7cb5-20ab5ee36eb3,ENG-01,13,0.065,1114,4437
98954c27-db4d-2f6a-7cb5-20ab5ee36eb3,TRN-02,17,0.044,2202,2572
98954c27-db4d-2f6a-7cb5-20ab5ee36eb3,HYD-03,6,0.029,989,1118
98954c27-db4d-2f6a-7cb5-20ab5ee36eb3,ELEC-04,8,0.048,667,807
98954c27-db4d-2f6a-7cb5-20ab5ee36eb3,CHS-05,20,0.035,852,1421
f6ebad1a-b8ce-e1e6-9989-99870dd28637,ENG-01,12,0.067,1332,3949
f6ebad1a-b8ce-e1e6-9989-99870dd28637,TRN-02,25,0.052,0,2667
f6ebad1a-b8ce-e1e6-9989-99870dd28637,HYD-03,12,0.059,0,1064
f6ebad1a-b8ce-e1e6-9989-99870dd28637,ELEC-04,15,0.049,1554,816
f6ebad1a-b8ce-e1e6-9989-99870dd28637,CHS-05,12,0.037,1489,1366
52d4fa24-2251-0281-9ef7-08cda25670fd,ENG-01,17,0.055,455,4325
52d4fa24-2251-0281-9ef7-08cda25670fd,TRN-02,16,0.067,1127,3005
52d4fa24-2251-0281-9ef7-08cda25670fd,HYD-03,10,0.023,862,1168
52d4fa24-2251-0281-9ef7-08cda25670fd,ELEC-04,17,0.046,455,846
52d4fa24-2251-0281-9ef7-08cda25670fd,CHS-05,9,0.044,175,1441
6b48ef97-5fd0-2548-32a6-71cd49aecae6,ENG-01,6,0.066,0,4679
6b48ef97-5fd0-2548-32a6-71cd49aecae6,TRN-02,13,0.041,0,2925
6b48ef97-5fd0-2548-32a6-71cd49aecae6,HYD-03,10,0.044,938,1164
6b48ef97-5fd0-2548-32a6-71cd49aecae6,ELEC-04,7,0.056,183,836
6b48ef97-5fd0-2548-32a6-71cd49aecae6,CHS-05,11,0.013,0,1484
cb812151-de5f-ac48-76af-2536830047e3,ENG-01,21,0.051,0,4388
cb812151-de5f-ac48-76af-2536830047e3,TRN-02,22,0.04,430,2933
cb812151-de5f-ac48-76af-2536830047e3,HYD-03,15,0.034,398,1127
cb812151-de5f-ac48-76af-2536830047e3,ELEC-04,19,0.04,0,820
cb812151-de5f-ac48-76af-2536830047e3,CHS-05,18,0.035,0,1425
7d405137-ca1c-c36c-5215-45cca6429bfd,ENG-01,24,0.084,1175,4141
7d405137-ca1c-c36c-5215-45cca6429bfd,TRN-02,20,0.032,65,2821
7d405137-ca1c-c36c-5215-45cca6429bfd,HYD-03,20,0.052,0,1051
7d405137-ca1c-c36c-5215-45cca6429bfd,ELEC-04,23,0.063,0,787
7d405137-ca1c-c36c-5215-45cca6429bfd,CHS-05,23,0.024,176,1352
438ffd71-3c4e-0a0e-db32-ba5a54acf213,ENG-01,22,0.078,0,4455
438ffd71-3c4e-0a0e-db32-ba5a54acf213,TRN-02,9,0.041,63,2921
438ffd71-3c4e-0a0e-db32-ba5a54acf213,HYD-03,9,0.022,0,1159
438ffd71-3c4e-0a0e-db32-ba5a54acf213,ELEC-04,23,0.05,0,841
438ffd71-3c4e-0a0e-db32-ba5a54acf213,CHS-05,15,0.041,0,1419
688f44ac-5188-bcc2-6493-8f11610cff06,ENG-01,16,0.06,47,4450
688f44ac-5188-bcc2-6493-8f11610cff06,TRN-02,18,0.031,1477,3029
688f44ac-5188-bcc2-6493-8f11610cff06,HYD-03,19,0.049,678,1139
688f44ac-5188-bcc2-6493-8f11610cff06,ELEC-04,21,0.07,0,882
688f44ac-5188-bcc2-6493-8f11610cff06,CHS-05,12,0.034,0,1443
1b76b599-e473-a228-b642-035c1adecdd4,ENG-01,11,0.079,555,4260
1b76b599-e473-a228-b642-035c1adecdd4,TRN-02,19,0.035,213,2573
1b76b599-e473-a228-b642-035c1adecdd4,HYD-03,16,0.044,1444,1052
1b76b599-e473-a228-b642-035c1adecdd4,ELEC-04,21,0.071,164,722
1b76b599-e473-a228-b642-035c1adecdd4,CHS-05,11,0.031,0,1425
ea675774-725a-e6f9-f5c3-3c4306b559dd,ENG-01,12,0.052,2440,3925
ea675774-725a-e6f9-f5c3-3c4306b559dd,TRN-02,19,0.036,1540,2746
ea675774-725a-e6f9-f5c3-3c4306b559dd,HYD-03,17,0.04,271,1043
ea675774-725a-e6f9-f5c3-3c4306b559dd,ELEC-04,18,0.069,2174,775
ea675774-725a-e6f9-f5c3-3c4306b559dd,CHS-05,14,0.013,0,1402
fa2d34fc-7840-f2b3-3979-1b1d3d5dc1a3,ENG-01,9,0.079,3183,4225
fa2d34fc-7840-f2b3-3979-1b1d3d5dc1a3,TRN-02,19,0.039,0,3021
fa2d34fc-7840-f2b3-3979-1b1d3d5dc1a3,HYD-03,14,0.044,518,1172
fa2d34fc-7840-f2b3-3979-1b1d3d5dc1a3,ELEC-04,19,0.041,0,865
fa2d34fc-7840-f2b3-3979-1b1d3d5dc1a3,CHS-05,9,0.029,0,1497
7a792340-e5d1-27f6-4b47-f9965d3d3bb1,ENG-01,24,0.061,541,3937
7a792340-e5d1-27f6-4b47-f9965d3d3bb1,TRN-02,16,0.036,207,2732
7a792340-e5d1-27f6-4b47-f9965d3d3bb1,HYD-03,18,0.041,66,1080
7a792340-e5d1-27f6-4b47-f9965d3d3bb1,ELEC-04,12,0.055,806,808
7a792340-e5d1-27f6-4b47-f9965d3d3bb1,CHS-05,24,0.032,777,1332
17ee532b-bc78-1d65-5a97-f29ac582f980,ENG-01,12,0.064,0,4547
17ee532b-bc78-1d65-5a97-f29ac582f980,TRN-02,21,0.068,0,2654
17ee532b-bc78-1d65-5a97-f29ac582f980,HYD-03,12,0.026,0,1163
17ee532b-bc78-1d65-5a97-f29ac582f980,ELEC-04,18,0.042,3785,800
17ee532b-bc78-1d65-5a97-f29ac582f980,CHS-05,12,0.034,3878,1390
21711ed1-c9bb-d350-cdff-a59be51115d4,ENG-01,14,0.051,289,4264
21711ed1-c9bb-d350-cdff-a59be51115d4,TRN-02,12,0.032,2284,2559
21711ed1-c9bb-d350-cdff-a59be51115d4,HYD-03,16,0.059,2745,1067
21711ed1-c9bb-d350-cdff-a59be51115d4,ELEC-04,19,0.067,3283,792
21711ed1-c9bb-d350-cdff-a59be51115d4,CHS-05,9,0.033,2515,1436
33b73506-3236-4196-bce3-3975ff07c1db,ENG-01,20,0.064,0,4235
33b73506-3236-4196-bce3-3975ff07c1db,TRN-02,21,0.046,430,2811
33b73506-3236-4196-bce3-3975ff07c1db,HYD-03,23,0.03,302,1159
33b73506-3236-4196-bce3-3975ff07c1db,ELEC-04,19,0.054,734,829
33b73506-3236-4196-bce3-3975ff07c1db,CHS-05,12,0.041,351,1464
b8d841d3-a57d-156b-2efd-87fa06bb4a73,ENG-01,10,0.051,0,4262
b8d841d3-a57d-156b-2efd-87fa06bb4a73,TRN-02,10,0.061,0,3030
b8d841d3-a57d-156b-2efd-87fa06bb4a73,HYD-03,8,0.041,0,1196
b8d841d3-a57d-156b-2efd-87fa06bb4a73,ELEC-04,10,0.054,912,881
b8d841d3-a57d-156b-2efd-87fa06bb4a73,CHS-05,3,0.022,0,1527
111f51c0-3960-8b90-e6e4-df439a728ab8,ENG-01,14,0.064,965,4559
111f51c0-3960-8b90-e6e4-df439a728ab8,TRN-02,21,0.036,996,2745
111f51c0-3960-8b90-e6e4-df439a728ab8,HYD-03,18,0.022,2012,1117
111f51c0-3960-8b90-e6e4-df439a728ab8,ELEC-04,14,0.069,1116,830
111f51c0-3960-8b90-e6e4-df439a728ab8,CHS-05,22,0.015,676,1426
e1190a5c-772d-221b-2bbf-c3f4dc4664a4,ENG-01,9,0.077,0,4367
e1190a5c-772d-221b-2bbf-c3f4dc4664a4,TRN-02,14,0.032,0,2646
e1190a5c-772d-221b-2bbf-c3f4dc4664a4,HYD-03,17,0.043,0,1119
e1190a5c-772d-221b-2bbf-c3f4dc4664a4,ELEC-04,13,0.043,5739,816
e1190a5c-772d-221b-2bbf-c3f4dc4664a4,CHS-05,13,0.047,4297,1449
1a5d6f7f-51c6-3c96-ed17-79490bc0f16d,ENG-01,13,0.056,166,4563
1a5d6f7f-51c6-3c96-ed17-79490bc0f16d,TRN-02,15,0.067,1169,2761
1a5d6f7f-51c6-3c96-ed17-79490bc0f16d,HYD-03,13,0.021,0,1143
1a5d6f7f-51c6-3c96-ed17-79490bc0f16d,ELEC-04,16,0.071,0,827
1a5d6f7f-51c6-3c96-ed17-79490bc0f16d,CHS-05,14,0.044,0,1465
ab824425-ec12-caf4-7b97-6329cbe28329,ENG-01,14,0.079,1651,4184
ab824425-ec12-caf4-7b97-6329cbe28329,TRN-02,14,0.041,458,2682
ab824425-ec12-caf4-7b97-6329cbe28329,HYD-03,18,0.039,3750,1060
ab824425-ec12-caf4-7b97-6329cbe28329,ELEC-04,23,0.049,1074,780
ab824425-ec12-caf4-7b97-6329cbe28329,CHS-05,13,0.022,0,1360
c4f6ae4c-50d0-280c-1da0-d183fe21a686,ENG-01,12,0.085,0,4373
c4f6ae4c-50d0-280c-1da0-d183fe21a686,TRN-02,14,0.03,2015,2750
c4f6ae4c-50d0-280c-1da0-d183fe21a686,HYD-03,17,0.025,2406,1146
c4f6ae4c-50d0-280c-1da0-d183fe21a686,ELEC-04,9,0.053,0,816
c4f6ae4c-50d0-280c-1da0-d183fe21a686,CHS-05,20,0.036,1238,1496
d4b5d45d-6efa-52a7-e743-662a31f0092f,ENG-01,11,0.078,0,4369
d4b5d45d-6efa-52a7-e743-662a31f0092f,TRN-02,11,0.036,0,2692
d4b5d45d-6efa-52a7-e743-662a31f0092f,HYD-03,21,0.04,0,1100
d4b5d45d-6efa-52a7-e743-662a31f0092f,ELEC-04,17,0.046,0,787
d4b5d45d-6efa-52a7-e743-662a31f0092f,CHS-05,19,0.026,0,1462
ce43ef80-c41f-67b4-d2f4-07c0e99e71a9,ENG-01,19,0.065,859,4098
ce43ef80-c41f-67b4-d2f4-07c0e99e71a9,TRN-02,23,0.048,734,2623
ce43ef80-c41f-67b4-d2f4-07c0e99e71a9,HYD-03,21,0.042,0,1078
ce43ef80-c41f-67b4-d2f4-07c0e99e71a9,ELEC-04,11,0.072,0,754
ce43ef80-c41f-67b4-d2f4-07c0e99e71a9,CHS-05,12,0.03,0,1324
cb373a90-b0bc-dd7b-6021-c9895e18dfa6,ENG-01,6,0.073,957,4160
cb373a90-b0bc-dd7b-6021-c9895e18dfa6,TRN-02,17,0.068,0,2833
cb373a90-b0bc-dd7b-6021-c9895e18dfa6,HYD-03,11,0.044,1120,1115
cb373a90-b0bc-dd7b-6021-c9895e18dfa6,ELEC-04,6,0.076,0,830
cb373a90-b0bc-dd7b-6021-c9895e18dfa6,CHS-05,12,0.017,0,1392
66f84e1a-2d14-30d6-88b4-1c20555dded9,ENG-01,22,0.051,4282,4093
66f84e1a-2d14-30d6-88b4-1c20555dded9,TRN-02,16,0.033,1517,2713
66f84e1a-2d14-30d6-88b4-1c20555dded9,HYD-03,24,0.036,0,1091
66f84e1a-2d14-30d6-88b4-1c20555dded9,ELEC-04,24,0.074,2583,803
66f84e1a-2d14-30d6-88b4-1c20555dded9,CHS-05,14,0.042,1847,1357
23844059-fde4-8e3b-6e15-4fb74274b262,ENG-01,14,0.052,1079,4416
23844059-fde4-8e3b-6e15-4fb74274b262,TRN-02,5,0.034,0,2943
23844059-fde4-8e3b-6e15-4fb74274b262,HYD-03,13,0.047,0,1187
23844059-fde4-8e3b-6e15-4fb74274b262,ELEC-04,12,0.04,3752,860
23844059-fde4-8e3b-6e15-4fb74274b262,CHS-05,2,0.044,309,1473
44389e92-02bb-fa70-1fff-23191acc2e7f,ENG-01,20,0.084,1598,4015
44389e92-02bb-fa70-1fff-23191acc2e7f,TRN-02,20,0.061,772,2805
44389e92-02bb-fa70-1fff-23191acc2e7f,HYD-03,14,0.049,0,1087
44389e92-02bb-fa70-1fff-23191acc2e7f,ELEC-04,10,0.052,1563,822
44389e92-02bb-fa70-1fff-23191acc2e7f,CHS-05,14,0.048,2879,1424
e2e674c4-0e14-f787-d5f8-1b0d214cf89e,ENG-01,19,0.056,14,4445
e2e674c4-0e14-f787-d5f8-1b0d214cf89e,TRN-02,12,0.058,109,2878
e2e674c4-0e14-f787-d5f8-1b0d214cf89e,HYD-03,21,0.028,0,1140
e2e674c4-0e14-f787-d5f8-1b0d214cf89e,ELEC-04,16,0.073,991,797
e2e674c4-0e14-f787-d5f8-1b0d214cf89e,CHS-05,17,0.039,529,1418
59eea711-b85e-c1b8-73c8-e0c56d474970,ENG-01,20,0.075,807,4337
59eea711-b85e-c1b8-73c8-e0c56d474970,TRN-02,15,0.063,3351,2871
59eea711-b85e-c1b8-73c8-e0c56d474970,HYD-03,10,0.03,0,1108
59eea711-b85e-c1b8-73c8-e0c56d474970,ELEC-04,17,0.073,782,820
59eea711-b85e-c1b8-73c8-e0c56d474970,CHS-05,9,0.045,341,1400
aa89c46e-eae8-ff7c-c928-8eabe6e9439d,ENG-01,11,0.069,2569,4505
aa89c46e-eae8-ff7c-c928-8eabe6e9439d,TRN-02,13,0.068,0,2903
aa89c46e-eae8-ff7c-c928-8eabe6e9439d,HYD-03,12,0.036,0,1177
aa89c46e-eae8-ff7c-c928-8eabe6e9439d,ELEC-04,5,0.069,0,829
aa89c46e-eae8-ff7c-c928-8eabe6e9439d,CHS-05,13,0.019,0,1482
279fb2ae-7f6c-b74c-02d3-c0382700fa06,ENG-01,7,0.066,2947,4186
279fb2ae-7f6c-b74c-02d3-c0382700fa06,TRN-02,13,0.044,598,2668
279fb2ae-7f6c-b74c-02d3-c0382700fa06,HYD-03,20,0.06,199,1112
279fb2ae-7f6c-b74c-02d3-c0382700fa06,ELEC-04,10,0.061,0,775
279fb2ae-7f6c-b74c-02d3-c0382700fa06,CHS-05,14,0.027,2656,1398
e8bbcfad-5027-430f-ff78-8dd4cbced6ef,ENG-01,20,0.068,0,4463
e8bbcfad-5027-430f-ff78-8dd4cbced6ef,TRN-02,17,0.032,0,2959
e8bbcfad-5027-430f-ff78-8dd4cbced6ef,HYD-03,18,0.058,1781,1139
e8bbcfad-5027-430f-ff78-8dd4cbced6ef,ELEC-04,14,0.055,1145,840
e8bbcfad-5027-430f-ff78-8dd4cbced6ef,CHS-05,14,0.047,2476,1450
83f59242-1af9-e1dc-6efe-5de47bad24c2,ENG-01,12,0.067,0,4620
83f59242-1af9-e1dc-6efe-5de47bad24c2,TRN-02,4,0.031,690,3043
83f59242-1af9-e1dc-6efe-5de47bad24c2,HYD-03,5,0.04,0,1142
83f59242-1af9-e1dc-6efe-5de47bad24c2,ELEC-04,16,0.068,715,862
83f59242-1af9-e1dc-6efe-5de47bad24c2,CHS-05,6,0.023,849,1492
9fd0830e-ed6c-abdc-1fcd-0af072880283,ENG-01,16,0.065,0,4492
9fd0830e-ed6c-abdc-1fcd-0af072880283,TRN-02,22,0.047,3093,2966
9fd0830e-ed6c-abdc-1fcd-0af072880283,HYD-03,12,0.044,909,1172
9fd0830e-ed6c-abdc-1fcd-0af072880283,ELEC-04,20,0.045,0,860
9fd0830e-ed6c-abdc-1fcd-0af072880283,CHS-05,19,0.032,491,1456
dc710ac3-eb36-bf76-50bf-1b1ab570dedb,ENG-01,20,0.069,0,4397
dc710ac3-eb36-bf76-50bf-1b1ab570dedb,TRN-02,16,0.069,1443,3015
dc710ac3-eb36-bf76-50bf-1b1ab570dedb,HYD-03,10,0.051,339,1116
dc710ac3-eb36-bf76-50bf-1b1ab570dedb,ELEC-04,9,0.061,341,831
dc710ac3-eb36-bf76-50bf-1b1ab570dedb,CHS-05,13,0.047,861,1394
90e451b0-6803-1ef6-177e-33b2949b3131,ENG-01,22,0.076,802,4453
90e451b0-6803-1ef6-177e-33b2949b3131,TRN-02,21,0.035,0,2679
90e451b0-6803-1ef6-177e-33b2949b3131,HYD-03,23,0.041,0,1162
90e451b0-6803-1ef6-177e-33b2949b3131,ELEC-04,21,0.059,0,814
90e451b0-6803-1ef6-177e-33b2949b3131,CHS-05,12,0.014,2025,1439
49d4a82f-e806-79a5-5efb-16a13e6f29c1,ENG-01,13,0.05,1555,4224
49d4a82f-e806-79a5-5efb-16a13e6f29c1,TRN-02,20,0.034,0,2609
49d4a82f-e806-79a5-5efb-16a13e6f29c1,HYD-03,13,0.054,0,1084
49d4a82f-e806-79a5-5efb-16a13e6f29c1,ELEC-04,23,0.077,2103,778
49d4a82f-e806-79a5-5efb-16a13e6f29c1,CHS-05,17,0.033,459,1341
b7960ec6-fafa-5ed5-e4d5-65bbd4c71d96,ENG-01,10,0.056,298,4455
b7960ec6-fafa-5ed5-e4d5-65bbd4c71d96,TRN-02,13,0.05,669,3151
b7960ec6-fafa-5ed5-e4d5-65bbd4c71d96,HYD-03,3,0.038,407,1150
b7960ec6-fafa-5ed5-e4d5-65bbd4c71d96,ELEC-04,9,0.077,148,866
b7960ec6-fafa-5ed5-e4d5-65bbd4c71d96,CHS-05,10,0.018,842,1536
d1536ac6-8642-b2f4-1204-d9b65b9d18b4,ENG-01,15,0.06,137,4057
d1536ac6-8642-b2f4-1204-d9b65b9d18b4,TRN-02,20,0.057,837,2709
d1536ac6-8642-b2f4-1204-d9b65b9d18b4,HYD-03,11,0.045,47,1084
d1536ac6-8642-b2f4-1204-d9b65b9d18b4,ELEC-04,15,0.055,677,795
d1536ac6-8642-b2f4-1204-d9b65b9d18b4,CHS-05,22,0.019,0,1372
e5731245-a870-1ebf-e06b-c460adfd4259,ENG-01,16,0.058,92,4160
e5731245-a870-1ebf-e06b-c460adfd4259,TRN-02,24,0.059,1850,2572
e5731245-a870-1ebf-e06b-c460adfd4259,HYD-03,12,0.049,1096,1092
e5731245-a870-1ebf-e06b-c460adfd4259,ELEC-04,22,0.076,3061,749
e5731245-a870-1ebf-e06b-c460adfd4259,CHS-05,15,0.033,0,1382
5852792d-4dbe-401b-9df8-6daa6b63828f,ENG-01,15,0.051,160,4500
5852792d-4dbe-401b-9df8-6daa6b63828f,TRN-02,18,0.041,0,2572
5852792d-4dbe-401b-9df8-6daa6b63828f,HYD-03,11,0.034,0,1154
5852792d-4dbe-401b-9df8-6daa6b63828f,ELEC-04,17,0.074,987,821
5852792d-4dbe-401b-9df8-6daa6b63828f,CHS-05,22,0.032,0,1491
4a5f3522-6519-7b67-edcc-44f93973c895,ENG-01,19,0.055,1283,4250
4a5f3522-6519-7b67-edcc-44f93973c895,TRN-02,14,0.04,0,2784
4a5f3522-6519-7b67-edcc-44f93973c895,HYD-03,15,0.049,294,1085
4a5f3522-6519-7b67-edcc-44f93973c895,ELEC-04,19,0.056,0,777
4a5f3522-6519-7b67-edcc-44f93973c895,CHS-05,20,0.042,0,1385
fb79a394-0389-0e17-525c-5fbbc03ce7ec,ENG-01,17,0.082,3930,4291
fb79a394-0389-0e17-525c-5fbbc03ce7ec,TRN-02,22,0.034,3158,2723
fb79a394-0389-0e17-525c-5fbbc03ce7ec,HYD-03,20,0.035,5105,1144
fb79a394-0389-0e17-525c-5fbbc03ce7ec,ELEC-04,18,0.043,5555,828
fb79a394-0389-0e17-525c-5fbbc03ce7ec,CHS-05,21,0.025,2932,1480
aaca5d94-8a21-2876-6b55-28bcf71575e7,ENG-01,13,0.071,0,4292
aaca5d94-8a21-2876-6b55-28bcf71575e7,TRN-02,12,0.067,0,2852
aaca5d94-8a21-2876-6b55-28bcf71575e7,HYD-03,8,0.046,0,1142
aaca5d94-8a21-2876-6b55-28bcf71575e7,ELEC-04,18,0.049,0,859
aaca5d94-8a21-2876-6b55-28bcf71575e7,CHS-05,9,0.032,0,1440
8e0c1213-9312-fca9-4275-7a7620c321b9,ENG-01,12,0.07,1111,4620
8e0c1213-9312-fca9-4275-7a7620c321b9,TRN-02,22,0.05,0,2817
8e0c1213-9312-fca9-4275-7a7620c321b9,HYD-03,18,0.034,1070,1128
8e0c1213-9312-fca9-4275-7a7620c321b9,ELEC-04,22,0.075,1028,812
8e0c1213-9312-fca9-4275-7a7620c321b9,CHS-05,12,0.034,0,1418
22e99025-2a41-e0e8-f7ec-3f030d997bb3,ENG-01,10,0.063,1607,4232
22e99025-2a41-e0e8-f7ec-3f030d997bb3,TRN-02,10,0.042,439,2960
22e99025-2a41-e0e8-f7ec-3f030d997bb3,HYD-03,12,0.042,504,1109
22e99025-2a41-e0e8-f7ec-3f030d997bb3,ELEC-04,18,0.061,3079,825
22e99025-2a41-e0e8-f7ec-3f030d997bb3,CHS-05,8,0.043,818,1428
dffc11f9-6b01-eb12-bbe4-0dc7c4dd998c,ENG-01,16,0.061,0,4620
dffc11f9-6b01-eb12-bbe4-0dc7c4dd998c,TRN-02,7,0.048,0,2719
dffc11f9-6b01-eb12-bbe4-0dc7c4dd998c,HYD-03,10,0.031,386,1175
dffc11f9-6b01-eb12-bbe4-0dc7c4dd998c,ELEC-04,12,0.057,781,832
dffc11f9-6b01-eb12-bbe4-0dc7c4dd998c,CHS-05,8,0.035,0,1516
9f5aabc3-87c8-39a5-3f07-06b822a863e0,ENG-01,23,0.082,0,4240
9f5aabc3-87c8-39a5-3f07-06b822a863e0,TRN-02,13,0.047,0,2649
9f5aabc3-87c8-39a5-3f07-06b822a863e0,HYD-03,23,0.051,0,1051
9f5aabc3-87c8-39a5-3f07-06b822a863e0,ELEC-04,15,0.051,0,772
9f5aabc3-87c8-39a5-3f07-06b822a863e0,CHS-05,11,0.048,625,1395
c6509906-8f40-273d-f87f-063ef6a614ee,ENG-01,16,0.062,0,4256
c6509906-8f40-273d-f87f-063ef6a614ee,TRN-02,17,0.06,0,2563
c6509906-8f40-273d-f87f-063ef6a614ee,HYD-03,18,0.02,1251,1062
c6509906-8f40-273d-f87f-063ef6a614ee,ELEC-04,19,0.064,0,771
c6509906-8f40-273d-f87f-063ef6a614ee,CHS-05,20,0.032,1843,1394
913c9312-bd7f-aa80-64b1-0cf2efa5fd05,ENG-01,2,0.073,0,4637
913c9312-bd7f-aa80-64b1-0cf2efa5fd05,TRN-02,12,0.037,0,2776
913c9312-bd7f-aa80-64b1-0cf2efa5fd05,HYD-03,3,0.02,0,1201
913c9312-bd7f-aa80-64b1-0cf2efa5fd05,ELEC-04,11,0.051,0,852
913c9312-bd7f-aa80-64b1-0cf2efa5fd05,CHS-05,9,0.038,0,1525
4aa1d4e4-8ae5-94a3-d281-9ccc45baa99f,ENG-01,10,0.089,662,4567
4aa1d4e4-8ae5-94a3-d281-9ccc45baa99f,TRN-02,12,0.065,255,2897
4aa1d4e4-8ae5-94a3-d281-9ccc45baa99f,HYD-03,9,0.053,0,1173
4aa1d4e4-8ae5-94a3-d281-9ccc45baa99f,ELEC-04,4,0.061,0,874
4aa1d4e4-8ae5-94a3-d281-9ccc45baa99f,CHS-05,8,0.018,38,1433
503fc28a-47d9-eb86-2e76-93c280d9e23b,ENG-01,6,0.07,976,4545
503fc28a-47d9-eb86-2e76-93c280d9e23b,TRN-02,13,0.053,633,2830
503fc28a-47d9-eb86-2e76-93c280d9e23b,HYD-03,14,0.038,1199,1192
503fc28a-47d9-eb86-2e76-93c280d9e23b,ELEC-04,15,0.043,0,857
503fc28a-47d9-eb86-2e76-93c280d9e23b,CHS-05,13,0.011,0,1491
a14353c9-9656-409e-1556-5f829a3d3c1f,ENG-01,19,0.07,2080,4309
a14353c9-9656-409e-1556-5f829a3d3c1f,TRN-02,21,0.036,1951,2598
a14353c9-9656-409e-1556-5f829a3d3c1f,HYD-03,16,0.037,3566,1073
a14353c9-9656-409e-1556-5f829a3d3c1f,ELEC-04,13,0.056,0,799
a14353c9-9656-409e-1556-5f829a3d3c1f,CHS-05,14,0.014,0,1420
265ab557-6d8e-57c8-63c4-7951299b7301,ENG-01,18,0.064,1636,4135
265ab557-6d8e-57c8-63c4-7951299b7301,TRN-02,10,0.068,1151,2871
265ab557-6d8e-57c8-63c4-7951299b7301,HYD-03,8,0.051,1317,1042
265ab557-6d8e-57c8-63c4-7951299b7301,ELEC-04,8,0.064,910,819
265ab557-6d8e-57c8-63c4-7951299b7301,CHS-05,16,0.026,0,1439
ce18b8fc-180b-ed93-c227-72c6c8dda4d8,ENG-01,9,0.074,1253,4305
ce18b8fc-180b-ed93-c227-72c6c8dda4d8,TRN-02,15,0.03,0,2965
ce18b8fc-180b-ed93-c227-72c6c8dda4d8,HYD-03,2,0.039,935,1133
ce18b8fc-180b-ed93-c227-72c6c8dda4d8,ELEC-04,13,0.073,0,827
ce18b8fc-180b-ed93-c227-72c6c8dda4d8,CHS-05,14,0.045,0,1511
777a2929-c53e-6558-2a23-acc50e66df56,ENG-01,19,0.065,0,4443
777a2929-c53e-6558-2a23-acc50e66df56,TRN-02,16,0.049,0,2648
777a2929-c53e-6558-2a23-acc50e66df56,HYD-03,21,0.028,0,1156
777a2929-c53e-6558-2a23-acc50e66df56,ELEC-04,10,0.064,0,798
777a2929-c53e-6558-2a23-acc50e66df56,CHS-05,23,0.04,0,1460
3084a24c-bdee-df04-78ce-c3fa92459ede,ENG-01,13,0.088,1156,4332
3084a24c-bdee-df04-78ce-c3fa92459ede,TRN-02,20,0.042,2176,2936
3084a24c-bdee-df04-78ce-c3fa92459ede,HYD-03,14,0.03,499,1159
3084a24c-bdee-df04-78ce-c3fa92459ede,ELEC-04,12,0.078,300,856
3084a24c-bdee-df04-78ce-c3fa92459ede,CHS-05,17,0.045,0,1436
142522c2-146b-1bb4-498e-88fd93b48fb5,ENG-01,20,0.086,329,4516
142522c2-146b-1bb4-498e-88fd93b48fb5,TRN-02,14,0.055,0,2729
142522c2-146b-1bb4-498e-88fd93b48fb5,HYD-03,9,0.059,0,1102
142522c2-146b-1bb4-498e-88fd93b48fb5,ELEC-04,15,0.055,0,782
142522c2-146b-1bb4-498e-88fd93b48fb5,CHS-05,15,0.047,0,1499
e525f951-12a2-80ab-a0b4-3a799b647f33,ENG-01,11,0.073,0,4696
e525f951-12a2-80ab-a0b4-3a799b647f33,TRN-02,3,0.07,1190,2906
e525f951-12a2-80ab-a0b4-3a799b647f33,HYD-03,12,0.045,387,1161
e525f951-12a2-80ab-a0b4-3a799b647f33,ELEC-04,13,0.073,44,848
e525f951-12a2-80ab-a0b4-3a799b647f33,CHS-05,13,0.043,0,1471
3c77ea03-a9bf-0619-aa47-bef5abd4e7ed,ENG-01,23,0.058,0,3962
3c77ea03-a9bf-0619-aa47-bef5abd4e7ed,TRN-02,17,0.067,1494,2653
3c77ea03-a9bf-0619-aa47-bef5abd4e7ed,HYD-03,15,0.026,0,1085
3c77ea03-a9bf-0619-aa47-bef5abd4e7ed,ELEC-04,21,0.063,794,783
3c77ea03-a9bf-0619-aa47-bef5abd4e7ed,CHS-05,24,0.019,0,1369
7e6be22c-018a-e266-0d57-d2bbf7944cfe,ENG-01,14,0.051,28,4483
7e6be22c-018a-e266-0d57-d2bbf7944cfe,TRN-02,15,0.062,0,2766
7e6be22c-018a-e266-0d57-d2bbf7944cfe,HYD-03,20,0.046,0,1135
7e6be22c-018a-e266-0d57-d2bbf7944cfe,ELEC-04,10,0.063,14,832
7e6be22c-018a-e266-0d57-d2bbf7944cfe,CHS-05,14,0.036,0,1465
6cd3df7f-11cd-0d66-9ccd-d8136b9b9fd9,ENG-01,8,0.077,921,4175
6cd3df7f-11cd-0d66-9ccd-d8136b9b9fd9,TRN-02,10,0.059,0,2853
6cd3df7f-11cd-0d66-9ccd-d8136b9b9fd9,HYD-03,12,0.032,1191,1061
6cd3df7f-11cd-0d66-9ccd-d8136b9b9fd9,ELEC-04,6,0.042,0,841
6cd3df7f-11cd-0d66-9ccd-d8136b9b9fd9,CHS-05,14,0.018,4094,1417
e42ee69d-6250-5e14-8c82-8598d24dc137,ENG-01,18,0.055,0,4043
e42ee69d-6250-5e14-8c82-8598d24dc137,TRN-02,15,0.041,0,2772
e42ee69d-6250-5e14-8c82-8598d24dc137,HYD-03,16,0.03,0,1084
e42ee69d-6250-5e14-8c82-8598d24dc137,ELEC-04,20,0.051,0,829
e42ee69d-6250-5e14-8c82-8598d24dc137,CHS-05,12,0.012,0,1345
17da1d33-d427-b5f1-58ca-fd049047fbbf,ENG-01,3,0.067,1099,4556
17da1d33-d427-b5f1-58ca-fd049047fbbf,TRN-02,10,0.057,2455,2985
17da1d33-d427-b5f1-58ca-fd049047fbbf,HYD-03,12,0.051,2322,1196
17da1d33-d427-b5f1-58ca-fd049047fbbf,ELEC-04,7,0.049,496,857
17da1d33-d427-b5f1-58ca-fd049047fbbf,CHS-05,5,0.019,10,1484
b3a81149-361d-e6ac-b2d3-ae4a2818c7e6,ENG-01,19,0.081,0,4584
b3a81149-361d-e6ac-b2d3-ae4a2818c7e6,TRN-02,10,0.031,0,2573
b3a81149-361d-e6ac-b2d3-ae4a2818c7e6,HYD-03,12,0.044,0,1093
b3a81149-361d-e6ac-b2d3-ae4a2818c7e6,ELEC-04,15,0.05,475,826
b3a81149-361d-e6ac-b2d3-ae4a2818c7e6,CHS-05,9,0.012,0,1408
e5c6ec24-41c8-8b8a-3157-6ed33f442623,ENG-01,21,0.075,353,4283
e5c6ec24-41c8-8b8a-3157-6ed33f442623,TRN-02,20,0.064,1784,3016
e5c6ec24-41c8-8b8a-3157-6ed33f442623,HYD-03,15,0.047,338,1159
e5c6ec24-41c8-8b8a-3157-6ed33f442623,ELEC-04,19,0.06,119,879
e5c6ec24-41c8-8b8a-3157-6ed33f442623,CHS-05,23,0.035,1545,1458
0818afcf-6eb8-0f29-a8b2-79c2f97d44b3,ENG-01,22,0.076,0,4275
0818afcf-6eb8-0f29-a8b2-79c2f97d44b3,TRN-02,10,0.059,811,2982
0818afcf-6eb8-0f29-a8b2-79c2f97d44b3,HYD-03,10,0.049,0,1171
0818afcf-6eb8-0f29-a8b2-79c2f97d44b3,ELEC-04,21,0.049,3412,851
0818afcf-6eb8-0f29-a8b2-79c2f97d44b3,CHS-05,14,0.013,2278,1471
fe6d74f4-e709-4984-8f2d-8c320b1020c8,ENG-01,16,0.065,3347,4410
fe6d74f4-e709-4984-8f2d-8c320b1020c8,TRN-02,20,0.07,0,2793
fe6d74f4-e709-4984-8f2d-8c320b1020c8,HYD-03,10,0.047,903,1113
fe6d74f4-e709-4984-8f2d-8c320b1020c8,ELEC-04,12,0.074,0,818
fe6d74f4-e709-4984-8f2d-8c320b1020c8,CHS-05,11,0.026,715,1432
47fdc193-9c78-b49f-3864-d71e5e39c1af,ENG-01,19,0.051,2070,4320
47fdc193-9c78-b49f-3864-d71e5e39c1af,TRN-02,16,0.055,1856,2715
47fdc193-9c78-b49f-3864-d71e5e39c1af,HYD-03,15,0.056,0,1023
47fdc193-9c78-b49f-3864-d71e5e39c1af,ELEC-04,12,0.045,0,780
47fdc193-9c78-b49f-3864-d71e5e39c1af,CHS-05,20,0.021,0,1332
d010398b-0372-3122-45f0-5368fde24a6a,ENG-01,13,0.058,46,4205
d010398b-0372-3122-45f0-5368fde24a6a,TRN-02,17,0.049,95,2571
d010398b-0372-3122-45f0-5368fde24a6a,HYD-03,14,0.046,872,1064
d010398b-0372-3122-45f0-5368fde24a6a,ELEC-04,13,0.047,0,786
d010398b-0372-3122-45f0-5368fde24a6a,CHS-05,20,0.041,248,1334
d8ae595f-d14c-49c1-ae33-48f3e49e65da,ENG-01,22,0.087,48,4563
d8ae595f-d14c-49c1-ae33-48f3e49e65da,TRN-02,22,0.054,0,2735
d8ae595f-d14c-49c1-ae33-48f3e49e65da,HYD-03,8,0.046,0,1123
d8ae595f-d14c-49c1-ae33-48f3e49e65da,ELEC-04,18,0.07,0,778
d8ae595f-d14c-49c1-ae33-48f3e49e65da,CHS-05,15,0.018,0,1430
656ec700-ebe0-d0bb-b09a-b316c0c56a1d,ENG-01,19,0.072,2803,4235
656ec700-ebe0-d0bb-b09a-b316c0c56a1d,TRN-02,20,0.053,0,2835
656ec700-ebe0-d0bb-b09a-b316c0c56a1d,HYD-03,16,0.029,0,1131
656ec700-ebe0-d0bb-b09a-b316c0c56a1d,ELEC-04,9,0.07,901,839
656ec700-ebe0-d0bb-b09a-b316c0c56a1d,CHS-05,13,0.022,0,1420
df211501-d16f-3c9b-368f-0cd0af9ed672,ENG-01,20,0.083,2621,4386
df211501-d16f-3c9b-368f-0cd0af9ed672,TRN-02,19,0.064,0,2870
df211501-d16f-3c9b-368f-0cd0af9ed672,HYD-03,12,0.053,1510,1159
df211501-d16f-3c9b-368f-0cd0af9ed672,ELEC-04,11,0.076,0,833
df211501-d16f-3c9b-368f-0cd0af9ed672,CHS-05,14,0.041,0,1480
c946a15e-3cbc-812f-35d5-0b62f21e852a,ENG-01,9,0.059,0,4561
c946a15e-3cbc-812f-35d5-0b62f21e852a,TRN-02,21,0.031,161,2764
c946a15e-3cbc-812f-35d5-0b62f21e852a,HYD-03,21,0.033,0,1143
c946a15e-3cbc-812f-35d5-0b62f21e852a,ELEC-04,15,0.075,0,832
c946a15e-3cbc-812f-35d5-0b62f21e852a,CHS-05,13,0.012,0,1420
6fbbbe34-f3b0-c13e-7b37-17cf35b99799,ENG-01,15,0.059,0,4074
6fbbbe34-f3b0-c13e-7b37-17cf35b99799,TRN-02,17,0.067,207,2836
6fbbbe34-f3b0-c13e-7b37-17cf35b99799,HYD-03,15,0.047,0,1098
6fbbbe34-f3b0-c13e-7b37-17cf35b99799,ELEC-04,12,0.063,3294,827
6fbbbe34-f3b0-c13e-7b37-17cf35b99799,CHS-05,19,0.021,89,1385
def1d924-1b78-1f31-f3b8-c6dc067d9ced,ENG-01,9,0.07,267,4323
def1d924-1b78-1f31-f3b8-c6dc067d9ced,TRN-02,15,0.061,1250,2835
def1d924-1b78-1f31-f3b8-c6dc067d9ced,HYD-03,12,0.022,0,1145
def1d924-1b78-1f31-f3b8-c6dc067d9ced,ELEC-04,20,0.059,3605,829
def1d924-1b78-1f31-f3b8-c6dc067d9ced,CHS-05,21,0.025,0,1443
304b98ef-3e13-a408-5f9d-c0b2537d4708,ENG-01,15,0.07,0,4300
304b98ef-3e13-a408-5f9d-c0b2537d4708,TRN-02,20,0.063,1244,2824
304b98ef-3e13-a408-5f9d-c0b2537d4708,HYD-03,16,0.03,0,1133
304b98ef-3e13-a408-5f9d-c0b2537d4708,ELEC-04,16,0.052,2929,836
304b98ef-3e13-a408-5f9d-c0b2537d4708,CHS-05,11,0.039,0,1422
e14f74f2-d201-ec1e-1fc0-82a2b32f9879,ENG-01,13,0.083,0,4418
e14f74f2-d201-ec1e-1fc0-82a2b32f9879,TRN-02,11,0.056,0,2999
e14f74f2-d201-ec1e-1fc0-82a2b32f9879,HYD-03,9,0.048,0,1167
e14f74f2-d201-ec1e-1fc0-82a2b32f9879,ELEC-04,15,0.04,745,859
e14f74f2-d201-ec1e-1fc0-82a2b32f9879,CHS-05,14,0.026,0,1486
a3d2de37-3fa3-3394-2869-e64302178976,ENG-01,25,0.075,1507,3990
a3d2de37-3fa3-3394-2869-e64302178976,TRN-02,17,0.054,1002,2804
a3d2de37-3fa3-3394-2869-e64302178976,HYD-03,13,0.039,1396,1051
a3d2de37-3fa3-3394-2869-e64302178976,ELEC-04,25,0.042,2380,822
a3d2de37-3fa3-3394-2869-e64302178976,CHS-05,25,0.048,0,1421
0bde78a1-93a4-c972-30d2-c675be61e984,ENG-01,14,0.05,0,4282
0bde78a1-93a4-c972-30d2-c675be61e984,TRN-02,13,0.042,0,2607
0bde78a1-93a4-c972-30d2-c675be61e984,HYD-03,21,0.035,0,1052
0bde78a1-93a4-c972-30d2-c675be61e984,ELEC-04,13,0.078,2399,760
0bde78a1-93a4-c972-30d2-c675be61e984,CHS-05,14,0.032,681,1343
a88f1d9b-0c29-507e-648c-4e30231fbcd1,ENG-01,16,0.056,0,4406
a88f1d9b-0c29-507e-648c-4e30231fbcd1,TRN-02,8,0.033,1785,2638
a88f1d9b-0c29-507e-648c-4e30231fbcd1,HYD-03,20,0.037,2166,1100
a88f1d9b-0c29-507e-648c-4e30231fbcd1,ELEC-04,14,0.064,2196,797
a88f1d9b-0c29-507e-648c-4e30231fbcd1,CHS-05,20,0.044,0,1410
b81f098e-7676-ce6e-d9d4-da43aaf92eac,ENG-01,13,0.078,608,4462
b81f098e-7676-ce6e-d9d4-da43aaf92eac,TRN-02,3,0.046,0,2698
b81f098e-7676-ce6e-d9d4-da43aaf92eac,HYD-03,7,0.058,1008,1216
b81f098e-7676-ce6e-d9d4-da43aaf92eac,ELEC-04,11,0.042,0,844
b81f098e-7676-ce6e-d9d4-da43aaf92eac,CHS-05,2,0.032,0,1503
9f13af2a-0630-c58b-378b-9b6f407b6b96,ENG-01,17,0.054,2940,4278
9f13af2a-0630-c58b-378b-9b6f407b6b96,TRN-02,18,0.064,1112,2661
9f13af2a-0630-c58b-378b-9b6f407b6b96,HYD-03,21,0.03,3071,1069
9f13af2a-0630-c58b-378b-9b6f407b6b96,ELEC-04,18,0.058,612,749
9f13af2a-0630-c58b-378b-9b6f407b6b96,CHS-05,13,0.022,1273,1359
224b7ca7-3362-d6cc-2346-029a39efbe77,ENG-01,23,0.051,1024,4269
224b7ca7-3362-d6cc-2346-029a39efbe77,TRN-02,12,0.061,1136,2964
224b7ca7-3362-d6cc-2346-029a39efbe77,HYD-03,12,0.057,0,1169
224b7ca7-3362-d6cc-2346-029a39efbe77,ELEC-04,12,0.078,1289,852
224b7ca7-3362-d6cc-2346-029a39efbe77,CHS-05,11,0.03,155,1430
e4dc2661-afe3-bd87-debd-4c603f5955cb,ENG-01,24,0.065,0,4079
e4dc2661-afe3-bd87-debd-4c603f5955cb,TRN-02,18,0.061,584,2580
e4dc2661-afe3-bd87-debd-4c603f5955cb,HYD-03,25,0.059,921,1045
e4dc2661-afe3-bd87-debd-4c603f5955cb,ELEC-04,11,0.054,0,762
e4dc2661-afe3-bd87-debd-4c603f5955cb,CHS-05,17,0.026,158,1347
08472a57-b1fd-1c3e-dd55-144fcfae0c1a,ENG-01,11,0.057,697,4593
08472a57-b1fd-1c3e-dd55-144fcfae0c1a,TRN-02,15,0.048,1749,2993
08472a57-b1fd-1c3e-dd55-144fcfae0c1a,HYD-03,8,0.025,889,1192
08472a57-b1fd-1c3e-dd55-144fcfae0c1a,ELEC-04,15,0.045,0,828
08472a57-b1fd-1c3e-dd55-144fcfae0c1a,CHS-05,4,0.045,734,1469
6039d6c0-2ea2-c118-793e-f41c0b7737b6,ENG-01,18,0.065,0,4412
6039d6c0-2ea2-c118-793e-f41c0b7737b6,TRN-02,13,0.052,1738,2798
6039d6c0-2ea2-c118-793e-f41c0b7737b6,HYD-03,23,0.042,933,1169
6039d6c0-2ea2-c118-793e-f41c0b7737b6,ELEC-04,22,0.066,1003,841
6039d6c0-2ea2-c118-793e-f41c0b7737b6,CHS-05,10,0.011,0,1471
8a552662-60d2-e350-3a86-a0d78546adf9,ENG-01,5,0.059,962,4444
8a552662-60d2-e350-3a86-a0d78546adf9,TRN-02,13,0.046,561,2923
8a552662-60d2-e350-3a86-a0d78546adf9,HYD-03,6,0.029,1850,1173
8a552662-60d2-e350-3a86-a0d78546adf9,ELEC-04,16,0.068,1911,844
8a552662-60d2-e350-3a86-a0d78546adf9,CHS-05,15,0.018,2584,1513
b90f0fe9-545b-b4d7-bda9-6abcfa819153,ENG-01,22,0.07,0,4087
b90f0fe9-545b-b4d7-bda9-6abcfa819153,TRN-02,23,0.052,1081,2771
b90f0fe9-545b-b4d7-bda9-6abcfa819153,HYD-03,15,0.042,0,1077
b90f0fe9-545b-b4d7-bda9-6abcfa819153,ELEC-04,22,0.049,778,802
b90f0fe9-545b-b4d7-bda9-6abcfa819153,CHS-05,17,0.041,715,1396
b1edd70a-a5cc-6e62-a484-ad3492671b36,ENG-01,14,0.082,0,4538
b1edd70a-a5cc-6e62-a484-ad3492671b36,TRN-02,2,0.032,568,2808
b1edd70a-a5cc-6e62-a484-ad3492671b36,HYD-03,2,0.059,1676,1148
b1edd70a-a5cc-6e62-a484-ad3492671b36,ELEC-04,7,0.062,1816,842
b1edd70a-a5cc-6e62-a484-ad3492671b36,CHS-05,8,0.029,0,1523
4f7ff8df-6dd2-c1b8-1480-eb437ed7106b,ENG-01,18,0.074,0,4153
4f7ff8df-6dd2-c1b8-1480-eb437ed7106b,TRN-02,19,0.062,728,2862
4f7ff8df-6dd2-c1b8-1480-eb437ed7106b,HYD-03,8,0.023,115,1138
4f7ff8df-6dd2-c1b8-1480-eb437ed7106b,ELEC-04,8,0.046,0,834
4f7ff8df-6dd2-c1b8-1480-eb437ed7106b,CHS-05,16,0.028,2483,1430
c69a4cce-4039-97cc-93b8-4bdb4f533622,ENG-01,8,0.089,0,4147
c69a4cce-4039-97cc-93b8-4bdb4f533622,TRN-02,17,0.048,0,2931
c69a4cce-4039-97cc-93b8-4bdb4f533622,HYD-03,13,0.024,0,1136
c69a4cce-4039-97cc-93b8-4bdb4f533622,ELEC-04,10,0.072,0,832
c69a4cce-4039-97cc-93b8-4bdb4f533622,CHS-05,20,0.049,240,1424
cc26ee2c-7aeb-5501-33dd-5809b925d65e,ENG-01,11,0.056,67,4248
cc26ee2c-7aeb-5501-33dd-5809b925d65e,TRN-02,19,0.042,36,3035
cc26ee2c-7aeb-5501-33dd-5809b925d65e,HYD-03,21,0.047,0,1120
cc26ee2c-7aeb-5501-33dd-5809b925d65e,ELEC-04,9,0.072,0,863
cc26ee2c-7aeb-5501-33dd-5809b925d65e,CHS-05,17,0.033,0,1423
29c5d985-7ea5-0b1c-c6c7-fc746b63f114,ENG-01,23,0.071,81,4382
29c5d985-7ea5-0b1c-c6c7-fc746b63f114,TRN-02,18,0.049,0,2805
29c5d985-7ea5-0b1c-c6c7-fc746b63f114,HYD-03,12,0.021,1319,1122
29c5d985-7ea5-0b1c-c6c7-fc746b63f114,ELEC-04,20,0.046,0,837
29c5d985-7ea5-0b1c-c6c7-fc746b63f114,CHS-05,16,0.024,0,1479
d31172be-b4be-f2a3-1b53-1f20303fb20c,ENG-01,16,0.051,1027,4457
d31172be-b4be-f2a3-1b53-1f20303fb20c,TRN-02,5,0.044,617,3050
d31172be-b4be-f2a3-1b53-1f20303fb20c,HYD-03,2,0.028,0,1220
d31172be-b4be-f2a3-1b53-1f20303fb20c,ELEC-04,9,0.048,2091,904
d31172be-b4be-f2a3-1b53-1f20303fb20c,CHS-05,10,0.036,234,1524
bd53614a-588d-d2ce-4442-59ca0901904f,ENG-01,11,0.067,0,4426
bd53614a-588d-d2ce-4442-59ca0901904f,TRN-02,19,0.036,0,2670
bd53614a-588d-d2ce-4442-59ca0901904f,HYD-03,21,0.05,0,1140
bd53614a-588d-d2ce-4442-59ca0901904f,ELEC-04,9,0.065,0,797
bd53614a-588d-d2ce-4442-59ca0901904f,CHS-05,12,0.03,0,1410
c09e3575-f431-3c9f-44de-7efe28c3d53e,ENG-01,9,0.051,134,4775
c09e3575-f431-3c9f-44de-7efe28c3d53e,TRN-02,3,0.051,0,2941
c09e3575-f431-3c9f-44de-7efe28c3d53e,HYD-03,4,0.034,0,1190
c09e3575-f431-3c9f-44de-7efe28c3d53e,ELEC-04,11,0.046,0,832
c09e3575-f431-3c9f-44de-7efe28c3d53e,CHS-05,14,0.04,21,1496
597c44ca-f5a2-7e92-9f8c-847d25a65cfe,ENG-01,16,0.083,0,4261
597c44ca-f5a2-7e92-9f8c-847d25a65cfe,TRN-02,14,0.062,0,2893
597c44ca-f5a2-7e92-9f8c-847d25a65cfe,HYD-03,17,0.054,0,1171
597c44ca-f5a2-7e92-9f8c-847d25a65cfe,ELEC-04,12,0.059,694,878
597c44ca-f5a2-7e92-9f8c-847d25a65cfe,CHS-05,19,0.039,237,1447
f1f216b2-fb19-00cb-5590-6fbf4602f296,ENG-01,11,0.071,0,4355
f1f216b2-fb19-00cb-5590-6fbf4602f296,TRN-02,10,0.047,720,2883
f1f216b2-fb19-00cb-5590-6fbf4602f296,HYD-03,10,0.028,0,1170
f1f216b2-fb19-00cb-5590-6fbf4602f296,ELEC-04,13,0.057,353,811
f1f216b2-fb19-00cb-5590-6fbf4602f296,CHS-05,21,0.027,0,1457
1ef31f2b-f0cf-3059-24f2-28b0b116a7aa,ENG-01,12,0.061,796,4218
1ef31f2b-f0cf-3059-24f2-28b0b116a7aa,TRN-02,13,0.035,1138,2938
1ef31f2b-f0cf-3059-24f2-28b0b116a7aa,HYD-03,15,0.036,238,1140
1ef31f2b-f0cf-3059-24f2-28b0b116a7aa,ELEC-04,17,0.069,2507,852
1ef31f2b-f0cf-3059-24f2-28b0b116a7aa,CHS-05,22,0.042,97,1407
84335ab1-62ca-03d4-d8a6-5bb453b98ee8,ENG-01,4,0.069,419,4635
84335ab1-62ca-03d4-d8a6-5bb453b98ee8,TRN-02,3,0.041,123,2954
84335ab1-62ca-03d4-d8a6-5bb453b98ee8,HYD-03,13,0.051,0,1202
84335ab1-62ca-03d4-d8a6-5bb453b98ee8,ELEC-04,3,0.072,0,816
84335ab1-62ca-03d4-d8a6-5bb453b98ee8,CHS-05,4,0.045,1220,1429
9f6f117e-a460-d19d-0436-5e96d38e156b,ENG-01,14,0.078,1997,4644
9f6f117e-a460-d19d-0436-5e96d38e156b,TRN-02,13,0.047,745,2796
9f6f117e-a460-d19d-0436-5e96d38e156b,HYD-03,15,0.048,0,1149
9f6f117e-a460-d19d-0436-5e96d38e156b,ELEC-04,16,0.062,0,862
9f6f117e-a460-d19d-0436-5e96d38e156b,CHS-05,15,0.04,1899,1534
88d8f32a-cfab-fe65-6ccc-da17da601cb5,ENG-01,14,0.055,0,4425
88d8f32a-cfab-fe65-6ccc-da17da601cb5,TRN-02,10,0.05,2778,2877
88d8f32a-cfab-fe65-6ccc-da17da601cb5,HYD-03,14,0.031,1568,1133
88d8f32a-cfab-fe65-6ccc-da17da601cb5,ELEC-04,23,0.062,0,829
88d8f32a-cfab-fe65-6ccc-da17da601cb5,CHS-05,17,0.033,1341,1471
aed64b61-1609-1bee-5841-f44a0b711b1d,ENG-01,19,0.061,0,4500
aed64b61-1609-1bee-5841-f44a0b711b1d,TRN-02,12,0.056,0,2665
aed64b61-1609-1bee-5841-f44a0b711b1d,HYD-03,9,0.047,1236,1117
aed64b61-1609-1bee-5841-f44a0b711b1d,ELEC-04,10,0.049,1235,800
aed64b61-1609-1bee-5841-f44a0b711b1d,CHS-05,12,0.023,0,1455
f50c0310-640c-c8be-444e-9204104a86c2,ENG-01,5,0.074,0,4428
f50c0310-640c-c8be-444e-9204104a86c2,TRN-02,9,0.046,0,3029
f50c0310-640c-c8be-444e-9204104a86c2,HYD-03,5,0.047,136,1174
f50c0310-640c-c8be-444e-9204104a86c2,ELEC-04,16,0.053,0,863
f50c0310-640c-c8be-444e-9204104a86c2,CHS-05,13,0.016,0,1476
55946dea-c897-49a9-9038-a89e1a1b69f3,ENG-01,10,0.062,292,4420
55946dea-c897-49a9-9038-a89e1a1b69f3,TRN-02,13,0.033,0,3039
55946dea-c897-49a9-9038-a89e1a1b69f3,HYD-03,8,0.022,0,1183
55946dea-c897-49a9-9038-a89e1a1b69f3,ELEC-04,11,0.07,0,857
55946dea-c897-49a9-9038-a89e1a1b69f3,CHS-05,11,0.033,0,1442
872b2ec1-869c-b4b3-6a0b-874d2365c861,ENG-01,11,0.058,1592,4320
872b2ec1-869c-b4b3-6a0b-874d2365c861,TRN-02,11,0.051,1253,2959
872b2ec1-869c-b4b3-6a0b-874d2365c861,HYD-03,18,0.039,0,1151
872b2ec1-869c-b4b3-6a0b-874d2365c861,ELEC-04,11,0.05,756,839
872b2ec1-869c-b4b3-6a0b-874d2365c861,CHS-05,19,0.031,3026,1413
12f0d015-8af4-14cb-e798-0c1e79f1b3f0,ENG-01,14,0.083,1143,4303
12f0d015-8af4-14cb-e798-0c1e79f1b3f0,TRN-02,19,0.058,59,2888
12f0d015-8af4-14cb-e798-0c1e79f1b3f0,HYD-03,19,0.039,1116,1144
12f0d015-8af4-14cb-e798-0c1e79f1b3f0,ELEC-04,17,0.042,467,867
12f0d015-8af4-14cb-e798-0c1e79f1b3f0,CHS-05,23,0.044,2192,1472
e5b5fd32-57a1-80f5-2753-9eec0ba81589,ENG-01,17,0.085,259,4176
e5b5fd32-57a1-80f5-2753-9eec0ba81589,TRN-02,22,0.037,1598,2656
e5b5fd32-57a1-80f5-2753-9eec0ba81589,HYD-03,25,0.046,1712,1003
e5b5fd32-57a1-80f5-2753-9eec0ba81589,ELEC-04,16,0.078,1104,758
e5b5fd32-57a1-80f5-2753-9eec0ba81589,CHS-05,21,0.018,1913,1389
bc5a69fd-c450-c5af-5ffe-3a204c9322d3,ENG-01,16,0.089,0,4214
bc5a69fd-c450-c5af-5ffe-3a204c9322d3,TRN-02,17,0.069,4024,2459
bc5a69fd-c450-c5af-5ffe-3a204c9322d3,HYD-03,18,0.048,3184,1053
bc5a69fd-c450-c5af-5ffe-3a204c9322d3,ELEC-04,20,0.069,4494,770
bc5a69fd-c450-c5af-5ffe-3a204c9322d3,CHS-05,23,0.044,3607,1358
8429807e-2470-9447-6165-6fb8960f4d8b,ENG-01,19,0.06,2294,4016
8429807e-2470-9447-6165-6fb8960f4d8b,TRN-02,15,0.066,0,2659
8429807e-2470-9447-6165-6fb8960f4d8b,HYD-03,22,0.032,1084,1071
8429807e-2470-9447-6165-6fb8960f4d8b,ELEC-04,19,0.063,1140,786
8429807e-2470-9447-6165-6fb8960f4d8b,CHS-05,16,0.048,2542,1328
be5f1950-c942-e737-e3df-9f0847a5f65b,ENG-01,16,0.07,0,3915
be5f1950-c942-e737-e3df-9f0847a5f65b,TRN-02,19,0.053,26,2697
be5f1950-c942-e737-e3df-9f0847a5f65b,HYD-03,12,0.021,2,1033
be5f1950-c942-e737-e3df-9f0847a5f65b,ELEC-04,14,0.056,0,804
be5f1950-c942-e737-e3df-9f0847a5f65b,CHS-05,12,0.027,0,1371
fce8c9c8-13d2-3ab8-3b91-274a8b74ed7e,ENG-01,10,0.053,1102,4366
fce8c9c8-13d2-3ab8-3b91-274a8b74ed7e,TRN-02,10,0.057,898,2915
fce8c9c8-13d2-3ab8-3b91-274a8b74ed7e,HYD-03,11,0.06,1279,1128
fce8c9c8-13d2-3ab8-3b91-274a8b74ed7e,ELEC-04,18,0.04,879,855
fce8c9c8-13d2-3ab8-3b91-274a8b74ed7e,CHS-05,13,0.035,1477,1483
bbf3896c-9d4a-b65e-f076-a2658fa867d8,ENG-01,14,0.071,115,4119
bbf3896c-9d4a-b65e-f076-a2658fa867d8,TRN-02,11,0.041,486,2862
bbf3896c-9d4a-b65e-f076-a2658fa867d8,HYD-03,8,0.058,233,1165
bbf3896c-9d4a-b65e-f076-a2658fa867d8,ELEC-04,12,0.047,0,864
bbf3896c-9d4a-b65e-f076-a2658fa867d8,CHS-05,11,0.041,669,1459
fef11079-0280-076d-d751-95fb1e2f70c7,ENG-01,16,0.072,1107,4591
fef11079-0280-076d-d751-95fb1e2f70c7,TRN-02,4,0.064,2330,3048
fef11079-0280-076d-d751-95fb1e2f70c7,HYD-03,2,0.038,0,1185
fef11079-0280-076d-d751-95fb1e2f70c7,ELEC-04,15,0.065,0,899
fef11079-0280-076d-d751-95fb1e2f70c7,CHS-05,6,0.048,1404,1546
3d6da607-1cce-0549-c51b-05ba776d1cca,ENG-01,11,0.059,2855,4346
3d6da607-1cce-0549-c51b-05ba776d1cca,TRN-02,14,0.032,0,2574
3d6da607-1cce-0549-c51b-05ba776d1cca,HYD-03,14,0.047,0,1107
3d6da607-1cce-0549-c51b-05ba776d1cca,ELEC-04,10,0.063,0,814
3d6da607-1cce-0549-c51b-05ba776d1cca,CHS-05,8,0.016,0,1455
08f77389-8be3-3b6a-baa8-2b3c3cffb628,ENG-01,25,0.087,415,4063
08f77389-8be3-3b6a-baa8-2b3c3cffb628,TRN-02,23,0.039,628,2651
08f77389-8be3-3b6a-baa8-2b3c3cffb628,HYD-03,21,0.049,0,1049
08f77389-8be3-3b6a-baa8-2b3c3cffb628,ELEC-04,13,0.08,0,778
08f77389-8be3-3b6a-baa8-2b3c3cffb628,CHS-05,23,0.032,777,1342
2edfb443-3538-ead3-1c83-c548bc9da35c,ENG-01,18,0.071,0,4291
2edfb443-3538-ead3-1c83-c548bc9da35c,TRN-02,17,0.04,0,2818
2edfb443-3538-ead3-1c83-c548bc9da35c,HYD-03,19,0.021,1253,1159
2edfb443-3538-ead3-1c83-c548bc9da35c,ELEC-04,17,0.077,484,822
2edfb443-3538-ead3-1c83-c548bc9da35c,CHS-05,21,0.013,726,1409
87ed710b-b568-73a1-65cf-16807a9fcca8,ENG-01,23,0.08,315,4525
87ed710b-b568-73a1-65cf-16807a9fcca8,TRN-02,21,0.046,0,2732
87ed710b-b568-73a1-65cf-16807a9fcca8,HYD-03,13,0.047,0,1161
87ed710b-b568-73a1-65cf-16807a9fcca8,ELEC-04,17,0.077,184,813
87ed710b-b568-73a1-65cf-16807a9fcca8,CHS-05,22,0.016,7,1501
626e0c46-9d82-8aef-4982-645c8db1b676,ENG-01,16,0.058,140,4403
626e0c46-9d82-8aef-4982-645c8db1b676,TRN-02,14,0.059,0,2850
626e0c46-9d82-8aef-4982-645c8db1b676,HYD-03,10,0.021,664,1136
626e0c46-9d82-8aef-4982-645c8db1b676,ELEC-04,17,0.045,3009,804
626e0c46-9d82-8aef-4982-645c8db1b676,CHS-05,21,0.023,0,1409
e1dec149-1e8a-8230-d101-d2bf2c82d794,ENG-01,8,0.061,1421,4251
e1dec149-1e8a-8230-d101-d2bf2c82d794,TRN-02,14,0.032,0,2801
e1dec149-1e8a-8230-d101-d2bf2c82d794,HYD-03,18,0.053,0,1115
e1dec149-1e8a-8230-d101-d2bf2c82d794,ELEC-04,9,0.056,0,869
e1dec149-1e8a-8230-d101-d2bf2c82d794,CHS-05,9,0.011,0,1398
768e5618-c977-9144-6207-33d1d7b18650,ENG-01,14,0.069,2760,4400
768e5618-c977-9144-6207-33d1d7b18650,TRN-02,10,0.046,314,2690
768e5618-c977-9144-6207-33d1d7b18650,HYD-03,8,0.036,858,1130
768e5618-c977-9144-6207-33d1d7b18650,ELEC-04,17,0.046,30,799
768e5618-c977-9144-6207-33d1d7b18650,CHS-05,20,0.043,2212,1388
732ee5ec-5471-42e4-243f-388c8bffa1ac,ENG-01,8,0.086,0,4655
732ee5ec-5471-42e4-243f-388c8bffa1ac,TRN-02,8,0.03,1516,2968
732ee5ec-5471-42e4-243f-388c8bffa1ac,HYD-03,16,0.026,2483,1122
732ee5ec-5471-42e4-243f-388c8bffa1ac,ELEC-04,11,0.052,0,861
732ee5ec-5471-42e4-243f-388c8bffa1ac,CHS-05,10,0.026,342,1510
72a4bc45-dcfc-1f1c-1dfd-3bdbca868363,ENG-01,21,0.071,1350,4236
72a4bc45-dcfc-1f1c-1dfd-3bdbca868363,TRN-02,12,0.041,946,2772
72a4bc45-dcfc-1f1c-1dfd-3bdbca868363,HYD-03,12,0.037,2229,1102
72a4bc45-dcfc-1f1c-1dfd-3bdbca868363,ELEC-04,20,0.052,0,804
72a4bc45-dcfc-1f1c-1dfd-3bdbca868363,CHS-05,13,0.017,2609,1510
47cbc1bb-6e93-362d-bc4b-7691c1acc09d,ENG-01,19,0.081,5305,4443
47cbc1bb-6e93-362d-bc4b-7691c1acc09d,TRN-02,19,0.038,1625,2606
47cbc1bb-6e93-362d-bc4b-7691c1acc09d,HYD-03,15,0.022,2985,1167
47cbc1bb-6e93-362d-bc4b-7691c1acc09d,ELEC-04,13,0.074,3282,828
47cbc1bb-6e93-362d-bc4b-7691c1acc09d,CHS-05,20,0.014,3138,1395
326d90c0-6e57-e1c3-f68f-32ccfa30f931,ENG-01,18,0.051,91,4031
326d90c0-6e57-e1c3-f68f-32ccfa30f931,TRN-02,24,0.042,0,2809
326d90c0-6e57-e1c3-f68f-32ccfa30f931,HYD-03,16,0.052,2082,1084
326d90c0-6e57-e1c3-f68f-32ccfa30f931,ELEC-04,21,0.052,100,814
326d90c0-6e57-e1c3-f68f-32ccfa30f931,CHS-05,22,0.032,476,1383
a1cb6e54-73a1-f056-2500-7d00023cf034,ENG-01,19,0.072,2365,4217
a1cb6e54-73a1-f056-2500-7d00023cf034,TRN-02,17,0.032,77,2926
a1cb6e54-73a1-f056-2500-7d00023cf034,HYD-03,16,0.052,1478,1139
a1cb6e54-73a1-f056-2500-7d00023cf034,ELEC-04,16,0.063,1348,833
a1cb6e54-73a1-f056-2500-7d00023cf034,CHS-05,10,0.032,0,1445
c695d186-9cc8-b531-aade-f58eb2280478,ENG-01,12,0.083,0,4207
c695d186-9cc8-b531-aade-f58eb2280478,TRN-02,17,0.056,778,2619
c695d186-9cc8-b531-aade-f58eb2280478,HYD-03,13,0.024,0,1115
c695d186-9cc8-b531-aade-f58eb2280478,ELEC-04,8,0.069,0,762
c695d186-9cc8-b531-aade-f58eb2280478,CHS-05,12,0.016,345,1383
51410921-2eea-6066-5baf-f6757303c06c,ENG-01,11,0.079,3593,4459
51410921-2eea-6066-5baf-f6757303c06c,TRN-02,18,0.05,295,2866
51410921-2eea-6066-5baf-f6757303c06c,HYD-03,19,0.049,1852,1160
51410921-2eea-6066-5baf-f6757303c06c,ELEC-04,23,0.046,2041,837
51410921-2eea-6066-5baf-f6757303c06c,CHS-05,19,0.033,0,1469
2f8c491f-1dc3-9d7a-c07f-d510eca79e01,ENG-01,13,0.089,1133,4558
2f8c491f-1dc3-9d7a-c07f-d510eca79e01,TRN-02,7,0.035,0,2834
2f8c491f-1dc3-9d7a-c07f-d510eca79e01,HYD-03,11,0.037,1593,1179
2f8c491f-1dc3-9d7a-c07f-d510eca79e01,ELEC-04,10,0.05,1579,828
2f8c491f-1dc3-9d7a-c07f-d510eca79e01,CHS-05,5,0.016,519,1441
5775725b-9800-22e5-dd02-09d2fa73fc9e,ENG-01,9,0.081,0,4630
5775725b-9800-22e5-dd02-09d2fa73fc9e,TRN-02,13,0.042,0,2945
5775725b-9800-22e5-dd02-09d2fa73fc9e,HYD-03,5,0.02,845,1138
5775725b-9800-22e5-dd02-09d2fa73fc9e,ELEC-04,13,0.065,0,852
5775725b-9800-22e5-dd02-09d2fa73fc9e,CHS-05,7,0.034,673,1489
9471ffe8-c17d-0b3a-1f61-a0bb43c37cbd,ENG-01,22,0.065,0,4432
9471ffe8-c17d-0b3a-1f61-a0bb43c37cbd,TRN-02,16,0.055,3126,2801
9471ffe8-c17d-0b3a-1f61-a0bb43c37cbd,HYD-03,20,0.04,1541,1088
9471ffe8-c17d-0b3a-1f61-a0bb43c37cbd,ELEC-04,16,0.061,0,843
9471ffe8-c17d-0b3a-1f61-a0bb43c37cbd,CHS-05,15,0.032,40,1415
4def803d-1dba-4690-22dd-1e1b2c3e9208,ENG-01,20,0.055,2196,4053
4def803d-1dba-4690-22dd-1e1b2c3e9208,TRN-02,17,0.045,0,2716
4def803d-1dba-4690-22dd-1e1b2c3e9208,HYD-03,15,0.023,1847,1027
4def803d-1dba-4690-22dd-1e1b2c3e9208,ELEC-04,18,0.075,0,786
4def803d-1dba-4690-22dd-1e1b2c3e9208,CHS-05,11,0.046,862,1329
86e19ba2-5eb8-01f7-447d-117536ad22be,ENG-01,16,0.08,116,4735
86e19ba2-5eb8-01f7-447d-117536ad22be,TRN-02,16,0.067,2557,2884
86e19ba2-5eb8-01f7-447d-117536ad22be,HYD-03,13,0.058,1715,1189
86e19ba2-5eb8-01f7-447d-117536ad22be,ELEC-04,9,0.044,1508,851
86e19ba2-5eb8-01f7-447d-117536ad22be,CHS-05,12,0.02,1389,1534
4fd34a7d-8d70-0c0a-bbd6-f84e17bede54,ENG-01,12,0.081,0,4069
4fd34a7d-8d70-0c0a-bbd6-f84e17bede54,TRN-02,13,0.051,429,2702
4fd34a7d-8d70-0c0a-bbd6-f84e17bede54,HYD-03,11,0.054,95,1074
4fd34a7d-8d70-0c0a-bbd6-f84e17bede54,ELEC-04,18,0.048,0,823
4fd34a7d-8d70-0c0a-bbd6-f84e17bede54,CHS-05,14,0.015,1049,1424
690097a5-7b8e-4213-4b53-e70f95cf3ee0,ENG-01,11,0.053,487,4512
690097a5-7b8e-4213-4b53-e70f95cf3ee0,TRN-02,7,0.051,0,2902
690097a5-7b8e-4213-4b53-e70f95cf3ee0,HYD-03,14,0.033,0,1194
690097a5-7b8e-4213-4b53-e70f95cf3ee0,ELEC-04,14,0.067,356,836
690097a5-7b8e-4213-4b53-e70f95cf3ee0,CHS-05,7,0.015,382,1520
62874511-4197-7399-840e-897dd8d7f41f,ENG-01,22,0.09,2057,4428
62874511-4197-7399-840e-897dd8d7f41f,TRN-02,19,0.055,1434,2784
62874511-4197-7399-840e-897dd8d7f41f,HYD-03,17,0.053,0,1141
62874511-4197-7399-840e-897dd8d7f41f,ELEC-04,18,0.071,2844,805
62874511-4197-7399-840e-897dd8d7f41f,CHS-05,9,0.031,560,1388
07b3b883-cd26-9f5d-230c-54adae7d8ef3,ENG-01,16,0.069,0,4119
07b3b883-cd26-9f5d-230c-54adae7d8ef3,TRN-02,24,0.058,0,2720
07b3b883-cd26-9f5d-230c-54adae7d8ef3,HYD-03,20,0.021,0,1080
07b3b883-cd26-9f5d-230c-54adae7d8ef3,ELEC-04,14,0.072,691,765
07b3b883-cd26-9f5d-230c-54adae7d8ef3,CHS-05,20,0.042,354,1343
d4e71d4b-d34a-b7fa-fd3c-fe01cd13ced4,ENG-01,17,0.083,222,4543
d4e71d4b-d34a-b7fa-fd3c-fe01cd13ced4,TRN-02,8,0.04,0,2664
d4e71d4b-d34a-b7fa-fd3c-fe01cd13ced4,HYD-03,21,0.056,835,1116
d4e71d4b-d34a-b7fa-fd3c-fe01cd13ced4,ELEC-04,11,0.043,0,786
d4e71d4b-d34a-b7fa-fd3c-fe01cd13ced4,CHS-05,22,0.018,0,1407
7e77d09f-4fd9-58c7-6411-a9e3bb41abd8,ENG-01,17,0.08,2128,4184
7e77d09f-4fd9-58c7-6411-a9e3bb41abd8,TRN-02,12,0.04,0,2450
7e77d09f-4fd9-58c7-6411-a9e3bb41abd8,HYD-03,11,0.043,637,1098
7e77d09f-4fd9-58c7-6411-a9e3bb41abd8,ELEC-04,22,0.051,912,719
7e77d09f-4fd9-58c7-6411-a9e3bb41abd8,CHS-05,17,0.018,2221,1298
39eb0028-ba2a-3d35-513d-18f7828ee581,ENG-01,12,0.077,2481,4564
39eb0028-ba2a-3d35-513d-18f7828ee581,TRN-02,20,0.065,0,2748
39eb0028-ba2a-3d35-513d-18f7828ee581,HYD-03,23,0.023,1858,1164
39eb0028-ba2a-3d35-513d-18f7828ee581,ELEC-04,21,0.071,0,787
39eb0028-ba2a-3d35-513d-18f7828ee581,CHS-05,22,0.023,822,1545
b4df5920-aac2-7b6f-e994-2d88dd34e40a,ENG-01,20,0.085,0,4280
b4df5920-aac2-7b6f-e994-2d88dd34e40a,TRN-02,20,0.069,0,2919
b4df5920-aac2-7b6f-e994-2d88dd34e40a,HYD-03,15,0.036,482,1075
b4df5920-aac2-7b6f-e994-2d88dd34e40a,ELEC-04,12,0.065,0,822
b4df5920-aac2-7b6f-e994-2d88dd34e40a,CHS-05,22,0.037,302,1427
438034b4-0854-91aa-edec-bcab6bda45f8,ENG-01,17,0.081,0,4217
438034b4-0854-91aa-edec-bcab6bda45f8,TRN-02,16,0.063,0,2527
438034b4-0854-91aa-edec-bcab6bda45f8,HYD-03,17,0.042,0,1084
438034b4-0854-91aa-edec-bcab6bda45f8,ELEC-04,25,0.078,0,760
438034b4-0854-91aa-edec-bcab6bda45f8,CHS-05,13,0.024,0,1341
c52b1c70-9721-f6a7-832c-faa41bb1e141,ENG-01,10,0.083,2565,4403
c52b1c70-9721-f6a7-832c-faa41bb1e141,TRN-02,8,0.033,355,2869
c52b1c70-9721-f6a7-832c-faa41bb1e141,HYD-03,14,0.029,849,1105
c52b1c70-9721-f6a7-832c-faa41bb1e141,ELEC-04,15,0.046,0,848
c52b1c70-9721-f6a7-832c-faa41bb1e141,CHS-05,11,0.037,0,1422
f8554016-6aca-c682-9d41-c52794804bfd,ENG-01,12,0.055,1698,4401
f8554016-6aca-c682-9d41-c52794804bfd,TRN-02,21,0.056,673,3064
f8554016-6aca-c682-9d41-c52794804bfd,HYD-03,10,0.035,0,1160
f8554016-6aca-c682-9d41-c52794804bfd,ELEC-04,10,0.056,0,878
f8554016-6aca-c682-9d41-c52794804bfd,CHS-05,18,0.037,0,1449
1ce41453-fbed-8c60-985d-e2183d636c7c,ENG-01,16,0.06,0,4192
1ce41453-fbed-8c60-985d-e2183d636c7c,TRN-02,16,0.054,1539,2736
1ce41453-fbed-8c60-985d-e2183d636c7c,HYD-03,12,0.024,841,1091
1ce41453-fbed-8c60-985d-e2183d636c7c,ELEC-04,17,0.078,2025,781
1ce41453-fbed-8c60-985d-e2183d636c7c,CHS-05,12,0.04,0,1405
d7c583d5-6828-e9a4-595a-780f91fc5979,ENG-01,17,0.061,310,4306
d7c583d5-6828-e9a4-595a-780f91fc5979,TRN-02,9,0.046,2151,2606
d7c583d5-6828-e9a4-595a-780f91fc5979,HYD-03,13,0.033,2859,1108
d7c583d5-6828-e9a4-595a-780f91fc5979,ELEC-04,13,0.078,0,782
d7c583d5-6828-e9a4-595a-780f91fc5979,CHS-05,13,0.038,0,1348
0bebdd57-0c24-a2fc-3428-6f2c842bd0c8,ENG-01,8,0.063,0,4646
0bebdd57-0c24-a2fc-3428-6f2c842bd0c8,TRN-02,15,0.054,2323,2904
0bebdd57-0c24-a2fc-3428-6f2c842bd0c8,HYD-03,14,0.049,0,1168
0bebdd57-0c24-a2fc-3428-6f2c842bd0c8,ELEC-04,2,0.058,1226,822
0bebdd57-0c24-a2fc-3428-6f2c842bd0c8,CHS-05,5,0.017,0,1480
67e546fd-2a70-286c-8af7-4d14da1ad4e2,ENG-01,15,0.078,477,4426
67e546fd-2a70-286c-8af7-4d14da1ad4e2,TRN-02,13,0.039,0,2720
67e546fd-2a70-286c-8af7-4d14da1ad4e2,HYD-03,16,0.051,0,1114
67e546fd-2a70-286c-8af7-4d14da1ad4e2,ELEC-04,14,0.058,1117,800
67e546fd-2a70-286c-8af7-4d14da1ad4e2,CHS-05,17,0.01,0,1402
5ee3933e-dac1-280b-b234-8f15ce2d1e12,ENG-01,16,0.058,0,4395
5ee3933e-dac1-280b-b234-8f15ce2d1e12,TRN-02,18,0.052,0,2609
5ee3933e-dac1-280b-b234-8f15ce2d1e12,HYD-03,8,0.044,0,1089
5ee3933e-dac1-280b-b234-8f15ce2d1e12,ELEC-04,17,0.055,0,775
5ee3933e-dac1-280b-b234-8f15ce2d1e12,CHS-05,18,0.016,0,1399
844960fd-f1d1-2be5-6001-26ccc4a481b6,ENG-01,7,0.058,2445,4602
844960fd-f1d1-2be5-6001-26ccc4a481b6,TRN-02,13,0.047,2873,2698
844960fd-f1d1-2be5-6001-26ccc4a481b6,HYD-03,4,0.032,2490,1141
844960fd-f1d1-2be5-6001-26ccc4a481b6,ELEC-04,13,0.052,2477,801
844960fd-f1d1-2be5-6001-26ccc4a481b6,CHS-05,3,0.026,1650,1442
581e80f2-2b3d-0340-77ed-aae17ebed6c1,ENG-01,18,0.09,402,4404
581e80f2-2b3d-0340-77ed-aae17ebed6c1,TRN-02,8,0.039,311,2635
581e80f2-2b3d-0340-77ed-aae17ebed6c1,HYD-03,11,0.02,0,1136
581e80f2-2b3d-0340-77ed-aae17ebed6c1,ELEC-04,10,0.044,3324,773
581e80f2-2b3d-0340-77ed-aae17ebed6c1,CHS-05,8,0.048,991,1394
fedfc82d-1b6c-d04c-e666-fa60d0afbdc9,ENG-01,10,0.086,40,4253
fedfc82d-1b6c-d04c-e666-fa60d0afbdc9,TRN-02,9,0.042,792,2866
fedfc82d-1b6c-d04c-e666-fa60d0afbdc9,HYD-03,12,0.026,248,1105
fedfc82d-1b6c-d04c-e666-fa60d0afbdc9,ELEC-04,13,0.049,1730,871
fedfc82d-1b6c-d04c-e666-fa60d0afbdc9,CHS-05,14,0.039,0,1430
4df7eb2b-a1be-8c3a-35a1-0d41e3cef2dd,ENG-01,15,0.059,1692,4335
4df7eb2b-a1be-8c3a-35a1-0d41e3cef2dd,TRN-02,10,0.05,684,2831
4df7eb2b-a1be-8c3a-35a1-0d41e3cef2dd,HYD-03,13,0.034,1004,1106
4df7eb2b-a1be-8c3a-35a1-0d41e3cef2dd,ELEC-04,16,0.056,1818,864
4df7eb2b-a1be-8c3a-35a1-0d41e3cef2dd,CHS-05,8,0.045,2002,1465
098fd668-7ab8-39f3-25c5-ac5256d3a00f,ENG-01,8,0.066,0,4209
098fd668-7ab8-39f3-25c5-ac5256d3a00f,TRN-02,8,0.069,0,2950
098fd668-7ab8-39f3-25c5-ac5256d3a00f,HYD-03,21,0.029,1875,1148
098fd668-7ab8-39f3-25c5-ac5256d3a00f,ELEC-04,22,0.058,0,851
098fd668-7ab8-39f3-25c5-ac5256d3a00f,CHS-05,18,0.023,274,1398
2d3d5123-f10b-0f74-b3ae-04c7e53af9b4,ENG-01,19,0.074,0,3943
2d3d5123-f10b-0f74-b3ae-04c7e53af9b4,TRN-02,13,0.055,266,2672
2d3d5123-f10b-0f74-b3ae-04c7e53af9b4,HYD-03,22,0.022,751,1087
2d3d5123-f10b-0f74-b3ae-04c7e53af9b4,ELEC-04,25,0.057,778,813
2d3d5123-f10b-0f74-b3ae-04c7e53af9b4,CHS-05,22,0.012,192,1350
64b3b438-3fe6-4a7c-c891-06e7b79e72bd,ENG-01,14,0.089,1812,4709
64b3b438-3fe6-4a7c-c891-06e7b79e72bd,TRN-02,2,0.046,0,2990
64b3b438-3fe6-4a7c-c891-06e7b79e72bd,HYD-03,2,0.048,2676,1191
64b3b438-3fe6-4a7c-c891-06e7b79e72bd,ELEC-04,16,0.063,473,868
64b3b438-3fe6-4a7c-c891-06e7b79e72bd,CHS-05,16,0.015,488,1467
7ca05783-172f-b00f-ef34-b8b3d322a4e2,ENG-01,13,0.061,0,4089
7ca05783-172f-b00f-ef34-b8b3d322a4e2,TRN-02,22,0.057,1892,2525
7ca05783-172f-b00f-ef34-b8b3d322a4e2,HYD-03,18,0.056,4,1062
7ca05783-172f-b00f-ef34-b8b3d322a4e2,ELEC-04,21,0.069,2472,760
7ca05783-172f-b00f-ef34-b8b3d322a4e2,CHS-05,16,0.037,2242,1339
d9af0149-b79c-bbc4-bf00-20c2f607f90e,ENG-01,13,0.079,0,4319
d9af0149-b79c-bbc4-bf00-20c2f607f90e,TRN-02,9,0.039,1047,2594
d9af0149-b79c-bbc4-bf00-20c2f607f90e,HYD-03,12,0.03,0,1122
d9af0149-b79c-bbc4-bf00-20c2f607f90e,ELEC-04,16,0.066,0,780
d9af0149-b79c-bbc4-bf00-20c2f607f90e,CHS-05,14,0.044,296,1357
1b7b9e24-d870-254b-c2e5-da7b924e7508,ENG-01,13,0.055,483,4700
1b7b9e24-d870-254b-c2e5-da7b924e7508,TRN-02,8,0.055,0,2921
1b7b9e24-d870-254b-c2e5-da7b924e7508,HYD-03,12,0.024,547,1126
1b7b9e24-d870-254b-c2e5-da7b924e7508,ELEC-04,2,0.074,2364,869
1b7b9e24-d870-254b-c2e5-da7b924e7508,CHS-05,8,0.032,924,1486
3895ff0b-aa30-91d2-e464-9c0dbc658511,ENG-01,12,0.06,1608,4384
3895ff0b-aa30-91d2-e464-9c0dbc658511,TRN-02,15,0.043,752,2904
3895ff0b-aa30-91d2-e464-9c0dbc658511,HYD-03,23,0.043,20,1117
3895ff0b-aa30-91d2-e464-9c0dbc658511,ELEC-04,12,0.053,0,816
3895ff0b-aa30-91d2-e464-9c0dbc658511,CHS-05,9,0.049,959,1520
91e93988-9450-1474-3c3d-30f40bf1ef77,ENG-01,5,0.089,2295,4468
91e93988-9450-1474-3c3d-30f40bf1ef77,TRN-02,13,0.069,0,2901
91e93988-9450-1474-3c3d-30f40bf1ef77,HYD-03,4,0.044,2206,1141
91e93988-9450-1474-3c3d-30f40bf1ef77,ELEC-04,15,0.042,0,843
91e93988-9450-1474-3c3d-30f40bf1ef77,CHS-05,11,0.042,828,1473
ef98cefb-b739-66a8-8200-b8359d17e721,ENG-01,18,0.06,0,4323
ef98cefb-b739-66a8-8200-b8359d17e721,TRN-02,14,0.059,2873,2748
ef98cefb-b739-66a8-8200-b8359d17e721,HYD-03,14,0.033,245,1112
ef98cefb-b739-66a8-8200-b8359d17e721,ELEC-04,9,0.065,1837,830
ef98cefb-b739-66a8-8200-b8359d17e721,CHS-05,8,0.031,205,1374
94e359f7-e2d5-f275-949a-1b161811ef5f,ENG-01,8,0.09,742,4440
94e359f7-e2d5-f275-949a-1b161811ef5f,TRN-02,15,0.055,2706,3032
94e359f7-e2d5-f275-949a-1b161811ef5f,HYD-03,3,0.032,809,1183
94e359f7-e2d5-f275-949a-1b161811ef5f,ELEC-04,10,0.053,1434,872
94e359f7-e2d5-f275-949a-1b161811ef5f,CHS-05,4,0.015,0,1520
7836a08f-330c-2ca8-bffd-8ee6ef121624,ENG-01,22,0.084,181,4358
7836a08f-330c-2ca8-bffd-8ee6ef121624,TRN-02,18,0.062,0,2740
7836a08f-330c-2ca8-bffd-8ee6ef121624,HYD-03,8,0.043,188,1092
7836a08f-330c-2ca8-bffd-8ee6ef121624,ELEC-04,12,0.068,0,819
7836a08f-330c-2ca8-bffd-8ee6ef121624,CHS-05,13,0.015,0,1400
667f6523-eb87-3860-b477-55cbb20014ba,ENG-01,16,0.079,1059,4154
667f6523-eb87-3860-b477-55cbb20014ba,TRN-02,23,0.047,2471,2539
667f6523-eb87-3860-b477-55cbb20014ba,HYD-03,25,0.039,0,1044
667f6523-eb87-3860-b477-55cbb20014ba,ELEC-04,16,0.053,2344,743
667f6523-eb87-3860-b477-55cbb20014ba,CHS-05,25,0.019,0,1333
02590ce1-a569-7627-b1d1-13d3700ac7a0,ENG-01,19,0.064,2447,4329
02590ce1-a569-7627-b1d1-13d3700ac7a0,TRN-02,17,0.04,2458,2476
02590ce1-a569-7627-b1d1-13d3700ac7a0,HYD-03,14,0.032,3006,1087
02590ce1-a569-7627-b1d1-13d3700ac7a0,ELEC-04,6,0.078,2051,823
02590ce1-a569-7627-b1d1-13d3700ac7a0,CHS-05,18,0.011,2196,1402
2bafb506-4ea8-8e53-54a0-418efae62ffb,ENG-01,15,0.088,298,4181
2bafb506-4ea8-8e53-54a0-418efae62ffb,TRN-02,10,0.033,898,2827
2bafb506-4ea8-8e53-54a0-418efae62ffb,HYD-03,8,0.047,255,1077
2bafb506-4ea8-8e53-54a0-418efae62ffb,ELEC-04,8,0.073,0,846
2bafb506-4ea8-8e53-54a0-418efae62ffb,CHS-05,17,0.044,0,1380
ce9e9bc1-a2bd-481c-b978-256f5ad10d67,ENG-01,20,0.063,3619,4519
ce9e9bc1-a2bd-481c-b978-256f5ad10d67,TRN-02,18,0.06,102,2781
ce9e9bc1-a2bd-481c-b978-256f5ad10d67,HYD-03,19,0.057,0,1118
ce9e9bc1-a2bd-481c-b978-256f5ad10d67,ELEC-04,10,0.079,1444,803
ce9e9bc1-a2bd-481c-b978-256f5ad10d67,CHS-05,13,0.017,1450,1377
e948399a-9ffa-1fa7-d730-31d8f229db31,ENG-01,19,0.089,1576,4237
e948399a-9ffa-1fa7-d730-31d8f229db31,TRN-02,6,0.048,0,2877
e948399a-9ffa-1fa7-d730-31d8f229db31,HYD-03,19,0.059,0,1105
e948399a-9ffa-1fa7-d730-31d8f229db31,ELEC-04,16,0.054,1653,796
e948399a-9ffa-1fa7-d730-31d8f229db31,CHS-05,9,0.024,812,1402
b7f13023-1442-9b01-2114-94466584be68,ENG-01,13,0.054,2367,4173
b7f13023-1442-9b01-2114-94466584be68,TRN-02,22,0.035,4348,2504
b7f13023-1442-9b01-2114-94466584be68,HYD-03,23,0.044,2128,1065
b7f13023-1442-9b01-2114-94466584be68,ELEC-04,25,0.058,4788,775
b7f13023-1442-9b01-2114-94466584be68,CHS-05,14,0.023,1801,1350
ea2840cd-b8de-2bf6-07a4-6efd543b4d61,ENG-01,20,0.067,4010,4120
ea2840cd-b8de-2bf6-07a4-6efd543b4d61,TRN-02,19,0.053,0,2817
ea2840cd-b8de-2bf6-07a4-6efd543b4d61,HYD-03,6,0.033,1082,1095
ea2840cd-b8de-2bf6-07a4-6efd543b4d61,ELEC-04,17,0.076,1486,816
ea2840cd-b8de-2bf6-07a4-6efd543b4d61,CHS-05,8,0.038,762,1375
6863675a-ef87-c89f-5062-e31ab27cb5b7,ENG-01,13,0.062,38,4551
6863675a-ef87-c89f-5062-e31ab27cb5b7,TRN-02,3,0.047,2034,2757
6863675a-ef87-c89f-5062-e31ab27cb5b7,HYD-03,16,0.035,2693,1184
6863675a-ef87-c89f-5062-e31ab27cb5b7,ELEC-04,16,0.08,1847,848
6863675a-ef87-c89f-5062-e31ab27cb5b7,CHS-05,12,0.01,1527,1427
b2b97909-f3a5-e34c-4dea-9fd762603e0d,ENG-01,6,0.081,2365,4562
b2b97909-f3a5-e34c-4dea-9fd762603e0d,TRN-02,14,0.039,793,2808
b2b97909-f3a5-e34c-4dea-9fd762603e0d,HYD-03,11,0.031,135,1194
b2b97909-f3a5-e34c-4dea-9fd762603e0d,ELEC-04,9,0.049,1877,844
b2b97909-f3a5-e34c-4dea-9fd762603e0d,CHS-05,14,0.027,1431,1496
3f5be8b8-3c44-05d1-84fb-348009dd83f2,ENG-01,7,0.064,4183,4498
3f5be8b8-3c44-05d1-84fb-348009dd83f2,TRN-02,12,0.063,1209,2798
3f5be8b8-3c44-05d1-84fb-348009dd83f2,HYD-03,11,0.036,2101,1185
3f5be8b8-3c44-05d1-84fb-348009dd83f2,ELEC-04,14,0.043,2761,851
3f5be8b8-3c44-05d1-84fb-348009dd83f2,CHS-05,6,0.037,0,1461
128d7402-c597-9d24-d649-d7d950deb235,ENG-01,12,0.078,0,4584
128d7402-c597-9d24-d649-d7d950deb235,TRN-02,7,0.049,116,2727
128d7402-c597-9d24-d649-d7d950deb235,HYD-03,10,0.051,0,1176
128d7402-c597-9d24-d649-d7d950deb235,ELEC-04,5,0.08,434,840
128d7402-c597-9d24-d649-d7d950deb235,CHS-05,3,0.012,945,1470
e20e42b7-038c-db7c-0694-e8dccf6dc3c8,ENG-01,4,0.077,105,4591
e20e42b7-038c-db7c-0694-e8dccf6dc3c8,TRN-02,13,0.037,628,3096
e20e42b7-038c-db7c-0694-e8dccf6dc3c8,HYD-03,11,0.043,83,1167
e20e42b7-038c-db7c-0694-e8dccf6dc3c8,ELEC-04,3,0.069,0,890
e20e42b7-038c-db7c-0694-e8dccf6dc3c8,CHS-05,11,0.035,1249,1487
69966f25-1e20-06e1-2d8d-f0275dcaeff7,ENG-01,5,0.058,0,4559
69966f25-1e20-06e1-2d8d-f0275dcaeff7,TRN-02,2,0.037,1518,2976
69966f25-1e20-06e1-2d8d-f0275dcaeff7,HYD-03,12,0.036,0,1184
69966f25-1e20-06e1-2d8d-f0275dcaeff7,ELEC-04,2,0.079,1378,877
69966f25-1e20-06e1-2d8d-f0275dcaeff7,CHS-05,4,0.024,1448,1549
243b60a8-25f5-3d1e-6431-b9f545e7da8c,ENG-01,17,0.089,0,3941
243b60a8-25f5-3d1e-6431-b9f545e7da8c,TRN-02,21,0.061,0,2690
243b60a8-25f5-3d1e-6431-b9f545e7da8c,HYD-03,14,0.042,0,1064
243b60a8-25f5-3d1e-6431-b9f545e7da8c,ELEC-04,13,0.068,0,831
243b60a8-25f5-3d1e-6431-b9f545e7da8c,CHS-05,11,0.019,32,1394
1bc5fe63-3202-c9af-d644-5729e5acc117,ENG-01,11,0.06,1425,4148
1bc5fe63-3202-c9af-d644-5729e5acc117,TRN-02,13,0.057,822,2607
1bc5fe63-3202-c9af-d644-5729e5acc117,HYD-03,23,0.026,2113,1065
1bc5fe63-3202-c9af-d644-5729e5acc117,ELEC-04,21,0.073,0,747
1bc5fe63-3202-c9af-d644-5729e5acc117,CHS-05,21,0.044,2602,1380
7d49aef2-ae42-854b-d127-3e167cafc179,ENG-01,8,0.066,0,4144
7d49aef2-ae42-854b-d127-3e167cafc179,TRN-02,10,0.069,0,2782
7d49aef2-ae42-854b-d127-3e167cafc179,HYD-03,7,0.035,908,1069
7d49aef2-ae42-854b-d127-3e167cafc179,ELEC-04,10,0.049,2034,809
7d49aef2-ae42-854b-d127-3e167cafc179,CHS-05,18,0.047,1020,1368
9b8daffd-2aa7-9b9e-cf10-39ce27807b2c,ENG-01,13,0.061,2797,4762
9b8daffd-2aa7-9b9e-cf10-39ce27807b2c,TRN-02,6,0.062,235,2981
9b8daffd-2aa7-9b9e-cf10-39ce27807b2c,HYD-03,9,0.044,830,1198
9b8daffd-2aa7-9b9e-cf10-39ce27807b2c,ELEC-04,5,0.045,0,854
9b8daffd-2aa7-9b9e-cf10-39ce27807b2c,CHS-05,8,0.045,2627,1530
82950a75-83c6-10a9-bf58-948a4d818c3b,ENG-01,10,0.071,1768,4376
82950a75-83c6-10a9-bf58-948a4d818c3b,TRN-02,12,0.057,314,2804
82950a75-83c6-10a9-bf58-948a4d818c3b,HYD-03,10,0.04,2270,1099
82950a75-83c6-10a9-bf58-948a4d818c3b,ELEC-04,18,0.063,707,797
82950a75-83c6-10a9-bf58-948a4d818c3b,CHS-05,18,0.017,205,1435
71151d25-a20b-57fe-65f4-f141d635bd6d,ENG-01,12,0.081,0,4708
71151d25-a20b-57fe-65f4-f141d635bd6d,TRN-02,4,0.064,0,2851
71151d25-a20b-57fe-65f4-f141d635bd6d,HYD-03,14,0.055,412,1147
71151d25-a20b-57fe-65f4-f141d635bd6d,ELEC-04,11,0.072,0,844
71151d25-a20b-57fe-65f4-f141d635bd6d,CHS-05,16,0.038,424,1489
03dd01b6-4237-0db7-f6f8-563e8ab3fee7,ENG-01,14,0.061,1423,4623
03dd01b6-4237-0db7-f6f8-563e8ab3fee7,TRN-02,8,0.047,0,2979
03dd01b6-4237-0db7-f6f8-563e8ab3fee7,HYD-03,11,0.03,143,1144
03dd01b6-4237-0db7-f6f8-563e8ab3fee7,ELEC-04,12,0.044,0,850
03dd01b6-4237-0db7-f6f8-563e8ab3fee7,CHS-05,8,0.011,0,1502
202d5bc9-1b92-1322-3801-75f703109821,ENG-01,9,0.052,1135,4401
202d5bc9-1b92-1322-3801-75f703109821,TRN-02,15,0.066,291,2731
202d5bc9-1b92-1322-3801-75f703109821,HYD-03,10,0.026,304,1071
202d5bc9-1b92-1322-3801-75f703109821,ELEC-04,11,0.04,75,798
202d5bc9-1b92-1322-3801-75f703109821,CHS-05,12,0.028,0,1503
208c3c92-0bc1-57c3-cb87-176e960136cb,ENG-01,17,0.053,260,4249
208c3c92-0bc1-57c3-cb87-176e960136cb,TRN-02,21,0.07,1910,2707
208c3c92-0bc1-57c3-cb87-176e960136cb,HYD-03,16,0.048,2339,1084
208c3c92-0bc1-57c3-cb87-176e960136cb,ELEC-04,14,0.07,2395,771
208c3c92-0bc1-57c3-cb87-176e960136cb,CHS-05,16,0.013,1564,1345
2b3ea375-c283-c1f4-02bd-6d1ff698ca03,ENG-01,7,0.07,0,4022
2b3ea375-c283-c1f4-02bd-6d1ff698ca03,TRN-02,20,0.057,0,2838
2b3ea375-c283-c1f4-02bd-6d1ff698ca03,HYD-03,7,0.023,1576,1054
2b3ea375-c283-c1f4-02bd-6d1ff698ca03,ELEC-04,11,0.041,623,806
2b3ea375-c283-c1f4-02bd-6d1ff698ca03,CHS-05,13,0.01,0,1424
1337548e-524f-a9f9-c345-059afc8fef65,ENG-01,23,0.085,400,4502
1337548e-524f-a9f9-c345-059afc8fef65,TRN-02,17,0.032,1873,2808
1337548e-524f-a9f9-c345-059afc8fef65,HYD-03,19,0.055,1940,1153
1337548e-524f-a9f9-c345-059afc8fef65,ELEC-04,21,0.042,54,836
1337548e-524f-a9f9-c345-059afc8fef65,CHS-05,18,0.021,1801,1481
bc257b39-79e3-5b51-cd96-41ff9123cc4f,ENG-01,19,0.056,1006,4296
bc257b39-79e3-5b51-cd96-41ff9123cc4f,TRN-02,12,0.031,556,2762
bc257b39-79e3-5b51-cd96-41ff9123cc4f,HYD-03,9,0.047,1245,1045
bc257b39-79e3-5b51-cd96-41ff9123cc4f,ELEC-04,15,0.043,517,819
bc257b39-79e3-5b51-cd96-41ff9123cc4f,CHS-05,17,0.034,745,1413
51cc5160-5224-767c-cbe8-b051f0442625,ENG-01,11,0.087,0,4478
51cc5160-5224-767c-cbe8-b051f0442625,TRN-02,10,0.061,0,2975
51cc5160-5224-767c-cbe8-b051f0442625,HYD-03,15,0.048,1451,1178
51cc5160-5224-767c-cbe8-b051f0442625,ELEC-04,3,0.044,1023,841
51cc5160-5224-767c-cbe8-b051f0442625,CHS-05,15,0.033,0,1527
f9b31011-b58b-633b-aa3d-548f2bd7e83c,ENG-01,11,0.081,0,4285
f9b31011-b58b-633b-aa3d-548f2bd7e83c,TRN-02,15,0.042,0,2482
f9b31011-b58b-633b-aa3d-548f2bd7e83c,HYD-03,24,0.039,0,1084
f9b31011-b58b-633b-aa3d-548f2bd7e83c,ELEC-04,21,0.051,0,759
f9b31011-b58b-633b-aa3d-548f2bd7e83c,CHS-05,19,0.013,0,1381
41f0a8a6-991a-fa69-54e0-dd9241fa4b1c,ENG-01,19,0.073,0,4207
41f0a8a6-991a-fa69-54e0-dd9241fa4b1c,TRN-02,7,0.048,617,2690
41f0a8a6-991a-fa69-54e0-dd9241fa4b1c,HYD-03,17,0.024,74,1077
41f0a8a6-991a-fa69-54e0-dd9241fa4b1c,ELEC-04,7,0.047,863,808
41f0a8a6-991a-fa69-54e0-dd9241fa4b1c,CHS-05,14,0.029,337,1392
f0230cf1-e685-0ed0-1bfc-cdff0885ad48,ENG-01,6,0.087,0,4317
f0230cf1-e685-0ed0-1bfc-cdff0885ad48,TRN-02,18,0.032,0,2452
f0230cf1-e685-0ed0-1bfc-cdff0885ad48,HYD-03,20,0.058,0,1103
f0230cf1-e685-0ed0-1bfc-cdff0885ad48,ELEC-04,15,0.055,0,776
f0230cf1-e685-0ed0-1bfc-cdff0885ad48,CHS-05,10,0.02,0,1392
7670260f-f66e-90ac-d91a-4018522ae086,ENG-01,23,0.056,0,4423
7670260f-f66e-90ac-d91a-4018522ae086,TRN-02,15,0.063,0,2658
7670260f-f66e-90ac-d91a-4018522ae086,HYD-03,19,0.051,0,1161
7670260f-f66e-90ac-d91a-4018522ae086,ELEC-04,13,0.04,0,829
7670260f-f66e-90ac-d91a-4018522ae086,CHS-05,16,0.04,0,1437
b7dc0ca8-b16a-26fe-6e88-62dcb88feab6,ENG-01,22,0.052,1582,4222
b7dc0ca8-b16a-26fe-6e88-62dcb88feab6,TRN-02,18,0.032,0,3058
b7dc0ca8-b16a-26fe-6e88-62dcb88feab6,HYD-03,14,0.051,1182,1173
b7dc0ca8-b16a-26fe-6e88-62dcb88feab6,ELEC-04,9,0.051,257,817
b7dc0ca8-b16a-26fe-6e88-62dcb88feab6,CHS-05,14,0.031,183,1408
ba71c575-ebc6-77a6-bb20-2688b9693e1a,ENG-01,21,0.054,0,4031
ba71c575-ebc6-77a6-bb20-2688b9693e1a,TRN-02,11,0.062,0,2828
ba71c575-ebc6-77a6-bb20-2688b9693e1a,HYD-03,13,0.056,857,1079
ba71c575-ebc6-77a6-bb20-2688b9693e1a,ELEC-04,14,0.056,0,825
ba71c575-ebc6-77a6-bb20-2688b9693e1a,CHS-05,14,0.03,1610,1370
d1fb6080-0d78-95cb-1f17-fce49612acb1,ENG-01,7,0.051,0,4661
d1fb6080-0d78-95cb-1f17-fce49612acb1,TRN-02,13,0.034,1822,2874
d1fb6080-0d78-95cb-1f17-fce49612acb1,HYD-03,7,0.051,3809,1149
d1fb6080-0d78-95cb-1f17-fce49612acb1,ELEC-04,12,0.055,1714,843
d1fb6080-0d78-95cb-1f17-fce49612acb1,CHS-05,11,0.031,0,1468
bb81284a-edbe-ef81-914d-e7507ecb5c7a,ENG-01,9,0.09,2671,4330
bb81284a-edbe-ef81-914d-e7507ecb5c7a,TRN-02,16,0.043,879,2498
bb81284a-edbe-ef81-914d-e7507ecb5c7a,HYD-03,11,0.055,801,1055
bb81284a-edbe-ef81-914d-e7507ecb5c7a,ELEC-04,19,0.053,1802,757
bb81284a-edbe-ef81-914d-e7507ecb5c7a,CHS-05,13,0.039,2713,1411
dfadf238-65e8-f701-c93d-56e0e32a4723,ENG-01,8,0.077,2469,4455
dfadf238-65e8-f701-c93d-56e0e32a4723,TRN-02,10,0.037,2191,2621
dfadf238-65e8-f701-c93d-56e0e32a4723,HYD-03,15,0.047,0,1091
dfadf238-65e8-f701-c93d-56e0e32a4723,ELEC-04,19,0.061,0,784
dfadf238-65e8-f701-c93d-56e0e32a4723,CHS-05,14,0.035,1724,1460
52c3bcf5-916b-8c55-3b8c-cad4e05315db,ENG-01,11,0.072,0,4556
52c3bcf5-916b-8c55-3b8c-cad4e05315db,TRN-02,21,0.058,0,2709
52c3bcf5-916b-8c55-3b8c-cad4e05315db,HYD-03,15,0.041,0,1142
52c3bcf5-916b-8c55-3b8c-cad4e05315db,ELEC-04,9,0.07,0,820
52c3bcf5-916b-8c55-3b8c-cad4e05315db,CHS-05,20,0.013,0,1442
885d2243-f0bd-bed6-aeae-9f5a41c133c6,ENG-01,13,0.068,1757,4346
885d2243-f0bd-bed6-aeae-9f5a41c133c6,TRN-02,14,0.041,130,2944
885d2243-f0bd-bed6-aeae-9f5a41c133c6,HYD-03,18,0.049,578,1114
885d2243-f0bd-bed6-aeae-9f5a41c133c6,ELEC-04,12,0.078,1238,813
885d2243-f0bd-bed6-aeae-9f5a41c133c6,CHS-05,19,0.017,69,1475
06fba2fa-fb42-7dbf-124c-3ef6d03e901f,ENG-01,9,0.09,0,4263
06fba2fa-fb42-7dbf-124c-3ef6d03e901f,TRN-02,10,0.047,538,3088
06fba2fa-fb42-7dbf-124c-3ef6d03e901f,HYD-03,9,0.024,36,1174
06fba2fa-fb42-7dbf-124c-3ef6d03e901f,ELEC-04,8,0.061,0,902
06fba2fa-fb42-7dbf-124c-3ef6d03e901f,CHS-05,10,0.047,0,1493
f164fc81-4a47-83d6-a70a-436c7f2e754e,ENG-01,10,0.085,227,4312
f164fc81-4a47-83d6-a70a-436c7f2e754e,TRN-02,11,0.063,736,3042
f164fc81-4a47-83d6-a70a-436c7f2e754e,HYD-03,11,0.048,0,1171
f164fc81-4a47-83d6-a70a-436c7f2e754e,ELEC-04,6,0.065,0,866
f164fc81-4a47-83d6-a70a-436c7f2e754e,CHS-05,8,0.038,1381,1517
6cda16fc-1f1d-acdd-16a5-4a91036a1b02,ENG-01,11,0.088,0,4520
6cda16fc-1f1d-acdd-16a5-4a91036a1b02,TRN-02,21,0.039,0,2783
6cda16fc-1f1d-acdd-16a5-4a91036a1b02,HYD-03,14,0.041,1176,1137
6cda16fc-1f1d-acdd-16a5-4a91036a1b02,ELEC-04,16,0.07,85,801
6cda16fc-1f1d-acdd-16a5-4a91036a1b02,CHS-05,17,0.01,0,1457
279f4346-87de-d253-db69-e21f1f3e3ffe,ENG-01,23,0.079,1668,4458
279f4346-87de-d253-db69-e21f1f3e3ffe,TRN-02,13,0.067,1270,2976
279f4346-87de-d253-db69-e21f1f3e3ffe,HYD-03,23,0.045,0,1133
279f4346-87de-d253-db69-e21f1f3e3ffe,ELEC-04,17,0.079,0,794
279f4346-87de-d253-db69-e21f1f3e3ffe,CHS-05,9,0.016,224,1459
54c1cb9a-cf06-f294-03a5-9f37f157c2cc,ENG-01,23,0.078,0,4195
54c1cb9a-cf06-f294-03a5-9f37f157c2cc,TRN-02,11,0.059,0,2692
54c1cb9a-cf06-f294-03a5-9f37f157c2cc,HYD-03,17,0.035,423,1106
54c1cb9a-cf06-f294-03a5-9f37f157c2cc,ELEC-04,11,0.062,0,733
54c1cb9a-cf06-f294-03a5-9f37f157c2cc,CHS-05,12,0.022,0,1389
a2058d5c-17a6-b624-a2fa-2326942e4b7e,ENG-01,9,0.063,417,4546
a2058d5c-17a6-b624-a2fa-2326942e4b7e,TRN-02,16,0.04,829,2898
a2058d5c-17a6-b624-a2fa-2326942e4b7e,HYD-03,8,0.027,0,1127
a2058d5c-17a6-b624-a2fa-2326942e4b7e,ELEC-04,5,0.041,0,865
a2058d5c-17a6-b624-a2fa-2326942e4b7e,CHS-05,11,0.028,0,1420
788a955b-08b4-f61b-c749-4ccf96b36c14,ENG-01,9,0.067,0,4324
788a955b-08b4-f61b-c749-4ccf96b36c14,TRN-02,17,0.046,0,2719
788a955b-08b4-f61b-c749-4ccf96b36c14,HYD-03,18,0.021,630,1145
788a955b-08b4-f61b-c749-4ccf96b36c14,ELEC-04,19,0.048,2793,833
788a955b-08b4-f61b-c749-4ccf96b36c14,CHS-05,23,0.039,0,1460
ba48a2fa-adfd-1eeb-6bb6-e1df97e722ae,ENG-01,23,0.065,0,4537
ba48a2fa-adfd-1eeb-6bb6-e1df97e722ae,TRN-02,20,0.067,74,2717
ba48a2fa-adfd-1eeb-6bb6-e1df97e722ae,HYD-03,10,0.021,0,1134
ba48a2fa-adfd-1eeb-6bb6-e1df97e722ae,ELEC-04,19,0.054,0,800
ba48a2fa-adfd-1eeb-6bb6-e1df97e722ae,CHS-05,21,0.024,0,1449
34fa01db-d45c-696f-0702-54095d23fbc8,ENG-01,14,0.087,0,4186
34fa01db-d45c-696f-0702-54095d23fbc8,TRN-02,18,0.064,2562,2737
34fa01db-d45c-696f-0702-54095d23fbc8,HYD-03,6,0.054,272,1073
34fa01db-d45c-696f-0702-54095d23fbc8,ELEC-04,9,0.064,61,792
34fa01db-d45c-696f-0702-54095d23fbc8,CHS-05,17,0.04,1518,1361
b4349a7a-60a1-a0ac-545d-2d51c59c7f84,ENG-01,18,0.062,0,4287
b4349a7a-60a1-a0ac-545d-2d51c59c7f84,TRN-02,10,0.05,0,2718
b4349a7a-60a1-a0ac-545d-2d51c59c7f84,HYD-03,15,0.034,1230,1065
b4349a7a-60a1-a0ac-545d-2d51c59c7f84,ELEC-04,18,0.073,2935,791
b4349a7a-60a1-a0ac-545d-2d51c59c7f84,CHS-05,7,0.046,1213,1406
5887e3fc-ece5-9788-446f-e7cb88ba4d46,ENG-01,9,0.068,0,4487
5887e3fc-ece5-9788-446f-e7cb88ba4d46,TRN-02,13,0.043,1711,2982
5887e3fc-ece5-9788-446f-e7cb88ba4d46,HYD-03,11,0.02,2663,1166
5887e3fc-ece5-9788-446f-e7cb88ba4d46,ELEC-04,3,0.066,0,849
5887e3fc-ece5-9788-446f-e7cb88ba4d46,CHS-05,15,0.046,798,1478
d44517a9-817e-82f5-5373-0506d6c96535,ENG-01,15,0.082,940,4388
d44517a9-817e-82f5-5373-0506d6c96535,TRN-02,19,0.065,0,2769
d44517a9-817e-82f5-5373-0506d6c96535,HYD-03,9,0.039,677,1113
d44517a9-817e-82f5-5373-0506d6c96535,ELEC-04,19,0.074,0,810
d44517a9-817e-82f5-5373-0506d6c96535,CHS-05,11,0.036,2288,1397
e128ab02-9839-88b1-09d9-22b26d83dbff,ENG-01,21,0.069,546,4280
e128ab02-9839-88b1-09d9-22b26d83dbff,TRN-02,20,0.042,843,2717
e128ab02-9839-88b1-09d9-22b26d83dbff,HYD-03,12,0.032,2027,1098
e128ab02-9839-88b1-09d9-22b26d83dbff,ELEC-04,9,0.049,411,849
e128ab02-9839-88b1-09d9-22b26d83dbff,CHS-05,17,0.025,747,1426
6c352502-65df-484c-5002-8fd06f66bdde,ENG-01,8,0.083,602,4621
6c352502-65df-484c-5002-8fd06f66bdde,TRN-02,5,0.04,0,2994
6c352502-65df-484c-5002-8fd06f66bdde,HYD-03,7,0.037,0,1139
6c352502-65df-484c-5002-8fd06f66bdde,ELEC-04,12,0.06,0,859
6c352502-65df-484c-5002-8fd06f66bdde,CHS-05,14,0.042,0,1528
87be19d9-b66c-fb06-b5bf-0c5dd64af64b,ENG-01,20,0.058,0,4441
87be19d9-b66c-fb06-b5bf-0c5dd64af64b,TRN-02,18,0.059,0,2747
87be19d9-b66c-fb06-b5bf-0c5dd64af64b,HYD-03,9,0.059,0,1120
87be19d9-b66c-fb06-b5bf-0c5dd64af64b,ELEC-04,13,0.075,819,808
87be19d9-b66c-fb06-b5bf-0c5dd64af64b,CHS-05,12,0.029,1263,1415
05dc6281-d895-ac44-f12b-2e601e1608af,ENG-01,13,0.05,925,4575
05dc6281-d895-ac44-f12b-2e601e1608af,TRN-02,13,0.048,0,2708
05dc6281-d895-ac44-f12b-2e601e1608af,HYD-03,14,0.038,1288,1116
05dc6281-d895-ac44-f12b-2e601e1608af,ELEC-04,16,0.073,26,792
05dc6281-d895-ac44-f12b-2e601e1608af,CHS-05,21,0.037,0,1403
cc73dbb6-f4ca-80d0-df0a-bad06d80c9cd,ENG-01,22,0.079,1909,4125
cc73dbb6-f4ca-80d0-df0a-bad06d80c9cd,TRN-02,18,0.057,1347,2738
cc73dbb6-f4ca-80d0-df0a-bad06d80c9cd,HYD-03,21,0.024,1225,1061
cc73dbb6-f4ca-80d0-df0a-bad06d80c9cd,ELEC-04,22,0.047,0,813
cc73dbb6-f4ca-80d0-df0a-bad06d80c9cd,CHS-05,19,0.024,3114,1358
5dec2d3e-114d-9f64-5e47-695d4f882126,ENG-01,15,0.06,1149,4403
5dec2d3e-114d-9f64-5e47-695d4f882126,TRN-02,15,0.053,985,2810
5dec2d3e-114d-9f64-5e47-695d4f882126,HYD-03,9,0.035,1463,1144
5dec2d3e-114d-9f64-5e47-695d4f882126,ELEC-04,17,0.042,0,838
5dec2d3e-114d-9f64-5e47-695d4f882126,CHS-05,14,0.015,373,1443
a186b41d-e071-de99-c4a5-fe75ade1d63c,ENG-01,4,0.081,0,4387
a186b41d-e071-de99-c4a5-fe75ade1d63c,TRN-02,15,0.059,868,3038
a186b41d-e071-de99-c4a5-fe75ade1d63c,HYD-03,11,0.049,403,1178
a186b41d-e071-de99-c4a5-fe75ade1d63c,ELEC-04,5,0.04,0,909
a186b41d-e071-de99-c4a5-fe75ade1d63c,CHS-05,14,0.027,1155,1561
3a3eecc4-e941-29fc-e922-d9282b5d60c9,ENG-01,14,0.077,5559,4325
3a3eecc4-e941-29fc-e922-d9282b5d60c9,TRN-02,20,0.042,6430,2700
3a3eecc4-e941-29fc-e922-d9282b5d60c9,HYD-03,9,0.023,5260,1142
3a3eecc4-e941-29fc-e922-d9282b5d60c9,ELEC-04,14,0.074,4525,824
3a3eecc4-e941-29fc-e922-d9282b5d60c9,CHS-05,14,0.024,4719,1390
0c7b9e42-f1fb-255a-492e-55b77edc848c,ENG-01,15,0.087,350,4190
0c7b9e42-f1fb-255a-492e-55b77edc848c,TRN-02,14,0.042,810,2784
0c7b9e42-f1fb-255a-492e-55b77edc848c,HYD-03,11,0.056,469,1134
0c7b9e42-f1fb-255a-492e-55b77edc848c,ELEC-04,8,0.041,121,790
0c7b9e42-f1fb-255a-492e-55b77edc848c,CHS-05,17,0.039,1419,1427
d8c331a4-74de-6890-abc5-437475c1bb3f,ENG-01,20,0.062,1887,4448
d8c331a4-74de-6890-abc5-437475c1bb3f,TRN-02,10,0.04,4528,2809
d8c331a4-74de-6890-abc5-437475c1bb3f,HYD-03,18,0.034,894,1113
d8c331a4-74de-6890-abc5-437475c1bb3f,ELEC-04,14,0.069,2567,830
d8c331a4-74de-6890-abc5-437475c1bb3f,CHS-05,12,0.011,1802,1440
a82b4d32-f4ab-3dd8-222b-471fa36c6208,ENG-01,23,0.051,418,4498
a82b4d32-f4ab-3dd8-222b-471fa36c6208,TRN-02,11,0.057,1876,2676
a82b4d32-f4ab-3dd8-222b-471fa36c6208,HYD-03,21,0.039,2096,1188
a82b4d32-f4ab-3dd8-222b-471fa36c6208,ELEC-04,13,0.059,3636,828
a82b4d32-f4ab-3dd8-222b-471fa36c6208,CHS-05,19,0.045,265,1458
dcb03655-56e3-03f3-7059-435471c80699,ENG-01,18,0.074,468,4298
dcb03655-56e3-03f3-7059-435471c80699,TRN-02,18,0.032,2358,2937
dcb03655-56e3-03f3-7059-435471c80699,HYD-03,18,0.02,1035,1105
dcb03655-56e3-03f3-7059-435471c80699,ELEC-04,22,0.042,1993,820
dcb03655-56e3-03f3-7059-435471c80699,CHS-05,19,0.012,0,1462
041ed0c1-2b97-cc82-d0da-c7b439cf9c18,ENG-01,6,0.089,2092,4654
041ed0c1-2b97-cc82-d0da-c7b439cf9c18,TRN-02,5,0.05,1013,2789
041ed0c1-2b97-cc82-d0da-c7b439cf9c18,HYD-03,9,0.025,1567,1183
041ed0c1-2b97-cc82-d0da-c7b439cf9c18,ELEC-04,10,0.072,2655,836
041ed0c1-2b97-cc82-d0da-c7b439cf9c18,CHS-05,2,0.05,2386,1478
c0498b6b-3b65-748a-298a-24ec58142b17,ENG-01,12,0.09,0,4089
c0498b6b-3b65-748a-298a-24ec58142b17,TRN-02,20,0.065,2207,2673
c0498b6b-3b65-748a-298a-24ec58142b17,HYD-03,14,0.045,0,1079
c0498b6b-3b65-748a-298a-24ec58142b17,ELEC-04,11,0.048,0,756
c0498b6b-3b65-748a-298a-24ec58142b17,CHS-05,23,0.043,0,1398
5437781b-6fb5-f18d-b460-81220ade1424,ENG-01,11,0.057,395,4199
5437781b-6fb5-f18d-b460-81220ade1424,TRN-02,17,0.053,0,2776
5437781b-6fb5-f18d-b460-81220ade1424,HYD-03,16,0.027,780,1118
5437781b-6fb5-f18d-b460-81220ade1424,ELEC-04,10,0.047,45,805
5437781b-6fb5-f18d-b460-81220ade1424,CHS-05,17,0.024,2757,1414
3ef87de7-8822-299b-7dab-2a26efc73b4e,ENG-01,13,0.057,2495,4315
3ef87de7-8822-299b-7dab-2a26efc73b4e,TRN-02,17,0.044,0,2561
3ef87de7-8822-299b-7dab-2a26efc73b4e,HYD-03,12,0.024,799,1135
3ef87de7-8822-299b-7dab-2a26efc73b4e,ELEC-04,14,0.074,0,800
3ef87de7-8822-299b-7dab-2a26efc73b4e,CHS-05,20,0.018,0,1409
7d82d6fb-9c31-576b-d74e-4343a6f9d8ce,ENG-01,20,0.051,0,4191
7d82d6fb-9c31-576b-d74e-4343a6f9d8ce,TRN-02,12,0.053,3447,2644
7d82d6fb-9c31-576b-d74e-4343a6f9d8ce,HYD-03,14,0.029,1147,1087
7d82d6fb-9c31-576b-d74e-4343a6f9d8ce,ELEC-04,18,0.055,2643,786
7d82d6fb-9c31-576b-d74e-4343a6f9d8ce,CHS-05,17,0.047,475,1385
9def9981-d469-9275-33dd-b582b6ac2053,ENG-01,17,0.061,0,4283
9def9981-d469-9275-33dd-b582b6ac2053,TRN-02,19,0.03,2059,2641
9def9981-d469-9275-33dd-b582b6ac2053,HYD-03,18,0.022,0,1065
9def9981-d469-9275-33dd-b582b6ac2053,ELEC-04,13,0.067,1433,775
9def9981-d469-9275-33dd-b582b6ac2053,CHS-05,14,0.032,0,1381
1a6953df-edfb-6798-8a0e-cfc7c554733e,ENG-01,19,0.056,0,4448
1a6953df-edfb-6798-8a0e-cfc7c554733e,TRN-02,17,0.049,2023,2728
1a6953df-edfb-6798-8a0e-cfc7c554733e,HYD-03,18,0.053,0,1114
1a6953df-edfb-6798-8a0e-cfc7c554733e,ELEC-04,15,0.045,783,806
1a6953df-edfb-6798-8a0e-cfc7c554733e,CHS-05,20,0.011,0,1434
fec7e4bf-98c7-1f25-0b5d-575450cb2540,ENG-01,13,0.079,0,4114
fec7e4bf-98c7-1f25-0b5d-575450cb2540,TRN-02,8,0.059,3508,2764
fec7e4bf-98c7-1f25-0b5d-575450cb2540,HYD-03,9,0.051,1019,1048
fec7e4bf-98c7-1f25-0b5d-575450cb2540,ELEC-04,12,0.044,501,812
fec7e4bf-98c7-1f25-0b5d-575450cb2540,CHS-05,12,0.035,1040,1347
bf88fffc-937c-4500-2482-56571a1416f6,ENG-01,13,0.082,0,4383
bf88fffc-937c-4500-2482-56571a1416f6,TRN-02,14,0.05,1348,2788
bf88fffc-937c-4500-2482-56571a1416f6,HYD-03,10,0.054,0,1099
bf88fffc-937c-4500-2482-56571a1416f6,ELEC-04,19,0.058,744,791
bf88fffc-937c-4500-2482-56571a1416f6,CHS-05,16,0.013,295,1397
482eaae7-823c-6314-6888-b9c1cfbf8590,ENG-01,9,0.061,6974,4502
482eaae7-823c-6314-6888-b9c1cfbf8590,TRN-02,11,0.039,0,2666
482eaae7-823c-6314-6888-b9c1cfbf8590,HYD-03,13,0.021,0,1138
482eaae7-823c-6314-6888-b9c1cfbf8590,ELEC-04,17,0.072,0,800
482eaae7-823c-6314-6888-b9c1cfbf8590,CHS-05,14,0.028,0,1432
4fac316b-1e16-4d10-476e-60105c1c29a2,ENG-01,16,0.058,2441,4072
4fac316b-1e16-4d10-476e-60105c1c29a2,TRN-02,19,0.056,1364,2961
4fac316b-1e16-4d10-476e-60105c1c29a2,HYD-03,22,0.054,990,1104
4fac316b-1e16-4d10-476e-60105c1c29a2,ELEC-04,21,0.045,0,892
4fac316b-1e16-4d10-476e-60105c1c29a2,CHS-05,17,0.012,1480,1455
d6312018-6797-e763-1d1a-8fd22d643277,ENG-01,8,0.053,556,4330
d6312018-6797-e763-1d1a-8fd22d643277,TRN-02,13,0.031,238,2914
d6312018-6797-e763-1d1a-8fd22d643277,HYD-03,14,0.036,0,1126
d6312018-6797-e763-1d1a-8fd22d643277,ELEC-04,20,0.055,0,890
d6312018-6797-e763-1d1a-8fd22d643277,CHS-05,9,0.02,563,1457
1ff1ab25-34e3-4719-c3f3-b1a6b130d8dc,ENG-01,11,0.058,0,4493
1ff1ab25-34e3-4719-c3f3-b1a6b130d8dc,TRN-02,5,0.041,481,3057
1ff1ab25-34e3-4719-c3f3-b1a6b130d8dc,HYD-03,4,0.032,940,1174
1ff1ab25-34e3-4719-c3f3-b1a6b130d8dc,ELEC-04,12,0.05,229,906
1ff1ab25-34e3-4719-c3f3-b1a6b130d8dc,CHS-05,16,0.012,0,1513
e4ed35f0-1600-f347-355c-1761504a1b2d,ENG-01,18,0.064,1526,4110
e4ed35f0-1600-f347-355c-1761504a1b2d,TRN-02,16,0.044,443,2754
e4ed35f0-1600-f347-355c-1761504a1b2d,HYD-03,12,0.052,1460,1088
e4ed35f0-1600-f347-355c-1761504a1b2d,ELEC-04,11,0.057,0,828
e4ed35f0-1600-f347-355c-1761504a1b2d,CHS-05,12,0.042,1741,1373
29ddfe75-5fbf-bf5a-f856-f526c79ee585,ENG-01,20,0.051,1018,4318
29ddfe75-5fbf-bf5a-f856-f526c79ee585,TRN-02,15,0.053,1281,2556
29ddfe75-5fbf-bf5a-f856-f526c79ee585,HYD-03,17,0.052,1757,1096
29ddfe75-5fbf-bf5a-f856-f526c79ee585,ELEC-04,12,0.072,1974,780
29ddfe75-5fbf-bf5a-f856-f526c79ee585,CHS-05,15,0.021,0,1360
55391973-1383-b891-5e12-48610265c4e2,ENG-01,12,0.082,996,4219
55391973-1383-b891-5e12-48610265c4e2,TRN-02,21,0.065,1079,2801
55391973-1383-b891-5e12-48610265c4e2,HYD-03,18,0.026,1450,1055
55391973-1383-b891-5e12-48610265c4e2,ELEC-04,21,0.062,1406,781
55391973-1383-b891-5e12-48610265c4e2,CHS-05,15,0.037,1566,1386
d2117771-50e3-d614-3675-604ca8f91aef,ENG-01,11,0.078,1947,4173
d2117771-50e3-d614-3675-604ca8f91aef,TRN-02,9,0.055,888,2915
d2117771-50e3-d614-3675-604ca8f91aef,HYD-03,9,0.027,516,1173
d2117771-50e3-d614-3675-604ca8f91aef,ELEC-04,21,0.067,0,863
d2117771-50e3-d614-3675-604ca8f91aef,CHS-05,9,0.036,1004,1459
2fa064df-a990-9e40-28e8-78d6cc8739ce,ENG-01,19,0.08,0,4474
2fa064df-a990-9e40-28e8-78d6cc8739ce,TRN-02,17,0.042,0,2677
2fa064df-a990-9e40-28e8-78d6cc8739ce,HYD-03,15,0.047,661,1142
2fa064df-a990-9e40-28e8-78d6cc8739ce,ELEC-04,9,0.054,2408,822
2fa064df-a990-9e40-28e8-78d6cc8739ce,CHS-05,9,0.024,0,1472
f63a9a1d-7851-aec8-2517-d65caea66644,ENG-01,25,0.063,1371,4166
f63a9a1d-7851-aec8-2517-d65caea66644,TRN-02,12,0.058,205,2548
f63a9a1d-7851-aec8-2517-d65caea66644,HYD-03,24,0.033,54,1065
f63a9a1d-7851-aec8-2517-d65caea66644,ELEC-04,21,0.047,1648,757
f63a9a1d-7851-aec8-2517-d65caea66644,CHS-05,15,0.011,0,1318
05c04988-dcec-46b4-ce8d-ec2536aaac3e,ENG-01,23,0.078,0,4195
05c04988-dcec-46b4-ce8d-ec2536aaac3e,TRN-02,18,0.042,54,2540
05c04988-dcec-46b4-ce8d-ec2536aaac3e,HYD-03,12,0.029,591,1082
05c04988-dcec-46b4-ce8d-ec2536aaac3e,ELEC-04,21,0.056,0,757
05c04988-dcec-46b4-ce8d-ec2536aaac3e,CHS-05,12,0.041,230,1364
40e82ab4-efdf-f6a0-7b0d-1d31df99c533,ENG-01,19,0.064,0,4327
40e82ab4-efdf-f6a0-7b0d-1d31df99c533,TRN-02,23,0.035,2730,2736
40e82ab4-efdf-f6a0-7b0d-1d31df99c533,HYD-03,22,0.026,979,1155
40e82ab4-efdf-f6a0-7b0d-1d31df99c533,ELEC-04,12,0.058,2661,837
40e82ab4-efdf-f6a0-7b0d-1d31df99c533,CHS-05,11,0.027,0,1492
638229da-64cf-aeb1-0c0c-f90c9ea00eb8,ENG-01,10,0.077,975,4078
638229da-64cf-aeb1-0c0c-f90c9ea00eb8,TRN-02,19,0.059,697,2777
638229da-64cf-aeb1-0c0c-f90c9ea00eb8,HYD-03,8,0.039,323,1067
638229da-64cf-aeb1-0c0c-f90c9ea00eb8,ELEC-04,20,0.064,901,851
638229da-64cf-aeb1-0c0c-f90c9ea00eb8,CHS-05,7,0.02,2108,1413
6fca373e-83d7-e0e2-a63a-82f70bb44457,ENG-01,20,0.068,557,3979
6fca373e-83d7-e0e2-a63a-82f70bb44457,TRN-02,22,0.065,0,2761
6fca373e-83d7-e0e2-a63a-82f70bb44457,HYD-03,11,0.053,0,1101
6fca373e-83d7-e0e2-a63a-82f70bb44457,ELEC-04,23,0.078,0,828
6fca373e-83d7-e0e2-a63a-82f70bb44457,CHS-05,14,0.012,0,1388
7a00065b-abc5-e09f-73e0-6737a4b6c01f,ENG-01,18,0.068,1690,4417
7a00065b-abc5-e09f-73e0-6737a4b6c01f,TRN-02,23,0.065,0,2720
7a00065b-abc5-e09f-73e0-6737a4b6c01f,HYD-03,23,0.048,0,1142
7a00065b-abc5-e09f-73e0-6737a4b6c01f,ELEC-04,16,0.05,0,810
7a00065b-abc5-e09f-73e0-6737a4b6c01f,CHS-05,16,0.043,1240,1444
1b0a6537-3710-196a-d2f6-b21c8792b14a,ENG-01,9,0.075,0,4477
1b0a6537-3710-196a-d2f6-b21c8792b14a,TRN-02,22,0.054,100,2879
1b0a6537-3710-196a-d2f6-b21c8792b14a,HYD-03,14,0.055,0,1143
1b0a6537-3710-196a-d2f6-b21c8792b14a,ELEC-04,20,0.052,828,826
1b0a6537-3710-196a-d2f6-b21c8792b14a,CHS-05,8,0.04,0,1416
7797733b-fbc3-57a0-4dd4-f0632a1e3204,ENG-01,20,0.052,0,4207
7797733b-fbc3-57a0-4dd4-f0632a1e3204,TRN-02,14,0.057,319,3003
7797733b-fbc3-57a0-4dd4-f0632a1e3204,HYD-03,19,0.036,314,1120
7797733b-fbc3-57a0-4dd4-f0632a1e3204,ELEC-04,16,0.044,0,869
7797733b-fbc3-57a0-4dd4-f0632a1e3204,CHS-05,10,0.022,1708,1502
18ad025e-0e8f-ff7f-a5c4-5a39d06f0a4e,ENG-01,24,0.065,0,4116
18ad025e-0e8f-ff7f-a5c4-5a39d06f0a4e,TRN-02,19,0.056,300,2611
18ad025e-0e8f-ff7f-a5c4-5a39d06f0a4e,HYD-03,11,0.057,51,1069
18ad025e-0e8f-ff7f-a5c4-5a39d06f0a4e,ELEC-04,15,0.055,0,816
18ad025e-0e8f-ff7f-a5c4-5a39d06f0a4e,CHS-05,15,0.032,0,1380
430cd81d-a6ae-70a6-03ac-339f647f7bab,ENG-01,16,0.08,0,4475
430cd81d-a6ae-70a6-03ac-339f647f7bab,TRN-02,18,0.066,0,2714
430cd81d-a6ae-70a6-03ac-339f647f7bab,HYD-03,11,0.032,0,1086
430cd81d-a6ae-70a6-03ac-339f647f7bab,ELEC-04,11,0.068,0,808
430cd81d-a6ae-70a6-03ac-339f647f7bab,CHS-05,8,0.027,380,1410
b2d78c5d-fb08-3cbc-ceef-efedce26967b,ENG-01,11,0.063,0,4385
b2d78c5d-fb08-3cbc-ceef-efedce26967b,TRN-02,12,0.06,0,2573
b2d78c5d-fb08-3cbc-ceef-efedce26967b,HYD-03,12,0.037,0,1084
b2d78c5d-fb08-3cbc-ceef-efedce26967b,ELEC-04,13,0.042,0,802
b2d78c5d-fb08-3cbc-ceef-efedce26967b,CHS-05,16,0.017,0,1423
df1a6156-5852-0ba8-379d-84bee75f82a4,ENG-01,21,0.069,1487,4299
df1a6156-5852-0ba8-379d-84bee75f82a4,TRN-02,12,0.067,1480,2621
df1a6156-5852-0ba8-379d-84bee75f82a4,HYD-03,20,0.041,0,1066
df1a6156-5852-0ba8-379d-84bee75f82a4,ELEC-04,25,0.077,111,777
df1a6156-5852-0ba8-379d-84bee75f82a4,CHS-05,14,0.05,0,1369
56011509-5c64-d711-7663-a46de83a2219,ENG-01,15,0.082,0,4481
56011509-5c64-d711-7663-a46de83a2219,TRN-02,19,0.054,0,2518
56011509-5c64-d711-7663-a46de83a2219,HYD-03,16,0.036,0,1034
56011509-5c64-d711-7663-a46de83a2219,ELEC-04,16,0.057,0,768
56011509-5c64-d711-7663-a46de83a2219,CHS-05,12,0.034,0,1430
b55af823-9c9f-a885-6810-07843195b7d5,ENG-01,15,0.079,0,4015
b55af823-9c9f-a885-6810-07843195b7d5,TRN-02,15,0.05,0,2551
b55af823-9c9f-a885-6810-07843195b7d5,HYD-03,14,0.038,0,1058
b55af823-9c9f-a885-6810-07843195b7d5,ELEC-04,13,0.052,0,785
b55af823-9c9f-a885-6810-07843195b7d5,CHS-05,16,0.048,0,1396
b8a46b5c-7fa2-ca45-f33f-d71961e6a7db,ENG-01,17,0.072,728,4195
b8a46b5c-7fa2-ca45-f33f-d71961e6a7db,TRN-02,19,0.064,0,2961
b8a46b5c-7fa2-ca45-f33f-d71961e6a7db,HYD-03,8,0.051,0,1142
b8a46b5c-7fa2-ca45-f33f-d71961e6a7db,ELEC-04,19,0.065,1630,848
b8a46b5c-7fa2-ca45-f33f-d71961e6a7db,CHS-05,11,0.043,0,1418
9a9d44db-16f7-18e9-09c8-b561eea15a8f,ENG-01,7,0.089,0,4182
9a9d44db-16f7-18e9-09c8-b561eea15a8f,TRN-02,17,0.038,0,2494
9a9d44db-16f7-18e9-09c8-b561eea15a8f,HYD-03,18,0.036,0,1078
9a9d44db-16f7-18e9-09c8-b561eea15a8f,ELEC-04,19,0.054,0,779
9a9d44db-16f7-18e9-09c8-b561eea15a8f,CHS-05,13,0.023,0,1352
8ed38c83-e38c-ada3-76a7-c3a6d5290a11,ENG-01,22,0.059,2061,4303
8ed38c83-e38c-ada3-76a7-c3a6d5290a11,TRN-02,22,0.044,2794,2607
8ed38c83-e38c-ada3-76a7-c3a6d5290a11,HYD-03,15,0.026,0,1065
8ed38c83-e38c-ada3-76a7-c3a6d5290a11,ELEC-04,18,0.054,1826,767
8ed38c83-e38c-ada3-76a7-c3a6d5290a11,CHS-05,14,0.039,1998,1341
64cdaf0b-0e0e-67b9-45f1-de06fb341e16,ENG-01,8,0.057,521,4077
64cdaf0b-0e0e-67b9-45f1-de06fb341e16,TRN-02,10,0.061,532,2864
64cdaf0b-0e0e-67b9-45f1-de06fb341e16,HYD-03,7,0.049,461,1065
64cdaf0b-0e0e-67b9-45f1-de06fb341e16,ELEC-04,11,0.06,2122,851
64cdaf0b-0e0e-67b9-45f1-de06fb341e16,CHS-05,18,0.032,0,1378
5d40d66d-6fc0-0947-fa18-d22fbe32b047,ENG-01,12,0.06,2080,4438
5d40d66d-6fc0-0947-fa18-d22fbe32b047,TRN-02,20,0.038,1411,2969
5d40d66d-6fc0-0947-fa18-d22fbe32b047,HYD-03,9,0.029,0,1148
5d40d66d-6fc0-0947-fa18-d22fbe32b047,ELEC-04,11,0.066,1085,825
5d40d66d-6fc0-0947-fa18-d22fbe32b047,CHS-05,15,0.028,1580,1501
6f94e5cb-e0d1-7b02-6bd3-5943c87695a0,ENG-01,10,0.053,0,4186
6f94e5cb-e0d1-7b02-6bd3-5943c87695a0,TRN-02,8,0.055,0,2511
6f94e5cb-e0d1-7b02-6bd3-5943c87695a0,HYD-03,8,0.039,0,1140
6f94e5cb-e0d1-7b02-6bd3-5943c87695a0,ELEC-04,17,0.08,981,776
6f94e5cb-e0d1-7b02-6bd3-5943c87695a0,CHS-05,9,0.033,0,1422
1f34c19b-95cb-360e-abc6-91c9323e08f5,ENG-01,16,0.062,1734,4123
1f34c19b-95cb-360e-abc6-91c9323e08f5,TRN-02,25,0.043,289,2740
1f34c19b-95cb-360e-abc6-91c9323e08f5,HYD-03,16,0.035,2263,1060
1f34c19b-95cb-360e-abc6-91c9323e08f5,ELEC-04,22,0.079,0,807
1f34c19b-95cb-360e-abc6-91c9323e08f5,CHS-05,24,0.023,749,1371
4f5cf9a7-eab6-07ff-fd66-2f98f6423c2e,ENG-01,16,0.071,870,4414
4f5cf9a7-eab6-07ff-fd66-2f98f6423c2e,TRN-02,18,0.059,41,2698
4f5cf9a7-eab6-07ff-fd66-2f98f6423c2e,HYD-03,18,0.032,443,1093
4f5cf9a7-eab6-07ff-fd66-2f98f6423c2e,ELEC-04,7,0.043,1418,779
4f5cf9a7-eab6-07ff-fd66-2f98f6423c2e,CHS-05,15,0.027,918,1352
3c7696c1-d02a-f8f7-579f-966daf95492a,ENG-01,21,0.07,2144,4391
3c7696c1-d02a-f8f7-579f-966daf95492a,TRN-02,12,0.06,3483,2637
3c7696c1-d02a-f8f7-579f-966daf95492a,HYD-03,21,0.047,2113,1158
3c7696c1-d02a-f8f7-579f-966daf95492a,ELEC-04,13,0.052,3409,837
3c7696c1-d02a-f8f7-579f-966daf95492a,CHS-05,15,0.021,4025,1479
f14be0d1-f193-8f41-124b-1c4518052f34,ENG-01,21,0.064,0,4421
f14be0d1-f193-8f41-124b-1c4518052f34,TRN-02,13,0.045,1823,2824
f14be0d1-f193-8f41-124b-1c4518052f34,HYD-03,20,0.049,1711,1103
f14be0d1-f193-8f41-124b-1c4518052f34,ELEC-04,21,0.054,0,818
f14be0d1-f193-8f41-124b-1c4518052f34,CHS-05,17,0.024,2127,1421
7de770fb-1377-c38d-2064-b2654d3594eb,ENG-01,15,0.082,0,4268
7de770fb-1377-c38d-2064-b2654d3594eb,TRN-02,14,0.032,0,2536
7de770fb-1377-c38d-2064-b2654d3594eb,HYD-03,12,0.055,731,1100
7de770fb-1377-c38d-2064-b2654d3594eb,ELEC-04,13,0.08,1152,744
7de770fb-1377-c38d-2064-b2654d3594eb,CHS-05,12,0.044,763,1412
04f3307f-c285-5d7f-916e-ba4eb76e3788,ENG-01,2,0.08,2762,4660
04f3307f-c285-5d7f-916e-ba4eb76e3788,TRN-02,15,0.056,17,2850
04f3307f-c285-5d7f-916e-ba4eb76e3788,HYD-03,7,0.054,2565,1193
04f3307f-c285-5d7f-916e-ba4eb76e3788,ELEC-04,7,0.041,0,830
04f3307f-c285-5d7f-916e-ba4eb76e3788,CHS-05,5,0.029,535,1514
6ba1d262-660f-2d10-0a41-fbf96e63088d,ENG-01,4,0.074,2773,4493
6ba1d262-660f-2d10-0a41-fbf96e63088d,TRN-02,4,0.055,1913,2873
6ba1d262-660f-2d10-0a41-fbf96e63088d,HYD-03,8,0.059,0,1171
6ba1d262-660f-2d10-0a41-fbf96e63088d,ELEC-04,9,0.068,1193,856
6ba1d262-660f-2d10-0a41-fbf96e63088d,CHS-05,16,0.045,2773,1474
8088321c-e5f2-0d46-d44c-da85bb27c474,ENG-01,2,0.075,2927,4512
8088321c-e5f2-0d46-d44c-da85bb27c474,TRN-02,11,0.069,1659,3012
8088321c-e5f2-0d46-d44c-da85bb27c474,HYD-03,5,0.028,1864,1134
8088321c-e5f2-0d46-d44c-da85bb27c474,ELEC-04,4,0.048,1252,846
8088321c-e5f2-0d46-d44c-da85bb27c474,CHS-05,6,0.043,0,1512
ad3be942-6a04-b282-db00-ec04e0688230,ENG-01,9,0.079,432,4357
ad3be942-6a04-b282-db00-ec04e0688230,TRN-02,15,0.057,0,2721
ad3be942-6a04-b282-db00-ec04e0688230,HYD-03,10,0.023,0,1151
ad3be942-6a04-b282-db00-ec04e0688230,ELEC-04,7,0.074,0,832
ad3be942-6a04-b282-db00-ec04e0688230,CHS-05,14,0.018,0,1479
4b3926c5-5bc0-5257-b17e-a8eeaa4557cd,ENG-01,19,0.068,3134,4166
4b3926c5-5bc0-5257-b17e-a8eeaa4557cd,TRN-02,7,0.035,0,2766
4b3926c5-5bc0-5257-b17e-a8eeaa4557cd,HYD-03,7,0.021,1418,1106
4b3926c5-5bc0-5257-b17e-a8eeaa4557cd,ELEC-04,14,0.058,1815,782
4b3926c5-5bc0-5257-b17e-a8eeaa4557cd,CHS-05,6,0.047,4056,1371
7b6ecb90-8a14-7092-c601-20bd5def3647,ENG-01,16,0.056,0,4239
7b6ecb90-8a14-7092-c601-20bd5def3647,TRN-02,20,0.049,182,2752
7b6ecb90-8a14-7092-c601-20bd5def3647,HYD-03,14,0.048,0,1070
7b6ecb90-8a14-7092-c601-20bd5def3647,ELEC-04,7,0.068,864,762
7b6ecb90-8a14-7092-c601-20bd5def3647,CHS-05,13,0.014,0,1372
dd1f6df9-86a5-d5e3-58f2-3077ef38a6f2,ENG-01,20,0.067,404,4443
dd1f6df9-86a5-d5e3-58f2-3077ef38a6f2,TRN-02,23,0.04,0,2787
dd1f6df9-86a5-d5e3-58f2-3077ef38a6f2,HYD-03,22,0.05,279,1129
dd1f6df9-86a5-d5e3-58f2-3077ef38a6f2,ELEC-04,21,0.067,0,816
dd1f6df9-86a5-d5e3-58f2-3077ef38a6f2,CHS-05,12,0.026,829,1459
182ed93c-6ddb-1658-f0c7-8ffd1fbb5275,ENG-01,15,0.084,2144,4532
182ed93c-6ddb-1658-f0c7-8ffd1fbb5275,TRN-02,15,0.061,2500,2960
182ed93c-6ddb-1658-f0c7-8ffd1fbb5275,HYD-03,12,0.04,0,1179
182ed93c-6ddb-1658-f0c7-8ffd1fbb5275,ELEC-04,10,0.073,787,857
182ed93c-6ddb-1658-f0c7-8ffd1fbb5275,CHS-05,13,0.016,1902,1519
3749ee05-155a-6ce6-5425-87c739b53999,ENG-01,14,0.054,1010,3991
3749ee05-155a-6ce6-5425-87c739b53999,TRN-02,16,0.031,516,2746
3749ee05-155a-6ce6-5425-87c739b53999,HYD-03,17,0.022,1254,1042
3749ee05-155a-6ce6-5425-87c739b53999,ELEC-04,22,0.052,351,779
3749ee05-155a-6ce6-5425-87c739b53999,CHS-05,12,0.025,1073,1349
6260846e-21f9-3a61-633d-6d882443097e,ENG-01,21,0.055,0,4506
6260846e-21f9-3a61-633d-6d882443097e,TRN-02,14,0.038,981,2674
6260846e-21f9-3a61-633d-6d882443097e,HYD-03,10,0.041,681,1164
6260846e-21f9-3a61-633d-6d882443097e,ELEC-04,16,0.062,0,835
6260846e-21f9-3a61-633d-6d882443097e,CHS-05,22,0.02,0,1427
2965e271-7d60-ae5f-5048-5134f29204ba,ENG-01,11,0.084,2355,4496
2965e271-7d60-ae5f-5048-5134f29204ba,TRN-02,2,0.045,768,2986
2965e271-7d60-ae5f-5048-5134f29204ba,HYD-03,3,0.05,1137,1205
2965e271-7d60-ae5f-5048-5134f29204ba,ELEC-04,2,0.059,95,886
2965e271-7d60-ae5f-5048-5134f29204ba,CHS-05,16,0.034,839,1512
f1c6d802-5f9c-1253-2ab3-a5aaef167572,ENG-01,12,0.067,1068,4184
f1c6d802-5f9c-1253-2ab3-a5aaef167572,TRN-02,19,0.047,0,2972
f1c6d802-5f9c-1253-2ab3-a5aaef167572,HYD-03,21,0.039,0,1159
f1c6d802-5f9c-1253-2ab3-a5aaef167572,ELEC-04,17,0.043,0,852
f1c6d802-5f9c-1253-2ab3-a5aaef167572,CHS-05,17,0.03,0,1447
47307bb7-b980-8634-0584-23518f0a64ea,ENG-01,16,0.076,334,4128
47307bb7-b980-8634-0584-23518f0a64ea,TRN-02,12,0.056,2082,2751
47307bb7-b980-8634-0584-23518f0a64ea,HYD-03,10,0.033,1099,1073
47307bb7-b980-8634-0584-23518f0a64ea,ELEC-04,14,0.069,209,847
47307bb7-b980-8634-0584-23518f0a64ea,CHS-05,8,0.047,0,1381
e5e1ff37-328e-eba6-4db1-b3c21c2aea48,ENG-01,19,0.06,0,4206
e5e1ff37-328e-eba6-4db1-b3c21c2aea48,TRN-02,17,0.053,72,2718
e5e1ff37-328e-eba6-4db1-b3c21c2aea48,HYD-03,17,0.039,0,1109
e5e1ff37-328e-eba6-4db1-b3c21c2aea48,ELEC-04,10,0.064,58,822
e5e1ff37-328e-eba6-4db1-b3c21c2aea48,CHS-05,15,0.046,1097,1407
76a4ace0-297f-76a4-6c3a-62b30aca8f88,ENG-01,16,0.062,0,4424
76a4ace0-297f-76a4-6c3a-62b30aca8f88,TRN-02,13,0.063,1748,2686
76a4ace0-297f-76a4-6c3a-62b30aca8f88,HYD-03,18,0.021,541,1171
76a4ace0-297f-76a4-6c3a-62b30aca8f88,ELEC-04,14,0.071,2465,802
76a4ace0-297f-76a4-6c3a-62b30aca8f88,CHS-05,10,0.048,1211,1459
6624085f-a4a5-849a-eecd-88f357e4623c,ENG-01,11,0.079,1160,4183
6624085f-a4a5-849a-eecd-88f357e4623c,TRN-02,25,0.057,479,2698
6624085f-a4a5-849a-eecd-88f357e4623c,HYD-03,21,0.06,650,1050
6624085f-a4a5-849a-eecd-88f357e4623c,ELEC-04,13,0.079,0,747
6624085f-a4a5-849a-eecd-88f357e4623c,CHS-05,14,0.033,1570,1374
509d3eb6-2fe4-8c20-1988-78780536c8c6,ENG-01,14,0.09,1230,4072
509d3eb6-2fe4-8c20-1988-78780536c8c6,TRN-02,11,0.066,396,2791
509d3eb6-2fe4-8c20-1988-78780536c8c6,HYD-03,18,0.046,4748,1091
509d3eb6-2fe4-8c20-1988-78780536c8c6,ELEC-04,7,0.041,2348,807
509d3eb6-2fe4-8c20-1988-78780536c8c6,CHS-05,8,0.035,129,1388
3301d65c-456f-c326-fb0e-f03f7e74aa7b,ENG-01,10,0.079,1949,4249
3301d65c-456f-c326-fb0e-f03f7e74aa7b,TRN-02,17,0.034,917,2958
3301d65c-456f-c326-fb0e-f03f7e74aa7b,HYD-03,13,0.032,2241,1102
3301d65c-456f-c326-fb0e-f03f7e74aa7b,ELEC-04,18,0.068,430,870
3301d65c-456f-c326-fb0e-f03f7e74aa7b,CHS-05,18,0.011,1770,1471
9051caaf-e2e9-84ec-4324-1bcbbfd81e2f,ENG-01,8,0.064,0,4476
9051caaf-e2e9-84ec-4324-1bcbbfd81e2f,TRN-02,14,0.043,0,2653
9051caaf-e2e9-84ec-4324-1bcbbfd81e2f,HYD-03,6,0.05,1452,1058
9051caaf-e2e9-84ec-4324-1bcbbfd81e2f,ELEC-04,12,0.076,801,786
9051caaf-e2e9-84ec-4324-1bcbbfd81e2f,CHS-05,6,0.039,0,1361
e42a011f-add9-69e3-d55d-077774479a66,ENG-01,14,0.09,1302,4347
e42a011f-add9-69e3-d55d-077774479a66,TRN-02,17,0.045,0,2596
e42a011f-add9-69e3-d55d-077774479a66,HYD-03,21,0.057,0,1155
e42a011f-add9-69e3-d55d-077774479a66,ELEC-04,15,0.078,1931,812
e42a011f-add9-69e3-d55d-077774479a66,CHS-05,13,0.027,0,1443
00abd8e3-a6d1-1283-de8b-9b66bb704476,ENG-01,8,0.051,0,4189
00abd8e3-a6d1-1283-de8b-9b66bb704476,TRN-02,14,0.063,77,2666
00abd8e3-a6d1-1283-de8b-9b66bb704476,HYD-03,15,0.027,0,1110
00abd8e3-a6d1-1283-de8b-9b66bb704476,ELEC-04,16,0.076,0,797
00abd8e3-a6d1-1283-de8b-9b66bb704476,CHS-05,14,0.025,254,1409
01c6d407-4abe-47c5-e148-567a5825cb70,ENG-01,17,0.076,0,4168
01c6d407-4abe-47c5-e148-567a5825cb70,TRN-02,15,0.044,1298,2646
01c6d407-4abe-47c5-e148-567a5825cb70,HYD-03,21,0.05,623,1040
01c6d407-4abe-47c5-e148-567a5825cb70,ELEC-04,22,0.072,710,793
01c6d407-4abe-47c5-e148-567a5825cb70,CHS-05,21,0.048,1240,1297
20de8979-4a6e-162c-5cd7-f2cfc22f3019,ENG-01,14,0.052,0,4320
20de8979-4a6e-162c-5cd7-f2cfc22f3019,TRN-02,9,0.061,0,2668
20de8979-4a6e-162c-5cd7-f2cfc22f3019,HYD-03,14,0.023,0,1107
20de8979-4a6e-162c-5cd7-f2cfc22f3019,ELEC-04,14,0.052,940,832
20de8979-4a6e-162c-5cd7-f2cfc22f3019,CHS-05,13,0.025,1275,1438
a3b8c062-376c-1945-b6ba-6d6e6f98b791,ENG-01,17,0.062,0,4474
a3b8c062-376c-1945-b6ba-6d6e6f98b791,TRN-02,20,0.04,2076,2675
a3b8c062-376c-1945-b6ba-6d6e6f98b791,HYD-03,9,0.053,299,1104
a3b8c062-376c-1945-b6ba-6d6e6f98b791,ELEC-04,12,0.045,0,796
a3b8c062-376c-1945-b6ba-6d6e6f98b791,CHS-05,13,0.018,0,1445
50d29edc-d9c1-2b05-f311-746eeaf28d83,ENG-01,24,0.063,812,4153
50d29edc-d9c1-2b05-f311-746eeaf28d83,TRN-02,23,0.037,0,2655
50d29edc-d9c1-2b05-f311-746eeaf28d83,HYD-03,23,0.035,306,1064
50d29edc-d9c1-2b05-f311-746eeaf28d83,ELEC-04,14,0.045,3894,747
50d29edc-d9c1-2b05-f311-746eeaf28d83,CHS-05,23,0.023,470,1336
1fc3f163-4f93-aa55-8478-5b07948829ad,ENG-01,7,0.068,377,4608
1fc3f163-4f93-aa55-8478-5b07948829ad,TRN-02,13,0.035,501,2875
1fc3f163-4f93-aa55-8478-5b07948829ad,HYD-03,5,0.041,1182,1151
1fc3f163-4f93-aa55-8478-5b07948829ad,ELEC-04,12,0.074,614,826
1fc3f163-4f93-aa55-8478-5b07948829ad,CHS-05,5,0.049,0,1473
0092697b-69af-f235-3f8a-19838bd7fe6b,ENG-01,12,0.079,0,4583
0092697b-69af-f235-3f8a-19838bd7fe6b,TRN-02,14,0.054,485,2924
0092697b-69af-f235-3f8a-19838bd7fe6b,HYD-03,12,0.051,0,1187
0092697b-69af-f235-3f8a-19838bd7fe6b,ELEC-04,4,0.077,1968,832
0092697b-69af-f235-3f8a-19838bd7fe6b,CHS-05,10,0.03,1645,1488
01c5c0c9-7a0b-189c-8336-b6b50d835716,ENG-01,9,0.061,0,4727
01c5c0c9-7a0b-189c-8336-b6b50d835716,TRN-02,5,0.031,391,2887
01c5c0c9-7a0b-189c-8336-b6b50d835716,HYD-03,12,0.026,0,1108
01c5c0c9-7a0b-189c-8336-b6b50d835716,ELEC-04,8,0.05,0,864
01c5c0c9-7a0b-189c-8336-b6b50d835716,CHS-05,2,0.015,640,1444
bbaaea32-e3e5-6c4e-7aeb-407e89250c7b,ENG-01,9,0.085,0,4452
bbaaea32-e3e5-6c4e-7aeb-407e89250c7b,TRN-02,22,0.047,2984,2685
bbaaea32-e3e5-6c4e-7aeb-407e89250c7b,HYD-03,22,0.041,4339,1182
bbaaea32-e3e5-6c4e-7aeb-407e89250c7b,ELEC-04,20,0.059,4276,824
bbaaea32-e3e5-6c4e-7aeb-407e89250c7b,CHS-05,16,0.029,4473,1473
578b67b4-3aa6-23e6-de36-8e563bebbbe0,ENG-01,5,0.057,2103,4531
578b67b4-3aa6-23e6-de36-8e563bebbbe0,TRN-02,11,0.062,1739,2997
578b67b4-3aa6-23e6-de36-8e563bebbbe0,HYD-03,13,0.052,809,1127
578b67b4-3aa6-23e6-de36-8e563bebbbe0,ELEC-04,10,0.045,1738,911
578b67b4-3aa6-23e6-de36-8e563bebbbe0,CHS-05,5,0.049,0,1584
4788e1f9-83f4-7c1a-faff-75fcfc8d4efb,ENG-01,17,0.088,2477,4356
4788e1f9-83f4-7c1a-faff-75fcfc8d4efb,TRN-02,21,0.042,2531,2708
4788e1f9-83f4-7c1a-faff-75fcfc8d4efb,HYD-03,15,0.047,1918,1143
4788e1f9-83f4-7c1a-faff-75fcfc8d4efb,ELEC-04,13,0.079,3890,784
4788e1f9-83f4-7c1a-faff-75fcfc8d4efb,CHS-05,19,0.031,2225,1438
a532e65d-8ec5-2d0d-bedc-a4fb35828c9e,ENG-01,9,0.068,2001,4360
a532e65d-8ec5-2d0d-bedc-a4fb35828c9e,TRN-02,14,0.049,949,3139
a532e65d-8ec5-2d0d-bedc-a4fb35828c9e,HYD-03,12,0.033,2052,1186
a532e65d-8ec5-2d0d-bedc-a4fb35828c9e,ELEC-04,16,0.078,1028,863
a532e65d-8ec5-2d0d-bedc-a4fb35828c9e,CHS-05,13,0.042,868,1449
176d117c-e0f1-67f1-23b4-ddcd0726e32b,ENG-01,22,0.054,1007,3937
176d117c-e0f1-67f1-23b4-ddcd0726e32b,TRN-02,22,0.055,579,2747
176d117c-e0f1-67f1-23b4-ddcd0726e32b,HYD-03,20,0.054,0,1083
176d117c-e0f1-67f1-23b4-ddcd0726e32b,ELEC-04,11,0.042,617,779
176d117c-e0f1-67f1-23b4-ddcd0726e32b,CHS-05,21,0.039,0,1374
51a5f3d7-f048-def4-2196-087a0df7c733,ENG-01,12,0.058,1643,4517
51a5f3d7-f048-def4-2196-087a0df7c733,TRN-02,10,0.064,2195,2991
51a5f3d7-f048-def4-2196-087a0df7c733,HYD-03,8,0.042,0,1146
51a5f3d7-f048-def4-2196-087a0df7c733,ELEC-04,10,0.068,1409,853
51a5f3d7-f048-def4-2196-087a0df7c733,CHS-05,16,0.031,2581,1516
80d2cac5-1ed2-10f4-38dc-c9983b2e7c25,ENG-01,8,0.069,1237,4550
80d2cac5-1ed2-10f4-38dc-c9983b2e7c25,TRN-02,13,0.066,1319,3123
80d2cac5-1ed2-10f4-38dc-c9983b2e7c25,HYD-03,2,0.04,1583,1186
80d2cac5-1ed2-10f4-38dc-c9983b2e7c25,ELEC-04,16,0.046,0,871
80d2cac5-1ed2-10f4-38dc-c9983b2e7c25,CHS-05,5,0.04,0,1464
7e56dbde-3fda-d2cc-cdd0-4509f21c6dbf,ENG-01,14,0.088,0,4004
7e56dbde-3fda-d2cc-cdd0-4509f21c6dbf,TRN-02,11,0.055,338,2633
7e56dbde-3fda-d2cc-cdd0-4509f21c6dbf,HYD-03,14,0.037,405,1038
7e56dbde-3fda-d2cc-cdd0-4509f21c6dbf,ELEC-04,19,0.051,0,783
7e56dbde-3fda-d2cc-cdd0-4509f21c6dbf,CHS-05,25,0.015,297,1359
ab8664b4-1d01-d845-3965-934437420bee,ENG-01,11,0.057,0,4609
ab8664b4-1d01-d845-3965-934437420bee,TRN-02,11,0.058,655,2824
ab8664b4-1d01-d845-3965-934437420bee,HYD-03,8,0.039,0,1182
ab8664b4-1d01-d845-3965-934437420bee,ELEC-04,14,0.069,0,832
ab8664b4-1d01-d845-3965-934437420bee,CHS-05,14,0.042,0,1498
bd523052-ac8c-ece2-a455-c4823da59c43,ENG-01,15,0.061,0,4292
bd523052-ac8c-ece2-a455-c4823da59c43,TRN-02,8,0.067,0,2678
bd523052-ac8c-ece2-a455-c4823da59c43,HYD-03,11,0.054,1854,1080
bd523052-ac8c-ece2-a455-c4823da59c43,ELEC-04,16,0.079,418,781
bd523052-ac8c-ece2-a455-c4823da59c43,CHS-05,16,0.041,214,1365
ac55db71-a11a-6468-5f58-5d4ac7c57444,ENG-01,16,0.059,873,4224
ac55db71-a11a-6468-5f58-5d4ac7c57444,TRN-02,16,0.051,252,2951
ac55db71-a11a-6468-5f58-5d4ac7c57444,HYD-03,17,0.025,234,1092
ac55db71-a11a-6468-5f58-5d4ac7c57444,ELEC-04,14,0.073,1086,886
ac55db71-a11a-6468-5f58-5d4ac7c57444,CHS-05,19,0.033,0,1429
27c3c798-51f5-96f1-59c4-733ae066a6fd,ENG-01,14,0.074,1462,4557
27c3c798-51f5-96f1-59c4-733ae066a6fd,TRN-02,17,0.065,1014,2732
27c3c798-51f5-96f1-59c4-733ae066a6fd,HYD-03,22,0.058,0,1147
27c3c798-51f5-96f1-59c4-733ae066a6fd,ELEC-04,14,0.047,263,814
27c3c798-51f5-96f1-59c4-733ae066a6fd,CHS-05,18,0.01,1593,1489
40f4e58e-c427-1838-b71d-277ad980cd49,ENG-01,19,0.08,0,4164
40f4e58e-c427-1838-b71d-277ad980cd49,TRN-02,7,0.032,316,2601
40f4e58e-c427-1838-b71d-277ad980cd49,HYD-03,9,0.022,285,1094
40f4e58e-c427-1838-b71d-277ad980cd49,ELEC-04,6,0.041,1246,780
40f4e58e-c427-1838-b71d-277ad980cd49,CHS-05,11,0.032,28,1379
fbc66f36-f7c2-9d0b-02ca-bd8195b21d5c,ENG-01,12,0.065,0,4307
fbc66f36-f7c2-9d0b-02ca-bd8195b21d5c,TRN-02,11,0.048,2488,2945
fbc66f36-f7c2-9d0b-02ca-bd8195b21d5c,HYD-03,22,0.031,185,1154
fbc66f36-f7c2-9d0b-02ca-bd8195b21d5c,ELEC-04,19,0.077,0,851
fbc66f36-f7c2-9d0b-02ca-bd8195b21d5c,CHS-05,13,0.041,285,1452
9513563c-37c1-3f78-9e8f-55db8ae831b3,ENG-01,10,0.054,832,4555
9513563c-37c1-3f78-9e8f-55db8ae831b3,TRN-02,11,0.046,1924,2950
9513563c-37c1-3f78-9e8f-55db8ae831b3,HYD-03,13,0.025,58,1218
9513563c-37c1-3f78-9e8f-55db8ae831b3,ELEC-04,5,0.041,0,899
9513563c-37c1-3f78-9e8f-55db8ae831b3,CHS-05,4,0.021,516,1526
db7a5468-4b29-03c9-d50f-d4a91053fcf2,ENG-01,20,0.087,0,4313
db7a5468-4b29-03c9-d50f-d4a91053fcf2,TRN-02,20,0.037,0,2802
db7a5468-4b29-03c9-d50f-d4a91053fcf2,HYD-03,22,0.055,1835,1104
db7a5468-4b29-03c9-d50f-d4a91053fcf2,ELEC-04,17,0.058,0,846
db7a5468-4b29-03c9-d50f-d4a91053fcf2,CHS-05,17,0.043,198,1413
ac04bd3d-b446-7381-79bb-005dea83790d,ENG-01,19,0.071,12,4209
ac04bd3d-b446-7381-79bb-005dea83790d,TRN-02,15,0.061,560,2663
ac04bd3d-b446-7381-79bb-005dea83790d,HYD-03,12,0.033,0,1087
ac04bd3d-b446-7381-79bb-005dea83790d,ELEC-04,18,0.048,0,762
ac04bd3d-b446-7381-79bb-005dea83790d,CHS-05,20,0.021,0,1344
a9ff9791-bfcf-b485-63ff-5e077bc8d27f,ENG-01,6,0.061,1758,4267
a9ff9791-bfcf-b485-63ff-5e077bc8d27f,TRN-02,16,0.058,1521,2605
a9ff9791-bfcf-b485-63ff-5e077bc8d27f,HYD-03,17,0.055,2070,1106
a9ff9791-bfcf-b485-63ff-5e077bc8d27f,ELEC-04,15,0.046,856,780
a9ff9791-bfcf-b485-63ff-5e077bc8d27f,CHS-05,6,0.038,438,1391
c5d8af6a-e3ba-113e-c0d2-669ec56d37c2,ENG-01,10,0.087,409,4538
c5d8af6a-e3ba-113e-c0d2-669ec56d37c2,TRN-02,9,0.059,0,3033
c5d8af6a-e3ba-113e-c0d2-669ec56d37c2,HYD-03,2,0.044,790,1176
c5d8af6a-e3ba-113e-c0d2-669ec56d37c2,ELEC-04,16,0.068,492,877
c5d8af6a-e3ba-113e-c0d2-669ec56d37c2,CHS-05,16,0.043,0,1499
cb2b3588-cd75-3451-fd52-4648c0b569f7,ENG-01,21,0.058,482,3981
cb2b3588-cd75-3451-fd52-4648c0b569f7,TRN-02,24,0.06,0,2550
cb2b3588-cd75-3451-fd52-4648c0b569f7,HYD-03,19,0.024,2183,1064
cb2b3588-cd75-3451-fd52-4648c0b569f7,ELEC-04,17,0.054,0,754
cb2b3588-cd75-3451-fd52-4648c0b569f7,CHS-05,21,0.018,643,1386
22bcaee3-9823-c8fb-0d1e-4d303dc89da5,ENG-01,22,0.068,863,4385
22bcaee3-9823-c8fb-0d1e-4d303dc89da5,TRN-02,14,0.046,0,2657
22bcaee3-9823-c8fb-0d1e-4d303dc89da5,HYD-03,19,0.02,1730,1127
22bcaee3-9823-c8fb-0d1e-4d303dc89da5,ELEC-04,22,0.071,43,780
22bcaee3-9823-c8fb-0d1e-4d303dc89da5,CHS-05,13,0.043,58,1411
a194ac8d-bcb2-deaf-8aa9-4a125f4975d5,ENG-01,2,0.054,0,4482
a194ac8d-bcb2-deaf-8aa9-4a125f4975d5,TRN-02,8,0.059,1004,2866
a194ac8d-bcb2-deaf-8aa9-4a125f4975d5,HYD-03,3,0.054,1351,1173
a194ac8d-bcb2-deaf-8aa9-4a125f4975d5,ELEC-04,12,0.052,1010,850
a194ac8d-bcb2-deaf-8aa9-4a125f4975d5,CHS-05,15,0.031,935,1471
0f1a4f20-8606-2c96-0ea8-b01de4da4ae4,ENG-01,15,0.087,22,3994
0f1a4f20-8606-2c96-0ea8-b01de4da4ae4,TRN-02,22,0.058,2174,2768
0f1a4f20-8606-2c96-0ea8-b01de4da4ae4,HYD-03,25,0.045,789,1046
0f1a4f20-8606-2c96-0ea8-b01de4da4ae4,ELEC-04,18,0.058,1107,798
0f1a4f20-8606-2c96-0ea8-b01de4da4ae4,CHS-05,13,0.011,0,1376
0b14e187-af79-caee-1d09-27062116f299,ENG-01,20,0.074,1366,4127
0b14e187-af79-caee-1d09-27062116f299,TRN-02,16,0.034,0,2906
0b14e187-af79-caee-1d09-27062116f299,HYD-03,12,0.045,0,1047
0b14e187-af79-caee-1d09-27062116f299,ELEC-04,8,0.068,829,817
0b14e187-af79-caee-1d09-27062116f299,CHS-05,16,0.019,1372,1393
51a92b68-0981-33a0-c97f-e506a104b875,ENG-01,12,0.081,0,4339
51a92b68-0981-33a0-c97f-e506a104b875,TRN-02,20,0.03,0,2789
51a92b68-0981-33a0-c97f-e506a104b875,HYD-03,19,0.05,427,1106
51a92b68-0981-33a0-c97f-e506a104b875,ELEC-04,8,0.076,0,790
51a92b68-0981-33a0-c97f-e506a104b875,CHS-05,12,0.039,394,1364
eb5f926f-9c7e-e9a7-8026-770dc6fb5304,ENG-01,20,0.064,3447,4242
eb5f926f-9c7e-e9a7-8026-770dc6fb5304,TRN-02,14,0.037,1519,2538
eb5f926f-9c7e-e9a7-8026-770dc6fb5304,HYD-03,6,0.027,1675,1127
eb5f926f-9c7e-e9a7-8026-770dc6fb5304,ELEC-04,16,0.071,1325,769
eb5f926f-9c7e-e9a7-8026-770dc6fb5304,CHS-05,7,0.022,2743,1373
7cde63d7-9e7d-8fd3-d011-91b8cd8bb6df,ENG-01,11,0.073,23,4461
7cde63d7-9e7d-8fd3-d011-91b8cd8bb6df,TRN-02,15,0.042,1688,2734
7cde63d7-9e7d-8fd3-d011-91b8cd8bb6df,HYD-03,11,0.047,1943,1120
7cde63d7-9e7d-8fd3-d011-91b8cd8bb6df,ELEC-04,14,0.074,0,793
7cde63d7-9e7d-8fd3-d011-91b8cd8bb6df,CHS-05,8,0.033,0,1451
4f33ea2a-8e80-9f13-84af-991882d77b8b,ENG-01,11,0.058,612,4240
4f33ea2a-8e80-9f13-84af-991882d77b8b,TRN-02,18,0.034,338,2853
4f33ea2a-8e80-9f13-84af-991882d77b8b,HYD-03,14,0.048,0,1085
4f33ea2a-8e80-9f13-84af-991882d77b8b,ELEC-04,12,0.079,1846,817
4f33ea2a-8e80-9f13-84af-991882d77b8b,CHS-05,13,0.035,0,1394
4bead4ab-17c2-16ef-8911-cf0c31bb025a,ENG-01,20,0.064,0,4184
4bead4ab-17c2-16ef-8911-cf0c31bb025a,TRN-02,15,0.05,614,2552
4bead4ab-17c2-16ef-8911-cf0c31bb025a,HYD-03,10,0.058,0,1113
4bead4ab-17c2-16ef-8911-cf0c31bb025a,ELEC-04,18,0.048,1302,750
4bead4ab-17c2-16ef-8911-cf0c31bb025a,CHS-05,16,0.022,331,1382
15fa0f3f-3c3e-7f05-54b2-69cc732cdb0c,ENG-01,15,0.081,0,4344
15fa0f3f-3c3e-7f05-54b2-69cc732cdb0c,TRN-02,8,0.039,0,2619
15fa0f3f-3c3e-7f05-54b2-69cc732cdb0c,HYD-03,12,0.054,0,1096
15fa0f3f-3c3e-7f05-54b2-69cc732cdb0c,ELEC-04,22,0.063,1808,814
15fa0f3f-3c3e-7f05-54b2-69cc732cdb0c,CHS-05,14,0.036,1769,1431
bcbaa815-6aed-b70a-9be4-b6c256770f86,ENG-01,6,0.062,0,4563
bcbaa815-6aed-b70a-9be4-b6c256770f86,TRN-02,5,0.039,2127,3008
bcbaa815-6aed-b70a-9be4-b6c256770f86,HYD-03,13,0.034,926,1178
bcbaa815-6aed-b70a-9be4-b6c256770f86,ELEC-04,12,0.076,430,861
bcbaa815-6aed-b70a-9be4-b6c256770f86,CHS-05,3,0.037,851,1504
a04d35cf-72f6-de12-a917-4ca42182889f,ENG-01,21,0.058,0,4221
a04d35cf-72f6-de12-a917-4ca42182889f,TRN-02,22,0.06,0,2656
a04d35cf-72f6-de12-a917-4ca42182889f,HYD-03,24,0.051,0,1072
a04d35cf-72f6-de12-a917-4ca42182889f,ELEC-04,12,0.054,0,784
a04d35cf-72f6-de12-a917-4ca42182889f,CHS-05,19,0.019,0,1366
f1a29e8a-e9a6-dd61-248e-79437d9bd967,ENG-01,13,0.057,1782,4192
f1a29e8a-e9a6-dd61-248e-79437d9bd967,TRN-02,14,0.048,1931,2764
f1a29e8a-e9a6-dd61-248e-79437d9bd967,HYD-03,21,0.046,0,1133
f1a29e8a-e9a6-dd61-248e-79437d9bd967,ELEC-04,14,0.079,1185,826
f1a29e8a-e9a6-dd61-248e-79437d9bd967,CHS-05,13,0.025,345,1410
10b33095-65f2-31cc-3438-c29bc157e7df,ENG-01,8,0.065,0,4603
10b33095-65f2-31cc-3438-c29bc157e7df,TRN-02,5,0.066,0,2613
10b33095-65f2-31cc-3438-c29bc157e7df,HYD-03,5,0.053,0,1176
10b33095-65f2-31cc-3438-c29bc157e7df,ELEC-04,13,0.076,0,846
10b33095-65f2-31cc-3438-c29bc157e7df,CHS-05,4,0.047,0,1511
d9f0fd1d-0f00-7d51-3f44-620a12cd8f6f,ENG-01,13,0.071,582,4512
d9f0fd1d-0f00-7d51-3f44-620a12cd8f6f,TRN-02,9,0.061,1091,2854
d9f0fd1d-0f00-7d51-3f44-620a12cd8f6f,HYD-03,22,0.022,2158,1097
d9f0fd1d-0f00-7d51-3f44-620a12cd8f6f,ELEC-04,18,0.056,2260,849
d9f0fd1d-0f00-7d51-3f44-620a12cd8f6f,CHS-05,13,0.012,417,1408
3150f761-f6f1-a927-d8a1-8faa44ddfc35,ENG-01,10,0.088,1821,4172
3150f761-f6f1-a927-d8a1-8faa44ddfc35,TRN-02,11,0.05,0,2715
3150f761-f6f1-a927-d8a1-8faa44ddfc35,HYD-03,19,0.038,1161,1058
3150f761-f6f1-a927-d8a1-8faa44ddfc35,ELEC-04,13,0.051,2036,789
3150f761-f6f1-a927-d8a1-8faa44ddfc35,CHS-05,8,0.013,252,1381
b19190ae-0b49-6bcb-fe2b-dbf0876b7726,ENG-01,12,0.053,294,4515
b19190ae-0b49-6bcb-fe2b-dbf0876b7726,TRN-02,18,0.065,716,2664
b19190ae-0b49-6bcb-fe2b-dbf0876b7726,HYD-03,19,0.057,0,1151
b19190ae-0b49-6bcb-fe2b-dbf0876b7726,ELEC-04,13,0.066,0,803
b19190ae-0b49-6bcb-fe2b-dbf0876b7726,CHS-05,13,0.042,0,1398
8581f221-de4d-4b15-f64a-9fee67f9c811,ENG-01,16,0.069,217,4177
8581f221-de4d-4b15-f64a-9fee67f9c811,TRN-02,13,0.061,0,2620
8581f221-de4d-4b15-f64a-9fee67f9c811,HYD-03,11,0.037,0,1054
8581f221-de4d-4b15-f64a-9fee67f9c811,ELEC-04,17,0.043,0,780
8581f221-de4d-4b15-f64a-9fee67f9c811,CHS-05,20,0.022,3582,1349
d1a1e647-230e-5f04-ec40-719703df55a3,ENG-01,18,0.05,3039,4258
d1a1e647-230e-5f04-ec40-719703df55a3,TRN-02,14,0.046,0,2719
d1a1e647-230e-5f04-ec40-719703df55a3,HYD-03,19,0.03,0,1109
d1a1e647-230e-5f04-ec40-719703df55a3,ELEC-04,14,0.072,379,798
d1a1e647-230e-5f04-ec40-719703df55a3,CHS-05,20,0.038,1539,1401
d3818c9f-36d9-f357-f59a-6fba46f823b7,ENG-01,12,0.082,2821,4318
d3818c9f-36d9-f357-f59a-6fba46f823b7,TRN-02,14,0.038,494,2979
d3818c9f-36d9-f357-f59a-6fba46f823b7,HYD-03,18,0.024,153,1145
d3818c9f-36d9-f357-f59a-6fba46f823b7,ELEC-04,18,0.066,2218,869
d3818c9f-36d9-f357-f59a-6fba46f823b7,CHS-05,22,0.028,1737,1401
96d4abaf-76cd-21cc-2e20-3a34128513dc,ENG-01,13,0.07,909,4159
96d4abaf-76cd-21cc-2e20-3a34128513dc,TRN-02,24,0.061,189,2761
96d4abaf-76cd-21cc-2e20-3a34128513dc,HYD-03,20,0.036,1223,1048
96d4abaf-76cd-21cc-2e20-3a34128513dc,ELEC-04,24,0.047,353,795
96d4abaf-76cd-21cc-2e20-3a34128513dc,CHS-05,24,0.046,97,1342
454c8473-0198-b072-c1a4-ba8d16192144,ENG-01,18,0.08,2627,4377
454c8473-0198-b072-c1a4-ba8d16192144,TRN-02,18,0.057,569,2695
454c8473-0198-b072-c1a4-ba8d16192144,HYD-03,14,0.034,1668,1063
454c8473-0198-b072-c1a4-ba8d16192144,ELEC-04,9,0.071,0,766
454c8473-0198-b072-c1a4-ba8d16192144,CHS-05,14,0.019,953,1360
e564c648-12b1-120e-8ac5-d75c632e4842,ENG-01,20,0.075,0,3974
e564c648-12b1-120e-8ac5-d75c632e4842,TRN-02,10,0.053,0,2826
e564c648-12b1-120e-8ac5-d75c632e4842,HYD-03,15,0.038,0,1124
e564c648-12b1-120e-8ac5-d75c632e4842,ELEC-04,19,0.061,0,825
e564c648-12b1-120e-8ac5-d75c632e4842,CHS-05,18,0.044,0,1378
cd58b585-699d-afab-6990-41add8a0ccca,ENG-01,17,0.052,0,4119
cd58b585-699d-afab-6990-41add8a0ccca,TRN-02,20,0.044,1715,2891
cd58b585-699d-afab-6990-41add8a0ccca,HYD-03,17,0.051,1196,1102
cd58b585-699d-afab-6990-41add8a0ccca,ELEC-04,14,0.051,499,819
cd58b585-699d-afab-6990-41add8a0ccca,CHS-05,10,0.014,0,1419
c8a34254-deb6-47a0-a4e4-c80285d2177c,ENG-01,13,0.073,0,4579
c8a34254-deb6-47a0-a4e4-c80285d2177c,TRN-02,15,0.058,3965,2657
c8a34254-deb6-47a0-a4e4-c80285d2177c,HYD-03,8,0.051,3184,1183
c8a34254-deb6-47a0-a4e4-c80285d2177c,ELEC-04,10,0.072,2250,786
c8a34254-deb6-47a0-a4e4-c80285d2177c,CHS-05,12,0.043,331,1422
155a0f8f-2746-9c9c-fe47-941f63f2aa54,ENG-01,22,0.089,649,4523
155a0f8f-2746-9c9c-fe47-941f63f2aa54,TRN-02,13,0.034,370,2791
155a0f8f-2746-9c9c-fe47-941f63f2aa54,HYD-03,19,0.032,0,1129
155a0f8f-2746-9c9c-fe47-941f63f2aa54,ELEC-04,9,0.041,573,800
155a0f8f-2746-9c9c-fe47-941f63f2aa54,CHS-05,23,0.017,0,1428
5c8773be-bbe0-828e-c6fb-3aef173d1fc2,ENG-01,2,0.053,0,4581
5c8773be-bbe0-828e-c6fb-3aef173d1fc2,TRN-02,3,0.042,561,2884
5c8773be-bbe0-828e-c6fb-3aef173d1fc2,HYD-03,5,0.028,654,1203
5c8773be-bbe0-828e-c6fb-3aef173d1fc2,ELEC-04,15,0.053,0,877
5c8773be-bbe0-828e-c6fb-3aef173d1fc2,CHS-05,16,0.029,509,1524
22364e7b-60e8-5e25-efc8-d49eb76b5dd3,ENG-01,8,0.063,0,4504
22364e7b-60e8-5e25-efc8-d49eb76b5dd3,TRN-02,16,0.042,0,2781
22364e7b-60e8-5e25-efc8-d49eb76b5dd3,HYD-03,15,0.036,0,1189
22364e7b-60e8-5e25-efc8-d49eb76b5dd3,ELEC-04,16,0.073,0,847
22364e7b-60e8-5e25-efc8-d49eb76b5dd3,CHS-05,16,0.019,0,1543
5e12264c-987a-893d-800a-47ced6cff507,ENG-01,11,0.072,3019,4246
5e12264c-987a-893d-800a-47ced6cff507,TRN-02,7,0.047,0,2639
5e12264c-987a-893d-800a-47ced6cff507,HYD-03,6,0.052,0,1081
5e12264c-987a-893d-800a-47ced6cff507,ELEC-04,14,0.075,0,817
5e12264c-987a-893d-800a-47ced6cff507,CHS-05,11,0.032,0,1429
d95a2382-5c02-6fdd-3264-19b6f5be09fb,ENG-01,15,0.082,0,4241
d95a2382-5c02-6fdd-3264-19b6f5be09fb,TRN-02,19,0.059,0,2876
d95a2382-5c02-6fdd-3264-19b6f5be09fb,HYD-03,13,0.04,866,1111
d95a2382-5c02-6fdd-3264-19b6f5be09fb,ELEC-04,22,0.04,877,858
d95a2382-5c02-6fdd-3264-19b6f5be09fb,CHS-05,22,0.02,0,1456
74592b88-a8f1-0932-7e23-406efef26fc1,ENG-01,9,0.08,0,4435
74592b88-a8f1-0932-7e23-406efef26fc1,TRN-02,7,0.038,0,3042
74592b88-a8f1-0932-7e23-406efef26fc1,HYD-03,6,0.025,1664,1184
74592b88-a8f1-0932-7e23-406efef26fc1,ELEC-04,14,0.048,345,879
74592b88-a8f1-0932-7e23-406efef26fc1,CHS-05,6,0.038,0,1453
e6932460-d87c-1cf3-5965-be1d7a01160a,ENG-01,8,0.072,2250,4404
e6932460-d87c-1cf3-5965-be1d7a01160a,TRN-02,15,0.055,1106,2963
e6932460-d87c-1cf3-5965-be1d7a01160a,HYD-03,16,0.051,0,1194
e6932460-d87c-1cf3-5965-be1d7a01160a,ELEC-04,15,0.064,0,886
e6932460-d87c-1cf3-5965-be1d7a01160a,CHS-05,16,0.016,0,1513
5b4741b5-4e6e-fb12-97a9-de6fc8d99997,ENG-01,21,0.085,0,4123
5b4741b5-4e6e-fb12-97a9-de6fc8d99997,TRN-02,14,0.064,0,2614
5b4741b5-4e6e-fb12-97a9-de6fc8d99997,HYD-03,20,0.044,797,1049
5b4741b5-4e6e-fb12-97a9-de6fc8d99997,ELEC-04,17,0.051,2495,784
5b4741b5-4e6e-fb12-97a9-de6fc8d99997,CHS-05,14,0.04,786,1370
d910830e-7e9f-a19f-607f-b6a0907e8ab0,ENG-01,2,0.059,314,4576
d910830e-7e9f-a19f-607f-b6a0907e8ab0,TRN-02,13,0.033,1012,3126
d910830e-7e9f-a19f-607f-b6a0907e8ab0,HYD-03,3,0.04,1853,1147
d910830e-7e9f-a19f-607f-b6a0907e8ab0,ELEC-04,14,0.053,1263,862
d910830e-7e9f-a19f-607f-b6a0907e8ab0,CHS-05,12,0.014,468,1471
c7c405ab-ef10-d452-07d0-9a2de01e5990,ENG-01,11,0.066,796,4257
c7c405ab-ef10-d452-07d0-9a2de01e5990,TRN-02,15,0.032,0,2465
c7c405ab-ef10-d452-07d0-9a2de01e5990,HYD-03,13,0.022,0,1046
c7c405ab-ef10-d452-07d0-9a2de01e5990,ELEC-04,21,0.076,2034,767
c7c405ab-ef10-d452-07d0-9a2de01e5990,CHS-05,21,0.047,1323,1345
0ea0e08b-a2a2-5f03-d0a9-711c606401f3,ENG-01,6,0.063,583,4598
0ea0e08b-a2a2-5f03-d0a9-711c606401f3,TRN-02,9,0.033,0,3044
0ea0e08b-a2a2-5f03-d0a9-711c606401f3,HYD-03,2,0.037,421,1214
0ea0e08b-a2a2-5f03-d0a9-711c606401f3,ELEC-04,14,0.041,0,828
0ea0e08b-a2a2-5f03-d0a9-711c606401f3,CHS-05,2,0.022,0,1525
ed1a1fe0-cebe-23f0-a88a-ff2779646465,ENG-01,22,0.067,0,4375
ed1a1fe0-cebe-23f0-a88a-ff2779646465,TRN-02,14,0.044,0,2852
ed1a1fe0-cebe-23f0-a88a-ff2779646465,HYD-03,21,0.037,0,1124
ed1a1fe0-cebe-23f0-a88a-ff2779646465,ELEC-04,8,0.072,0,824
ed1a1fe0-cebe-23f0-a88a-ff2779646465,CHS-05,21,0.021,2160,1438
5f3ed465-9c7d-7592-9db4-c439a88cb859,ENG-01,22,0.088,1342,4379
5f3ed465-9c7d-7592-9db4-c439a88cb859,TRN-02,10,0.041,706,2912
5f3ed465-9c7d-7592-9db4-c439a88cb859,HYD-03,14,0.053,1298,1190
5f3ed465-9c7d-7592-9db4-c439a88cb859,ELEC-04,16,0.075,1077,859
5f3ed465-9c7d-7592-9db4-c439a88cb859,CHS-05,15,0.026,0,1479
3d66a6e6-6908-a636-7cb2-379243e60b36,ENG-01,16,0.089,1198,4086
3d66a6e6-6908-a636-7cb2-379243e60b36,TRN-02,20,0.048,0,2644
3d66a6e6-6908-a636-7cb2-379243e60b36,HYD-03,25,0.021,1325,1074
3d66a6e6-6908-a636-7cb2-379243e60b36,ELEC-04,15,0.059,1023,762
3d66a6e6-6908-a636-7cb2-379243e60b36,CHS-05,21,0.049,2888,1336
3bbf48f8-944b-c157-0606-2758ab739059,ENG-01,23,0.065,563,4080
3bbf48f8-944b-c157-0606-2758ab739059,TRN-02,19,0.045,0,2576
3bbf48f8-944b-c157-0606-2758ab739059,HYD-03,21,0.042,97,1054
3bbf48f8-944b-c157-0606-2758ab739059,ELEC-04,12,0.046,0,773
3bbf48f8-944b-c157-0606-2758ab739059,CHS-05,15,0.045,0,1347
ee410eaa-9e03-fbf2-7547-f355e41946cb,ENG-01,20,0.087,866,4228
ee410eaa-9e03-fbf2-7547-f355e41946cb,TRN-02,7,0.061,0,2558
ee410eaa-9e03-fbf2-7547-f355e41946cb,HYD-03,12,0.033,9,1096
ee410eaa-9e03-fbf2-7547-f355e41946cb,ELEC-04,14,0.068,844,764
ee410eaa-9e03-fbf2-7547-f355e41946cb,CHS-05,7,0.01,474,1381
ece5354f-6d1a-7f3a-e145-ab503299a336,ENG-01,8,0.066,0,4357
ece5354f-6d1a-7f3a-e145-ab503299a336,TRN-02,9,0.049,0,2504
ece5354f-6d1a-7f3a-e145-ab503299a336,HYD-03,11,0.03,0,1086
ece5354f-6d1a-7f3a-e145-ab503299a336,ELEC-04,19,0.06,0,774
ece5354f-6d1a-7f3a-e145-ab503299a336,CHS-05,11,0.02,0,1373
d6bc9dcc-3af7-29ca-66b8-1a608569b6b0,ENG-01,12,0.081,2088,4186
d6bc9dcc-3af7-29ca-66b8-1a608569b6b0,TRN-02,17,0.04,1743,2951
d6bc9dcc-3af7-29ca-66b8-1a608569b6b0,HYD-03,20,0.029,0,1105
d6bc9dcc-3af7-29ca-66b8-1a608569b6b0,ELEC-04,12,0.044,3339,817
d6bc9dcc-3af7-29ca-66b8-1a608569b6b0,CHS-05,8,0.042,2319,1392
4c78ebbf-8554-edac-9da6-1c070b079d05,ENG-01,6,0.055,296,4712
4c78ebbf-8554-edac-9da6-1c070b079d05,TRN-02,9,0.032,0,2847
4c78ebbf-8554-edac-9da6-1c070b079d05,HYD-03,6,0.02,0,1168
4c78ebbf-8554-edac-9da6-1c070b079d05,ELEC-04,7,0.064,973,846
4c78ebbf-8554-edac-9da6-1c070b079d05,CHS-05,10,0.046,829,1496
9328f7e0-c594-acc8-b321-1ceb7fa20a96,ENG-01,2,0.075,0,4622
9328f7e0-c594-acc8-b321-1ceb7fa20a96,TRN-02,11,0.067,2297,2684
9328f7e0-c594-acc8-b321-1ceb7fa20a96,HYD-03,2,0.048,913,1166
9328f7e0-c594-acc8-b321-1ceb7fa20a96,ELEC-04,10,0.049,3661,852
9328f7e0-c594-acc8-b321-1ceb7fa20a96,CHS-05,3,0.013,3324,1482
789b6aae-2874-c913-96ac-d9cb59f8680b,ENG-01,3,0.085,0,4318
789b6aae-2874-c913-96ac-d9cb59f8680b,TRN-02,9,0.045,973,3107
789b6aae-2874-c913-96ac-d9cb59f8680b,HYD-03,16,0.025,1316,1188
789b6aae-2874-c913-96ac-d9cb59f8680b,ELEC-04,12,0.062,2345,893
789b6aae-2874-c913-96ac-d9cb59f8680b,CHS-05,8,0.019,0,1515
c33cc0a8-de28-9389-d804-69ee017db71a,ENG-01,18,0.089,408,4070
c33cc0a8-de28-9389-d804-69ee017db71a,TRN-02,24,0.031,3022,2636
c33cc0a8-de28-9389-d804-69ee017db71a,HYD-03,14,0.037,1549,1048
c33cc0a8-de28-9389-d804-69ee017db71a,ELEC-04,12,0.059,0,771
c33cc0a8-de28-9389-d804-69ee017db71a,CHS-05,22,0.027,1574,1371
955b85ae-21f9-13e5-7c5d-322b57ed37d3,ENG-01,18,0.066,1624,4153
955b85ae-21f9-13e5-7c5d-322b57ed37d3,TRN-02,22,0.058,0,2945
955b85ae-21f9-13e5-7c5d-322b57ed37d3,HYD-03,12,0.04,0,1073
955b85ae-21f9-13e5-7c5d-322b57ed37d3,ELEC-04,12,0.041,1026,828
955b85ae-21f9-13e5-7c5d-322b57ed37d3,CHS-05,21,0.041,2677,1433
c24de2ac-8d81-450e-9473-64ea55bd6760,ENG-01,20,0.081,0,4560
c24de2ac-8d81-450e-9473-64ea55bd6760,TRN-02,11,0.046,2780,2553
c24de2ac-8d81-450e-9473-64ea55bd6760,HYD-03,13,0.051,3544,1094
c24de2ac-8d81-450e-9473-64ea55bd6760,ELEC-04,10,0.04,1848,793
c24de2ac-8d81-450e-9473-64ea55bd6760,CHS-05,13,0.042,3941,1431
db34558f-c0d3-c4df-2467-fe1df7725f4c,ENG-01,19,0.089,309,4452
db34558f-c0d3-c4df-2467-fe1df7725f4c,TRN-02,13,0.044,0,2612
db34558f-c0d3-c4df-2467-fe1df7725f4c,HYD-03,14,0.021,0,1138
db34558f-c0d3-c4df-2467-fe1df7725f4c,ELEC-04,12,0.08,0,801
db34558f-c0d3-c4df-2467-fe1df7725f4c,CHS-05,20,0.048,236,1435
73143b2e-89e6-583f-36a3-ca3ec0b2b6f0,ENG-01,12,0.073,0,4198
73143b2e-89e6-583f-36a3-ca3ec0b2b6f0,TRN-02,13,0.05,0,2789
73143b2e-89e6-583f-36a3-ca3ec0b2b6f0,HYD-03,11,0.06,1611,1146
73143b2e-89e6-583f-36a3-ca3ec0b2b6f0,ELEC-04,15,0.053,1191,816
73143b2e-89e6-583f-36a3-ca3ec0b2b6f0,CHS-05,20,0.027,163,1381
710b4510-2df0-e060-ba69-375057d0a60f,ENG-01,21,0.077,0,4441
710b4510-2df0-e060-ba69-375057d0a60f,TRN-02,14,0.037,0,2676
710b4510-2df0-e060-ba69-375057d0a60f,HYD-03,20,0.033,0,1119
710b4510-2df0-e060-ba69-375057d0a60f,ELEC-04,12,0.077,0,821
710b4510-2df0-e060-ba69-375057d0a60f,CHS-05,16,0.016,0,1408
3d26b9c1-d0cd-5f7a-7623-36b4f83f32d0,ENG-01,18,0.063,0,4445
3d26b9c1-d0cd-5f7a-7623-36b4f83f32d0,TRN-02,23,0.043,1422,2992
3d26b9c1-d0cd-5f7a-7623-36b4f83f32d0,HYD-03,22,0.051,1050,1162
3d26b9c1-d0cd-5f7a-7623-36b4f83f32d0,ELEC-04,13,0.079,1517,816
3d26b9c1-d0cd-5f7a-7623-36b4f83f32d0,CHS-05,21,0.023,407,1437
651d23ff-6390-4a45-ca29-957c5da080cb,ENG-01,15,0.051,126,4316
651d23ff-6390-4a45-ca29-957c5da080cb,TRN-02,21,0.051,0,2830
651d23ff-6390-4a45-ca29-957c5da080cb,HYD-03,21,0.024,0,1107
651d23ff-6390-4a45-ca29-957c5da080cb,ELEC-04,9,0.051,372,819
651d23ff-6390-4a45-ca29-957c5da080cb,CHS-05,11,0.032,0,1428
d73f55ed-464a-4226-b5d8-559727b0f64c,ENG-01,14,0.051,2461,4081
d73f55ed-464a-4226-b5d8-559727b0f64c,TRN-02,15,0.057,0,2750
d73f55ed-464a-4226-b5d8-559727b0f64c,HYD-03,22,0.038,935,1044
d73f55ed-464a-4226-b5d8-559727b0f64c,ELEC-04,18,0.058,0,783
d73f55ed-464a-4226-b5d8-559727b0f64c,CHS-05,17,0.017,362,1364
2cdae452-a45c-3acc-07e3-9f95b8533743,ENG-01,16,0.08,671,4480
2cdae452-a45c-3acc-07e3-9f95b8533743,TRN-02,7,0.06,0,3069
2cdae452-a45c-3acc-07e3-9f95b8533743,HYD-03,4,0.025,166,1175
2cdae452-a45c-3acc-07e3-9f95b8533743,ELEC-04,16,0.072,0,899
2cdae452-a45c-3acc-07e3-9f95b8533743,CHS-05,14,0.044,1444,1542
6333a939-f038-975c-d4c4-01f9561d5e2a,ENG-01,12,0.079,988,4304
6333a939-f038-975c-d4c4-01f9561d5e2a,TRN-02,15,0.054,1907,2715
6333a939-f038-975c-d4c4-01f9561d5e2a,HYD-03,18,0.03,268,1075
6333a939-f038-975c-d4c4-01f9561d5e2a,ELEC-04,19,0.046,1874,815
6333a939-f038-975c-d4c4-01f9561d5e2a,CHS-05,9,0.018,1883,1413
caa5e781-9212-41b0-ed1e-fe07f9dcc75b,ENG-01,16,0.061,610,4635
caa5e781-9212-41b0-ed1e-fe07f9dcc75b,TRN-02,13,0.034,2595,3079
caa5e781-9212-41b0-ed1e-fe07f9dcc75b,HYD-03,11,0.038,1551,1178
caa5e781-9212-41b0-ed1e-fe07f9dcc75b,ELEC-04,6,0.045,738,877
caa5e781-9212-41b0-ed1e-fe07f9dcc75b,CHS-05,7,0.021,0,1472
915ed408-c852-f8da-903f-3fc920d31e9a,ENG-01,16,0.083,0,4633
915ed408-c852-f8da-903f-3fc920d31e9a,TRN-02,7,0.034,3872,2960
915ed408-c852-f8da-903f-3fc920d31e9a,HYD-03,15,0.029,1090,1170
915ed408-c852-f8da-903f-3fc920d31e9a,ELEC-04,6,0.074,2702,848
915ed408-c852-f8da-903f-3fc920d31e9a,CHS-05,3,0.013,0,1564
252d3770-0a2d-32e8-13ae-1c5a8a0a1f4f,ENG-01,17,0.077,0,4219
252d3770-0a2d-32e8-13ae-1c5a8a0a1f4f,TRN-02,18,0.045,0,2702
252d3770-0a2d-32e8-13ae-1c5a8a0a1f4f,HYD-03,17,0.048,2168,1059
252d3770-0a2d-32e8-13ae-1c5a8a0a1f4f,ELEC-04,20,0.053,1806,771
252d3770-0a2d-32e8-13ae-1c5a8a0a1f4f,CHS-05,14,0.047,980,1390
7290220d-b25a-b05c-8518-e50fd62298cd,ENG-01,11,0.078,221,4088
7290220d-b25a-b05c-8518-e50fd62298cd,TRN-02,13,0.034,381,2630
7290220d-b25a-b05c-8518-e50fd62298cd,HYD-03,20,0.026,348,1079
7290220d-b25a-b05c-8518-e50fd62298cd,ELEC-04,13,0.049,0,793
7290220d-b25a-b05c-8518-e50fd62298cd,CHS-05,23,0.043,0,1328
b12bed27-76ed-28e2-496a-1d59b0176e72,ENG-01,21,0.089,0,4230
b12bed27-76ed-28e2-496a-1d59b0176e72,TRN-02,24,0.046,0,2484
b12bed27-76ed-28e2-496a-1d59b0176e72,HYD-03,14,0.024,0,1039
b12bed27-76ed-28e2-496a-1d59b0176e72,ELEC-04,20,0.071,0,760
b12bed27-76ed-28e2-496a-1d59b0176e72,CHS-05,14,0.02,0,1349
3ef0d38b-e997-2cf7-1918-7a13d30e43a6,ENG-01,14,0.069,2901,4507
3ef0d38b-e997-2cf7-1918-7a13d30e43a6,TRN-02,12,0.046,4233,2849
3ef0d38b-e997-2cf7-1918-7a13d30e43a6,HYD-03,3,0.051,2854,1197
3ef0d38b-e997-2cf7-1918-7a13d30e43a6,ELEC-04,3,0.042,4167,859
3ef0d38b-e997-2cf7-1918-7a13d30e43a6,CHS-05,3,0.028,4764,1478
7ca23dbf-5a75-20ab-d9b8-78e2be185ae1,ENG-01,16,0.076,583,4048
7ca23dbf-5a75-20ab-d9b8-78e2be185ae1,TRN-02,8,0.039,1766,2750
7ca23dbf-5a75-20ab-d9b8-78e2be185ae1,HYD-03,10,0.044,0,1069
7ca23dbf-5a75-20ab-d9b8-78e2be185ae1,ELEC-04,7,0.061,1120,789
7ca23dbf-5a75-20ab-d9b8-78e2be185ae1,CHS-05,15,0.043,258,1343
4399a2c3-cedc-bbda-c1e2-d62877ab566a,ENG-01,17,0.055,1852,4375
4399a2c3-cedc-bbda-c1e2-d62877ab566a,TRN-02,18,0.043,1584,2702
4399a2c3-cedc-bbda-c1e2-d62877ab566a,HYD-03,17,0.041,0,1087
4399a2c3-cedc-bbda-c1e2-d62877ab566a,ELEC-04,15,0.077,0,810
4399a2c3-cedc-bbda-c1e2-d62877ab566a,CHS-05,21,0.038,1130,1414
f1e631ac-61c1-c9af-c27e-530dbf4cd6d7,ENG-01,9,0.079,0,4057
f1e631ac-61c1-c9af-c27e-530dbf4cd6d7,TRN-02,10,0.066,383,2938
f1e631ac-61c1-c9af-c27e-530dbf4cd6d7,HYD-03,10,0.047,1092,1079
f1e631ac-61c1-c9af-c27e-530dbf4cd6d7,ELEC-04,9,0.06,1931,850
f1e631ac-61c1-c9af-c27e-530dbf4cd6d7,CHS-05,20,0.03,0,1432
8abe0e4a-dfb4-86ad-fb20-9d1c824a08c1,ENG-01,16,0.084,1840,4033
8abe0e4a-dfb4-86ad-fb20-9d1c824a08c1,TRN-02,18,0.041,2936,2717
8abe0e4a-dfb4-86ad-fb20-9d1c824a08c1,HYD-03,19,0.029,1870,1062
8abe0e4a-dfb4-86ad-fb20-9d1c824a08c1,ELEC-04,18,0.07,3059,766
8abe0e4a-dfb4-86ad-fb20-9d1c824a08c1,CHS-05,23,0.018,1797,1386
1a0e5e5c-ede5-9cdc-0129-4235fd603a4e,ENG-01,7,0.05,3731,4157
1a0e5e5c-ede5-9cdc-0129-4235fd603a4e,TRN-02,13,0.044,358,2801
1a0e5e5c-ede5-9cdc-0129-4235fd603a4e,HYD-03,15,0.041,0,1057
1a0e5e5c-ede5-9cdc-0129-4235fd603a4e,ELEC-04,12,0.042,536,784
1a0e5e5c-ede5-9cdc-0129-4235fd603a4e,CHS-05,13,0.047,2311,1418
ca822da5-8786-848d-f4cd-12c67199e100,ENG-01,10,0.08,0,4366
ca822da5-8786-848d-f4cd-12c67199e100,TRN-02,9,0.045,0,2448
ca822da5-8786-848d-f4cd-12c67199e100,HYD-03,18,0.024,0,1097
ca822da5-8786-848d-f4cd-12c67199e100,ELEC-04,18,0.044,0,810
ca822da5-8786-848d-f4cd-12c67199e100,CHS-05,13,0.022,0,1341
43205343-c9a6-d3b5-52a1-e4471125ec78,ENG-01,7,0.088,742,4136
43205343-c9a6-d3b5-52a1-e4471125ec78,TRN-02,20,0.068,719,2613
43205343-c9a6-d3b5-52a1-e4471125ec78,HYD-03,12,0.024,2612,1083
43205343-c9a6-d3b5-52a1-e4471125ec78,ELEC-04,19,0.062,1759,789
43205343-c9a6-d3b5-52a1-e4471125ec78,CHS-05,11,0.024,218,1357
d56dbdb5-4d39-5501-63ba-fd19bb465c06,ENG-01,9,0.061,0,4359
d56dbdb5-4d39-5501-63ba-fd19bb465c06,TRN-02,10,0.03,0,2753
d56dbdb5-4d39-5501-63ba-fd19bb465c06,HYD-03,16,0.048,1862,1120
d56dbdb5-4d39-5501-63ba-fd19bb465c06,ELEC-04,17,0.069,0,822
d56dbdb5-4d39-5501-63ba-fd19bb465c06,CHS-05,12,0.019,149,1406
6c1d3bfe-387c-3719-86f4-f5bf37120ea6,ENG-01,7,0.079,214,4100
6c1d3bfe-387c-3719-86f4-f5bf37120ea6,TRN-02,16,0.064,3305,2654
6c1d3bfe-387c-3719-86f4-f5bf37120ea6,HYD-03,12,0.034,5053,1062
6c1d3bfe-387c-3719-86f4-f5bf37120ea6,ELEC-04,13,0.068,2560,759
6c1d3bfe-387c-3719-86f4-f5bf37120ea6,CHS-05,11,0.042,0,1401
a90cad54-57f3-cd37-900b-a373bb418928,ENG-01,13,0.064,805,4087
a90cad54-57f3-cd37-900b-a373bb418928,TRN-02,15,0.069,1175,2788
a90cad54-57f3-cd37-900b-a373bb418928,HYD-03,24,0.033,4335,1028
a90cad54-57f3-cd37-900b-a373bb418928,ELEC-04,16,0.04,3464,755
a90cad54-57f3-cd37-900b-a373bb418928,CHS-05,17,0.032,0,1322
ab5137fa-4a10-f3cc-8b0b-72bf77839bf2,ENG-01,12,0.076,1039,4483
ab5137fa-4a10-f3cc-8b0b-72bf77839bf2,TRN-02,3,0.069,1369,3065
ab5137fa-4a10-f3cc-8b0b-72bf77839bf2,HYD-03,4,0.046,1781,1130
ab5137fa-4a10-f3cc-8b0b-72bf77839bf2,ELEC-04,12,0.045,3475,865
ab5137fa-4a10-f3cc-8b0b-72bf77839bf2,CHS-05,3,0.042,95,1472
dcf9024f-da7c-656e-124d-6ae141004838,ENG-01,10,0.065,3514,4507
dcf9024f-da7c-656e-124d-6ae141004838,TRN-02,11,0.058,2778,2730
dcf9024f-da7c-656e-124d-6ae141004838,HYD-03,10,0.029,2673,1159
dcf9024f-da7c-656e-124d-6ae141004838,ELEC-04,12,0.053,3492,844
dcf9024f-da7c-656e-124d-6ae141004838,CHS-05,13,0.011,4418,1471
fc76152c-90d2-c793-6d14-19307c10071d,ENG-01,16,0.062,1257,4487
fc76152c-90d2-c793-6d14-19307c10071d,TRN-02,12,0.067,0,2954
fc76152c-90d2-c793-6d14-19307c10071d,HYD-03,16,0.049,954,1148
fc76152c-90d2-c793-6d14-19307c10071d,ELEC-04,4,0.078,1827,833
fc76152c-90d2-c793-6d14-19307c10071d,CHS-05,7,0.044,16,1476
a4637b3a-fb55-1266-26ea-43e18048d2c7,ENG-01,10,0.059,1339,4259
a4637b3a-fb55-1266-26ea-43e18048d2c7,TRN-02,14,0.053,2409,2886
a4637b3a-fb55-1266-26ea-43e18048d2c7,HYD-03,18,0.059,0,1126
a4637b3a-fb55-1266-26ea-43e18048d2c7,ELEC-04,18,0.046,1022,839
a4637b3a-fb55-1266-26ea-43e18048d2c7,CHS-05,15,0.04,1357,1463
e07ec13f-1707-1e7a-086d-c9be929eb075,ENG-01,6,0.068,0,4807
e07ec13f-1707-1e7a-086d-c9be929eb075,TRN-02,5,0.054,0,2785
e07ec13f-1707-1e7a-086d-c9be929eb075,HYD-03,7,0.037,0,1143
e07ec13f-1707-1e7a-086d-c9be929eb075,ELEC-04,14,0.065,0,871
e07ec13f-1707-1e7a-086d-c9be929eb075,CHS-05,11,0.03,0,1525
56a0c0fd-7490-dc66-93ae-9e42bb0304ac,ENG-01,20,0.08,1701,4455
56a0c0fd-7490-dc66-93ae-9e42bb0304ac,TRN-02,8,0.03,455,2759
56a0c0fd-7490-dc66-93ae-9e42bb0304ac,HYD-03,19,0.053,0,1105
56a0c0fd-7490-dc66-93ae-9e42bb0304ac,ELEC-04,8,0.065,0,806
56a0c0fd-7490-dc66-93ae-9e42bb0304ac,CHS-05,19,0.023,1619,1425
d7dfc42d-4b5d-5bb4-4e3c-58e7d6759fc9,ENG-01,23,0.057,2038,3989
d7dfc42d-4b5d-5bb4-4e3c-58e7d6759fc9,TRN-02,11,0.049,0,2621
d7dfc42d-4b5d-5bb4-4e3c-58e7d6759fc9,HYD-03,24,0.053,0,1065
d7dfc42d-4b5d-5bb4-4e3c-58e7d6759fc9,ELEC-04,19,0.055,1804,759
d7dfc42d-4b5d-5bb4-4e3c-58e7d6759fc9,CHS-05,16,0.012,0,1340
9d262074-d225-2849-90e2-20b118e1f0a2,ENG-01,9,0.071,0,4658
9d262074-d225-2849-90e2-20b118e1f0a2,TRN-02,10,0.037,0,2834
9d262074-d225-2849-90e2-20b118e1f0a2,HYD-03,16,0.046,0,1169
9d262074-d225-2849-90e2-20b118e1f0a2,ELEC-04,13,0.043,0,844
9d262074-d225-2849-90e2-20b118e1f0a2,CHS-05,13,0.021,0,1439
eea5aa67-6173-19ef-585b-ee58b7cb2d3d,ENG-01,12,0.07,0,4251
eea5aa67-6173-19ef-585b-ee58b7cb2d3d,TRN-02,18,0.045,0,2865
eea5aa67-6173-19ef-585b-ee58b7cb2d3d,HYD-03,16,0.059,1414,1141
eea5aa67-6173-19ef-585b-ee58b7cb2d3d,ELEC-04,8,0.059,0,868
eea5aa67-6173-19ef-585b-ee58b7cb2d3d,CHS-05,9,0.031,347,1429
6a2e0b32-1273-0542-54b9-8fe1ed4862f7,ENG-01,10,0.063,0,4045
6a2e0b32-1273-0542-54b9-8fe1ed4862f7,TRN-02,16,0.065,20,2853
6a2e0b32-1273-0542-54b9-8fe1ed4862f7,HYD-03,14,0.034,0,1124
6a2e0b32-1273-0542-54b9-8fe1ed4862f7,ELEC-04,6,0.067,0,794
6a2e0b32-1273-0542-54b9-8fe1ed4862f7,CHS-05,9,0.04,969,1377
3feb22c1-6fbe-e0f8-406a-8c764efbf50d,ENG-01,7,0.072,0,4015
3feb22c1-6fbe-e0f8-406a-8c764efbf50d,TRN-02,16,0.051,2964,2842
3feb22c1-6fbe-e0f8-406a-8c764efbf50d,HYD-03,14,0.054,644,1081
3feb22c1-6fbe-e0f8-406a-8c764efbf50d,ELEC-04,17,0.067,192,807
3feb22c1-6fbe-e0f8-406a-8c764efbf50d,CHS-05,13,0.038,480,1370
65cac8f1-a47e-3905-7b1c-4e240b8b1434,ENG-01,24,0.068,3081,4152
65cac8f1-a47e-3905-7b1c-4e240b8b1434,TRN-02,19,0.047,437,2753
65cac8f1-a47e-3905-7b1c-4e240b8b1434,HYD-03,25,0.036,0,1085
65cac8f1-a47e-3905-7b1c-4e240b8b1434,ELEC-04,20,0.077,1095,783
65cac8f1-a47e-3905-7b1c-4e240b8b1434,CHS-05,15,0.019,0,1318
e15a3103-a5e2-b53e-c791-68ebc301fedb,ENG-01,16,0.09,0,4468
e15a3103-a5e2-b53e-c791-68ebc301fedb,TRN-02,15,0.067,0,2726
e15a3103-a5e2-b53e-c791-68ebc301fedb,HYD-03,12,0.056,2667,1104
e15a3103-a5e2-b53e-c791-68ebc301fedb,ELEC-04,13,0.048,602,785
e15a3103-a5e2-b53e-c791-68ebc301fedb,CHS-05,15,0.018,3196,1449
5aba08d4-3ac1-3310-b4dc-008f76a7d833,ENG-01,25,0.051,1927,3992
5aba08d4-3ac1-3310-b4dc-008f76a7d833,TRN-02,21,0.05,1054,2675
5aba08d4-3ac1-3310-b4dc-008f76a7d833,HYD-03,19,0.04,0,1086
5aba08d4-3ac1-3310-b4dc-008f76a7d833,ELEC-04,16,0.06,0,808
5aba08d4-3ac1-3310-b4dc-008f76a7d833,CHS-05,14,0.012,0,1332
e035b897-927a-ae5a-37b7-25515d35af04,ENG-01,20,0.06,1664,4568
e035b897-927a-ae5a-37b7-25515d35af04,TRN-02,23,0.054,254,2736
e035b897-927a-ae5a-37b7-25515d35af04,HYD-03,9,0.034,908,1120
e035b897-927a-ae5a-37b7-25515d35af04,ELEC-04,17,0.045,0,796
e035b897-927a-ae5a-37b7-25515d35af04,CHS-05,9,0.041,2275,1440
2e7a9830-a98a-44d2-4f0b-21ba83de5078,ENG-01,21,0.088,2072,4081
2e7a9830-a98a-44d2-4f0b-21ba83de5078,TRN-02,14,0.031,0,2829
2e7a9830-a98a-44d2-4f0b-21ba83de5078,HYD-03,20,0.031,118,1069
2e7a9830-a98a-44d2-4f0b-21ba83de5078,ELEC-04,14,0.076,217,786
2e7a9830-a98a-44d2-4f0b-21ba83de5078,CHS-05,12,0.027,0,1332
d1283d49-9d01-c462-9deb-365f1fce49e5,ENG-01,10,0.077,0,4405
d1283d49-9d01-c462-9deb-365f1fce49e5,TRN-02,22,0.033,2050,2848
d1283d49-9d01-c462-9deb-365f1fce49e5,HYD-03,23,0.021,1383,1093
d1283d49-9d01-c462-9deb-365f1fce49e5,ELEC-04,17,0.074,702,814
d1283d49-9d01-c462-9deb-365f1fce49e5,CHS-05,10,0.039,0,1424
813889b1-abbe-dac7-ccd8-65839137eb16,ENG-01,12,0.068,0,4460
813889b1-abbe-dac7-ccd8-65839137eb16,TRN-02,11,0.064,337,2822
813889b1-abbe-dac7-ccd8-65839137eb16,HYD-03,14,0.029,383,1129
813889b1-abbe-dac7-ccd8-65839137eb16,ELEC-04,17,0.067,0,807
813889b1-abbe-dac7-ccd8-65839137eb16,CHS-05,21,0.043,457,1453
0efd8692-a763-749b-7a07-647128bc1128,ENG-01,16,0.061,2406,4310
0efd8692-a763-749b-7a07-647128bc1128,TRN-02,14,0.042,0,2624
0efd8692-a763-749b-7a07-647128bc1128,HYD-03,10,0.025,0,1048
0efd8692-a763-749b-7a07-647128bc1128,ELEC-04,13,0.072,719,791
0efd8692-a763-749b-7a07-647128bc1128,CHS-05,15,0.033,1607,1346
0b51acbc-452b-9938-6eb8-da889361fcf9,ENG-01,15,0.055,0,4187
0b51acbc-452b-9938-6eb8-da889361fcf9,TRN-02,11,0.036,71,2848
0b51acbc-452b-9938-6eb8-da889361fcf9,HYD-03,20,0.037,380,1067
0b51acbc-452b-9938-6eb8-da889361fcf9,ELEC-04,8,0.06,1588,796
0b51acbc-452b-9938-6eb8-da889361fcf9,CHS-05,18,0.027,1465,1404
f42ca0f1-46a2-019a-e162-2220e174fce8,ENG-01,10,0.06,130,4675
f42ca0f1-46a2-019a-e162-2220e174fce8,TRN-02,11,0.065,315,2729
f42ca0f1-46a2-019a-e162-2220e174fce8,HYD-03,3,0.021,0,1179
f42ca0f1-46a2-019a-e162-2220e174fce8,ELEC-04,4,0.056,0,837
f42ca0f1-46a2-019a-e162-2220e174fce8,CHS-05,16,0.014,1850,1485
fde6fcde-5635-4ad3-a6b4-cbfc5841f038,ENG-01,13,0.078,0,4578
fde6fcde-5635-4ad3-a6b4-cbfc5841f038,TRN-02,9,0.049,0,2624
fde6fcde-5635-4ad3-a6b4-cbfc5841f038,HYD-03,14,0.057,0,1153
fde6fcde-5635-4ad3-a6b4-cbfc5841f038,ELEC-04,11,0.075,0,819
fde6fcde-5635-4ad3-a6b4-cbfc5841f038,CHS-05,10,0.032,0,1460
641d0ee3-ac28-3ef8-cba9-2b902bbd21bd,ENG-01,20,0.081,1831,3944
641d0ee3-ac28-3ef8-cba9-2b902bbd21bd,TRN-02,18,0.059,1118,2803
641d0ee3-ac28-3ef8-cba9-2b902bbd21bd,HYD-03,11,0.054,0,1109
641d0ee3-ac28-3ef8-cba9-2b902bbd21bd,ELEC-04,12,0.072,3122,818
641d0ee3-ac28-3ef8-cba9-2b902bbd21bd,CHS-05,13,0.033,1920,1360
f9ba2626-388d-9bfd-b348-ecb1d672c317,ENG-01,17,0.066,0,4251
f9ba2626-388d-9bfd-b348-ecb1d672c317,TRN-02,14,0.035,1228,2795
f9ba2626-388d-9bfd-b348-ecb1d672c317,HYD-03,18,0.029,2396,1110
f9ba2626-388d-9bfd-b348-ecb1d672c317,ELEC-04,18,0.076,2764,801
f9ba2626-388d-9bfd-b348-ecb1d672c317,CHS-05,6,0.044,1197,1400
923af928-fc1d-84f8-4c56-9c3c15bb3d19,ENG-01,20,0.082,0,4099
923af928-fc1d-84f8-4c56-9c3c15bb3d19,TRN-02,16,0.051,0,2753
923af928-fc1d-84f8-4c56-9c3c15bb3d19,HYD-03,11,0.055,156,1060
923af928-fc1d-84f8-4c56-9c3c15bb3d19,ELEC-04,16,0.047,125,785
923af928-fc1d-84f8-4c56-9c3c15bb3d19,CHS-05,11,0.011,1808,1378
49fae3e3-0580-60ac-f460-0308160af4c9,ENG-01,24,0.068,0,4257
49fae3e3-0580-60ac-f460-0308160af4c9,TRN-02,18,0.064,0,2523
49fae3e3-0580-60ac-f460-0308160af4c9,HYD-03,21,0.028,0,1063
49fae3e3-0580-60ac-f460-0308160af4c9,ELEC-04,13,0.074,0,762
49fae3e3-0580-60ac-f460-0308160af4c9,CHS-05,19,0.019,0,1383
a9614a24-688a-5698-a189-b96cde6b1735,ENG-01,16,0.083,0,4606
a9614a24-688a-5698-a189-b96cde6b1735,TRN-02,5,0.056,0,2851
a9614a24-688a-5698-a189-b96cde6b1735,HYD-03,2,0.041,0,1206
a9614a24-688a-5698-a189-b96cde6b1735,ELEC-04,14,0.069,1320,842
a9614a24-688a-5698-a189-b96cde6b1735,CHS-05,5,0.028,0,1439
92b76700-149e-36ca-5697-cb8e51a6fcfa,ENG-01,13,0.07,3877,4358
92b76700-149e-36ca-5697-cb8e51a6fcfa,TRN-02,17,0.048,2919,2640
92b76700-149e-36ca-5697-cb8e51a6fcfa,HYD-03,10,0.042,0,1159
92b76700-149e-36ca-5697-cb8e51a6fcfa,ELEC-04,16,0.045,0,802
92b76700-149e-36ca-5697-cb8e51a6fcfa,CHS-05,8,0.035,0,1455
54796332-0f75-d970-1fc2-a6faacfa6280,ENG-01,19,0.074,1103,4200
54796332-0f75-d970-1fc2-a6faacfa6280,TRN-02,20,0.067,0,2612
54796332-0f75-d970-1fc2-a6faacfa6280,HYD-03,17,0.051,1753,1063
54796332-0f75-d970-1fc2-a6faacfa6280,ELEC-04,21,0.076,0,762
54796332-0f75-d970-1fc2-a6faacfa6280,CHS-05,18,0.021,0,1308
1c127e16-e1ee-0431-e287-ac803d4caf4e,ENG-01,19,0.066,1910,4370
1c127e16-e1ee-0431-e287-ac803d4caf4e,TRN-02,15,0.058,1797,2634
1c127e16-e1ee-0431-e287-ac803d4caf4e,HYD-03,15,0.027,186,1084
1c127e16-e1ee-0431-e287-ac803d4caf4e,ELEC-04,17,0.074,0,752
1c127e16-e1ee-0431-e287-ac803d4caf4e,CHS-05,17,0.037,0,1367
0a73f318-757c-5026-399e-fd07d4070f1e,ENG-01,12,0.076,2278,4302
0a73f318-757c-5026-399e-fd07d4070f1e,TRN-02,18,0.069,1197,2481
0a73f318-757c-5026-399e-fd07d4070f1e,HYD-03,15,0.024,1751,1101
0a73f318-757c-5026-399e-fd07d4070f1e,ELEC-04,15,0.057,2738,768
0a73f318-757c-5026-399e-fd07d4070f1e,CHS-05,21,0.048,2569,1334
b5f82710-718f-2ad7-5d2f-2bf71d0082ab,ENG-01,23,0.076,1007,4319
b5f82710-718f-2ad7-5d2f-2bf71d0082ab,TRN-02,21,0.061,1792,3050
b5f82710-718f-2ad7-5d2f-2bf71d0082ab,HYD-03,11,0.034,776,1137
b5f82710-718f-2ad7-5d2f-2bf71d0082ab,ELEC-04,11,0.054,2670,842
b5f82710-718f-2ad7-5d2f-2bf71d0082ab,CHS-05,14,0.035,604,1472
67c25f05-a1d1-1b6c-40f6-635cb8f4a314,ENG-01,16,0.062,2545,4352
67c25f05-a1d1-1b6c-40f6-635cb8f4a314,TRN-02,3,0.037,563,3075
67c25f05-a1d1-1b6c-40f6-635cb8f4a314,HYD-03,11,0.056,432,1224
67c25f05-a1d1-1b6c-40f6-635cb8f4a314,ELEC-04,11,0.075,925,914
67c25f05-a1d1-1b6c-40f6-635cb8f4a314,CHS-05,16,0.019,0,1521
0e4a65c4-4215-a5d3-f33d-4ff4d35673aa,ENG-01,5,0.083,1307,4546
0e4a65c4-4215-a5d3-f33d-4ff4d35673aa,TRN-02,2,0.043,139,3090
0e4a65c4-4215-a5d3-f33d-4ff4d35673aa,HYD-03,13,0.024,210,1156
0e4a65c4-4215-a5d3-f33d-4ff4d35673aa,ELEC-04,4,0.054,3829,844
0e4a65c4-4215-a5d3-f33d-4ff4d35673aa,CHS-05,6,0.025,528,1439
40dea8d6-50f9-b8b7-ddd9-72bcb54dd73b,ENG-01,12,0.087,1208,4449
40dea8d6-50f9-b8b7-ddd9-72bcb54dd73b,TRN-02,21,0.056,0,2692
40dea8d6-50f9-b8b7-ddd9-72bcb54dd73b,HYD-03,11,0.039,99,1124
40dea8d6-50f9-b8b7-ddd9-72bcb54dd73b,ELEC-04,8,0.071,1366,783
40dea8d6-50f9-b8b7-ddd9-72bcb54dd73b,CHS-05,18,0.027,0,1467
623bf629-7d36-c636-14ee-f045349d1aee,ENG-01,22,0.082,1934,4187
623bf629-7d36-c636-14ee-f045349d1aee,TRN-02,14,0.066,1177,2881
623bf629-7d36-c636-14ee-f045349d1aee,HYD-03,13,0.032,326,1117
623bf629-7d36-c636-14ee-f045349d1aee,ELEC-04,12,0.067,0,848
623bf629-7d36-c636-14ee-f045349d1aee,CHS-05,15,0.035,279,1443
dd1f801f-5f78-f954-d7d4-4ad0dd449d24,ENG-01,10,0.061,866,4346
dd1f801f-5f78-f954-d7d4-4ad0dd449d24,TRN-02,22,0.063,0,2919
dd1f801f-5f78-f954-d7d4-4ad0dd449d24,HYD-03,12,0.031,878,1153
dd1f801f-5f78-f954-d7d4-4ad0dd449d24,ELEC-04,19,0.063,7,819
dd1f801f-5f78-f954-d7d4-4ad0dd449d24,CHS-05,22,0.015,1345,1450
0d8644c7-bd7c-8222-4228-02ec3602b035,ENG-01,9,0.067,0,4580
0d8644c7-bd7c-8222-4228-02ec3602b035,TRN-02,14,0.033,0,2955
0d8644c7-bd7c-8222-4228-02ec3602b035,HYD-03,5,0.053,421,1194
0d8644c7-bd7c-8222-4228-02ec3602b035,ELEC-04,5,0.075,0,851
0d8644c7-bd7c-8222-4228-02ec3602b035,CHS-05,15,0.024,509,1523
31a814f0-9915-a824-b50e-7e317792ac9e,ENG-01,18,0.073,0,4399
31a814f0-9915-a824-b50e-7e317792ac9e,TRN-02,21,0.03,827,2815
31a814f0-9915-a824-b50e-7e317792ac9e,HYD-03,16,0.048,0,1099
31a814f0-9915-a824-b50e-7e317792ac9e,ELEC-04,21,0.059,0,833
31a814f0-9915-a824-b50e-7e317792ac9e,CHS-05,10,0.038,1630,1448
16dd57dd-8208-6e0d-0a19-3f2536031c9e,ENG-01,9,0.052,0,4200
16dd57dd-8208-6e0d-0a19-3f2536031c9e,TRN-02,10,0.065,0,2890
16dd57dd-8208-6e0d-0a19-3f2536031c9e,HYD-03,14,0.027,0,1108
16dd57dd-8208-6e0d-0a19-3f2536031c9e,ELEC-04,7,0.061,0,811
16dd57dd-8208-6e0d-0a19-3f2536031c9e,CHS-05,16,0.029,1185,1398
30e47385-51e7-3b33-707c-88af9a024d50,ENG-01,13,0.073,105,4689
30e47385-51e7-3b33-707c-88af9a024d50,TRN-02,21,0.057,2103,2778
30e47385-51e7-3b33-707c-88af9a024d50,HYD-03,14,0.036,899,1118
30e47385-51e7-3b33-707c-88af9a024d50,ELEC-04,15,0.054,453,812
30e47385-51e7-3b33-707c-88af9a024d50,CHS-05,10,0.013,288,1459
e06cbe3c-9b5e-7f77-85de-5ca98d6cdd11,ENG-01,19,0.076,0,4213
e06cbe3c-9b5e-7f77-85de-5ca98d6cdd11,TRN-02,24,0.056,51,2687
e06cbe3c-9b5e-7f77-85de-5ca98d6cdd11,HYD-03,19,0.05,267,1069
e06cbe3c-9b5e-7f77-85de-5ca98d6cdd11,ELEC-04,24,0.064,0,761
e06cbe3c-9b5e-7f77-85de-5ca98d6cdd11,CHS-05,19,0.036,0,1348
4a041a87-a3d0-e1a4-921a-aa7113acf62b,ENG-01,21,0.06,0,4128
4a041a87-a3d0-e1a4-921a-aa7113acf62b,TRN-02,14,0.033,0,2606
4a041a87-a3d0-e1a4-921a-aa7113acf62b,HYD-03,23,0.024,0,1038
4a041a87-a3d0-e1a4-921a-aa7113acf62b,ELEC-04,15,0.063,0,779
4a041a87-a3d0-e1a4-921a-aa7113acf62b,CHS-05,21,0.017,0,1380
a9ae1f5f-b5f6-2576-07ce-8903d9958aa8,ENG-01,16,0.071,762,4651
a9ae1f5f-b5f6-2576-07ce-8903d9958aa8,TRN-02,17,0.064,496,2812
a9ae1f5f-b5f6-2576-07ce-8903d9958aa8,HYD-03,15,0.041,359,1151
a9ae1f5f-b5f6-2576-07ce-8903d9958aa8,ELEC-04,20,0.058,29,829
a9ae1f5f-b5f6-2576-07ce-8903d9958aa8,CHS-05,16,0.027,432,1454
a7afdfd3-02a8-ff04-603e-db107bc40bc9,ENG-01,7,0.087,1395,4192
a7afdfd3-02a8-ff04-603e-db107bc40bc9,TRN-02,11,0.042,2365,2586
a7afdfd3-02a8-ff04-603e-db107bc40bc9,HYD-03,8,0.052,1358,1077
a7afdfd3-02a8-ff04-603e-db107bc40bc9,ELEC-04,8,0.071,497,781
a7afdfd3-02a8-ff04-603e-db107bc40bc9,CHS-05,7,0.029,829,1420
0a8552f1-5392-51fd-e488-5510ea2e915e,ENG-01,12,0.064,1956,4150
0a8552f1-5392-51fd-e488-5510ea2e915e,TRN-02,7,0.033,469,2847
0a8552f1-5392-51fd-e488-5510ea2e915e,HYD-03,19,0.043,0,1123
0a8552f1-5392-51fd-e488-5510ea2e915e,ELEC-04,9,0.058,1847,838
0a8552f1-5392-51fd-e488-5510ea2e915e,CHS-05,17,0.046,3329,1390
d0e1cdef-b3c7-6846-9942-961e844680a0,ENG-01,10,0.06,1271,4310
d0e1cdef-b3c7-6846-9942-961e844680a0,TRN-02,11,0.041,2687,2698
d0e1cdef-b3c7-6846-9942-961e844680a0,HYD-03,20,0.054,2007,1175
d0e1cdef-b3c7-6846-9942-961e844680a0,ELEC-04,16,0.063,308,800
d0e1cdef-b3c7-6846-9942-961e844680a0,CHS-05,14,0.02,828,1473
00ff8f54-c56b-d9fe-2dcd-a902c64448aa,ENG-01,22,0.069,934,4065
00ff8f54-c56b-d9fe-2dcd-a902c64448aa,TRN-02,17,0.054,0,2688
00ff8f54-c56b-d9fe-2dcd-a902c64448aa,HYD-03,18,0.045,0,1034
00ff8f54-c56b-d9fe-2dcd-a902c64448aa,ELEC-04,14,0.077,967,775
00ff8f54-c56b-d9fe-2dcd-a902c64448aa,CHS-05,11,0.041,1670,1416
4c4bcaa8-ddcd-b4f5-9f82-ea5c1935de1c,ENG-01,13,0.056,314,4050
4c4bcaa8-ddcd-b4f5-9f82-ea5c1935de1c,TRN-02,25,0.064,236,2693
4c4bcaa8-ddcd-b4f5-9f82-ea5c1935de1c,HYD-03,19,0.051,3108,1050
4c4bcaa8-ddcd-b4f5-9f82-ea5c1935de1c,ELEC-04,18,0.07,1397,767
4c4bcaa8-ddcd-b4f5-9f82-ea5c1935de1c,CHS-05,24,0.029,1275,1330
491fec41-81c3-9014-3eb0-24b748501612,ENG-01,9,0.057,180,4076
491fec41-81c3-9014-3eb0-24b748501612,TRN-02,17,0.033,0,2663
491fec41-81c3-9014-3eb0-24b748501612,HYD-03,20,0.053,247,1103
491fec41-81c3-9014-3eb0-24b748501612,ELEC-04,15,0.047,3269,780
491fec41-81c3-9014-3eb0-24b748501612,CHS-05,12,0.024,1956,1389
9b950a65-ea84-2332-9dc1-8f4e1aff185f,ENG-01,12,0.07,181,4386
9b950a65-ea84-2332-9dc1-8f4e1aff185f,TRN-02,9,0.039,743,2987
9b950a65-ea84-2332-9dc1-8f4e1aff185f,HYD-03,3,0.047,0,1168
9b950a65-ea84-2332-9dc1-8f4e1aff185f,ELEC-04,3,0.061,0,899
9b950a65-ea84-2332-9dc1-8f4e1aff185f,CHS-05,7,0.033,1370,1458
ccda48f6-8208-a9c8-1dc4-870ef58cc92d,ENG-01,22,0.077,706,4260
ccda48f6-8208-a9c8-1dc4-870ef58cc92d,TRN-02,10,0.044,0,2861
ccda48f6-8208-a9c8-1dc4-870ef58cc92d,HYD-03,22,0.058,759,1087
ccda48f6-8208-a9c8-1dc4-870ef58cc92d,ELEC-04,13,0.077,0,807
ccda48f6-8208-a9c8-1dc4-870ef58cc92d,CHS-05,10,0.014,0,1459
0594ef43-0f19-c1cc-22c5-c66649837ba7,ENG-01,16,0.068,0,4201
0594ef43-0f19-c1cc-22c5-c66649837ba7,TRN-02,22,0.052,0,2635
0594ef43-0f19-c1cc-22c5-c66649837ba7,HYD-03,13,0.054,0,1060
0594ef43-0f19-c1cc-22c5-c66649837ba7,ELEC-04,20,0.046,184,775
0594ef43-0f19-c1cc-22c5-c66649837ba7,CHS-05,19,0.028,0,1360
89594229-4eab-bfcb-cc59-783478d48990,ENG-01,10,0.053,1455,4438
89594229-4eab-bfcb-cc59-783478d48990,TRN-02,12,0.07,265,2882
89594229-4eab-bfcb-cc59-783478d48990,HYD-03,14,0.021,0,1122
89594229-4eab-bfcb-cc59-783478d48990,ELEC-04,5,0.068,1095,855
89594229-4eab-bfcb-cc59-783478d48990,CHS-05,5,0.03,0,1482
ccdde61f-1b8c-bc4f-c91c-b5ed90eb96b3,ENG-01,22,0.072,1364,4186
ccdde61f-1b8c-bc4f-c91c-b5ed90eb96b3,TRN-02,22,0.031,0,2665
ccdde61f-1b8c-bc4f-c91c-b5ed90eb96b3,HYD-03,19,0.025,290,1096
ccdde61f-1b8c-bc4f-c91c-b5ed90eb96b3,ELEC-04,25,0.056,0,768
ccdde61f-1b8c-bc4f-c91c-b5ed90eb96b3,CHS-05,23,0.046,2199,1336
1cf47975-cc54-a4e8-d532-3f39d1842dfc,ENG-01,11,0.074,305,4424
1cf47975-cc54-a4e8-d532-3f39d1842dfc,TRN-02,19,0.035,295,2920
1cf47975-cc54-a4e8-d532-3f39d1842dfc,HYD-03,18,0.026,0,1149
1cf47975-cc54-a4e8-d532-3f39d1842dfc,ELEC-04,13,0.071,596,887
1cf47975-cc54-a4e8-d532-3f39d1842dfc,CHS-05,10,0.043,2861,1447
33eb36aa-5984-7dc1-ae92-e710b4251523,ENG-01,13,0.064,0,4264
33eb36aa-5984-7dc1-ae92-e710b4251523,TRN-02,21,0.064,2201,2864
33eb36aa-5984-7dc1-ae92-e710b4251523,HYD-03,9,0.047,1846,1086
33eb36aa-5984-7dc1-ae92-e710b4251523,ELEC-04,14,0.043,0,819
33eb36aa-5984-7dc1-ae92-e710b4251523,CHS-05,14,0.045,2138,1385
bf771c68-c768-135e-09b5-d5ad01b9ecf9,ENG-01,24,0.062,0,4227
bf771c68-c768-135e-09b5-d5ad01b9ecf9,TRN-02,11,0.067,2149,2480
bf771c68-c768-135e-09b5-d5ad01b9ecf9,HYD-03,14,0.035,0,1065
bf771c68-c768-135e-09b5-d5ad01b9ecf9,ELEC-04,17,0.076,516,732
bf771c68-c768-135e-09b5-d5ad01b9ecf9,CHS-05,16,0.045,0,1321
e89e7f06-42aa-e2c7-b8cb-d1562b3aab8d,ENG-01,7,0.066,0,4424
e89e7f06-42aa-e2c7-b8cb-d1562b3aab8d,TRN-02,8,0.041,1129,3152
e89e7f06-42aa-e2c7-b8cb-d1562b3aab8d,HYD-03,16,0.024,684,1183
e89e7f06-42aa-e2c7-b8cb-d1562b3aab8d,ELEC-04,6,0.05,398,908
e89e7f06-42aa-e2c7-b8cb-d1562b3aab8d,CHS-05,3,0.025,346,1487
6d5a839d-f2bb-e52a-2fea-0d91ed7645bc,ENG-01,17,0.087,2492,4361
6d5a839d-f2bb-e52a-2fea-0d91ed7645bc,TRN-02,14,0.059,1658,2590
6d5a839d-f2bb-e52a-2fea-0d91ed7645bc,HYD-03,8,0.049,0,1148
6d5a839d-f2bb-e52a-2fea-0d91ed7645bc,ELEC-04,9,0.046,0,822
6d5a839d-f2bb-e52a-2fea-0d91ed7645bc,CHS-05,21,0.047,1767,1387
1ecd994a-9545-b39a-f8c0-da6ce7dc6644,ENG-01,3,0.068,379,4516
1ecd994a-9545-b39a-f8c0-da6ce7dc6644,TRN-02,2,0.06,0,2844
1ecd994a-9545-b39a-f8c0-da6ce7dc6644,HYD-03,9,0.024,294,1189
1ecd994a-9545-b39a-f8c0-da6ce7dc6644,ELEC-04,5,0.042,0,828
1ecd994a-9545-b39a-f8c0-da6ce7dc6644,CHS-05,4,0.031,0,1493
eab4927f-03da-f738-e255-409826caa3d8,ENG-01,13,0.066,0,4443
eab4927f-03da-f738-e255-409826caa3d8,TRN-02,21,0.046,0,2593
eab4927f-03da-f738-e255-409826caa3d8,HYD-03,20,0.051,0,1109
eab4927f-03da-f738-e255-409826caa3d8,ELEC-04,8,0.066,0,798
eab4927f-03da-f738-e255-409826caa3d8,CHS-05,17,0.046,0,1440
3a23ca36-87a8-68cf-9f96-cf5f0cdf6f19,ENG-01,14,0.054,0,4501
3a23ca36-87a8-68cf-9f96-cf5f0cdf6f19,TRN-02,13,0.043,145,2693
3a23ca36-87a8-68cf-9f96-cf5f0cdf6f19,HYD-03,13,0.051,305,1095
3a23ca36-87a8-68cf-9f96-cf5f0cdf6f19,ELEC-04,19,0.068,2400,843
3a23ca36-87a8-68cf-9f96-cf5f0cdf6f19,CHS-05,16,0.049,0,1429
d738cb21-67af-c93c-f97a-40379cf2e65c,ENG-01,9,0.068,0,4412
d738cb21-67af-c93c-f97a-40379cf2e65c,TRN-02,5,0.039,567,3033
d738cb21-67af-c93c-f97a-40379cf2e65c,HYD-03,2,0.032,1212,1174
d738cb21-67af-c93c-f97a-40379cf2e65c,ELEC-04,14,0.058,1729,819
d738cb21-67af-c93c-f97a-40379cf2e65c,CHS-05,16,0.016,954,1469
09cd8b90-f200-315f-40b2-bd5ac3db6084,ENG-01,16,0.064,930,4515
09cd8b90-f200-315f-40b2-bd5ac3db6084,TRN-02,10,0.062,180,2827
09cd8b90-f200-315f-40b2-bd5ac3db6084,HYD-03,6,0.021,0,1177
09cd8b90-f200-315f-40b2-bd5ac3db6084,ELEC-04,11,0.058,552,852
09cd8b90-f200-315f-40b2-bd5ac3db6084,CHS-05,2,0.02,0,1531
fcd74b8d-a144-93da-eacd-2f3c71a00652,ENG-01,9,0.073,0,4450
fcd74b8d-a144-93da-eacd-2f3c71a00652,TRN-02,8,0.038,0,3176
fcd74b8d-a144-93da-eacd-2f3c71a00652,HYD-03,5,0.03,251,1155
fcd74b8d-a144-93da-eacd-2f3c71a00652,ELEC-04,3,0.045,0,901
fcd74b8d-a144-93da-eacd-2f3c71a00652,CHS-05,13,0.026,0,1464
f8b24f14-4e69-8ab9-6771-1f06747e0d03,ENG-01,19,0.053,1730,4126
f8b24f14-4e69-8ab9-6771-1f06747e0d03,TRN-02,8,0.032,1697,2716
f8b24f14-4e69-8ab9-6771-1f06747e0d03,HYD-03,15,0.044,258,1113
f8b24f14-4e69-8ab9-6771-1f06747e0d03,ELEC-04,13,0.068,1256,790
f8b24f14-4e69-8ab9-6771-1f06747e0d03,CHS-05,11,0.032,0,1401
ca3b5c2b-5d3f-b383-ded7-17a90cd4ad34,ENG-01,10,0.077,0,4184
ca3b5c2b-5d3f-b383-ded7-17a90cd4ad34,TRN-02,14,0.038,0,2778
ca3b5c2b-5d3f-b383-ded7-17a90cd4ad34,HYD-03,12,0.049,891,1100
ca3b5c2b-5d3f-b383-ded7-17a90cd4ad34,ELEC-04,20,0.063,0,846
ca3b5c2b-5d3f-b383-ded7-17a90cd4ad34,CHS-05,20,0.028,1095,1388
f97581fc-752a-5bbc-3194-1624e4112687,ENG-01,15,0.08,755,4307
f97581fc-752a-5bbc-3194-1624e4112687,TRN-02,10,0.031,0,2867
f97581fc-752a-5bbc-3194-1624e4112687,HYD-03,22,0.03,1176,1109
f97581fc-752a-5bbc-3194-1624e4112687,ELEC-04,14,0.061,936,839
f97581fc-752a-5bbc-3194-1624e4112687,CHS-05,22,0.035,1022,1443
6f1b748b-4ce5-6558-1c9b-04d0a5365e59,ENG-01,17,0.084,742,4341
6f1b748b-4ce5-6558-1c9b-04d0a5365e59,TRN-02,19,0.033,255,2825
6f1b748b-4ce5-6558-1c9b-04d0a5365e59,HYD-03,9,0.036,0,1098
6f1b748b-4ce5-6558-1c9b-04d0a5365e59,ELEC-04,17,0.056,0,800
6f1b748b-4ce5-6558-1c9b-04d0a5365e59,CHS-05,8,0.041,1045,1387
b27995d2-7464-6959-f1dd-542e346e271f,ENG-01,9,0.071,1922,4218
b27995d2-7464-6959-f1dd-542e346e271f,TRN-02,16,0.046,2503,2683
b27995d2-7464-6959-f1dd-542e346e271f,HYD-03,20,0.02,956,1100
b27995d2-7464-6959-f1dd-542e346e271f,ELEC-04,19,0.066,737,794
b27995d2-7464-6959-f1dd-542e346e271f,CHS-05,9,0.016,638,1400
dcbd377c-44e6-5530-a720-0c0eb4269530,ENG-01,3,0.054,0,4617
dcbd377c-44e6-5530-a720-0c0eb4269530,TRN-02,12,0.061,0,2798
dcbd377c-44e6-5530-a720-0c0eb4269530,HYD-03,2,0.044,0,1158
dcbd377c-44e6-5530-a720-0c0eb4269530,ELEC-04,10,0.044,0,850
dcbd377c-44e6-5530-a720-0c0eb4269530,CHS-05,14,0.046,0,1536
b00cc2dc-7033-fa40-7ccd-8bc1a426ee3d,ENG-01,16,0.076,0,4156
b00cc2dc-7033-fa40-7ccd-8bc1a426ee3d,TRN-02,8,0.06,2087,2777
b00cc2dc-7033-fa40-7ccd-8bc1a426ee3d,HYD-03,10,0.038,0,1064
b00cc2dc-7033-fa40-7ccd-8bc1a426ee3d,ELEC-04,17,0.055,319,843
b00cc2dc-7033-fa40-7ccd-8bc1a426ee3d,CHS-05,8,0.018,0,1386
17010263-ae47-a97f-7523-611a484d31b9,ENG-01,22,0.052,0,3915
17010263-ae47-a97f-7523-611a484d31b9,TRN-02,22,0.045,0,2686
17010263-ae47-a97f-7523-611a484d31b9,HYD-03,18,0.046,320,1058
17010263-ae47-a97f-7523-611a484d31b9,ELEC-04,25,0.047,1695,759
17010263-ae47-a97f-7523-611a484d31b9,CHS-05,20,0.034,3306,1337
bd12ccee-c93e-c510-af11-b1c27a8f33f4,ENG-01,5,0.066,0,4574
bd12ccee-c93e-c510-af11-b1c27a8f33f4,TRN-02,7,0.069,0,2752
bd12ccee-c93e-c510-af11-b1c27a8f33f4,HYD-03,8,0.048,0,1139
bd12ccee-c93e-c510-af11-b1c27a8f33f4,ELEC-04,3,0.077,0,838
bd12ccee-c93e-c510-af11-b1c27a8f33f4,CHS-05,10,0.017,0,1490
475a66d4-29f1-28d6-c6e4-848667342642,ENG-01,17,0.054,0,4413
475a66d4-29f1-28d6-c6e4-848667342642,TRN-02,20,0.053,0,2703
475a66d4-29f1-28d6-c6e4-848667342642,HYD-03,16,0.037,0,1112
475a66d4-29f1-28d6-c6e4-848667342642,ELEC-04,10,0.078,0,795
475a66d4-29f1-28d6-c6e4-848667342642,CHS-05,14,0.018,0,1411
3abd5068-350d-241d-326c-0a0d49ae67aa,ENG-01,24,0.054,0,4068
3abd5068-350d-241d-326c-0a0d49ae67aa,TRN-02,11,0.037,447,2797
3abd5068-350d-241d-326c-0a0d49ae67aa,HYD-03,11,0.041,0,1048
3abd5068-350d-241d-326c-0a0d49ae67aa,ELEC-04,18,0.068,281,806
3abd5068-350d-241d-326c-0a0d49ae67aa,CHS-05,21,0.021,0,1342
e4e74d2a-c8ac-9c84-6cc5-c38c14cbf123,ENG-01,21,0.074,331,4208
e4e74d2a-c8ac-9c84-6cc5-c38c14cbf123,TRN-02,15,0.041,1610,2857
e4e74d2a-c8ac-9c84-6cc5-c38c14cbf123,HYD-03,21,0.029,424,1149
e4e74d2a-c8ac-9c84-6cc5-c38c14cbf123,ELEC-04,16,0.074,2440,873
e4e74d2a-c8ac-9c84-6cc5-c38c14cbf123,CHS-05,16,0.011,1697,1454
5501c02e-8c6d-e8ba-2d59-5fd78196cde8,ENG-01,17,0.059,0,4411
5501c02e-8c6d-e8ba-2d59-5fd78196cde8,TRN-02,14,0.066,0,2699
5501c02e-8c6d-e8ba-2d59-5fd78196cde8,HYD-03,10,0.037,261,1112
5501c02e-8c6d-e8ba-2d59-5fd78196cde8,ELEC-04,20,0.061,0,778
5501c02e-8c6d-e8ba-2d59-5fd78196cde8,CHS-05,22,0.033,54,1471
fa60741d-b480-e734-dbd2-5831c591f30c,ENG-01,23,0.088,1870,4317
fa60741d-b480-e734-dbd2-5831c591f30c,TRN-02,9,0.07,722,2833
fa60741d-b480-e734-dbd2-5831c591f30c,HYD-03,13,0.03,858,1124
fa60741d-b480-e734-dbd2-5831c591f30c,ELEC-04,13,0.057,437,833
fa60741d-b480-e734-dbd2-5831c591f30c,CHS-05,23,0.031,1662,1383
32dd8ca5-0eab-c9d3-5795-8b12bc0fb230,ENG-01,20,0.063,0,4317
32dd8ca5-0eab-c9d3-5795-8b12bc0fb230,TRN-02,19,0.034,0,2411
32dd8ca5-0eab-c9d3-5795-8b12bc0fb230,HYD-03,14,0.022,0,1086
32dd8ca5-0eab-c9d3-5795-8b12bc0fb230,ELEC-04,20,0.046,774,754
32dd8ca5-0eab-c9d3-5795-8b12bc0fb230,CHS-05,17,0.02,0,1348
595df53d-580e-54c0-360c-6c02dbcf0788,ENG-01,19,0.075,675,4337
595df53d-580e-54c0-360c-6c02dbcf0788,TRN-02,22,0.055,674,2889
595df53d-580e-54c0-360c-6c02dbcf0788,HYD-03,20,0.055,279,1111
595df53d-580e-54c0-360c-6c02dbcf0788,ELEC-04,9,0.053,0,863
595df53d-580e-54c0-360c-6c02dbcf0788,CHS-05,11,0.047,1538,1441
72744818-ca44-a87b-b8e1-a8352b3c3d6f,ENG-01,13,0.051,0,4361
72744818-ca44-a87b-b8e1-a8352b3c3d6f,TRN-02,6,0.066,0,2617
72744818-ca44-a87b-b8e1-a8352b3c3d6f,HYD-03,14,0.052,1891,1076
72744818-ca44-a87b-b8e1-a8352b3c3d6f,ELEC-04,12,0.042,0,781
72744818-ca44-a87b-b8e1-a8352b3c3d6f,CHS-05,14,0.031,0,1387
53b0cd39-767f-6fdf-c767-03042c0214e9,ENG-01,16,0.052,1463,4084
53b0cd39-767f-6fdf-c767-03042c0214e9,TRN-02,19,0.057,710,2740
53b0cd39-767f-6fdf-c767-03042c0214e9,HYD-03,25,0.04,1306,1074
53b0cd39-767f-6fdf-c767-03042c0214e9,ELEC-04,21,0.064,2664,788
53b0cd39-767f-6fdf-c767-03042c0214e9,CHS-05,24,0.039,1547,1307
914f6fde-b7fa-0ad1-893e-12d31f7dcd18,ENG-01,7,0.087,2243,4210
914f6fde-b7fa-0ad1-893e-12d31f7dcd18,TRN-02,19,0.039,0,2780
914f6fde-b7fa-0ad1-893e-12d31f7dcd18,HYD-03,11,0.037,919,1112
914f6fde-b7fa-0ad1-893e-12d31f7dcd18,ELEC-04,9,0.059,0,839
914f6fde-b7fa-0ad1-893e-12d31f7dcd18,CHS-05,12,0.036,151,1435
3bbd8261-23c5-3cf5-2bfe-17e05d3c0423,ENG-01,24,0.066,0,4391
3bbd8261-23c5-3cf5-2bfe-17e05d3c0423,TRN-02,13,0.063,1395,2671
3bbd8261-23c5-3cf5-2bfe-17e05d3c0423,HYD-03,21,0.021,1289,1056
3bbd8261-23c5-3cf5-2bfe-17e05d3c0423,ELEC-04,18,0.051,0,789
3bbd8261-23c5-3cf5-2bfe-17e05d3c0423,CHS-05,16,0.03,2319,1378
4a33980a-8d81-b17a-48d8-4df593594982,ENG-01,9,0.064,1806,4097
4a33980a-8d81-b17a-48d8-4df593594982,TRN-02,8,0.031,32,2893
4a33980a-8d81-b17a-48d8-4df593594982,HYD-03,10,0.035,1787,1145
4a33980a-8d81-b17a-48d8-4df593594982,ELEC-04,19,0.062,1049,833
4a33980a-8d81-b17a-48d8-4df593594982,CHS-05,14,0.03,924,1456
7ceab0d2-c828-3961-f04c-f2d0f62bc8a2,ENG-01,4,0.078,2444,4447
7ceab0d2-c828-3961-f04c-f2d0f62bc8a2,TRN-02,13,0.059,1900,2973
7ceab0d2-c828-3961-f04c-f2d0f62bc8a2,HYD-03,4,0.023,2393,1184
7ceab0d2-c828-3961-f04c-f2d0f62bc8a2,ELEC-04,5,0.051,226,855
7ceab0d2-c828-3961-f04c-f2d0f62bc8a2,CHS-05,11,0.02,3970,1501
8fb65b8f-d106-fb4a-4a17-7235ff9b66fc,ENG-01,10,0.071,1592,4261
8fb65b8f-d106-fb4a-4a17-7235ff9b66fc,TRN-02,20,0.069,1208,2645
8fb65b8f-d106-fb4a-4a17-7235ff9b66fc,HYD-03,8,0.036,0,1094
8fb65b8f-d106-fb4a-4a17-7235ff9b66fc,ELEC-04,8,0.068,0,794
8fb65b8f-d106-fb4a-4a17-7235ff9b66fc,CHS-05,11,0.043,2395,1400
2e7ff1b7-81c4-b193-4c8b-7d9ebe7e273d,ENG-01,8,0.09,423,4349
2e7ff1b7-81c4-b193-4c8b-7d9ebe7e273d,TRN-02,8,0.047,1460,2681
2e7ff1b7-81c4-b193-4c8b-7d9ebe7e273d,HYD-03,22,0.041,2300,1107
2e7ff1b7-81c4-b193-4c8b-7d9ebe7e273d,ELEC-04,15,0.062,2499,815
2e7ff1b7-81c4-b193-4c8b-7d9ebe7e273d,CHS-05,14,0.031,0,1400
78658f1d-6c5a-a281-8119-ed79bfca0781,ENG-01,11,0.06,0,4223
78658f1d-6c5a-a281-8119-ed79bfca0781,TRN-02,12,0.059,0,2857
78658f1d-6c5a-a281-8119-ed79bfca0781,HYD-03,22,0.037,764,1108
78658f1d-6c5a-a281-8119-ed79bfca0781,ELEC-04,19,0.049,0,867
78658f1d-6c5a-a281-8119-ed79bfca0781,CHS-05,9,0.024,581,1425
8ca60d18-fe2f-8ba6-88d4-89d7479796a9,ENG-01,9,0.068,0,4287
8ca60d18-fe2f-8ba6-88d4-89d7479796a9,TRN-02,19,0.035,0,2700
8ca60d18-fe2f-8ba6-88d4-89d7479796a9,HYD-03,11,0.042,1025,1058
8ca60d18-fe2f-8ba6-88d4-89d7479796a9,ELEC-04,14,0.068,546,768
8ca60d18-fe2f-8ba6-88d4-89d7479796a9,CHS-05,11,0.048,1189,1370
36669361-a35b-a320-17ec-b2621c1332bb,ENG-01,19,0.061,0,4242
36669361-a35b-a320-17ec-b2621c1332bb,TRN-02,9,0.06,0,2775
36669361-a35b-a320-17ec-b2621c1332bb,HYD-03,8,0.054,0,1088
36669361-a35b-a320-17ec-b2621c1332bb,ELEC-04,13,0.073,1179,833
36669361-a35b-a320-17ec-b2621c1332bb,CHS-05,7,0.026,881,1410
5991a773-034f-c4d4-46eb-4fb12369560c,ENG-01,13,0.088,0,4172
5991a773-034f-c4d4-46eb-4fb12369560c,TRN-02,18,0.053,0,2610
5991a773-034f-c4d4-46eb-4fb12369560c,HYD-03,18,0.044,107,1060
5991a773-034f-c4d4-46eb-4fb12369560c,ELEC-04,13,0.047,1535,776
5991a773-034f-c4d4-46eb-4fb12369560c,CHS-05,11,0.024,0,1334
841d97a8-ea6c-499e-1038-3886619a8226,ENG-01,21,0.089,1869,3996
841d97a8-ea6c-499e-1038-3886619a8226,TRN-02,20,0.063,314,2718
841d97a8-ea6c-499e-1038-3886619a8226,HYD-03,24,0.021,1308,1033
841d97a8-ea6c-499e-1038-3886619a8226,ELEC-04,15,0.054,1506,777
841d97a8-ea6c-499e-1038-3886619a8226,CHS-05,21,0.047,1588,1405
433548d5-ab9f-c302-6570-ab49ccc6739c,ENG-01,14,0.058,1482,4255
433548d5-ab9f-c302-6570-ab49ccc6739c,TRN-02,21,0.046,1860,2762
433548d5-ab9f-c302-6570-ab49ccc6739c,HYD-03,18,0.046,0,1124
433548d5-ab9f-c302-6570-ab49ccc6739c,ELEC-04,14,0.049,743,827
433548d5-ab9f-c302-6570-ab49ccc6739c,CHS-05,11,0.046,1272,1451
848ce68d-2f7c-d6ff-c774-b4f723428a68,ENG-01,15,0.088,2531,4213
848ce68d-2f7c-d6ff-c774-b4f723428a68,TRN-02,15,0.039,0,2560
848ce68d-2f7c-d6ff-c774-b4f723428a68,HYD-03,17,0.039,0,1095
848ce68d-2f7c-d6ff-c774-b4f723428a68,ELEC-04,18,0.07,78,746
848ce68d-2f7c-d6ff-c774-b4f723428a68,CHS-05,23,0.047,0,1412
64393994-5347-e414-8f6b-cc4e961cc757,ENG-01,6,0.086,1712,4290
64393994-5347-e414-8f6b-cc4e961cc757,TRN-02,14,0.065,0,2533
64393994-5347-e414-8f6b-cc4e961cc757,HYD-03,10,0.037,19,1084
64393994-5347-e414-8f6b-cc4e961cc757,ELEC-04,13,0.057,0,809
64393994-5347-e414-8f6b-cc4e961cc757,CHS-05,11,0.035,1241,1376
2339351f-7f44-91a3-24ee-db068a8e05e2,ENG-01,8,0.061,0,4440
2339351f-7f44-91a3-24ee-db068a8e05e2,TRN-02,13,0.061,2030,2783
2339351f-7f44-91a3-24ee-db068a8e05e2,HYD-03,20,0.024,0,1103
2339351f-7f44-91a3-24ee-db068a8e05e2,ELEC-04,14,0.051,2277,806
2339351f-7f44-91a3-24ee-db068a8e05e2,CHS-05,21,0.037,0,1393
41ad3891-a6fe-8f97-e2c3-5d490fae9590,ENG-01,20,0.059,0,4264
41ad3891-a6fe-8f97-e2c3-5d490fae9590,TRN-02,17,0.055,0,2823
41ad3891-a6fe-8f97-e2c3-5d490fae9590,HYD-03,10,0.032,0,1122
41ad3891-a6fe-8f97-e2c3-5d490fae9590,ELEC-04,16,0.06,542,810
41ad3891-a6fe-8f97-e2c3-5d490fae9590,CHS-05,12,0.021,0,1390
2b4db414-ea8c-9113-75ec-84215b9c262f,ENG-01,17,0.063,0,4230
2b4db414-ea8c-9113-75ec-84215b9c262f,TRN-02,9,0.046,0,2588
2b4db414-ea8c-9113-75ec-84215b9c262f,HYD-03,19,0.032,0,1102
2b4db414-ea8c-9113-75ec-84215b9c262f,ELEC-04,20,0.067,0,778
2b4db414-ea8c-9113-75ec-84215b9c262f,CHS-05,17,0.048,0,1391
fbad51f3-cdeb-3d79-4bc5-8771a43b227d,ENG-01,19,0.052,452,4572
fbad51f3-cdeb-3d79-4bc5-8771a43b227d,TRN-02,21,0.049,2349,2889
fbad51f3-cdeb-3d79-4bc5-8771a43b227d,HYD-03,12,0.04,765,1150
fbad51f3-cdeb-3d79-4bc5-8771a43b227d,ELEC-04,13,0.072,559,821
fbad51f3-cdeb-3d79-4bc5-8771a43b227d,CHS-05,23,0.039,3035,1436
cb8aa720-7c68-7598-58b0-c23390b61204,ENG-01,11,0.06,0,4190
cb8aa720-7c68-7598-58b0-c23390b61204,TRN-02,18,0.043,0,2567
cb8aa720-7c68-7598-58b0-c23390b61204,HYD-03,11,0.056,859,1009
cb8aa720-7c68-7598-58b0-c23390b61204,ELEC-04,21,0.069,0,748
cb8aa720-7c68-7598-58b0-c23390b61204,CHS-05,11,0.044,503,1363
911fe111-9705-7a46-9d31-5587efcbda76,ENG-01,8,0.086,0,4537
911fe111-9705-7a46-9d31-5587efcbda76,TRN-02,10,0.035,0,2914
911fe111-9705-7a46-9d31-5587efcbda76,HYD-03,5,0.056,0,1207
911fe111-9705-7a46-9d31-5587efcbda76,ELEC-04,13,0.061,0,848
911fe111-9705-7a46-9d31-5587efcbda76,CHS-05,3,0.016,0,1479
574c00ab-9b36-cc29-3ea2-1a1965bf339c,ENG-01,11,0.065,1099,4335
574c00ab-9b36-cc29-3ea2-1a1965bf339c,TRN-02,7,0.05,614,2669
574c00ab-9b36-cc29-3ea2-1a1965bf339c,HYD-03,20,0.051,0,1073
574c00ab-9b36-cc29-3ea2-1a1965bf339c,ELEC-04,14,0.074,0,782
574c00ab-9b36-cc29-3ea2-1a1965bf339c,CHS-05,19,0.013,0,1369
2b1d215d-3646-360b-5931-44c74fbfcb09,ENG-01,6,0.079,1024,4106
2b1d215d-3646-360b-5931-44c74fbfcb09,TRN-02,8,0.056,733,2745
2b1d215d-3646-360b-5931-44c74fbfcb09,HYD-03,13,0.042,1841,1116
2b1d215d-3646-360b-5931-44c74fbfcb09,ELEC-04,20,0.077,0,827
2b1d215d-3646-360b-5931-44c74fbfcb09,CHS-05,8,0.027,281,1381
5c34ba1c-d197-d2a9-74fb-e9aac7f7d2d3,ENG-01,21,0.065,0,4319
5c34ba1c-d197-d2a9-74fb-e9aac7f7d2d3,TRN-02,22,0.07,1429,2879
5c34ba1c-d197-d2a9-74fb-e9aac7f7d2d3,HYD-03,9,0.049,295,1136
5c34ba1c-d197-d2a9-74fb-e9aac7f7d2d3,ELEC-04,18,0.074,1992,835
5c34ba1c-d197-d2a9-74fb-e9aac7f7d2d3,CHS-05,20,0.013,731,1484
e74c6c51-5118-d273-809e-0af18f6a137d,ENG-01,13,0.089,827,4224
e74c6c51-5118-d273-809e-0af18f6a137d,TRN-02,14,0.058,0,2923
e74c6c51-5118-d273-809e-0af18f6a137d,HYD-03,9,0.021,66,1076
e74c6c51-5118-d273-809e-0af18f6a137d,ELEC-04,18,0.041,1839,858
e74c6c51-5118-d273-809e-0af18f6a137d,CHS-05,8,0.033,1533,1425
77666a81-5e71-e0bb-0952-508ddc28798a,ENG-01,13,0.062,653,4014
77666a81-5e71-e0bb-0952-508ddc28798a,TRN-02,13,0.059,1569,2732
77666a81-5e71-e0bb-0952-508ddc28798a,HYD-03,22,0.033,807,1069
77666a81-5e71-e0bb-0952-508ddc28798a,ELEC-04,17,0.079,0,811
77666a81-5e71-e0bb-0952-508ddc28798a,CHS-05,24,0.014,0,1357
74298488-8714-5012-b274-24d9cacb0b3e,ENG-01,13,0.066,542,4094
74298488-8714-5012-b274-24d9cacb0b3e,TRN-02,16,0.05,0,2697
74298488-8714-5012-b274-24d9cacb0b3e,HYD-03,14,0.027,0,1090
74298488-8714-5012-b274-24d9cacb0b3e,ELEC-04,16,0.076,0,761
74298488-8714-5012-b274-24d9cacb0b3e,CHS-05,20,0.024,0,1283
fa5c07a1-2259-7044-8613-843feb35d04b,ENG-01,10,0.05,86,4662
fa5c07a1-2259-7044-8613-843feb35d04b,TRN-02,5,0.06,809,2822
fa5c07a1-2259-7044-8613-843feb35d04b,HYD-03,13,0.056,1146,1128
fa5c07a1-2259-7044-8613-843feb35d04b,ELEC-04,15,0.049,0,828
fa5c07a1-2259-7044-8613-843feb35d04b,CHS-05,15,0.013,955,1477
625ffb67-c870-f8b7-d708-1b9ab9be6246,ENG-01,19,0.064,0,4021
625ffb67-c870-f8b7-d708-1b9ab9be6246,TRN-02,8,0.061,57,2804
625ffb67-c870-f8b7-d708-1b9ab9be6246,HYD-03,12,0.051,0,1092
625ffb67-c870-f8b7-d708-1b9ab9be6246,ELEC-04,16,0.06,0,842
625ffb67-c870-f8b7-d708-1b9ab9be6246,CHS-05,17,0.016,204,1375
bf3e4d57-bd0b-92d9-41ab-c9b6ce242fe5,ENG-01,14,0.055,0,4520
bf3e4d57-bd0b-92d9-41ab-c9b6ce242fe5,TRN-02,21,0.064,0,2618
bf3e4d57-bd0b-92d9-41ab-c9b6ce242fe5,HYD-03,23,0.054,0,1162
bf3e4d57-bd0b-92d9-41ab-c9b6ce242fe5,ELEC-04,13,0.044,0,825
bf3e4d57-bd0b-92d9-41ab-c9b6ce242fe5,CHS-05,21,0.049,0,1449
0927412f-7871-ead2-ff0c-19acf0ea0762,ENG-01,15,0.074,0,4359
0927412f-7871-ead2-ff0c-19acf0ea0762,TRN-02,12,0.05,0,2542
0927412f-7871-ead2-ff0c-19acf0ea0762,HYD-03,15,0.035,0,1126
0927412f-7871-ead2-ff0c-19acf0ea0762,ELEC-04,20,0.044,1573,766
0927412f-7871-ead2-ff0c-19acf0ea0762,CHS-05,10,0.02,0,1351
327571ca-5231-2770-0246-9b0a80632f00,ENG-01,2,0.063,0,4554
327571ca-5231-2770-0246-9b0a80632f00,TRN-02,6,0.032,692,2985
327571ca-5231-2770-0246-9b0a80632f00,HYD-03,9,0.059,515,1170
327571ca-5231-2770-0246-9b0a80632f00,ELEC-04,14,0.045,0,857
327571ca-5231-2770-0246-9b0a80632f00,CHS-05,2,0.036,1928,1478
fdf5ad8f-4a65-a828-c06d-47cdcf500ae5,ENG-01,10,0.063,0,4645
fdf5ad8f-4a65-a828-c06d-47cdcf500ae5,TRN-02,3,0.047,2935,2771
fdf5ad8f-4a65-a828-c06d-47cdcf500ae5,HYD-03,15,0.028,26,1185
fdf5ad8f-4a65-a828-c06d-47cdcf500ae5,ELEC-04,3,0.05,0,810
fdf5ad8f-4a65-a828-c06d-47cdcf500ae5,CHS-05,5,0.021,400,1483
2ada2738-acaa-419b-da93-6142548dec37,ENG-01,14,0.07,1079,4001
2ada2738-acaa-419b-da93-6142548dec37,TRN-02,23,0.045,0,2813
2ada2738-acaa-419b-da93-6142548dec37,HYD-03,15,0.057,1600,1020
2ada2738-acaa-419b-da93-6142548dec37,ELEC-04,25,0.064,1292,805
2ada2738-acaa-419b-da93-6142548dec37,CHS-05,22,0.032,1010,1388
7c661fc1-b61f-02c8-0201-75dce2d312ea,ENG-01,15,0.078,0,4500
7c661fc1-b61f-02c8-0201-75dce2d312ea,TRN-02,2,0.039,1105,2842
7c661fc1-b61f-02c8-0201-75dce2d312ea,HYD-03,6,0.025,0,1161
7c661fc1-b61f-02c8-0201-75dce2d312ea,ELEC-04,16,0.049,0,805
7c661fc1-b61f-02c8-0201-75dce2d312ea,CHS-05,4,0.017,0,1496
0953fe74-5329-afe1-e5a4-42a208c01f8a,ENG-01,25,0.058,369,4028
0953fe74-5329-afe1-e5a4-42a208c01f8a,TRN-02,22,0.047,0,2729
0953fe74-5329-afe1-e5a4-42a208c01f8a,HYD-03,19,0.022,1247,1053
0953fe74-5329-afe1-e5a4-42a208c01f8a,ELEC-04,14,0.064,485,795
0953fe74-5329-afe1-e5a4-42a208c01f8a,CHS-05,24,0.035,1694,1314
7b2a68be-be56-ac3b-b5c2-8c30e763fbbe,ENG-01,8,0.072,0,4202
7b2a68be-be56-ac3b-b5c2-8c30e763fbbe,TRN-02,9,0.046,0,2750
7b2a68be-be56-ac3b-b5c2-8c30e763fbbe,HYD-03,14,0.044,0,1101
7b2a68be-be56-ac3b-b5c2-8c30e763fbbe,ELEC-04,19,0.058,0,805
7b2a68be-be56-ac3b-b5c2-8c30e763fbbe,CHS-05,10,0.024,1171,1426
b26dae49-c58f-405f-db26-df5e000de549,ENG-01,7,0.053,440,4167
b26dae49-c58f-405f-db26-df5e000de549,TRN-02,13,0.052,0,2666
b26dae49-c58f-405f-db26-df5e000de549,HYD-03,14,0.043,1366,1078
b26dae49-c58f-405f-db26-df5e000de549,ELEC-04,19,0.052,1026,806
b26dae49-c58f-405f-db26-df5e000de549,CHS-05,19,0.019,0,1393
4d7ee3bf-a1e1-6b11-fbf1-364fb701ec32,ENG-01,13,0.082,0,4304
4d7ee3bf-a1e1-6b11-fbf1-364fb701ec32,TRN-02,22,0.052,0,2558
4d7ee3bf-a1e1-6b11-fbf1-364fb701ec32,HYD-03,13,0.052,0,1061
4d7ee3bf-a1e1-6b11-fbf1-364fb701ec32,ELEC-04,25,0.045,0,768
4d7ee3bf-a1e1-6b11-fbf1-364fb701ec32,CHS-05,24,0.043,0,1395
12c07b1c-5431-541f-ed9c-f680caf67389,ENG-01,14,0.056,690,4046
12c07b1c-5431-541f-ed9c-f680caf67389,TRN-02,12,0.048,0,2841
12c07b1c-5431-541f-ed9c-f680caf67389,HYD-03,16,0.028,0,1086
12c07b1c-5431-541f-ed9c-f680caf67389,ELEC-04,6,0.041,1202,861
12c07b1c-5431-541f-ed9c-f680caf67389,CHS-05,16,0.039,1443,1365
257a29a9-da50-ef66-f862-51636ad6b3eb,ENG-01,16,0.064,1774,4346
257a29a9-da50-ef66-f862-51636ad6b3eb,TRN-02,22,0.04,0,2736
257a29a9-da50-ef66-f862-51636ad6b3eb,HYD-03,20,0.055,0,1099
257a29a9-da50-ef66-f862-51636ad6b3eb,ELEC-04,19,0.077,1219,802
257a29a9-da50-ef66-f862-51636ad6b3eb,CHS-05,22,0.013,0,1388
442d60eb-b154-857f-c26b-f18b18fdd466,ENG-01,8,0.068,508,4232
442d60eb-b154-857f-c26b-f18b18fdd466,TRN-02,6,0.058,333,2596
442d60eb-b154-857f-c26b-f18b18fdd466,HYD-03,16,0.04,0,1080
442d60eb-b154-857f-c26b-f18b18fdd466,ELEC-04,18,0.053,0,778
442d60eb-b154-857f-c26b-f18b18fdd466,CHS-05,9,0.029,0,1407
a67e897c-adf4-8078-9873-b7f1fa17e5da,ENG-01,17,0.078,1032,4012
a67e897c-adf4-8078-9873-b7f1fa17e5da,TRN-02,7,0.037,157,2818
a67e897c-adf4-8078-9873-b7f1fa17e5da,HYD-03,9,0.052,0,1090
a67e897c-adf4-8078-9873-b7f1fa17e5da,ELEC-04,7,0.046,283,825
a67e897c-adf4-8078-9873-b7f1fa17e5da,CHS-05,10,0.039,313,1345
a3898bf8-b604-e310-f0fd-6ee582353eb7,ENG-01,9,0.058,1627,4422
a3898bf8-b604-e310-f0fd-6ee582353eb7,TRN-02,20,0.05,572,2974
a3898bf8-b604-e310-f0fd-6ee582353eb7,HYD-03,21,0.046,63,1173
a3898bf8-b604-e310-f0fd-6ee582353eb7,ELEC-04,14,0.062,0,834
a3898bf8-b604-e310-f0fd-6ee582353eb7,CHS-05,19,0.033,0,1429
ecffb46e-f8de-402b-2b10-4d84a546467e,ENG-01,21,0.089,1769,4415
ecffb46e-f8de-402b-2b10-4d84a546467e,TRN-02,13,0.034,1713,2899
ecffb46e-f8de-402b-2b10-4d84a546467e,HYD-03,16,0.046,380,1130
ecffb46e-f8de-402b-2b10-4d84a546467e,ELEC-04,22,0.07,0,825
ecffb46e-f8de-402b-2b10-4d84a546467e,CHS-05,18,0.019,1979,1452
618d968a-7af1-3553-87a5-af1f8f0d21c1,ENG-01,11,0.054,3226,4167
618d968a-7af1-3553-87a5-af1f8f0d21c1,TRN-02,19,0.041,3951,2730
618d968a-7af1-3553-87a5-af1f8f0d21c1,HYD-03,10,0.048,1965,1083
618d968a-7af1-3553-87a5-af1f8f0d21c1,ELEC-04,19,0.069,468,777
618d968a-7af1-3553-87a5-af1f8f0d21c1,CHS-05,16,0.035,658,1337
386dfd4f-fd05-547e-9e22-976e8c9416f9,ENG-01,23,0.083,0,4396
386dfd4f-fd05-547e-9e22-976e8c9416f9,TRN-02,9,0.057,0,2994
386dfd4f-fd05-547e-9e22-976e8c9416f9,HYD-03,18,0.022,760,1179
386dfd4f-fd05-547e-9e22-976e8c9416f9,ELEC-04,11,0.046,101,841
386dfd4f-fd05-547e-9e22-976e8c9416f9,CHS-05,20,0.011,2737,1443
172a37bf-add1-47b9-f1dc-b1fedfa8f475,ENG-01,13,0.056,0,4162
172a37bf-add1-47b9-f1dc-b1fedfa8f475,TRN-02,17,0.044,0,2727
172a37bf-add1-47b9-f1dc-b1fedfa8f475,HYD-03,24,0.037,0,1040
172a37bf-add1-47b9-f1dc-b1fedfa8f475,ELEC-04,17,0.041,0,778
172a37bf-add1-47b9-f1dc-b1fedfa8f475,CHS-05,18,0.019,0,1350
559986a7-4957-5901-4224-df24082b7309,ENG-01,17,0.078,0,4373
559986a7-4957-5901-4224-df24082b7309,TRN-02,12,0.04,0,2549
559986a7-4957-5901-4224-df24082b7309,HYD-03,18,0.028,948,1066
559986a7-4957-5901-4224-df24082b7309,ELEC-04,20,0.047,1359,779
559986a7-4957-5901-4224-df24082b7309,CHS-05,16,0.017,0,1375
a1ba55e2-ab08-c6bc-574b-baff57c33063,ENG-01,15,0.074,887,4407
a1ba55e2-ab08-c6bc-574b-baff57c33063,TRN-02,3,0.04,361,2964
a1ba55e2-ab08-c6bc-574b-baff57c33063,HYD-03,14,0.049,0,1201
a1ba55e2-ab08-c6bc-574b-baff57c33063,ELEC-04,14,0.041,733,893
a1ba55e2-ab08-c6bc-574b-baff57c33063,CHS-05,11,0.014,327,1562
6c139a82-7f90-ae0d-323a-e8ebddd8b967,ENG-01,16,0.079,276,4297
6c139a82-7f90-ae0d-323a-e8ebddd8b967,TRN-02,20,0.066,820,2715
6c139a82-7f90-ae0d-323a-e8ebddd8b967,HYD-03,17,0.058,0,1068
6c139a82-7f90-ae0d-323a-e8ebddd8b967,ELEC-04,16,0.069,499,805
6c139a82-7f90-ae0d-323a-e8ebddd8b967,CHS-05,17,0.01,2657,1384
598930a0-f23b-79d3-47c6-fcee5dd3f047,ENG-01,15,0.085,1484,4146
598930a0-f23b-79d3-47c6-fcee5dd3f047,TRN-02,11,0.05,2585,2607
598930a0-f23b-79d3-47c6-fcee5dd3f047,HYD-03,12,0.025,3547,1067
598930a0-f23b-79d3-47c6-fcee5dd3f047,ELEC-04,13,0.063,2705,762
598930a0-f23b-79d3-47c6-fcee5dd3f047,CHS-05,13,0.048,1457,1397
b8144d89-2ff5-cfd2-2df2-d98bd1e85f5d,ENG-01,19,0.064,1016,4330
b8144d89-2ff5-cfd2-2df2-d98bd1e85f5d,TRN-02,15,0.064,297,2753
b8144d89-2ff5-cfd2-2df2-d98bd1e85f5d,HYD-03,21,0.043,1752,1135
b8144d89-2ff5-cfd2-2df2-d98bd1e85f5d,ELEC-04,22,0.079,0,791
b8144d89-2ff5-cfd2-2df2-d98bd1e85f5d,CHS-05,11,0.025,2904,1408
6d32e32f-3fc0-5714-bb7d-3ec8001afb96,ENG-01,5,0.089,0,4837
6d32e32f-3fc0-5714-bb7d-3ec8001afb96,TRN-02,4,0.047,1466,2956
6d32e32f-3fc0-5714-bb7d-3ec8001afb96,HYD-03,15,0.046,3042,1148
6d32e32f-3fc0-5714-bb7d-3ec8001afb96,ELEC-04,12,0.073,872,835
6d32e32f-3fc0-5714-bb7d-3ec8001afb96,CHS-05,5,0.039,0,1506
f6f1c5e7-c515-1bef-0ce6-1f2e3334a36b,ENG-01,22,0.074,670,4364
f6f1c5e7-c515-1bef-0ce6-1f2e3334a36b,TRN-02,10,0.045,2867,2735
f6f1c5e7-c515-1bef-0ce6-1f2e3334a36b,HYD-03,22,0.034,2945,1142
f6f1c5e7-c515-1bef-0ce6-1f2e3334a36b,ELEC-04,23,0.055,810,843
f6f1c5e7-c515-1bef-0ce6-1f2e3334a36b,CHS-05,10,0.027,0,1427
eb4832cf-be51-b07e-ea88-56a0613cfedc,ENG-01,11,0.084,0,4296
eb4832cf-be51-b07e-ea88-56a0613cfedc,TRN-02,11,0.031,276,2936
eb4832cf-be51-b07e-ea88-56a0613cfedc,HYD-03,23,0.036,0,1163
eb4832cf-be51-b07e-ea88-56a0613cfedc,ELEC-04,10,0.044,1287,813
eb4832cf-be51-b07e-ea88-56a0613cfedc,CHS-05,23,0.01,0,1448
36387136-43ce-d578-1c8f-438f24c7cfb5,ENG-01,7,0.09,1091,4207
36387136-43ce-d578-1c8f-438f24c7cfb5,TRN-02,6,0.036,0,2704
36387136-43ce-d578-1c8f-438f24c7cfb5,HYD-03,9,0.021,172,1093
36387136-43ce-d578-1c8f-438f24c7cfb5,ELEC-04,16,0.061,1177,787
36387136-43ce-d578-1c8f-438f24c7cfb5,CHS-05,7,0.041,1114,1363
da825bcb-891c-7764-ab83-1a92c387573c,ENG-01,22,0.075,3888,3997
da825bcb-891c-7764-ab83-1a92c387573c,TRN-02,17,0.058,0,2688
da825bcb-891c-7764-ab83-1a92c387573c,HYD-03,15,0.047,2332,1097
da825bcb-891c-7764-ab83-1a92c387573c,ELEC-04,12,0.047,2398,794
da825bcb-891c-7764-ab83-1a92c387573c,CHS-05,14,0.023,1192,1311
caabef91-d193-02ae-7311-92fcf38abe5b,ENG-01,13,0.051,0,4300
caabef91-d193-02ae-7311-92fcf38abe5b,TRN-02,11,0.034,0,2498
caabef91-d193-02ae-7311-92fcf38abe5b,HYD-03,9,0.028,893,1049
caabef91-d193-02ae-7311-92fcf38abe5b,ELEC-04,15,0.049,0,766
caabef91-d193-02ae-7311-92fcf38abe5b,CHS-05,17,0.029,0,1368
2171b1ef-5bc4-9ab0-18ff-c4dd51c2c516,ENG-01,11,0.078,1306,4216
2171b1ef-5bc4-9ab0-18ff-c4dd51c2c516,TRN-02,15,0.032,948,2553
2171b1ef-5bc4-9ab0-18ff-c4dd51c2c516,HYD-03,21,0.027,0,1041
2171b1ef-5bc4-9ab0-18ff-c4dd51c2c516,ELEC-04,18,0.041,1613,760
2171b1ef-5bc4-9ab0-18ff-c4dd51c2c516,CHS-05,18,0.032,756,1365
5152d47e-b8c9-7ce3-9005-92f972d3d13d,ENG-01,19,0.063,0,4132
5152d47e-b8c9-7ce3-9005-92f972d3d13d,TRN-02,25,0.049,1392,2642
5152d47e-b8c9-7ce3-9005-92f972d3d13d,HYD-03,21,0.052,784,1013
5152d47e-b8c9-7ce3-9005-92f972d3d13d,ELEC-04,15,0.066,2391,775
5152d47e-b8c9-7ce3-9005-92f972d3d13d,CHS-05,14,0.02,0,1374
33f2ee39-2803-6181-dc3f-ee56853b1cee,ENG-01,15,0.055,0,4127
33f2ee39-2803-6181-dc3f-ee56853b1cee,TRN-02,17,0.069,171,2682
33f2ee39-2803-6181-dc3f-ee56853b1cee,HYD-03,15,0.052,633,1083
33f2ee39-2803-6181-dc3f-ee56853b1cee,ELEC-04,10,0.076,1308,826
33f2ee39-2803-6181-dc3f-ee56853b1cee,CHS-05,20,0.03,0,1436
9f1e6f27-baf3-f2ba-45b9-c14546423a8c,ENG-01,18,0.087,816,4436
9f1e6f27-baf3-f2ba-45b9-c14546423a8c,TRN-02,14,0.068,2087,2792
9f1e6f27-baf3-f2ba-45b9-c14546423a8c,HYD-03,16,0.054,705,1103
9f1e6f27-baf3-f2ba-45b9-c14546423a8c,ELEC-04,20,0.053,1333,795
9f1e6f27-baf3-f2ba-45b9-c14546423a8c,CHS-05,20,0.038,0,1432
e5a6c0c6-4c50-d72f-1392-5a2712192ad1,ENG-01,16,0.05,0,4249
e5a6c0c6-4c50-d72f-1392-5a2712192ad1,TRN-02,12,0.047,2258,2458
e5a6c0c6-4c50-d72f-1392-5a2712192ad1,HYD-03,14,0.051,3024,1045
e5a6c0c6-4c50-d72f-1392-5a2712192ad1,ELEC-04,17,0.07,1321,761
e5a6c0c6-4c50-d72f-1392-5a2712192ad1,CHS-05,19,0.04,3427,1348
c4d3c6ff-4016-cdf9-25cb-b0d279b88676,ENG-01,13,0.081,3176,4328
c4d3c6ff-4016-cdf9-25cb-b0d279b88676,TRN-02,21,0.043,0,2948
c4d3c6ff-4016-cdf9-25cb-b0d279b88676,HYD-03,11,0.05,0,1126
c4d3c6ff-4016-cdf9-25cb-b0d279b88676,ELEC-04,20,0.055,505,847
c4d3c6ff-4016-cdf9-25cb-b0d279b88676,CHS-05,22,0.039,0,1416
0305df37-a592-9a00-5ea8-5c12dc469255,ENG-01,20,0.087,1641,4058
0305df37-a592-9a00-5ea8-5c12dc469255,TRN-02,16,0.052,3141,2629
0305df37-a592-9a00-5ea8-5c12dc469255,HYD-03,21,0.039,0,1059
0305df37-a592-9a00-5ea8-5c12dc469255,ELEC-04,25,0.079,0,777
0305df37-a592-9a00-5ea8-5c12dc469255,CHS-05,12,0.019,1596,1353
4a753e2b-708b-823f-2afb-f5252f971bf2,ENG-01,12,0.07,2351,4015
4a753e2b-708b-823f-2afb-f5252f971bf2,TRN-02,14,0.055,1067,2794
4a753e2b-708b-823f-2afb-f5252f971bf2,HYD-03,8,0.021,1069,1072
4a753e2b-708b-823f-2afb-f5252f971bf2,ELEC-04,11,0.063,1335,825
4a753e2b-708b-823f-2afb-f5252f971bf2,CHS-05,9,0.043,290,1400
162a63fc-7136-a729-b780-21aa45a3daab,ENG-01,9,0.073,801,4582
162a63fc-7136-a729-b780-21aa45a3daab,TRN-02,14,0.041,109,3022
162a63fc-7136-a729-b780-21aa45a3daab,HYD-03,15,0.024,1771,1141
162a63fc-7136-a729-b780-21aa45a3daab,ELEC-04,5,0.056,556,806
162a63fc-7136-a729-b780-21aa45a3daab,CHS-05,13,0.016,0,1516
0f342c9e-3c13-53e6-f48e-11c4a90d81fe,ENG-01,4,0.056,407,4737
0f342c9e-3c13-53e6-f48e-11c4a90d81fe,TRN-02,11,0.058,772,2795
0f342c9e-3c13-53e6-f48e-11c4a90d81fe,HYD-03,14,0.03,0,1200
0f342c9e-3c13-53e6-f48e-11c4a90d81fe,ELEC-04,12,0.066,1309,839
0f342c9e-3c13-53e6-f48e-11c4a90d81fe,CHS-05,8,0.025,475,1503
40ab903b-fdec-c779-82e0-bd8175eb5a1a,ENG-01,11,0.051,0,4264
40ab903b-fdec-c779-82e0-bd8175eb5a1a,TRN-02,22,0.044,1368,2493
40ab903b-fdec-c779-82e0-bd8175eb5a1a,HYD-03,14,0.021,0,1073
40ab903b-fdec-c779-82e0-bd8175eb5a1a,ELEC-04,16,0.066,228,746
40ab903b-fdec-c779-82e0-bd8175eb5a1a,CHS-05,23,0.038,1516,1403
45186e79-bbee-da9e-d721-b4f269617c81,ENG-01,10,0.058,337,4285
45186e79-bbee-da9e-d721-b4f269617c81,TRN-02,18,0.03,1871,2839
45186e79-bbee-da9e-d721-b4f269617c81,HYD-03,12,0.056,888,1118
45186e79-bbee-da9e-d721-b4f269617c81,ELEC-04,17,0.079,250,840
45186e79-bbee-da9e-d721-b4f269617c81,CHS-05,11,0.018,2546,1392
697e3cf6-a402-4e56-eb87-d40f77066578,ENG-01,8,0.087,123,4511
697e3cf6-a402-4e56-eb87-d40f77066578,TRN-02,7,0.035,0,2898
697e3cf6-a402-4e56-eb87-d40f77066578,HYD-03,12,0.033,0,1235
697e3cf6-a402-4e56-eb87-d40f77066578,ELEC-04,10,0.069,0,866
697e3cf6-a402-4e56-eb87-d40f77066578,CHS-05,16,0.019,26,1481
ef431e97-02ae-0340-15df-b096b441e77c,ENG-01,11,0.056,6462,4381
ef431e97-02ae-0340-15df-b096b441e77c,TRN-02,18,0.049,4932,2621
ef431e97-02ae-0340-15df-b096b441e77c,HYD-03,14,0.04,0,1183
ef431e97-02ae-0340-15df-b096b441e77c,ELEC-04,17,0.053,0,818
ef431e97-02ae-0340-15df-b096b441e77c,CHS-05,19,0.017,5628,1469
4c064d02-4018-1696-c0df-829fa8824824,ENG-01,12,0.078,234,4155
4c064d02-4018-1696-c0df-829fa8824824,TRN-02,24,0.051,721,2541
4c064d02-4018-1696-c0df-829fa8824824,HYD-03,21,0.049,440,1073
4c064d02-4018-1696-c0df-829fa8824824,ELEC-04,11,0.042,628,753
4c064d02-4018-1696-c0df-829fa8824824,CHS-05,23,0.042,0,1348
1a1a3d1d-a47e-e8d2-15f2-52ce6a40340f,ENG-01,6,0.082,0,4088
1a1a3d1d-a47e-e8d2-15f2-52ce6a40340f,TRN-02,20,0.055,1008,2812
1a1a3d1d-a47e-e8d2-15f2-52ce6a40340f,HYD-03,20,0.047,0,1119
1a1a3d1d-a47e-e8d2-15f2-52ce6a40340f,ELEC-04,6,0.046,244,808
1a1a3d1d-a47e-e8d2-15f2-52ce6a40340f,CHS-05,17,0.032,1571,1403
36da524a-5e4d-54aa-5bb7-3208f5811fae,ENG-01,12,0.082,102,3878
36da524a-5e4d-54aa-5bb7-3208f5811fae,TRN-02,12,0.068,0,2708
36da524a-5e4d-54aa-5bb7-3208f5811fae,HYD-03,23,0.035,714,1034
36da524a-5e4d-54aa-5bb7-3208f5811fae,ELEC-04,25,0.052,0,766
36da524a-5e4d-54aa-5bb7-3208f5811fae,CHS-05,17,0.021,1986,1377
8f13ea52-e53d-fb39-a3d0-0d8a34174bca,ENG-01,8,0.055,0,4087
8f13ea52-e53d-fb39-a3d0-0d8a34174bca,TRN-02,7,0.034,0,2829
8f13ea52-e53d-fb39-a3d0-0d8a34174bca,HYD-03,15,0.052,0,1070
8f13ea52-e53d-fb39-a3d0-0d8a34174bca,ELEC-04,11,0.068,0,814
8f13ea52-e53d-fb39-a3d0-0d8a34174bca,CHS-05,13,0.034,0,1369
b9fb9d9c-f765-5d08-0777-c84985162735,ENG-01,12,0.085,684,4472
b9fb9d9c-f765-5d08-0777-c84985162735,TRN-02,10,0.041,269,2855
b9fb9d9c-f765-5d08-0777-c84985162735,HYD-03,18,0.025,0,1144
b9fb9d9c-f765-5d08-0777-c84985162735,ELEC-04,15,0.042,0,842
b9fb9d9c-f765-5d08-0777-c84985162735,CHS-05,16,0.029,2812,1444
0ae455a6-5102-bbee-fc65-48e2e3aae684,ENG-01,21,0.065,1352,4496
0ae455a6-5102-bbee-fc65-48e2e3aae684,TRN-02,21,0.036,0,2692
0ae455a6-5102-bbee-fc65-48e2e3aae684,HYD-03,13,0.023,897,1142
0ae455a6-5102-bbee-fc65-48e2e3aae684,ELEC-04,22,0.044,233,792
0ae455a6-5102-bbee-fc65-48e2e3aae684,CHS-05,10,0.023,716,1459
f52c4481-0df7-bbd1-0590-7d6539f8d5c0,ENG-01,5,0.066,1263,4634
f52c4481-0df7-bbd1-0590-7d6539f8d5c0,TRN-02,4,0.04,714,2958
f52c4481-0df7-bbd1-0590-7d6539f8d5c0,HYD-03,6,0.044,722,1136
f52c4481-0df7-bbd1-0590-7d6539f8d5c0,ELEC-04,16,0.062,0,849
f52c4481-0df7-bbd1-0590-7d6539f8d5c0,CHS-05,3,0.014,0,1535
9f2ff825-d315-c2e2-34a3-a085615b7651,ENG-01,13,0.076,650,4059
9f2ff825-d315-c2e2-34a3-a085615b7651,TRN-02,17,0.048,557,2633
9f2ff825-d315-c2e2-34a3-a085615b7651,HYD-03,21,0.048,0,1052
9f2ff825-d315-c2e2-34a3-a085615b7651,ELEC-04,17,0.077,222,749
9f2ff825-d315-c2e2-34a3-a085615b7651,CHS-05,23,0.043,0,1371
a3475156-fce6-64d8-527a-38eb3ad45fcc,ENG-01,9,0.055,0,4480
a3475156-fce6-64d8-527a-38eb3ad45fcc,TRN-02,11,0.047,0,2839
a3475156-fce6-64d8-527a-38eb3ad45fcc,HYD-03,10,0.026,1381,1117
a3475156-fce6-64d8-527a-38eb3ad45fcc,ELEC-04,8,0.05,0,812
a3475156-fce6-64d8-527a-38eb3ad45fcc,CHS-05,12,0.043,1,1445
cebe8a66-227c-a716-c5e0-ef583e5e4e86,ENG-01,11,0.068,1076,4121
cebe8a66-227c-a716-c5e0-ef583e5e4e86,TRN-02,13,0.05,411,2713
cebe8a66-227c-a716-c5e0-ef583e5e4e86,HYD-03,20,0.058,2513,1095
cebe8a66-227c-a716-c5e0-ef583e5e4e86,ELEC-04,13,0.063,2203,787
cebe8a66-227c-a716-c5e0-ef583e5e4e86,CHS-05,8,0.035,0,1336
935a0b36-ebae-e3ce-7597-bf9dbf7dda7b,ENG-01,16,0.059,0,4307
935a0b36-ebae-e3ce-7597-bf9dbf7dda7b,TRN-02,6,0.039,2018,2737
935a0b36-ebae-e3ce-7597-bf9dbf7dda7b,HYD-03,8,0.052,1489,1097
935a0b36-ebae-e3ce-7597-bf9dbf7dda7b,ELEC-04,6,0.054,1071,788
935a0b36-ebae-e3ce-7597-bf9dbf7dda7b,CHS-05,7,0.045,179,1390
2e3c17b9-6f74-b8c4-3c8c-d9da2f28cd86,ENG-01,8,0.071,4290,4608
2e3c17b9-6f74-b8c4-3c8c-d9da2f28cd86,TRN-02,9,0.061,0,2710
2e3c17b9-6f74-b8c4-3c8c-d9da2f28cd86,HYD-03,9,0.039,0,1156
2e3c17b9-6f74-b8c4-3c8c-d9da2f28cd86,ELEC-04,10,0.064,0,880
2e3c17b9-6f74-b8c4-3c8c-d9da2f28cd86,CHS-05,3,0.037,4113,1541
8b17a0e9-3c09-d79a-9ebc-295bc7b7705e,ENG-01,16,0.079,516,4231
8b17a0e9-3c09-d79a-9ebc-295bc7b7705e,TRN-02,14,0.045,0,2956
8b17a0e9-3c09-d79a-9ebc-295bc7b7705e,HYD-03,15,0.027,0,1096
8b17a0e9-3c09-d79a-9ebc-295bc7b7705e,ELEC-04,9,0.054,691,857
8b17a0e9-3c09-d79a-9ebc-295bc7b7705e,CHS-05,14,0.049,911,1401
ebd5d4f4-4aea-d3da-c6a0-8f93f7c80f3f,ENG-01,11,0.054,0,4401
ebd5d4f4-4aea-d3da-c6a0-8f93f7c80f3f,TRN-02,22,0.056,0,2867
ebd5d4f4-4aea-d3da-c6a0-8f93f7c80f3f,HYD-03,13,0.046,1475,1136
ebd5d4f4-4aea-d3da-c6a0-8f93f7c80f3f,ELEC-04,18,0.064,93,846
ebd5d4f4-4aea-d3da-c6a0-8f93f7c80f3f,CHS-05,14,0.017,944,1448
40038963-2b80-610a-5d73-729202a68c9f,ENG-01,15,0.076,0,4276
40038963-2b80-610a-5d73-729202a68c9f,TRN-02,13,0.068,0,2976
40038963-2b80-610a-5d73-729202a68c9f,HYD-03,21,0.031,0,1140
40038963-2b80-610a-5d73-729202a68c9f,ELEC-04,23,0.047,206,891
40038963-2b80-610a-5d73-729202a68c9f,CHS-05,11,0.027,1566,1429
9a476b8c-4d17-089b-7baa-8e8d3d1c02b5,ENG-01,17,0.054,2259,4492
9a476b8c-4d17-089b-7baa-8e8d3d1c02b5,TRN-02,9,0.044,2780,2889
9a476b8c-4d17-089b-7baa-8e8d3d1c02b5,HYD-03,12,0.051,0,1105
9a476b8c-4d17-089b-7baa-8e8d3d1c02b5,ELEC-04,19,0.067,333,816
9a476b8c-4d17-089b-7baa-8e8d3d1c02b5,CHS-05,18,0.044,0,1466
1e160371-0af0-7ae4-954e-2c262269d86f,ENG-01,19,0.056,336,4143
1e160371-0af0-7ae4-954e-2c262269d86f,TRN-02,19,0.059,0,2619
1e160371-0af0-7ae4-954e-2c262269d86f,HYD-03,21,0.054,0,1044
1e160371-0af0-7ae4-954e-2c262269d86f,ELEC-04,18,0.057,0,756
1e160371-0af0-7ae4-954e-2c262269d86f,CHS-05,18,0.015,2105,1368
3894dcdf-02ac-1016-3bcb-dbf0a7d7e783,ENG-01,9,0.086,1376,4556
3894dcdf-02ac-1016-3bcb-dbf0a7d7e783,TRN-02,21,0.031,2105,2856
3894dcdf-02ac-1016-3bcb-dbf0a7d7e783,HYD-03,9,0.043,0,1158
3894dcdf-02ac-1016-3bcb-dbf0a7d7e783,ELEC-04,15,0.062,1197,812
3894dcdf-02ac-1016-3bcb-dbf0a7d7e783,CHS-05,9,0.022,0,1437
e4121085-43f5-2b41-0b08-5dd217763f2e,ENG-01,13,0.09,488,4395
e4121085-43f5-2b41-0b08-5dd217763f2e,TRN-02,15,0.033,1491,2840
e4121085-43f5-2b41-0b08-5dd217763f2e,HYD-03,14,0.03,1114,1090
e4121085-43f5-2b41-0b08-5dd217763f2e,ELEC-04,15,0.074,585,792
e4121085-43f5-2b41-0b08-5dd217763f2e,CHS-05,11,0.018,535,1429
061e9c7c-1f4c-dbcd-b265-35749e9c8a66,ENG-01,22,0.066,0,4117
061e9c7c-1f4c-dbcd-b265-35749e9c8a66,TRN-02,12,0.052,838,2797
061e9c7c-1f4c-dbcd-b265-35749e9c8a66,HYD-03,20,0.023,37,1039
061e9c7c-1f4c-dbcd-b265-35749e9c8a66,ELEC-04,13,0.066,1491,795
061e9c7c-1f4c-dbcd-b265-35749e9c8a66,CHS-05,23,0.026,407,1358
a2861840-552c-ad24-02bb-2e2b19e74d94,ENG-01,14,0.067,0,4382
a2861840-552c-ad24-02bb-2e2b19e74d94,TRN-02,20,0.056,0,2472
a2861840-552c-ad24-02bb-2e2b19e74d94,HYD-03,16,0.037,0,1106
a2861840-552c-ad24-02bb-2e2b19e74d94,ELEC-04,18,0.067,7161,759
a2861840-552c-ad24-02bb-2e2b19e74d94,CHS-05,7,0.021,0,1395
c54072eb-6442-790a-e213-8b3982efb42b,ENG-01,11,0.08,0,4494
c54072eb-6442-790a-e213-8b3982efb42b,TRN-02,14,0.062,0,2973
c54072eb-6442-790a-e213-8b3982efb42b,HYD-03,2,0.048,0,1162
c54072eb-6442-790a-e213-8b3982efb42b,ELEC-04,2,0.041,0,838
c54072eb-6442-790a-e213-8b3982efb42b,CHS-05,16,0.023,0,1446
f2407702-37cb-4cae-c082-f7c203217322,ENG-01,7,0.079,1055,4360
f2407702-37cb-4cae-c082-f7c203217322,TRN-02,15,0.053,1173,2631
f2407702-37cb-4cae-c082-f7c203217322,HYD-03,17,0.044,3525,1092
f2407702-37cb-4cae-c082-f7c203217322,ELEC-04,11,0.078,528,795
f2407702-37cb-4cae-c082-f7c203217322,CHS-05,6,0.036,583,1394
9f0bd8f7-242b-2fda-617e-78858b0503a6,ENG-01,13,0.067,0,4042
9f0bd8f7-242b-2fda-617e-78858b0503a6,TRN-02,11,0.06,0,2725
9f0bd8f7-242b-2fda-617e-78858b0503a6,HYD-03,17,0.044,104,1073
9f0bd8f7-242b-2fda-617e-78858b0503a6,ELEC-04,22,0.063,0,754
9f0bd8f7-242b-2fda-617e-78858b0503a6,CHS-05,14,0.042,0,1374
9eef43d7-ca12-2281-bc68-ef39441c67f4,ENG-01,9,0.058,0,4502
9eef43d7-ca12-2281-bc68-ef39441c67f4,TRN-02,19,0.053,2978,2749
9eef43d7-ca12-2281-bc68-ef39441c67f4,HYD-03,20,0.048,0,1100
9eef43d7-ca12-2281-bc68-ef39441c67f4,ELEC-04,22,0.062,0,831
9eef43d7-ca12-2281-bc68-ef39441c67f4,CHS-05,19,0.026,0,1400
e8611c56-f725-20a5-be27-e08b72c7db62,ENG-01,11,0.057,2258,4161
e8611c56-f725-20a5-be27-e08b72c7db62,TRN-02,7,0.033,122,2679
e8611c56-f725-20a5-be27-e08b72c7db62,HYD-03,7,0.028,1760,1058
e8611c56-f725-20a5-be27-e08b72c7db62,ELEC-04,7,0.043,1654,797
e8611c56-f725-20a5-be27-e08b72c7db62,CHS-05,9,0.038,0,1437
79a220b9-78b9-4cfd-de44-85d59575a675,ENG-01,12,0.086,157,4130
79a220b9-78b9-4cfd-de44-85d59575a675,TRN-02,14,0.031,826,2806
79a220b9-78b9-4cfd-de44-85d59575a675,HYD-03,20,0.026,1405,1122
79a220b9-78b9-4cfd-de44-85d59575a675,ELEC-04,10,0.044,0,811
79a220b9-78b9-4cfd-de44-85d59575a675,CHS-05,12,0.013,461,1336
c3e8672c-674e-7494-8f3b-4fb7665ae789,ENG-01,19,0.076,0,4247
c3e8672c-674e-7494-8f3b-4fb7665ae789,TRN-02,10,0.047,0,2605
c3e8672c-674e-7494-8f3b-4fb7665ae789,HYD-03,11,0.056,1999,1077
c3e8672c-674e-7494-8f3b-4fb7665ae789,ELEC-04,14,0.069,2007,786
c3e8672c-674e-7494-8f3b-4fb7665ae789,CHS-05,14,0.042,0,1366
caef8893-863c-f663-ec1b-47a9cea3d6f4,ENG-01,3,0.087,2334,4707
caef8893-863c-f663-ec1b-47a9cea3d6f4,TRN-02,5,0.06,2269,2875
caef8893-863c-f663-ec1b-47a9cea3d6f4,HYD-03,8,0.031,1588,1177
caef8893-863c-f663-ec1b-47a9cea3d6f4,ELEC-04,9,0.057,0,844
caef8893-863c-f663-ec1b-47a9cea3d6f4,CHS-05,16,0.03,0,1512
a2966b94-5f2f-bdd0-ea44-b09a41e6d0fd,ENG-01,19,0.074,0,4335
a2966b94-5f2f-bdd0-ea44-b09a41e6d0fd,TRN-02,13,0.064,1007,2867
a2966b94-5f2f-bdd0-ea44-b09a41e6d0fd,HYD-03,22,0.037,0,1092
a2966b94-5f2f-bdd0-ea44-b09a41e6d0fd,ELEC-04,9,0.079,98,810
a2966b94-5f2f-bdd0-ea44-b09a41e6d0fd,CHS-05,20,0.016,1289,1464
2f85b671-1bce-3ecb-e8ee-fad1e64c3bda,ENG-01,7,0.068,0,4479
2f85b671-1bce-3ecb-e8ee-fad1e64c3bda,TRN-02,8,0.069,549,3042
2f85b671-1bce-3ecb-e8ee-fad1e64c3bda,HYD-03,5,0.027,398,1169
2f85b671-1bce-3ecb-e8ee-fad1e64c3bda,ELEC-04,2,0.078,382,843
2f85b671-1bce-3ecb-e8ee-fad1e64c3bda,CHS-05,7,0.04,1170,1510
c4c4c98b-2ce2-d0a8-f22e-10a85c8e7e03,ENG-01,24,0.051,2119,4080
c4c4c98b-2ce2-d0a8-f22e-10a85c8e7e03,TRN-02,21,0.062,0,2729
c4c4c98b-2ce2-d0a8-f22e-10a85c8e7e03,HYD-03,11,0.046,2507,1065
c4c4c98b-2ce2-d0a8-f22e-10a85c8e7e03,ELEC-04,13,0.071,0,817
c4c4c98b-2ce2-d0a8-f22e-10a85c8e7e03,CHS-05,20,0.034,0,1326
e7ae76d0-7de7-d73e-d910-3af0aa96e636,ENG-01,24,0.062,0,4191
e7ae76d0-7de7-d73e-d910-3af0aa96e636,TRN-02,24,0.042,255,2473
e7ae76d0-7de7-d73e-d910-3af0aa96e636,HYD-03,19,0.039,0,1054
e7ae76d0-7de7-d73e-d910-3af0aa96e636,ELEC-04,14,0.068,1224,770
e7ae76d0-7de7-d73e-d910-3af0aa96e636,CHS-05,25,0.034,190,1337
eb9f5ad6-1106-ead1-b753-de361a77332b,ENG-01,15,0.053,213,4260
eb9f5ad6-1106-ead1-b753-de361a77332b,TRN-02,10,0.061,0,2853
eb9f5ad6-1106-ead1-b753-de361a77332b,HYD-03,20,0.055,76,1084
eb9f5ad6-1106-ead1-b753-de361a77332b,ELEC-04,12,0.079,1521,816
eb9f5ad6-1106-ead1-b753-de361a77332b,CHS-05,22,0.033,3567,1372
dc35a96d-7ef9-5ddd-2007-95dd8ed7aa68,ENG-01,12,0.06,0,4119
dc35a96d-7ef9-5ddd-2007-95dd8ed7aa68,TRN-02,12,0.053,0,2639
dc35a96d-7ef9-5ddd-2007-95dd8ed7aa68,HYD-03,21,0.029,0,1030
dc35a96d-7ef9-5ddd-2007-95dd8ed7aa68,ELEC-04,24,0.064,1620,768
dc35a96d-7ef9-5ddd-2007-95dd8ed7aa68,CHS-05,22,0.031,323,1370
b5c4b4fb-8f97-6aeb-5668-ba1e6e91f5f9,ENG-01,11,0.069,550,4057
b5c4b4fb-8f97-6aeb-5668-ba1e6e91f5f9,TRN-02,24,0.061,2222,2645
b5c4b4fb-8f97-6aeb-5668-ba1e6e91f5f9,HYD-03,23,0.03,2324,1026
b5c4b4fb-8f97-6aeb-5668-ba1e6e91f5f9,ELEC-04,12,0.065,0,792
b5c4b4fb-8f97-6aeb-5668-ba1e6e91f5f9,CHS-05,15,0.044,838,1310
7d78fb9e-165a-ad7e-972d-e4e5530dcbae,ENG-01,17,0.06,5689,4406
7d78fb9e-165a-ad7e-972d-e4e5530dcbae,TRN-02,13,0.062,4157,2720
7d78fb9e-165a-ad7e-972d-e4e5530dcbae,HYD-03,14,0.053,0,1148
7d78fb9e-165a-ad7e-972d-e4e5530dcbae,ELEC-04,19,0.057,0,820
7d78fb9e-165a-ad7e-972d-e4e5530dcbae,CHS-05,14,0.035,4865,1439
8372b28f-852e-fc69-2d43-4823fc831fef,ENG-01,19,0.072,0,4558
8372b28f-852e-fc69-2d43-4823fc831fef,TRN-02,18,0.037,0,2572
8372b28f-852e-fc69-2d43-4823fc831fef,HYD-03,17,0.023,0,1093
8372b28f-852e-fc69-2d43-4823fc831fef,ELEC-04,14,0.056,0,846
8372b28f-852e-fc69-2d43-4823fc831fef,CHS-05,23,0.022,0,1478
697dfb2e-dc51-fcf8-e1ae-4504e3be969a,ENG-01,12,0.077,1433,4518
697dfb2e-dc51-fcf8-e1ae-4504e3be969a,TRN-02,15,0.07,1667,2704
697dfb2e-dc51-fcf8-e1ae-4504e3be969a,HYD-03,17,0.026,1410,1148
697dfb2e-dc51-fcf8-e1ae-4504e3be969a,ELEC-04,20,0.05,0,817
697dfb2e-dc51-fcf8-e1ae-4504e3be969a,CHS-05,17,0.018,771,1406
06495130-f336-630a-d03a-e9e56708e439,ENG-01,17,0.077,0,4321
06495130-f336-630a-d03a-e9e56708e439,TRN-02,15,0.036,29,2636
06495130-f336-630a-d03a-e9e56708e439,HYD-03,19,0.055,0,1076
06495130-f336-630a-d03a-e9e56708e439,ELEC-04,19,0.061,0,776
06495130-f336-630a-d03a-e9e56708e439,CHS-05,18,0.016,0,1377
ae0618f2-6e53-760f-a772-49179ff3fe99,ENG-01,11,0.082,103,4022
ae0618f2-6e53-760f-a772-49179ff3fe99,TRN-02,16,0.061,0,2839
ae0618f2-6e53-760f-a772-49179ff3fe99,HYD-03,16,0.031,1490,1124
ae0618f2-6e53-760f-a772-49179ff3fe99,ELEC-04,10,0.048,367,826
ae0618f2-6e53-760f-a772-49179ff3fe99,CHS-05,15,0.025,357,1407
077e59f8-38f3-6272-d91b-158b786ee8d6,ENG-01,23,0.072,0,4283
077e59f8-38f3-6272-d91b-158b786ee8d6,TRN-02,11,0.048,690,2932
077e59f8-38f3-6272-d91b-158b786ee8d6,HYD-03,14,0.045,0,1133
077e59f8-38f3-6272-d91b-158b786ee8d6,ELEC-04,15,0.076,294,856
077e59f8-38f3-6272-d91b-158b786ee8d6,CHS-05,9,0.018,0,1413
d1b64ae2-470e-408a-9c08-4d0ccda8dde1,ENG-01,16,0.059,870,4679
d1b64ae2-470e-408a-9c08-4d0ccda8dde1,TRN-02,13,0.066,2674,2926
d1b64ae2-470e-408a-9c08-4d0ccda8dde1,HYD-03,7,0.028,0,1115
d1b64ae2-470e-408a-9c08-4d0ccda8dde1,ELEC-04,8,0.063,2543,861
d1b64ae2-470e-408a-9c08-4d0ccda8dde1,CHS-05,16,0.014,27,1481
660ece7b-e447-3390-d595-5f796a29d3f2,ENG-01,19,0.074,0,4573
660ece7b-e447-3390-d595-5f796a29d3f2,TRN-02,15,0.065,0,2832
660ece7b-e447-3390-d595-5f796a29d3f2,HYD-03,17,0.055,0,1096
660ece7b-e447-3390-d595-5f796a29d3f2,ELEC-04,10,0.068,1411,778
660ece7b-e447-3390-d595-5f796a29d3f2,CHS-05,16,0.046,0,1425
338e3a28-fc37-0d76-cf0a-a9047ecf0cfa,ENG-01,19,0.051,377,4190
338e3a28-fc37-0d76-cf0a-a9047ecf0cfa,TRN-02,17,0.067,505,2453
338e3a28-fc37-0d76-cf0a-a9047ecf0cfa,HYD-03,12,0.057,2584,1104
338e3a28-fc37-0d76-cf0a-a9047ecf0cfa,ELEC-04,13,0.067,2204,777
338e3a28-fc37-0d76-cf0a-a9047ecf0cfa,CHS-05,12,0.016,0,1378
ee8a1bed-2599-b1d4-d481-b618262c9761,ENG-01,19,0.078,2813,4108
ee8a1bed-2599-b1d4-d481-b618262c9761,TRN-02,16,0.052,0,2772
ee8a1bed-2599-b1d4-d481-b618262c9761,HYD-03,10,0.021,0,1098
ee8a1bed-2599-b1d4-d481-b618262c9761,ELEC-04,19,0.072,0,808
ee8a1bed-2599-b1d4-d481-b618262c9761,CHS-05,12,0.023,285,1455
748b8b81-130f-c29b-4fb6-caa12d81b208,ENG-01,6,0.087,0,4662
748b8b81-130f-c29b-4fb6-caa12d81b208,TRN-02,16,0.066,0,2728
748b8b81-130f-c29b-4fb6-caa12d81b208,HYD-03,9,0.046,0,1146
748b8b81-130f-c29b-4fb6-caa12d81b208,ELEC-04,3,0.041,0,854
748b8b81-130f-c29b-4fb6-caa12d81b208,CHS-05,7,0.021,0,1504
7d970edd-4fa9-032d-c6b0-8a827986fa3b,ENG-01,21,0.08,0,4324
7d970edd-4fa9-032d-c6b0-8a827986fa3b,TRN-02,23,0.053,0,3023
7d970edd-4fa9-032d-c6b0-8a827986fa3b,HYD-03,14,0.047,0,1126
7d970edd-4fa9-032d-c6b0-8a827986fa3b,ELEC-04,21,0.061,677,863
7d970edd-4fa9-032d-c6b0-8a827986fa3b,CHS-05,10,0.044,0,1453
02ffb10d-fb9d-885b-1ea3-6f0213423b3a,ENG-01,9,0.085,2456,4350
02ffb10d-fb9d-885b-1ea3-6f0213423b3a,TRN-02,9,0.068,17,2654
02ffb10d-fb9d-885b-1ea3-6f0213423b3a,HYD-03,16,0.054,3263,1155
02ffb10d-fb9d-885b-1ea3-6f0213423b3a,ELEC-04,22,0.053,0,790
02ffb10d-fb9d-885b-1ea3-6f0213423b3a,CHS-05,13,0.036,644,1443
37850dbc-89e5-dfc0-0b66-ae8042ad98fb,ENG-01,17,0.065,1113,4494
37850dbc-89e5-dfc0-0b66-ae8042ad98fb,TRN-02,11,0.03,1475,2824
37850dbc-89e5-dfc0-0b66-ae8042ad98fb,HYD-03,23,0.021,0,1147
37850dbc-89e5-dfc0-0b66-ae8042ad98fb,ELEC-04,15,0.05,0,829
37850dbc-89e5-dfc0-0b66-ae8042ad98fb,CHS-05,22,0.017,2516,1423
d135eeea-d057-b6e3-6d1c-587fca211c94,ENG-01,14,0.069,4757,4281
d135eeea-d057-b6e3-6d1c-587fca211c94,TRN-02,18,0.055,3583,2430
d135eeea-d057-b6e3-6d1c-587fca211c94,HYD-03,15,0.025,5682,1115
d135eeea-d057-b6e3-6d1c-587fca211c94,ELEC-04,7,0.053,4215,801
d135eeea-d057-b6e3-6d1c-587fca211c94,CHS-05,8,0.019,2728,1363
de9a5735-3cdc-8433-a231-f3c3d841bc1d,ENG-01,18,0.064,0,4145
de9a5735-3cdc-8433-a231-f3c3d841bc1d,TRN-02,14,0.047,1422,2842
de9a5735-3cdc-8433-a231-f3c3d841bc1d,HYD-03,12,0.02,0,1095
de9a5735-3cdc-8433-a231-f3c3d841bc1d,ELEC-04,25,0.064,0,805
de9a5735-3cdc-8433-a231-f3c3d841bc1d,CHS-05,17,0.033,0,1360
6a3fdbd0-c3a3-d33f-fe26-3594ab5308d5,ENG-01,22,0.077,0,4535
6a3fdbd0-c3a3-d33f-fe26-3594ab5308d5,TRN-02,13,0.07,0,2888
6a3fdbd0-c3a3-d33f-fe26-3594ab5308d5,HYD-03,16,0.034,0,1162
6a3fdbd0-c3a3-d33f-fe26-3594ab5308d5,ELEC-04,13,0.066,91,840
6a3fdbd0-c3a3-d33f-fe26-3594ab5308d5,CHS-05,22,0.028,0,1459
0eff45ab-396e-c1b1-26a9-ad5fd8dc646f,ENG-01,17,0.063,0,4380
0eff45ab-396e-c1b1-26a9-ad5fd8dc646f,TRN-02,7,0.05,2648,2746
0eff45ab-396e-c1b1-26a9-ad5fd8dc646f,HYD-03,11,0.041,1817,1057
0eff45ab-396e-c1b1-26a9-ad5fd8dc646f,ELEC-04,8,0.08,1955,804
0eff45ab-396e-c1b1-26a9-ad5fd8dc646f,CHS-05,16,0.038,2354,1367
0bcae233-bae9-9ab9-406b-c3ddedc42d0d,ENG-01,17,0.076,0,4499
0bcae233-bae9-9ab9-406b-c3ddedc42d0d,TRN-02,12,0.058,0,2799
0bcae233-bae9-9ab9-406b-c3ddedc42d0d,HYD-03,9,0.044,222,1174
0bcae233-bae9-9ab9-406b-c3ddedc42d0d,ELEC-04,12,0.08,0,818
0bcae233-bae9-9ab9-406b-c3ddedc42d0d,CHS-05,18,0.048,0,1452
48b56acf-1b83-63a3-859b-48e559281ab2,ENG-01,16,0.072,257,4374
48b56acf-1b83-63a3-859b-48e559281ab2,TRN-02,7,0.054,0,3074
48b56acf-1b83-63a3-859b-48e559281ab2,HYD-03,8,0.051,2464,1194
48b56acf-1b83-63a3-859b-48e559281ab2,ELEC-04,11,0.06,1088,880
48b56acf-1b83-63a3-859b-48e559281ab2,CHS-05,5,0.015,16,1485
22c86130-ee09-1ac3-1308-2b4c15b935b7,ENG-01,16,0.052,2206,4235
22c86130-ee09-1ac3-1308-2b4c15b935b7,TRN-02,20,0.068,0,2661
22c86130-ee09-1ac3-1308-2b4c15b935b7,HYD-03,14,0.024,182,1082
22c86130-ee09-1ac3-1308-2b4c15b935b7,ELEC-04,8,0.045,0,779
22c86130-ee09-1ac3-1308-2b4c15b935b7,CHS-05,12,0.021,884,1354
ad21c24a-1cd4-2427-fa51-e72e0af4747f,ENG-01,16,0.089,873,4106
ad21c24a-1cd4-2427-fa51-e72e0af4747f,TRN-02,16,0.048,0,2796
ad21c24a-1cd4-2427-fa51-e72e0af4747f,HYD-03,21,0.041,162,1100
ad21c24a-1cd4-2427-fa51-e72e0af4747f,ELEC-04,12,0.052,924,785
ad21c24a-1cd4-2427-fa51-e72e0af4747f,CHS-05,23,0.033,382,1347
275759f2-1897-84d7-7d53-69203ce30e12,ENG-01,13,0.073,2212,4113
275759f2-1897-84d7-7d53-69203ce30e12,TRN-02,15,0.054,746,2594
275759f2-1897-84d7-7d53-69203ce30e12,HYD-03,11,0.034,294,1088
275759f2-1897-84d7-7d53-69203ce30e12,ELEC-04,14,0.047,2186,810
275759f2-1897-84d7-7d53-69203ce30e12,CHS-05,11,0.047,0,1405
45056967-3e5e-9e7a-7047-d55afa7f85de,ENG-01,10,0.068,193,4232
45056967-3e5e-9e7a-7047-d55afa7f85de,TRN-02,20,0.05,0,2980
45056967-3e5e-9e7a-7047-d55afa7f85de,HYD-03,9,0.057,0,1141
45056967-3e5e-9e7a-7047-d55afa7f85de,ELEC-04,17,0.072,0,866
45056967-3e5e-9e7a-7047-d55afa7f85de,CHS-05,22,0.045,0,1482
e1981bcd-af22-d61e-8c4b-7949175105be,ENG-01,8,0.07,910,4419
e1981bcd-af22-d61e-8c4b-7949175105be,TRN-02,9,0.04,113,3027
e1981bcd-af22-d61e-8c4b-7949175105be,HYD-03,3,0.032,0,1185
e1981bcd-af22-d61e-8c4b-7949175105be,ELEC-04,9,0.04,3280,902
e1981bcd-af22-d61e-8c4b-7949175105be,CHS-05,2,0.031,0,1488
fb8632db-021f-8347-e1bd-0530fd713009,ENG-01,15,0.066,610,4179
fb8632db-021f-8347-e1bd-0530fd713009,TRN-02,22,0.031,244,2564
fb8632db-021f-8347-e1bd-0530fd713009,HYD-03,21,0.058,463,1075
fb8632db-021f-8347-e1bd-0530fd713009,ELEC-04,11,0.049,0,762
fb8632db-021f-8347-e1bd-0530fd713009,CHS-05,11,0.02,1207,1386
e4dec7a7-b984-9fc7-c0d9-475abf1f5ee0,ENG-01,15,0.062,2662,4252
e4dec7a7-b984-9fc7-c0d9-475abf1f5ee0,TRN-02,22,0.049,0,2943
e4dec7a7-b984-9fc7-c0d9-475abf1f5ee0,HYD-03,23,0.039,230,1175
e4dec7a7-b984-9fc7-c0d9-475abf1f5ee0,ELEC-04,15,0.08,1420,882
e4dec7a7-b984-9fc7-c0d9-475abf1f5ee0,CHS-05,23,0.043,0,1514
32367f3f-ae48-fc44-7ac7-3170579e3251,ENG-01,11,0.063,0,4046
32367f3f-ae48-fc44-7ac7-3170579e3251,TRN-02,21,0.059,2305,2747
32367f3f-ae48-fc44-7ac7-3170579e3251,HYD-03,11,0.039,0,1049
32367f3f-ae48-fc44-7ac7-3170579e3251,ELEC-04,14,0.059,987,818
32367f3f-ae48-fc44-7ac7-3170579e3251,CHS-05,13,0.041,2220,1338
0c9afecd-0167-956c-15ab-9a3de0ef4566,ENG-01,24,0.081,0,4342
0c9afecd-0167-956c-15ab-9a3de0ef4566,TRN-02,15,0.068,0,2649
0c9afecd-0167-956c-15ab-9a3de0ef4566,HYD-03,15,0.059,238,1072
0c9afecd-0167-956c-15ab-9a3de0ef4566,ELEC-04,19,0.043,1227,749
0c9afecd-0167-956c-15ab-9a3de0ef4566,CHS-05,24,0.04,0,1372
56194126-2cdc-2790-e8d9-94db85abd3d6,ENG-01,9,0.067,0,4545
56194126-2cdc-2790-e8d9-94db85abd3d6,TRN-02,16,0.045,0,2756
56194126-2cdc-2790-e8d9-94db85abd3d6,HYD-03,2,0.022,0,1208
56194126-2cdc-2790-e8d9-94db85abd3d6,ELEC-04,7,0.041,0,802
56194126-2cdc-2790-e8d9-94db85abd3d6,CHS-05,6,0.034,0,1519
83501a38-dd63-04da-d0ee-1b0657a536f4,ENG-01,10,0.065,0,4351
83501a38-dd63-04da-d0ee-1b0657a536f4,TRN-02,7,0.047,0,2959
83501a38-dd63-04da-d0ee-1b0657a536f4,HYD-03,5,0.032,0,1182
83501a38-dd63-04da-d0ee-1b0657a536f4,ELEC-04,15,0.048,0,872
83501a38-dd63-04da-d0ee-1b0657a536f4,CHS-05,12,0.046,0,1529
8d8c75de-6ab4-dfb5-29b2-a66e6f2aa6e1,ENG-01,20,0.056,0,4484
8d8c75de-6ab4-dfb5-29b2-a66e6f2aa6e1,TRN-02,16,0.06,434,2654
8d8c75de-6ab4-dfb5-29b2-a66e6f2aa6e1,HYD-03,11,0.042,662,1184
8d8c75de-6ab4-dfb5-29b2-a66e6f2aa6e1,ELEC-04,11,0.065,1153,802
8d8c75de-6ab4-dfb5-29b2-a66e6f2aa6e1,CHS-05,14,0.028,682,1426
a3020db7-b9c0-a9f4-31bb-0893633628f0,ENG-01,15,0.076,288,4026
a3020db7-b9c0-a9f4-31bb-0893633628f0,TRN-02,24,0.044,0,2729
a3020db7-b9c0-a9f4-31bb-0893633628f0,HYD-03,23,0.055,1072,1069
a3020db7-b9c0-a9f4-31bb-0893633628f0,ELEC-04,16,0.054,220,769
a3020db7-b9c0-a9f4-31bb-0893633628f0,CHS-05,15,0.028,0,1386
9844475f-e534-c26f-36ca-7616c4a0b5a1,ENG-01,22,0.064,2060,4120
9844475f-e534-c26f-36ca-7616c4a0b5a1,TRN-02,14,0.036,0,2835
9844475f-e534-c26f-36ca-7616c4a0b5a1,HYD-03,14,0.058,1315,1052
9844475f-e534-c26f-36ca-7616c4a0b5a1,ELEC-04,21,0.042,890,793
9844475f-e534-c26f-36ca-7616c4a0b5a1,CHS-05,18,0.037,0,1354
915395e4-6e53-4144-1972-53761860a1f3,ENG-01,3,0.066,829,4468
915395e4-6e53-4144-1972-53761860a1f3,TRN-02,5,0.04,2068,3052
915395e4-6e53-4144-1972-53761860a1f3,HYD-03,5,0.043,0,1184
915395e4-6e53-4144-1972-53761860a1f3,ELEC-04,6,0.072,0,873
915395e4-6e53-4144-1972-53761860a1f3,CHS-05,10,0.048,1141,1484
05629d2e-68d8-2d3a-5f28-320e2f000ca6,ENG-01,20,0.076,0,4196
05629d2e-68d8-2d3a-5f28-320e2f000ca6,TRN-02,25,0.047,1021,2598
05629d2e-68d8-2d3a-5f28-320e2f000ca6,HYD-03,19,0.037,2520,1022
05629d2e-68d8-2d3a-5f28-320e2f000ca6,ELEC-04,14,0.041,1826,803
05629d2e-68d8-2d3a-5f28-320e2f000ca6,CHS-05,13,0.013,0,1325
660183a5-986b-ee74-ac42-140cf0d30fcf,ENG-01,24,0.062,0,4334
660183a5-986b-ee74-ac42-140cf0d30fcf,TRN-02,25,0.044,863,2563
660183a5-986b-ee74-ac42-140cf0d30fcf,HYD-03,14,0.034,1468,1056
660183a5-986b-ee74-ac42-140cf0d30fcf,ELEC-04,21,0.058,413,754
660183a5-986b-ee74-ac42-140cf0d30fcf,CHS-05,20,0.048,1143,1362
2a36afe7-a396-9d0c-6d92-0d9c855a47cc,ENG-01,7,0.074,2457,4154
2a36afe7-a396-9d0c-6d92-0d9c855a47cc,TRN-02,13,0.058,1700,2726
2a36afe7-a396-9d0c-6d92-0d9c855a47cc,HYD-03,20,0.047,3541,1081
2a36afe7-a396-9d0c-6d92-0d9c855a47cc,ELEC-04,9,0.046,481,787
2a36afe7-a396-9d0c-6d92-0d9c855a47cc,CHS-05,16,0.036,0,1376
e2cd70eb-21f7-45c3-f20a-8dba9dd533ef,ENG-01,12,0.052,997,4079
e2cd70eb-21f7-45c3-f20a-8dba9dd533ef,TRN-02,12,0.045,0,2816
e2cd70eb-21f7-45c3-f20a-8dba9dd533ef,HYD-03,8,0.046,3248,1084
e2cd70eb-21f7-45c3-f20a-8dba9dd533ef,ELEC-04,20,0.06,3160,804
e2cd70eb-21f7-45c3-f20a-8dba9dd533ef,CHS-05,9,0.037,1863,1383
09e21b09-4abf-7160-1c4c-efde96e80282,ENG-01,9,0.051,0,4151
09e21b09-4abf-7160-1c4c-efde96e80282,TRN-02,19,0.06,333,2759
09e21b09-4abf-7160-1c4c-efde96e80282,HYD-03,15,0.029,331,1142
09e21b09-4abf-7160-1c4c-efde96e80282,ELEC-04,9,0.071,0,807
09e21b09-4abf-7160-1c4c-efde96e80282,CHS-05,16,0.025,0,1462
b0c10645-21f7-7058-3c4d-4764a19b01ee,ENG-01,18,0.076,231,4351
b0c10645-21f7-7058-3c4d-4764a19b01ee,TRN-02,15,0.058,943,2878
b0c10645-21f7-7058-3c4d-4764a19b01ee,HYD-03,9,0.054,1042,1174
b0c10645-21f7-7058-3c4d-4764a19b01ee,ELEC-04,11,0.041,573,829
b0c10645-21f7-7058-3c4d-4764a19b01ee,CHS-05,16,0.022,697,1449
9f9d97b7-29d0-e85f-d641-198a8b95d828,ENG-01,25,0.069,0,4176
9f9d97b7-29d0-e85f-d641-198a8b95d828,TRN-02,16,0.031,0,2614
9f9d97b7-29d0-e85f-d641-198a8b95d828,HYD-03,24,0.04,0,1081
9f9d97b7-29d0-e85f-d641-198a8b95d828,ELEC-04,18,0.042,1977,745
9f9d97b7-29d0-e85f-d641-198a8b95d828,CHS-05,16,0.041,1976,1388
68a015f2-b018-350e-138c-163150fc4fd5,ENG-01,3,0.079,1788,4728
68a015f2-b018-350e-138c-163150fc4fd5,TRN-02,16,0.061,0,2797
68a015f2-b018-350e-138c-163150fc4fd5,HYD-03,3,0.032,860,1247
68a015f2-b018-350e-138c-163150fc4fd5,ELEC-04,13,0.046,1269,838
68a015f2-b018-350e-138c-163150fc4fd5,CHS-05,3,0.015,1786,1516
b642d075-fc15-33e4-ed9a-f40b31eb5625,ENG-01,19,0.072,156,4227
b642d075-fc15-33e4-ed9a-f40b31eb5625,TRN-02,14,0.062,0,3002
b642d075-fc15-33e4-ed9a-f40b31eb5625,HYD-03,12,0.044,614,1122
b642d075-fc15-33e4-ed9a-f40b31eb5625,ELEC-04,21,0.073,0,863
b642d075-fc15-33e4-ed9a-f40b31eb5625,CHS-05,12,0.031,0,1466
26d8b18d-0982-773f-e033-dae78c9e53c2,ENG-01,16,0.074,1354,4504
26d8b18d-0982-773f-e033-dae78c9e53c2,TRN-02,15,0.041,0,2756
26d8b18d-0982-773f-e033-dae78c9e53c2,HYD-03,15,0.049,364,1112
26d8b18d-0982-773f-e033-dae78c9e53c2,ELEC-04,17,0.08,1540,830
26d8b18d-0982-773f-e033-dae78c9e53c2,CHS-05,14,0.035,930,1442
038076f9-3538-99df-74e8-8503c84a4543,ENG-01,23,0.073,0,4579
038076f9-3538-99df-74e8-8503c84a4543,TRN-02,11,0.034,0,2578
038076f9-3538-99df-74e8-8503c84a4543,HYD-03,21,0.037,0,1107
038076f9-3538-99df-74e8-8503c84a4543,ELEC-04,15,0.045,0,869
038076f9-3538-99df-74e8-8503c84a4543,CHS-05,16,0.04,0,1495
a6903d82-cfc3-613f-4e7c-eb92236b1644,ENG-01,9,0.059,251,4516
a6903d82-cfc3-613f-4e7c-eb92236b1644,TRN-02,15,0.034,795,2925
a6903d82-cfc3-613f-4e7c-eb92236b1644,HYD-03,9,0.051,84,1164
a6903d82-cfc3-613f-4e7c-eb92236b1644,ELEC-04,8,0.078,0,828
a6903d82-cfc3-613f-4e7c-eb92236b1644,CHS-05,15,0.018,181,1509
170ee373-a65f-5a6d-b4b8-4f94933611d7,ENG-01,11,0.061,423,4543
170ee373-a65f-5a6d-b4b8-4f94933611d7,TRN-02,4,0.033,199,2678
170ee373-a65f-5a6d-b4b8-4f94933611d7,HYD-03,15,0.045,665,1215
170ee373-a65f-5a6d-b4b8-4f94933611d7,ELEC-04,12,0.08,985,824
170ee373-a65f-5a6d-b4b8-4f94933611d7,CHS-05,16,0.017,1173,1428
0432ff7a-a1f5-00bf-2829-218876102354,ENG-01,13,0.081,46,4205
0432ff7a-a1f5-00bf-2829-218876102354,TRN-02,24,0.064,206,2552
0432ff7a-a1f5-00bf-2829-218876102354,HYD-03,23,0.031,0,1086
0432ff7a-a1f5-00bf-2829-218876102354,ELEC-04,25,0.066,0,774
0432ff7a-a1f5-00bf-2829-218876102354,CHS-05,16,0.015,0,1309
2e504e69-e0c8-f258-0a03-5fcf80e44b45,ENG-01,8,0.08,1983,4466
2e504e69-e0c8-f258-0a03-5fcf80e44b45,TRN-02,10,0.067,2462,2737
2e504e69-e0c8-f258-0a03-5fcf80e44b45,HYD-03,14,0.046,709,1069
2e504e69-e0c8-f258-0a03-5fcf80e44b45,ELEC-04,10,0.069,261,791
2e504e69-e0c8-f258-0a03-5fcf80e44b45,CHS-05,22,0.026,519,1469
f21d2bc0-dbfc-f750-46de-0dc413902d8e,ENG-01,6,0.088,639,4658
f21d2bc0-dbfc-f750-46de-0dc413902d8e,TRN-02,5,0.057,280,2735
f21d2bc0-dbfc-f750-46de-0dc413902d8e,HYD-03,12,0.046,874,1185
f21d2bc0-dbfc-f750-46de-0dc413902d8e,ELEC-04,6,0.042,1199,830
f21d2bc0-dbfc-f750-46de-0dc413902d8e,CHS-05,8,0.04,1380,1478
1b6bdbde-e641-cee2-7de1-9aff31d5480b,ENG-01,11,0.067,174,4478
1b6bdbde-e641-cee2-7de1-9aff31d5480b,TRN-02,15,0.035,1723,2677
1b6bdbde-e641-cee2-7de1-9aff31d5480b,HYD-03,8,0.027,0,1146
1b6bdbde-e641-cee2-7de1-9aff31d5480b,ELEC-04,11,0.065,1056,790
1b6bdbde-e641-cee2-7de1-9aff31d5480b,CHS-05,13,0.019,1354,1392
d460d7ba-ea63-3f9f-ee10-7e46e5319f46,ENG-01,10,0.054,1712,4496
d460d7ba-ea63-3f9f-ee10-7e46e5319f46,TRN-02,10,0.036,0,3138
d460d7ba-ea63-3f9f-ee10-7e46e5319f46,HYD-03,14,0.028,0,1224
d460d7ba-ea63-3f9f-ee10-7e46e5319f46,ELEC-04,11,0.062,0,912
d460d7ba-ea63-3f9f-ee10-7e46e5319f46,CHS-05,15,0.023,0,1531
4ca46c97-7411-e58b-a153-7fcea6cc6d33,ENG-01,6,0.067,3755,4715
4ca46c97-7411-e58b-a153-7fcea6cc6d33,TRN-02,16,0.062,315,2969
4ca46c97-7411-e58b-a153-7fcea6cc6d33,HYD-03,6,0.035,0,1152
4ca46c97-7411-e58b-a153-7fcea6cc6d33,ELEC-04,6,0.047,1125,829
4ca46c97-7411-e58b-a153-7fcea6cc6d33,CHS-05,11,0.039,1236,1551
2e766b33-a984-ec40-5dd7-695f3b4a79f1,ENG-01,14,0.06,0,4016
2e766b33-a984-ec40-5dd7-695f3b4a79f1,TRN-02,16,0.059,670,2556
2e766b33-a984-ec40-5dd7-695f3b4a79f1,HYD-03,16,0.025,741,1042
2e766b33-a984-ec40-5dd7-695f3b4a79f1,ELEC-04,18,0.058,683,739
2e766b33-a984-ec40-5dd7-695f3b4a79f1,CHS-05,18,0.039,1640,1325
57adfe9e-717b-d47d-9575-7634ef714fd3,ENG-01,8,0.068,0,4590
57adfe9e-717b-d47d-9575-7634ef714fd3,TRN-02,12,0.037,0,2767
57adfe9e-717b-d47d-9575-7634ef714fd3,HYD-03,11,0.029,0,1176
57adfe9e-717b-d47d-9575-7634ef714fd3,ELEC-04,5,0.041,0,861
57adfe9e-717b-d47d-9575-7634ef714fd3,CHS-05,3,0.037,0,1510
5e39798c-9431-6fce-f49b-0a6fb346277c,ENG-01,17,0.087,0,4239
5e39798c-9431-6fce-f49b-0a6fb346277c,TRN-02,16,0.046,789,2958
5e39798c-9431-6fce-f49b-0a6fb346277c,HYD-03,18,0.029,1196,1136
5e39798c-9431-6fce-f49b-0a6fb346277c,ELEC-04,14,0.049,0,885
5e39798c-9431-6fce-f49b-0a6fb346277c,CHS-05,22,0.012,251,1457
ed01388e-c4b2-5370-b4ad-a4de97762ae5,ENG-01,24,0.072,70,4266
ed01388e-c4b2-5370-b4ad-a4de97762ae5,TRN-02,11,0.052,526,2609
ed01388e-c4b2-5370-b4ad-a4de97762ae5,HYD-03,16,0.033,2368,1024
ed01388e-c4b2-5370-b4ad-a4de97762ae5,ELEC-04,16,0.076,0,756
ed01388e-c4b2-5370-b4ad-a4de97762ae5,CHS-05,17,0.043,575,1314
fe8967a6-d286-a8f9-124d-8c0b4d42d047,ENG-01,20,0.072,4049,4297
fe8967a6-d286-a8f9-124d-8c0b4d42d047,TRN-02,12,0.035,0,2674
fe8967a6-d286-a8f9-124d-8c0b4d42d047,HYD-03,13,0.051,0,1131
fe8967a6-d286-a8f9-124d-8c0b4d42d047,ELEC-04,9,0.051,0,807
fe8967a6-d286-a8f9-124d-8c0b4d42d047,CHS-05,14,0.035,3884,1501
a632d349-0924-eabc-ec34-6062a78b949f,ENG-01,9,0.067,1758,4181
a632d349-0924-eabc-ec34-6062a78b949f,TRN-02,10,0.067,102,2586
a632d349-0924-eabc-ec34-6062a78b949f,HYD-03,19,0.034,0,1099
a632d349-0924-eabc-ec34-6062a78b949f,ELEC-04,6,0.053,848,794
a632d349-0924-eabc-ec34-6062a78b949f,CHS-05,20,0.033,1780,1386
496ae6e7-22b6-ae53-fb6e-117f1bbc1624,ENG-01,14,0.077,0,4378
496ae6e7-22b6-ae53-fb6e-117f1bbc1624,TRN-02,12,0.053,1468,3008
496ae6e7-22b6-ae53-fb6e-117f1bbc1624,HYD-03,18,0.057,1673,1137
496ae6e7-22b6-ae53-fb6e-117f1bbc1624,ELEC-04,19,0.052,291,880
496ae6e7-22b6-ae53-fb6e-117f1bbc1624,CHS-05,12,0.02,2145,1479
fd90a79e-4a71-8932-cf8c-797fa1533962,ENG-01,10,0.082,0,4527
fd90a79e-4a71-8932-cf8c-797fa1533962,TRN-02,3,0.05,0,2982
fd90a79e-4a71-8932-cf8c-797fa1533962,HYD-03,11,0.049,604,1155
fd90a79e-4a71-8932-cf8c-797fa1533962,ELEC-04,4,0.058,0,860
fd90a79e-4a71-8932-cf8c-797fa1533962,CHS-05,2,0.048,111,1520
23378628-59e8-ce95-acf1-7e7124f8d5ec,ENG-01,19,0.054,0,4130
23378628-59e8-ce95-acf1-7e7124f8d5ec,TRN-02,10,0.056,0,2711
23378628-59e8-ce95-acf1-7e7124f8d5ec,HYD-03,16,0.037,0,1098
23378628-59e8-ce95-acf1-7e7124f8d5ec,ELEC-04,7,0.054,84,798
23378628-59e8-ce95-acf1-7e7124f8d5ec,CHS-05,10,0.027,0,1374
a2c8fab8-2591-03cc-49a6-c1ed7fc1d9c6,ENG-01,16,0.078,845,4280
a2c8fab8-2591-03cc-49a6-c1ed7fc1d9c6,TRN-02,15,0.053,835,2809
a2c8fab8-2591-03cc-49a6-c1ed7fc1d9c6,HYD-03,14,0.044,1704,1100
a2c8fab8-2591-03cc-49a6-c1ed7fc1d9c6,ELEC-04,12,0.043,410,826
a2c8fab8-2591-03cc-49a6-c1ed7fc1d9c6,CHS-05,9,0.041,2180,1435
50564f8f-676a-930d-a50b-3bd02d4d96f5,ENG-01,16,0.066,5829,4242
50564f8f-676a-930d-a50b-3bd02d4d96f5,TRN-02,19,0.056,0,2542
50564f8f-676a-930d-a50b-3bd02d4d96f5,HYD-03,12,0.023,0,1105
50564f8f-676a-930d-a50b-3bd02d4d96f5,ELEC-04,10,0.079,0,770
50564f8f-676a-930d-a50b-3bd02d4d96f5,CHS-05,19,0.039,0,1358
896d4c83-74f1-ce72-8f94-404ce3d5ff5a,ENG-01,19,0.062,0,4663
896d4c83-74f1-ce72-8f94-404ce3d5ff5a,TRN-02,15,0.066,0,2733
896d4c83-74f1-ce72-8f94-404ce3d5ff5a,HYD-03,14,0.042,0,1147
896d4c83-74f1-ce72-8f94-404ce3d5ff5a,ELEC-04,16,0.052,0,831
896d4c83-74f1-ce72-8f94-404ce3d5ff5a,CHS-05,13,0.021,0,1458
c727802b-3205-f7cc-b05f-e4a252e3e8be,ENG-01,19,0.064,0,4333
c727802b-3205-f7cc-b05f-e4a252e3e8be,TRN-02,8,0.059,231,2637
c727802b-3205-f7cc-b05f-e4a252e3e8be,HYD-03,18,0.034,901,1112
c727802b-3205-f7cc-b05f-e4a252e3e8be,ELEC-04,17,0.076,474,774
c727802b-3205-f7cc-b05f-e4a252e3e8be,CHS-05,8,0.028,0,1357
701637fc-4923-8185-e4b5-5b623233d2c7,ENG-01,13,0.052,825,4037
701637fc-4923-8185-e4b5-5b623233d2c7,TRN-02,18,0.055,804,2759
701637fc-4923-8185-e4b5-5b623233d2c7,HYD-03,21,0.034,0,1073
701637fc-4923-8185-e4b5-5b623233d2c7,ELEC-04,11,0.068,1569,811
701637fc-4923-8185-e4b5-5b623233d2c7,CHS-05,18,0.037,364,1383
fadf3b4a-635a-a903-7c3f-44503771d8f3,ENG-01,17,0.066,0,4323
fadf3b4a-635a-a903-7c3f-44503771d8f3,TRN-02,9,0.039,0,2926
fadf3b4a-635a-a903-7c3f-44503771d8f3,HYD-03,10,0.042,0,1168
fadf3b4a-635a-a903-7c3f-44503771d8f3,ELEC-04,20,0.079,0,867
fadf3b4a-635a-a903-7c3f-44503771d8f3,CHS-05,20,0.03,1352,1477
2a1bfc91-55b0-4a40-22be-379af81238e3,ENG-01,11,0.058,1486,4132
2a1bfc91-55b0-4a40-22be-379af81238e3,TRN-02,20,0.034,118,2756
2a1bfc91-55b0-4a40-22be-379af81238e3,HYD-03,15,0.024,1518,1118
2a1bfc91-55b0-4a40-22be-379af81238e3,ELEC-04,14,0.053,387,826
2a1bfc91-55b0-4a40-22be-379af81238e3,CHS-05,12,0.03,0,1395
009fef80-42d2-beb0-f5b9-4894f28a0e22,ENG-01,17,0.072,1392,4208
009fef80-42d2-beb0-f5b9-4894f28a0e22,TRN-02,25,0.066,0,2542
009fef80-42d2-beb0-f5b9-4894f28a0e22,HYD-03,17,0.02,0,1096
009fef80-42d2-beb0-f5b9-4894f28a0e22,ELEC-04,15,0.068,820,765
009fef80-42d2-beb0-f5b9-4894f28a0e22,CHS-05,25,0.037,551,1350
c2e0b665-345a-54f5-e55f-0e770baa70e5,ENG-01,22,0.087,38,4301
c2e0b665-345a-54f5-e55f-0e770baa70e5,TRN-02,15,0.061,2223,2903
c2e0b665-345a-54f5-e55f-0e770baa70e5,HYD-03,17,0.05,3717,1125
c2e0b665-345a-54f5-e55f-0e770baa70e5,ELEC-04,11,0.047,0,821
c2e0b665-345a-54f5-e55f-0e770baa70e5,CHS-05,16,0.019,970,1379
f3c8cb2e-fd8c-372f-b1f7-08ef339742ba,ENG-01,11,0.067,2600,4251
f3c8cb2e-fd8c-372f-b1f7-08ef339742ba,TRN-02,9,0.068,165,2771
f3c8cb2e-fd8c-372f-b1f7-08ef339742ba,HYD-03,17,0.034,0,1088
f3c8cb2e-fd8c-372f-b1f7-08ef339742ba,ELEC-04,14,0.074,2796,781
f3c8cb2e-fd8c-372f-b1f7-08ef339742ba,CHS-05,21,0.019,3065,1381
7e669870-5889-79db-67f1-ba430ae4d744,ENG-01,16,0.055,251,4411
7e669870-5889-79db-67f1-ba430ae4d744,TRN-02,23,0.036,1845,2783
7e669870-5889-79db-67f1-ba430ae4d744,HYD-03,15,0.024,269,1131
7e669870-5889-79db-67f1-ba430ae4d744,ELEC-04,10,0.079,1279,816
7e669870-5889-79db-67f1-ba430ae4d744,CHS-05,17,0.02,2287,1424
a3a4a992-e468-fec2-c624-ae7625714743,ENG-01,14,0.062,319,4253
a3a4a992-e468-fec2-c624-ae7625714743,TRN-02,8,0.066,3780,2923
a3a4a992-e468-fec2-c624-ae7625714743,HYD-03,20,0.037,765,1132
a3a4a992-e468-fec2-c624-ae7625714743,ELEC-04,16,0.051,595,848
a3a4a992-e468-fec2-c624-ae7625714743,CHS-05,19,0.049,572,1424
3be345c7-47b5-4aa9-72a1-12b7be70ea2d,ENG-01,19,0.082,0,3965
3be345c7-47b5-4aa9-72a1-12b7be70ea2d,TRN-02,21,0.04,429,2752
3be345c7-47b5-4aa9-72a1-12b7be70ea2d,HYD-03,13,0.054,295,1096
3be345c7-47b5-4aa9-72a1-12b7be70ea2d,ELEC-04,16,0.072,1417,837
3be345c7-47b5-4aa9-72a1-12b7be70ea2d,CHS-05,12,0.04,598,1407
83c8d6c6-e7c2-a789-12ec-efedb53079ec,ENG-01,10,0.076,2431,4669
83c8d6c6-e7c2-a789-12ec-efedb53079ec,TRN-02,9,0.063,50,2874
83c8d6c6-e7c2-a789-12ec-efedb53079ec,HYD-03,3,0.041,458,1185
83c8d6c6-e7c2-a789-12ec-efedb53079ec,ELEC-04,8,0.061,1149,827
83c8d6c6-e7c2-a789-12ec-efedb53079ec,CHS-05,8,0.039,0,1480
c2af4379-3d1a-705d-75af-cb00438f9bff,ENG-01,17,0.081,0,4447
c2af4379-3d1a-705d-75af-cb00438f9bff,TRN-02,14,0.054,354,2696
c2af4379-3d1a-705d-75af-cb00438f9bff,HYD-03,15,0.046,0,1155
c2af4379-3d1a-705d-75af-cb00438f9bff,ELEC-04,14,0.072,249,787
c2af4379-3d1a-705d-75af-cb00438f9bff,CHS-05,12,0.044,950,1500
c19fa2dc-1636-1f28-238b-bde92d07b6ac,ENG-01,8,0.063,860,4352
c19fa2dc-1636-1f28-238b-bde92d07b6ac,TRN-02,15,0.069,1189,2773
c19fa2dc-1636-1f28-238b-bde92d07b6ac,HYD-03,18,0.02,1006,1090
c19fa2dc-1636-1f28-238b-bde92d07b6ac,ELEC-04,22,0.066,1639,820
c19fa2dc-1636-1f28-238b-bde92d07b6ac,CHS-05,13,0.033,374,1405
9f07a3e2-6559-975d-5dcd-97e04051ff9a,ENG-01,11,0.07,2793,4416
9f07a3e2-6559-975d-5dcd-97e04051ff9a,TRN-02,20,0.061,478,2893
9f07a3e2-6559-975d-5dcd-97e04051ff9a,HYD-03,16,0.051,1574,1158
9f07a3e2-6559-975d-5dcd-97e04051ff9a,ELEC-04,21,0.052,545,841
9f07a3e2-6559-975d-5dcd-97e04051ff9a,CHS-05,19,0.048,400,1462
5207e991-87ea-b06f-7a61-edf69d01de01,ENG-01,7,0.078,63,4009
5207e991-87ea-b06f-7a61-edf69d01de01,TRN-02,16,0.051,0,2715
5207e991-87ea-b06f-7a61-edf69d01de01,HYD-03,13,0.038,0,1061
5207e991-87ea-b06f-7a61-edf69d01de01,ELEC-04,16,0.066,0,795
5207e991-87ea-b06f-7a61-edf69d01de01,CHS-05,14,0.015,0,1361
5aacdcf6-19bf-7717-df71-047b9038279a,ENG-01,25,0.086,535,4217
5aacdcf6-19bf-7717-df71-047b9038279a,TRN-02,23,0.057,2961,2662
5aacdcf6-19bf-7717-df71-047b9038279a,HYD-03,20,0.027,2123,1091
5aacdcf6-19bf-7717-df71-047b9038279a,ELEC-04,18,0.063,1000,757
5aacdcf6-19bf-7717-df71-047b9038279a,CHS-05,25,0.029,802,1358
b278d418-69d3-a738-5e14-32f35709d2cb,ENG-01,4,0.087,0,4509
b278d418-69d3-a738-5e14-32f35709d2cb,TRN-02,7,0.054,584,2746
b278d418-69d3-a738-5e14-32f35709d2cb,HYD-03,7,0.033,0,1199
b278d418-69d3-a738-5e14-32f35709d2cb,ELEC-04,4,0.06,1640,826
b278d418-69d3-a738-5e14-32f35709d2cb,CHS-05,4,0.029,0,1519
9f6d4825-8238-ba4c-7469-60af6c582cba,ENG-01,2,0.057,1327,4718
9f6d4825-8238-ba4c-7469-60af6c582cba,TRN-02,8,0.069,1402,2885
9f6d4825-8238-ba4c-7469-60af6c582cba,HYD-03,11,0.034,0,1175
9f6d4825-8238-ba4c-7469-60af6c582cba,ELEC-04,16,0.066,2290,815
9f6d4825-8238-ba4c-7469-60af6c582cba,CHS-05,9,0.044,0,1523
7a165065-25ad-f725-f331-c48651c4bc7f,ENG-01,14,0.058,0,4207
7a165065-25ad-f725-f331-c48651c4bc7f,TRN-02,23,0.055,234,2552
7a165065-25ad-f725-f331-c48651c4bc7f,HYD-03,19,0.051,0,1092
7a165065-25ad-f725-f331-c48651c4bc7f,ELEC-04,13,0.071,267,748
7a165065-25ad-f725-f331-c48651c4bc7f,CHS-05,19,0.049,0,1371
2322c160-fbe4-6c5c-ccb4-ac8680352b72,ENG-01,17,0.084,822,4124
2322c160-fbe4-6c5c-ccb4-ac8680352b72,TRN-02,22,0.047,0,2721
2322c160-fbe4-6c5c-ccb4-ac8680352b72,HYD-03,24,0.042,0,1049
2322c160-fbe4-6c5c-ccb4-ac8680352b72,ELEC-04,22,0.065,1411,785
2322c160-fbe4-6c5c-ccb4-ac8680352b72,CHS-05,13,0.039,708,1372
9d74144c-a298-6067-802b-4f2ff393104a,ENG-01,25,0.088,3386,4207
9d74144c-a298-6067-802b-4f2ff393104a,TRN-02,24,0.058,13,2632
9d74144c-a298-6067-802b-4f2ff393104a,HYD-03,11,0.053,303,1080
9d74144c-a298-6067-802b-4f2ff393104a,ELEC-04,15,0.057,0,784
9d74144c-a298-6067-802b-4f2ff393104a,CHS-05,11,0.043,0,1383
b3628ecb-cbac-90a7-6d26-83a03be79cc0,ENG-01,11,0.084,2678,4207
b3628ecb-cbac-90a7-6d26-83a03be79cc0,TRN-02,15,0.059,0,2687
b3628ecb-cbac-90a7-6d26-83a03be79cc0,HYD-03,13,0.023,503,1018
b3628ecb-cbac-90a7-6d26-83a03be79cc0,ELEC-04,7,0.059,0,807
b3628ecb-cbac-90a7-6d26-83a03be79cc0,CHS-05,14,0.028,1501,1440
953f4738-6a38-0d76-f4e3-6dd4d4c808e1,ENG-01,3,0.051,0,4551
953f4738-6a38-0d76-f4e3-6dd4d4c808e1,TRN-02,6,0.065,2206,2763
953f4738-6a38-0d76-f4e3-6dd4d4c808e1,HYD-03,16,0.048,0,1183
953f4738-6a38-0d76-f4e3-6dd4d4c808e1,ELEC-04,8,0.07,2506,795
953f4738-6a38-0d76-f4e3-6dd4d4c808e1,CHS-05,16,0.023,0,1482
45c3a637-2e75-3ee0-aabd-7278952542e1,ENG-01,16,0.065,427,4232
45c3a637-2e75-3ee0-aabd-7278952542e1,TRN-02,11,0.051,0,2717
45c3a637-2e75-3ee0-aabd-7278952542e1,HYD-03,13,0.044,0,1058
45c3a637-2e75-3ee0-aabd-7278952542e1,ELEC-04,12,0.058,1289,804
45c3a637-2e75-3ee0-aabd-7278952542e1,CHS-05,9,0.03,2185,1399
29b2aadb-61ba-febe-d4b1-be6480ce8e40,ENG-01,12,0.075,558,4263
29b2aadb-61ba-febe-d4b1-be6480ce8e40,TRN-02,14,0.048,0,2609
29b2aadb-61ba-febe-d4b1-be6480ce8e40,HYD-03,15,0.028,359,1136
29b2aadb-61ba-febe-d4b1-be6480ce8e40,ELEC-04,14,0.048,0,785
29b2aadb-61ba-febe-d4b1-be6480ce8e40,CHS-05,22,0.04,0,1435
2fa22e01-927b-13f0-969d-a5c318cf05e8,ENG-01,22,0.055,1724,4107
2fa22e01-927b-13f0-969d-a5c318cf05e8,TRN-02,23,0.063,0,2657
2fa22e01-927b-13f0-969d-a5c318cf05e8,HYD-03,17,0.029,0,1095
2fa22e01-927b-13f0-969d-a5c318cf05e8,ELEC-04,15,0.057,0,780
2fa22e01-927b-13f0-969d-a5c318cf05e8,CHS-05,24,0.038,3309,1385
31e14936-567d-9d8c-0f0a-40f30fa52d78,ENG-01,9,0.059,700,4338
31e14936-567d-9d8c-0f0a-40f30fa52d78,TRN-02,21,0.046,1809,2753
31e14936-567d-9d8c-0f0a-40f30fa52d78,HYD-03,19,0.026,1877,1124
31e14936-567d-9d8c-0f0a-40f30fa52d78,ELEC-04,14,0.05,1713,869
31e14936-567d-9d8c-0f0a-40f30fa52d78,CHS-05,13,0.032,383,1413
2ac20151-9851-1ed7-1742-707c17e9c448,ENG-01,21,0.09,0,4167
2ac20151-9851-1ed7-1742-707c17e9c448,TRN-02,18,0.063,0,2635
2ac20151-9851-1ed7-1742-707c17e9c448,HYD-03,19,0.027,0,1059
2ac20151-9851-1ed7-1742-707c17e9c448,ELEC-04,11,0.069,304,816
2ac20151-9851-1ed7-1742-707c17e9c448,CHS-05,23,0.047,970,1350
9860951e-b6c7-cdd2-8f4d-9ce0d35df938,ENG-01,12,0.065,0,4248
9860951e-b6c7-cdd2-8f4d-9ce0d35df938,TRN-02,9,0.067,222,2742
9860951e-b6c7-cdd2-8f4d-9ce0d35df938,HYD-03,16,0.039,226,1135
9860951e-b6c7-cdd2-8f4d-9ce0d35df938,ELEC-04,22,0.052,0,811
9860951e-b6c7-cdd2-8f4d-9ce0d35df938,CHS-05,10,0.022,2124,1451
5db3c0b6-d431-f6f8-d250-31ba8864bf7d,ENG-01,14,0.064,2800,4009
5db3c0b6-d431-f6f8-d250-31ba8864bf7d,TRN-02,13,0.031,2058,2595
5db3c0b6-d431-f6f8-d250-31ba8864bf7d,HYD-03,24,0.032,0,1011
5db3c0b6-d431-f6f8-d250-31ba8864bf7d,ELEC-04,21,0.078,2348,777
5db3c0b6-d431-f6f8-d250-31ba8864bf7d,CHS-05,14,0.027,2291,1349
07dbb639-dd8d-284d-da2e-cad02cc0867a,ENG-01,16,0.074,3071,4258
07dbb639-dd8d-284d-da2e-cad02cc0867a,TRN-02,14,0.065,230,2656
07dbb639-dd8d-284d-da2e-cad02cc0867a,HYD-03,23,0.03,1315,1057
07dbb639-dd8d-284d-da2e-cad02cc0867a,ELEC-04,20,0.059,3025,758
07dbb639-dd8d-284d-da2e-cad02cc0867a,CHS-05,11,0.023,963,1354
6e950fa1-e5e2-7b6e-d06f-df278fda17a8,ENG-01,19,0.06,836,4131
6e950fa1-e5e2-7b6e-d06f-df278fda17a8,TRN-02,18,0.045,1675,2733
6e950fa1-e5e2-7b6e-d06f-df278fda17a8,HYD-03,11,0.055,1171,1050
6e950fa1-e5e2-7b6e-d06f-df278fda17a8,ELEC-04,8,0.063,0,764
6e950fa1-e5e2-7b6e-d06f-df278fda17a8,CHS-05,7,0.027,0,1421
0c364173-66b7-9567-8f63-616886fd57da,ENG-01,11,0.079,377,4385
0c364173-66b7-9567-8f63-616886fd57da,TRN-02,15,0.064,0,3025
0c364173-66b7-9567-8f63-616886fd57da,HYD-03,14,0.051,1146,1169
0c364173-66b7-9567-8f63-616886fd57da,ELEC-04,9,0.047,2812,868
0c364173-66b7-9567-8f63-616886fd57da,CHS-05,13,0.022,928,1514
64d149fe-68f7-9248-23e5-521759136949,ENG-01,14,0.085,2786,4478
64d149fe-68f7-9248-23e5-521759136949,TRN-02,11,0.038,0,2967
64d149fe-68f7-9248-23e5-521759136949,HYD-03,5,0.025,710,1186
64d149fe-68f7-9248-23e5-521759136949,ELEC-04,5,0.071,673,868
64d149fe-68f7-9248-23e5-521759136949,CHS-05,8,0.025,1416,1471
899eaa47-5864-e030-1041-be9da4d87029,ENG-01,14,0.062,0,3995
899eaa47-5864-e030-1041-be9da4d87029,TRN-02,6,0.044,36,2887
899eaa47-5864-e030-1041-be9da4d87029,HYD-03,15,0.043,732,1078
899eaa47-5864-e030-1041-be9da4d87029,ELEC-04,13,0.041,0,808
899eaa47-5864-e030-1041-be9da4d87029,CHS-05,16,0.043,1559,1381
4a466e8a-dcb6-218e-b9d3-efd2258980e7,ENG-01,18,0.063,3269,4080
4a466e8a-dcb6-218e-b9d3-efd2258980e7,TRN-02,14,0.053,0,2543
4a466e8a-dcb6-218e-b9d3-efd2258980e7,HYD-03,11,0.025,0,1049
4a466e8a-dcb6-218e-b9d3-efd2258980e7,ELEC-04,24,0.043,643,756
4a466e8a-dcb6-218e-b9d3-efd2258980e7,CHS-05,24,0.021,769,1351
7db9a10b-8f97-cfa6-cb49-3a0f56524585,ENG-01,12,0.065,1723,4134
7db9a10b-8f97-cfa6-cb49-3a0f56524585,TRN-02,16,0.046,1064,2800
7db9a10b-8f97-cfa6-cb49-3a0f56524585,HYD-03,16,0.03,0,1084
7db9a10b-8f97-cfa6-cb49-3a0f56524585,ELEC-04,18,0.043,0,759
7db9a10b-8f97-cfa6-cb49-3a0f56524585,CHS-05,18,0.016,0,1394
67298da7-2405-9901-d642-a3c1838d36fa,ENG-01,8,0.074,1655,4226
67298da7-2405-9901-d642-a3c1838d36fa,TRN-02,22,0.068,2632,2750
67298da7-2405-9901-d642-a3c1838d36fa,HYD-03,19,0.032,2608,1134
67298da7-2405-9901-d642-a3c1838d36fa,ELEC-04,20,0.053,0,833
67298da7-2405-9901-d642-a3c1838d36fa,CHS-05,13,0.033,1283,1451
ee2359c0-7e95-2b8d-d668-d00edbb70280,ENG-01,6,0.081,3320,4531
ee2359c0-7e95-2b8d-d668-d00edbb70280,TRN-02,7,0.069,0,2943
ee2359c0-7e95-2b8d-d668-d00edbb70280,HYD-03,12,0.021,0,1145
ee2359c0-7e95-2b8d-d668-d00edbb70280,ELEC-04,8,0.061,358,865
ee2359c0-7e95-2b8d-d668-d00edbb70280,CHS-05,10,0.018,0,1512
f32fff4e-d000-97b7-531f-252cc8698645,ENG-01,18,0.076,0,4528
f32fff4e-d000-97b7-531f-252cc8698645,TRN-02,9,0.055,0,2548
f32fff4e-d000-97b7-531f-252cc8698645,HYD-03,17,0.027,0,1118
f32fff4e-d000-97b7-531f-252cc8698645,ELEC-04,22,0.065,0,831
f32fff4e-d000-97b7-531f-252cc8698645,CHS-05,22,0.015,0,1405
c4f8fd09-b73c-0129-41ad-c70b6d6c96db,ENG-01,23,0.089,536,3964
c4f8fd09-b73c-0129-41ad-c70b6d6c96db,TRN-02,15,0.053,0,2796
c4f8fd09-b73c-0129-41ad-c70b6d6c96db,HYD-03,12,0.053,542,1063
c4f8fd09-b73c-0129-41ad-c70b6d6c96db,ELEC-04,23,0.044,0,791
c4f8fd09-b73c-0129-41ad-c70b6d6c96db,CHS-05,23,0.021,1015,1348
3bb8c27b-6448-5108-0a8e-0b7b96e3defc,ENG-01,24,0.074,0,4227
3bb8c27b-6448-5108-0a8e-0b7b96e3defc,TRN-02,20,0.031,0,2456
3bb8c27b-6448-5108-0a8e-0b7b96e3defc,HYD-03,11,0.045,0,1050
3bb8c27b-6448-5108-0a8e-0b7b96e3defc,ELEC-04,21,0.066,0,765
3bb8c27b-6448-5108-0a8e-0b7b96e3defc,CHS-05,24,0.035,0,1405
6652826b-9bfa-f412-4e54-c7d6d2354c43,ENG-01,19,0.055,2168,4184
6652826b-9bfa-f412-4e54-c7d6d2354c43,TRN-02,19,0.068,0,2760
6652826b-9bfa-f412-4e54-c7d6d2354c43,HYD-03,12,0.04,0,1024
6652826b-9bfa-f412-4e54-c7d6d2354c43,ELEC-04,12,0.065,344,765
6652826b-9bfa-f412-4e54-c7d6d2354c43,CHS-05,20,0.049,0,1419
abd57419-5084-4e37-4d9d-68f6f3012ae5,ENG-01,12,0.077,698,4012
abd57419-5084-4e37-4d9d-68f6f3012ae5,TRN-02,17,0.046,248,2701
abd57419-5084-4e37-4d9d-68f6f3012ae5,HYD-03,16,0.028,1487,1094
abd57419-5084-4e37-4d9d-68f6f3012ae5,ELEC-04,23,0.063,1736,776
abd57419-5084-4e37-4d9d-68f6f3012ae5,CHS-05,14,0.044,1679,1366
34557308-8450-5353-b3de-afd8aa20a9ed,ENG-01,19,0.057,457,4351
34557308-8450-5353-b3de-afd8aa20a9ed,TRN-02,22,0.038,898,2780
34557308-8450-5353-b3de-afd8aa20a9ed,HYD-03,8,0.024,0,1084
34557308-8450-5353-b3de-afd8aa20a9ed,ELEC-04,18,0.045,132,808
34557308-8450-5353-b3de-afd8aa20a9ed,CHS-05,17,0.046,1874,1449
be1640d5-430f-201a-61e2-269de4235258,ENG-01,17,0.075,2276,4411
be1640d5-430f-201a-61e2-269de4235258,TRN-02,22,0.067,0,2767
be1640d5-430f-201a-61e2-269de4235258,HYD-03,21,0.027,0,1082
be1640d5-430f-201a-61e2-269de4235258,ELEC-04,21,0.063,1271,821
be1640d5-430f-201a-61e2-269de4235258,CHS-05,16,0.027,209,1458
f393ce64-71b6-aedf-7f33-36da62678b2d,ENG-01,9,0.058,0,4313
f393ce64-71b6-aedf-7f33-36da62678b2d,TRN-02,18,0.069,1227,2868
f393ce64-71b6-aedf-7f33-36da62678b2d,HYD-03,14,0.026,0,1123
f393ce64-71b6-aedf-7f33-36da62678b2d,ELEC-04,14,0.052,191,800
f393ce64-71b6-aedf-7f33-36da62678b2d,CHS-05,12,0.011,148,1351
7cac77a1-fbd4-d57e-f0e8-375b71829858,ENG-01,17,0.077,1178,4151
7cac77a1-fbd4-d57e-f0e8-375b71829858,TRN-02,22,0.045,146,2956
7cac77a1-fbd4-d57e-f0e8-375b71829858,HYD-03,20,0.05,0,1093
7cac77a1-fbd4-d57e-f0e8-375b71829858,ELEC-04,10,0.046,1649,860
7cac77a1-fbd4-d57e-f0e8-375b71829858,CHS-05,16,0.026,0,1433
2b9f74c7-8498-7776-452b-633d89960b26,ENG-01,21,0.064,408,4136
2b9f74c7-8498-7776-452b-633d89960b26,TRN-02,16,0.042,1154,2659
2b9f74c7-8498-7776-452b-633d89960b26,HYD-03,24,0.044,145,1054
2b9f74c7-8498-7776-452b-633d89960b26,ELEC-04,11,0.065,1892,773
2b9f74c7-8498-7776-452b-633d89960b26,CHS-05,15,0.035,1578,1375
16a9e88e-b652-9b13-704d-0c5c1f634626,ENG-01,16,0.087,2027,4330
16a9e88e-b652-9b13-704d-0c5c1f634626,TRN-02,6,0.037,66,2711
16a9e88e-b652-9b13-704d-0c5c1f634626,HYD-03,7,0.058,291,1053
16a9e88e-b652-9b13-704d-0c5c1f634626,ELEC-04,18,0.05,0,784
16a9e88e-b652-9b13-704d-0c5c1f634626,CHS-05,12,0.043,454,1413
4ed82691-4b96-699e-4789-39822cbe9d31,ENG-01,17,0.052,2965,4223
4ed82691-4b96-699e-4789-39822cbe9d31,TRN-02,14,0.053,818,2781
4ed82691-4b96-699e-4789-39822cbe9d31,HYD-03,24,0.057,1426,1089
4ed82691-4b96-699e-4789-39822cbe9d31,ELEC-04,18,0.05,476,777
4ed82691-4b96-699e-4789-39822cbe9d31,CHS-05,18,0.017,1991,1359
04da6318-a722-4910-6599-45a8095c81d7,ENG-01,15,0.073,0,4254
04da6318-a722-4910-6599-45a8095c81d7,TRN-02,11,0.035,410,2806
04da6318-a722-4910-6599-45a8095c81d7,HYD-03,12,0.045,1262,1053
04da6318-a722-4910-6599-45a8095c81d7,ELEC-04,6,0.064,654,813
04da6318-a722-4910-6599-45a8095c81d7,CHS-05,10,0.01,0,1403
7ea2b9e6-df71-0eb0-7627-8ddad0b2436f,ENG-01,12,0.063,0,4174
7ea2b9e6-df71-0eb0-7627-8ddad0b2436f,TRN-02,7,0.035,506,2811
7ea2b9e6-df71-0eb0-7627-8ddad0b2436f,HYD-03,10,0.037,495,1085
7ea2b9e6-df71-0eb0-7627-8ddad0b2436f,ELEC-04,15,0.074,0,767
7ea2b9e6-df71-0eb0-7627-8ddad0b2436f,CHS-05,12,0.018,492,1394
aac08504-b430-57ca-34c5-2ac61b8c3321,ENG-01,19,0.065,1024,4268
aac08504-b430-57ca-34c5-2ac61b8c3321,TRN-02,23,0.053,0,2768
aac08504-b430-57ca-34c5-2ac61b8c3321,HYD-03,18,0.058,1419,1134
aac08504-b430-57ca-34c5-2ac61b8c3321,ELEC-04,15,0.075,0,828
aac08504-b430-57ca-34c5-2ac61b8c3321,CHS-05,20,0.041,1864,1452
18b56208-91c8-5d9e-ad6a-1c0636f14692,ENG-01,15,0.056,490,4477
18b56208-91c8-5d9e-ad6a-1c0636f14692,TRN-02,10,0.058,799,2812
18b56208-91c8-5d9e-ad6a-1c0636f14692,HYD-03,22,0.032,2058,1120
18b56208-91c8-5d9e-ad6a-1c0636f14692,ELEC-04,20,0.052,673,778
18b56208-91c8-5d9e-ad6a-1c0636f14692,CHS-05,21,0.023,0,1465
e024639f-79c7-7870-a76c-ea39ddfcc1e2,ENG-01,14,0.063,2883,4317
e024639f-79c7-7870-a76c-ea39ddfcc1e2,TRN-02,24,0.059,2891,2635
e024639f-79c7-7870-a76c-ea39ddfcc1e2,HYD-03,20,0.03,0,1098
e024639f-79c7-7870-a76c-ea39ddfcc1e2,ELEC-04,22,0.042,1379,770
e024639f-79c7-7870-a76c-ea39ddfcc1e2,CHS-05,25,0.01,0,1390
fa6cf3f0-9642-4911-8492-32939d9af5f8,ENG-01,15,0.052,843,4322
fa6cf3f0-9642-4911-8492-32939d9af5f8,TRN-02,14,0.06,0,2987
fa6cf3f0-9642-4911-8492-32939d9af5f8,HYD-03,7,0.028,731,1167
fa6cf3f0-9642-4911-8492-32939d9af5f8,ELEC-04,12,0.077,922,908
fa6cf3f0-9642-4911-8492-32939d9af5f8,CHS-05,5,0.026,0,1464
c99f9555-a67e-94a5-719b-95d571db676b,ENG-01,15,0.072,863,4356
c99f9555-a67e-94a5-719b-95d571db676b,TRN-02,13,0.055,2029,3123
c99f9555-a67e-94a5-719b-95d571db676b,HYD-03,4,0.043,837,1127
c99f9555-a67e-94a5-719b-95d571db676b,ELEC-04,9,0.055,179,862
c99f9555-a67e-94a5-719b-95d571db676b,CHS-05,15,0.035,1921,1431
e8e9c1d8-9a43-874f-928e-61e437a46123,ENG-01,19,0.079,4586,4403
e8e9c1d8-9a43-874f-928e-61e437a46123,TRN-02,16,0.054,4513,2782
e8e9c1d8-9a43-874f-928e-61e437a46123,HYD-03,21,0.025,0,1140
e8e9c1d8-9a43-874f-928e-61e437a46123,ELEC-04,9,0.043,0,816
e8e9c1d8-9a43-874f-928e-61e437a46123,CHS-05,13,0.037,3874,1480
866c21b8-2d5f-20cf-1ba3-da3c367f6e01,ENG-01,14,0.063,4499,4517
866c21b8-2d5f-20cf-1ba3-da3c367f6e01,TRN-02,23,0.041,5540,2608
866c21b8-2d5f-20cf-1ba3-da3c367f6e01,HYD-03,13,0.056,4380,1190
866c21b8-2d5f-20cf-1ba3-da3c367f6e01,ELEC-04,20,0.05,3559,819
866c21b8-2d5f-20cf-1ba3-da3c367f6e01,CHS-05,20,0.019,3744,1423
c6532815-bd64-1f14-4aa6-7a98c18d0ef2,ENG-01,19,0.086,3708,4187
c6532815-bd64-1f14-4aa6-7a98c18d0ef2,TRN-02,9,0.054,5689,2676
c6532815-bd64-1f14-4aa6-7a98c18d0ef2,HYD-03,14,0.038,5663,1097
c6532815-bd64-1f14-4aa6-7a98c18d0ef2,ELEC-04,15,0.043,6690,775
c6532815-bd64-1f14-4aa6-7a98c18d0ef2,CHS-05,8,0.033,6033,1354
fea1b5e6-ee41-9644-e48b-9023d50602d8,ENG-01,20,0.067,0,4089
fea1b5e6-ee41-9644-e48b-9023d50602d8,TRN-02,12,0.041,2573,2645
fea1b5e6-ee41-9644-e48b-9023d50602d8,HYD-03,20,0.034,0,1123
fea1b5e6-ee41-9644-e48b-9023d50602d8,ELEC-04,13,0.057,0,786
fea1b5e6-ee41-9644-e48b-9023d50602d8,CHS-05,18,0.034,0,1385
855896e9-50e3-f4c4-f95c-2292ab564366,ENG-01,9,0.078,0,4560
855896e9-50e3-f4c4-f95c-2292ab564366,TRN-02,12,0.042,0,2728
855896e9-50e3-f4c4-f95c-2292ab564366,HYD-03,21,0.046,0,1162
855896e9-50e3-f4c4-f95c-2292ab564366,ELEC-04,10,0.061,1281,809
855896e9-50e3-f4c4-f95c-2292ab564366,CHS-05,16,0.018,0,1388
a0dc1df4-4019-ca4c-2f90-4ef847e6dfaa,ENG-01,9,0.069,643,4330
a0dc1df4-4019-ca4c-2f90-4ef847e6dfaa,TRN-02,12,0.066,26,3111
a0dc1df4-4019-ca4c-2f90-4ef847e6dfaa,HYD-03,4,0.04,901,1157
a0dc1df4-4019-ca4c-2f90-4ef847e6dfaa,ELEC-04,14,0.05,526,877
a0dc1df4-4019-ca4c-2f90-4ef847e6dfaa,CHS-05,4,0.04,1004,1487
c46dd2ab-6ef7-6574-a575-713b23021142,ENG-01,6,0.05,0,4346
c46dd2ab-6ef7-6574-a575-713b23021142,TRN-02,8,0.07,2520,2497
c46dd2ab-6ef7-6574-a575-713b23021142,HYD-03,16,0.027,3288,1095
c46dd2ab-6ef7-6574-a575-713b23021142,ELEC-04,7,0.043,1586,767
c46dd2ab-6ef7-6574-a575-713b23021142,CHS-05,19,0.017,3687,1362
905fb489-843f-893b-9d9b-68f842170ca8,ENG-01,12,0.076,0,4275
905fb489-843f-893b-9d9b-68f842170ca8,TRN-02,15,0.061,0,2647
905fb489-843f-893b-9d9b-68f842170ca8,HYD-03,8,0.035,0,1033
905fb489-843f-893b-9d9b-68f842170ca8,ELEC-04,13,0.078,0,778
905fb489-843f-893b-9d9b-68f842170ca8,CHS-05,13,0.045,0,1315
96bf1a1c-f810-cd69-19c0-e269809b4935,ENG-01,12,0.065,0,4385
96bf1a1c-f810-cd69-19c0-e269809b4935,TRN-02,6,0.058,54,2591
96bf1a1c-f810-cd69-19c0-e269809b4935,HYD-03,13,0.041,0,1088
96bf1a1c-f810-cd69-19c0-e269809b4935,ELEC-04,11,0.068,0,751
96bf1a1c-f810-cd69-19c0-e269809b4935,CHS-05,10,0.017,0,1369
866f6b50-5fbb-47b6-3339-c6dd25b09375,ENG-01,8,0.088,0,4114
866f6b50-5fbb-47b6-3339-c6dd25b09375,TRN-02,9,0.043,2032,2914
866f6b50-5fbb-47b6-3339-c6dd25b09375,HYD-03,20,0.054,1508,1092
866f6b50-5fbb-47b6-3339-c6dd25b09375,ELEC-04,19,0.052,817,799
866f6b50-5fbb-47b6-3339-c6dd25b09375,CHS-05,16,0.024,0,1370
c8be1381-c021-7558-065e-58f3c965f38b,ENG-01,21,0.068,0,4149
c8be1381-c021-7558-065e-58f3c965f38b,TRN-02,13,0.052,0,2848
c8be1381-c021-7558-065e-58f3c965f38b,HYD-03,16,0.035,353,1177
c8be1381-c021-7558-065e-58f3c965f38b,ELEC-04,21,0.052,0,856
c8be1381-c021-7558-065e-58f3c965f38b,CHS-05,18,0.031,0,1457
ff10dac8-d37d-970c-c9cf-05b686acb459,ENG-01,21,0.065,0,4320
ff10dac8-d37d-970c-c9cf-05b686acb459,TRN-02,14,0.062,3272,2678
ff10dac8-d37d-970c-c9cf-05b686acb459,HYD-03,23,0.054,309,1119
ff10dac8-d37d-970c-c9cf-05b686acb459,ELEC-04,19,0.045,894,789
ff10dac8-d37d-970c-c9cf-05b686acb459,CHS-05,15,0.046,1061,1420
ad03e3b9-7b66-ab75-3272-ab55fcd2a755,ENG-01,14,0.05,0,4090
ad03e3b9-7b66-ab75-3272-ab55fcd2a755,TRN-02,12,0.067,0,2541
ad03e3b9-7b66-ab75-3272-ab55fcd2a755,HYD-03,17,0.048,1984,1128
ad03e3b9-7b66-ab75-3272-ab55fcd2a755,ELEC-04,9,0.042,1631,762
ad03e3b9-7b66-ab75-3272-ab55fcd2a755,CHS-05,13,0.035,0,1381
6aedd039-32d6-95b5-19c6-d3169687e619,ENG-01,18,0.059,63,3884
6aedd039-32d6-95b5-19c6-d3169687e619,TRN-02,14,0.058,0,2727
6aedd039-32d6-95b5-19c6-d3169687e619,HYD-03,20,0.03,0,1035
6aedd039-32d6-95b5-19c6-d3169687e619,ELEC-04,15,0.06,369,838
6aedd039-32d6-95b5-19c6-d3169687e619,CHS-05,13,0.021,1058,1367
cca2d6e3-c9e5-2a1e-fa2a-e861c5f61de3,ENG-01,10,0.073,0,4250
cca2d6e3-c9e5-2a1e-fa2a-e861c5f61de3,TRN-02,11,0.057,0,2779
cca2d6e3-c9e5-2a1e-fa2a-e861c5f61de3,HYD-03,12,0.04,0,1126
cca2d6e3-c9e5-2a1e-fa2a-e861c5f61de3,ELEC-04,13,0.079,1228,819
cca2d6e3-c9e5-2a1e-fa2a-e861c5f61de3,CHS-05,11,0.041,1230,1384
3957f502-2a68-fc3e-545a-43c965e08143,ENG-01,8,0.082,0,4553
3957f502-2a68-fc3e-545a-43c965e08143,TRN-02,19,0.046,0,2572
3957f502-2a68-fc3e-545a-43c965e08143,HYD-03,16,0.056,0,1134
3957f502-2a68-fc3e-545a-43c965e08143,ELEC-04,8,0.072,0,795
3957f502-2a68-fc3e-545a-43c965e08143,CHS-05,17,0.035,0,1422
3f8cbadd-496e-9c35-83b5-821fb7ecffd3,ENG-01,11,0.066,435,4624
3f8cbadd-496e-9c35-83b5-821fb7ecffd3,TRN-02,15,0.044,0,3003
3f8cbadd-496e-9c35-83b5-821fb7ecffd3,HYD-03,8,0.038,1226,1144
3f8cbadd-496e-9c35-83b5-821fb7ecffd3,ELEC-04,8,0.051,1470,854
3f8cbadd-496e-9c35-83b5-821fb7ecffd3,CHS-05,4,0.043,1420,1496
12145a68-c19b-f806-fffd-4daea2be9ad5,ENG-01,2,0.084,823,4629
12145a68-c19b-f806-fffd-4daea2be9ad5,TRN-02,16,0.032,0,2757
12145a68-c19b-f806-fffd-4daea2be9ad5,HYD-03,15,0.028,0,1169
12145a68-c19b-f806-fffd-4daea2be9ad5,ELEC-04,8,0.048,0,849
12145a68-c19b-f806-fffd-4daea2be9ad5,CHS-05,3,0.028,1515,1557
73e76a2d-7965-8d4e-b3f8-61261bbde63f,ENG-01,10,0.068,1220,4289
73e76a2d-7965-8d4e-b3f8-61261bbde63f,TRN-02,14,0.041,1063,2981
73e76a2d-7965-8d4e-b3f8-61261bbde63f,HYD-03,12,0.039,902,1149
73e76a2d-7965-8d4e-b3f8-61261bbde63f,ELEC-04,14,0.05,2031,885
73e76a2d-7965-8d4e-b3f8-61261bbde63f,CHS-05,10,0.035,0,1459
29b5dc95-e30d-3ecd-1475-ad89ee281d71,ENG-01,25,0.051,1311,4020
29b5dc95-e30d-3ecd-1475-ad89ee281d71,TRN-02,19,0.06,0,2519
29b5dc95-e30d-3ecd-1475-ad89ee281d71,HYD-03,16,0.039,1759,1100
29b5dc95-e30d-3ecd-1475-ad89ee281d71,ELEC-04,23,0.065,2898,787
29b5dc95-e30d-3ecd-1475-ad89ee281d71,CHS-05,23,0.048,403,1363
ae445385-eeef-b273-798d-38210b89a6c6,ENG-01,12,0.06,1206,3989
ae445385-eeef-b273-798d-38210b89a6c6,TRN-02,12,0.032,705,2672
ae445385-eeef-b273-798d-38210b89a6c6,HYD-03,23,0.037,1107,1076
ae445385-eeef-b273-798d-38210b89a6c6,ELEC-04,19,0.047,2079,805
ae445385-eeef-b273-798d-38210b89a6c6,CHS-05,24,0.015,0,1344
d5e6791a-ae6b-b76b-0f83-5a0037f242ae,ENG-01,7,0.064,0,4517
d5e6791a-ae6b-b76b-0f83-5a0037f242ae,TRN-02,10,0.058,0,2731
d5e6791a-ae6b-b76b-0f83-5a0037f242ae,HYD-03,14,0.023,0,1135
d5e6791a-ae6b-b76b-0f83-5a0037f242ae,ELEC-04,8,0.041,0,819
d5e6791a-ae6b-b76b-0f83-5a0037f242ae,CHS-05,7,0.024,0,1494
0aa63df3-7a1b-7b08-1247-e57d9736afb3,ENG-01,8,0.079,179,4347
0aa63df3-7a1b-7b08-1247-e57d9736afb3,TRN-02,10,0.047,81,2748
0aa63df3-7a1b-7b08-1247-e57d9736afb3,HYD-03,17,0.039,2046,1099
0aa63df3-7a1b-7b08-1247-e57d9736afb3,ELEC-04,12,0.068,29,804
0aa63df3-7a1b-7b08-1247-e57d9736afb3,CHS-05,9,0.026,522,1401
fcb3b5f8-052a-623d-47cd-1653587791fa,ENG-01,12,0.081,773,4277
fcb3b5f8-052a-623d-47cd-1653587791fa,TRN-02,18,0.058,1631,2604
fcb3b5f8-052a-623d-47cd-1653587791fa,HYD-03,8,0.052,2803,1116
fcb3b5f8-052a-623d-47cd-1653587791fa,ELEC-04,7,0.065,2111,752
fcb3b5f8-052a-623d-47cd-1653587791fa,CHS-05,17,0.018,0,1431
33110206-5464-9658-6a03-22e1d53ec5e5,ENG-01,14,0.08,4988,4406
33110206-5464-9658-6a03-22e1d53ec5e5,TRN-02,20,0.057,5936,2607
33110206-5464-9658-6a03-22e1d53ec5e5,HYD-03,9,0.052,4789,1119
33110206-5464-9658-6a03-22e1d53ec5e5,ELEC-04,15,0.061,4043,823
33110206-5464-9658-6a03-22e1d53ec5e5,CHS-05,18,0.05,4220,1408
95db4674-c432-35d9-4cbd-40b3391abc65,ENG-01,19,0.052,0,4160
95db4674-c432-35d9-4cbd-40b3391abc65,TRN-02,19,0.045,0,2601
95db4674-c432-35d9-4cbd-40b3391abc65,HYD-03,22,0.048,0,1045
95db4674-c432-35d9-4cbd-40b3391abc65,ELEC-04,17,0.041,0,751
95db4674-c432-35d9-4cbd-40b3391abc65,CHS-05,20,0.012,0,1377
a5b2d803-4dcf-83ed-4ece-d894bf2c4f2b,ENG-01,14,0.072,0,4440
a5b2d803-4dcf-83ed-4ece-d894bf2c4f2b,TRN-02,13,0.048,0,2538
a5b2d803-4dcf-83ed-4ece-d894bf2c4f2b,HYD-03,12,0.05,0,1147
a5b2d803-4dcf-83ed-4ece-d894bf2c4f2b,ELEC-04,20,0.046,0,809
a5b2d803-4dcf-83ed-4ece-d894bf2c4f2b,CHS-05,18,0.046,0,1460
cbff1322-c3fb-90ca-1dcb-f69f65623a14,ENG-01,15,0.057,1289,4337
cbff1322-c3fb-90ca-1dcb-f69f65623a14,TRN-02,13,0.067,1177,2740
cbff1322-c3fb-90ca-1dcb-f69f65623a14,HYD-03,21,0.026,0,1126
cbff1322-c3fb-90ca-1dcb-f69f65623a14,ELEC-04,16,0.055,286,830
cbff1322-c3fb-90ca-1dcb-f69f65623a14,CHS-05,13,0.047,1816,1381
6b2e6fdf-a99d-bc6b-77c6-972572311594,ENG-01,13,0.056,0,4431
6b2e6fdf-a99d-bc6b-77c6-972572311594,TRN-02,17,0.042,0,2632
6b2e6fdf-a99d-bc6b-77c6-972572311594,HYD-03,10,0.036,0,1136
6b2e6fdf-a99d-bc6b-77c6-972572311594,ELEC-04,21,0.06,0,802
6b2e6fdf-a99d-bc6b-77c6-972572311594,CHS-05,13,0.048,5031,1431
f80c7007-c61f-f06e-960e-895fa3859a33,ENG-01,15,0.061,3106,4287
f80c7007-c61f-f06e-960e-895fa3859a33,TRN-02,8,0.039,1155,2806
f80c7007-c61f-f06e-960e-895fa3859a33,HYD-03,17,0.03,0,1127
f80c7007-c61f-f06e-960e-895fa3859a33,ELEC-04,19,0.051,653,804
f80c7007-c61f-f06e-960e-895fa3859a33,CHS-05,21,0.013,3553,1435
8fd6e75a-71f7-3a05-364c-424ee1d35085,ENG-01,13,0.082,271,4516
8fd6e75a-71f7-3a05-364c-424ee1d35085,TRN-02,16,0.05,0,2723
8fd6e75a-71f7-3a05-364c-424ee1d35085,HYD-03,22,0.036,0,1141
8fd6e75a-71f7-3a05-364c-424ee1d35085,ELEC-04,10,0.073,0,818
8fd6e75a-71f7-3a05-364c-424ee1d35085,CHS-05,19,0.017,0,1464
0753aea7-4593-375a-8978-206eacbf1715,ENG-01,22,0.082,0,4421
0753aea7-4593-375a-8978-206eacbf1715,TRN-02,20,0.057,1886,3088
0753aea7-4593-375a-8978-206eacbf1715,HYD-03,11,0.034,932,1106
0753aea7-4593-375a-8978-206eacbf1715,ELEC-04,23,0.062,356,846
0753aea7-4593-375a-8978-206eacbf1715,CHS-05,19,0.017,2507,1435
1272a154-d732-1525-7433-c7b2fb0672cc,ENG-01,21,0.086,925,4266
1272a154-d732-1525-7433-c7b2fb0672cc,TRN-02,21,0.033,155,2683
1272a154-d732-1525-7433-c7b2fb0672cc,HYD-03,13,0.026,0,1083
1272a154-d732-1525-7433-c7b2fb0672cc,ELEC-04,23,0.058,1165,780
1272a154-d732-1525-7433-c7b2fb0672cc,CHS-05,25,0.048,1599,1362
83b47fff-0a1d-a181-e5ca-ba10e13f205d,ENG-01,9,0.086,1857,4526
83b47fff-0a1d-a181-e5ca-ba10e13f205d,TRN-02,10,0.03,0,2845
83b47fff-0a1d-a181-e5ca-ba10e13f205d,HYD-03,8,0.056,1008,1186
83b47fff-0a1d-a181-e5ca-ba10e13f205d,ELEC-04,16,0.048,548,819
83b47fff-0a1d-a181-e5ca-ba10e13f205d,CHS-05,3,0.02,0,1551
2d687fe2-9ccb-2c07-3c76-5b98c1d0deaf,ENG-01,20,0.069,420,4197
2d687fe2-9ccb-2c07-3c76-5b98c1d0deaf,TRN-02,8,0.043,1288,2586
2d687fe2-9ccb-2c07-3c76-5b98c1d0deaf,HYD-03,11,0.039,1924,1088
2d687fe2-9ccb-2c07-3c76-5b98c1d0deaf,ELEC-04,19,0.077,666,759
2d687fe2-9ccb-2c07-3c76-5b98c1d0deaf,CHS-05,9,0.012,1306,1414
b9dca208-dff6-1047-afb8-5eefbfbc8fba,ENG-01,20,0.071,166,3946
b9dca208-dff6-1047-afb8-5eefbfbc8fba,TRN-02,17,0.067,0,2771
b9dca208-dff6-1047-afb8-5eefbfbc8fba,HYD-03,20,0.03,45,1119
b9dca208-dff6-1047-afb8-5eefbfbc8fba,ELEC-04,23,0.045,156,810
b9dca208-dff6-1047-afb8-5eefbfbc8fba,CHS-05,12,0.031,164,1319
44706e01-448b-f393-80fd-5f8cf5c9c706,ENG-01,11,0.082,0,4370
44706e01-448b-f393-80fd-5f8cf5c9c706,TRN-02,16,0.044,36,2862
44706e01-448b-f393-80fd-5f8cf5c9c706,HYD-03,12,0.027,532,1154
44706e01-448b-f393-80fd-5f8cf5c9c706,ELEC-04,19,0.064,0,868
44706e01-448b-f393-80fd-5f8cf5c9c706,CHS-05,15,0.042,0,1470
6f2fd728-7ca7-c3a7-6741-4afd4ea889ff,ENG-01,6,0.054,1153,4441
6f2fd728-7ca7-c3a7-6741-4afd4ea889ff,TRN-02,10,0.056,0,2822
6f2fd728-7ca7-c3a7-6741-4afd4ea889ff,HYD-03,3,0.053,0,1205
6f2fd728-7ca7-c3a7-6741-4afd4ea889ff,ELEC-04,8,0.064,745,855
6f2fd728-7ca7-c3a7-6741-4afd4ea889ff,CHS-05,3,0.028,0,1467
2c93a212-eaa4-703b-1083-7089bfe4a224,ENG-01,6,0.085,0,4484
2c93a212-eaa4-703b-1083-7089bfe4a224,TRN-02,10,0.061,70,2685
2c93a212-eaa4-703b-1083-7089bfe4a224,HYD-03,9,0.029,852,1112
2c93a212-eaa4-703b-1083-7089bfe4a224,ELEC-04,8,0.066,0,753
2c93a212-eaa4-703b-1083-7089bfe4a224,CHS-05,17,0.039,816,1369
d1ed0cc1-41c7-6bd0-0437-e9eafe959c73,ENG-01,17,0.087,924,4135
d1ed0cc1-41c7-6bd0-0437-e9eafe959c73,TRN-02,16,0.042,75,2534
d1ed0cc1-41c7-6bd0-0437-e9eafe959c73,HYD-03,13,0.028,1170,1056
d1ed0cc1-41c7-6bd0-0437-e9eafe959c73,ELEC-04,21,0.051,0,750
d1ed0cc1-41c7-6bd0-0437-e9eafe959c73,CHS-05,19,0.048,1558,1342
66a3b40f-4f6a-da5b-9314-397325c416d1,ENG-01,21,0.081,610,4313
66a3b40f-4f6a-da5b-9314-397325c416d1,TRN-02,12,0.056,2188,2853
66a3b40f-4f6a-da5b-9314-397325c416d1,HYD-03,10,0.046,1358,1139
66a3b40f-4f6a-da5b-9314-397325c416d1,ELEC-04,10,0.043,1685,880
66a3b40f-4f6a-da5b-9314-397325c416d1,CHS-05,22,0.013,362,1431
dd360a48-a380-7d4e-3d59-c3ec24e31c56,ENG-01,12,0.086,1399,4374
dd360a48-a380-7d4e-3d59-c3ec24e31c56,TRN-02,21,0.057,1958,2939
dd360a48-a380-7d4e-3d59-c3ec24e31c56,HYD-03,13,0.035,2002,1129
dd360a48-a380-7d4e-3d59-c3ec24e31c56,ELEC-04,12,0.079,1183,855
dd360a48-a380-7d4e-3d59-c3ec24e31c56,CHS-05,20,0.039,3236,1502
ad61d957-72d8-e4d7-9e35-4db96459121c,ENG-01,11,0.068,0,4532
ad61d957-72d8-e4d7-9e35-4db96459121c,TRN-02,10,0.033,0,2658
ad61d957-72d8-e4d7-9e35-4db96459121c,HYD-03,12,0.028,0,1171
ad61d957-72d8-e4d7-9e35-4db96459121c,ELEC-04,11,0.064,0,806
ad61d957-72d8-e4d7-9e35-4db96459121c,CHS-05,10,0.047,0,1471
8f9a4c2c-fbe2-096f-6735-0d9419b55984,ENG-01,17,0.051,1432,4154
8f9a4c2c-fbe2-096f-6735-0d9419b55984,TRN-02,17,0.043,1485,2672
8f9a4c2c-fbe2-096f-6735-0d9419b55984,HYD-03,25,0.045,401,1075
8f9a4c2c-fbe2-096f-6735-0d9419b55984,ELEC-04,17,0.079,0,762
8f9a4c2c-fbe2-096f-6735-0d9419b55984,CHS-05,21,0.034,0,1323
5d910eb5-9d1f-57ec-f176-ab26b7789859,ENG-01,10,0.06,3271,4450
5d910eb5-9d1f-57ec-f176-ab26b7789859,TRN-02,11,0.064,164,2802
5d910eb5-9d1f-57ec-f176-ab26b7789859,HYD-03,16,0.031,1954,1147
5d910eb5-9d1f-57ec-f176-ab26b7789859,ELEC-04,22,0.047,454,816
5d910eb5-9d1f-57ec-f176-ab26b7789859,CHS-05,18,0.028,0,1505
5a2894b8-00e1-dd43-c584-b9c803d8fa79,ENG-01,18,0.073,2204,4256
5a2894b8-00e1-dd43-c584-b9c803d8fa79,TRN-02,9,0.047,738,2729
5a2894b8-00e1-dd43-c584-b9c803d8fa79,HYD-03,21,0.05,0,1106
5a2894b8-00e1-dd43-c584-b9c803d8fa79,ELEC-04,18,0.057,2429,828
5a2894b8-00e1-dd43-c584-b9c803d8fa79,CHS-05,21,0.043,359,1431
3ae56840-8f3e-457d-8492-993ac46154cc,ENG-01,11,0.068,0,4154
3ae56840-8f3e-457d-8492-993ac46154cc,TRN-02,13,0.049,513,2623
3ae56840-8f3e-457d-8492-993ac46154cc,HYD-03,22,0.032,1688,1045
3ae56840-8f3e-457d-8492-993ac46154cc,ELEC-04,21,0.059,2283,779
3ae56840-8f3e-457d-8492-993ac46154cc,CHS-05,22,0.014,995,1302
d281f55d-c698-8181-4241-0090be8cd583,ENG-01,20,0.088,938,4452
d281f55d-c698-8181-4241-0090be8cd583,TRN-02,9,0.041,479,2682
d281f55d-c698-8181-4241-0090be8cd583,HYD-03,19,0.033,739,1086
d281f55d-c698-8181-4241-0090be8cd583,ELEC-04,15,0.075,2861,781
d281f55d-c698-8181-4241-0090be8cd583,CHS-05,20,0.019,214,1431
6f335d1a-ae11-8b48-3389-5a1222326f13,ENG-01,20,0.064,2027,4356
6f335d1a-ae11-8b48-3389-5a1222326f13,TRN-02,13,0.055,0,2823
6f335d1a-ae11-8b48-3389-5a1222326f13,HYD-03,9,0.025,0,1151
6f335d1a-ae11-8b48-3389-5a1222326f13,ELEC-04,12,0.074,0,824
6f335d1a-ae11-8b48-3389-5a1222326f13,CHS-05,21,0.028,0,1480
d70f89aa-4891-d728-2857-6388ec35c28d,ENG-01,21,0.058,0,4485
d70f89aa-4891-d728-2857-6388ec35c28d,TRN-02,11,0.042,0,2757
d70f89aa-4891-d728-2857-6388ec35c28d,HYD-03,18,0.021,1578,1109
d70f89aa-4891-d728-2857-6388ec35c28d,ELEC-04,9,0.054,0,831
d70f89aa-4891-d728-2857-6388ec35c28d,CHS-05,22,0.037,950,1439
d093578e-19cc-f1ce-9b2b-f31103495eb7,ENG-01,25,0.074,0,3969
d093578e-19cc-f1ce-9b2b-f31103495eb7,TRN-02,22,0.055,0,2637
d093578e-19cc-f1ce-9b2b-f31103495eb7,HYD-03,20,0.054,2100,1070
d093578e-19cc-f1ce-9b2b-f31103495eb7,ELEC-04,15,0.069,172,797
d093578e-19cc-f1ce-9b2b-f31103495eb7,CHS-05,15,0.035,1676,1384
9779875a-97ee-990a-5aff-1fc737b309f8,ENG-01,13,0.059,0,4577
9779875a-97ee-990a-5aff-1fc737b309f8,TRN-02,8,0.055,894,2976
9779875a-97ee-990a-5aff-1fc737b309f8,HYD-03,4,0.05,2855,1156
9779875a-97ee-990a-5aff-1fc737b309f8,ELEC-04,12,0.06,3941,871
9779875a-97ee-990a-5aff-1fc737b309f8,CHS-05,4,0.026,56,1517
8820ace7-f9b5-affb-dbb2-9a638d2ddc46,ENG-01,14,0.052,3206,4224
8820ace7-f9b5-affb-dbb2-9a638d2ddc46,TRN-02,13,0.052,1355,2665
8820ace7-f9b5-affb-dbb2-9a638d2ddc46,HYD-03,8,0.045,1267,1055
8820ace7-f9b5-affb-dbb2-9a638d2ddc46,ELEC-04,17,0.072,879,793
8820ace7-f9b5-affb-dbb2-9a638d2ddc46,CHS-05,20,0.025,1717,1361
c705517f-026a-98e8-1b0d-c757c28c0f76,ENG-01,9,0.077,1770,4503
c705517f-026a-98e8-1b0d-c757c28c0f76,TRN-02,13,0.041,0,2841
c705517f-026a-98e8-1b0d-c757c28c0f76,HYD-03,16,0.024,0,1140
c705517f-026a-98e8-1b0d-c757c28c0f76,ELEC-04,11,0.075,1180,801
c705517f-026a-98e8-1b0d-c757c28c0f76,CHS-05,12,0.046,0,1436
2f0ebe30-5e68-33cd-3f9f-211efd8056c5,ENG-01,15,0.083,101,4134
2f0ebe30-5e68-33cd-3f9f-211efd8056c5,TRN-02,24,0.064,1563,2755
2f0ebe30-5e68-33cd-3f9f-211efd8056c5,HYD-03,18,0.023,650,1079
2f0ebe30-5e68-33cd-3f9f-211efd8056c5,ELEC-04,15,0.049,0,814
2f0ebe30-5e68-33cd-3f9f-211efd8056c5,CHS-05,20,0.015,2073,1334
e1f8db53-4e5d-998c-cc29-5f31daa9a1e3,ENG-01,18,0.088,1182,4197
e1f8db53-4e5d-998c-cc29-5f31daa9a1e3,TRN-02,14,0.044,1482,2765
e1f8db53-4e5d-998c-cc29-5f31daa9a1e3,HYD-03,12,0.027,0,1077
e1f8db53-4e5d-998c-cc29-5f31daa9a1e3,ELEC-04,6,0.068,1067,779
e1f8db53-4e5d-998c-cc29-5f31daa9a1e3,CHS-05,14,0.024,0,1425
f2e591d5-e4a0-636f-d9f8-724808346c08,ENG-01,14,0.065,419,4228
f2e591d5-e4a0-636f-d9f8-724808346c08,TRN-02,9,0.054,0,2723
f2e591d5-e4a0-636f-d9f8-724808346c08,HYD-03,18,0.05,1164,1142
f2e591d5-e4a0-636f-d9f8-724808346c08,ELEC-04,15,0.052,2042,800
f2e591d5-e4a0-636f-d9f8-724808346c08,CHS-05,16,0.037,110,1474
cab6c926-9f7f-c76c-9417-418dfd1bd8c8,ENG-01,19,0.066,1804,4288
cab6c926-9f7f-c76c-9417-418dfd1bd8c8,TRN-02,9,0.058,420,2715
cab6c926-9f7f-c76c-9417-418dfd1bd8c8,HYD-03,18,0.026,638,1171
cab6c926-9f7f-c76c-9417-418dfd1bd8c8,ELEC-04,13,0.054,0,804
cab6c926-9f7f-c76c-9417-418dfd1bd8c8,CHS-05,23,0.013,0,1491
2db79e31-03df-ea6c-d34a-c31441205062,ENG-01,23,0.066,385,4250
2db79e31-03df-ea6c-d34a-c31441205062,TRN-02,21,0.064,1833,2655
2db79e31-03df-ea6c-d34a-c31441205062,HYD-03,17,0.04,1518,1078
2db79e31-03df-ea6c-d34a-c31441205062,ELEC-04,21,0.048,0,741
2db79e31-03df-ea6c-d34a-c31441205062,CHS-05,20,0.038,547,1350
686cc5ca-209a-7861-1042-2f32901223e7,ENG-01,19,0.051,0,4105
686cc5ca-209a-7861-1042-2f32901223e7,TRN-02,7,0.06,0,2737
686cc5ca-209a-7861-1042-2f32901223e7,HYD-03,16,0.045,513,1097
686cc5ca-209a-7861-1042-2f32901223e7,ELEC-04,10,0.072,0,810
686cc5ca-209a-7861-1042-2f32901223e7,CHS-05,19,0.049,199,1394
ee0891bf-1f44-d040-593b-919098c78342,ENG-01,15,0.061,2493,4232
ee0891bf-1f44-d040-593b-919098c78342,TRN-02,18,0.039,1027,2874
ee0891bf-1f44-d040-593b-919098c78342,HYD-03,9,0.032,3002,1123
ee0891bf-1f44-d040-593b-919098c78342,ELEC-04,16,0.06,0,814
ee0891bf-1f44-d040-593b-919098c78342,CHS-05,11,0.044,1496,1468
99e30729-b47c-eafe-69cb-5a4441a860e1,ENG-01,20,0.064,2414,4483
99e30729-b47c-eafe-69cb-5a4441a860e1,TRN-02,9,0.034,0,2880
99e30729-b47c-eafe-69cb-5a4441a860e1,HYD-03,12,0.023,0,1084
99e30729-b47c-eafe-69cb-5a4441a860e1,ELEC-04,9,0.07,0,832
99e30729-b47c-eafe-69cb-5a4441a860e1,CHS-05,22,0.019,0,1420
212cd461-8ee3-509f-fc5a-bfc80b0421e4,ENG-01,13,0.056,757,4373
212cd461-8ee3-509f-fc5a-bfc80b0421e4,TRN-02,17,0.045,0,2811
212cd461-8ee3-509f-fc5a-bfc80b0421e4,HYD-03,20,0.052,1126,1131
212cd461-8ee3-509f-fc5a-bfc80b0421e4,ELEC-04,9,0.076,0,823
212cd461-8ee3-509f-fc5a-bfc80b0421e4,CHS-05,10,0.025,1768,1463
64cad17d-024b-3195-38b0-7f9ce3ea3064,ENG-01,17,0.055,151,4363
64cad17d-024b-3195-38b0-7f9ce3ea3064,TRN-02,20,0.036,1526,2726
64cad17d-024b-3195-38b0-7f9ce3ea3064,HYD-03,20,0.021,0,1084
64cad17d-024b-3195-38b0-7f9ce3ea3064,ELEC-04,17,0.066,1162,802
64cad17d-024b-3195-38b0-7f9ce3ea3064,CHS-05,13,0.04,0,1477
e19abd4e-8584-c360-82ae-f1b04b93ca7f,ENG-01,13,0.069,791,4005
e19abd4e-8584-c360-82ae-f1b04b93ca7f,TRN-02,20,0.039,495,2740
e19abd4e-8584-c360-82ae-f1b04b93ca7f,HYD-03,19,0.035,1612,1081
e19abd4e-8584-c360-82ae-f1b04b93ca7f,ELEC-04,21,0.065,0,820
e19abd4e-8584-c360-82ae-f1b04b93ca7f,CHS-05,16,0.035,56,1385
3be17b7e-8bb0-7e15-31a9-dde157d7852a,ENG-01,6,0.06,0,4535
3be17b7e-8bb0-7e15-31a9-dde157d7852a,TRN-02,7,0.045,0,2835
3be17b7e-8bb0-7e15-31a9-dde157d7852a,HYD-03,4,0.027,0,1162
3be17b7e-8bb0-7e15-31a9-dde157d7852a,ELEC-04,2,0.049,0,836
3be17b7e-8bb0-7e15-31a9-dde157d7852a,CHS-05,2,0.041,0,1520
5ea5a38a-697a-a25c-605b-e08bbd7c4220,ENG-01,13,0.086,716,4252
5ea5a38a-697a-a25c-605b-e08bbd7c4220,TRN-02,24,0.064,581,2421
5ea5a38a-697a-a25c-605b-e08bbd7c4220,HYD-03,22,0.049,424,1037
5ea5a38a-697a-a25c-605b-e08bbd7c4220,ELEC-04,12,0.049,0,793
5ea5a38a-697a-a25c-605b-e08bbd7c4220,CHS-05,13,0.039,0,1309
fb0a1b85-ea92-3ab5-f0ac-f9d85bf0a0db,ENG-01,3,0.076,1176,4648
fb0a1b85-ea92-3ab5-f0ac-f9d85bf0a0db,TRN-02,3,0.032,0,2735
fb0a1b85-ea92-3ab5-f0ac-f9d85bf0a0db,HYD-03,12,0.032,725,1187
fb0a1b85-ea92-3ab5-f0ac-f9d85bf0a0db,ELEC-04,5,0.079,60,830
fb0a1b85-ea92-3ab5-f0ac-f9d85bf0a0db,CHS-05,6,0.044,547,1464
4f64d692-4c54-fdaf-e6f7-919abdbf9781,ENG-01,19,0.054,806,4449
4f64d692-4c54-fdaf-e6f7-919abdbf9781,TRN-02,6,0.067,897,2604
4f64d692-4c54-fdaf-e6f7-919abdbf9781,HYD-03,10,0.046,498,1098
4f64d692-4c54-fdaf-e6f7-919abdbf9781,ELEC-04,19,0.054,0,791
4f64d692-4c54-fdaf-e6f7-919abdbf9781,CHS-05,7,0.024,0,1431
53108e8a-d8e8-7d43-9668-3ec092b7dd04,ENG-01,3,0.076,631,4837
53108e8a-d8e8-7d43-9668-3ec092b7dd04,TRN-02,9,0.035,1085,2896
53108e8a-d8e8-7d43-9668-3ec092b7dd04,HYD-03,16,0.03,1696,1191
53108e8a-d8e8-7d43-9668-3ec092b7dd04,ELEC-04,11,0.043,795,829
53108e8a-d8e8-7d43-9668-3ec092b7dd04,CHS-05,3,0.045,362,1494
1de0a24c-8842-bde9-3eb3-a731cc8c217a,ENG-01,13,0.088,0,4048
1de0a24c-8842-bde9-3eb3-a731cc8c217a,TRN-02,15,0.054,1651,2580
1de0a24c-8842-bde9-3eb3-a731cc8c217a,HYD-03,22,0.026,1224,1071
1de0a24c-8842-bde9-3eb3-a731cc8c217a,ELEC-04,19,0.065,0,746
1de0a24c-8842-bde9-3eb3-a731cc8c217a,CHS-05,19,0.015,0,1344
38686650-52f9-98a2-3a42-c59f9d15a08b,ENG-01,22,0.051,0,4158
38686650-52f9-98a2-3a42-c59f9d15a08b,TRN-02,13,0.041,0,2489
38686650-52f9-98a2-3a42-c59f9d15a08b,HYD-03,15,0.049,0,1084
38686650-52f9-98a2-3a42-c59f9d15a08b,ELEC-04,11,0.051,16,751
38686650-52f9-98a2-3a42-c59f9d15a08b,CHS-05,24,0.039,0,1358
9e4da3a1-8249-b5dc-e996-87cf456dae22,ENG-01,12,0.051,0,4472
9e4da3a1-8249-b5dc-e996-87cf456dae22,TRN-02,15,0.068,0,2892
9e4da3a1-8249-b5dc-e996-87cf456dae22,HYD-03,14,0.026,0,1121
9e4da3a1-8249-b5dc-e996-87cf456dae22,ELEC-04,10,0.06,0,813
9e4da3a1-8249-b5dc-e996-87cf456dae22,CHS-05,22,0.032,5024,1456
cac1b63c-a240-0dd4-a1ce-59871056e592,ENG-01,15,0.089,0,4514
cac1b63c-a240-0dd4-a1ce-59871056e592,TRN-02,11,0.048,722,3116
cac1b63c-a240-0dd4-a1ce-59871056e592,HYD-03,7,0.023,0,1218
cac1b63c-a240-0dd4-a1ce-59871056e592,ELEC-04,9,0.076,577,885
cac1b63c-a240-0dd4-a1ce-59871056e592,CHS-05,7,0.039,0,1524
25ea759a-64c4-c2d2-b633-1a96758f66b6,ENG-01,11,0.075,0,4473
25ea759a-64c4-c2d2-b633-1a96758f66b6,TRN-02,14,0.048,0,2760
25ea759a-64c4-c2d2-b633-1a96758f66b6,HYD-03,11,0.043,241,1138
25ea759a-64c4-c2d2-b633-1a96758f66b6,ELEC-04,13,0.04,0,785
25ea759a-64c4-c2d2-b633-1a96758f66b6,CHS-05,18,0.047,0,1469
df419c00-e095-1a1d-8f50-f1f93f0c9a45,ENG-01,9,0.084,0,4295
df419c00-e095-1a1d-8f50-f1f93f0c9a45,TRN-02,12,0.064,0,2836
df419c00-e095-1a1d-8f50-f1f93f0c9a45,HYD-03,8,0.021,0,1114
df419c00-e095-1a1d-8f50-f1f93f0c9a45,ELEC-04,8,0.076,2200,835
df419c00-e095-1a1d-8f50-f1f93f0c9a45,CHS-05,22,0.015,238,1365
ba138fc6-7292-2421-8ec8-8396ce6dee4e,ENG-01,15,0.086,0,4079
ba138fc6-7292-2421-8ec8-8396ce6dee4e,TRN-02,20,0.067,0,2458
ba138fc6-7292-2421-8ec8-8396ce6dee4e,HYD-03,16,0.051,0,1008
ba138fc6-7292-2421-8ec8-8396ce6dee4e,ELEC-04,12,0.058,0,767
ba138fc6-7292-2421-8ec8-8396ce6dee4e,CHS-05,18,0.034,0,1346
5c946419-9dc3-cf65-188b-0e64f0c8df01,ENG-01,18,0.062,1464,4551
5c946419-9dc3-cf65-188b-0e64f0c8df01,TRN-02,16,0.051,0,2772
5c946419-9dc3-cf65-188b-0e64f0c8df01,HYD-03,17,0.054,0,1132
5c946419-9dc3-cf65-188b-0e64f0c8df01,ELEC-04,12,0.053,895,820
5c946419-9dc3-cf65-188b-0e64f0c8df01,CHS-05,21,0.03,0,1367
a342a8ea-3aee-d386-0ec2-e443ed5f220b,ENG-01,14,0.054,0,4464
a342a8ea-3aee-d386-0ec2-e443ed5f220b,TRN-02,6,0.049,2050,2978
a342a8ea-3aee-d386-0ec2-e443ed5f220b,HYD-03,15,0.025,0,1134
a342a8ea-3aee-d386-0ec2-e443ed5f220b,ELEC-04,16,0.063,1304,874
a342a8ea-3aee-d386-0ec2-e443ed5f220b,CHS-05,2,0.044,2368,1488
05afe023-f8fb-69ab-100f-8d6068c261d8,ENG-01,15,0.064,0,4348
05afe023-f8fb-69ab-100f-8d6068c261d8,TRN-02,8,0.06,0,2567
05afe023-f8fb-69ab-100f-8d6068c261d8,HYD-03,11,0.035,1321,1100
05afe023-f8fb-69ab-100f-8d6068c261d8,ELEC-04,17,0.058,1175,777
05afe023-f8fb-69ab-100f-8d6068c261d8,CHS-05,16,0.012,0,1403
3da4c489-20db-7ccb-3c65-d2f16acffe20,ENG-01,7,0.087,540,4284
3da4c489-20db-7ccb-3c65-d2f16acffe20,TRN-02,10,0.045,158,3029
3da4c489-20db-7ccb-3c65-d2f16acffe20,HYD-03,16,0.029,0,1195
3da4c489-20db-7ccb-3c65-d2f16acffe20,ELEC-04,3,0.046,821,831
3da4c489-20db-7ccb-3c65-d2f16acffe20,CHS-05,13,0.012,0,1500
a40c22a5-1a7a-8081-cd52-0ddc288e9e52,ENG-01,8,0.054,0,4261
a40c22a5-1a7a-8081-cd52-0ddc288e9e52,TRN-02,12,0.033,0,2775
a40c22a5-1a7a-8081-cd52-0ddc288e9e52,HYD-03,8,0.058,1362,1087
a40c22a5-1a7a-8081-cd52-0ddc288e9e52,ELEC-04,13,0.047,413,824
a40c22a5-1a7a-8081-cd52-0ddc288e9e52,CHS-05,6,0.018,0,1385
5d06280d-2dce-0a15-db15-a6cc94991714,ENG-01,5,0.073,0,4631
5d06280d-2dce-0a15-db15-a6cc94991714,TRN-02,5,0.067,0,2799
5d06280d-2dce-0a15-db15-a6cc94991714,HYD-03,11,0.023,595,1209
5d06280d-2dce-0a15-db15-a6cc94991714,ELEC-04,10,0.073,0,845
5d06280d-2dce-0a15-db15-a6cc94991714,CHS-05,13,0.016,0,1532
eef50aed-b538-a804-b332-79d7bf82a69d,ENG-01,15,0.081,1024,4289
eef50aed-b538-a804-b332-79d7bf82a69d,TRN-02,18,0.039,491,2929
eef50aed-b538-a804-b332-79d7bf82a69d,HYD-03,13,0.03,1674,1162
eef50aed-b538-a804-b332-79d7bf82a69d,ELEC-04,15,0.053,2321,859
eef50aed-b538-a804-b332-79d7bf82a69d,CHS-05,18,0.039,1141,1529
68d55427-a586-54b7-83c7-9a1b1da39285,ENG-01,13,0.077,283,4131
68d55427-a586-54b7-83c7-9a1b1da39285,TRN-02,12,0.062,0,2658
68d55427-a586-54b7-83c7-9a1b1da39285,HYD-03,11,0.034,0,1076
68d55427-a586-54b7-83c7-9a1b1da39285,ELEC-04,17,0.077,1067,720
68d55427-a586-54b7-83c7-9a1b1da39285,CHS-05,13,0.02,2063,1323
6dc6749b-7866-b8bf-fc6e-44377369055f,ENG-01,6,0.061,68,4566
6dc6749b-7866-b8bf-fc6e-44377369055f,TRN-02,13,0.044,34,2974
6dc6749b-7866-b8bf-fc6e-44377369055f,HYD-03,12,0.034,0,1195
6dc6749b-7866-b8bf-fc6e-44377369055f,ELEC-04,14,0.069,0,885
6dc6749b-7866-b8bf-fc6e-44377369055f,CHS-05,4,0.028,551,1471
902c94d0-467b-d7ce-4cae-419fa52830f4,ENG-01,3,0.064,0,4484
902c94d0-467b-d7ce-4cae-419fa52830f4,TRN-02,13,0.048,1078,2769
902c94d0-467b-d7ce-4cae-419fa52830f4,HYD-03,8,0.048,418,1180
902c94d0-467b-d7ce-4cae-419fa52830f4,ELEC-04,10,0.042,0,836
902c94d0-467b-d7ce-4cae-419fa52830f4,CHS-05,8,0.038,0,1474
28de6079-e08a-bab5-259e-a4f9ce1d6016,ENG-01,20,0.052,1762,4215
28de6079-e08a-bab5-259e-a4f9ce1d6016,TRN-02,19,0.054,0,2920
28de6079-e08a-bab5-259e-a4f9ce1d6016,HYD-03,21,0.043,18,1168
28de6079-e08a-bab5-259e-a4f9ce1d6016,ELEC-04,21,0.058,482,844
28de6079-e08a-bab5-259e-a4f9ce1d6016,CHS-05,10,0.026,0,1462
d3540822-24c4-37e7-92cb-119a4aa7f71e,ENG-01,15,0.051,1056,4411
d3540822-24c4-37e7-92cb-119a4aa7f71e,TRN-02,16,0.056,0,2945
d3540822-24c4-37e7-92cb-119a4aa7f71e,HYD-03,15,0.046,1931,1139
d3540822-24c4-37e7-92cb-119a4aa7f71e,ELEC-04,21,0.069,3284,867
d3540822-24c4-37e7-92cb-119a4aa7f71e,CHS-05,13,0.047,2039,1425
b5cf8500-0ee4-03c8-a8c6-f7c84603b532,ENG-01,17,0.055,0,3951
b5cf8500-0ee4-03c8-a8c6-f7c84603b532,TRN-02,11,0.03,699,2759
b5cf8500-0ee4-03c8-a8c6-f7c84603b532,HYD-03,15,0.039,1543,1051
b5cf8500-0ee4-03c8-a8c6-f7c84603b532,ELEC-04,12,0.056,944,786
b5cf8500-0ee4-03c8-a8c6-f7c84603b532,CHS-05,17,0.039,159,1391
ca93c567-01b6-ba79-8a8f-fcb807008f48,ENG-01,23,0.071,0,4079
ca93c567-01b6-ba79-8a8f-fcb807008f48,TRN-02,21,0.037,377,2613
ca93c567-01b6-ba79-8a8f-fcb807008f48,HYD-03,18,0.037,0,1058
ca93c567-01b6-ba79-8a8f-fcb807008f48,ELEC-04,11,0.042,0,796
ca93c567-01b6-ba79-8a8f-fcb807008f48,CHS-05,11,0.015,100,1401
a1e9a81f-0263-0b6a-6c37-2f775c6d3c45,ENG-01,10,0.07,369,4215
a1e9a81f-0263-0b6a-6c37-2f775c6d3c45,TRN-02,16,0.047,376,2929
a1e9a81f-0263-0b6a-6c37-2f775c6d3c45,HYD-03,16,0.021,0,1124
a1e9a81f-0263-0b6a-6c37-2f775c6d3c45,ELEC-04,15,0.057,630,868
a1e9a81f-0263-0b6a-6c37-2f775c6d3c45,CHS-05,12,0.035,0,1451
9b9f622f-631b-1764-88ff-14830a641159,ENG-01,20,0.086,5905,4189
9b9f622f-631b-1764-88ff-14830a641159,TRN-02,21,0.037,0,2496
9b9f622f-631b-1764-88ff-14830a641159,HYD-03,23,0.023,3663,1121
9b9f622f-631b-1764-88ff-14830a641159,ELEC-04,13,0.059,0,760
9b9f622f-631b-1764-88ff-14830a641159,CHS-05,12,0.045,5025,1341
13f73de6-6793-7a68-e72e-6d8f39f71dec,ENG-01,12,0.066,2241,4173
13f73de6-6793-7a68-e72e-6d8f39f71dec,TRN-02,17,0.047,0,2534
13f73de6-6793-7a68-e72e-6d8f39f71dec,HYD-03,22,0.057,202,1081
13f73de6-6793-7a68-e72e-6d8f39f71dec,ELEC-04,12,0.053,150,735
13f73de6-6793-7a68-e72e-6d8f39f71dec,CHS-05,13,0.027,591,1354
4f8d6488-5c85-8353-b29b-385a9aa83a88,ENG-01,17,0.086,778,4132
4f8d6488-5c85-8353-b29b-385a9aa83a88,TRN-02,9,0.046,799,2686
4f8d6488-5c85-8353-b29b-385a9aa83a88,HYD-03,12,0.044,0,1053
4f8d6488-5c85-8353-b29b-385a9aa83a88,ELEC-04,12,0.04,1742,781
4f8d6488-5c85-8353-b29b-385a9aa83a88,CHS-05,11,0.04,0,1416
7dade877-6ac9-4f22-3125-68eff1e8c162,ENG-01,18,0.068,986,4271
7dade877-6ac9-4f22-3125-68eff1e8c162,TRN-02,12,0.033,0,2754
7dade877-6ac9-4f22-3125-68eff1e8c162,HYD-03,12,0.024,2520,1091
7dade877-6ac9-4f22-3125-68eff1e8c162,ELEC-04,20,0.065,0,790
7dade877-6ac9-4f22-3125-68eff1e8c162,CHS-05,16,0.02,1146,1384
f91e390d-c911-ebe6-dd10-172e13222f78,ENG-01,12,0.073,3834,4218
f91e390d-c911-ebe6-dd10-172e13222f78,TRN-02,20,0.042,1387,2624
f91e390d-c911-ebe6-dd10-172e13222f78,HYD-03,11,0.034,968,1055
f91e390d-c911-ebe6-dd10-172e13222f78,ELEC-04,16,0.049,1508,749
f91e390d-c911-ebe6-dd10-172e13222f78,CHS-05,15,0.042,2070,1368
4a46e4ca-aeb9-3232-8a76-9cd115730660,ENG-01,13,0.064,67,4099
4a46e4ca-aeb9-3232-8a76-9cd115730660,TRN-02,12,0.065,0,2616
4a46e4ca-aeb9-3232-8a76-9cd115730660,HYD-03,18,0.059,0,1067
4a46e4ca-aeb9-3232-8a76-9cd115730660,ELEC-04,24,0.061,0,757
4a46e4ca-aeb9-3232-8a76-9cd115730660,CHS-05,23,0.033,1440,1370
b50d5fd6-5895-346f-b97d-1f24f0ea168c,ENG-01,21,0.053,639,4263
b50d5fd6-5895-346f-b97d-1f24f0ea168c,TRN-02,15,0.055,192,2674
b50d5fd6-5895-346f-b97d-1f24f0ea168c,HYD-03,21,0.05,882,1057
b50d5fd6-5895-346f-b97d-1f24f0ea168c,ELEC-04,14,0.062,748,750
b50d5fd6-5895-346f-b97d-1f24f0ea168c,CHS-05,25,0.035,1703,1374
68baf948-2f36-c5a5-15bb-e8d12bbcfdfa,ENG-01,11,0.057,3882,4290
68baf948-2f36-c5a5-15bb-e8d12bbcfdfa,TRN-02,19,0.05,2346,2903
68baf948-2f36-c5a5-15bb-e8d12bbcfdfa,HYD-03,18,0.027,0,1160
68baf948-2f36-c5a5-15bb-e8d12bbcfdfa,ELEC-04,23,0.075,380,821
68baf948-2f36-c5a5-15bb-e8d12bbcfdfa,CHS-05,16,0.04,1225,1509
94ce2a17-31f5-f72f-931e-97efc92c7287,ENG-01,14,0.053,1564,4091
94ce2a17-31f5-f72f-931e-97efc92c7287,TRN-02,15,0.065,0,2686
94ce2a17-31f5-f72f-931e-97efc92c7287,HYD-03,23,0.045,399,1076
94ce2a17-31f5-f72f-931e-97efc92c7287,ELEC-04,14,0.056,634,797
94ce2a17-31f5-f72f-931e-97efc92c7287,CHS-05,14,0.038,1371,1379
fe76a3f8-826f-8962-53c2-c290e7ebfde3,ENG-01,15,0.084,281,4558
fe76a3f8-826f-8962-53c2-c290e7ebfde3,TRN-02,12,0.068,1937,3096
fe76a3f8-826f-8962-53c2-c290e7ebfde3,HYD-03,2,0.051,541,1154
fe76a3f8-826f-8962-53c2-c290e7ebfde3,ELEC-04,3,0.055,1202,866
fe76a3f8-826f-8962-53c2-c290e7ebfde3,CHS-05,10,0.032,0,1526
16614383-425d-8f0c-4748-0f0217bc6f2a,ENG-01,12,0.067,0,4385
16614383-425d-8f0c-4748-0f0217bc6f2a,TRN-02,13,0.052,632,3043
16614383-425d-8f0c-4748-0f0217bc6f2a,HYD-03,13,0.039,0,1201
16614383-425d-8f0c-4748-0f0217bc6f2a,ELEC-04,15,0.08,329,899
16614383-425d-8f0c-4748-0f0217bc6f2a,CHS-05,14,0.021,720,1504
237d9503-e41f-a970-76d5-9506f2eddd69,ENG-01,7,0.069,1901,4114
237d9503-e41f-a970-76d5-9506f2eddd69,TRN-02,10,0.054,4506,2767
237d9503-e41f-a970-76d5-9506f2eddd69,HYD-03,11,0.041,3010,1082
237d9503-e41f-a970-76d5-9506f2eddd69,ELEC-04,16,0.049,1032,761
237d9503-e41f-a970-76d5-9506f2eddd69,CHS-05,7,0.014,157,1399
aacca8c7-1cac-1118-76d8-bca15970cf9d,ENG-01,22,0.078,70,4213
aacca8c7-1cac-1118-76d8-bca15970cf9d,TRN-02,23,0.034,0,2595
aacca8c7-1cac-1118-76d8-bca15970cf9d,HYD-03,24,0.034,2799,1039
aacca8c7-1cac-1118-76d8-bca15970cf9d,ELEC-04,25,0.064,1547,786
aacca8c7-1cac-1118-76d8-bca15970cf9d,CHS-05,24,0.042,0,1381
cc03c95c-34e8-cf11-6825-d03a5685cc6a,ENG-01,21,0.054,1299,4476
cc03c95c-34e8-cf11-6825-d03a5685cc6a,TRN-02,19,0.045,125,2601
cc03c95c-34e8-cf11-6825-d03a5685cc6a,HYD-03,8,0.052,673,1130
cc03c95c-34e8-cf11-6825-d03a5685cc6a,ELEC-04,21,0.073,973,772
cc03c95c-34e8-cf11-6825-d03a5685cc6a,CHS-05,8,0.021,0,1408
8b5ece57-ec94-80c7-4d4f-99d2e1c30323,ENG-01,17,0.088,0,4547
8b5ece57-ec94-80c7-4d4f-99d2e1c30323,TRN-02,14,0.048,0,2716
8b5ece57-ec94-80c7-4d4f-99d2e1c30323,HYD-03,16,0.034,0,1118
8b5ece57-ec94-80c7-4d4f-99d2e1c30323,ELEC-04,15,0.041,0,820
8b5ece57-ec94-80c7-4d4f-99d2e1c30323,CHS-05,20,0.033,0,1419
8c26cbe1-6bbe-332f-0ff1-b73751e0137a,ENG-01,14,0.085,0,4559
8c26cbe1-6bbe-332f-0ff1-b73751e0137a,TRN-02,17,0.03,0,2554
8c26cbe1-6bbe-332f-0ff1-b73751e0137a,HYD-03,12,0.028,0,1143
8c26cbe1-6bbe-332f-0ff1-b73751e0137a,ELEC-04,10,0.041,0,830
8c26cbe1-6bbe-332f-0ff1-b73751e0137a,CHS-05,21,0.047,103,1409
112a642a-91eb-84b7-abd5-63a29a65b6f2,ENG-01,13,0.056,1345,4145
112a642a-91eb-84b7-abd5-63a29a65b6f2,TRN-02,25,0.07,1305,2458
112a642a-91eb-84b7-abd5-63a29a65b6f2,HYD-03,12,0.035,1147,1062
112a642a-91eb-84b7-abd5-63a29a65b6f2,ELEC-04,21,0.066,1326,741
112a642a-91eb-84b7-abd5-63a29a65b6f2,CHS-05,20,0.013,0,1413
45d1caef-3bde-d963-d29a-958168acc401,ENG-01,23,0.085,841,4034
45d1caef-3bde-d963-d29a-958168acc401,TRN-02,24,0.066,0,2808
45d1caef-3bde-d963-d29a-958168acc401,HYD-03,20,0.053,16,1074
45d1caef-3bde-d963-d29a-958168acc401,ELEC-04,23,0.051,332,775
45d1caef-3bde-d963-d29a-958168acc401,CHS-05,19,0.02,993,1335
780ced15-af23-1b6a-a828-2bb1e9f77f1b,ENG-01,23,0.054,921,4253
780ced15-af23-1b6a-a828-2bb1e9f77f1b,TRN-02,19,0.068,129,2934
780ced15-af23-1b6a-a828-2bb1e9f77f1b,HYD-03,11,0.021,1299,1134
780ced15-af23-1b6a-a828-2bb1e9f77f1b,ELEC-04,18,0.068,0,837
780ced15-af23-1b6a-a828-2bb1e9f77f1b,CHS-05,9,0.011,1327,1448
c2530ed7-2663-0dc3-40c6-103d73787120,ENG-01,19,0.052,1802,4077
c2530ed7-2663-0dc3-40c6-103d73787120,TRN-02,14,0.046,1568,2819
c2530ed7-2663-0dc3-40c6-103d73787120,HYD-03,11,0.048,1479,1112
c2530ed7-2663-0dc3-40c6-103d73787120,ELEC-04,10,0.046,2531,813
c2530ed7-2663-0dc3-40c6-103d73787120,CHS-05,20,0.027,447,1353
2ea0ae94-10dc-1d7b-874c-a8dbf6676caf,ENG-01,11,0.076,1296,4541
2ea0ae94-10dc-1d7b-874c-a8dbf6676caf,TRN-02,14,0.038,1248,3073
2ea0ae94-10dc-1d7b-874c-a8dbf6676caf,HYD-03,3,0.026,737,1179
2ea0ae94-10dc-1d7b-874c-a8dbf6676caf,ELEC-04,9,0.078,596,893
2ea0ae94-10dc-1d7b-874c-a8dbf6676caf,CHS-05,6,0.013,1986,1506
8dfebb43-bf1f-a361-213b-2112d6d302e9,ENG-01,11,0.063,0,4589
8dfebb43-bf1f-a361-213b-2112d6d302e9,TRN-02,8,0.041,1968,2871
8dfebb43-bf1f-a361-213b-2112d6d302e9,HYD-03,14,0.047,750,1172
8dfebb43-bf1f-a361-213b-2112d6d302e9,ELEC-04,14,0.066,50,855
8dfebb43-bf1f-a361-213b-2112d6d302e9,CHS-05,2,0.013,2200,1527
66ea8f3c-fcad-a2cb-e1b0-1e70896b3ad1,ENG-01,12,0.056,1143,4189
66ea8f3c-fcad-a2cb-e1b0-1e70896b3ad1,TRN-02,21,0.053,888,2842
66ea8f3c-fcad-a2cb-e1b0-1e70896b3ad1,HYD-03,19,0.048,0,1079
66ea8f3c-fcad-a2cb-e1b0-1e70896b3ad1,ELEC-04,15,0.041,1570,806
66ea8f3c-fcad-a2cb-e1b0-1e70896b3ad1,CHS-05,21,0.044,1241,1339
2f97de87-fcae-a8f1-7279-a221f86b4e14,ENG-01,22,0.067,1746,4387
2f97de87-fcae-a8f1-7279-a221f86b4e14,TRN-02,22,0.061,0,2688
2f97de87-fcae-a8f1-7279-a221f86b4e14,HYD-03,17,0.029,558,1060
2f97de87-fcae-a8f1-7279-a221f86b4e14,ELEC-04,16,0.049,1070,809
2f97de87-fcae-a8f1-7279-a221f86b4e14,CHS-05,10,0.015,1760,1446
deaca633-89e6-6e2e-9176-ed9e34607867,ENG-01,12,0.053,241,4112
deaca633-89e6-6e2e-9176-ed9e34607867,TRN-02,19,0.031,0,3008
deaca633-89e6-6e2e-9176-ed9e34607867,HYD-03,21,0.03,833,1114
deaca633-89e6-6e2e-9176-ed9e34607867,ELEC-04,14,0.052,0,832
deaca633-89e6-6e2e-9176-ed9e34607867,CHS-05,11,0.03,781,1439
2ee0c4f3-92a9-68c5-08d3-888ce9b4a000,ENG-01,13,0.082,0,4579
2ee0c4f3-92a9-68c5-08d3-888ce9b4a000,TRN-02,13,0.033,1245,3004
2ee0c4f3-92a9-68c5-08d3-888ce9b4a000,HYD-03,12,0.04,1594,1178
2ee0c4f3-92a9-68c5-08d3-888ce9b4a000,ELEC-04,15,0.054,551,861
2ee0c4f3-92a9-68c5-08d3-888ce9b4a000,CHS-05,15,0.045,0,1505
70372b3d-e4df-f333-6c68-532df062a10a,ENG-01,6,0.059,1062,4418
70372b3d-e4df-f333-6c68-532df062a10a,TRN-02,9,0.037,0,3008
70372b3d-e4df-f333-6c68-532df062a10a,HYD-03,7,0.03,12,1192
70372b3d-e4df-f333-6c68-532df062a10a,ELEC-04,4,0.046,551,839
70372b3d-e4df-f333-6c68-532df062a10a,CHS-05,13,0.014,1208,1583
a8a75ec6-4b8d-2d2f-bdad-7e9952f5b723,ENG-01,11,0.068,0,4256
a8a75ec6-4b8d-2d2f-bdad-7e9952f5b723,TRN-02,21,0.032,366,2855
a8a75ec6-4b8d-2d2f-bdad-7e9952f5b723,HYD-03,19,0.029,142,1140
a8a75ec6-4b8d-2d2f-bdad-7e9952f5b723,ELEC-04,21,0.041,424,807
a8a75ec6-4b8d-2d2f-bdad-7e9952f5b723,CHS-05,20,0.043,1586,1425
ec8ac3e9-3408-ce62-f556-784f0c6545a6,ENG-01,10,0.065,0,4202
ec8ac3e9-3408-ce62-f556-784f0c6545a6,TRN-02,14,0.037,0,2468
ec8ac3e9-3408-ce62-f556-784f0c6545a6,HYD-03,16,0.046,0,1083
ec8ac3e9-3408-ce62-f556-784f0c6545a6,ELEC-04,15,0.063,1441,763
ec8ac3e9-3408-ce62-f556-784f0c6545a6,CHS-05,6,0.01,0,1393
0c19b079-d888-1db3-2c10-1ddc7ec4a118,ENG-01,12,0.06,1194,4398
0c19b079-d888-1db3-2c10-1ddc7ec4a118,TRN-02,8,0.068,200,2854
0c19b079-d888-1db3-2c10-1ddc7ec4a118,HYD-03,17,0.023,0,1059
0c19b079-d888-1db3-2c10-1ddc7ec4a118,ELEC-04,20,0.071,0,813
0c19b079-d888-1db3-2c10-1ddc7ec4a118,CHS-05,13,0.029,0,1440
84fcf0fb-b20e-65d9-46b9-a1887d2ec510,ENG-01,5,0.086,1556,4665
84fcf0fb-b20e-65d9-46b9-a1887d2ec510,TRN-02,7,0.031,2144,2910
84fcf0fb-b20e-65d9-46b9-a1887d2ec510,HYD-03,8,0.055,594,1170
84fcf0fb-b20e-65d9-46b9-a1887d2ec510,ELEC-04,10,0.048,373,858
84fcf0fb-b20e-65d9-46b9-a1887d2ec510,CHS-05,5,0.011,285,1509
b5b5edf9-4d03-b162-3c4e-e333ef1c2685,ENG-01,18,0.065,3449,4328
b5b5edf9-4d03-b162-3c4e-e333ef1c2685,TRN-02,20,0.034,4377,2501
b5b5edf9-4d03-b162-3c4e-e333ef1c2685,HYD-03,11,0.023,1922,1086
b5b5edf9-4d03-b162-3c4e-e333ef1c2685,ELEC-04,19,0.073,2458,766
b5b5edf9-4d03-b162-3c4e-e333ef1c2685,CHS-05,20,0.042,1479,1405
20618694-2e17-efa1-8fc8-5a3825e92e1d,ENG-01,15,0.051,2154,4120
20618694-2e17-efa1-8fc8-5a3825e92e1d,TRN-02,13,0.053,1262,2742
20618694-2e17-efa1-8fc8-5a3825e92e1d,HYD-03,14,0.029,0,1085
20618694-2e17-efa1-8fc8-5a3825e92e1d,ELEC-04,24,0.072,0,785
20618694-2e17-efa1-8fc8-5a3825e92e1d,CHS-05,18,0.043,37,1376
b1cf7390-607d-b395-d9b8-ef882ff4c3b6,ENG-01,14,0.066,0,4529
b1cf7390-607d-b395-d9b8-ef882ff4c3b6,TRN-02,7,0.061,528,3010
b1cf7390-607d-b395-d9b8-ef882ff4c3b6,HYD-03,6,0.033,251,1110
b1cf7390-607d-b395-d9b8-ef882ff4c3b6,ELEC-04,5,0.067,2853,837
b1cf7390-607d-b395-d9b8-ef882ff4c3b6,CHS-05,10,0.041,1822,1525
9395d1ee-6153-1a92-92f8-2a52a4c2bc02,ENG-01,2,0.077,0,4611
9395d1ee-6153-1a92-92f8-2a52a4c2bc02,TRN-02,9,0.049,0,3005
9395d1ee-6153-1a92-92f8-2a52a4c2bc02,HYD-03,13,0.055,1477,1160
9395d1ee-6153-1a92-92f8-2a52a4c2bc02,ELEC-04,8,0.073,3147,845
9395d1ee-6153-1a92-92f8-2a52a4c2bc02,CHS-05,11,0.041,1992,1486
067e9f89-a2f4-c6e7-3acd-3b82fac810bd,ENG-01,7,0.077,0,4234
067e9f89-a2f4-c6e7-3acd-3b82fac810bd,TRN-02,16,0.049,0,2763
067e9f89-a2f4-c6e7-3acd-3b82fac810bd,HYD-03,19,0.034,0,1095
067e9f89-a2f4-c6e7-3acd-3b82fac810bd,ELEC-04,9,0.073,0,810
067e9f89-a2f4-c6e7-3acd-3b82fac810bd,CHS-05,17,0.045,0,1358
808a572c-2b59-8f2a-479e-a06dd127be06,ENG-01,22,0.073,0,4145
808a572c-2b59-8f2a-479e-a06dd127be06,TRN-02,23,0.052,0,2551
808a572c-2b59-8f2a-479e-a06dd127be06,HYD-03,13,0.046,50,1057
808a572c-2b59-8f2a-479e-a06dd127be06,ELEC-04,24,0.064,0,750
808a572c-2b59-8f2a-479e-a06dd127be06,CHS-05,16,0.032,0,1393
2865dc51-40cc-e426-2fed-3586875e0e88,ENG-01,12,0.055,1764,4473
2865dc51-40cc-e426-2fed-3586875e0e88,TRN-02,23,0.041,1792,2826
2865dc51-40cc-e426-2fed-3586875e0e88,HYD-03,19,0.033,0,1144
2865dc51-40cc-e426-2fed-3586875e0e88,ELEC-04,11,0.067,4183,799
2865dc51-40cc-e426-2fed-3586875e0e88,CHS-05,12,0.032,2551,1460
916ca657-d32d-e3cc-b485-f1ae23b7e34d,ENG-01,20,0.057,582,4370
916ca657-d32d-e3cc-b485-f1ae23b7e34d,TRN-02,15,0.057,159,2649
916ca657-d32d-e3cc-b485-f1ae23b7e34d,HYD-03,22,0.03,0,1127
916ca657-d32d-e3cc-b485-f1ae23b7e34d,ELEC-04,10,0.054,0,800
916ca657-d32d-e3cc-b485-f1ae23b7e34d,CHS-05,18,0.033,0,1416
4f569362-1f72-0900-d1ae-ef4c98dbcc64,ENG-01,11,0.051,1242,4174
4f569362-1f72-0900-d1ae-ef4c98dbcc64,TRN-02,16,0.039,534,2766
4f569362-1f72-0900-d1ae-ef4c98dbcc64,HYD-03,16,0.032,0,1064
4f569362-1f72-0900-d1ae-ef4c98dbcc64,ELEC-04,16,0.059,0,776
4f569362-1f72-0900-d1ae-ef4c98dbcc64,CHS-05,13,0.024,0,1391
e2aff070-7649-178e-cf1c-3b807264fbcc,ENG-01,9,0.086,552,4268
e2aff070-7649-178e-cf1c-3b807264fbcc,TRN-02,21,0.064,669,2918
e2aff070-7649-178e-cf1c-3b807264fbcc,HYD-03,18,0.035,131,1150
e2aff070-7649-178e-cf1c-3b807264fbcc,ELEC-04,19,0.048,0,833
e2aff070-7649-178e-cf1c-3b807264fbcc,CHS-05,13,0.01,1365,1438
034c9da3-52c8-94f4-dc48-543c30970a65,ENG-01,20,0.087,0,4131
034c9da3-52c8-94f4-dc48-543c30970a65,TRN-02,7,0.05,0,2581
034c9da3-52c8-94f4-dc48-543c30970a65,HYD-03,14,0.027,0,1101
034c9da3-52c8-94f4-dc48-543c30970a65,ELEC-04,11,0.073,0,793
034c9da3-52c8-94f4-dc48-543c30970a65,CHS-05,13,0.017,0,1388
7c02517a-de19-e5ae-a003-46583f4abb64,ENG-01,21,0.052,3903,4247
7c02517a-de19-e5ae-a003-46583f4abb64,TRN-02,14,0.067,4841,2588
7c02517a-de19-e5ae-a003-46583f4abb64,HYD-03,15,0.055,0,1106
7c02517a-de19-e5ae-a003-46583f4abb64,ELEC-04,10,0.047,5173,783
7c02517a-de19-e5ae-a003-46583f4abb64,CHS-05,22,0.024,0,1433
8464a9e8-5bb4-8427-f82a-7e7f1eeb122f,ENG-01,8,0.07,1929,4631
8464a9e8-5bb4-8427-f82a-7e7f1eeb122f,TRN-02,2,0.048,1844,2712
8464a9e8-5bb4-8427-f82a-7e7f1eeb122f,HYD-03,15,0.06,3448,1202
8464a9e8-5bb4-8427-f82a-7e7f1eeb122f,ELEC-04,12,0.041,1456,852
8464a9e8-5bb4-8427-f82a-7e7f1eeb122f,CHS-05,14,0.047,2360,1496
5499f2a1-54ef-5785-c66f-ca82f0fb014c,ENG-01,15,0.057,2417,4103
5499f2a1-54ef-5785-c66f-ca82f0fb014c,TRN-02,13,0.062,3890,2510
5499f2a1-54ef-5785-c66f-ca82f0fb014c,HYD-03,25,0.06,4354,1105
5499f2a1-54ef-5785-c66f-ca82f0fb014c,ELEC-04,22,0.05,4217,772
5499f2a1-54ef-5785-c66f-ca82f0fb014c,CHS-05,13,0.028,2381,1322
3b3ba543-bc40-7ece-613b-016ba1b12714,ENG-01,2,0.082,3157,4546
3b3ba543-bc40-7ece-613b-016ba1b12714,TRN-02,4,0.036,1070,2971
3b3ba543-bc40-7ece-613b-016ba1b12714,HYD-03,13,0.043,0,1179
3b3ba543-bc40-7ece-613b-016ba1b12714,ELEC-04,12,0.067,0,818
3b3ba543-bc40-7ece-613b-016ba1b12714,CHS-05,13,0.025,771,1453
b4178c19-8ac5-cc4c-1e00-f6215e6e3da5,ENG-01,15,0.073,1887,4316
b4178c19-8ac5-cc4c-1e00-f6215e6e3da5,TRN-02,21,0.064,0,2839
b4178c19-8ac5-cc4c-1e00-f6215e6e3da5,HYD-03,9,0.058,133,1118
b4178c19-8ac5-cc4c-1e00-f6215e6e3da5,ELEC-04,17,0.07,0,815
b4178c19-8ac5-cc4c-1e00-f6215e6e3da5,CHS-05,12,0.042,0,1460
337f9e0a-6c8c-c2c3-fe32-08ba3b2ebebe,ENG-01,15,0.068,0,4274
337f9e0a-6c8c-c2c3-fe32-08ba3b2ebebe,TRN-02,9,0.049,1368,2737
337f9e0a-6c8c-c2c3-fe32-08ba3b2ebebe,HYD-03,9,0.057,0,1163
337f9e0a-6c8c-c2c3-fe32-08ba3b2ebebe,ELEC-04,8,0.072,1011,778
337f9e0a-6c8c-c2c3-fe32-08ba3b2ebebe,CHS-05,22,0.037,0,1445
fbea7817-c0c2-7452-6a9c-576ca0120c23,ENG-01,18,0.054,0,4389
fbea7817-c0c2-7452-6a9c-576ca0120c23,TRN-02,16,0.07,3159,2860
fbea7817-c0c2-7452-6a9c-576ca0120c23,HYD-03,10,0.047,0,1134
fbea7817-c0c2-7452-6a9c-576ca0120c23,ELEC-04,15,0.045,0,858
fbea7817-c0c2-7452-6a9c-576ca0120c23,CHS-05,19,0.02,186,1489
77a5a75d-b47e-53cf-e239-37d822c0748f,ENG-01,24,0.075,884,4158
77a5a75d-b47e-53cf-e239-37d822c0748f,TRN-02,12,0.034,145,2534
77a5a75d-b47e-53cf-e239-37d822c0748f,HYD-03,22,0.051,665,1060
77a5a75d-b47e-53cf-e239-37d822c0748f,ELEC-04,14,0.072,0,762
77a5a75d-b47e-53cf-e239-37d822c0748f,CHS-05,25,0.022,44,1314
b2a7e373-2cad-1e8a-b1b9-8adb2f7986a0,ENG-01,12,0.075,924,4307
b2a7e373-2cad-1e8a-b1b9-8adb2f7986a0,TRN-02,17,0.045,824,2628
b2a7e373-2cad-1e8a-b1b9-8adb2f7986a0,HYD-03,14,0.056,976,1144
b2a7e373-2cad-1e8a-b1b9-8adb2f7986a0,ELEC-04,19,0.067,1690,782
b2a7e373-2cad-1e8a-b1b9-8adb2f7986a0,CHS-05,9,0.027,1425,1398
edea3cd3-5891-e665-f194-0e391cc6a4b7,ENG-01,13,0.07,1715,4132
edea3cd3-5891-e665-f194-0e391cc6a4b7,TRN-02,10,0.04,0,2853
edea3cd3-5891-e665-f194-0e391cc6a4b7,HYD-03,10,0.041,337,1118
edea3cd3-5891-e665-f194-0e391cc6a4b7,ELEC-04,13,0.051,0,790
edea3cd3-5891-e665-f194-0e391cc6a4b7,CHS-05,19,0.038,932,1420
0328a64c-d159-1904-7767-a61b91537cdc,ENG-01,2,0.06,0,4489
0328a64c-d159-1904-7767-a61b91537cdc,TRN-02,4,0.064,0,2994
0328a64c-d159-1904-7767-a61b91537cdc,HYD-03,4,0.051,0,1188
0328a64c-d159-1904-7767-a61b91537cdc,ELEC-04,14,0.058,190,878
0328a64c-d159-1904-7767-a61b91537cdc,CHS-05,9,0.038,2142,1446
e219587d-2b51-ee2d-6f8a-0d8dfd140884,ENG-01,13,0.089,1176,4236
e219587d-2b51-ee2d-6f8a-0d8dfd140884,TRN-02,20,0.063,452,2903
e219587d-2b51-ee2d-6f8a-0d8dfd140884,HYD-03,22,0.059,504,1120
e219587d-2b51-ee2d-6f8a-0d8dfd140884,ELEC-04,17,0.053,0,859
e219587d-2b51-ee2d-6f8a-0d8dfd140884,CHS-05,9,0.022,776,1466
224dc62e-92ac-4679-2f21-df10bf7d1889,ENG-01,13,0.083,0,4382
224dc62e-92ac-4679-2f21-df10bf7d1889,TRN-02,15,0.066,261,2970
224dc62e-92ac-4679-2f21-df10bf7d1889,HYD-03,12,0.041,0,1193
224dc62e-92ac-4679-2f21-df10bf7d1889,ELEC-04,12,0.065,0,889
224dc62e-92ac-4679-2f21-df10bf7d1889,CHS-05,7,0.012,1059,1520
5c19c520-498d-f6b5-8126-b7b9d8bc761a,ENG-01,17,0.057,553,4106
5c19c520-498d-f6b5-8126-b7b9d8bc761a,TRN-02,11,0.037,489,2424
5c19c520-498d-f6b5-8126-b7b9d8bc761a,HYD-03,11,0.027,909,1108
5c19c520-498d-f6b5-8126-b7b9d8bc761a,ELEC-04,20,0.066,0,776
5c19c520-498d-f6b5-8126-b7b9d8bc761a,CHS-05,14,0.025,649,1365
ffbf1dd8-e22d-1f69-8757-4ec0e5128dae,ENG-01,22,0.068,0,4393
ffbf1dd8-e22d-1f69-8757-4ec0e5128dae,TRN-02,13,0.059,859,2790
ffbf1dd8-e22d-1f69-8757-4ec0e5128dae,HYD-03,13,0.046,0,1089
ffbf1dd8-e22d-1f69-8757-4ec0e5128dae,ELEC-04,18,0.072,0,827
ffbf1dd8-e22d-1f69-8757-4ec0e5128dae,CHS-05,14,0.028,0,1389
6aa3e313-cf4d-2525-517b-ca6595bf6102,ENG-01,6,0.074,1385,4341
6aa3e313-cf4d-2525-517b-ca6595bf6102,TRN-02,12,0.037,0,2579
6aa3e313-cf4d-2525-517b-ca6595bf6102,HYD-03,17,0.032,974,1073
6aa3e313-cf4d-2525-517b-ca6595bf6102,ELEC-04,8,0.041,2244,773
6aa3e313-cf4d-2525-517b-ca6595bf6102,CHS-05,10,0.022,0,1359
c60fc8cc-70e5-bdf9-ff76-12cfd8914518,ENG-01,10,0.068,6073,4631
c60fc8cc-70e5-bdf9-ff76-12cfd8914518,TRN-02,5,0.031,0,2812
c60fc8cc-70e5-bdf9-ff76-12cfd8914518,HYD-03,13,0.029,5762,1198
c60fc8cc-70e5-bdf9-ff76-12cfd8914518,ELEC-04,5,0.063,4975,817
c60fc8cc-70e5-bdf9-ff76-12cfd8914518,CHS-05,16,0.035,5209,1452
3065e6d4-0f36-32fb-60bc-7f4bc08bb126,ENG-01,5,0.083,0,4589
3065e6d4-0f36-32fb-60bc-7f4bc08bb126,TRN-02,7,0.04,0,2895
3065e6d4-0f36-32fb-60bc-7f4bc08bb126,HYD-03,11,0.032,611,1167
3065e6d4-0f36-32fb-60bc-7f4bc08bb126,ELEC-04,5,0.048,3604,845
3065e6d4-0f36-32fb-60bc-7f4bc08bb126,CHS-05,2,0.02,0,1528
e0f4e342-def9-c0e5-1862-0f601ee787c9,ENG-01,9,0.079,772,4114
e0f4e342-def9-c0e5-1862-0f601ee787c9,TRN-02,15,0.038,796,2806
e0f4e342-def9-c0e5-1862-0f601ee787c9,HYD-03,14,0.056,0,1130
e0f4e342-def9-c0e5-1862-0f601ee787c9,ELEC-04,10,0.07,0,803
e0f4e342-def9-c0e5-1862-0f601ee787c9,CHS-05,7,0.034,1518,1332
79dde124-f93c-ed5b-4d13-6457e5c2b6d9,ENG-01,9,0.084,0,4496
79dde124-f93c-ed5b-4d13-6457e5c2b6d9,TRN-02,13,0.062,0,2640
79dde124-f93c-ed5b-4d13-6457e5c2b6d9,HYD-03,16,0.027,3769,1115
79dde124-f93c-ed5b-4d13-6457e5c2b6d9,ELEC-04,19,0.04,0,820
79dde124-f93c-ed5b-4d13-6457e5c2b6d9,CHS-05,11,0.037,0,1442
1d50c1d4-52ab-a07c-11bd-f3a43219c836,ENG-01,14,0.069,244,4150
1d50c1d4-52ab-a07c-11bd-f3a43219c836,TRN-02,20,0.057,1228,2558
1d50c1d4-52ab-a07c-11bd-f3a43219c836,HYD-03,18,0.028,0,1121
1d50c1d4-52ab-a07c-11bd-f3a43219c836,ELEC-04,6,0.056,1497,808
1d50c1d4-52ab-a07c-11bd-f3a43219c836,CHS-05,10,0.036,207,1375
1a24b6e9-4bd9-beaa-1bfc-c4ed72e9dcc7,ENG-01,19,0.081,774,4130
1a24b6e9-4bd9-beaa-1bfc-c4ed72e9dcc7,TRN-02,11,0.047,1730,2677
1a24b6e9-4bd9-beaa-1bfc-c4ed72e9dcc7,HYD-03,16,0.025,2190,1063
1a24b6e9-4bd9-beaa-1bfc-c4ed72e9dcc7,ELEC-04,6,0.062,0,843
1a24b6e9-4bd9-beaa-1bfc-c4ed72e9dcc7,CHS-05,11,0.048,2351,1406
f5ba56b1-2a89-e742-ff67-d92fd8403603,ENG-01,7,0.062,339,4078
f5ba56b1-2a89-e742-ff67-d92fd8403603,TRN-02,10,0.066,0,2690
f5ba56b1-2a89-e742-ff67-d92fd8403603,HYD-03,9,0.049,313,1088
f5ba56b1-2a89-e742-ff67-d92fd8403603,ELEC-04,13,0.063,3306,766
f5ba56b1-2a89-e742-ff67-d92fd8403603,CHS-05,13,0.017,0,1370
7207ea85-b32c-c4d5-01d8-674003d2265d,ENG-01,18,0.071,0,4149
7207ea85-b32c-c4d5-01d8-674003d2265d,TRN-02,15,0.035,907,2728
7207ea85-b32c-c4d5-01d8-674003d2265d,HYD-03,10,0.055,869,1109
7207ea85-b32c-c4d5-01d8-674003d2265d,ELEC-04,17,0.064,0,735
7207ea85-b32c-c4d5-01d8-674003d2265d,CHS-05,10,0.022,597,1396
ef8c0691-b0f8-5e58-fd5d-d840bb33b0f6,ENG-01,22,0.052,875,4305
ef8c0691-b0f8-5e58-fd5d-d840bb33b0f6,TRN-02,14,0.058,0,2730
ef8c0691-b0f8-5e58-fd5d-d840bb33b0f6,HYD-03,22,0.055,1164,1107
ef8c0691-b0f8-5e58-fd5d-d840bb33b0f6,ELEC-04,19,0.063,224,816
ef8c0691-b0f8-5e58-fd5d-d840bb33b0f6,CHS-05,22,0.026,184,1435
4d45553e-5cda-570f-6d78-8221252438f8,ENG-01,17,0.072,958,4073
4d45553e-5cda-570f-6d78-8221252438f8,TRN-02,19,0.062,877,2715
4d45553e-5cda-570f-6d78-8221252438f8,HYD-03,25,0.054,1240,1098
4d45553e-5cda-570f-6d78-8221252438f8,ELEC-04,15,0.058,2015,763
4d45553e-5cda-570f-6d78-8221252438f8,CHS-05,11,0.014,601,1350
552fdf33-5c0a-d824-87c6-c4f1b346a6fe,ENG-01,19,0.082,731,4034
552fdf33-5c0a-d824-87c6-c4f1b346a6fe,TRN-02,12,0.041,0,2638
552fdf33-5c0a-d824-87c6-c4f1b346a6fe,HYD-03,16,0.045,228,1034
552fdf33-5c0a-d824-87c6-c4f1b346a6fe,ELEC-04,19,0.045,0,761
552fdf33-5c0a-d824-87c6-c4f1b346a6fe,CHS-05,25,0.034,2032,1342
db27b87e-bc7d-d69b-9b27-6149e070ed97,ENG-01,17,0.069,0,4533
db27b87e-bc7d-d69b-9b27-6149e070ed97,TRN-02,15,0.07,0,2699
db27b87e-bc7d-d69b-9b27-6149e070ed97,HYD-03,11,0.039,0,1098
db27b87e-bc7d-d69b-9b27-6149e070ed97,ELEC-04,12,0.06,0,837
db27b87e-bc7d-d69b-9b27-6149e070ed97,CHS-05,13,0.036,197,1461
6aa8ffa8-9390-51cb-f6c0-5937c337ab33,ENG-01,22,0.057,0,4313
6aa8ffa8-9390-51cb-f6c0-5937c337ab33,TRN-02,24,0.063,0,2662
6aa8ffa8-9390-51cb-f6c0-5937c337ab33,HYD-03,22,0.05,0,1054
6aa8ffa8-9390-51cb-f6c0-5937c337ab33,ELEC-04,23,0.067,0,768
6aa8ffa8-9390-51cb-f6c0-5937c337ab33,CHS-05,16,0.021,0,1391
950ff77f-d8b4-3ff0-6a6d-1f1c994a9234,ENG-01,12,0.062,769,4156
950ff77f-d8b4-3ff0-6a6d-1f1c994a9234,TRN-02,10,0.052,0,2562
950ff77f-d8b4-3ff0-6a6d-1f1c994a9234,HYD-03,10,0.034,1911,1082
950ff77f-d8b4-3ff0-6a6d-1f1c994a9234,ELEC-04,9,0.073,1482,747
950ff77f-d8b4-3ff0-6a6d-1f1c994a9234,CHS-05,9,0.043,88,1446
0888cab8-fd03-9929-3308-3a5b25ddc8f9,ENG-01,16,0.057,0,4209
0888cab8-fd03-9929-3308-3a5b25ddc8f9,TRN-02,25,0.066,0,2695
0888cab8-fd03-9929-3308-3a5b25ddc8f9,HYD-03,18,0.029,3864,1068
0888cab8-fd03-9929-3308-3a5b25ddc8f9,ELEC-04,23,0.068,1337,743
0888cab8-fd03-9929-3308-3a5b25ddc8f9,CHS-05,19,0.014,2195,1341
23f27e7a-2228-ce3a-8262-2b3f634f7fc3,ENG-01,19,0.068,0,4056
23f27e7a-2228-ce3a-8262-2b3f634f7fc3,TRN-02,6,0.056,0,2787
23f27e7a-2228-ce3a-8262-2b3f634f7fc3,HYD-03,20,0.04,0,1098
23f27e7a-2228-ce3a-8262-2b3f634f7fc3,ELEC-04,20,0.066,569,816
23f27e7a-2228-ce3a-8262-2b3f634f7fc3,CHS-05,18,0.02,0,1364
e092e143-4150-0943-0570-c34a5cadebc3,ENG-01,22,0.062,885,4249
e092e143-4150-0943-0570-c34a5cadebc3,TRN-02,9,0.063,0,2869
e092e143-4150-0943-0570-c34a5cadebc3,HYD-03,17,0.053,0,1137
e092e143-4150-0943-0570-c34a5cadebc3,ELEC-04,13,0.053,1156,834
e092e143-4150-0943-0570-c34a5cadebc3,CHS-05,19,0.026,0,1441
6ca9b5a4-4147-f23c-69a0-95095429ba1e,ENG-01,21,0.053,3291,4627
6ca9b5a4-4147-f23c-69a0-95095429ba1e,TRN-02,17,0.054,1455,2866
6ca9b5a4-4147-f23c-69a0-95095429ba1e,HYD-03,23,0.021,3417,1130
6ca9b5a4-4147-f23c-69a0-95095429ba1e,ELEC-04,9,0.048,963,834
6ca9b5a4-4147-f23c-69a0-95095429ba1e,CHS-05,19,0.016,1617,1388
44761daf-85d0-60be-b97a-2ccc94b993e9,ENG-01,7,0.068,463,4021
44761daf-85d0-60be-b97a-2ccc94b993e9,TRN-02,13,0.046,119,2835
44761daf-85d0-60be-b97a-2ccc94b993e9,HYD-03,11,0.047,0,1076
44761daf-85d0-60be-b97a-2ccc94b993e9,ELEC-04,20,0.075,157,853
44761daf-85d0-60be-b97a-2ccc94b993e9,CHS-05,12,0.038,308,1391
e494b215-acc4-4d84-ffbe-d1564940e1b7,ENG-01,14,0.077,0,4007
e494b215-acc4-4d84-ffbe-d1564940e1b7,TRN-02,20,0.049,18,2751
e494b215-acc4-4d84-ffbe-d1564940e1b7,HYD-03,15,0.057,0,1067
e494b215-acc4-4d84-ffbe-d1564940e1b7,ELEC-04,13,0.07,0,808
e494b215-acc4-4d84-ffbe-d1564940e1b7,CHS-05,24,0.011,0,1356
e4bf7d70-ac08-3175-58c3-9bfc361abfd8,ENG-01,17,0.06,0,4131
e4bf7d70-ac08-3175-58c3-9bfc361abfd8,TRN-02,13,0.052,1361,2739
e4bf7d70-ac08-3175-58c3-9bfc361abfd8,HYD-03,10,0.032,1718,1097
e4bf7d70-ac08-3175-58c3-9bfc361abfd8,ELEC-04,17,0.049,3402,787
e4bf7d70-ac08-3175-58c3-9bfc361abfd8,CHS-05,6,0.032,0,1330
779a79fb-de19-99a7-5b11-ca65da77347e,ENG-01,15,0.078,0,4269
779a79fb-de19-99a7-5b11-ca65da77347e,TRN-02,13,0.031,0,2623
779a79fb-de19-99a7-5b11-ca65da77347e,HYD-03,18,0.023,0,1069
779a79fb-de19-99a7-5b11-ca65da77347e,ELEC-04,9,0.066,0,773
779a79fb-de19-99a7-5b11-ca65da77347e,CHS-05,7,0.026,0,1381
f213146f-9d9b-5ba0-1250-53e0e26d1cdf,ENG-01,19,0.083,942,4377
f213146f-9d9b-5ba0-1250-53e0e26d1cdf,TRN-02,11,0.052,0,2861
f213146f-9d9b-5ba0-1250-53e0e26d1cdf,HYD-03,10,0.046,0,1136
f213146f-9d9b-5ba0-1250-53e0e26d1cdf,ELEC-04,12,0.076,54,880
f213146f-9d9b-5ba0-1250-53e0e26d1cdf,CHS-05,13,0.048,0,1492
d62f15da-99c0-aca1-379f-aba763485f1b,ENG-01,3,0.066,2320,4419
d62f15da-99c0-aca1-379f-aba763485f1b,TRN-02,2,0.059,174,3082
d62f15da-99c0-aca1-379f-aba763485f1b,HYD-03,9,0.026,486,1184
d62f15da-99c0-aca1-379f-aba763485f1b,ELEC-04,2,0.043,1067,877
d62f15da-99c0-aca1-379f-aba763485f1b,CHS-05,8,0.018,632,1482
2371f31d-452a-8604-99fa-a7552542e69e,ENG-01,9,0.068,1141,4442
2371f31d-452a-8604-99fa-a7552542e69e,TRN-02,10,0.051,0,2722
2371f31d-452a-8604-99fa-a7552542e69e,HYD-03,18,0.048,248,1099
2371f31d-452a-8604-99fa-a7552542e69e,ELEC-04,10,0.047,3334,832
2371f31d-452a-8604-99fa-a7552542e69e,CHS-05,10,0.039,2816,1432
10a8deee-21e3-1fb7-fd4f-a2aa87cdee0b,ENG-01,9,0.081,0,4530
10a8deee-21e3-1fb7-fd4f-a2aa87cdee0b,TRN-02,13,0.059,915,2926
10a8deee-21e3-1fb7-fd4f-a2aa87cdee0b,HYD-03,5,0.048,0,1177
10a8deee-21e3-1fb7-fd4f-a2aa87cdee0b,ELEC-04,5,0.054,1716,851
10a8deee-21e3-1fb7-fd4f-a2aa87cdee0b,CHS-05,10,0.038,327,1492
c0358d76-7f4c-285e-7d6a-6bbae8551ac3,ENG-01,17,0.082,0,4087
c0358d76-7f4c-285e-7d6a-6bbae8551ac3,TRN-02,24,0.037,0,2569
c0358d76-7f4c-285e-7d6a-6bbae8551ac3,HYD-03,13,0.032,0,1029
c0358d76-7f4c-285e-7d6a-6bbae8551ac3,ELEC-04,25,0.075,0,780
c0358d76-7f4c-285e-7d6a-6bbae8551ac3,CHS-05,25,0.046,0,1330
328bf946-24a5-85a4-9587-ba6e82f7f685,ENG-01,17,0.078,332,4037
328bf946-24a5-85a4-9587-ba6e82f7f685,TRN-02,23,0.032,0,2617
328bf946-24a5-85a4-9587-ba6e82f7f685,HYD-03,14,0.026,310,1081
328bf946-24a5-85a4-9587-ba6e82f7f685,ELEC-04,13,0.041,257,765
328bf946-24a5-85a4-9587-ba6e82f7f685,CHS-05,11,0.04,0,1370
92c0934b-8b4e-8b6d-c964-fe382d981ee5,ENG-01,13,0.054,64,4165
92c0934b-8b4e-8b6d-c964-fe382d981ee5,TRN-02,24,0.066,917,2616
92c0934b-8b4e-8b6d-c964-fe382d981ee5,HYD-03,24,0.02,1539,1060
92c0934b-8b4e-8b6d-c964-fe382d981ee5,ELEC-04,25,0.055,0,777
92c0934b-8b4e-8b6d-c964-fe382d981ee5,CHS-05,15,0.041,1297,1429
e1509091-1f90-2707-9729-016e38a408b1,ENG-01,11,0.06,822,4081
e1509091-1f90-2707-9729-016e38a408b1,TRN-02,23,0.034,0,2713
e1509091-1f90-2707-9729-016e38a408b1,HYD-03,20,0.03,522,1104
e1509091-1f90-2707-9729-016e38a408b1,ELEC-04,14,0.066,347,807
e1509091-1f90-2707-9729-016e38a408b1,CHS-05,21,0.012,973,1360
3a2e9ab2-1e92-1d59-37c7-c09f505206b9,ENG-01,20,0.055,1,4650
3a2e9ab2-1e92-1d59-37c7-c09f505206b9,TRN-02,14,0.06,422,2588
3a2e9ab2-1e92-1d59-37c7-c09f505206b9,HYD-03,19,0.029,590,1144
3a2e9ab2-1e92-1d59-37c7-c09f505206b9,ELEC-04,23,0.053,10,861
3a2e9ab2-1e92-1d59-37c7-c09f505206b9,CHS-05,23,0.033,314,1461
c24285a4-1b8a-f57f-a5bc-e3a3df619e91,ENG-01,21,0.083,0,4443
c24285a4-1b8a-f57f-a5bc-e3a3df619e91,TRN-02,11,0.041,0,2580
c24285a4-1b8a-f57f-a5bc-e3a3df619e91,HYD-03,12,0.024,0,1108
c24285a4-1b8a-f57f-a5bc-e3a3df619e91,ELEC-04,15,0.071,0,790
c24285a4-1b8a-f57f-a5bc-e3a3df619e91,CHS-05,16,0.035,0,1398
a0571f09-9d57-cc22-c312-2f4bcf7186e2,ENG-01,14,0.075,0,4044
a0571f09-9d57-cc22-c312-2f4bcf7186e2,TRN-02,16,0.035,0,2794
a0571f09-9d57-cc22-c312-2f4bcf7186e2,HYD-03,9,0.025,1092,1061
a0571f09-9d57-cc22-c312-2f4bcf7186e2,ELEC-04,15,0.05,0,803
a0571f09-9d57-cc22-c312-2f4bcf7186e2,CHS-05,16,0.014,0,1347
98546f04-b9e2-bce4-9343-780ea570bf63,ENG-01,21,0.082,0,4339
98546f04-b9e2-bce4-9343-780ea570bf63,TRN-02,14,0.046,1066,2668
98546f04-b9e2-bce4-9343-780ea570bf63,HYD-03,12,0.036,0,1092
98546f04-b9e2-bce4-9343-780ea570bf63,ELEC-04,9,0.067,7,801
98546f04-b9e2-bce4-9343-780ea570bf63,CHS-05,17,0.041,2367,1418
2e69ab79-bee6-68b1-e99e-ab7a762e864b,ENG-01,13,0.064,2686,4377
2e69ab79-bee6-68b1-e99e-ab7a762e864b,TRN-02,9,0.059,2683,2558
2e69ab79-bee6-68b1-e99e-ab7a762e864b,HYD-03,15,0.044,3237,1105
2e69ab79-bee6-68b1-e99e-ab7a762e864b,ELEC-04,8,0.058,2280,819
2e69ab79-bee6-68b1-e99e-ab7a762e864b,CHS-05,19,0.012,2427,1435
0d88a505-7c29-446c-7305-3e390843684b,ENG-01,5,0.081,0,4538
0d88a505-7c29-446c-7305-3e390843684b,TRN-02,11,0.069,0,2707
0d88a505-7c29-446c-7305-3e390843684b,HYD-03,10,0.029,0,1154
0d88a505-7c29-446c-7305-3e390843684b,ELEC-04,10,0.063,0,847
0d88a505-7c29-446c-7305-3e390843684b,CHS-05,11,0.05,0,1466
fd3ca3f3-15df-df0a-f899-199298fe7219,ENG-01,16,0.08,0,4220
fd3ca3f3-15df-df0a-f899-199298fe7219,TRN-02,14,0.04,618,2941
fd3ca3f3-15df-df0a-f899-199298fe7219,HYD-03,9,0.058,910,1120
fd3ca3f3-15df-df0a-f899-199298fe7219,ELEC-04,15,0.068,0,813
fd3ca3f3-15df-df0a-f899-199298fe7219,CHS-05,10,0.019,0,1353
2b6e0c07-4fc1-bd03-6896-fdb9ec0bbe66,ENG-01,19,0.071,221,4171
2b6e0c07-4fc1-bd03-6896-fdb9ec0bbe66,TRN-02,8,0.04,1223,2605
2b6e0c07-4fc1-bd03-6896-fdb9ec0bbe66,HYD-03,16,0.021,793,1088
2b6e0c07-4fc1-bd03-6896-fdb9ec0bbe66,ELEC-04,10,0.068,1696,757
2b6e0c07-4fc1-bd03-6896-fdb9ec0bbe66,CHS-05,16,0.036,202,1350
53111cab-e3f8-7acd-fa5c-5779c96966de,ENG-01,21,0.077,0,4452
53111cab-e3f8-7acd-fa5c-5779c96966de,TRN-02,17,0.05,1620,2806
53111cab-e3f8-7acd-fa5c-5779c96966de,HYD-03,8,0.031,0,1091
53111cab-e3f8-7acd-fa5c-5779c96966de,ELEC-04,14,0.064,4638,825
53111cab-e3f8-7acd-fa5c-5779c96966de,CHS-05,13,0.048,668,1460
682b7252-47e3-011a-6b95-4623889bbd30,ENG-01,16,0.07,525,4374
682b7252-47e3-011a-6b95-4623889bbd30,TRN-02,19,0.058,2586,2632
682b7252-47e3-011a-6b95-4623889bbd30,HYD-03,18,0.024,785,1085
682b7252-47e3-011a-6b95-4623889bbd30,ELEC-04,10,0.069,0,778
682b7252-47e3-011a-6b95-4623889bbd30,CHS-05,9,0.045,0,1385
04ae0b41-2e92-131d-f7a0-d9a1d4954c03,ENG-01,21,0.09,914,4320
04ae0b41-2e92-131d-f7a0-d9a1d4954c03,TRN-02,17,0.045,0,2677
04ae0b41-2e92-131d-f7a0-d9a1d4954c03,HYD-03,18,0.057,0,1087
04ae0b41-2e92-131d-f7a0-d9a1d4954c03,ELEC-04,20,0.075,0,775
04ae0b41-2e92-131d-f7a0-d9a1d4954c03,CHS-05,13,0.036,0,1438
1d49686c-e8b8-bce9-1c25-b2a8cbc70c5e,ENG-01,19,0.069,999,4065
1d49686c-e8b8-bce9-1c25-b2a8cbc70c5e,TRN-02,12,0.032,628,2741
1d49686c-e8b8-bce9-1c25-b2a8cbc70c5e,HYD-03,20,0.043,1360,1056
1d49686c-e8b8-bce9-1c25-b2a8cbc70c5e,ELEC-04,22,0.054,0,798
1d49686c-e8b8-bce9-1c25-b2a8cbc70c5e,CHS-05,17,0.019,1360,1346
820f0d20-dac5-765a-53e8-ae83ba8e5559,ENG-01,10,0.052,3604,4393
820f0d20-dac5-765a-53e8-ae83ba8e5559,TRN-02,15,0.064,924,3026
820f0d20-dac5-765a-53e8-ae83ba8e5559,HYD-03,9,0.048,184,1090
820f0d20-dac5-765a-53e8-ae83ba8e5559,ELEC-04,14,0.062,2090,851
820f0d20-dac5-765a-53e8-ae83ba8e5559,CHS-05,13,0.046,0,1407
74e27eca-624d-ecb6-be30-71432dd42bf7,ENG-01,7,0.073,320,4115
74e27eca-624d-ecb6-be30-71432dd42bf7,TRN-02,19,0.066,2232,2842
74e27eca-624d-ecb6-be30-71432dd42bf7,HYD-03,6,0.052,1070,1081
74e27eca-624d-ecb6-be30-71432dd42bf7,ELEC-04,13,0.05,1393,809
74e27eca-624d-ecb6-be30-71432dd42bf7,CHS-05,14,0.02,77,1391
f3bf2578-5ee2-92cc-52a9-5dd1025b2087,ENG-01,6,0.077,1158,4317
f3bf2578-5ee2-92cc-52a9-5dd1025b2087,TRN-02,3,0.059,3389,3026
f3bf2578-5ee2-92cc-52a9-5dd1025b2087,HYD-03,12,0.024,0,1240
f3bf2578-5ee2-92cc-52a9-5dd1025b2087,ELEC-04,4,0.048,1654,825
f3bf2578-5ee2-92cc-52a9-5dd1025b2087,CHS-05,9,0.037,16,1470
da1bbcc1-be0d-7dad-9271-a05cf1de5ff5,ENG-01,11,0.073,2415,4424
da1bbcc1-be0d-7dad-9271-a05cf1de5ff5,TRN-02,19,0.059,506,2673
da1bbcc1-be0d-7dad-9271-a05cf1de5ff5,HYD-03,12,0.042,0,1122
da1bbcc1-be0d-7dad-9271-a05cf1de5ff5,ELEC-04,17,0.054,49,825
da1bbcc1-be0d-7dad-9271-a05cf1de5ff5,CHS-05,21,0.014,1772,1475
43f5332d-6383-da5c-f503-2d93e2da9451,ENG-01,7,0.06,645,4694
43f5332d-6383-da5c-f503-2d93e2da9451,TRN-02,3,0.036,672,2861
43f5332d-6383-da5c-f503-2d93e2da9451,HYD-03,11,0.034,1606,1197
43f5332d-6383-da5c-f503-2d93e2da9451,ELEC-04,15,0.051,1798,849
43f5332d-6383-da5c-f503-2d93e2da9451,CHS-05,12,0.047,0,1499
de0cf65f-9af1-637d-1d0e-b54f734e1b8b,ENG-01,6,0.069,895,4326
de0cf65f-9af1-637d-1d0e-b54f734e1b8b,TRN-02,16,0.055,2030,2986
de0cf65f-9af1-637d-1d0e-b54f734e1b8b,HYD-03,11,0.043,461,1159
de0cf65f-9af1-637d-1d0e-b54f734e1b8b,ELEC-04,12,0.066,0,882
de0cf65f-9af1-637d-1d0e-b54f734e1b8b,CHS-05,16,0.036,0,1550
6efc4ea9-f546-1392-94dd-a8a4588e7009,ENG-01,21,0.068,647,4173
6efc4ea9-f546-1392-94dd-a8a4588e7009,TRN-02,24,0.053,1491,2616
6efc4ea9-f546-1392-94dd-a8a4588e7009,HYD-03,12,0.034,2871,1031
6efc4ea9-f546-1392-94dd-a8a4588e7009,ELEC-04,11,0.065,0,753
6efc4ea9-f546-1392-94dd-a8a4588e7009,CHS-05,11,0.014,0,1339
7688b488-d662-e681-6052-c31f05f1ab57,ENG-01,21,0.075,433,4332
7688b488-d662-e681-6052-c31f05f1ab57,TRN-02,17,0.04,1002,2664
7688b488-d662-e681-6052-c31f05f1ab57,HYD-03,21,0.023,377,1075
7688b488-d662-e681-6052-c31f05f1ab57,ELEC-04,25,0.055,812,752
7688b488-d662-e681-6052-c31f05f1ab57,CHS-05,22,0.043,132,1371
bd3f8c5b-f0fe-7673-8cc2-0fa7499b48bf,ENG-01,11,0.064,1488,4496
bd3f8c5b-f0fe-7673-8cc2-0fa7499b48bf,TRN-02,14,0.032,0,2921
bd3f8c5b-f0fe-7673-8cc2-0fa7499b48bf,HYD-03,6,0.047,1520,1173
bd3f8c5b-f0fe-7673-8cc2-0fa7499b48bf,ELEC-04,11,0.057,1815,810
bd3f8c5b-f0fe-7673-8cc2-0fa7499b48bf,CHS-05,5,0.042,0,1459
6e818998-e9a6-deb1-6960-2a9f22d85c2a,ENG-01,21,0.079,0,4252
6e818998-e9a6-deb1-6960-2a9f22d85c2a,TRN-02,20,0.051,1222,2731
6e818998-e9a6-deb1-6960-2a9f22d85c2a,HYD-03,21,0.054,2983,1116
6e818998-e9a6-deb1-6960-2a9f22d85c2a,ELEC-04,16,0.048,0,832
6e818998-e9a6-deb1-6960-2a9f22d85c2a,CHS-05,17,0.042,0,1462
7182f5e9-4480-8802-584a-039256a5097e,ENG-01,14,0.078,0,4545
7182f5e9-4480-8802-584a-039256a5097e,TRN-02,15,0.033,1866,2834
7182f5e9-4480-8802-584a-039256a5097e,HYD-03,15,0.026,1760,1170
7182f5e9-4480-8802-584a-039256a5097e,ELEC-04,15,0.06,376,853
7182f5e9-4480-8802-584a-039256a5097e,CHS-05,14,0.029,0,1517
b40732bb-0f18-3b37-bfc1-59d67adf37f1,ENG-01,5,0.062,0,4640
b40732bb-0f18-3b37-bfc1-59d67adf37f1,TRN-02,10,0.047,1362,2932
b40732bb-0f18-3b37-bfc1-59d67adf37f1,HYD-03,2,0.051,0,1181
b40732bb-0f18-3b37-bfc1-59d67adf37f1,ELEC-04,14,0.064,0,844
b40732bb-0f18-3b37-bfc1-59d67adf37f1,CHS-05,9,0.012,607,1589
a877d0fe-5d71-d582-ed4a-d54a4c91103d,ENG-01,22,0.075,1011,4402
a877d0fe-5d71-d582-ed4a-d54a4c91103d,TRN-02,12,0.058,1007,2769
a877d0fe-5d71-d582-ed4a-d54a4c91103d,HYD-03,19,0.029,678,1135
a877d0fe-5d71-d582-ed4a-d54a4c91103d,ELEC-04,22,0.07,13,793
a877d0fe-5d71-d582-ed4a-d54a4c91103d,CHS-05,9,0.026,968,1448
9d128c22-7b92-2671-d698-9a80478af0b8,ENG-01,22,0.073,1976,4493
9d128c22-7b92-2671-d698-9a80478af0b8,TRN-02,12,0.044,0,2844
9d128c22-7b92-2671-d698-9a80478af0b8,HYD-03,18,0.031,0,1168
9d128c22-7b92-2671-d698-9a80478af0b8,ELEC-04,19,0.046,0,805
9d128c22-7b92-2671-d698-9a80478af0b8,CHS-05,19,0.014,0,1452
93054198-e5eb-9258-6d62-b5a8b481069a,ENG-01,7,0.054,0,4696
93054198-e5eb-9258-6d62-b5a8b481069a,TRN-02,6,0.059,0,2728
93054198-e5eb-9258-6d62-b5a8b481069a,HYD-03,14,0.021,0,1167
93054198-e5eb-9258-6d62-b5a8b481069a,ELEC-04,9,0.072,0,855
93054198-e5eb-9258-6d62-b5a8b481069a,CHS-05,3,0.032,0,1479
56a35d38-40a5-9ab3-4b16-759d1d96004f,ENG-01,19,0.061,0,4245
56a35d38-40a5-9ab3-4b16-759d1d96004f,TRN-02,12,0.064,1082,2687
56a35d38-40a5-9ab3-4b16-759d1d96004f,HYD-03,19,0.041,897,1061
56a35d38-40a5-9ab3-4b16-759d1d96004f,ELEC-04,20,0.07,0,769
56a35d38-40a5-9ab3-4b16-759d1d96004f,CHS-05,14,0.05,2307,1385
af6b94f8-b74a-6d7b-24b0-14d08283ef3b,ENG-01,20,0.066,0,4064
af6b94f8-b74a-6d7b-24b0-14d08283ef3b,TRN-02,20,0.043,0,2733
af6b94f8-b74a-6d7b-24b0-14d08283ef3b,HYD-03,20,0.045,0,1109
af6b94f8-b74a-6d7b-24b0-14d08283ef3b,ELEC-04,14,0.04,1552,795
af6b94f8-b74a-6d7b-24b0-14d08283ef3b,CHS-05,9,0.042,2374,1370
88e1103a-e102-380e-c7c4-e39ed3f5d441,ENG-01,12,0.054,1506,4404
88e1103a-e102-380e-c7c4-e39ed3f5d441,TRN-02,18,0.07,292,2761
88e1103a-e102-380e-c7c4-e39ed3f5d441,HYD-03,10,0.027,0,1144
88e1103a-e102-380e-c7c4-e39ed3f5d441,ELEC-04,20,0.054,1145,832
88e1103a-e102-380e-c7c4-e39ed3f5d441,CHS-05,20,0.029,0,1420
114fcf03-da33-6e77-5d86-0c11aefb5c0e,ENG-01,7,0.073,2864,4585
114fcf03-da33-6e77-5d86-0c11aefb5c0e,TRN-02,9,0.037,866,3020
114fcf03-da33-6e77-5d86-0c11aefb5c0e,HYD-03,9,0.031,1016,1166
114fcf03-da33-6e77-5d86-0c11aefb5c0e,ELEC-04,16,0.053,114,842
114fcf03-da33-6e77-5d86-0c11aefb5c0e,CHS-05,2,0.029,0,1525
64fc66b1-2095-c319-39b4-863919c5e5aa,ENG-01,11,0.081,1675,4480
64fc66b1-2095-c319-39b4-863919c5e5aa,TRN-02,16,0.036,0,2762
64fc66b1-2095-c319-39b4-863919c5e5aa,HYD-03,15,0.057,0,1149
64fc66b1-2095-c319-39b4-863919c5e5aa,ELEC-04,16,0.054,595,810
64fc66b1-2095-c319-39b4-863919c5e5aa,CHS-05,9,0.046,106,1451
9746c490-36f1-e111-d490-b979d44cd618,ENG-01,12,0.089,0,4556
9746c490-36f1-e111-d490-b979d44cd618,TRN-02,15,0.063,178,2753
9746c490-36f1-e111-d490-b979d44cd618,HYD-03,14,0.048,737,1165
9746c490-36f1-e111-d490-b979d44cd618,ELEC-04,15,0.053,0,819
9746c490-36f1-e111-d490-b979d44cd618,CHS-05,6,0.024,0,1488
f60e3f8c-2dea-56c7-d0bf-8a3417d0fa60,ENG-01,14,0.067,0,4402
f60e3f8c-2dea-56c7-d0bf-8a3417d0fa60,TRN-02,14,0.06,129,2580
f60e3f8c-2dea-56c7-d0bf-8a3417d0fa60,HYD-03,7,0.045,0,1096
f60e3f8c-2dea-56c7-d0bf-8a3417d0fa60,ELEC-04,17,0.04,0,783
f60e3f8c-2dea-56c7-d0bf-8a3417d0fa60,CHS-05,6,0.036,227,1355
53346c19-4e3d-c282-8d59-b18f0c2d23ca,ENG-01,19,0.073,0,4263
53346c19-4e3d-c282-8d59-b18f0c2d23ca,TRN-02,8,0.055,1661,2626
53346c19-4e3d-c282-8d59-b18f0c2d23ca,HYD-03,17,0.053,0,1070
53346c19-4e3d-c282-8d59-b18f0c2d23ca,ELEC-04,8,0.054,0,806
53346c19-4e3d-c282-8d59-b18f0c2d23ca,CHS-05,17,0.015,612,1360
895cae3a-e76b-1042-580c-6c0e2267b6ba,ENG-01,14,0.076,1320,4174
895cae3a-e76b-1042-580c-6c0e2267b6ba,TRN-02,7,0.068,3203,2698
895cae3a-e76b-1042-580c-6c0e2267b6ba,HYD-03,10,0.048,0,1109
895cae3a-e76b-1042-580c-6c0e2267b6ba,ELEC-04,14,0.047,1281,792
895cae3a-e76b-1042-580c-6c0e2267b6ba,CHS-05,9,0.044,1480,1398
154c6b19-d342-4743-db9b-a445cde0fec1,ENG-01,22,0.055,1746,4120
154c6b19-d342-4743-db9b-a445cde0fec1,TRN-02,16,0.064,0,2793
154c6b19-d342-4743-db9b-a445cde0fec1,HYD-03,19,0.047,0,1086
154c6b19-d342-4743-db9b-a445cde0fec1,ELEC-04,22,0.045,0,784
154c6b19-d342-4743-db9b-a445cde0fec1,CHS-05,23,0.014,14,1364
357fad26-9445-08a7-77a1-d67e9f95145e,ENG-01,7,0.06,0,4571
357fad26-9445-08a7-77a1-d67e9f95145e,TRN-02,2,0.047,0,2815
357fad26-9445-08a7-77a1-d67e9f95145e,HYD-03,16,0.027,254,1179
357fad26-9445-08a7-77a1-d67e9f95145e,ELEC-04,13,0.06,1206,823
357fad26-9445-08a7-77a1-d67e9f95145e,CHS-05,9,0.025,1544,1507
f1bfa58d-b6e0-d047-ef0b-63154e720e0a,ENG-01,12,0.088,287,4486
f1bfa58d-b6e0-d047-ef0b-63154e720e0a,TRN-02,18,0.047,1496,2662
f1bfa58d-b6e0-d047-ef0b-63154e720e0a,HYD-03,8,0.035,197,1127
f1bfa58d-b6e0-d047-ef0b-63154e720e0a,ELEC-04,13,0.044,1059,750
f1bfa58d-b6e0-d047-ef0b-63154e720e0a,CHS-05,7,0.023,0,1390
1c9af5f3-e59d-9e12-839a-e4fb80da9b9d,ENG-01,12,0.064,0,4375
1c9af5f3-e59d-9e12-839a-e4fb80da9b9d,TRN-02,20,0.048,64,2800
1c9af5f3-e59d-9e12-839a-e4fb80da9b9d,HYD-03,22,0.057,1847,1123
1c9af5f3-e59d-9e12-839a-e4fb80da9b9d,ELEC-04,16,0.042,193,819
1c9af5f3-e59d-9e12-839a-e4fb80da9b9d,CHS-05,23,0.017,2434,1456
f7987d26-b464-fbcf-06b5-a521261cd7f3,ENG-01,9,0.067,615,4232
f7987d26-b464-fbcf-06b5-a521261cd7f3,TRN-02,8,0.041,0,2637
f7987d26-b464-fbcf-06b5-a521261cd7f3,HYD-03,8,0.051,126,1098
f7987d26-b464-fbcf-06b5-a521261cd7f3,ELEC-04,17,0.063,0,761
f7987d26-b464-fbcf-06b5-a521261cd7f3,CHS-05,13,0.03,0,1414
bdbde946-0663-dce2-5897-8c5e4b534ef9,ENG-01,22,0.089,974,4211
bdbde946-0663-dce2-5897-8c5e4b534ef9,TRN-02,19,0.038,1108,2891
bdbde946-0663-dce2-5897-8c5e4b534ef9,HYD-03,14,0.049,0,1103
bdbde946-0663-dce2-5897-8c5e4b534ef9,ELEC-04,19,0.067,1502,866
bdbde946-0663-dce2-5897-8c5e4b534ef9,CHS-05,18,0.012,33,1412
247fea8b-9289-c7a8-3a40-5e166dfa437f,ENG-01,13,0.081,2085,4562
247fea8b-9289-c7a8-3a40-5e166dfa437f,TRN-02,16,0.049,0,2777
247fea8b-9289-c7a8-3a40-5e166dfa437f,HYD-03,18,0.024,2904,1146
247fea8b-9289-c7a8-3a40-5e166dfa437f,ELEC-04,12,0.049,0,788
247fea8b-9289-c7a8-3a40-5e166dfa437f,CHS-05,11,0.029,1809,1381
ba7f8d75-ad3a-ec93-932b-4b0310df6d2b,ENG-01,11,0.061,234,4190
ba7f8d75-ad3a-ec93-932b-4b0310df6d2b,TRN-02,12,0.043,2220,2604
ba7f8d75-ad3a-ec93-932b-4b0310df6d2b,HYD-03,13,0.025,212,1078
ba7f8d75-ad3a-ec93-932b-4b0310df6d2b,ELEC-04,25,0.066,0,777
ba7f8d75-ad3a-ec93-932b-4b0310df6d2b,CHS-05,12,0.013,492,1303
e5df565f-5b52-7cce-f95b-a2cbd694c806,ENG-01,16,0.088,2129,4243
e5df565f-5b52-7cce-f95b-a2cbd694c806,TRN-02,11,0.068,2251,2515
e5df565f-5b52-7cce-f95b-a2cbd694c806,HYD-03,22,0.036,1575,1080
e5df565f-5b52-7cce-f95b-a2cbd694c806,ELEC-04,14,0.05,0,778
e5df565f-5b52-7cce-f95b-a2cbd694c806,CHS-05,23,0.012,397,1354
16cbdfd4-9541-a366-65a3-7b2ed6fdc0e4,ENG-01,10,0.069,847,4300
16cbdfd4-9541-a366-65a3-7b2ed6fdc0e4,TRN-02,14,0.034,551,3031
16cbdfd4-9541-a366-65a3-7b2ed6fdc0e4,HYD-03,20,0.027,960,1193
16cbdfd4-9541-a366-65a3-7b2ed6fdc0e4,ELEC-04,21,0.074,0,841
16cbdfd4-9541-a366-65a3-7b2ed6fdc0e4,CHS-05,14,0.031,195,1464
7928d7d4-03b9-3b01-783c-d6ceb1560387,ENG-01,11,0.087,0,4508
7928d7d4-03b9-3b01-783c-d6ceb1560387,TRN-02,6,0.05,0,3114
7928d7d4-03b9-3b01-783c-d6ceb1560387,HYD-03,7,0.039,970,1186
7928d7d4-03b9-3b01-783c-d6ceb1560387,ELEC-04,14,0.053,756,839
7928d7d4-03b9-3b01-783c-d6ceb1560387,CHS-05,4,0.018,689,1486
84c648e0-4d2e-ef9b-b7f4-e78284d969ca,ENG-01,11,0.058,382,4057
84c648e0-4d2e-ef9b-b7f4-e78284d969ca,TRN-02,17,0.047,1465,2726
84c648e0-4d2e-ef9b-b7f4-e78284d969ca,HYD-03,7,0.059,476,1079
84c648e0-4d2e-ef9b-b7f4-e78284d969ca,ELEC-04,19,0.043,2122,776
84c648e0-4d2e-ef9b-b7f4-e78284d969ca,CHS-05,13,0.028,1015,1415
542d939b-ad91-7cdb-7a96-1b65b33e4859,ENG-01,6,0.064,0,4580
542d939b-ad91-7cdb-7a96-1b65b33e4859,TRN-02,5,0.054,208,2959
542d939b-ad91-7cdb-7a96-1b65b33e4859,HYD-03,8,0.023,0,1187
542d939b-ad91-7cdb-7a96-1b65b33e4859,ELEC-04,2,0.057,1984,848
542d939b-ad91-7cdb-7a96-1b65b33e4859,CHS-05,2,0.025,1338,1461
ec6b4b41-9c9b-630e-efa4-2bc5a4242168,ENG-01,12,0.082,1837,4415
ec6b4b41-9c9b-630e-efa4-2bc5a4242168,TRN-02,13,0.042,1892,2789
ec6b4b41-9c9b-630e-efa4-2bc5a4242168,HYD-03,17,0.058,1860,1087
ec6b4b41-9c9b-630e-efa4-2bc5a4242168,ELEC-04,19,0.05,0,817
ec6b4b41-9c9b-630e-efa4-2bc5a4242168,CHS-05,17,0.029,977,1450
86509809-6d16-eb03-c14d-d5574b404b25,ENG-01,11,0.051,0,4193
86509809-6d16-eb03-c14d-d5574b404b25,TRN-02,11,0.038,0,2667
86509809-6d16-eb03-c14d-d5574b404b25,HYD-03,18,0.054,0,1070
86509809-6d16-eb03-c14d-d5574b404b25,ELEC-04,20,0.062,0,781
86509809-6d16-eb03-c14d-d5574b404b25,CHS-05,9,0.032,133,1379
99bd6b5c-b23b-fa6e-758d-e3aef53cff99,ENG-01,20,0.067,0,4629
99bd6b5c-b23b-fa6e-758d-e3aef53cff99,TRN-02,10,0.035,0,2692
99bd6b5c-b23b-fa6e-758d-e3aef53cff99,HYD-03,22,0.029,0,1130
99bd6b5c-b23b-fa6e-758d-e3aef53cff99,ELEC-04,11,0.075,0,827
99bd6b5c-b23b-fa6e-758d-e3aef53cff99,CHS-05,16,0.049,0,1447
683c00ce-a774-c1f9-feb3-915a736b8a69,ENG-01,19,0.088,1043,3977
683c00ce-a774-c1f9-feb3-915a736b8a69,TRN-02,20,0.069,0,2719
683c00ce-a774-c1f9-feb3-915a736b8a69,HYD-03,12,0.04,193,1093
683c00ce-a774-c1f9-feb3-915a736b8a69,ELEC-04,11,0.07,1631,786
683c00ce-a774-c1f9-feb3-915a736b8a69,CHS-05,21,0.048,925,1385
891eb22d-615b-0499-af96-e0cc044dde7e,ENG-01,12,0.075,3735,4422
891eb22d-615b-0499-af96-e0cc044dde7e,TRN-02,8,0.033,1334,2698
891eb22d-615b-0499-af96-e0cc044dde7e,HYD-03,19,0.054,0,1070
891eb22d-615b-0499-af96-e0cc044dde7e,ELEC-04,17,0.066,0,763
891eb22d-615b-0499-af96-e0cc044dde7e,CHS-05,8,0.025,0,1394
1fd659a9-2ea9-3dac-7de5-d98db2712319,ENG-01,14,0.071,433,4490
1fd659a9-2ea9-3dac-7de5-d98db2712319,TRN-02,9,0.035,0,2669
1fd659a9-2ea9-3dac-7de5-d98db2712319,HYD-03,16,0.03,2760,1123
1fd659a9-2ea9-3dac-7de5-d98db2712319,ELEC-04,22,0.072,2764,847
1fd659a9-2ea9-3dac-7de5-d98db2712319,CHS-05,9,0.017,3110,1532
3852e99d-e318-e835-fb00-3f9e33bc0181,ENG-01,11,0.076,0,4329
3852e99d-e318-e835-fb00-3f9e33bc0181,TRN-02,14,0.051,0,2836
3852e99d-e318-e835-fb00-3f9e33bc0181,HYD-03,14,0.056,953,1155
3852e99d-e318-e835-fb00-3f9e33bc0181,ELEC-04,14,0.068,1261,797
3852e99d-e318-e835-fb00-3f9e33bc0181,CHS-05,19,0.015,320,1453
dd3e1125-5ee2-c712-4d6d-b639c4e2abff,ENG-01,21,0.08,1439,4490
dd3e1125-5ee2-c712-4d6d-b639c4e2abff,TRN-02,20,0.061,756,2670
dd3e1125-5ee2-c712-4d6d-b639c4e2abff,HYD-03,15,0.024,618,1143
dd3e1125-5ee2-c712-4d6d-b639c4e2abff,ELEC-04,16,0.063,782,817
dd3e1125-5ee2-c712-4d6d-b639c4e2abff,CHS-05,10,0.011,0,1414
2a584fb2-f031-67df-22f9-3bc6d63b810f,ENG-01,11,0.079,0,4642
2a584fb2-f031-67df-22f9-3bc6d63b810f,TRN-02,15,0.041,0,2768
2a584fb2-f031-67df-22f9-3bc6d63b810f,HYD-03,4,0.025,0,1164
2a584fb2-f031-67df-22f9-3bc6d63b810f,ELEC-04,10,0.06,0,844
2a584fb2-f031-67df-22f9-3bc6d63b810f,CHS-05,6,0.012,0,1477
96f36432-656b-afa4-8fc0-1c45ed447b91,ENG-01,9,0.086,0,4503
96f36432-656b-afa4-8fc0-1c45ed447b91,TRN-02,13,0.04,0,3038
96f36432-656b-afa4-8fc0-1c45ed447b91,HYD-03,17,0.046,85,1160
96f36432-656b-afa4-8fc0-1c45ed447b91,ELEC-04,21,0.068,196,887
96f36432-656b-afa4-8fc0-1c45ed447b91,CHS-05,17,0.049,1155,1502
12118aa7-5e05-25d2-e8a6-df63188ba10e,ENG-01,14,0.074,1031,4494
12118aa7-5e05-25d2-e8a6-df63188ba10e,TRN-02,9,0.056,0,2843
12118aa7-5e05-25d2-e8a6-df63188ba10e,HYD-03,12,0.042,0,1143
12118aa7-5e05-25d2-e8a6-df63188ba10e,ELEC-04,12,0.076,315,826
12118aa7-5e05-25d2-e8a6-df63188ba10e,CHS-05,21,0.05,0,1497
7b4522d4-a681-549e-4210-edac67f57995,ENG-01,15,0.06,46,4109
7b4522d4-a681-549e-4210-edac67f57995,TRN-02,18,0.061,10,2736
7b4522d4-a681-549e-4210-edac67f57995,HYD-03,16,0.043,158,1070
7b4522d4-a681-549e-4210-edac67f57995,ELEC-04,14,0.079,957,793
7b4522d4-a681-549e-4210-edac67f57995,CHS-05,17,0.031,139,1399
259b6f97-3ee9-9aa9-7810-0da2a4fb9cae,ENG-01,24,0.068,1348,4128
259b6f97-3ee9-9aa9-7810-0da2a4fb9cae,TRN-02,13,0.069,1048,2660
259b6f97-3ee9-9aa9-7810-0da2a4fb9cae,HYD-03,23,0.027,0,1082
259b6f97-3ee9-9aa9-7810-0da2a4fb9cae,ELEC-04,14,0.071,0,771
259b6f97-3ee9-9aa9-7810-0da2a4fb9cae,CHS-05,12,0.03,27,1312
725bb00e-7850-e743-d4af-6aa43b082398,ENG-01,19,0.077,0,4113
725bb00e-7850-e743-d4af-6aa43b082398,TRN-02,18,0.046,2004,2691
725bb00e-7850-e743-d4af-6aa43b082398,HYD-03,16,0.051,234,1032
725bb00e-7850-e743-d4af-6aa43b082398,ELEC-04,25,0.05,473,774
725bb00e-7850-e743-d4af-6aa43b082398,CHS-05,22,0.031,1983,1329
b91f5ce2-bee7-da2a-edf9-61b07dfb8a92,ENG-01,3,0.071,2968,4441
b91f5ce2-bee7-da2a-edf9-61b07dfb8a92,TRN-02,14,0.047,1196,3043
b91f5ce2-bee7-da2a-edf9-61b07dfb8a92,HYD-03,13,0.041,0,1211
b91f5ce2-bee7-da2a-edf9-61b07dfb8a92,ELEC-04,6,0.052,2236,878
b91f5ce2-bee7-da2a-edf9-61b07dfb8a92,CHS-05,6,0.02,1009,1485
31f58b23-2a42-9090-10e7-19aea47a1cad,ENG-01,9,0.084,3238,4297
31f58b23-2a42-9090-10e7-19aea47a1cad,TRN-02,10,0.044,723,2602
31f58b23-2a42-9090-10e7-19aea47a1cad,HYD-03,17,0.04,0,1098
31f58b23-2a42-9090-10e7-19aea47a1cad,ELEC-04,7,0.047,0,790
31f58b23-2a42-9090-10e7-19aea47a1cad,CHS-05,8,0.044,1562,1421
053e8944-d535-90dd-fd0a-8370c2b19de7,ENG-01,15,0.08,1612,4633
053e8944-d535-90dd-fd0a-8370c2b19de7,TRN-02,4,0.066,1453,2826
053e8944-d535-90dd-fd0a-8370c2b19de7,HYD-03,13,0.028,0,1147
053e8944-d535-90dd-fd0a-8370c2b19de7,ELEC-04,15,0.075,1301,880
053e8944-d535-90dd-fd0a-8370c2b19de7,CHS-05,6,0.036,0,1478
41c5d384-9793-7408-4c7d-2400d029751a,ENG-01,18,0.072,3876,4472
41c5d384-9793-7408-4c7d-2400d029751a,TRN-02,20,0.052,899,2702
41c5d384-9793-7408-4c7d-2400d029751a,HYD-03,17,0.046,1792,1120
41c5d384-9793-7408-4c7d-2400d029751a,ELEC-04,20,0.061,2473,834
41c5d384-9793-7408-4c7d-2400d029751a,CHS-05,19,0.048,1742,1424
6ab96de6-9439-f235-5067-a298b21d146c,ENG-01,22,0.071,2241,4250
6ab96de6-9439-f235-5067-a298b21d146c,TRN-02,20,0.036,1060,2873
6ab96de6-9439-f235-5067-a298b21d146c,HYD-03,18,0.06,0,1114
6ab96de6-9439-f235-5067-a298b21d146c,ELEC-04,11,0.042,2635,809
6ab96de6-9439-f235-5067-a298b21d146c,CHS-05,16,0.041,1640,1399
08e61d07-9f1b-96f7-f06f-2cb84f3204d7,ENG-01,20,0.076,770,4120
08e61d07-9f1b-96f7-f06f-2cb84f3204d7,TRN-02,17,0.061,380,2907
08e61d07-9f1b-96f7-f06f-2cb84f3204d7,HYD-03,17,0.032,0,1138
08e61d07-9f1b-96f7-f06f-2cb84f3204d7,ELEC-04,13,0.058,1045,861
08e61d07-9f1b-96f7-f06f-2cb84f3204d7,CHS-05,14,0.031,84,1512
7adc2c89-f047-7595-bb40-c3c9a11f4af7,ENG-01,8,0.085,611,4400
7adc2c89-f047-7595-bb40-c3c9a11f4af7,TRN-02,9,0.064,0,2665
7adc2c89-f047-7595-bb40-c3c9a11f4af7,HYD-03,8,0.047,582,1104
7adc2c89-f047-7595-bb40-c3c9a11f4af7,ELEC-04,11,0.061,1394,829
7adc2c89-f047-7595-bb40-c3c9a11f4af7,CHS-05,20,0.048,0,1411
6e2784a7-05f2-f068-1914-8db6c0a3a49e,ENG-01,12,0.066,2434,4229
6e2784a7-05f2-f068-1914-8db6c0a3a49e,TRN-02,12,0.04,0,2558
6e2784a7-05f2-f068-1914-8db6c0a3a49e,HYD-03,18,0.055,468,1085
6e2784a7-05f2-f068-1914-8db6c0a3a49e,ELEC-04,11,0.077,712,783
6e2784a7-05f2-f068-1914-8db6c0a3a49e,CHS-05,18,0.025,567,1380
32bf8902-5ca4-9cf7-b7bd-ef7275bb96a4,ENG-01,11,0.055,0,4303
32bf8902-5ca4-9cf7-b7bd-ef7275bb96a4,TRN-02,16,0.036,0,2656
32bf8902-5ca4-9cf7-b7bd-ef7275bb96a4,HYD-03,13,0.026,0,1067
32bf8902-5ca4-9cf7-b7bd-ef7275bb96a4,ELEC-04,13,0.061,488,768
32bf8902-5ca4-9cf7-b7bd-ef7275bb96a4,CHS-05,16,0.03,0,1347
35adb22f-bb8f-a81f-5cf7-4bedda2612fa,ENG-01,16,0.077,0,4273
35adb22f-bb8f-a81f-5cf7-4bedda2612fa,TRN-02,7,0.03,575,2676
35adb22f-bb8f-a81f-5cf7-4bedda2612fa,HYD-03,19,0.05,1132,1072
35adb22f-bb8f-a81f-5cf7-4bedda2612fa,ELEC-04,17,0.061,1568,788
35adb22f-bb8f-a81f-5cf7-4bedda2612fa,CHS-05,12,0.043,553,1431
27a82f0d-af51-70b3-b590-baed96c14c5a,ENG-01,17,0.056,581,4261
27a82f0d-af51-70b3-b590-baed96c14c5a,TRN-02,17,0.047,2030,2931
27a82f0d-af51-70b3-b590-baed96c14c5a,HYD-03,13,0.052,144,1170
27a82f0d-af51-70b3-b590-baed96c14c5a,ELEC-04,18,0.045,0,872
27a82f0d-af51-70b3-b590-baed96c14c5a,CHS-05,18,0.028,993,1439
e634f79c-954c-1dba-6167-d87cdc97db06,ENG-01,21,0.081,846,4051
e634f79c-954c-1dba-6167-d87cdc97db06,TRN-02,16,0.044,0,2798
e634f79c-954c-1dba-6167-d87cdc97db06,HYD-03,12,0.026,1685,1045
e634f79c-954c-1dba-6167-d87cdc97db06,ELEC-04,14,0.042,2392,770
e634f79c-954c-1dba-6167-d87cdc97db06,CHS-05,17,0.034,118,1348
f2764326-9197-967b-0c00-53deee70fdff,ENG-01,17,0.056,0,4188
f2764326-9197-967b-0c00-53deee70fdff,TRN-02,14,0.053,287,2795
f2764326-9197-967b-0c00-53deee70fdff,HYD-03,10,0.03,315,1127
f2764326-9197-967b-0c00-53deee70fdff,ELEC-04,20,0.052,0,833
f2764326-9197-967b-0c00-53deee70fdff,CHS-05,20,0.029,1810,1431
378d710e-45ef-9fcd-25a6-ebcaa903fe8a,ENG-01,12,0.055,0,4198
378d710e-45ef-9fcd-25a6-ebcaa903fe8a,TRN-02,20,0.049,1641,2850
378d710e-45ef-9fcd-25a6-ebcaa903fe8a,HYD-03,6,0.028,1490,1101
378d710e-45ef-9fcd-25a6-ebcaa903fe8a,ELEC-04,15,0.064,3085,840
378d710e-45ef-9fcd-25a6-ebcaa903fe8a,CHS-05,13,0.039,682,1354
26206266-ffb7-97de-a9de-99dda90569d8,ENG-01,19,0.067,0,4526
26206266-ffb7-97de-a9de-99dda90569d8,TRN-02,22,0.051,824,2718
26206266-ffb7-97de-a9de-99dda90569d8,HYD-03,18,0.025,585,1141
26206266-ffb7-97de-a9de-99dda90569d8,ELEC-04,10,0.075,0,841
26206266-ffb7-97de-a9de-99dda90569d8,CHS-05,17,0.015,0,1386
0b5261e7-cd1f-a5f5-645e-e2f0bcd4ba42,ENG-01,18,0.065,148,4411
0b5261e7-cd1f-a5f5-645e-e2f0bcd4ba42,TRN-02,15,0.067,1000,2837
0b5261e7-cd1f-a5f5-645e-e2f0bcd4ba42,HYD-03,9,0.033,51,1099
0b5261e7-cd1f-a5f5-645e-e2f0bcd4ba42,ELEC-04,12,0.074,2283,784
0b5261e7-cd1f-a5f5-645e-e2f0bcd4ba42,CHS-05,14,0.03,193,1487
684bbb75-34c5-adce-f27e-f086e5a3a21a,ENG-01,5,0.084,253,4490
684bbb75-34c5-adce-f27e-f086e5a3a21a,TRN-02,2,0.039,0,2906
684bbb75-34c5-adce-f27e-f086e5a3a21a,HYD-03,7,0.025,0,1149
684bbb75-34c5-adce-f27e-f086e5a3a21a,ELEC-04,10,0.065,184,819
684bbb75-34c5-adce-f27e-f086e5a3a21a,CHS-05,9,0.015,0,1435
d7457db9-cf89-3cbb-6b4f-9aa4e9f5b22b,ENG-01,16,0.08,0,4466
d7457db9-cf89-3cbb-6b4f-9aa4e9f5b22b,TRN-02,12,0.052,0,2935
d7457db9-cf89-3cbb-6b4f-9aa4e9f5b22b,HYD-03,19,0.035,0,1133
d7457db9-cf89-3cbb-6b4f-9aa4e9f5b22b,ELEC-04,21,0.078,0,831
d7457db9-cf89-3cbb-6b4f-9aa4e9f5b22b,CHS-05,15,0.05,2815,1444
dd8befa7-2144-9e85-7f38-a9774231c614,ENG-01,14,0.088,4016,4368
dd8befa7-2144-9e85-7f38-a9774231c614,TRN-02,16,0.041,0,2717
dd8befa7-2144-9e85-7f38-a9774231c614,HYD-03,17,0.026,0,1059
dd8befa7-2144-9e85-7f38-a9774231c614,ELEC-04,8,0.044,0,794
dd8befa7-2144-9e85-7f38-a9774231c614,CHS-05,10,0.042,632,1360
3c4ca956-a030-106a-6502-2addc3c3f413,ENG-01,12,0.063,3048,4517
3c4ca956-a030-106a-6502-2addc3c3f413,TRN-02,9,0.038,38,2871
3c4ca956-a030-106a-6502-2addc3c3f413,HYD-03,18,0.023,0,1135
3c4ca956-a030-106a-6502-2addc3c3f413,ELEC-04,9,0.071,1594,782
3c4ca956-a030-106a-6502-2addc3c3f413,CHS-05,23,0.047,0,1418
0e7c3671-336f-231e-5252-1e4624d96399,ENG-01,12,0.054,0,4260
0e7c3671-336f-231e-5252-1e4624d96399,TRN-02,13,0.053,0,2641
0e7c3671-336f-231e-5252-1e4624d96399,HYD-03,6,0.046,1532,1073
0e7c3671-336f-231e-5252-1e4624d96399,ELEC-04,14,0.069,1493,809
0e7c3671-336f-231e-5252-1e4624d96399,CHS-05,8,0.026,4543,1431
062f542d-0be4-860f-f3d1-dda2e48612b1,ENG-01,22,0.06,266,4013
062f542d-0be4-860f-f3d1-dda2e48612b1,TRN-02,17,0.062,419,2781
062f542d-0be4-860f-f3d1-dda2e48612b1,HYD-03,13,0.027,0,1060
062f542d-0be4-860f-f3d1-dda2e48612b1,ELEC-04,22,0.069,1102,795
062f542d-0be4-860f-f3d1-dda2e48612b1,CHS-05,21,0.026,183,1290
44b80310-bd0d-9cbf-2a1a-6f93edd26ca6,ENG-01,10,0.06,673,4250
44b80310-bd0d-9cbf-2a1a-6f93edd26ca6,TRN-02,14,0.055,3314,2908
44b80310-bd0d-9cbf-2a1a-6f93edd26ca6,HYD-03,14,0.025,0,1140
44b80310-bd0d-9cbf-2a1a-6f93edd26ca6,ELEC-04,19,0.062,729,835
44b80310-bd0d-9cbf-2a1a-6f93edd26ca6,CHS-05,20,0.031,1053,1460
00ec02d3-3b05-253a-4831-ec0c000430e3,ENG-01,8,0.082,728,4579
00ec02d3-3b05-253a-4831-ec0c000430e3,TRN-02,21,0.066,49,2886
00ec02d3-3b05-253a-4831-ec0c000430e3,HYD-03,9,0.052,1235,1123
00ec02d3-3b05-253a-4831-ec0c000430e3,ELEC-04,13,0.051,1583,820
00ec02d3-3b05-253a-4831-ec0c000430e3,CHS-05,18,0.033,503,1454
f48987cf-c7ad-790a-cea2-994a5a30d134,ENG-01,19,0.067,565,4244
f48987cf-c7ad-790a-cea2-994a5a30d134,TRN-02,19,0.035,647,3025
f48987cf-c7ad-790a-cea2-994a5a30d134,HYD-03,15,0.045,999,1126
f48987cf-c7ad-790a-cea2-994a5a30d134,ELEC-04,12,0.052,201,842
f48987cf-c7ad-790a-cea2-994a5a30d134,CHS-05,22,0.022,1214,1438
da404228-a0d5-a902-d787-d67a3c578d89,ENG-01,22,0.085,0,4560
da404228-a0d5-a902-d787-d67a3c578d89,TRN-02,18,0.05,446,2490
da404228-a0d5-a902-d787-d67a3c578d89,HYD-03,22,0.025,0,1115
da404228-a0d5-a902-d787-d67a3c578d89,ELEC-04,13,0.079,0,822
da404228-a0d5-a902-d787-d67a3c578d89,CHS-05,19,0.038,0,1398
1a02e82e-075e-3aae-7d50-5575cb07c581,ENG-01,3,0.055,2380,4536
1a02e82e-075e-3aae-7d50-5575cb07c581,TRN-02,16,0.032,3718,2801
1a02e82e-075e-3aae-7d50-5575cb07c581,HYD-03,2,0.04,2344,1183
1a02e82e-075e-3aae-7d50-5575cb07c581,ELEC-04,7,0.069,3644,868
1a02e82e-075e-3aae-7d50-5575cb07c581,CHS-05,9,0.016,4256,1512
1064a35e-98b3-d49a-5d1e-d7afe1ffe9d0,ENG-01,20,0.053,138,4191
1064a35e-98b3-d49a-5d1e-d7afe1ffe9d0,TRN-02,17,0.03,231,2811
1064a35e-98b3-d49a-5d1e-d7afe1ffe9d0,HYD-03,13,0.032,0,1096
1064a35e-98b3-d49a-5d1e-d7afe1ffe9d0,ELEC-04,11,0.047,945,818
1064a35e-98b3-d49a-5d1e-d7afe1ffe9d0,CHS-05,11,0.049,900,1359
79f405e8-fa5b-dd7d-4424-04dc35b3c202,ENG-01,6,0.07,875,4124
79f405e8-fa5b-dd7d-4424-04dc35b3c202,TRN-02,18,0.04,496,2820
79f405e8-fa5b-dd7d-4424-04dc35b3c202,HYD-03,19,0.021,0,1093
79f405e8-fa5b-dd7d-4424-04dc35b3c202,ELEC-04,6,0.053,673,805
79f405e8-fa5b-dd7d-4424-04dc35b3c202,CHS-05,19,0.037,0,1360
66f2f04a-0b1f-3b71-6c8c-3f39caf3e7d8,ENG-01,20,0.051,0,4273
66f2f04a-0b1f-3b71-6c8c-3f39caf3e7d8,TRN-02,20,0.057,0,2756
66f2f04a-0b1f-3b71-6c8c-3f39caf3e7d8,HYD-03,10,0.045,0,1089
66f2f04a-0b1f-3b71-6c8c-3f39caf3e7d8,ELEC-04,17,0.076,1100,762
66f2f04a-0b1f-3b71-6c8c-3f39caf3e7d8,CHS-05,7,0.035,739,1371
e0ec8d4e-23c5-677d-a270-32e884cec720,ENG-01,23,0.052,643,4036
e0ec8d4e-23c5-677d-a270-32e884cec720,TRN-02,18,0.056,1914,2779
e0ec8d4e-23c5-677d-a270-32e884cec720,HYD-03,18,0.051,1152,1042
e0ec8d4e-23c5-677d-a270-32e884cec720,ELEC-04,11,0.046,362,828
e0ec8d4e-23c5-677d-a270-32e884cec720,CHS-05,14,0.029,1301,1367
b9c11d08-effa-4b15-e532-d45db34302e7,ENG-01,16,0.069,109,4172
b9c11d08-effa-4b15-e532-d45db34302e7,TRN-02,10,0.065,1170,2883
b9c11d08-effa-4b15-e532-d45db34302e7,HYD-03,12,0.036,400,1169
b9c11d08-effa-4b15-e532-d45db34302e7,ELEC-04,18,0.054,241,875
b9c11d08-effa-4b15-e532-d45db34302e7,CHS-05,13,0.013,866,1531
e440d7f8-3351-ca17-376f-510398265848,ENG-01,12,0.057,1171,4311
e440d7f8-3351-ca17-376f-510398265848,TRN-02,11,0.065,0,2987
e440d7f8-3351-ca17-376f-510398265848,HYD-03,9,0.034,0,1121
e440d7f8-3351-ca17-376f-510398265848,ELEC-04,14,0.079,2714,819
e440d7f8-3351-ca17-376f-510398265848,CHS-05,22,0.031,432,1403
21dc5112-00d7-3bb9-1299-45ac332eae7d,ENG-01,21,0.079,0,4347
21dc5112-00d7-3bb9-1299-45ac332eae7d,TRN-02,9,0.034,0,2586
21dc5112-00d7-3bb9-1299-45ac332eae7d,HYD-03,16,0.049,0,1111
21dc5112-00d7-3bb9-1299-45ac332eae7d,ELEC-04,13,0.046,0,826
21dc5112-00d7-3bb9-1299-45ac332eae7d,CHS-05,22,0.03,0,1479
9b78afcc-acf6-58e2-73c6-8512b4eace87,ENG-01,25,0.084,50,4086
9b78afcc-acf6-58e2-73c6-8512b4eace87,TRN-02,22,0.06,882,2701
9b78afcc-acf6-58e2-73c6-8512b4eace87,HYD-03,11,0.033,478,1071
9b78afcc-acf6-58e2-73c6-8512b4eace87,ELEC-04,21,0.051,2401,795
9b78afcc-acf6-58e2-73c6-8512b4eace87,CHS-05,18,0.015,0,1363
8200fb01-cd91-a7fa-d160-98e801198c03,ENG-01,15,0.082,0,4461
8200fb01-cd91-a7fa-d160-98e801198c03,TRN-02,13,0.047,0,2978
8200fb01-cd91-a7fa-d160-98e801198c03,HYD-03,23,0.037,0,1173
8200fb01-cd91-a7fa-d160-98e801198c03,ELEC-04,23,0.061,1226,852
8200fb01-cd91-a7fa-d160-98e801198c03,CHS-05,18,0.018,0,1464
023a7a15-1023-8819-0d2e-432c1fe1fafa,ENG-01,17,0.06,0,4433
023a7a15-1023-8819-0d2e-432c1fe1fafa,TRN-02,10,0.064,0,2524
023a7a15-1023-8819-0d2e-432c1fe1fafa,HYD-03,16,0.026,0,1171
023a7a15-1023-8819-0d2e-432c1fe1fafa,ELEC-04,13,0.069,0,850
023a7a15-1023-8819-0d2e-432c1fe1fafa,CHS-05,22,0.03,0,1397
824573b1-7d23-9061-7e5e-7dc9f1e36a4a,ENG-01,23,0.08,975,4180
824573b1-7d23-9061-7e5e-7dc9f1e36a4a,TRN-02,21,0.067,1631,2756
824573b1-7d23-9061-7e5e-7dc9f1e36a4a,HYD-03,13,0.048,881,1067
824573b1-7d23-9061-7e5e-7dc9f1e36a4a,ELEC-04,24,0.047,212,788
824573b1-7d23-9061-7e5e-7dc9f1e36a4a,CHS-05,12,0.046,0,1304
befc2eb1-0876-ee5b-74bb-ca34e8a4154d,ENG-01,11,0.068,805,4236
befc2eb1-0876-ee5b-74bb-ca34e8a4154d,TRN-02,9,0.068,2152,2641
befc2eb1-0876-ee5b-74bb-ca34e8a4154d,HYD-03,9,0.026,1180,1079
befc2eb1-0876-ee5b-74bb-ca34e8a4154d,ELEC-04,12,0.061,2071,795
befc2eb1-0876-ee5b-74bb-ca34e8a4154d,CHS-05,9,0.023,2468,1371
d7f03f84-a53b-cdc9-11b2-07f99f3ce11f,ENG-01,17,0.079,3796,4354
d7f03f84-a53b-cdc9-11b2-07f99f3ce11f,TRN-02,16,0.062,4662,2557
d7f03f84-a53b-cdc9-11b2-07f99f3ce11f,HYD-03,11,0.02,2371,1119
d7f03f84-a53b-cdc9-11b2-07f99f3ce11f,ELEC-04,15,0.068,4023,844
d7f03f84-a53b-cdc9-11b2-07f99f3ce11f,CHS-05,10,0.015,3090,1430
8ac2d9aa-5724-90e9-539a-a80c58ae35b1,ENG-01,19,0.06,0,4510
8ac2d9aa-5724-90e9-539a-a80c58ae35b1,TRN-02,16,0.031,0,2687
8ac2d9aa-5724-90e9-539a-a80c58ae35b1,HYD-03,15,0.035,0,1121
8ac2d9aa-5724-90e9-539a-a80c58ae35b1,ELEC-04,10,0.042,0,825
8ac2d9aa-5724-90e9-539a-a80c58ae35b1,CHS-05,21,0.016,0,1482
f3b5ac18-d5c1-ab28-44f8-6c0547da514a,ENG-01,10,0.07,1203,4584
f3b5ac18-d5c1-ab28-44f8-6c0547da514a,TRN-02,13,0.068,2903,2988
f3b5ac18-d5c1-ab28-44f8-6c0547da514a,HYD-03,16,0.023,2171,1188
f3b5ac18-d5c1-ab28-44f8-6c0547da514a,ELEC-04,9,0.071,0,805
f3b5ac18-d5c1-ab28-44f8-6c0547da514a,CHS-05,6,0.033,0,1495
1fa7cb41-a878-1619-924e-a83e024757d7,ENG-01,12,0.053,0,4391
1fa7cb41-a878-1619-924e-a83e024757d7,TRN-02,8,0.039,662,2925
1fa7cb41-a878-1619-924e-a83e024757d7,HYD-03,14,0.039,0,1134
1fa7cb41-a878-1619-924e-a83e024757d7,ELEC-04,12,0.046,2667,876
1fa7cb41-a878-1619-924e-a83e024757d7,CHS-05,15,0.031,1590,1446
48cac45e-d6ab-2327-a026-878d9f811b81,ENG-01,6,0.088,862,4083
48cac45e-d6ab-2327-a026-878d9f811b81,TRN-02,14,0.031,648,2837
48cac45e-d6ab-2327-a026-878d9f811b81,HYD-03,16,0.053,1018,1110
48cac45e-d6ab-2327-a026-878d9f811b81,ELEC-04,13,0.066,1198,852
48cac45e-d6ab-2327-a026-878d9f811b81,CHS-05,12,0.05,1041,1397
dfc5b4af-62c2-5491-c949-38e8507032a6,ENG-01,7,0.056,0,4481
dfc5b4af-62c2-5491-c949-38e8507032a6,TRN-02,12,0.046,0,3031
dfc5b4af-62c2-5491-c949-38e8507032a6,HYD-03,16,0.052,0,1164
dfc5b4af-62c2-5491-c949-38e8507032a6,ELEC-04,16,0.044,566,850
dfc5b4af-62c2-5491-c949-38e8507032a6,CHS-05,6,0.019,0,1416
4b0e5262-508c-7394-b6d7-d61570cbdc50,ENG-01,21,0.063,1620,4381
4b0e5262-508c-7394-b6d7-d61570cbdc50,TRN-02,19,0.05,1642,2871
4b0e5262-508c-7394-b6d7-d61570cbdc50,HYD-03,23,0.054,4,1160
4b0e5262-508c-7394-b6d7-d61570cbdc50,ELEC-04,10,0.077,489,886
4b0e5262-508c-7394-b6d7-d61570cbdc50,CHS-05,9,0.038,1512,1492
a4f3cb1c-9255-127a-6984-3ee537294ccb,ENG-01,16,0.085,0,4580
a4f3cb1c-9255-127a-6984-3ee537294ccb,TRN-02,3,0.065,0,2707
a4f3cb1c-9255-127a-6984-3ee537294ccb,HYD-03,11,0.041,0,1196
a4f3cb1c-9255-127a-6984-3ee537294ccb,ELEC-04,9,0.046,0,842
a4f3cb1c-9255-127a-6984-3ee537294ccb,CHS-05,13,0.02,0,1485
8e13e2fa-df96-dd41-0321-6468a9af73c0,ENG-01,19,0.073,2603,4365
8e13e2fa-df96-dd41-0321-6468a9af73c0,TRN-02,9,0.049,0,2883
8e13e2fa-df96-dd41-0321-6468a9af73c0,HYD-03,23,0.022,2138,1110
8e13e2fa-df96-dd41-0321-6468a9af73c0,ELEC-04,17,0.07,1712,864
8e13e2fa-df96-dd41-0321-6468a9af73c0,CHS-05,18,0.035,198,1418
a7db7061-e9a6-6db6-449e-2e3ca5388ef5,ENG-01,19,0.054,0,4260
a7db7061-e9a6-6db6-449e-2e3ca5388ef5,TRN-02,8,0.034,479,2973
a7db7061-e9a6-6db6-449e-2e3ca5388ef5,HYD-03,11,0.028,458,1115
a7db7061-e9a6-6db6-449e-2e3ca5388ef5,ELEC-04,12,0.068,0,863
a7db7061-e9a6-6db6-449e-2e3ca5388ef5,CHS-05,21,0.035,1205,1461
114722bd-34e3-1552-8578-e72cbf7cfd16,ENG-01,20,0.075,1821,4020
114722bd-34e3-1552-8578-e72cbf7cfd16,TRN-02,16,0.056,0,2500
114722bd-34e3-1552-8578-e72cbf7cfd16,HYD-03,12,0.046,0,1070
114722bd-34e3-1552-8578-e72cbf7cfd16,ELEC-04,25,0.046,302,736
114722bd-34e3-1552-8578-e72cbf7cfd16,CHS-05,24,0.048,1210,1324
bd68bd63-0938-34a7-a932-34919fe9eacd,ENG-01,17,0.089,5243,4637
bd68bd63-0938-34a7-a932-34919fe9eacd,TRN-02,20,0.062,7057,2638
bd68bd63-0938-34a7-a932-34919fe9eacd,HYD-03,19,0.045,7220,1153
bd68bd63-0938-34a7-a932-34919fe9eacd,ELEC-04,9,0.069,0,829
bd68bd63-0938-34a7-a932-34919fe9eacd,CHS-05,21,0.049,0,1436
ab4d348d-3af2-9019-bee1-992ca5f12086,ENG-01,9,0.08,0,4363
ab4d348d-3af2-9019-bee1-992ca5f12086,TRN-02,10,0.062,0,2956
ab4d348d-3af2-9019-bee1-992ca5f12086,HYD-03,19,0.021,0,1132
ab4d348d-3af2-9019-bee1-992ca5f12086,ELEC-04,21,0.049,1700,834
ab4d348d-3af2-9019-bee1-992ca5f12086,CHS-05,17,0.025,660,1408
e2f84627-f1c1-b785-3df6-eb5cec46e6f6,ENG-01,6,0.076,0,4273
e2f84627-f1c1-b785-3df6-eb5cec46e6f6,TRN-02,18,0.068,0,2510
e2f84627-f1c1-b785-3df6-eb5cec46e6f6,HYD-03,9,0.022,0,1089
e2f84627-f1c1-b785-3df6-eb5cec46e6f6,ELEC-04,17,0.064,0,787
e2f84627-f1c1-b785-3df6-eb5cec46e6f6,CHS-05,20,0.03,1195,1364
77e20ede-64b1-4832-e988-db92b7f298b1,ENG-01,14,0.073,0,4396
77e20ede-64b1-4832-e988-db92b7f298b1,TRN-02,21,0.047,716,2564
77e20ede-64b1-4832-e988-db92b7f298b1,HYD-03,13,0.037,36,1070
77e20ede-64b1-4832-e988-db92b7f298b1,ELEC-04,11,0.078,932,758
77e20ede-64b1-4832-e988-db92b7f298b1,CHS-05,23,0.046,0,1344
dfc1ebf5-4960-a428-b0ed-17b95a147513,ENG-01,22,0.067,0,4160
dfc1ebf5-4960-a428-b0ed-17b95a147513,TRN-02,15,0.056,699,2429
dfc1ebf5-4960-a428-b0ed-17b95a147513,HYD-03,15,0.052,0,1035
dfc1ebf5-4960-a428-b0ed-17b95a147513,ELEC-04,16,0.062,2859,754
dfc1ebf5-4960-a428-b0ed-17b95a147513,CHS-05,13,0.029,0,1358
1f5badb9-62e5-9f30-0a24-df936d98ec89,ENG-01,9,0.063,847,4188
1f5badb9-62e5-9f30-0a24-df936d98ec89,TRN-02,16,0.049,579,2826
1f5badb9-62e5-9f30-0a24-df936d98ec89,HYD-03,7,0.024,0,1116
1f5badb9-62e5-9f30-0a24-df936d98ec89,ELEC-04,16,0.075,0,786
1f5badb9-62e5-9f30-0a24-df936d98ec89,CHS-05,8,0.039,1234,1390
e072135f-9480-ec93-0d4a-fb1c3ab3a9ce,ENG-01,16,0.086,0,4253
e072135f-9480-ec93-0d4a-fb1c3ab3a9ce,TRN-02,10,0.049,0,2875
e072135f-9480-ec93-0d4a-fb1c3ab3a9ce,HYD-03,21,0.021,2499,1125
e072135f-9480-ec93-0d4a-fb1c3ab3a9ce,ELEC-04,12,0.057,582,858
e072135f-9480-ec93-0d4a-fb1c3ab3a9ce,CHS-05,12,0.036,2076,1445
6aceea8d-d43e-301d-5025-4930b40e64d4,ENG-01,10,0.052,1450,4111
6aceea8d-d43e-301d-5025-4930b40e64d4,TRN-02,18,0.033,1984,2901
6aceea8d-d43e-301d-5025-4930b40e64d4,HYD-03,13,0.026,808,1085
6aceea8d-d43e-301d-5025-4930b40e64d4,ELEC-04,17,0.058,543,849
6aceea8d-d43e-301d-5025-4930b40e64d4,CHS-05,9,0.011,788,1376
f0902869-ed12-6cb8-5ec9-e33691c206cd,ENG-01,22,0.071,357,4485
f0902869-ed12-6cb8-5ec9-e33691c206cd,TRN-02,18,0.067,0,2829
f0902869-ed12-6cb8-5ec9-e33691c206cd,HYD-03,8,0.044,1156,1127
f0902869-ed12-6cb8-5ec9-e33691c206cd,ELEC-04,16,0.047,0,830
f0902869-ed12-6cb8-5ec9-e33691c206cd,CHS-05,12,0.03,791,1399
c83ea98d-83ef-8182-8826-c5419607c9fb,ENG-01,20,0.086,550,4256
c83ea98d-83ef-8182-8826-c5419607c9fb,TRN-02,23,0.054,0,2932
c83ea98d-83ef-8182-8826-c5419607c9fb,HYD-03,17,0.042,0,1138
c83ea98d-83ef-8182-8826-c5419607c9fb,ELEC-04,21,0.064,0,863
c83ea98d-83ef-8182-8826-c5419607c9fb,CHS-05,22,0.012,0,1503
7a661f38-9217-670f-3bb5-97905c292516,ENG-01,7,0.08,638,4503
7a661f38-9217-670f-3bb5-97905c292516,TRN-02,13,0.041,0,2954
7a661f38-9217-670f-3bb5-97905c292516,HYD-03,11,0.043,339,1174
7a661f38-9217-670f-3bb5-97905c292516,ELEC-04,7,0.057,1203,833
7a661f38-9217-670f-3bb5-97905c292516,CHS-05,14,0.019,0,1475
e3ec455f-3685-6abe-f3d9-6e76073e1919,ENG-01,16,0.082,0,4479
e3ec455f-3685-6abe-f3d9-6e76073e1919,TRN-02,12,0.068,0,2731
e3ec455f-3685-6abe-f3d9-6e76073e1919,HYD-03,11,0.034,0,1187
e3ec455f-3685-6abe-f3d9-6e76073e1919,ELEC-04,10,0.051,436,810
e3ec455f-3685-6abe-f3d9-6e76073e1919,CHS-05,17,0.032,0,1506
b21e43b1-03a6-5892-dc88-f3e4d4a573ee,ENG-01,11,0.089,1824,4181
b21e43b1-03a6-5892-dc88-f3e4d4a573ee,TRN-02,15,0.039,0,2644
b21e43b1-03a6-5892-dc88-f3e4d4a573ee,HYD-03,18,0.044,3376,1085
b21e43b1-03a6-5892-dc88-f3e4d4a573ee,ELEC-04,7,0.05,1219,768
b21e43b1-03a6-5892-dc88-f3e4d4a573ee,CHS-05,17,0.04,0,1407
4602cc6e-fe41-af03-4d16-91a8b00a8cf6,ENG-01,17,0.084,1443,4345
4602cc6e-fe41-af03-4d16-91a8b00a8cf6,TRN-02,12,0.058,0,2975
4602cc6e-fe41-af03-4d16-91a8b00a8cf6,HYD-03,16,0.042,0,1144
4602cc6e-fe41-af03-4d16-91a8b00a8cf6,ELEC-04,23,0.042,175,875
4602cc6e-fe41-af03-4d16-91a8b00a8cf6,CHS-05,21,0.05,807,1447
8f1abc02-f279-3849-7d91-658d45033d6e,ENG-01,19,0.085,1371,4457
8f1abc02-f279-3849-7d91-658d45033d6e,TRN-02,14,0.066,861,2667
8f1abc02-f279-3849-7d91-658d45033d6e,HYD-03,10,0.049,0,1107
8f1abc02-f279-3849-7d91-658d45033d6e,ELEC-04,22,0.075,0,777
8f1abc02-f279-3849-7d91-658d45033d6e,CHS-05,19,0.021,1980,1443
ac3861aa-e3ba-68e1-9f73-2a8f67ead648,ENG-01,17,0.084,2422,4375
ac3861aa-e3ba-68e1-9f73-2a8f67ead648,TRN-02,18,0.057,0,2675
ac3861aa-e3ba-68e1-9f73-2a8f67ead648,HYD-03,13,0.021,0,1087
ac3861aa-e3ba-68e1-9f73-2a8f67ead648,ELEC-04,9,0.072,0,814
ac3861aa-e3ba-68e1-9f73-2a8f67ead648,CHS-05,20,0.013,0,1459
db3e78a4-7418-8361-f940-a49dedce0a4b,ENG-01,8,0.066,557,4112
db3e78a4-7418-8361-f940-a49dedce0a4b,TRN-02,10,0.043,217,2805
db3e78a4-7418-8361-f940-a49dedce0a4b,HYD-03,20,0.021,0,1116
db3e78a4-7418-8361-f940-a49dedce0a4b,ELEC-04,16,0.066,0,846
db3e78a4-7418-8361-f940-a49dedce0a4b,CHS-05,18,0.042,928,1425
6d2f0396-ef4e-79a2-21bc-13f7160fbe1c,ENG-01,8,0.067,0,4423
6d2f0396-ef4e-79a2-21bc-13f7160fbe1c,TRN-02,10,0.066,0,2531
6d2f0396-ef4e-79a2-21bc-13f7160fbe1c,HYD-03,13,0.052,0,1114
6d2f0396-ef4e-79a2-21bc-13f7160fbe1c,ELEC-04,15,0.042,0,823
6d2f0396-ef4e-79a2-21bc-13f7160fbe1c,CHS-05,10,0.043,0,1460
938d9592-53df-53ae-a69a-fa1ddf9f8601,ENG-01,13,0.057,0,4527
938d9592-53df-53ae-a69a-fa1ddf9f8601,TRN-02,13,0.06,0,2639
938d9592-53df-53ae-a69a-fa1ddf9f8601,HYD-03,9,0.021,0,1108
938d9592-53df-53ae-a69a-fa1ddf9f8601,ELEC-04,21,0.067,718,821
938d9592-53df-53ae-a69a-fa1ddf9f8601,CHS-05,12,0.03,0,1389
2544ab5b-8a29-56c1-7969-b849d296d2b9,ENG-01,21,0.065,1409,4230
2544ab5b-8a29-56c1-7969-b849d296d2b9,TRN-02,20,0.053,0,2845
2544ab5b-8a29-56c1-7969-b849d296d2b9,HYD-03,13,0.05,36,1130
2544ab5b-8a29-56c1-7969-b849d296d2b9,ELEC-04,12,0.055,0,835
2544ab5b-8a29-56c1-7969-b849d296d2b9,CHS-05,14,0.024,635,1414
ff4b8e1c-7270-6ba9-ae25-3d0e79a73131,ENG-01,8,0.084,1833,4421
ff4b8e1c-7270-6ba9-ae25-3d0e79a73131,TRN-02,19,0.044,0,2767
ff4b8e1c-7270-6ba9-ae25-3d0e79a73131,HYD-03,12,0.024,0,1132
ff4b8e1c-7270-6ba9-ae25-3d0e79a73131,ELEC-04,10,0.042,0,814
ff4b8e1c-7270-6ba9-ae25-3d0e79a73131,CHS-05,10,0.027,1241,1421
be85e071-be56-bcb6-0551-4e4cafe1da20,ENG-01,9,0.085,834,4474
be85e071-be56-bcb6-0551-4e4cafe1da20,TRN-02,3,0.057,0,2907
be85e071-be56-bcb6-0551-4e4cafe1da20,HYD-03,11,0.043,0,1181
be85e071-be56-bcb6-0551-4e4cafe1da20,ELEC-04,13,0.058,125,844
be85e071-be56-bcb6-0551-4e4cafe1da20,CHS-05,11,0.026,0,1507
96909a4c-684a-b2ca-5373-04c1a5866ae2,ENG-01,22,0.064,0,4246
96909a4c-684a-b2ca-5373-04c1a5866ae2,TRN-02,9,0.039,0,2664
96909a4c-684a-b2ca-5373-04c1a5866ae2,HYD-03,16,0.04,0,1079
96909a4c-684a-b2ca-5373-04c1a5866ae2,ELEC-04,22,0.051,350,798
96909a4c-684a-b2ca-5373-04c1a5866ae2,CHS-05,19,0.013,155,1399
04e2e098-3e9f-366d-3fdd-24a7e023b097,ENG-01,18,0.061,0,4533
04e2e098-3e9f-366d-3fdd-24a7e023b097,TRN-02,12,0.042,0,2864
04e2e098-3e9f-366d-3fdd-24a7e023b097,HYD-03,14,0.051,747,1102
04e2e098-3e9f-366d-3fdd-24a7e023b097,ELEC-04,15,0.057,1935,836
04e2e098-3e9f-366d-3fdd-24a7e023b097,CHS-05,9,0.039,1314,1434
1f1e7d80-f941-5e4d-33ab-5243f55f02fb,ENG-01,23,0.077,0,4556
1f1e7d80-f941-5e4d-33ab-5243f55f02fb,TRN-02,9,0.036,1762,2819
1f1e7d80-f941-5e4d-33ab-5243f55f02fb,HYD-03,13,0.026,1667,1145
1f1e7d80-f941-5e4d-33ab-5243f55f02fb,ELEC-04,23,0.051,0,827
1f1e7d80-f941-5e4d-33ab-5243f55f02fb,CHS-05,22,0.043,0,1484
74afc55a-ea8b-60dd-8916-5d81f104af61,ENG-01,14,0.062,0,4139
74afc55a-ea8b-60dd-8916-5d81f104af61,TRN-02,17,0.056,0,2830
74afc55a-ea8b-60dd-8916-5d81f104af61,HYD-03,9,0.035,0,1107
74afc55a-ea8b-60dd-8916-5d81f104af61,ELEC-04,22,0.054,0,871
74afc55a-ea8b-60dd-8916-5d81f104af61,CHS-05,17,0.049,392,1447
1ea5bc35-e7fb-8e91-1f97-4a20dc4e62a4,ENG-01,9,0.073,0,4519
1ea5bc35-e7fb-8e91-1f97-4a20dc4e62a4,TRN-02,22,0.064,0,2642
1ea5bc35-e7fb-8e91-1f97-4a20dc4e62a4,HYD-03,21,0.03,0,1191
1ea5bc35-e7fb-8e91-1f97-4a20dc4e62a4,ELEC-04,9,0.063,0,847
1ea5bc35-e7fb-8e91-1f97-4a20dc4e62a4,CHS-05,23,0.022,0,1433
fe9ceb57-390d-255c-49eb-b60025d79939,ENG-01,14,0.079,1828,4053
fe9ceb57-390d-255c-49eb-b60025d79939,TRN-02,18,0.046,1987,2385
fe9ceb57-390d-255c-49eb-b60025d79939,HYD-03,13,0.041,4308,1094
fe9ceb57-390d-255c-49eb-b60025d79939,ELEC-04,11,0.07,3965,752
fe9ceb57-390d-255c-49eb-b60025d79939,CHS-05,23,0.049,1368,1319
5e973936-a44e-5168-53de-c76b0438c4bf,ENG-01,13,0.079,616,4266
5e973936-a44e-5168-53de-c76b0438c4bf,TRN-02,23,0.062,615,2608
5e973936-a44e-5168-53de-c76b0438c4bf,HYD-03,24,0.036,48,1068
5e973936-a44e-5168-53de-c76b0438c4bf,ELEC-04,18,0.048,1715,750
5e973936-a44e-5168-53de-c76b0438c4bf,CHS-05,23,0.013,0,1364
03829d59-6d52-30d7-2ca0-957cdbb8ec37,ENG-01,16,0.08,897,4330
03829d59-6d52-30d7-2ca0-957cdbb8ec37,TRN-02,16,0.05,1482,2963
03829d59-6d52-30d7-2ca0-957cdbb8ec37,HYD-03,4,0.028,2214,1172
03829d59-6d52-30d7-2ca0-957cdbb8ec37,ELEC-04,6,0.041,1530,834
03829d59-6d52-30d7-2ca0-957cdbb8ec37,CHS-05,4,0.028,2027,1482
405db9d6-881a-f5e7-85b8-5ae7f9809739,ENG-01,2,0.051,2429,4530
405db9d6-881a-f5e7-85b8-5ae7f9809739,TRN-02,12,0.045,1583,2994
405db9d6-881a-f5e7-85b8-5ae7f9809739,HYD-03,6,0.026,713,1149
405db9d6-881a-f5e7-85b8-5ae7f9809739,ELEC-04,7,0.055,1980,891
405db9d6-881a-f5e7-85b8-5ae7f9809739,CHS-05,14,0.037,0,1515
1f8b2381-1bb4-e860-5775-91a31f5d1f60,ENG-01,8,0.072,0,4198
1f8b2381-1bb4-e860-5775-91a31f5d1f60,TRN-02,11,0.062,2706,2755
1f8b2381-1bb4-e860-5775-91a31f5d1f60,HYD-03,7,0.05,412,1073
1f8b2381-1bb4-e860-5775-91a31f5d1f60,ELEC-04,8,0.052,1893,779
1f8b2381-1bb4-e860-5775-91a31f5d1f60,CHS-05,14,0.041,0,1363
f7662a86-9969-70e5-379d-6c714d87cdf0,ENG-01,18,0.07,0,3917
f7662a86-9969-70e5-379d-6c714d87cdf0,TRN-02,17,0.057,629,2807
f7662a86-9969-70e5-379d-6c714d87cdf0,HYD-03,22,0.037,0,1055
f7662a86-9969-70e5-379d-6c714d87cdf0,ELEC-04,18,0.063,958,787
f7662a86-9969-70e5-379d-6c714d87cdf0,CHS-05,13,0.039,1060,1376
8cd0a0a0-b683-7428-b6cf-c5723e144a27,ENG-01,10,0.074,4291,4517
8cd0a0a0-b683-7428-b6cf-c5723e144a27,TRN-02,12,0.046,4220,2666
8cd0a0a0-b683-7428-b6cf-c5723e144a27,HYD-03,11,0.026,0,1141
8cd0a0a0-b683-7428-b6cf-c5723e144a27,ELEC-04,14,0.08,0,824
8cd0a0a0-b683-7428-b6cf-c5723e144a27,CHS-05,22,0.035,3589,1437
fb545b12-d2ef-a663-3797-aa236a8a58e8,ENG-01,15,0.06,557,4289
fb545b12-d2ef-a663-3797-aa236a8a58e8,TRN-02,17,0.041,0,2896
fb545b12-d2ef-a663-3797-aa236a8a58e8,HYD-03,16,0.036,0,1095
fb545b12-d2ef-a663-3797-aa236a8a58e8,ELEC-04,10,0.043,1468,820
fb545b12-d2ef-a663-3797-aa236a8a58e8,CHS-05,9,0.039,0,1462
fd8672f1-9e24-09cd-e8fd-3a61d9d944fb,ENG-01,11,0.071,0,4421
fd8672f1-9e24-09cd-e8fd-3a61d9d944fb,TRN-02,9,0.045,0,3027
fd8672f1-9e24-09cd-e8fd-3a61d9d944fb,HYD-03,21,0.042,0,1150
fd8672f1-9e24-09cd-e8fd-3a61d9d944fb,ELEC-04,19,0.075,0,853
fd8672f1-9e24-09cd-e8fd-3a61d9d944fb,CHS-05,12,0.03,1191,1458
d4bd634a-fd0d-d579-fcc9-9745890f81c3,ENG-01,17,0.074,257,4345
d4bd634a-fd0d-d579-fcc9-9745890f81c3,TRN-02,9,0.059,0,2834
d4bd634a-fd0d-d579-fcc9-9745890f81c3,HYD-03,19,0.029,1088,1159
d4bd634a-fd0d-d579-fcc9-9745890f81c3,ELEC-04,16,0.071,0,878
d4bd634a-fd0d-d579-fcc9-9745890f81c3,CHS-05,20,0.012,0,1484
49552e82-5416-7114-c99f-146c0214fc99,ENG-01,23,0.054,0,4098
49552e82-5416-7114-c99f-146c0214fc99,TRN-02,18,0.033,592,2728
49552e82-5416-7114-c99f-146c0214fc99,HYD-03,19,0.032,0,1052
49552e82-5416-7114-c99f-146c0214fc99,ELEC-04,22,0.044,0,775
49552e82-5416-7114-c99f-146c0214fc99,CHS-05,21,0.014,0,1370
c328997b-94e9-9ead-ebc0-8a6324083bd7,ENG-01,20,0.083,2620,4205
c328997b-94e9-9ead-ebc0-8a6324083bd7,TRN-02,19,0.033,1,2637
c328997b-94e9-9ead-ebc0-8a6324083bd7,HYD-03,18,0.051,0,1078
c328997b-94e9-9ead-ebc0-8a6324083bd7,ELEC-04,20,0.047,611,792
c328997b-94e9-9ead-ebc0-8a6324083bd7,CHS-05,9,0.025,0,1411
36b6f90d-cd36-d329-ba74-f0e773bea838,ENG-01,9,0.055,0,4382
36b6f90d-cd36-d329-ba74-f0e773bea838,TRN-02,17,0.051,1752,2831
36b6f90d-cd36-d329-ba74-f0e773bea838,HYD-03,16,0.038,1195,1117
36b6f90d-cd36-d329-ba74-f0e773bea838,ELEC-04,22,0.08,0,788
36b6f90d-cd36-d329-ba74-f0e773bea838,CHS-05,11,0.042,1455,1451
638ae031-b606-5b8d-4f0c-4eff70b9b800,ENG-01,19,0.083,948,4343
638ae031-b606-5b8d-4f0c-4eff70b9b800,TRN-02,13,0.058,297,2862
638ae031-b606-5b8d-4f0c-4eff70b9b800,HYD-03,22,0.027,0,1149
638ae031-b606-5b8d-4f0c-4eff70b9b800,ELEC-04,9,0.075,553,826
638ae031-b606-5b8d-4f0c-4eff70b9b800,CHS-05,17,0.045,825,1450
df640054-3ef8-6a14-ffe1-6f79e10b4cab,ENG-01,18,0.05,116,4481
df640054-3ef8-6a14-ffe1-6f79e10b4cab,TRN-02,16,0.067,0,3016
df640054-3ef8-6a14-ffe1-6f79e10b4cab,HYD-03,19,0.046,868,1158
df640054-3ef8-6a14-ffe1-6f79e10b4cab,ELEC-04,11,0.059,191,815
df640054-3ef8-6a14-ffe1-6f79e10b4cab,CHS-05,9,0.024,665,1419
b43d7882-7743-748c-a03f-ad5ca171c6b8,ENG-01,11,0.089,1641,4311
b43d7882-7743-748c-a03f-ad5ca171c6b8,TRN-02,19,0.053,0,2662
b43d7882-7743-748c-a03f-ad5ca171c6b8,HYD-03,23,0.046,0,1061
b43d7882-7743-748c-a03f-ad5ca171c6b8,ELEC-04,17,0.044,2284,772
b43d7882-7743-748c-a03f-ad5ca171c6b8,CHS-05,11,0.034,2636,1372
3774b440-63eb-a041-0b91-6c27030b842b,ENG-01,20,0.076,687,4299
3774b440-63eb-a041-0b91-6c27030b842b,TRN-02,19,0.042,0,2751
3774b440-63eb-a041-0b91-6c27030b842b,HYD-03,20,0.02,3183,1134
3774b440-63eb-a041-0b91-6c27030b842b,ELEC-04,22,0.068,2174,832
3774b440-63eb-a041-0b91-6c27030b842b,CHS-05,10,0.028,1882,1512
ef6e3bac-4e2d-bf0a-04f1-8c0399395e11,ENG-01,9,0.064,3328,4316
ef6e3bac-4e2d-bf0a-04f1-8c0399395e11,TRN-02,17,0.042,677,2823
ef6e3bac-4e2d-bf0a-04f1-8c0399395e11,HYD-03,8,0.06,0,1126
ef6e3bac-4e2d-bf0a-04f1-8c0399395e11,ELEC-04,14,0.08,1345,820
ef6e3bac-4e2d-bf0a-04f1-8c0399395e11,CHS-05,18,0.01,0,1405
4886a44e-25f2-8de9-ce14-977427fe0684,ENG-01,2,0.07,2176,4664
4886a44e-25f2-8de9-ce14-977427fe0684,TRN-02,3,0.062,0,2964
4886a44e-25f2-8de9-ce14-977427fe0684,HYD-03,9,0.024,1073,1170
4886a44e-25f2-8de9-ce14-977427fe0684,ELEC-04,10,0.062,0,853
4886a44e-25f2-8de9-ce14-977427fe0684,CHS-05,5,0.03,792,1475
6f135505-79cd-ab48-f0c2-a637c46567d0,ENG-01,15,0.073,2629,4452
6f135505-79cd-ab48-f0c2-a637c46567d0,TRN-02,13,0.046,0,2838
6f135505-79cd-ab48-f0c2-a637c46567d0,HYD-03,12,0.053,762,1133
6f135505-79cd-ab48-f0c2-a637c46567d0,ELEC-04,22,0.066,2861,818
6f135505-79cd-ab48-f0c2-a637c46567d0,CHS-05,10,0.032,3954,1447
6e11d7dc-10c2-341a-2338-4f222fee9e25,ENG-01,8,0.066,0,4318
6e11d7dc-10c2-341a-2338-4f222fee9e25,TRN-02,15,0.066,0,3069
6e11d7dc-10c2-341a-2338-4f222fee9e25,HYD-03,8,0.055,1503,1189
6e11d7dc-10c2-341a-2338-4f222fee9e25,ELEC-04,14,0.047,959,860
6e11d7dc-10c2-341a-2338-4f222fee9e25,CHS-05,13,0.011,335,1480
e946ef8a-9264-7d53-8650-70f38585b34a,ENG-01,20,0.062,874,4305
e946ef8a-9264-7d53-8650-70f38585b34a,TRN-02,15,0.035,0,2853
e946ef8a-9264-7d53-8650-70f38585b34a,HYD-03,15,0.024,3392,1138
e946ef8a-9264-7d53-8650-70f38585b34a,ELEC-04,15,0.07,0,833
e946ef8a-9264-7d53-8650-70f38585b34a,CHS-05,16,0.045,2379,1454
96236a6d-0981-cd91-742c-0b37937d3c69,ENG-01,21,0.06,746,3998
96236a6d-0981-cd91-742c-0b37937d3c69,TRN-02,22,0.048,0,2763
96236a6d-0981-cd91-742c-0b37937d3c69,HYD-03,21,0.021,14,1094
96236a6d-0981-cd91-742c-0b37937d3c69,ELEC-04,18,0.059,1759,822
96236a6d-0981-cd91-742c-0b37937d3c69,CHS-05,24,0.041,1691,1400
b6b0dfe4-f8f9-80a3-13ee-4a8a2e882c6a,ENG-01,22,0.09,470,4569
b6b0dfe4-f8f9-80a3-13ee-4a8a2e882c6a,TRN-02,23,0.053,0,2579
b6b0dfe4-f8f9-80a3-13ee-4a8a2e882c6a,HYD-03,22,0.034,35,1142
b6b0dfe4-f8f9-80a3-13ee-4a8a2e882c6a,ELEC-04,14,0.065,0,819
b6b0dfe4-f8f9-80a3-13ee-4a8a2e882c6a,CHS-05,17,0.021,0,1462
2de2a798-00f2-4728-df4c-9777b74be4ab,ENG-01,12,0.085,2160,4258
2de2a798-00f2-4728-df4c-9777b74be4ab,TRN-02,16,0.041,1286,2954
2de2a798-00f2-4728-df4c-9777b74be4ab,HYD-03,9,0.047,0,1107
2de2a798-00f2-4728-df4c-9777b74be4ab,ELEC-04,18,0.054,0,859
2de2a798-00f2-4728-df4c-9777b74be4ab,CHS-05,20,0.014,0,1410
ecba1040-75e7-3b3d-820c-2b3f3aaccbbc,ENG-01,15,0.078,462,4139
ecba1040-75e7-3b3d-820c-2b3f3aaccbbc,TRN-02,10,0.041,1991,2571
ecba1040-75e7-3b3d-820c-2b3f3aaccbbc,HYD-03,11,0.045,2375,1116
ecba1040-75e7-3b3d-820c-2b3f3aaccbbc,ELEC-04,12,0.058,257,741
ecba1040-75e7-3b3d-820c-2b3f3aaccbbc,CHS-05,6,0.032,74,1378
d1142768-341c-3099-6221-0ee654591d68,ENG-01,14,0.059,525,4351
d1142768-341c-3099-6221-0ee654591d68,TRN-02,16,0.043,1662,3001
d1142768-341c-3099-6221-0ee654591d68,HYD-03,15,0.035,0,1207
d1142768-341c-3099-6221-0ee654591d68,ELEC-04,9,0.046,960,870
d1142768-341c-3099-6221-0ee654591d68,CHS-05,11,0.011,652,1478
f17cb143-2e41-042e-7e9e-1bd32e94b573,ENG-01,20,0.072,3932,4253
f17cb143-2e41-042e-7e9e-1bd32e94b573,TRN-02,11,0.064,1168,2472
f17cb143-2e41-042e-7e9e-1bd32e94b573,HYD-03,15,0.05,0,1077
f17cb143-2e41-042e-7e9e-1bd32e94b573,ELEC-04,11,0.056,0,766
f17cb143-2e41-042e-7e9e-1bd32e94b573,CHS-05,16,0.019,1290,1367
4556f4ec-a18c-2954-a5ba-e10190e8f175,ENG-01,12,0.057,63,4255
4556f4ec-a18c-2954-a5ba-e10190e8f175,TRN-02,6,0.049,1125,2873
4556f4ec-a18c-2954-a5ba-e10190e8f175,HYD-03,18,0.045,0,1084
4556f4ec-a18c-2954-a5ba-e10190e8f175,ELEC-04,9,0.046,886,808
4556f4ec-a18c-2954-a5ba-e10190e8f175,CHS-05,8,0.039,0,1398
0f5db804-9438-0ee3-c3ed-e6cee92ac5b2,ENG-01,8,0.09,0,4426
0f5db804-9438-0ee3-c3ed-e6cee92ac5b2,TRN-02,10,0.047,0,3052
0f5db804-9438-0ee3-c3ed-e6cee92ac5b2,HYD-03,16,0.05,406,1176
0f5db804-9438-0ee3-c3ed-e6cee92ac5b2,ELEC-04,7,0.051,0,882
0f5db804-9438-0ee3-c3ed-e6cee92ac5b2,CHS-05,3,0.04,0,1478
dec82528-1627-fad5-4ac0-724ef5490cb9,ENG-01,16,0.059,0,4465
dec82528-1627-fad5-4ac0-724ef5490cb9,TRN-02,17,0.054,0,2835
dec82528-1627-fad5-4ac0-724ef5490cb9,HYD-03,16,0.026,343,1081
dec82528-1627-fad5-4ac0-724ef5490cb9,ELEC-04,19,0.064,300,798
dec82528-1627-fad5-4ac0-724ef5490cb9,CHS-05,13,0.033,0,1395
a32b2337-3cef-2101-ffdb-be65201af047,ENG-01,19,0.08,483,4299
a32b2337-3cef-2101-ffdb-be65201af047,TRN-02,15,0.036,0,2708
a32b2337-3cef-2101-ffdb-be65201af047,HYD-03,21,0.038,253,1116
a32b2337-3cef-2101-ffdb-be65201af047,ELEC-04,11,0.075,0,799
a32b2337-3cef-2101-ffdb-be65201af047,CHS-05,14,0.037,956,1444
48635e10-4972-a69e-5ec8-d9416220cbe2,ENG-01,8,0.067,172,4155
48635e10-4972-a69e-5ec8-d9416220cbe2,TRN-02,19,0.059,944,2712
48635e10-4972-a69e-5ec8-d9416220cbe2,HYD-03,21,0.023,555,1147
48635e10-4972-a69e-5ec8-d9416220cbe2,ELEC-04,13,0.042,1959,801
48635e10-4972-a69e-5ec8-d9416220cbe2,CHS-05,21,0.018,179,1445
51367f24-f73d-c499-5d5e-4fee8b8d0f60,ENG-01,9,0.074,0,4355
51367f24-f73d-c499-5d5e-4fee8b8d0f60,TRN-02,19,0.05,1484,2953
51367f24-f73d-c499-5d5e-4fee8b8d0f60,HYD-03,22,0.052,3573,1136
51367f24-f73d-c499-5d5e-4fee8b8d0f60,ELEC-04,9,0.062,0,836
51367f24-f73d-c499-5d5e-4fee8b8d0f60,CHS-05,15,0.028,1660,1412
355216ea-a9f0-8d51-5c3e-bfc859071ec7,ENG-01,14,0.081,0,4514
355216ea-a9f0-8d51-5c3e-bfc859071ec7,TRN-02,13,0.035,1152,2887
355216ea-a9f0-8d51-5c3e-bfc859071ec7,HYD-03,6,0.035,396,1188
355216ea-a9f0-8d51-5c3e-bfc859071ec7,ELEC-04,13,0.077,2708,855
355216ea-a9f0-8d51-5c3e-bfc859071ec7,CHS-05,2,0.013,0,1525
f89c7fa5-f12b-d170-f41b-92e85fe28a1e,ENG-01,20,0.087,5683,4453
f89c7fa5-f12b-d170-f41b-92e85fe28a1e,TRN-02,23,0.064,0,2557
f89c7fa5-f12b-d170-f41b-92e85fe28a1e,HYD-03,16,0.045,0,1125
f89c7fa5-f12b-d170-f41b-92e85fe28a1e,ELEC-04,11,0.055,0,822
f89c7fa5-f12b-d170-f41b-92e85fe28a1e,CHS-05,11,0.015,4784,1447
5d3b0118-8e61-0b8e-6290-1e359f261fda,ENG-01,12,0.053,0,4518
5d3b0118-8e61-0b8e-6290-1e359f261fda,TRN-02,13,0.065,602,2853
5d3b0118-8e61-0b8e-6290-1e359f261fda,HYD-03,12,0.055,1919,1162
5d3b0118-8e61-0b8e-6290-1e359f261fda,ELEC-04,7,0.061,0,866
5d3b0118-8e61-0b8e-6290-1e359f261fda,CHS-05,11,0.045,860,1467
6e2b7de7-8386-a609-ed1f-7d967cd9693e,ENG-01,15,0.082,1154,4002
6e2b7de7-8386-a609-ed1f-7d967cd9693e,TRN-02,9,0.037,1151,2843
6e2b7de7-8386-a609-ed1f-7d967cd9693e,HYD-03,7,0.03,1647,1100
6e2b7de7-8386-a609-ed1f-7d967cd9693e,ELEC-04,10,0.055,0,850
6e2b7de7-8386-a609-ed1f-7d967cd9693e,CHS-05,19,0.045,1792,1370
9a11f2fd-bbc1-1b41-8226-e16a4423d4b1,ENG-01,15,0.077,0,4394
9a11f2fd-bbc1-1b41-8226-e16a4423d4b1,TRN-02,16,0.032,0,2870
9a11f2fd-bbc1-1b41-8226-e16a4423d4b1,HYD-03,17,0.046,899,1099
9a11f2fd-bbc1-1b41-8226-e16a4423d4b1,ELEC-04,22,0.073,1128,803
9a11f2fd-bbc1-1b41-8226-e16a4423d4b1,CHS-05,15,0.034,0,1411
85f8b234-aa6a-bb16-889d-75243d74341a,ENG-01,17,0.052,691,4553
85f8b234-aa6a-bb16-889d-75243d74341a,TRN-02,23,0.058,0,2790
85f8b234-aa6a-bb16-889d-75243d74341a,HYD-03,17,0.05,0,1150
85f8b234-aa6a-bb16-889d-75243d74341a,ELEC-04,19,0.052,0,825
85f8b234-aa6a-bb16-889d-75243d74341a,CHS-05,17,0.046,3154,1447
b374d938-a351-d2fd-71ae-6754d96160fb,ENG-01,13,0.061,0,4597
b374d938-a351-d2fd-71ae-6754d96160fb,TRN-02,15,0.034,0,3034
b374d938-a351-d2fd-71ae-6754d96160fb,HYD-03,8,0.037,492,1193
b374d938-a351-d2fd-71ae-6754d96160fb,ELEC-04,2,0.079,1176,822
b374d938-a351-d2fd-71ae-6754d96160fb,CHS-05,7,0.043,328,1451
08fd5cc9-ef96-f71f-9289-72dc781928be,ENG-01,17,0.066,1633,4304
08fd5cc9-ef96-f71f-9289-72dc781928be,TRN-02,13,0.03,802,2910
08fd5cc9-ef96-f71f-9289-72dc781928be,HYD-03,15,0.04,1857,1107
08fd5cc9-ef96-f71f-9289-72dc781928be,ELEC-04,11,0.069,798,817
08fd5cc9-ef96-f71f-9289-72dc781928be,CHS-05,19,0.023,0,1450
b7c186dc-70a0-b388-8292-b9d955efb2d0,ENG-01,12,0.076,407,4663
b7c186dc-70a0-b388-8292-b9d955efb2d0,TRN-02,12,0.063,276,2945
b7c186dc-70a0-b388-8292-b9d955efb2d0,HYD-03,11,0.027,829,1149
b7c186dc-70a0-b388-8292-b9d955efb2d0,ELEC-04,10,0.055,394,843
b7c186dc-70a0-b388-8292-b9d955efb2d0,CHS-05,16,0.026,0,1472
1c125e48-eb24-05f9-f899-d4b1ec08433d,ENG-01,10,0.052,485,4202
1c125e48-eb24-05f9-f899-d4b1ec08433d,TRN-02,18,0.054,638,2993
1c125e48-eb24-05f9-f899-d4b1ec08433d,HYD-03,20,0.052,0,1140
1c125e48-eb24-05f9-f899-d4b1ec08433d,ELEC-04,22,0.042,0,849
1c125e48-eb24-05f9-f899-d4b1ec08433d,CHS-05,14,0.046,732,1485
12771ca4-0b01-de47-5b8f-afbdd3e3e3d1,ENG-01,10,0.061,377,4349
12771ca4-0b01-de47-5b8f-afbdd3e3e3d1,TRN-02,20,0.04,0,2647
12771ca4-0b01-de47-5b8f-afbdd3e3e3d1,HYD-03,19,0.032,0,1127
12771ca4-0b01-de47-5b8f-afbdd3e3e3d1,ELEC-04,13,0.05,0,776
12771ca4-0b01-de47-5b8f-afbdd3e3e3d1,CHS-05,21,0.045,0,1417
5dd9cd8b-67c5-0868-1dba-5fffaba914d2,ENG-01,14,0.07,688,4125
5dd9cd8b-67c5-0868-1dba-5fffaba914d2,TRN-02,19,0.052,822,2799
5dd9cd8b-67c5-0868-1dba-5fffaba914d2,HYD-03,11,0.025,883,1091
5dd9cd8b-67c5-0868-1dba-5fffaba914d2,ELEC-04,12,0.069,1220,808
5dd9cd8b-67c5-0868-1dba-5fffaba914d2,CHS-05,16,0.024,0,1334
a72a6f84-cc7e-2daf-089c-acdb6fcd7609,ENG-01,11,0.085,562,4241
a72a6f84-cc7e-2daf-089c-acdb6fcd7609,TRN-02,8,0.053,0,2695
a72a6f84-cc7e-2daf-089c-acdb6fcd7609,HYD-03,19,0.047,0,1100
a72a6f84-cc7e-2daf-089c-acdb6fcd7609,ELEC-04,21,0.063,993,802
a72a6f84-cc7e-2daf-089c-acdb6fcd7609,CHS-05,8,0.022,871,1403
462418ed-f2c3-fca9-b65e-8f2d6eef7940,ENG-01,8,0.077,0,4637
462418ed-f2c3-fca9-b65e-8f2d6eef7940,TRN-02,14,0.035,0,2791
462418ed-f2c3-fca9-b65e-8f2d6eef7940,HYD-03,7,0.05,0,1138
462418ed-f2c3-fca9-b65e-8f2d6eef7940,ELEC-04,10,0.078,0,870
462418ed-f2c3-fca9-b65e-8f2d6eef7940,CHS-05,6,0.028,0,1460
a591a899-8556-db78-852b-e19d1ab73431,ENG-01,3,0.082,2282,4569
a591a899-8556-db78-852b-e19d1ab73431,TRN-02,10,0.036,3733,2825
a591a899-8556-db78-852b-e19d1ab73431,HYD-03,2,0.021,97,1157
a591a899-8556-db78-852b-e19d1ab73431,ELEC-04,13,0.047,2509,855
a591a899-8556-db78-852b-e19d1ab73431,CHS-05,13,0.047,2127,1562
f860ec64-59d8-d619-7daa-bf6d8af3fc35,ENG-01,12,0.054,0,4451
f860ec64-59d8-d619-7daa-bf6d8af3fc35,TRN-02,14,0.065,0,3007
f860ec64-59d8-d619-7daa-bf6d8af3fc35,HYD-03,15,0.044,0,1188
f860ec64-59d8-d619-7daa-bf6d8af3fc35,ELEC-04,19,0.054,0,879
f860ec64-59d8-d619-7daa-bf6d8af3fc35,CHS-05,9,0.046,2039,1478
dc969d99-79d5-4f4c-a802-264fbd3509c7,ENG-01,13,0.06,3991,4459
dc969d99-79d5-4f4c-a802-264fbd3509c7,TRN-02,7,0.032,556,3079
dc969d99-79d5-4f4c-a802-264fbd3509c7,HYD-03,2,0.042,347,1138
dc969d99-79d5-4f4c-a802-264fbd3509c7,ELEC-04,10,0.062,1708,858
dc969d99-79d5-4f4c-a802-264fbd3509c7,CHS-05,15,0.049,84,1548
d134546b-81f0-a36d-9784-f47327840bb6,ENG-01,14,0.066,1170,4422
d134546b-81f0-a36d-9784-f47327840bb6,TRN-02,3,0.044,0,2815
d134546b-81f0-a36d-9784-f47327840bb6,HYD-03,9,0.03,968,1177
d134546b-81f0-a36d-9784-f47327840bb6,ELEC-04,16,0.059,623,867
d134546b-81f0-a36d-9784-f47327840bb6,CHS-05,8,0.022,0,1520
319fdc55-2183-e113-2a67-669026503ed1,ENG-01,8,0.051,1082,4154
319fdc55-2183-e113-2a67-669026503ed1,TRN-02,8,0.04,0,2653
319fdc55-2183-e113-2a67-669026503ed1,HYD-03,13,0.049,306,1059
319fdc55-2183-e113-2a67-669026503ed1,ELEC-04,11,0.055,0,786
319fdc55-2183-e113-2a67-669026503ed1,CHS-05,7,0.031,0,1368
cad15db6-c3ee-c2a8-a252-bf748891643b,ENG-01,23,0.053,0,4187
cad15db6-c3ee-c2a8-a252-bf748891643b,TRN-02,22,0.04,0,2601
cad15db6-c3ee-c2a8-a252-bf748891643b,HYD-03,22,0.035,470,1050
cad15db6-c3ee-c2a8-a252-bf748891643b,ELEC-04,17,0.045,694,779
cad15db6-c3ee-c2a8-a252-bf748891643b,CHS-05,13,0.042,0,1382
c5fb63ed-40b1-b4de-4b35-dc9115084c93,ENG-01,8,0.074,1146,4258
c5fb63ed-40b1-b4de-4b35-dc9115084c93,TRN-02,8,0.065,323,2634
c5fb63ed-40b1-b4de-4b35-dc9115084c93,HYD-03,14,0.044,1620,1062
c5fb63ed-40b1-b4de-4b35-dc9115084c93,ELEC-04,13,0.059,1103,788
c5fb63ed-40b1-b4de-4b35-dc9115084c93,CHS-05,10,0.023,0,1377
0cc9a507-5c65-5574-5291-08ded5907fd3,ENG-01,10,0.067,2031,4495
0cc9a507-5c65-5574-5291-08ded5907fd3,TRN-02,8,0.061,1610,2963
0cc9a507-5c65-5574-5291-08ded5907fd3,HYD-03,4,0.059,204,1203
0cc9a507-5c65-5574-5291-08ded5907fd3,ELEC-04,5,0.045,779,834
0cc9a507-5c65-5574-5291-08ded5907fd3,CHS-05,6,0.046,352,1564
381e420a-0ee5-f254-94c9-f5b08c0744fb,ENG-01,20,0.066,0,4266
381e420a-0ee5-f254-94c9-f5b08c0744fb,TRN-02,21,0.056,1902,2846
381e420a-0ee5-f254-94c9-f5b08c0744fb,HYD-03,12,0.04,0,1127
381e420a-0ee5-f254-94c9-f5b08c0744fb,ELEC-04,11,0.051,0,848
381e420a-0ee5-f254-94c9-f5b08c0744fb,CHS-05,14,0.025,1683,1427
2d100bf5-52a4-e783-09e4-71242b4529da,ENG-01,15,0.053,1411,4270
2d100bf5-52a4-e783-09e4-71242b4529da,TRN-02,13,0.054,2422,2961
2d100bf5-52a4-e783-09e4-71242b4529da,HYD-03,23,0.059,1404,1122
2d100bf5-52a4-e783-09e4-71242b4529da,ELEC-04,9,0.073,0,836
2d100bf5-52a4-e783-09e4-71242b4529da,CHS-05,22,0.023,978,1491
1fa8ee8e-9a6b-10ae-cb95-c4d44ca0ee20,ENG-01,8,0.076,2297,4149
1fa8ee8e-9a6b-10ae-cb95-c4d44ca0ee20,TRN-02,14,0.064,1567,2805
1fa8ee8e-9a6b-10ae-cb95-c4d44ca0ee20,HYD-03,6,0.037,0,1087
1fa8ee8e-9a6b-10ae-cb95-c4d44ca0ee20,ELEC-04,19,0.072,1439,812
1fa8ee8e-9a6b-10ae-cb95-c4d44ca0ee20,CHS-05,7,0.011,1525,1383
332e886f-b0cd-09f9-2489-70d2a8ece145,ENG-01,15,0.053,0,4562
332e886f-b0cd-09f9-2489-70d2a8ece145,TRN-02,20,0.036,0,2538
332e886f-b0cd-09f9-2489-70d2a8ece145,HYD-03,11,0.033,0,1127
332e886f-b0cd-09f9-2489-70d2a8ece145,ELEC-04,15,0.05,320,813
332e886f-b0cd-09f9-2489-70d2a8ece145,CHS-05,22,0.042,0,1443
f85a93cb-5fef-bd9c-e7f1-992c0a76e1b6,ENG-01,18,0.07,702,4193
f85a93cb-5fef-bd9c-e7f1-992c0a76e1b6,TRN-02,21,0.063,1561,2630
f85a93cb-5fef-bd9c-e7f1-992c0a76e1b6,HYD-03,18,0.056,0,1090
f85a93cb-5fef-bd9c-e7f1-992c0a76e1b6,ELEC-04,24,0.049,2280,798
f85a93cb-5fef-bd9c-e7f1-992c0a76e1b6,CHS-05,12,0.026,2319,1395
739530b7-0cdd-2d7a-c5f9-d637ae1f6f65,ENG-01,20,0.061,2056,4086
739530b7-0cdd-2d7a-c5f9-d637ae1f6f65,TRN-02,19,0.036,3140,2794
739530b7-0cdd-2d7a-c5f9-d637ae1f6f65,HYD-03,22,0.041,1330,1024
739530b7-0cdd-2d7a-c5f9-d637ae1f6f65,ELEC-04,19,0.05,1614,755
739530b7-0cdd-2d7a-c5f9-d637ae1f6f65,CHS-05,21,0.038,0,1347
1e86b623-dc2b-033d-c22a-d3f1b92c767b,ENG-01,11,0.083,294,4363
1e86b623-dc2b-033d-c22a-d3f1b92c767b,TRN-02,17,0.046,0,2837
1e86b623-dc2b-033d-c22a-d3f1b92c767b,HYD-03,11,0.021,1321,1080
1e86b623-dc2b-033d-c22a-d3f1b92c767b,ELEC-04,11,0.079,1556,810
1e86b623-dc2b-033d-c22a-d3f1b92c767b,CHS-05,22,0.021,37,1358
f120d9a7-78de-7362-f3f6-4d82f19f4eca,ENG-01,12,0.082,1430,4334
f120d9a7-78de-7362-f3f6-4d82f19f4eca,TRN-02,17,0.066,576,2896
f120d9a7-78de-7362-f3f6-4d82f19f4eca,HYD-03,22,0.047,1412,1150
f120d9a7-78de-7362-f3f6-4d82f19f4eca,ELEC-04,18,0.075,507,876
f120d9a7-78de-7362-f3f6-4d82f19f4eca,CHS-05,21,0.021,0,1523
c041be3f-f864-fdef-9efe-89d598c33640,ENG-01,22,0.089,4165,4120
c041be3f-f864-fdef-9efe-89d598c33640,TRN-02,9,0.034,0,2871
c041be3f-f864-fdef-9efe-89d598c33640,HYD-03,12,0.034,2601,1151
c041be3f-f864-fdef-9efe-89d598c33640,ELEC-04,9,0.04,2670,817
c041be3f-f864-fdef-9efe-89d598c33640,CHS-05,11,0.047,0,1384
1e02ed03-f007-38fe-47b2-c321a75a30c7,ENG-01,18,0.079,170,4373
1e02ed03-f007-38fe-47b2-c321a75a30c7,TRN-02,15,0.054,243,2880
1e02ed03-f007-38fe-47b2-c321a75a30c7,HYD-03,15,0.021,1,1121
1e02ed03-f007-38fe-47b2-c321a75a30c7,ELEC-04,12,0.06,1919,852
1e02ed03-f007-38fe-47b2-c321a75a30c7,CHS-05,11,0.021,0,1456
651c931b-c226-fc93-d46f-70261dbf83c8,ENG-01,20,0.074,2319,4198
651c931b-c226-fc93-d46f-70261dbf83c8,TRN-02,8,0.063,797,2786
651c931b-c226-fc93-d46f-70261dbf83c8,HYD-03,11,0.039,0,1042
651c931b-c226-fc93-d46f-70261dbf83c8,ELEC-04,20,0.044,889,775
651c931b-c226-fc93-d46f-70261dbf83c8,CHS-05,15,0.015,1211,1391
00fe2d11-89c8-215d-4f7d-34327894b7a9,ENG-01,11,0.075,833,4541
00fe2d11-89c8-215d-4f7d-34327894b7a9,TRN-02,9,0.069,1343,2855
00fe2d11-89c8-215d-4f7d-34327894b7a9,HYD-03,4,0.052,984,1138
00fe2d11-89c8-215d-4f7d-34327894b7a9,ELEC-04,6,0.074,2765,859
00fe2d11-89c8-215d-4f7d-34327894b7a9,CHS-05,13,0.027,2895,1488
f0a8c408-587f-07b8-ce15-4cedebc3e57d,ENG-01,21,0.053,807,4285
f0a8c408-587f-07b8-ce15-4cedebc3e57d,TRN-02,10,0.05,694,2824
f0a8c408-587f-07b8-ce15-4cedebc3e57d,HYD-03,22,0.021,198,1154
f0a8c408-587f-07b8-ce15-4cedebc3e57d,ELEC-04,21,0.071,967,817
f0a8c408-587f-07b8-ce15-4cedebc3e57d,CHS-05,11,0.022,475,1416
e78ee800-3738-9b51-73af-2bf0ed977065,ENG-01,17,0.058,1419,4134
e78ee800-3738-9b51-73af-2bf0ed977065,TRN-02,18,0.044,0,2699
e78ee800-3738-9b51-73af-2bf0ed977065,HYD-03,7,0.042,238,1053
e78ee800-3738-9b51-73af-2bf0ed977065,ELEC-04,19,0.054,1558,785
e78ee800-3738-9b51-73af-2bf0ed977065,CHS-05,20,0.01,0,1407
cb13d454-cd86-3f14-8648-f6773b14c690,ENG-01,11,0.073,3444,4340
cb13d454-cd86-3f14-8648-f6773b14c690,TRN-02,22,0.066,0,2881
cb13d454-cd86-3f14-8648-f6773b14c690,HYD-03,15,0.042,767,1122
cb13d454-cd86-3f14-8648-f6773b14c690,ELEC-04,13,0.051,214,847
cb13d454-cd86-3f14-8648-f6773b14c690,CHS-05,13,0.041,0,1428
bfe45b49-99f5-ba5f-3cf2-3f845ef0ab12,ENG-01,25,0.074,1570,4150
bfe45b49-99f5-ba5f-3cf2-3f845ef0ab12,TRN-02,15,0.042,616,2665
bfe45b49-99f5-ba5f-3cf2-3f845ef0ab12,HYD-03,15,0.035,658,1043
bfe45b49-99f5-ba5f-3cf2-3f845ef0ab12,ELEC-04,19,0.065,93,740
bfe45b49-99f5-ba5f-3cf2-3f845ef0ab12,CHS-05,19,0.021,2781,1397
e61f7075-f895-2f28-84a5-2c07559f8309,ENG-01,16,0.051,2802,4522
e61f7075-f895-2f28-84a5-2c07559f8309,TRN-02,14,0.038,2076,2912
e61f7075-f895-2f28-84a5-2c07559f8309,HYD-03,2,0.031,118,1171
e61f7075-f895-2f28-84a5-2c07559f8309,ELEC-04,13,0.058,0,848
e61f7075-f895-2f28-84a5-2c07559f8309,CHS-05,16,0.016,3227,1422
ab18d21f-6efb-35c2-2495-00e571bc8298,ENG-01,11,0.053,106,4404
ab18d21f-6efb-35c2-2495-00e571bc8298,TRN-02,11,0.045,423,2958
ab18d21f-6efb-35c2-2495-00e571bc8298,HYD-03,14,0.033,1016,1211
ab18d21f-6efb-35c2-2495-00e571bc8298,ELEC-04,12,0.055,10,894
ab18d21f-6efb-35c2-2495-00e571bc8298,CHS-05,11,0.016,401,1491
227a6a98-ee6d-c853-0cd9-b53637cf59e4,ENG-01,11,0.084,761,4338
227a6a98-ee6d-c853-0cd9-b53637cf59e4,TRN-02,19,0.054,42,2720
227a6a98-ee6d-c853-0cd9-b53637cf59e4,HYD-03,16,0.033,0,1146
227a6a98-ee6d-c853-0cd9-b53637cf59e4,ELEC-04,21,0.069,251,777
227a6a98-ee6d-c853-0cd9-b53637cf59e4,CHS-05,8,0.04,0,1445
1f50daaa-7f10-3055-b7b5-41a17e0caf64,ENG-01,11,0.066,1921,4255
1f50daaa-7f10-3055-b7b5-41a17e0caf64,TRN-02,17,0.033,1560,2578
1f50daaa-7f10-3055-b7b5-41a17e0caf64,HYD-03,11,0.028,2054,1095
1f50daaa-7f10-3055-b7b5-41a17e0caf64,ELEC-04,10,0.063,545,777
1f50daaa-7f10-3055-b7b5-41a17e0caf64,CHS-05,15,0.018,0,1347
c3e691e3-4a7b-f237-8746-f95af07ebf8c,ENG-01,17,0.071,3577,4318
c3e691e3-4a7b-f237-8746-f95af07ebf8c,TRN-02,18,0.05,1480,2819
c3e691e3-4a7b-f237-8746-f95af07ebf8c,HYD-03,13,0.053,0,1107
c3e691e3-4a7b-f237-8746-f95af07ebf8c,ELEC-04,15,0.058,0,801
c3e691e3-4a7b-f237-8746-f95af07ebf8c,CHS-05,12,0.023,1171,1469
119ee918-1232-0111-69b0-5a10af4f20a3,ENG-01,23,0.078,2110,4144
119ee918-1232-0111-69b0-5a10af4f20a3,TRN-02,24,0.05,2104,2819
119ee918-1232-0111-69b0-5a10af4f20a3,HYD-03,21,0.029,471,1093
119ee918-1232-0111-69b0-5a10af4f20a3,ELEC-04,17,0.07,484,789
119ee918-1232-0111-69b0-5a10af4f20a3,CHS-05,11,0.045,0,1377
285c98a8-9712-a277-2d84-d4150dd0d1f1,ENG-01,24,0.052,3339,4046
285c98a8-9712-a277-2d84-d4150dd0d1f1,TRN-02,13,0.051,1609,2649
285c98a8-9712-a277-2d84-d4150dd0d1f1,HYD-03,21,0.056,1391,1085
285c98a8-9712-a277-2d84-d4150dd0d1f1,ELEC-04,25,0.04,3308,740
285c98a8-9712-a277-2d84-d4150dd0d1f1,CHS-05,14,0.032,0,1364
f6d768ed-2263-d3ed-dae0-d79dc4dcc9ca,ENG-01,19,0.072,0,4049
f6d768ed-2263-d3ed-dae0-d79dc4dcc9ca,TRN-02,21,0.049,0,2814
f6d768ed-2263-d3ed-dae0-d79dc4dcc9ca,HYD-03,12,0.043,0,1062
f6d768ed-2263-d3ed-dae0-d79dc4dcc9ca,ELEC-04,22,0.055,0,803
f6d768ed-2263-d3ed-dae0-d79dc4dcc9ca,CHS-05,14,0.021,1548,1334
82f37caa-c7a3-0aef-e305-3c740d15b825,ENG-01,15,0.067,887,4143
82f37caa-c7a3-0aef-e305-3c740d15b825,TRN-02,15,0.052,2752,2946
82f37caa-c7a3-0aef-e305-3c740d15b825,HYD-03,15,0.051,0,1144
82f37caa-c7a3-0aef-e305-3c740d15b825,ELEC-04,14,0.041,172,868
82f37caa-c7a3-0aef-e305-3c740d15b825,CHS-05,11,0.02,0,1450
2e867659-fd95-0955-0da7-07a4fde0cb92,ENG-01,16,0.075,356,4395
2e867659-fd95-0955-0da7-07a4fde0cb92,TRN-02,23,0.049,0,2654
2e867659-fd95-0955-0da7-07a4fde0cb92,HYD-03,16,0.045,1917,1172
2e867659-fd95-0955-0da7-07a4fde0cb92,ELEC-04,16,0.065,331,827
2e867659-fd95-0955-0da7-07a4fde0cb92,CHS-05,22,0.022,0,1428
e0d4b739-c75b-644e-d3b5-02478d1cb172,ENG-01,15,0.068,353,4140
e0d4b739-c75b-644e-d3b5-02478d1cb172,TRN-02,16,0.058,1942,2626
e0d4b739-c75b-644e-d3b5-02478d1cb172,HYD-03,15,0.021,1263,1035
e0d4b739-c75b-644e-d3b5-02478d1cb172,ELEC-04,12,0.069,1363,788
e0d4b739-c75b-644e-d3b5-02478d1cb172,CHS-05,20,0.013,1868,1348
33b2c909-7858-763f-2411-60b0d0329d36,ENG-01,19,0.055,0,4045
33b2c909-7858-763f-2411-60b0d0329d36,TRN-02,14,0.059,0,2716
33b2c909-7858-763f-2411-60b0d0329d36,HYD-03,14,0.03,0,1040
33b2c909-7858-763f-2411-60b0d0329d36,ELEC-04,12,0.066,0,812
33b2c909-7858-763f-2411-60b0d0329d36,CHS-05,20,0.021,681,1341
37400899-09a4-b0c0-e7d8-0ba5ae00be46,ENG-01,2,0.068,0,4589
37400899-09a4-b0c0-e7d8-0ba5ae00be46,TRN-02,16,0.055,537,3014
37400899-09a4-b0c0-e7d8-0ba5ae00be46,HYD-03,15,0.034,207,1179
37400899-09a4-b0c0-e7d8-0ba5ae00be46,ELEC-04,2,0.07,0,849
37400899-09a4-b0c0-e7d8-0ba5ae00be46,CHS-05,12,0.024,1467,1529
deeb043f-296a-9cc2-b22a-94d22862c0ae,ENG-01,2,0.072,0,4698
deeb043f-296a-9cc2-b22a-94d22862c0ae,TRN-02,5,0.05,0,2706
deeb043f-296a-9cc2-b22a-94d22862c0ae,HYD-03,2,0.038,476,1144
deeb043f-296a-9cc2-b22a-94d22862c0ae,ELEC-04,2,0.04,0,864
deeb043f-296a-9cc2-b22a-94d22862c0ae,CHS-05,12,0.05,0,1489
0688fca3-3f49-0a3c-c301-648e179b760f,ENG-01,17,0.065,0,4094
0688fca3-3f49-0a3c-c301-648e179b760f,TRN-02,19,0.044,0,2837
0688fca3-3f49-0a3c-c301-648e179b760f,HYD-03,9,0.053,0,1104
0688fca3-3f49-0a3c-c301-648e179b760f,ELEC-04,15,0.076,0,818
0688fca3-3f49-0a3c-c301-648e179b760f,CHS-05,12,0.044,554,1349
daf29b79-1558-57b7-9715-411353f10583,ENG-01,12,0.081,0,4122
daf29b79-1558-57b7-9715-411353f10583,TRN-02,25,0.039,0,2521
daf29b79-1558-57b7-9715-411353f10583,HYD-03,24,0.057,0,1018
daf29b79-1558-57b7-9715-411353f10583,ELEC-04,15,0.048,0,785
daf29b79-1558-57b7-9715-411353f10583,CHS-05,22,0.033,0,1324
7dbb07e5-dd46-82f7-e720-b2ac249bb241,ENG-01,14,0.058,0,4156
7dbb07e5-dd46-82f7-e720-b2ac249bb241,TRN-02,23,0.033,0,2678
7dbb07e5-dd46-82f7-e720-b2ac249bb241,HYD-03,15,0.026,0,1037
7dbb07e5-dd46-82f7-e720-b2ac249bb241,ELEC-04,14,0.069,0,751
7dbb07e5-dd46-82f7-e720-b2ac249bb241,CHS-05,15,0.042,499,1380
deec0fb1-bd71-8948-aca9-4fe29273a301,ENG-01,20,0.086,1917,4093
deec0fb1-bd71-8948-aca9-4fe29273a301,TRN-02,6,0.041,0,2789
deec0fb1-bd71-8948-aca9-4fe29273a301,HYD-03,11,0.057,0,1104
deec0fb1-bd71-8948-aca9-4fe29273a301,ELEC-04,9,0.073,1367,833
deec0fb1-bd71-8948-aca9-4fe29273a301,CHS-05,9,0.017,1894,1404
d15dfd49-9bc1-5284-2036-13936048f238,ENG-01,13,0.081,519,4360
d15dfd49-9bc1-5284-2036-13936048f238,TRN-02,16,0.069,1263,2641
d15dfd49-9bc1-5284-2036-13936048f238,HYD-03,21,0.053,0,1105
d15dfd49-9bc1-5284-2036-13936048f238,ELEC-04,19,0.04,338,759
d15dfd49-9bc1-5284-2036-13936048f238,CHS-05,21,0.022,0,1323
8fde92b5-d735-cd47-f0b6-4e97756caeb2,ENG-01,6,0.065,0,4306
8fde92b5-d735-cd47-f0b6-4e97756caeb2,TRN-02,10,0.062,143,2631
8fde92b5-d735-cd47-f0b6-4e97756caeb2,HYD-03,6,0.038,1317,1101
8fde92b5-d735-cd47-f0b6-4e97756caeb2,ELEC-04,17,0.049,599,779
8fde92b5-d735-cd47-f0b6-4e97756caeb2,CHS-05,11,0.034,0,1395
09b98ac8-3592-56a2-54cf-eb483060aeb2,ENG-01,9,0.076,70,4233
09b98ac8-3592-56a2-54cf-eb483060aeb2,TRN-02,15,0.054,1206,2658
09b98ac8-3592-56a2-54cf-eb483060aeb2,HYD-03,13,0.022,583,1115
09b98ac8-3592-56a2-54cf-eb483060aeb2,ELEC-04,15,0.065,0,795
09b98ac8-3592-56a2-54cf-eb483060aeb2,CHS-05,17,0.036,0,1415
275227ab-87bb-5026-d2f8-ebae2872b620,ENG-01,11,0.058,0,4151
275227ab-87bb-5026-d2f8-ebae2872b620,TRN-02,13,0.057,0,2899
275227ab-87bb-5026-d2f8-ebae2872b620,HYD-03,15,0.042,1491,1090
275227ab-87bb-5026-d2f8-ebae2872b620,ELEC-04,20,0.049,1062,814
275227ab-87bb-5026-d2f8-ebae2872b620,CHS-05,18,0.038,387,1408
3980c4cb-3d7f-e6eb-ed0e-f78700b61341,ENG-01,10,0.059,0,4367
3980c4cb-3d7f-e6eb-ed0e-f78700b61341,TRN-02,12,0.05,2373,2816
3980c4cb-3d7f-e6eb-ed0e-f78700b61341,HYD-03,21,0.026,1680,1157
3980c4cb-3d7f-e6eb-ed0e-f78700b61341,ELEC-04,23,0.07,0,834
3980c4cb-3d7f-e6eb-ed0e-f78700b61341,CHS-05,19,0.03,0,1410
da528841-cfb9-2daf-ff69-4ee3311d79d8,ENG-01,24,0.081,1308,4202
da528841-cfb9-2daf-ff69-4ee3311d79d8,TRN-02,13,0.044,2363,2678
da528841-cfb9-2daf-ff69-4ee3311d79d8,HYD-03,25,0.044,156,1052
da528841-cfb9-2daf-ff69-4ee3311d79d8,ELEC-04,19,0.078,1948,798
da528841-cfb9-2daf-ff69-4ee3311d79d8,CHS-05,13,0.042,1373,1363
bfb01ac6-909f-2a48-b7aa-5629ac066317,ENG-01,7,0.074,1644,4641
bfb01ac6-909f-2a48-b7aa-5629ac066317,TRN-02,6,0.069,774,2852
bfb01ac6-909f-2a48-b7aa-5629ac066317,HYD-03,3,0.035,393,1201
bfb01ac6-909f-2a48-b7aa-5629ac066317,ELEC-04,7,0.05,13,837
bfb01ac6-909f-2a48-b7aa-5629ac066317,CHS-05,5,0.039,877,1513
9f4297c0-1f22-7dae-d4bb-0d2f027c4850,ENG-01,15,0.063,158,4556
9f4297c0-1f22-7dae-d4bb-0d2f027c4850,TRN-02,14,0.038,3982,2962
9f4297c0-1f22-7dae-d4bb-0d2f027c4850,HYD-03,12,0.033,2368,1165
9f4297c0-1f22-7dae-d4bb-0d2f027c4850,ELEC-04,19,0.055,0,838
9f4297c0-1f22-7dae-d4bb-0d2f027c4850,CHS-05,15,0.027,264,1439
18df72a3-305a-485a-1e62-c68a167264c8,ENG-01,12,0.08,0,4375
18df72a3-305a-485a-1e62-c68a167264c8,TRN-02,13,0.058,0,2728
18df72a3-305a-485a-1e62-c68a167264c8,HYD-03,9,0.06,59,1173
18df72a3-305a-485a-1e62-c68a167264c8,ELEC-04,18,0.058,745,813
18df72a3-305a-485a-1e62-c68a167264c8,CHS-05,10,0.013,0,1431
3382574f-ed1e-1079-cc08-19549b863fd4,ENG-01,17,0.064,69,4405
3382574f-ed1e-1079-cc08-19549b863fd4,TRN-02,10,0.069,0,2652
3382574f-ed1e-1079-cc08-19549b863fd4,HYD-03,14,0.05,0,1101
3382574f-ed1e-1079-cc08-19549b863fd4,ELEC-04,10,0.046,0,836
3382574f-ed1e-1079-cc08-19549b863fd4,CHS-05,22,0.031,0,1416
b4f523e9-abff-ab8d-a9fe-2bbfdfe8e064,ENG-01,16,0.09,0,4055
b4f523e9-abff-ab8d-a9fe-2bbfdfe8e064,TRN-02,19,0.039,0,2542
b4f523e9-abff-ab8d-a9fe-2bbfdfe8e064,HYD-03,17,0.034,0,1028
b4f523e9-abff-ab8d-a9fe-2bbfdfe8e064,ELEC-04,23,0.077,0,783
b4f523e9-abff-ab8d-a9fe-2bbfdfe8e064,CHS-05,11,0.036,0,1330
55131d6e-bd94-2e01-caee-094df4f737d4,ENG-01,11,0.054,3578,4253
55131d6e-bd94-2e01-caee-094df4f737d4,TRN-02,15,0.053,2428,2686
55131d6e-bd94-2e01-caee-094df4f737d4,HYD-03,8,0.046,1367,1097
55131d6e-bd94-2e01-caee-094df4f737d4,ELEC-04,16,0.057,3711,788
55131d6e-bd94-2e01-caee-094df4f737d4,CHS-05,13,0.035,0,1381
60eb49c2-d0ca-150e-7f96-10e27830ee7c,ENG-01,19,0.063,1731,4264
60eb49c2-d0ca-150e-7f96-10e27830ee7c,TRN-02,20,0.057,0,2727
60eb49c2-d0ca-150e-7f96-10e27830ee7c,HYD-03,22,0.021,0,1072
60eb49c2-d0ca-150e-7f96-10e27830ee7c,ELEC-04,18,0.068,642,826
60eb49c2-d0ca-150e-7f96-10e27830ee7c,CHS-05,16,0.013,1028,1388
6c038c0c-052b-d233-dbb7-488dca68b263,ENG-01,12,0.085,1251,4491
6c038c0c-052b-d233-dbb7-488dca68b263,TRN-02,19,0.058,951,2843
6c038c0c-052b-d233-dbb7-488dca68b263,HYD-03,18,0.057,1557,1129
6c038c0c-052b-d233-dbb7-488dca68b263,ELEC-04,12,0.046,1748,818
6c038c0c-052b-d233-dbb7-488dca68b263,CHS-05,19,0.028,1250,1418
90acf5bb-7da5-08e5-a4c0-cd138a389aec,ENG-01,15,0.087,1551,4345
90acf5bb-7da5-08e5-a4c0-cd138a389aec,TRN-02,13,0.045,0,2653
90acf5bb-7da5-08e5-a4c0-cd138a389aec,HYD-03,6,0.021,503,1079
90acf5bb-7da5-08e5-a4c0-cd138a389aec,ELEC-04,17,0.068,797,761
90acf5bb-7da5-08e5-a4c0-cd138a389aec,CHS-05,17,0.013,2039,1405
48600501-2c4f-ce24-6571-77267c4271cb,ENG-01,14,0.081,0,4342
48600501-2c4f-ce24-6571-77267c4271cb,TRN-02,11,0.06,0,2769
48600501-2c4f-ce24-6571-77267c4271cb,HYD-03,15,0.051,1325,1103
48600501-2c4f-ce24-6571-77267c4271cb,ELEC-04,17,0.048,1643,815
48600501-2c4f-ce24-6571-77267c4271cb,CHS-05,20,0.025,686,1453
0d276011-cdf8-2708-109e-22fcb6c99feb,ENG-01,15,0.072,0,4547
0d276011-cdf8-2708-109e-22fcb6c99feb,TRN-02,15,0.04,0,2594
0d276011-cdf8-2708-109e-22fcb6c99feb,HYD-03,9,0.044,0,1108
0d276011-cdf8-2708-109e-22fcb6c99feb,ELEC-04,20,0.079,0,826
0d276011-cdf8-2708-109e-22fcb6c99feb,CHS-05,22,0.043,0,1446
ce1b639e-4d4f-7e03-77da-7271460ea12a,ENG-01,21,0.069,0,3885
ce1b639e-4d4f-7e03-77da-7271460ea12a,TRN-02,22,0.056,138,2686
ce1b639e-4d4f-7e03-77da-7271460ea12a,HYD-03,14,0.03,640,1090
ce1b639e-4d4f-7e03-77da-7271460ea12a,ELEC-04,20,0.061,2016,795
ce1b639e-4d4f-7e03-77da-7271460ea12a,CHS-05,18,0.027,1234,1332
c4ef4fb6-1a52-6ff8-7676-efb369612d61,ENG-01,8,0.08,0,4492
c4ef4fb6-1a52-6ff8-7676-efb369612d61,TRN-02,12,0.063,3633,2947
c4ef4fb6-1a52-6ff8-7676-efb369612d61,HYD-03,15,0.044,999,1143
c4ef4fb6-1a52-6ff8-7676-efb369612d61,ELEC-04,11,0.047,0,832
c4ef4fb6-1a52-6ff8-7676-efb369612d61,CHS-05,7,0.011,293,1513
c3c03da0-8389-064d-1547-aae5f69685ff,ENG-01,12,0.064,321,4308
c3c03da0-8389-064d-1547-aae5f69685ff,TRN-02,11,0.061,0,3021
c3c03da0-8389-064d-1547-aae5f69685ff,HYD-03,13,0.06,34,1190
c3c03da0-8389-064d-1547-aae5f69685ff,ELEC-04,11,0.059,38,854
c3c03da0-8389-064d-1547-aae5f69685ff,CHS-05,14,0.019,726,1438
d935c787-6a53-f1bc-73c8-11ac9cb41702,ENG-01,7,0.076,0,4260
d935c787-6a53-f1bc-73c8-11ac9cb41702,TRN-02,15,0.046,1733,2614
d935c787-6a53-f1bc-73c8-11ac9cb41702,HYD-03,15,0.052,4124,1076
d935c787-6a53-f1bc-73c8-11ac9cb41702,ELEC-04,9,0.061,3034,800
d935c787-6a53-f1bc-73c8-11ac9cb41702,CHS-05,16,0.032,1459,1427
05b51e88-db76-d9f1-e82d-e2d39b3e27e2,ENG-01,11,0.078,1923,4183
05b51e88-db76-d9f1-e82d-e2d39b3e27e2,TRN-02,14,0.058,791,2839
05b51e88-db76-d9f1-e82d-e2d39b3e27e2,HYD-03,20,0.059,0,1132
05b51e88-db76-d9f1-e82d-e2d39b3e27e2,ELEC-04,13,0.048,0,827
05b51e88-db76-d9f1-e82d-e2d39b3e27e2,CHS-05,14,0.038,0,1421
40d1b0f5-bdc5-9270-46b1-7c7dc7c1480f,ENG-01,10,0.065,0,4545
40d1b0f5-bdc5-9270-46b1-7c7dc7c1480f,TRN-02,14,0.051,0,2874
40d1b0f5-bdc5-9270-46b1-7c7dc7c1480f,HYD-03,11,0.041,166,1143
40d1b0f5-bdc5-9270-46b1-7c7dc7c1480f,ELEC-04,9,0.079,0,837
40d1b0f5-bdc5-9270-46b1-7c7dc7c1480f,CHS-05,10,0.017,755,1475
330e2fc2-c24b-feb8-fff7-92c9f884c7a2,ENG-01,10,0.052,2423,4605
330e2fc2-c24b-feb8-fff7-92c9f884c7a2,TRN-02,6,0.046,1807,2968
330e2fc2-c24b-feb8-fff7-92c9f884c7a2,HYD-03,3,0.029,2972,1175
330e2fc2-c24b-feb8-fff7-92c9f884c7a2,ELEC-04,2,0.054,114,878
330e2fc2-c24b-feb8-fff7-92c9f884c7a2,CHS-05,15,0.018,4846,1477
79ebac98-68d6-edf4-090d-4125792f76a8,ENG-01,6,0.064,0,4256
79ebac98-68d6-edf4-090d-4125792f76a8,TRN-02,16,0.05,538,3168
79ebac98-68d6-edf4-090d-4125792f76a8,HYD-03,8,0.034,0,1151
79ebac98-68d6-edf4-090d-4125792f76a8,ELEC-04,4,0.07,777,889
79ebac98-68d6-edf4-090d-4125792f76a8,CHS-05,9,0.013,0,1483
b0c1685f-5b97-933d-446e-965fcdbf6c37,ENG-01,7,0.06,0,4560
b0c1685f-5b97-933d-446e-965fcdbf6c37,TRN-02,8,0.06,1927,2719
b0c1685f-5b97-933d-446e-965fcdbf6c37,HYD-03,10,0.021,1449,1159
b0c1685f-5b97-933d-446e-965fcdbf6c37,ELEC-04,6,0.08,870,855
b0c1685f-5b97-933d-446e-965fcdbf6c37,CHS-05,3,0.037,0,1529
f555fe10-9436-e3bc-6268-d7462c7fe255,ENG-01,14,0.062,283,4554
f555fe10-9436-e3bc-6268-d7462c7fe255,TRN-02,13,0.049,0,2858
f555fe10-9436-e3bc-6268-d7462c7fe255,HYD-03,6,0.043,1108,1162
f555fe10-9436-e3bc-6268-d7462c7fe255,ELEC-04,6,0.078,0,847
f555fe10-9436-e3bc-6268-d7462c7fe255,CHS-05,16,0.027,341,1486
6e81a611-3be3-0d40-3284-82ca875dc917,ENG-01,14,0.076,915,4105
6e81a611-3be3-0d40-3284-82ca875dc917,TRN-02,12,0.036,916,2772
6e81a611-3be3-0d40-3284-82ca875dc917,HYD-03,21,0.04,1416,1061
6e81a611-3be3-0d40-3284-82ca875dc917,ELEC-04,21,0.064,0,781
6e81a611-3be3-0d40-3284-82ca875dc917,CHS-05,17,0.042,1561,1361
09780813-fccd-dd6c-f916-458addaf2567,ENG-01,23,0.051,0,4519
09780813-fccd-dd6c-f916-458addaf2567,TRN-02,12,0.031,1093,2827
09780813-fccd-dd6c-f916-458addaf2567,HYD-03,13,0.039,1151,1145
09780813-fccd-dd6c-f916-458addaf2567,ELEC-04,13,0.042,313,805
09780813-fccd-dd6c-f916-458addaf2567,CHS-05,10,0.049,0,1466
36229eab-6015-b4ae-c54c-2b066477770f,ENG-01,14,0.087,76,4509
36229eab-6015-b4ae-c54c-2b066477770f,TRN-02,9,0.066,488,2909
36229eab-6015-b4ae-c54c-2b066477770f,HYD-03,13,0.057,0,1181
36229eab-6015-b4ae-c54c-2b066477770f,ELEC-04,6,0.04,0,838
36229eab-6015-b4ae-c54c-2b066477770f,CHS-05,16,0.014,0,1520
cd79c658-8378-f9d4-e876-64e941bc7789,ENG-01,10,0.071,171,4679
cd79c658-8378-f9d4-e876-64e941bc7789,TRN-02,15,0.06,572,2839
cd79c658-8378-f9d4-e876-64e941bc7789,HYD-03,14,0.029,0,1179
cd79c658-8378-f9d4-e876-64e941bc7789,ELEC-04,3,0.053,1452,824
cd79c658-8378-f9d4-e876-64e941bc7789,CHS-05,8,0.049,0,1451
3e12d060-bbf2-6a4d-b4f8-844f2bd5a912,ENG-01,18,0.054,1409,4306
3e12d060-bbf2-6a4d-b4f8-844f2bd5a912,TRN-02,11,0.063,2420,2634
3e12d060-bbf2-6a4d-b4f8-844f2bd5a912,HYD-03,17,0.025,3443,1153
3e12d060-bbf2-6a4d-b4f8-844f2bd5a912,ELEC-04,14,0.063,2340,802
3e12d060-bbf2-6a4d-b4f8-844f2bd5a912,CHS-05,12,0.034,3266,1436
4e1d336b-2d63-b51d-cbad-a49cf4092729,ENG-01,18,0.064,2222,4258
4e1d336b-2d63-b51d-cbad-a49cf4092729,TRN-02,8,0.037,1924,2708
4e1d336b-2d63-b51d-cbad-a49cf4092729,HYD-03,11,0.057,0,1059
4e1d336b-2d63-b51d-cbad-a49cf4092729,ELEC-04,10,0.075,0,748
4e1d336b-2d63-b51d-cbad-a49cf4092729,CHS-05,14,0.023,1129,1352
78029963-c54d-a0d5-3bf2-81a78fb48bdc,ENG-01,20,0.07,0,3936
78029963-c54d-a0d5-3bf2-81a78fb48bdc,TRN-02,12,0.068,964,2769
78029963-c54d-a0d5-3bf2-81a78fb48bdc,HYD-03,21,0.055,249,1068
78029963-c54d-a0d5-3bf2-81a78fb48bdc,ELEC-04,23,0.069,1276,816
78029963-c54d-a0d5-3bf2-81a78fb48bdc,CHS-05,18,0.045,1459,1364
80be6a4d-063b-5b79-508a-aa2486f2addf,ENG-01,14,0.057,1005,4391
80be6a4d-063b-5b79-508a-aa2486f2addf,TRN-02,17,0.056,421,2845
80be6a4d-063b-5b79-508a-aa2486f2addf,HYD-03,14,0.051,136,1091
80be6a4d-063b-5b79-508a-aa2486f2addf,ELEC-04,18,0.069,0,806
80be6a4d-063b-5b79-508a-aa2486f2addf,CHS-05,8,0.03,567,1424
2d5056d0-f5de-a4d3-3ffb-3515f8f98ae6,ENG-01,20,0.071,3739,4417
2d5056d0-f5de-a4d3-3ffb-3515f8f98ae6,TRN-02,16,0.053,4664,2544
2d5056d0-f5de-a4d3-3ffb-3515f8f98ae6,HYD-03,19,0.03,2206,1073
2d5056d0-f5de-a4d3-3ffb-3515f8f98ae6,ELEC-04,20,0.044,2736,782
2d5056d0-f5de-a4d3-3ffb-3515f8f98ae6,CHS-05,7,0.02,1754,1386
c8cb9871-5a26-905b-705c-a5e0b8afed3e,ENG-01,22,0.055,0,4047
c8cb9871-5a26-905b-705c-a5e0b8afed3e,TRN-02,15,0.037,1095,2694
c8cb9871-5a26-905b-705c-a5e0b8afed3e,HYD-03,22,0.047,0,1049
c8cb9871-5a26-905b-705c-a5e0b8afed3e,ELEC-04,14,0.065,245,781
c8cb9871-5a26-905b-705c-a5e0b8afed3e,CHS-05,20,0.039,1355,1326
d7acaa87-fb15-a7ba-b565-377a4f0e44ed,ENG-01,17,0.073,1299,4074
d7acaa87-fb15-a7ba-b565-377a4f0e44ed,TRN-02,8,0.054,1558,2685
d7acaa87-fb15-a7ba-b565-377a4f0e44ed,HYD-03,12,0.048,2031,1093
d7acaa87-fb15-a7ba-b565-377a4f0e44ed,ELEC-04,14,0.042,2255,777
d7acaa87-fb15-a7ba-b565-377a4f0e44ed,CHS-05,16,0.037,0,1399
d5b70881-ee45-2d47-8355-7b99fc59ff27,ENG-01,8,0.081,0,4734
d5b70881-ee45-2d47-8355-7b99fc59ff27,TRN-02,13,0.038,0,2720
d5b70881-ee45-2d47-8355-7b99fc59ff27,HYD-03,3,0.05,0,1162
d5b70881-ee45-2d47-8355-7b99fc59ff27,ELEC-04,4,0.05,0,843
d5b70881-ee45-2d47-8355-7b99fc59ff27,CHS-05,8,0.046,0,1553
c999584a-eb6b-5a87-bffd-50433c92d6a2,ENG-01,17,0.053,1799,4084
c999584a-eb6b-5a87-bffd-50433c92d6a2,TRN-02,14,0.044,2720,2563
c999584a-eb6b-5a87-bffd-50433c92d6a2,HYD-03,20,0.038,0,1090
c999584a-eb6b-5a87-bffd-50433c92d6a2,ELEC-04,14,0.046,1910,775
c999584a-eb6b-5a87-bffd-50433c92d6a2,CHS-05,13,0.029,806,1332
a0036351-9284-3e47-81be-58368cb67560,ENG-01,12,0.056,651,4121
a0036351-9284-3e47-81be-58368cb67560,TRN-02,17,0.07,0,2506
a0036351-9284-3e47-81be-58368cb67560,HYD-03,12,0.048,0,1116
a0036351-9284-3e47-81be-58368cb67560,ELEC-04,17,0.065,0,785
a0036351-9284-3e47-81be-58368cb67560,CHS-05,13,0.021,0,1390
fd508edd-0353-dc29-b4e0-013a2cf38ddd,ENG-01,10,0.055,0,4477
fd508edd-0353-dc29-b4e0-013a2cf38ddd,TRN-02,20,0.066,0,2632
fd508edd-0353-dc29-b4e0-013a2cf38ddd,HYD-03,23,0.035,805,1144
fd508edd-0353-dc29-b4e0-013a2cf38ddd,ELEC-04,11,0.053,0,794
fd508edd-0353-dc29-b4e0-013a2cf38ddd,CHS-05,21,0.04,0,1496
68114033-5922-d497-babe-858e3741f1cd,ENG-01,7,0.058,645,4793
68114033-5922-d497-babe-858e3741f1cd,TRN-02,8,0.054,0,2950
68114033-5922-d497-babe-858e3741f1cd,HYD-03,16,0.021,0,1202
68114033-5922-d497-babe-858e3741f1cd,ELEC-04,12,0.07,1315,841
68114033-5922-d497-babe-858e3741f1cd,CHS-05,5,0.028,1161,1502
28d80d59-31ee-02e8-f330-2490b523de69,ENG-01,21,0.069,0,4416
28d80d59-31ee-02e8-f330-2490b523de69,TRN-02,22,0.033,1452,2915
28d80d59-31ee-02e8-f330-2490b523de69,HYD-03,18,0.057,1304,1154
28d80d59-31ee-02e8-f330-2490b523de69,ELEC-04,17,0.055,2898,878
28d80d59-31ee-02e8-f330-2490b523de69,CHS-05,12,0.023,495,1493
93070289-a870-cff5-96f0-70f9a2486373,ENG-01,20,0.064,2038,4149
93070289-a870-cff5-96f0-70f9a2486373,TRN-02,24,0.068,1144,2825
93070289-a870-cff5-96f0-70f9a2486373,HYD-03,17,0.027,0,1097
93070289-a870-cff5-96f0-70f9a2486373,ELEC-04,14,0.049,1768,765
93070289-a870-cff5-96f0-70f9a2486373,CHS-05,22,0.024,0,1398
09d899d8-7f0c-f5c2-ffbb-1ad19aa3ccba,ENG-01,12,0.067,0,4191
09d899d8-7f0c-f5c2-ffbb-1ad19aa3ccba,TRN-02,16,0.044,0,2817
09d899d8-7f0c-f5c2-ffbb-1ad19aa3ccba,HYD-03,14,0.056,1112,1166
09d899d8-7f0c-f5c2-ffbb-1ad19aa3ccba,ELEC-04,20,0.07,266,869
09d899d8-7f0c-f5c2-ffbb-1ad19aa3ccba,CHS-05,10,0.011,0,1490
cc0ae7e2-bd89-2bc9-394f-9a3650b80453,ENG-01,21,0.086,564,4455
cc0ae7e2-bd89-2bc9-394f-9a3650b80453,TRN-02,22,0.047,0,2731
cc0ae7e2-bd89-2bc9-394f-9a3650b80453,HYD-03,21,0.035,0,1154
cc0ae7e2-bd89-2bc9-394f-9a3650b80453,ELEC-04,12,0.058,0,852
cc0ae7e2-bd89-2bc9-394f-9a3650b80453,CHS-05,12,0.029,0,1461
ec6de173-c0c1-1088-8344-e66701e4b20f,ENG-01,3,0.051,1787,4511
ec6de173-c0c1-1088-8344-e66701e4b20f,TRN-02,10,0.05,1629,3056
ec6de173-c0c1-1088-8344-e66701e4b20f,HYD-03,13,0.023,1046,1230
ec6de173-c0c1-1088-8344-e66701e4b20f,ELEC-04,7,0.07,550,894
ec6de173-c0c1-1088-8344-e66701e4b20f,CHS-05,15,0.029,0,1496
8e01df76-b4a2-8a94-18c6-59f7234c66b4,ENG-01,11,0.06,2492,4110
8e01df76-b4a2-8a94-18c6-59f7234c66b4,TRN-02,17,0.031,4206,2477
8e01df76-b4a2-8a94-18c6-59f7234c66b4,HYD-03,15,0.035,4397,1077
8e01df76-b4a2-8a94-18c6-59f7234c66b4,ELEC-04,13,0.053,5108,769
8e01df76-b4a2-8a94-18c6-59f7234c66b4,CHS-05,12,0.044,4580,1355
254fa5a7-9d87-3f17-aae3-795bd565f6ef,ENG-01,22,0.069,1298,4480
254fa5a7-9d87-3f17-aae3-795bd565f6ef,TRN-02,19,0.04,807,2841
254fa5a7-9d87-3f17-aae3-795bd565f6ef,HYD-03,12,0.029,1584,1135
254fa5a7-9d87-3f17-aae3-795bd565f6ef,ELEC-04,9,0.045,1387,817
254fa5a7-9d87-3f17-aae3-795bd565f6ef,CHS-05,23,0.021,783,1459
807c42a2-3b47-d0fd-eea4-46e689ef8436,ENG-01,11,0.079,550,4092
807c42a2-3b47-d0fd-eea4-46e689ef8436,TRN-02,11,0.034,321,2578
807c42a2-3b47-d0fd-eea4-46e689ef8436,HYD-03,19,0.026,565,1042
807c42a2-3b47-d0fd-eea4-46e689ef8436,ELEC-04,11,0.045,385,747
807c42a2-3b47-d0fd-eea4-46e689ef8436,CHS-05,25,0.04,2647,1381
b6b88fcc-f164-cd1a-e31e-a126ac4e9292,ENG-01,2,0.063,0,4670
b6b88fcc-f164-cd1a-e31e-a126ac4e9292,TRN-02,9,0.065,3668,2779
b6b88fcc-f164-cd1a-e31e-a126ac4e9292,HYD-03,6,0.059,5016,1228
b6b88fcc-f164-cd1a-e31e-a126ac4e9292,ELEC-04,13,0.048,0,859
b6b88fcc-f164-cd1a-e31e-a126ac4e9292,CHS-05,11,0.038,5140,1466
54a18002-3242-6b28-cc74-795fe626dee2,ENG-01,8,0.086,0,4298
54a18002-3242-6b28-cc74-795fe626dee2,TRN-02,18,0.068,0,2553
54a18002-3242-6b28-cc74-795fe626dee2,HYD-03,19,0.034,0,1065
54a18002-3242-6b28-cc74-795fe626dee2,ELEC-04,16,0.068,0,783
54a18002-3242-6b28-cc74-795fe626dee2,CHS-05,9,0.049,0,1420
f89076fc-557f-c010-8c43-abfe917392a0,ENG-01,6,0.059,209,4370
f89076fc-557f-c010-8c43-abfe917392a0,TRN-02,4,0.039,1530,3072
f89076fc-557f-c010-8c43-abfe917392a0,HYD-03,12,0.037,0,1204
f89076fc-557f-c010-8c43-abfe917392a0,ELEC-04,6,0.07,1929,914
f89076fc-557f-c010-8c43-abfe917392a0,CHS-05,4,0.023,0,1466
9320ea75-1890-3e41-b816-c35c340d35b4,ENG-01,12,0.08,1281,4394
9320ea75-1890-3e41-b816-c35c340d35b4,TRN-02,14,0.058,1264,2822
9320ea75-1890-3e41-b816-c35c340d35b4,HYD-03,13,0.045,0,1140
9320ea75-1890-3e41-b816-c35c340d35b4,ELEC-04,23,0.06,820,825
9320ea75-1890-3e41-b816-c35c340d35b4,CHS-05,9,0.013,0,1429
633d57ab-83cd-0b65-8ec1-6c2421806291,ENG-01,21,0.059,640,3887
633d57ab-83cd-0b65-8ec1-6c2421806291,TRN-02,16,0.061,1080,2773
633d57ab-83cd-0b65-8ec1-6c2421806291,HYD-03,21,0.043,0,1103
633d57ab-83cd-0b65-8ec1-6c2421806291,ELEC-04,25,0.08,1743,799
633d57ab-83cd-0b65-8ec1-6c2421806291,CHS-05,14,0.05,0,1379
0ff1f5ae-ef98-44de-3d21-834ec3134ad8,ENG-01,14,0.062,0,4296
0ff1f5ae-ef98-44de-3d21-834ec3134ad8,TRN-02,21,0.037,0,2653
0ff1f5ae-ef98-44de-3d21-834ec3134ad8,HYD-03,18,0.048,2912,1111
0ff1f5ae-ef98-44de-3d21-834ec3134ad8,ELEC-04,15,0.054,992,789
0ff1f5ae-ef98-44de-3d21-834ec3134ad8,CHS-05,14,0.021,1599,1423
7f79f28e-30fb-0a5e-c6db-734d7ee938f5,ENG-01,17,0.05,288,4523
7f79f28e-30fb-0a5e-c6db-734d7ee938f5,TRN-02,22,0.056,0,2753
7f79f28e-30fb-0a5e-c6db-734d7ee938f5,HYD-03,20,0.023,0,1152
7f79f28e-30fb-0a5e-c6db-734d7ee938f5,ELEC-04,17,0.074,263,790
7f79f28e-30fb-0a5e-c6db-734d7ee938f5,CHS-05,20,0.019,0,1449
5884deb6-ad0c-1021-ef03-4c77be95aad1,ENG-01,17,0.073,0,4580
5884deb6-ad0c-1021-ef03-4c77be95aad1,TRN-02,17,0.059,0,2592
5884deb6-ad0c-1021-ef03-4c77be95aad1,HYD-03,11,0.041,0,1159
5884deb6-ad0c-1021-ef03-4c77be95aad1,ELEC-04,23,0.06,0,834
5884deb6-ad0c-1021-ef03-4c77be95aad1,CHS-05,18,0.035,0,1412
d5b93b73-a29a-3efb-8210-d77176a1ea45,ENG-01,13,0.062,337,4145
d5b93b73-a29a-3efb-8210-d77176a1ea45,TRN-02,13,0.037,124,2668
d5b93b73-a29a-3efb-8210-d77176a1ea45,HYD-03,8,0.03,557,1067
d5b93b73-a29a-3efb-8210-d77176a1ea45,ELEC-04,10,0.052,1243,786
d5b93b73-a29a-3efb-8210-d77176a1ea45,CHS-05,16,0.034,390,1386
28323a85-0b4a-e9e8-5c5f-65b996c04a7d,ENG-01,13,0.076,4677,4568
28323a85-0b4a-e9e8-5c5f-65b996c04a7d,TRN-02,23,0.055,2957,2630
28323a85-0b4a-e9e8-5c5f-65b996c04a7d,HYD-03,19,0.051,2603,1194
28323a85-0b4a-e9e8-5c5f-65b996c04a7d,ELEC-04,10,0.072,2475,825
28323a85-0b4a-e9e8-5c5f-65b996c04a7d,CHS-05,18,0.034,4410,1461
96382735-44fd-c3c1-dc40-0e38dd2fe5a5,ENG-01,9,0.068,787,4149
96382735-44fd-c3c1-dc40-0e38dd2fe5a5,TRN-02,15,0.049,0,2676
96382735-44fd-c3c1-dc40-0e38dd2fe5a5,HYD-03,19,0.029,1206,1092
96382735-44fd-c3c1-dc40-0e38dd2fe5a5,ELEC-04,17,0.062,0,830
96382735-44fd-c3c1-dc40-0e38dd2fe5a5,CHS-05,9,0.014,0,1428
d4f9d211-db52-4e75-3e3d-7935bd05877a,ENG-01,19,0.089,1848,4166
d4f9d211-db52-4e75-3e3d-7935bd05877a,TRN-02,22,0.052,662,2795
d4f9d211-db52-4e75-3e3d-7935bd05877a,HYD-03,20,0.055,2,1072
d4f9d211-db52-4e75-3e3d-7935bd05877a,ELEC-04,25,0.059,0,787
d4f9d211-db52-4e75-3e3d-7935bd05877a,CHS-05,23,0.031,2612,1351
189704ac-4473-e784-d808-c43d7412d4fb,ENG-01,14,0.059,3711,4522
189704ac-4473-e784-d808-c43d7412d4fb,TRN-02,16,0.066,944,2715
189704ac-4473-e784-d808-c43d7412d4fb,HYD-03,13,0.032,0,1164
189704ac-4473-e784-d808-c43d7412d4fb,ELEC-04,14,0.08,0,834
189704ac-4473-e784-d808-c43d7412d4fb,CHS-05,10,0.038,1073,1425
500b1b45-4b16-520d-c6cd-e6059f03a70d,ENG-01,7,0.053,2578,4238
500b1b45-4b16-520d-c6cd-e6059f03a70d,TRN-02,9,0.031,230,2764
500b1b45-4b16-520d-c6cd-e6059f03a70d,HYD-03,7,0.053,831,1087
500b1b45-4b16-520d-c6cd-e6059f03a70d,ELEC-04,12,0.056,0,786
500b1b45-4b16-520d-c6cd-e6059f03a70d,CHS-05,14,0.02,2294,1344
7b3825bc-377a-0864-4ebf-87528450248e,ENG-01,13,0.084,446,4414
7b3825bc-377a-0864-4ebf-87528450248e,TRN-02,21,0.059,44,2878
7b3825bc-377a-0864-4ebf-87528450248e,HYD-03,15,0.023,0,1126
7b3825bc-377a-0864-4ebf-87528450248e,ELEC-04,20,0.073,0,824
7b3825bc-377a-0864-4ebf-87528450248e,CHS-05,15,0.011,468,1408
35987a1b-fc3d-a792-1e34-ed47282ea85c,ENG-01,7,0.07,0,4396
35987a1b-fc3d-a792-1e34-ed47282ea85c,TRN-02,10,0.063,0,3090
35987a1b-fc3d-a792-1e34-ed47282ea85c,HYD-03,14,0.038,724,1163
35987a1b-fc3d-a792-1e34-ed47282ea85c,ELEC-04,4,0.079,714,894
35987a1b-fc3d-a792-1e34-ed47282ea85c,CHS-05,12,0.022,0,1471
27d77ad0-8e5d-b710-11b8-b97e4e856f49,ENG-01,13,0.074,528,4132
27d77ad0-8e5d-b710-11b8-b97e4e856f49,TRN-02,6,0.034,1312,2874
27d77ad0-8e5d-b710-11b8-b97e4e856f49,HYD-03,16,0.035,309,1100
27d77ad0-8e5d-b710-11b8-b97e4e856f49,ELEC-04,10,0.059,2197,823
27d77ad0-8e5d-b710-11b8-b97e4e856f49,CHS-05,10,0.027,135,1380
33ce5962-72f8-e6cc-c85f-3c173ccafb6c,ENG-01,19,0.076,0,4361
33ce5962-72f8-e6cc-c85f-3c173ccafb6c,TRN-02,17,0.05,3525,2833
33ce5962-72f8-e6cc-c85f-3c173ccafb6c,HYD-03,9,0.034,0,1079
33ce5962-72f8-e6cc-c85f-3c173ccafb6c,ELEC-04,17,0.071,3208,789
33ce5962-72f8-e6cc-c85f-3c173ccafb6c,CHS-05,18,0.021,0,1392
be0dc7c1-78d4-e558-347f-42d165284f7b,ENG-01,10,0.08,118,4526
be0dc7c1-78d4-e558-347f-42d165284f7b,TRN-02,22,0.053,0,2762
be0dc7c1-78d4-e558-347f-42d165284f7b,HYD-03,10,0.036,2481,1116
be0dc7c1-78d4-e558-347f-42d165284f7b,ELEC-04,13,0.073,62,802
be0dc7c1-78d4-e558-347f-42d165284f7b,CHS-05,11,0.045,646,1470
e7ef3517-08ee-1aa8-6772-ba08b4fb1e7d,ENG-01,7,0.065,759,4078
e7ef3517-08ee-1aa8-6772-ba08b4fb1e7d,TRN-02,10,0.044,0,2704
e7ef3517-08ee-1aa8-6772-ba08b4fb1e7d,HYD-03,19,0.024,1561,1035
e7ef3517-08ee-1aa8-6772-ba08b4fb1e7d,ELEC-04,19,0.051,993,746
e7ef3517-08ee-1aa8-6772-ba08b4fb1e7d,CHS-05,19,0.023,0,1325
c9dbec58-8fd4-5de4-2580-65936ab92b70,ENG-01,19,0.057,615,4038
c9dbec58-8fd4-5de4-2580-65936ab92b70,TRN-02,7,0.042,2352,2829
c9dbec58-8fd4-5de4-2580-65936ab92b70,HYD-03,19,0.037,1368,1092
c9dbec58-8fd4-5de4-2580-65936ab92b70,ELEC-04,6,0.056,483,837
c9dbec58-8fd4-5de4-2580-65936ab92b70,CHS-05,17,0.042,84,1388
468503a9-c577-8db5-ae22-a6bb4fd3c007,ENG-01,15,0.069,497,4408
468503a9-c577-8db5-ae22-a6bb4fd3c007,TRN-02,11,0.058,1061,2721
468503a9-c577-8db5-ae22-a6bb4fd3c007,HYD-03,14,0.058,0,1077
468503a9-c577-8db5-ae22-a6bb4fd3c007,ELEC-04,17,0.056,2232,794
468503a9-c577-8db5-ae22-a6bb4fd3c007,CHS-05,20,0.032,2632,1369
c9e55bb3-463e-504c-cf88-e67fe1a2aa55,ENG-01,15,0.066,0,4773
c9e55bb3-463e-504c-cf88-e67fe1a2aa55,TRN-02,10,0.054,0,2837
c9e55bb3-463e-504c-cf88-e67fe1a2aa55,HYD-03,10,0.057,940,1179
c9e55bb3-463e-504c-cf88-e67fe1a2aa55,ELEC-04,13,0.064,784,831
c9e55bb3-463e-504c-cf88-e67fe1a2aa55,CHS-05,2,0.03,0,1479
013edd2a-e878-50cc-f961-ef60c7f22089,ENG-01,21,0.076,407,4187
013edd2a-e878-50cc-f961-ef60c7f22089,TRN-02,14,0.06,227,2805
013edd2a-e878-50cc-f961-ef60c7f22089,HYD-03,9,0.045,101,1123
013edd2a-e878-50cc-f961-ef60c7f22089,ELEC-04,19,0.055,1221,859
013edd2a-e878-50cc-f961-ef60c7f22089,CHS-05,10,0.039,409,1440
6affbd65-3c70-946d-195d-61b3b7402064,ENG-01,18,0.086,3083,4574
6affbd65-3c70-946d-195d-61b3b7402064,TRN-02,23,0.056,1080,2902
6affbd65-3c70-946d-195d-61b3b7402064,HYD-03,17,0.044,0,1116
6affbd65-3c70-946d-195d-61b3b7402064,ELEC-04,17,0.065,1066,822
6affbd65-3c70-946d-195d-61b3b7402064,CHS-05,9,0.031,1307,1446
e75fa7c0-c9c3-0d77-7928-1e330967e8f5,ENG-01,10,0.067,277,4437
e75fa7c0-c9c3-0d77-7928-1e330967e8f5,TRN-02,23,0.067,1536,2759
e75fa7c0-c9c3-0d77-7928-1e330967e8f5,HYD-03,15,0.06,1058,1130
e75fa7c0-c9c3-0d77-7928-1e330967e8f5,ELEC-04,11,0.077,1572,789
e75fa7c0-c9c3-0d77-7928-1e330967e8f5,CHS-05,18,0.013,1303,1456
eebfdb46-b61a-f770-9f00-f8818cb1da9b,ENG-01,9,0.086,1674,4446
eebfdb46-b61a-f770-9f00-f8818cb1da9b,TRN-02,14,0.031,0,2791
eebfdb46-b61a-f770-9f00-f8818cb1da9b,HYD-03,20,0.04,0,1112
eebfdb46-b61a-f770-9f00-f8818cb1da9b,ELEC-04,9,0.079,0,786
eebfdb46-b61a-f770-9f00-f8818cb1da9b,CHS-05,19,0.023,1237,1478
9b3cdb5e-5bd3-f45f-eb65-69d90fd59ca8,ENG-01,5,0.054,612,4513
9b3cdb5e-5bd3-f45f-eb65-69d90fd59ca8,TRN-02,4,0.042,0,2829
9b3cdb5e-5bd3-f45f-eb65-69d90fd59ca8,HYD-03,10,0.03,1199,1165
9b3cdb5e-5bd3-f45f-eb65-69d90fd59ca8,ELEC-04,15,0.041,2002,841
9b3cdb5e-5bd3-f45f-eb65-69d90fd59ca8,CHS-05,4,0.03,0,1522
deeb1b66-0f03-425a-a610-7e38d18097c4,ENG-01,19,0.072,1704,4211
deeb1b66-0f03-425a-a610-7e38d18097c4,TRN-02,19,0.058,1116,2699
deeb1b66-0f03-425a-a610-7e38d18097c4,HYD-03,15,0.035,2240,1058
deeb1b66-0f03-425a-a610-7e38d18097c4,ELEC-04,18,0.045,1921,786
deeb1b66-0f03-425a-a610-7e38d18097c4,CHS-05,22,0.043,1136,1374
61c43f0d-5047-802d-651c-c4c5f89f7461,ENG-01,21,0.081,3328,4164
61c43f0d-5047-802d-651c-c4c5f89f7461,TRN-02,13,0.055,5308,2533
61c43f0d-5047-802d-651c-c4c5f89f7461,HYD-03,12,0.021,3248,1074
61c43f0d-5047-802d-651c-c4c5f89f7461,ELEC-04,24,0.068,5858,775
61c43f0d-5047-802d-651c-c4c5f89f7461,CHS-05,13,0.019,1576,1284
7a3b0fe1-7674-4151-195f-84bba6ef28ed,ENG-01,20,0.055,0,4371
7a3b0fe1-7674-4151-195f-84bba6ef28ed,TRN-02,12,0.042,0,2596
7a3b0fe1-7674-4151-195f-84bba6ef28ed,HYD-03,18,0.028,773,1110
7a3b0fe1-7674-4151-195f-84bba6ef28ed,ELEC-04,14,0.064,943,787
7a3b0fe1-7674-4151-195f-84bba6ef28ed,CHS-05,14,0.05,1933,1339
8c09dc72-bce4-001f-44a4-25285ad21a8f,ENG-01,13,0.068,1431,4478
8c09dc72-bce4-001f-44a4-25285ad21a8f,TRN-02,12,0.062,3447,2651
8c09dc72-bce4-001f-44a4-25285ad21a8f,HYD-03,16,0.034,1219,1138
8c09dc72-bce4-001f-44a4-25285ad21a8f,ELEC-04,17,0.076,3864,792
8c09dc72-bce4-001f-44a4-25285ad21a8f,CHS-05,16,0.048,901,1414
52b334a5-894f-a162-e1db-f8845cc1dc59,ENG-01,3,0.082,1611,4550
52b334a5-894f-a162-e1db-f8845cc1dc59,TRN-02,13,0.043,1100,2781
52b334a5-894f-a162-e1db-f8845cc1dc59,HYD-03,14,0.03,1410,1206
52b334a5-894f-a162-e1db-f8845cc1dc59,ELEC-04,3,0.067,1035,810
52b334a5-894f-a162-e1db-f8845cc1dc59,CHS-05,14,0.011,2781,1501
563ab4f5-5bd6-c79d-0f8c-ba22dd8db7df,ENG-01,9,0.081,2505,4672
563ab4f5-5bd6-c79d-0f8c-ba22dd8db7df,TRN-02,15,0.062,1413,2745
563ab4f5-5bd6-c79d-0f8c-ba22dd8db7df,HYD-03,3,0.05,1966,1234
563ab4f5-5bd6-c79d-0f8c-ba22dd8db7df,ELEC-04,11,0.052,2959,837
563ab4f5-5bd6-c79d-0f8c-ba22dd8db7df,CHS-05,8,0.012,2736,1469
8f341956-c411-46c5-1737-1d3af2836d5f,ENG-01,6,0.054,138,4536
8f341956-c411-46c5-1737-1d3af2836d5f,TRN-02,3,0.065,0,2868
8f341956-c411-46c5-1737-1d3af2836d5f,HYD-03,7,0.039,2781,1182
8f341956-c411-46c5-1737-1d3af2836d5f,ELEC-04,5,0.064,2912,865
8f341956-c411-46c5-1737-1d3af2836d5f,CHS-05,16,0.041,1039,1504
1c7b6715-4bc5-909b-ba15-4042df6f62e8,ENG-01,15,0.069,3195,4710
1c7b6715-4bc5-909b-ba15-4042df6f62e8,TRN-02,9,0.067,3279,2827
1c7b6715-4bc5-909b-ba15-4042df6f62e8,HYD-03,9,0.033,5309,1158
1c7b6715-4bc5-909b-ba15-4042df6f62e8,ELEC-04,11,0.043,3248,827
1c7b6715-4bc5-909b-ba15-4042df6f62e8,CHS-05,3,0.038,2369,1501
e6dfd28d-6c08-a175-c6aa-c2b337de155b,ENG-01,6,0.09,0,4202
e6dfd28d-6c08-a175-c6aa-c2b337de155b,TRN-02,6,0.054,0,2699
e6dfd28d-6c08-a175-c6aa-c2b337de155b,HYD-03,19,0.03,1135,1080
e6dfd28d-6c08-a175-c6aa-c2b337de155b,ELEC-04,13,0.044,1253,802
e6dfd28d-6c08-a175-c6aa-c2b337de155b,CHS-05,6,0.016,270,1371
352a2e4e-1f74-3f5f-d0e9-5a55a91e2a3f,ENG-01,12,0.09,0,4140
352a2e4e-1f74-3f5f-d0e9-5a55a91e2a3f,TRN-02,13,0.038,0,2741
352a2e4e-1f74-3f5f-d0e9-5a55a91e2a3f,HYD-03,11,0.023,0,1093
352a2e4e-1f74-3f5f-d0e9-5a55a91e2a3f,ELEC-04,12,0.048,0,794
352a2e4e-1f74-3f5f-d0e9-5a55a91e2a3f,CHS-05,16,0.031,1200,1398
d5c42d06-1766-e6d6-292c-43cc37c5e4fc,ENG-01,15,0.077,3357,4251
d5c42d06-1766-e6d6-292c-43cc37c5e4fc,TRN-02,22,0.067,989,2927
d5c42d06-1766-e6d6-292c-43cc37c5e4fc,HYD-03,15,0.028,26,1096
d5c42d06-1766-e6d6-292c-43cc37c5e4fc,ELEC-04,10,0.045,0,862
d5c42d06-1766-e6d6-292c-43cc37c5e4fc,CHS-05,11,0.045,766,1454
2d836a83-23d8-e40d-4785-6a396755f523,ENG-01,16,0.078,1352,4347
2d836a83-23d8-e40d-4785-6a396755f523,TRN-02,12,0.05,1427,2935
2d836a83-23d8-e40d-4785-6a396755f523,HYD-03,22,0.055,332,1159
2d836a83-23d8-e40d-4785-6a396755f523,ELEC-04,11,0.073,0,885
2d836a83-23d8-e40d-4785-6a396755f523,CHS-05,23,0.05,232,1481
e8dd881a-30b9-6f95-c7a5-0507e8b8bd40,ENG-01,19,0.084,0,4043
e8dd881a-30b9-6f95-c7a5-0507e8b8bd40,TRN-02,17,0.04,1037,2782
e8dd881a-30b9-6f95-c7a5-0507e8b8bd40,HYD-03,11,0.048,1077,1077
e8dd881a-30b9-6f95-c7a5-0507e8b8bd40,ELEC-04,25,0.069,2487,792
e8dd881a-30b9-6f95-c7a5-0507e8b8bd40,CHS-05,14,0.029,86,1349
8de7df9e-5b05-66b0-88ee-df2fcfcf67b0,ENG-01,15,0.086,930,4050
8de7df9e-5b05-66b0-88ee-df2fcfcf67b0,TRN-02,12,0.037,0,2627
8de7df9e-5b05-66b0-88ee-df2fcfcf67b0,HYD-03,24,0.048,90,1086
8de7df9e-5b05-66b0-88ee-df2fcfcf67b0,ELEC-04,15,0.062,707,762
8de7df9e-5b05-66b0-88ee-df2fcfcf67b0,CHS-05,16,0.037,0,1368
6d012686-b787-1fe0-3730-f10e1c2c2f34,ENG-01,11,0.077,0,4720
6d012686-b787-1fe0-3730-f10e1c2c2f34,TRN-02,7,0.055,0,2883
6d012686-b787-1fe0-3730-f10e1c2c2f34,HYD-03,4,0.045,500,1175
6d012686-b787-1fe0-3730-f10e1c2c2f34,ELEC-04,7,0.052,1799,826
6d012686-b787-1fe0-3730-f10e1c2c2f34,CHS-05,11,0.042,0,1544
7f3f41e1-e67b-8cde-6022-92a625d70f69,ENG-01,2,0.086,1441,4716
7f3f41e1-e67b-8cde-6022-92a625d70f69,TRN-02,4,0.047,1596,2859
7f3f41e1-e67b-8cde-6022-92a625d70f69,HYD-03,2,0.021,1743,1144
7f3f41e1-e67b-8cde-6022-92a625d70f69,ELEC-04,12,0.05,845,830
7f3f41e1-e67b-8cde-6022-92a625d70f69,CHS-05,14,0.046,22,1495
77a4aaa8-b7b5-c4e9-d26f-4a44b0b03486,ENG-01,11,0.08,1301,4175
77a4aaa8-b7b5-c4e9-d26f-4a44b0b03486,TRN-02,17,0.03,0,2554
77a4aaa8-b7b5-c4e9-d26f-4a44b0b03486,HYD-03,16,0.027,419,1091
77a4aaa8-b7b5-c4e9-d26f-4a44b0b03486,ELEC-04,21,0.066,709,763
77a4aaa8-b7b5-c4e9-d26f-4a44b0b03486,CHS-05,19,0.025,2423,1342
41998f52-5c82-9df9-3fc9-e19ee4fc0123,ENG-01,18,0.052,1291,4509
41998f52-5c82-9df9-3fc9-e19ee4fc0123,TRN-02,22,0.056,0,2911
41998f52-5c82-9df9-3fc9-e19ee4fc0123,HYD-03,18,0.048,234,1135
41998f52-5c82-9df9-3fc9-e19ee4fc0123,ELEC-04,15,0.077,782,855
41998f52-5c82-9df9-3fc9-e19ee4fc0123,CHS-05,9,0.024,930,1487
2523f257-26bc-3d05-5140-fd494fcdecc8,ENG-01,9,0.067,1333,4215
2523f257-26bc-3d05-5140-fd494fcdecc8,TRN-02,10,0.061,2764,2957
2523f257-26bc-3d05-5140-fd494fcdecc8,HYD-03,14,0.054,632,1110
2523f257-26bc-3d05-5140-fd494fcdecc8,ELEC-04,19,0.052,0,879
2523f257-26bc-3d05-5140-fd494fcdecc8,CHS-05,21,0.033,1297,1409
c4b38833-15cf-8569-0927-47723336be92,ENG-01,19,0.074,1387,4500
c4b38833-15cf-8569-0927-47723336be92,TRN-02,13,0.045,1039,2625
c4b38833-15cf-8569-0927-47723336be92,HYD-03,18,0.036,2925,1165
c4b38833-15cf-8569-0927-47723336be92,ELEC-04,19,0.041,1264,795
c4b38833-15cf-8569-0927-47723336be92,CHS-05,19,0.017,1896,1453
0dece465-d9a0-e335-7d7e-7edb5243dc24,ENG-01,6,0.09,0,4756
0dece465-d9a0-e335-7d7e-7edb5243dc24,TRN-02,15,0.066,235,2778
0dece465-d9a0-e335-7d7e-7edb5243dc24,HYD-03,4,0.025,403,1169
0dece465-d9a0-e335-7d7e-7edb5243dc24,ELEC-04,7,0.05,0,819
0dece465-d9a0-e335-7d7e-7edb5243dc24,CHS-05,6,0.026,128,1504
8a2da058-c286-cb9f-e015-6955daccc549,ENG-01,15,0.057,5050,4198
8a2da058-c286-cb9f-e015-6955daccc549,TRN-02,13,0.065,0,2584
8a2da058-c286-cb9f-e015-6955daccc549,HYD-03,6,0.036,220,1091
8a2da058-c286-cb9f-e015-6955daccc549,ELEC-04,18,0.077,0,767
8a2da058-c286-cb9f-e015-6955daccc549,CHS-05,10,0.022,0,1415
320f744d-42f8-7d74-8c6f-25dc3197a3c0,ENG-01,23,0.086,1190,4477
320f744d-42f8-7d74-8c6f-25dc3197a3c0,TRN-02,17,0.055,416,2724
320f744d-42f8-7d74-8c6f-25dc3197a3c0,HYD-03,15,0.038,1064,1178
320f744d-42f8-7d74-8c6f-25dc3197a3c0,ELEC-04,14,0.043,682,804
320f744d-42f8-7d74-8c6f-25dc3197a3c0,CHS-05,22,0.02,0,1446
93b0444a-57a9-bdab-ace1-e46ba4d4aab4,ENG-01,8,0.083,0,4517
93b0444a-57a9-bdab-ace1-e46ba4d4aab4,TRN-02,12,0.033,59,2792
93b0444a-57a9-bdab-ace1-e46ba4d4aab4,HYD-03,15,0.041,1295,1169
93b0444a-57a9-bdab-ace1-e46ba4d4aab4,ELEC-04,8,0.077,37,834
93b0444a-57a9-bdab-ace1-e46ba4d4aab4,CHS-05,8,0.022,567,1446
0e2287ed-ec5b-1c52-0604-bef253217ada,ENG-01,16,0.063,97,4618
0e2287ed-ec5b-1c52-0604-bef253217ada,TRN-02,8,0.051,1449,3013
0e2287ed-ec5b-1c52-0604-bef253217ada,HYD-03,4,0.052,0,1199
0e2287ed-ec5b-1c52-0604-bef253217ada,ELEC-04,13,0.078,1677,869
0e2287ed-ec5b-1c52-0604-bef253217ada,CHS-05,7,0.045,2412,1465
34f2b9a5-20af-6807-7e96-c6e1d4bc52b7,ENG-01,15,0.068,2610,4574
34f2b9a5-20af-6807-7e96-c6e1d4bc52b7,TRN-02,8,0.037,0,3032
34f2b9a5-20af-6807-7e96-c6e1d4bc52b7,HYD-03,14,0.042,1365,1183
34f2b9a5-20af-6807-7e96-c6e1d4bc52b7,ELEC-04,10,0.06,0,877
34f2b9a5-20af-6807-7e96-c6e1d4bc52b7,CHS-05,12,0.034,448,1516
ca581d5e-fae5-f239-652f-deb867230aa9,ENG-01,22,0.076,0,4322
ca581d5e-fae5-f239-652f-deb867230aa9,TRN-02,13,0.046,0,2824
ca581d5e-fae5-f239-652f-deb867230aa9,HYD-03,21,0.058,1744,1118
ca581d5e-fae5-f239-652f-deb867230aa9,ELEC-04,12,0.041,3200,845
ca581d5e-fae5-f239-652f-deb867230aa9,CHS-05,12,0.03,1298,1427
c89c6300-d303-3359-209a-836e380605f5,ENG-01,12,0.082,1034,4545
c89c6300-d303-3359-209a-836e380605f5,TRN-02,8,0.058,289,2812
c89c6300-d303-3359-209a-836e380605f5,HYD-03,6,0.049,0,1170
c89c6300-d303-3359-209a-836e380605f5,ELEC-04,8,0.056,0,843
c89c6300-d303-3359-209a-836e380605f5,CHS-05,2,0.015,0,1465
043453fe-daa1-3902-7d04-978980e85fde,ENG-01,11,0.05,0,4410
043453fe-daa1-3902-7d04-978980e85fde,TRN-02,13,0.063,2830,2621
043453fe-daa1-3902-7d04-978980e85fde,HYD-03,11,0.048,3205,1137
043453fe-daa1-3902-7d04-978980e85fde,ELEC-04,12,0.071,1105,791
043453fe-daa1-3902-7d04-978980e85fde,CHS-05,10,0.029,0,1433
6d3676b1-4148-7909-e717-b880954fde63,ENG-01,10,0.084,0,4287
6d3676b1-4148-7909-e717-b880954fde63,TRN-02,10,0.044,0,2577
6d3676b1-4148-7909-e717-b880954fde63,HYD-03,11,0.051,1663,1113
6d3676b1-4148-7909-e717-b880954fde63,ELEC-04,17,0.041,1306,783
6d3676b1-4148-7909-e717-b880954fde63,CHS-05,14,0.015,0,1374
cd6f7d79-0dfa-3206-dd66-57a58b6688bd,ENG-01,13,0.058,41,4334
cd6f7d79-0dfa-3206-dd66-57a58b6688bd,TRN-02,18,0.056,2108,2836
cd6f7d79-0dfa-3206-dd66-57a58b6688bd,HYD-03,17,0.036,1234,1152
cd6f7d79-0dfa-3206-dd66-57a58b6688bd,ELEC-04,15,0.067,2432,803
cd6f7d79-0dfa-3206-dd66-57a58b6688bd,CHS-05,21,0.014,3879,1430
6b7007e2-2426-7d43-9516-04204306e944,ENG-01,16,0.081,0,4123
6b7007e2-2426-7d43-9516-04204306e944,TRN-02,22,0.041,1492,2559
6b7007e2-2426-7d43-9516-04204306e944,HYD-03,21,0.029,1308,1072
6b7007e2-2426-7d43-9516-04204306e944,ELEC-04,12,0.044,64,743
6b7007e2-2426-7d43-9516-04204306e944,CHS-05,13,0.031,191,1363
a637e678-6a60-4951-fafb-dfefb779dda6,ENG-01,10,0.075,4314,4432
a637e678-6a60-4951-fafb-dfefb779dda6,TRN-02,13,0.054,3473,2761
a637e678-6a60-4951-fafb-dfefb779dda6,HYD-03,11,0.045,4291,1166
a637e678-6a60-4951-fafb-dfefb779dda6,ELEC-04,16,0.056,3765,811
a637e678-6a60-4951-fafb-dfefb779dda6,CHS-05,17,0.046,2432,1445
5e0fac8f-ccf4-7963-40b4-37c630ded443,ENG-01,7,0.059,3880,4192
5e0fac8f-ccf4-7963-40b4-37c630ded443,TRN-02,14,0.063,3750,2597
5e0fac8f-ccf4-7963-40b4-37c630ded443,HYD-03,8,0.033,0,1071
5e0fac8f-ccf4-7963-40b4-37c630ded443,ELEC-04,14,0.076,0,771
5e0fac8f-ccf4-7963-40b4-37c630ded443,CHS-05,13,0.047,0,1395
a7d6709b-51c4-6de1-a424-7183157e7ccb,ENG-01,22,0.051,62,4563
a7d6709b-51c4-6de1-a424-7183157e7ccb,TRN-02,14,0.051,0,2781
a7d6709b-51c4-6de1-a424-7183157e7ccb,HYD-03,9,0.035,0,1145
a7d6709b-51c4-6de1-a424-7183157e7ccb,ELEC-04,18,0.042,260,829
a7d6709b-51c4-6de1-a424-7183157e7ccb,CHS-05,19,0.028,290,1438
4fdf8db8-e39a-9bbd-173f-904f467d8274,ENG-01,15,0.061,824,4152
4fdf8db8-e39a-9bbd-173f-904f467d8274,TRN-02,14,0.06,0,2908
4fdf8db8-e39a-9bbd-173f-904f467d8274,HYD-03,20,0.042,0,1105
4fdf8db8-e39a-9bbd-173f-904f467d8274,ELEC-04,10,0.061,327,820
4fdf8db8-e39a-9bbd-173f-904f467d8274,CHS-05,18,0.042,0,1428
6c941d8f-027f-f0a3-8594-d6b8c00d5a28,ENG-01,9,0.065,0,4392
6c941d8f-027f-f0a3-8594-d6b8c00d5a28,TRN-02,16,0.047,0,3075
6c941d8f-027f-f0a3-8594-d6b8c00d5a28,HYD-03,5,0.023,0,1168
6c941d8f-027f-f0a3-8594-d6b8c00d5a28,ELEC-04,3,0.078,0,859
6c941d8f-027f-f0a3-8594-d6b8c00d5a28,CHS-05,11,0.029,0,1494
1c4ebab4-1dfc-5c87-125a-601bfb462a76,ENG-01,11,0.071,997,4343
1c4ebab4-1dfc-5c87-125a-601bfb462a76,TRN-02,19,0.056,2965,2673
1c4ebab4-1dfc-5c87-125a-601bfb462a76,HYD-03,22,0.054,3626,1155
1c4ebab4-1dfc-5c87-125a-601bfb462a76,ELEC-04,15,0.056,2802,803
1c4ebab4-1dfc-5c87-125a-601bfb462a76,CHS-05,22,0.022,1689,1411
dedb0720-1fe9-0841-7523-a21f64171877,ENG-01,3,0.067,860,4484
dedb0720-1fe9-0841-7523-a21f64171877,TRN-02,10,0.059,0,2975
dedb0720-1fe9-0841-7523-a21f64171877,HYD-03,2,0.044,0,1137
dedb0720-1fe9-0841-7523-a21f64171877,ELEC-04,14,0.044,1071,877
dedb0720-1fe9-0841-7523-a21f64171877,CHS-05,12,0.024,0,1457
1652d4cc-8f00-5bfc-ee67-3d4163800942,ENG-01,22,0.055,659,4526
1652d4cc-8f00-5bfc-ee67-3d4163800942,TRN-02,11,0.06,1945,2706
1652d4cc-8f00-5bfc-ee67-3d4163800942,HYD-03,19,0.035,2063,1154
1652d4cc-8f00-5bfc-ee67-3d4163800942,ELEC-04,21,0.062,2930,804
1652d4cc-8f00-5bfc-ee67-3d4163800942,CHS-05,14,0.036,1574,1488
6b0b7f18-025e-e2f4-8c24-4fb367006471,ENG-01,13,0.051,1098,4235
6b0b7f18-025e-e2f4-8c24-4fb367006471,TRN-02,19,0.064,1049,2962
6b0b7f18-025e-e2f4-8c24-4fb367006471,HYD-03,16,0.03,320,1111
6b0b7f18-025e-e2f4-8c24-4fb367006471,ELEC-04,14,0.062,1919,863
6b0b7f18-025e-e2f4-8c24-4fb367006471,CHS-05,9,0.024,754,1380
2116e1a3-c376-5e5c-0cff-8d4adab036dc,ENG-01,14,0.086,0,4380
2116e1a3-c376-5e5c-0cff-8d4adab036dc,TRN-02,13,0.043,0,2805
2116e1a3-c376-5e5c-0cff-8d4adab036dc,HYD-03,19,0.05,1974,1128
2116e1a3-c376-5e5c-0cff-8d4adab036dc,ELEC-04,15,0.06,12,818
2116e1a3-c376-5e5c-0cff-8d4adab036dc,CHS-05,18,0.048,0,1382
b41d0d9e-497d-3f31-81ab-cabd0008df63,ENG-01,22,0.054,621,4177
b41d0d9e-497d-3f31-81ab-cabd0008df63,TRN-02,13,0.063,42,2750
b41d0d9e-497d-3f31-81ab-cabd0008df63,HYD-03,10,0.036,138,1056
b41d0d9e-497d-3f31-81ab-cabd0008df63,ELEC-04,22,0.055,775,782
b41d0d9e-497d-3f31-81ab-cabd0008df63,CHS-05,21,0.023,697,1420
f7649fd6-c6c1-85c6-9a76-83a5472b46c3,ENG-01,15,0.077,0,4295
f7649fd6-c6c1-85c6-9a76-83a5472b46c3,TRN-02,13,0.057,4464,3054
f7649fd6-c6c1-85c6-9a76-83a5472b46c3,HYD-03,15,0.036,53,1139
f7649fd6-c6c1-85c6-9a76-83a5472b46c3,ELEC-04,23,0.052,0,819
f7649fd6-c6c1-85c6-9a76-83a5472b46c3,CHS-05,12,0.036,0,1451
9db6c62b-cd2c-8647-a174-298b2172ec31,ENG-01,14,0.072,1601,4655
9db6c62b-cd2c-8647-a174-298b2172ec31,TRN-02,16,0.061,2112,2928
9db6c62b-cd2c-8647-a174-298b2172ec31,HYD-03,8,0.022,0,1169
9db6c62b-cd2c-8647-a174-298b2172ec31,ELEC-04,4,0.063,0,880
9db6c62b-cd2c-8647-a174-298b2172ec31,CHS-05,11,0.021,0,1507
44cb0967-0db4-8175-ad78-8fecfb8e0ae8,ENG-01,20,0.064,3507,4091
44cb0967-0db4-8175-ad78-8fecfb8e0ae8,TRN-02,18,0.049,1743,2607
44cb0967-0db4-8175-ad78-8fecfb8e0ae8,HYD-03,19,0.021,113,1074
44cb0967-0db4-8175-ad78-8fecfb8e0ae8,ELEC-04,13,0.065,603,802
44cb0967-0db4-8175-ad78-8fecfb8e0ae8,CHS-05,13,0.017,1602,1324
a169749d-2659-acb9-c394-c96d7c542786,ENG-01,20,0.076,2730,4138
a169749d-2659-acb9-c394-c96d7c542786,TRN-02,21,0.036,1140,2662
a169749d-2659-acb9-c394-c96d7c542786,HYD-03,25,0.028,1082,1037
a169749d-2659-acb9-c394-c96d7c542786,ELEC-04,16,0.041,0,798
a169749d-2659-acb9-c394-c96d7c542786,CHS-05,12,0.022,0,1355
3c002084-5f45-0952-71f4-4ac85be81b6a,ENG-01,20,0.058,225,4049
3c002084-5f45-0952-71f4-4ac85be81b6a,TRN-02,15,0.04,1172,2817
3c002084-5f45-0952-71f4-4ac85be81b6a,HYD-03,16,0.042,0,1110
3c002084-5f45-0952-71f4-4ac85be81b6a,ELEC-04,7,0.079,56,830
3c002084-5f45-0952-71f4-4ac85be81b6a,CHS-05,20,0.021,0,1374
cdcabecf-94b5-c317-9fe2-6bd28c41bd7c,ENG-01,15,0.08,243,4529
cdcabecf-94b5-c317-9fe2-6bd28c41bd7c,TRN-02,13,0.05,0,2948
cdcabecf-94b5-c317-9fe2-6bd28c41bd7c,HYD-03,13,0.028,489,1157
cdcabecf-94b5-c317-9fe2-6bd28c41bd7c,ELEC-04,7,0.053,360,847
cdcabecf-94b5-c317-9fe2-6bd28c41bd7c,CHS-05,16,0.041,1318,1477
8acdca3c-abc2-3f1c-5851-43d6546b5304,ENG-01,17,0.07,1527,4178
8acdca3c-abc2-3f1c-5851-43d6546b5304,TRN-02,18,0.049,0,2761
8acdca3c-abc2-3f1c-5851-43d6546b5304,HYD-03,18,0.046,107,1047
8acdca3c-abc2-3f1c-5851-43d6546b5304,ELEC-04,9,0.07,1346,806
8acdca3c-abc2-3f1c-5851-43d6546b5304,CHS-05,6,0.035,1722,1404
c4e0fbd5-004a-4e20-9c55-812e59e6b6b8,ENG-01,15,0.075,0,4118
c4e0fbd5-004a-4e20-9c55-812e59e6b6b8,TRN-02,21,0.056,576,2752
c4e0fbd5-004a-4e20-9c55-812e59e6b6b8,HYD-03,22,0.046,0,1083
c4e0fbd5-004a-4e20-9c55-812e59e6b6b8,ELEC-04,16,0.046,2046,810
c4e0fbd5-004a-4e20-9c55-812e59e6b6b8,CHS-05,14,0.016,0,1499
0f470e84-2ea7-15bb-c0fb-55b17f8cb170,ENG-01,13,0.06,951,4570
0f470e84-2ea7-15bb-c0fb-55b17f8cb170,TRN-02,17,0.058,0,2825
0f470e84-2ea7-15bb-c0fb-55b17f8cb170,HYD-03,15,0.022,0,1091
0f470e84-2ea7-15bb-c0fb-55b17f8cb170,ELEC-04,21,0.065,0,804
0f470e84-2ea7-15bb-c0fb-55b17f8cb170,CHS-05,14,0.035,0,1411
2c86dc59-cc48-ba81-82f6-5ce3e0adfe20,ENG-01,11,0.058,244,3951
2c86dc59-cc48-ba81-82f6-5ce3e0adfe20,TRN-02,15,0.037,0,2763
2c86dc59-cc48-ba81-82f6-5ce3e0adfe20,HYD-03,13,0.05,0,1045
2c86dc59-cc48-ba81-82f6-5ce3e0adfe20,ELEC-04,23,0.057,528,786
2c86dc59-cc48-ba81-82f6-5ce3e0adfe20,CHS-05,19,0.042,1843,1361
b3efa969-43f8-4e2f-22e4-b6858e7bea40,ENG-01,9,0.075,262,4020
b3efa969-43f8-4e2f-22e4-b6858e7bea40,TRN-02,15,0.037,0,2708
b3efa969-43f8-4e2f-22e4-b6858e7bea40,HYD-03,18,0.032,2675,1082
b3efa969-43f8-4e2f-22e4-b6858e7bea40,ELEC-04,13,0.079,486,779
b3efa969-43f8-4e2f-22e4-b6858e7bea40,CHS-05,7,0.019,963,1323
525ac1ef-32e7-1f78-83b7-4805dd033b34,ENG-01,6,0.068,1673,4322
525ac1ef-32e7-1f78-83b7-4805dd033b34,TRN-02,4,0.053,1776,3133
525ac1ef-32e7-1f78-83b7-4805dd033b34,HYD-03,16,0.055,1014,1195
525ac1ef-32e7-1f78-83b7-4805dd033b34,ELEC-04,13,0.054,2074,878
525ac1ef-32e7-1f78-83b7-4805dd033b34,CHS-05,2,0.023,2227,1471
54c404e5-812e-28eb-ed9c-4f57e9bc34d5,ENG-01,21,0.071,102,4384
54c404e5-812e-28eb-ed9c-4f57e9bc34d5,TRN-02,23,0.051,0,2836
54c404e5-812e-28eb-ed9c-4f57e9bc34d5,HYD-03,12,0.03,258,1082
54c404e5-812e-28eb-ed9c-4f57e9bc34d5,ELEC-04,14,0.055,109,807
54c404e5-812e-28eb-ed9c-4f57e9bc34d5,CHS-05,14,0.013,0,1434
9df9fe56-054a-77a1-e8c5-e45b1961d192,ENG-01,13,0.059,0,4310
9df9fe56-054a-77a1-e8c5-e45b1961d192,TRN-02,11,0.067,1169,2860
9df9fe56-054a-77a1-e8c5-e45b1961d192,HYD-03,10,0.05,1260,1141
9df9fe56-054a-77a1-e8c5-e45b1961d192,ELEC-04,20,0.057,0,825
9df9fe56-054a-77a1-e8c5-e45b1961d192,CHS-05,11,0.05,829,1466
937b137e-09fd-8c8f-1cf1-2bab5e6ecdb8,ENG-01,17,0.063,1628,4361
937b137e-09fd-8c8f-1cf1-2bab5e6ecdb8,TRN-02,18,0.047,2625,2509
937b137e-09fd-8c8f-1cf1-2bab5e6ecdb8,HYD-03,15,0.02,3649,1138
937b137e-09fd-8c8f-1cf1-2bab5e6ecdb8,ELEC-04,14,0.067,2548,798
937b137e-09fd-8c8f-1cf1-2bab5e6ecdb8,CHS-05,10,0.045,3474,1375
f5a17aa2-75df-db7b-58c0-2e6cc04bea49,ENG-01,19,0.085,5112,4552
f5a17aa2-75df-db7b-58c0-2e6cc04bea49,TRN-02,15,0.03,5021,2602
f5a17aa2-75df-db7b-58c0-2e6cc04bea49,HYD-03,15,0.06,0,1092
f5a17aa2-75df-db7b-58c0-2e6cc04bea49,ELEC-04,8,0.067,0,803
f5a17aa2-75df-db7b-58c0-2e6cc04bea49,CHS-05,18,0.02,4382,1435
1b3af688-d30c-4416-880e-bc3b6a4a855a,ENG-01,13,0.06,374,4519
1b3af688-d30c-4416-880e-bc3b6a4a855a,TRN-02,3,0.062,0,2875
1b3af688-d30c-4416-880e-bc3b6a4a855a,HYD-03,14,0.055,778,1200
1b3af688-d30c-4416-880e-bc3b6a4a855a,ELEC-04,14,0.041,716,809
1b3af688-d30c-4416-880e-bc3b6a4a855a,CHS-05,6,0.032,1204,1423
a9b3355e-5e72-8db8-b979-880b29e4a36f,ENG-01,14,0.066,3192,4545
a9b3355e-5e72-8db8-b979-880b29e4a36f,TRN-02,14,0.046,0,2864
a9b3355e-5e72-8db8-b979-880b29e4a36f,HYD-03,15,0.04,0,1186
a9b3355e-5e72-8db8-b979-880b29e4a36f,ELEC-04,18,0.046,1029,811
a9b3355e-5e72-8db8-b979-880b29e4a36f,CHS-05,13,0.043,1046,1464
cc6c12de-799a-e90e-791d-e2ba142529eb,ENG-01,11,0.084,0,4143
cc6c12de-799a-e90e-791d-e2ba142529eb,TRN-02,13,0.067,1819,2685
cc6c12de-799a-e90e-791d-e2ba142529eb,HYD-03,15,0.039,0,1055
cc6c12de-799a-e90e-791d-e2ba142529eb,ELEC-04,11,0.055,0,800
cc6c12de-799a-e90e-791d-e2ba142529eb,CHS-05,12,0.047,0,1407
ca8b5456-a1a0-474b-4bbc-e82d977566b6,ENG-01,9,0.051,1572,4474
ca8b5456-a1a0-474b-4bbc-e82d977566b6,TRN-02,10,0.068,1233,3091
ca8b5456-a1a0-474b-4bbc-e82d977566b6,HYD-03,8,0.056,42,1186
ca8b5456-a1a0-474b-4bbc-e82d977566b6,ELEC-04,15,0.061,0,890
ca8b5456-a1a0-474b-4bbc-e82d977566b6,CHS-05,8,0.011,2110,1491
e1e852a3-b682-34fe-e1fa-200776d3035d,ENG-01,12,0.056,1642,4323
e1e852a3-b682-34fe-e1fa-200776d3035d,TRN-02,16,0.031,0,2491
e1e852a3-b682-34fe-e1fa-200776d3035d,HYD-03,14,0.041,130,1070
e1e852a3-b682-34fe-e1fa-200776d3035d,ELEC-04,14,0.059,1076,798
e1e852a3-b682-34fe-e1fa-200776d3035d,CHS-05,8,0.02,3209,1396
27d2765b-0975-8fa2-b334-2a2a10871b50,ENG-01,21,0.058,326,4096
27d2765b-0975-8fa2-b334-2a2a10871b50,TRN-02,12,0.03,0,2446
27d2765b-0975-8fa2-b334-2a2a10871b50,HYD-03,22,0.038,5,1041
27d2765b-0975-8fa2-b334-2a2a10871b50,ELEC-04,22,0.061,0,770
27d2765b-0975-8fa2-b334-2a2a10871b50,CHS-05,11,0.044,264,1367
d28d2679-be77-f626-8794-ddac72b85aa4,ENG-01,6,0.072,1529,4307
d28d2679-be77-f626-8794-ddac72b85aa4,TRN-02,7,0.044,2500,2661
d28d2679-be77-f626-8794-ddac72b85aa4,HYD-03,14,0.052,1978,1103
d28d2679-be77-f626-8794-ddac72b85aa4,ELEC-04,15,0.046,624,769
d28d2679-be77-f626-8794-ddac72b85aa4,CHS-05,14,0.043,352,1368
c4362696-349a-386f-e707-51d59408ff12,ENG-01,24,0.059,602,4100
c4362696-349a-386f-e707-51d59408ff12,TRN-02,21,0.045,825,2639
c4362696-349a-386f-e707-51d59408ff12,HYD-03,17,0.027,1078,1042
c4362696-349a-386f-e707-51d59408ff12,ELEC-04,14,0.055,16,776
c4362696-349a-386f-e707-51d59408ff12,CHS-05,15,0.05,0,1361
c7bcc0fe-f9e5-3596-4e96-7b5b90c8103e,ENG-01,11,0.074,0,4520
c7bcc0fe-f9e5-3596-4e96-7b5b90c8103e,TRN-02,4,0.055,3160,2829
c7bcc0fe-f9e5-3596-4e96-7b5b90c8103e,HYD-03,8,0.035,0,1158
c7bcc0fe-f9e5-3596-4e96-7b5b90c8103e,ELEC-04,2,0.061,0,819
c7bcc0fe-f9e5-3596-4e96-7b5b90c8103e,CHS-05,4,0.032,0,1471
33417669-f6a4-9430-43a4-02e229c99867,ENG-01,11,0.052,2562,4012
33417669-f6a4-9430-43a4-02e229c99867,TRN-02,21,0.052,618,2721
33417669-f6a4-9430-43a4-02e229c99867,HYD-03,14,0.049,1354,1069
33417669-f6a4-9430-43a4-02e229c99867,ELEC-04,23,0.046,1127,786
33417669-f6a4-9430-43a4-02e229c99867,CHS-05,22,0.021,398,1424
fd477f22-9efc-f1bb-f3aa-1ea508edd8a7,ENG-01,23,0.086,825,4488
fd477f22-9efc-f1bb-f3aa-1ea508edd8a7,TRN-02,14,0.035,0,2886
fd477f22-9efc-f1bb-f3aa-1ea508edd8a7,HYD-03,14,0.051,947,1142
fd477f22-9efc-f1bb-f3aa-1ea508edd8a7,ELEC-04,12,0.049,0,801
fd477f22-9efc-f1bb-f3aa-1ea508edd8a7,CHS-05,17,0.04,309,1440
59035574-8a8b-fca1-84f4-fbfce09c0a9d,ENG-01,8,0.087,818,4321
59035574-8a8b-fca1-84f4-fbfce09c0a9d,TRN-02,9,0.053,542,2908
59035574-8a8b-fca1-84f4-fbfce09c0a9d,HYD-03,21,0.06,1320,1121
59035574-8a8b-fca1-84f4-fbfce09c0a9d,ELEC-04,18,0.055,0,810
59035574-8a8b-fca1-84f4-fbfce09c0a9d,CHS-05,11,0.046,0,1420
cf1e817c-6e96-4d92-8e65-021cfc31d470,ENG-01,2,0.079,0,4494
cf1e817c-6e96-4d92-8e65-021cfc31d470,TRN-02,14,0.049,1256,2983
cf1e817c-6e96-4d92-8e65-021cfc31d470,HYD-03,4,0.045,0,1180
cf1e817c-6e96-4d92-8e65-021cfc31d470,ELEC-04,16,0.078,2502,858
cf1e817c-6e96-4d92-8e65-021cfc31d470,CHS-05,15,0.041,0,1514
e9214437-4c9c-1e03-7e7d-19108490a053,ENG-01,18,0.07,526,4236
e9214437-4c9c-1e03-7e7d-19108490a053,TRN-02,12,0.064,1234,2853
e9214437-4c9c-1e03-7e7d-19108490a053,HYD-03,21,0.049,2864,1142
e9214437-4c9c-1e03-7e7d-19108490a053,ELEC-04,11,0.059,0,797
e9214437-4c9c-1e03-7e7d-19108490a053,CHS-05,8,0.015,65,1415
600266f9-f81f-5e7b-8dba-474644b62442,ENG-01,6,0.058,0,4271
600266f9-f81f-5e7b-8dba-474644b62442,TRN-02,15,0.069,263,2768
600266f9-f81f-5e7b-8dba-474644b62442,HYD-03,13,0.053,0,1101
600266f9-f81f-5e7b-8dba-474644b62442,ELEC-04,14,0.041,343,781
600266f9-f81f-5e7b-8dba-474644b62442,CHS-05,14,0.048,0,1368
b01d6832-ca57-5272-8c43-f32782534ccf,ENG-01,22,0.076,0,4335
b01d6832-ca57-5272-8c43-f32782534ccf,TRN-02,18,0.033,0,2804
b01d6832-ca57-5272-8c43-f32782534ccf,HYD-03,11,0.04,26,1109
b01d6832-ca57-5272-8c43-f32782534ccf,ELEC-04,11,0.077,0,809
b01d6832-ca57-5272-8c43-f32782534ccf,CHS-05,11,0.036,2332,1460
8497d4c2-0dd2-ec94-63f0-9be8b1109ca5,ENG-01,24,0.06,245,4191
8497d4c2-0dd2-ec94-63f0-9be8b1109ca5,TRN-02,14,0.061,1622,2848
8497d4c2-0dd2-ec94-63f0-9be8b1109ca5,HYD-03,16,0.027,265,1032
8497d4c2-0dd2-ec94-63f0-9be8b1109ca5,ELEC-04,25,0.064,496,794
8497d4c2-0dd2-ec94-63f0-9be8b1109ca5,CHS-05,16,0.042,0,1347
9d073403-0deb-0de5-60d4-ee673b2d9a62,ENG-01,10,0.082,0,4261
9d073403-0deb-0de5-60d4-ee673b2d9a62,TRN-02,10,0.049,0,2661
9d073403-0deb-0de5-60d4-ee673b2d9a62,HYD-03,18,0.045,41,1077
9d073403-0deb-0de5-60d4-ee673b2d9a62,ELEC-04,13,0.058,1894,792
9d073403-0deb-0de5-60d4-ee673b2d9a62,CHS-05,15,0.035,0,1441
e4c13e6d-0b84-e293-6cb2-6e927224dd3d,ENG-01,18,0.074,2324,4347
e4c13e6d-0b84-e293-6cb2-6e927224dd3d,TRN-02,14,0.057,111,2799
e4c13e6d-0b84-e293-6cb2-6e927224dd3d,HYD-03,21,0.055,2145,1098
e4c13e6d-0b84-e293-6cb2-6e927224dd3d,ELEC-04,22,0.051,0,795
e4c13e6d-0b84-e293-6cb2-6e927224dd3d,CHS-05,9,0.046,938,1417
e2596183-4d02-2909-57f8-f1ad221fc687,ENG-01,21,0.06,0,4139
e2596183-4d02-2909-57f8-f1ad221fc687,TRN-02,18,0.033,0,2847
e2596183-4d02-2909-57f8-f1ad221fc687,HYD-03,18,0.057,1659,1048
e2596183-4d02-2909-57f8-f1ad221fc687,ELEC-04,14,0.049,0,799
e2596183-4d02-2909-57f8-f1ad221fc687,CHS-05,21,0.011,0,1351
971651d6-a186-f027-5ecf-cb57542c1501,ENG-01,17,0.083,0,4063
971651d6-a186-f027-5ecf-cb57542c1501,TRN-02,11,0.048,1431,2691
971651d6-a186-f027-5ecf-cb57542c1501,HYD-03,11,0.028,1008,1101
971651d6-a186-f027-5ecf-cb57542c1501,ELEC-04,25,0.058,737,750
971651d6-a186-f027-5ecf-cb57542c1501,CHS-05,15,0.048,1052,1367
05df53f2-61cf-6d93-5831-c159d6e532b8,ENG-01,18,0.069,0,4345
05df53f2-61cf-6d93-5831-c159d6e532b8,TRN-02,15,0.069,1463,2915
05df53f2-61cf-6d93-5831-c159d6e532b8,HYD-03,9,0.032,1145,1110
05df53f2-61cf-6d93-5831-c159d6e532b8,ELEC-04,13,0.074,1227,880
05df53f2-61cf-6d93-5831-c159d6e532b8,CHS-05,22,0.018,0,1456
40c5dca3-7778-8291-6a42-b77ac350c500,ENG-01,15,0.086,0,4525
40c5dca3-7778-8291-6a42-b77ac350c500,TRN-02,15,0.03,967,2849
40c5dca3-7778-8291-6a42-b77ac350c500,HYD-03,11,0.053,0,1171
40c5dca3-7778-8291-6a42-b77ac350c500,ELEC-04,13,0.073,1184,880
40c5dca3-7778-8291-6a42-b77ac350c500,CHS-05,10,0.035,0,1527
b18c7459-8cdf-2352-8e1e-95b7037ad238,ENG-01,16,0.08,0,4323
b18c7459-8cdf-2352-8e1e-95b7037ad238,TRN-02,16,0.059,0,2602
b18c7459-8cdf-2352-8e1e-95b7037ad238,HYD-03,25,0.046,1496,1076
b18c7459-8cdf-2352-8e1e-95b7037ad238,ELEC-04,12,0.059,811,753
b18c7459-8cdf-2352-8e1e-95b7037ad238,CHS-05,20,0.045,2953,1399
9de8e0fe-2e00-de33-cce2-5ffc201f012c,ENG-01,22,0.055,1454,4229
9de8e0fe-2e00-de33-cce2-5ffc201f012c,TRN-02,10,0.037,0,2781
9de8e0fe-2e00-de33-cce2-5ffc201f012c,HYD-03,15,0.06,805,1073
9de8e0fe-2e00-de33-cce2-5ffc201f012c,ELEC-04,13,0.059,1667,821
9de8e0fe-2e00-de33-cce2-5ffc201f012c,CHS-05,19,0.012,0,1429
5210d722-05e2-3068-fe1a-0a28a093dc7b,ENG-01,15,0.085,1031,4300
5210d722-05e2-3068-fe1a-0a28a093dc7b,TRN-02,19,0.068,0,2709
5210d722-05e2-3068-fe1a-0a28a093dc7b,HYD-03,6,0.026,0,1062
5210d722-05e2-3068-fe1a-0a28a093dc7b,ELEC-04,17,0.067,2317,780
5210d722-05e2-3068-fe1a-0a28a093dc7b,CHS-05,10,0.036,0,1392
cb86ab12-7836-66e5-bf75-88aafeb36b17,ENG-01,10,0.088,0,4326
cb86ab12-7836-66e5-bf75-88aafeb36b17,TRN-02,17,0.032,2052,2691
cb86ab12-7836-66e5-bf75-88aafeb36b17,HYD-03,23,0.025,2031,1093
cb86ab12-7836-66e5-bf75-88aafeb36b17,ELEC-04,17,0.074,1035,818
cb86ab12-7836-66e5-bf75-88aafeb36b17,CHS-05,13,0.031,400,1471
dcdf02e8-1e85-0be7-55bd-109cc543555e,ENG-01,2,0.067,0,4541
dcdf02e8-1e85-0be7-55bd-109cc543555e,TRN-02,13,0.05,1729,2951
dcdf02e8-1e85-0be7-55bd-109cc543555e,HYD-03,6,0.057,2444,1131
dcdf02e8-1e85-0be7-55bd-109cc543555e,ELEC-04,7,0.062,0,842
dcdf02e8-1e85-0be7-55bd-109cc543555e,CHS-05,2,0.03,0,1516
da99e850-70f6-8646-6336-f1be031f5eae,ENG-01,12,0.07,0,3964
da99e850-70f6-8646-6336-f1be031f5eae,TRN-02,24,0.037,1431,2747
da99e850-70f6-8646-6336-f1be031f5eae,HYD-03,20,0.044,1698,1063
da99e850-70f6-8646-6336-f1be031f5eae,ELEC-04,20,0.074,0,795
da99e850-70f6-8646-6336-f1be031f5eae,CHS-05,12,0.038,0,1311
fc03ccdc-d788-1e2c-46fe-c63bc7b94fb9,ENG-01,10,0.071,3229,4287
fc03ccdc-d788-1e2c-46fe-c63bc7b94fb9,TRN-02,16,0.058,4115,2510
fc03ccdc-d788-1e2c-46fe-c63bc7b94fb9,HYD-03,17,0.021,3006,1116
fc03ccdc-d788-1e2c-46fe-c63bc7b94fb9,ELEC-04,17,0.071,3459,768
fc03ccdc-d788-1e2c-46fe-c63bc7b94fb9,CHS-05,7,0.021,2546,1372
f57337b9-f74f-79f2-2252-b37d99a4bb38,ENG-01,11,0.069,2410,4269
f57337b9-f74f-79f2-2252-b37d99a4bb38,TRN-02,8,0.064,3489,2552
f57337b9-f74f-79f2-2252-b37d99a4bb38,HYD-03,12,0.054,907,1136
f57337b9-f74f-79f2-2252-b37d99a4bb38,ELEC-04,6,0.041,1435,796
f57337b9-f74f-79f2-2252-b37d99a4bb38,CHS-05,16,0.022,1781,1409
9aac7e1c-03d3-4c1f-d2b4-247423afde8e,ENG-01,11,0.07,3962,4290
9aac7e1c-03d3-4c1f-d2b4-247423afde8e,TRN-02,21,0.069,536,2947
9aac7e1c-03d3-4c1f-d2b4-247423afde8e,HYD-03,18,0.037,0,1143
9aac7e1c-03d3-4c1f-d2b4-247423afde8e,ELEC-04,19,0.077,1165,847
9aac7e1c-03d3-4c1f-d2b4-247423afde8e,CHS-05,14,0.046,0,1411
cbab46db-e228-3ae6-9e6c-f4bffa3c0e60,ENG-01,22,0.057,172,4285
cbab46db-e228-3ae6-9e6c-f4bffa3c0e60,TRN-02,12,0.065,746,2660
cbab46db-e228-3ae6-9e6c-f4bffa3c0e60,HYD-03,11,0.033,118,1073
cbab46db-e228-3ae6-9e6c-f4bffa3c0e60,ELEC-04,21,0.07,558,770
cbab46db-e228-3ae6-9e6c-f4bffa3c0e60,CHS-05,19,0.021,0,1380
ba15571e-e761-751a-2d02-8af30de5dc61,ENG-01,20,0.087,0,4070
ba15571e-e761-751a-2d02-8af30de5dc61,TRN-02,24,0.036,75,2598
ba15571e-e761-751a-2d02-8af30de5dc61,HYD-03,16,0.048,0,1080
ba15571e-e761-751a-2d02-8af30de5dc61,ELEC-04,16,0.043,0,781
ba15571e-e761-751a-2d02-8af30de5dc61,CHS-05,15,0.044,1233,1310
070f05b6-6210-a7d9-8402-99d00acab93c,ENG-01,22,0.087,428,4367
070f05b6-6210-a7d9-8402-99d00acab93c,TRN-02,11,0.064,0,2747
070f05b6-6210-a7d9-8402-99d00acab93c,HYD-03,22,0.034,0,1167
070f05b6-6210-a7d9-8402-99d00acab93c,ELEC-04,17,0.055,0,760
070f05b6-6210-a7d9-8402-99d00acab93c,CHS-05,19,0.019,0,1412
f8e4a2ff-b0ff-dd9a-2734-e745394231ab,ENG-01,13,0.055,0,4500
f8e4a2ff-b0ff-dd9a-2734-e745394231ab,TRN-02,9,0.063,0,2769
f8e4a2ff-b0ff-dd9a-2734-e745394231ab,HYD-03,12,0.057,2126,1120
f8e4a2ff-b0ff-dd9a-2734-e745394231ab,ELEC-04,20,0.08,0,814
f8e4a2ff-b0ff-dd9a-2734-e745394231ab,CHS-05,17,0.039,294,1452
54a34efb-3dd3-289b-e53b-7c34f9e9c2fb,ENG-01,19,0.07,0,4346
54a34efb-3dd3-289b-e53b-7c34f9e9c2fb,TRN-02,14,0.058,1044,2609
54a34efb-3dd3-289b-e53b-7c34f9e9c2fb,HYD-03,19,0.043,0,1109
54a34efb-3dd3-289b-e53b-7c34f9e9c2fb,ELEC-04,19,0.076,1336,751
54a34efb-3dd3-289b-e53b-7c34f9e9c2fb,CHS-05,8,0.046,0,1387
5694ba7d-7cb6-9dbb-3656-8bad7503517a,ENG-01,13,0.083,1493,4703
5694ba7d-7cb6-9dbb-3656-8bad7503517a,TRN-02,10,0.063,0,2836
5694ba7d-7cb6-9dbb-3656-8bad7503517a,HYD-03,6,0.03,1973,1168
5694ba7d-7cb6-9dbb-3656-8bad7503517a,ELEC-04,11,0.062,440,805
5694ba7d-7cb6-9dbb-3656-8bad7503517a,CHS-05,9,0.047,37,1514
8f7ecc38-7310-8c73-e934-c5a17f1dc2a4,ENG-01,16,0.082,112,4447
8f7ecc38-7310-8c73-e934-c5a17f1dc2a4,TRN-02,11,0.056,944,3108
8f7ecc38-7310-8c73-e934-c5a17f1dc2a4,HYD-03,6,0.027,1382,1169
8f7ecc38-7310-8c73-e934-c5a17f1dc2a4,ELEC-04,7,0.066,0,829
8f7ecc38-7310-8c73-e934-c5a17f1dc2a4,CHS-05,14,0.011,51,1477
5a06586f-ef6f-0dca-7c16-253ee7b57d37,ENG-01,18,0.076,1544,4105
5a06586f-ef6f-0dca-7c16-253ee7b57d37,TRN-02,9,0.067,444,2787
5a06586f-ef6f-0dca-7c16-253ee7b57d37,HYD-03,10,0.026,0,1086
5a06586f-ef6f-0dca-7c16-253ee7b57d37,ELEC-04,8,0.045,1771,822
5a06586f-ef6f-0dca-7c16-253ee7b57d37,CHS-05,17,0.016,330,1283
c5abc9ab-82f3-6aec-7780-122b9c718b13,ENG-01,21,0.079,1246,4330
c5abc9ab-82f3-6aec-7780-122b9c718b13,TRN-02,11,0.067,2689,2779
c5abc9ab-82f3-6aec-7780-122b9c718b13,HYD-03,20,0.024,1334,1124
c5abc9ab-82f3-6aec-7780-122b9c718b13,ELEC-04,14,0.075,0,811
c5abc9ab-82f3-6aec-7780-122b9c718b13,CHS-05,18,0.044,956,1459
12b1b014-732d-e63b-1bf2-6946f3dd2117,ENG-01,9,0.077,192,4551
12b1b014-732d-e63b-1bf2-6946f3dd2117,TRN-02,14,0.064,1373,2883
12b1b014-732d-e63b-1bf2-6946f3dd2117,HYD-03,9,0.03,0,1171
12b1b014-732d-e63b-1bf2-6946f3dd2117,ELEC-04,6,0.075,726,834
12b1b014-732d-e63b-1bf2-6946f3dd2117,CHS-05,13,0.032,0,1504
ea399c29-3a6a-748e-4276-16ae462afa98,ENG-01,9,0.058,3020,4454
ea399c29-3a6a-748e-4276-16ae462afa98,TRN-02,19,0.039,2423,2796
ea399c29-3a6a-748e-4276-16ae462afa98,HYD-03,8,0.033,0,1095
ea399c29-3a6a-748e-4276-16ae462afa98,ELEC-04,18,0.068,3245,803
ea399c29-3a6a-748e-4276-16ae462afa98,CHS-05,9,0.016,0,1419
9b1d5ddc-cf39-323c-0314-9acaa6fc94bd,ENG-01,9,0.067,1717,4406
9b1d5ddc-cf39-323c-0314-9acaa6fc94bd,TRN-02,22,0.035,1830,2901
9b1d5ddc-cf39-323c-0314-9acaa6fc94bd,HYD-03,15,0.047,2612,1140
9b1d5ddc-cf39-323c-0314-9acaa6fc94bd,ELEC-04,10,0.056,1194,821
9b1d5ddc-cf39-323c-0314-9acaa6fc94bd,CHS-05,11,0.021,1108,1448
a489fe18-2895-09b5-5107-83bb4f967b29,ENG-01,6,0.065,0,4450
a489fe18-2895-09b5-5107-83bb4f967b29,TRN-02,9,0.047,396,3097
a489fe18-2895-09b5-5107-83bb4f967b29,HYD-03,12,0.057,285,1166
a489fe18-2895-09b5-5107-83bb4f967b29,ELEC-04,4,0.051,0,862
a489fe18-2895-09b5-5107-83bb4f967b29,CHS-05,11,0.017,0,1516
a4e81095-1903-1dd7-e6d7-101fc5fa7b48,ENG-01,12,0.063,2061,4229
a4e81095-1903-1dd7-e6d7-101fc5fa7b48,TRN-02,12,0.034,1303,2545
a4e81095-1903-1dd7-e6d7-101fc5fa7b48,HYD-03,22,0.023,1646,1063
a4e81095-1903-1dd7-e6d7-101fc5fa7b48,ELEC-04,15,0.054,429,758
a4e81095-1903-1dd7-e6d7-101fc5fa7b48,CHS-05,23,0.035,935,1355
0a9dec93-70e5-5da8-a817-98a1d2f71fd9,ENG-01,9,0.073,1441,4088
0a9dec93-70e5-5da8-a817-98a1d2f71fd9,TRN-02,10,0.032,3384,2629
0a9dec93-70e5-5da8-a817-98a1d2f71fd9,HYD-03,18,0.031,2060,1072
0a9dec93-70e5-5da8-a817-98a1d2f71fd9,ELEC-04,14,0.051,2883,801
0a9dec93-70e5-5da8-a817-98a1d2f71fd9,CHS-05,8,0.021,2512,1392
1d800108-f7f0-b956-3c1b-a1bcc09a1948,ENG-01,16,0.083,21,4207
1d800108-f7f0-b956-3c1b-a1bcc09a1948,TRN-02,16,0.067,420,2906
1d800108-f7f0-b956-3c1b-a1bcc09a1948,HYD-03,22,0.028,877,1164
1d800108-f7f0-b956-3c1b-a1bcc09a1948,ELEC-04,18,0.08,1563,804
1d800108-f7f0-b956-3c1b-a1bcc09a1948,CHS-05,21,0.017,118,1474
0358774c-94ca-5c6d-ba9b-a555ebb88cf7,ENG-01,12,0.089,0,4113
0358774c-94ca-5c6d-ba9b-a555ebb88cf7,TRN-02,25,0.045,0,2749
0358774c-94ca-5c6d-ba9b-a555ebb88cf7,HYD-03,24,0.026,0,1063
0358774c-94ca-5c6d-ba9b-a555ebb88cf7,ELEC-04,15,0.077,181,816
0358774c-94ca-5c6d-ba9b-a555ebb88cf7,CHS-05,22,0.046,2120,1321
a292bd66-92c7-43f4-58e0-8b2c53673483,ENG-01,11,0.088,1132,4039
a292bd66-92c7-43f4-58e0-8b2c53673483,TRN-02,9,0.064,2453,2713
a292bd66-92c7-43f4-58e0-8b2c53673483,HYD-03,8,0.036,2555,1067
a292bd66-92c7-43f4-58e0-8b2c53673483,ELEC-04,12,0.055,18,812
a292bd66-92c7-43f4-58e0-8b2c53673483,CHS-05,8,0.015,0,1413
82b8e1f6-3259-d2a8-4809-957bca8bdc9e,ENG-01,16,0.076,1153,4332
82b8e1f6-3259-d2a8-4809-957bca8bdc9e,TRN-02,12,0.068,0,3030
82b8e1f6-3259-d2a8-4809-957bca8bdc9e,HYD-03,5,0.051,0,1204
82b8e1f6-3259-d2a8-4809-957bca8bdc9e,ELEC-04,14,0.049,3508,876
82b8e1f6-3259-d2a8-4809-957bca8bdc9e,CHS-05,7,0.025,126,1450
4b89ce95-255a-3fc8-cef9-34af82c7d2bf,ENG-01,23,0.059,0,4311
4b89ce95-255a-3fc8-cef9-34af82c7d2bf,TRN-02,11,0.055,0,2899
4b89ce95-255a-3fc8-cef9-34af82c7d2bf,HYD-03,15,0.059,1618,1075
4b89ce95-255a-3fc8-cef9-34af82c7d2bf,ELEC-04,15,0.079,0,816
4b89ce95-255a-3fc8-cef9-34af82c7d2bf,CHS-05,9,0.04,0,1442
a03aa2d6-8c7d-1099-dfb9-b4d831f2f960,ENG-01,19,0.085,0,4196
a03aa2d6-8c7d-1099-dfb9-b4d831f2f960,TRN-02,11,0.065,1554,2998
a03aa2d6-8c7d-1099-dfb9-b4d831f2f960,HYD-03,8,0.053,1668,1101
a03aa2d6-8c7d-1099-dfb9-b4d831f2f960,ELEC-04,18,0.05,3088,830
a03aa2d6-8c7d-1099-dfb9-b4d831f2f960,CHS-05,18,0.032,1513,1413
6e2a71bf-47d7-51d7-2d98-8ef34dac97db,ENG-01,14,0.056,195,4547
6e2a71bf-47d7-51d7-2d98-8ef34dac97db,TRN-02,3,0.055,934,2807
6e2a71bf-47d7-51d7-2d98-8ef34dac97db,HYD-03,14,0.028,0,1185
6e2a71bf-47d7-51d7-2d98-8ef34dac97db,ELEC-04,9,0.075,0,853
6e2a71bf-47d7-51d7-2d98-8ef34dac97db,CHS-05,4,0.038,0,1536
fcca18a8-c182-c013-3f17-6a730a36823a,ENG-01,21,0.079,2940,4314
fcca18a8-c182-c013-3f17-6a730a36823a,TRN-02,14,0.069,0,2864
fcca18a8-c182-c013-3f17-6a730a36823a,HYD-03,17,0.029,1623,1117
fcca18a8-c182-c013-3f17-6a730a36823a,ELEC-04,14,0.055,0,807
fcca18a8-c182-c013-3f17-6a730a36823a,CHS-05,8,0.013,3918,1409
4620e683-b18c-d34e-fcfc-95495ca29d55,ENG-01,4,0.061,0,4551
4620e683-b18c-d34e-fcfc-95495ca29d55,TRN-02,4,0.04,507,3119
4620e683-b18c-d34e-fcfc-95495ca29d55,HYD-03,11,0.053,595,1175
4620e683-b18c-d34e-fcfc-95495ca29d55,ELEC-04,4,0.08,1146,872
4620e683-b18c-d34e-fcfc-95495ca29d55,CHS-05,16,0.049,273,1557
b3a53ad9-ab27-4cdd-45ed-2f2dab8bca05,ENG-01,17,0.079,0,4068
b3a53ad9-ab27-4cdd-45ed-2f2dab8bca05,TRN-02,10,0.056,895,2811
b3a53ad9-ab27-4cdd-45ed-2f2dab8bca05,HYD-03,14,0.043,0,1030
b3a53ad9-ab27-4cdd-45ed-2f2dab8bca05,ELEC-04,18,0.064,0,803
b3a53ad9-ab27-4cdd-45ed-2f2dab8bca05,CHS-05,16,0.029,0,1375
285309be-abd5-9161-2e2c-dcd19dc45bb1,ENG-01,14,0.056,1195,4523
285309be-abd5-9161-2e2c-dcd19dc45bb1,TRN-02,2,0.046,486,2866
285309be-abd5-9161-2e2c-dcd19dc45bb1,HYD-03,5,0.048,0,1204
285309be-abd5-9161-2e2c-dcd19dc45bb1,ELEC-04,12,0.048,1145,795
285309be-abd5-9161-2e2c-dcd19dc45bb1,CHS-05,16,0.022,0,1488
8248481c-137a-ad6d-4423-06bbad6cf1f3,ENG-01,16,0.065,1362,4000
8248481c-137a-ad6d-4423-06bbad6cf1f3,TRN-02,10,0.048,0,2809
8248481c-137a-ad6d-4423-06bbad6cf1f3,HYD-03,9,0.037,0,1102
8248481c-137a-ad6d-4423-06bbad6cf1f3,ELEC-04,10,0.062,0,838
8248481c-137a-ad6d-4423-06bbad6cf1f3,CHS-05,10,0.01,1991,1379
269246e6-09da-13f4-767a-1befad48dc4d,ENG-01,12,0.086,0,4523
269246e6-09da-13f4-767a-1befad48dc4d,TRN-02,5,0.049,0,2836
269246e6-09da-13f4-767a-1befad48dc4d,HYD-03,10,0.026,471,1175
269246e6-09da-13f4-767a-1befad48dc4d,ELEC-04,13,0.051,2213,852
269246e6-09da-13f4-767a-1befad48dc4d,CHS-05,9,0.04,0,1497
6a51ad8c-47e6-dff6-2cd1-e1a727ddc480,ENG-01,8,0.074,1287,4412
6a51ad8c-47e6-dff6-2cd1-e1a727ddc480,TRN-02,15,0.048,466,2720
6a51ad8c-47e6-dff6-2cd1-e1a727ddc480,HYD-03,8,0.042,181,1149
6a51ad8c-47e6-dff6-2cd1-e1a727ddc480,ELEC-04,21,0.079,1763,803
6a51ad8c-47e6-dff6-2cd1-e1a727ddc480,CHS-05,13,0.045,1462,1454
504a8538-8ec2-419e-bf49-b6b103653c6e,ENG-01,13,0.089,0,4216
504a8538-8ec2-419e-bf49-b6b103653c6e,TRN-02,15,0.03,250,2971
504a8538-8ec2-419e-bf49-b6b103653c6e,HYD-03,15,0.021,0,1128
504a8538-8ec2-419e-bf49-b6b103653c6e,ELEC-04,16,0.076,1450,824
504a8538-8ec2-419e-bf49-b6b103653c6e,CHS-05,16,0.018,1287,1418
65abe29c-dad6-5353-5557-df525b9b8bcc,ENG-01,17,0.059,2435,4262
65abe29c-dad6-5353-5557-df525b9b8bcc,TRN-02,20,0.041,915,2790
65abe29c-dad6-5353-5557-df525b9b8bcc,HYD-03,12,0.029,0,1075
65abe29c-dad6-5353-5557-df525b9b8bcc,ELEC-04,20,0.048,2202,780
65abe29c-dad6-5353-5557-df525b9b8bcc,CHS-05,8,0.036,107,1405
7f222dfb-1e9d-1e5d-e490-9cf97cf42220,ENG-01,14,0.057,403,4315
7f222dfb-1e9d-1e5d-e490-9cf97cf42220,TRN-02,21,0.051,33,2807
7f222dfb-1e9d-1e5d-e490-9cf97cf42220,HYD-03,20,0.021,1746,1143
7f222dfb-1e9d-1e5d-e490-9cf97cf42220,ELEC-04,19,0.052,784,819
7f222dfb-1e9d-1e5d-e490-9cf97cf42220,CHS-05,8,0.038,1159,1393
9605d40c-bccd-6a9f-d1fe-664b2251b691,ENG-01,14,0.07,465,4320
9605d40c-bccd-6a9f-d1fe-664b2251b691,TRN-02,12,0.054,1439,3083
9605d40c-bccd-6a9f-d1fe-664b2251b691,HYD-03,9,0.038,0,1202
9605d40c-bccd-6a9f-d1fe-664b2251b691,ELEC-04,14,0.079,0,845
9605d40c-bccd-6a9f-d1fe-664b2251b691,CHS-05,14,0.013,531,1434
232dc35e-8ac7-6fb3-223b-4fb0b943cb50,ENG-01,23,0.084,2853,4361
232dc35e-8ac7-6fb3-223b-4fb0b943cb50,TRN-02,14,0.056,0,2678
232dc35e-8ac7-6fb3-223b-4fb0b943cb50,HYD-03,9,0.023,0,1098
232dc35e-8ac7-6fb3-223b-4fb0b943cb50,ELEC-04,15,0.044,334,816
232dc35e-8ac7-6fb3-223b-4fb0b943cb50,CHS-05,9,0.021,32,1416
b6ee6afa-005a-3278-23ce-bf1370875ddb,ENG-01,22,0.088,0,4083
b6ee6afa-005a-3278-23ce-bf1370875ddb,TRN-02,25,0.056,913,2543
b6ee6afa-005a-3278-23ce-bf1370875ddb,HYD-03,13,0.059,0,1098
b6ee6afa-005a-3278-23ce-bf1370875ddb,ELEC-04,24,0.05,1180,755
b6ee6afa-005a-3278-23ce-bf1370875ddb,CHS-05,24,0.029,0,1342
bf607bcd-be1f-8412-9082-1aded554d0e7,ENG-01,24,0.078,1336,4199
bf607bcd-be1f-8412-9082-1aded554d0e7,TRN-02,12,0.058,155,2733
bf607bcd-be1f-8412-9082-1aded554d0e7,HYD-03,17,0.045,0,1102
bf607bcd-be1f-8412-9082-1aded554d0e7,ELEC-04,14,0.048,0,769
bf607bcd-be1f-8412-9082-1aded554d0e7,CHS-05,14,0.028,263,1395
178c1e6e-90c1-2e86-a132-47e5f9176b75,ENG-01,20,0.079,1320,4186
178c1e6e-90c1-2e86-a132-47e5f9176b75,TRN-02,22,0.031,672,2807
178c1e6e-90c1-2e86-a132-47e5f9176b75,HYD-03,17,0.029,189,1145
178c1e6e-90c1-2e86-a132-47e5f9176b75,ELEC-04,9,0.075,823,806
178c1e6e-90c1-2e86-a132-47e5f9176b75,CHS-05,8,0.022,2453,1396
fee61004-758a-17b2-1336-60f802a942da,ENG-01,6,0.083,386,4142
fee61004-758a-17b2-1336-60f802a942da,TRN-02,18,0.04,0,2863
fee61004-758a-17b2-1336-60f802a942da,HYD-03,6,0.057,0,1107
fee61004-758a-17b2-1336-60f802a942da,ELEC-04,14,0.065,177,833
fee61004-758a-17b2-1336-60f802a942da,CHS-05,9,0.02,415,1381
f7c1b7cd-b689-34b5-bf17-2e0773c30431,ENG-01,15,0.075,451,4175
f7c1b7cd-b689-34b5-bf17-2e0773c30431,TRN-02,13,0.067,1528,2645
f7c1b7cd-b689-34b5-bf17-2e0773c30431,HYD-03,7,0.033,898,1080
f7c1b7cd-b689-34b5-bf17-2e0773c30431,ELEC-04,8,0.042,1345,799
f7c1b7cd-b689-34b5-bf17-2e0773c30431,CHS-05,15,0.022,647,1377
be37f828-d949-d07c-d3d5-0c7994c423ea,ENG-01,10,0.072,0,4367
be37f828-d949-d07c-d3d5-0c7994c423ea,TRN-02,12,0.057,0,2560
be37f828-d949-d07c-d3d5-0c7994c423ea,HYD-03,20,0.051,0,1091
be37f828-d949-d07c-d3d5-0c7994c423ea,ELEC-04,12,0.074,51,774
be37f828-d949-d07c-d3d5-0c7994c423ea,CHS-05,14,0.019,0,1397
dab84f69-85b2-86ac-89f7-ea4132c741f8,ENG-01,8,0.081,5533,4622
dab84f69-85b2-86ac-89f7-ea4132c741f8,TRN-02,16,0.055,4757,2720
dab84f69-85b2-86ac-89f7-ea4132c741f8,HYD-03,4,0.042,5468,1200
dab84f69-85b2-86ac-89f7-ea4132c741f8,ELEC-04,13,0.057,5038,841
dab84f69-85b2-86ac-89f7-ea4132c741f8,CHS-05,7,0.038,3587,1508
6d7849ea-21e7-0e90-b2c4-107410df564f,ENG-01,5,0.074,0,4454
6d7849ea-21e7-0e90-b2c4-107410df564f,TRN-02,12,0.044,0,3067
6d7849ea-21e7-0e90-b2c4-107410df564f,HYD-03,7,0.053,432,1195
6d7849ea-21e7-0e90-b2c4-107410df564f,ELEC-04,4,0.043,3265,910
6d7849ea-21e7-0e90-b2c4-107410df564f,CHS-05,14,0.025,1158,1478
f4e22620-213a-f228-c244-03f18988cf49,ENG-01,20,0.055,63,4332
f4e22620-213a-f228-c244-03f18988cf49,TRN-02,9,0.047,1158,2933
f4e22620-213a-f228-c244-03f18988cf49,HYD-03,12,0.022,0,1142
f4e22620-213a-f228-c244-03f18988cf49,ELEC-04,21,0.051,482,860
f4e22620-213a-f228-c244-03f18988cf49,CHS-05,18,0.05,0,1455
2d383da2-cbac-4389-5d9f-aa311c4f0c39,ENG-01,5,0.066,541,4616
2d383da2-cbac-4389-5d9f-aa311c4f0c39,TRN-02,15,0.052,0,2845
2d383da2-cbac-4389-5d9f-aa311c4f0c39,HYD-03,9,0.042,0,1210
2d383da2-cbac-4389-5d9f-aa311c4f0c39,ELEC-04,14,0.064,0,827
2d383da2-cbac-4389-5d9f-aa311c4f0c39,CHS-05,13,0.035,0,1511
1bc72929-e779-c714-cd38-8f3f17f9edca,ENG-01,11,0.081,0,4440
1bc72929-e779-c714-cd38-8f3f17f9edca,TRN-02,22,0.037,0,2685
1bc72929-e779-c714-cd38-8f3f17f9edca,HYD-03,15,0.059,638,1124
1bc72929-e779-c714-cd38-8f3f17f9edca,ELEC-04,9,0.067,0,766
1bc72929-e779-c714-cd38-8f3f17f9edca,CHS-05,11,0.025,1524,1461
9b9ff412-100d-b486-aa1b-2e9397a8740e,ENG-01,18,0.059,427,4123
9b9ff412-100d-b486-aa1b-2e9397a8740e,TRN-02,11,0.053,0,2688
9b9ff412-100d-b486-aa1b-2e9397a8740e,HYD-03,17,0.05,0,1017
9b9ff412-100d-b486-aa1b-2e9397a8740e,ELEC-04,22,0.046,0,800
9b9ff412-100d-b486-aa1b-2e9397a8740e,CHS-05,17,0.021,0,1306
57229993-d830-1f36-2c58-e41685477cc7,ENG-01,16,0.062,1600,4185
57229993-d830-1f36-2c58-e41685477cc7,TRN-02,24,0.054,117,2440
57229993-d830-1f36-2c58-e41685477cc7,HYD-03,16,0.043,64,1095
57229993-d830-1f36-2c58-e41685477cc7,ELEC-04,14,0.043,1558,737
57229993-d830-1f36-2c58-e41685477cc7,CHS-05,25,0.029,1177,1363
6f13b95f-31a6-9989-8c0d-a39f645df75a,ENG-01,8,0.059,43,4054
6f13b95f-31a6-9989-8c0d-a39f645df75a,TRN-02,20,0.05,2352,2698
6f13b95f-31a6-9989-8c0d-a39f645df75a,HYD-03,18,0.048,0,1121
6f13b95f-31a6-9989-8c0d-a39f645df75a,ELEC-04,11,0.048,0,796
6f13b95f-31a6-9989-8c0d-a39f645df75a,CHS-05,8,0.021,0,1386
1dfe8104-29b9-82e9-a483-4f126197bd19,ENG-01,17,0.072,373,4152
1dfe8104-29b9-82e9-a483-4f126197bd19,TRN-02,19,0.066,1040,2755
1dfe8104-29b9-82e9-a483-4f126197bd19,HYD-03,12,0.06,1618,1060
1dfe8104-29b9-82e9-a483-4f126197bd19,ELEC-04,24,0.061,0,796
1dfe8104-29b9-82e9-a483-4f126197bd19,CHS-05,17,0.025,671,1387
307bcba9-23dc-b72c-85e0-50170aa05c20,ENG-01,23,0.079,3323,4348
307bcba9-23dc-b72c-85e0-50170aa05c20,TRN-02,14,0.033,0,2726
307bcba9-23dc-b72c-85e0-50170aa05c20,HYD-03,17,0.046,1268,1108
307bcba9-23dc-b72c-85e0-50170aa05c20,ELEC-04,18,0.055,3744,817
307bcba9-23dc-b72c-85e0-50170aa05c20,CHS-05,18,0.026,1386,1471
0f140873-ddd8-8f93-e844-92da5770d483,ENG-01,24,0.053,260,4262
0f140873-ddd8-8f93-e844-92da5770d483,TRN-02,13,0.048,1832,2536
0f140873-ddd8-8f93-e844-92da5770d483,HYD-03,19,0.053,2312,1117
0f140873-ddd8-8f93-e844-92da5770d483,ELEC-04,13,0.065,1609,734
0f140873-ddd8-8f93-e844-92da5770d483,CHS-05,17,0.026,0,1394
88bd8154-6882-1b91-e776-c31eff614b79,ENG-01,10,0.064,2123,4293
88bd8154-6882-1b91-e776-c31eff614b79,TRN-02,19,0.066,271,2723
88bd8154-6882-1b91-e776-c31eff614b79,HYD-03,11,0.045,723,1067
88bd8154-6882-1b91-e776-c31eff614b79,ELEC-04,7,0.073,1002,792
88bd8154-6882-1b91-e776-c31eff614b79,CHS-05,9,0.02,1300,1424
cd11a1e3-6999-a58d-3e38-2cd472814657,ENG-01,13,0.071,2371,4230
cd11a1e3-6999-a58d-3e38-2cd472814657,TRN-02,19,0.062,1275,2984
cd11a1e3-6999-a58d-3e38-2cd472814657,HYD-03,15,0.029,1386,1076
cd11a1e3-6999-a58d-3e38-2cd472814657,ELEC-04,10,0.075,0,836
cd11a1e3-6999-a58d-3e38-2cd472814657,CHS-05,22,0.018,1925,1424
cc9883a3-d968-d11e-3d95-b911dc4c99a5,ENG-01,21,0.064,682,4287
cc9883a3-d968-d11e-3d95-b911dc4c99a5,TRN-02,10,0.039,1251,2664
cc9883a3-d968-d11e-3d95-b911dc4c99a5,HYD-03,13,0.028,619,1128
cc9883a3-d968-d11e-3d95-b911dc4c99a5,ELEC-04,20,0.058,1059,782
cc9883a3-d968-d11e-3d95-b911dc4c99a5,CHS-05,10,0.019,373,1435
9f325328-d155-7aa2-8eb6-925a61c08717,ENG-01,14,0.087,116,4209
9f325328-d155-7aa2-8eb6-925a61c08717,TRN-02,16,0.064,1213,2841
9f325328-d155-7aa2-8eb6-925a61c08717,HYD-03,22,0.026,489,1155
9f325328-d155-7aa2-8eb6-925a61c08717,ELEC-04,9,0.061,1523,861
9f325328-d155-7aa2-8eb6-925a61c08717,CHS-05,13,0.012,1530,1459
8f656423-4458-66e7-8336-4f2190ba865d,ENG-01,22,0.081,1091,4286
8f656423-4458-66e7-8336-4f2190ba865d,TRN-02,19,0.069,1026,2704
8f656423-4458-66e7-8336-4f2190ba865d,HYD-03,8,0.034,0,1131
8f656423-4458-66e7-8336-4f2190ba865d,ELEC-04,16,0.051,375,766
8f656423-4458-66e7-8336-4f2190ba865d,CHS-05,17,0.013,917,1431
7f1d8ecf-ca6a-83b5-730f-a3f0c8763376,ENG-01,17,0.053,506,4528
7f1d8ecf-ca6a-83b5-730f-a3f0c8763376,TRN-02,11,0.053,0,2667
7f1d8ecf-ca6a-83b5-730f-a3f0c8763376,HYD-03,20,0.042,24,1110
7f1d8ecf-ca6a-83b5-730f-a3f0c8763376,ELEC-04,11,0.079,0,797
7f1d8ecf-ca6a-83b5-730f-a3f0c8763376,CHS-05,14,0.044,72,1411
80bfc662-cb44-18cc-9564-34f61742ebcc,ENG-01,16,0.079,1073,4385
80bfc662-cb44-18cc-9564-34f61742ebcc,TRN-02,23,0.047,0,3001
80bfc662-cb44-18cc-9564-34f61742ebcc,HYD-03,14,0.055,1062,1123
80bfc662-cb44-18cc-9564-34f61742ebcc,ELEC-04,10,0.053,1304,833
80bfc662-cb44-18cc-9564-34f61742ebcc,CHS-05,21,0.026,536,1455
adc8fd2d-dc80-f4d1-c9e9-c58025ebf55f,ENG-01,20,0.076,106,4305
adc8fd2d-dc80-f4d1-c9e9-c58025ebf55f,TRN-02,14,0.053,0,3005
adc8fd2d-dc80-f4d1-c9e9-c58025ebf55f,HYD-03,21,0.032,602,1146
adc8fd2d-dc80-f4d1-c9e9-c58025ebf55f,ELEC-04,13,0.049,0,838
adc8fd2d-dc80-f4d1-c9e9-c58025ebf55f,CHS-05,17,0.033,222,1432
2c64c8fd-499f-c2be-1464-30b033d508d0,ENG-01,11,0.055,1716,4363
2c64c8fd-499f-c2be-1464-30b033d508d0,TRN-02,13,0.059,0,2762
2c64c8fd-499f-c2be-1464-30b033d508d0,HYD-03,13,0.058,0,1131
2c64c8fd-499f-c2be-1464-30b033d508d0,ELEC-04,15,0.057,2304,821
2c64c8fd-499f-c2be-1464-30b033d508d0,CHS-05,11,0.018,2203,1419
aa5a2aa2-f3ea-cf80-44ff-98e0f4ef4f59,ENG-01,10,0.071,7466,4318
aa5a2aa2-f3ea-cf80-44ff-98e0f4ef4f59,TRN-02,8,0.031,0,2573
aa5a2aa2-f3ea-cf80-44ff-98e0f4ef4f59,HYD-03,7,0.042,7063,1138
aa5a2aa2-f3ea-cf80-44ff-98e0f4ef4f59,ELEC-04,15,0.058,0,778
aa5a2aa2-f3ea-cf80-44ff-98e0f4ef4f59,CHS-05,9,0.027,5022,1378
8ec21aee-7513-5fae-cc42-e8ecc4ee4cef,ENG-01,16,0.054,0,4191
8ec21aee-7513-5fae-cc42-e8ecc4ee4cef,TRN-02,12,0.034,634,2662
8ec21aee-7513-5fae-cc42-e8ecc4ee4cef,HYD-03,13,0.039,1847,1031
8ec21aee-7513-5fae-cc42-e8ecc4ee4cef,ELEC-04,16,0.05,148,783
8ec21aee-7513-5fae-cc42-e8ecc4ee4cef,CHS-05,23,0.025,0,1375
45ba193a-a8ac-cd8d-59da-3c2d0ffd7fa4,ENG-01,14,0.08,3219,4250
45ba193a-a8ac-cd8d-59da-3c2d0ffd7fa4,TRN-02,22,0.033,1244,2416
45ba193a-a8ac-cd8d-59da-3c2d0ffd7fa4,HYD-03,14,0.027,908,1145
45ba193a-a8ac-cd8d-59da-3c2d0ffd7fa4,ELEC-04,24,0.063,574,764
45ba193a-a8ac-cd8d-59da-3c2d0ffd7fa4,CHS-05,23,0.041,2783,1315
9ced4864-3b8a-e6f8-5ee9-a7fa3a103c10,ENG-01,11,0.068,0,4210
9ced4864-3b8a-e6f8-5ee9-a7fa3a103c10,TRN-02,19,0.062,0,2487
9ced4864-3b8a-e6f8-5ee9-a7fa3a103c10,HYD-03,19,0.049,0,1048
9ced4864-3b8a-e6f8-5ee9-a7fa3a103c10,ELEC-04,13,0.074,0,768
9ced4864-3b8a-e6f8-5ee9-a7fa3a103c10,CHS-05,21,0.03,0,1385
63aa5cd5-be83-8b90-c716-ae3432b112d5,ENG-01,9,0.071,0,4672
63aa5cd5-be83-8b90-c716-ae3432b112d5,TRN-02,14,0.039,546,2914
63aa5cd5-be83-8b90-c716-ae3432b112d5,HYD-03,15,0.035,0,1146
63aa5cd5-be83-8b90-c716-ae3432b112d5,ELEC-04,9,0.066,2112,844
63aa5cd5-be83-8b90-c716-ae3432b112d5,CHS-05,11,0.039,188,1522
0258e064-44d1-96a1-551a-b97c76356418,ENG-01,20,0.065,2542,4147
0258e064-44d1-96a1-551a-b97c76356418,TRN-02,18,0.05,719,2659
0258e064-44d1-96a1-551a-b97c76356418,HYD-03,19,0.047,2684,1087
0258e064-44d1-96a1-551a-b97c76356418,ELEC-04,17,0.041,217,766
0258e064-44d1-96a1-551a-b97c76356418,CHS-05,21,0.031,892,1394
dd7efb7e-3e98-5ff7-67b7-1f7569e328da,ENG-01,6,0.084,0,4462
dd7efb7e-3e98-5ff7-67b7-1f7569e328da,TRN-02,15,0.053,0,2521
dd7efb7e-3e98-5ff7-67b7-1f7569e328da,HYD-03,6,0.056,0,1134
dd7efb7e-3e98-5ff7-67b7-1f7569e328da,ELEC-04,13,0.08,0,797
dd7efb7e-3e98-5ff7-67b7-1f7569e328da,CHS-05,19,0.033,0,1375
50f63973-9875-1c54-b12b-a1e6ebe543ef,ENG-01,14,0.087,0,4133
50f63973-9875-1c54-b12b-a1e6ebe543ef,TRN-02,13,0.04,1669,2704
50f63973-9875-1c54-b12b-a1e6ebe543ef,HYD-03,19,0.049,4961,1060
50f63973-9875-1c54-b12b-a1e6ebe543ef,ELEC-04,13,0.044,2301,745
50f63973-9875-1c54-b12b-a1e6ebe543ef,CHS-05,18,0.035,0,1389
75dd4798-fe85-fe4c-3bf1-fa0b03515db4,ENG-01,14,0.055,3586,4019
75dd4798-fe85-fe4c-3bf1-fa0b03515db4,TRN-02,17,0.06,1065,2674
75dd4798-fe85-fe4c-3bf1-fa0b03515db4,HYD-03,20,0.028,0,1075
75dd4798-fe85-fe4c-3bf1-fa0b03515db4,ELEC-04,21,0.068,0,741
75dd4798-fe85-fe4c-3bf1-fa0b03515db4,CHS-05,17,0.023,0,1366
9d3f4865-6ac3-195b-deff-81af7e42a69b,ENG-01,15,0.076,671,4266
9d3f4865-6ac3-195b-deff-81af7e42a69b,TRN-02,9,0.035,0,2867
9d3f4865-6ac3-195b-deff-81af7e42a69b,HYD-03,8,0.045,149,1104
9d3f4865-6ac3-195b-deff-81af7e42a69b,ELEC-04,15,0.054,649,823
9d3f4865-6ac3-195b-deff-81af7e42a69b,CHS-05,18,0.013,0,1380
44af0b8a-c089-5e05-4d2c-e1d66bc51b9d,ENG-01,17,0.065,0,4139
44af0b8a-c089-5e05-4d2c-e1d66bc51b9d,TRN-02,16,0.047,892,2729
44af0b8a-c089-5e05-4d2c-e1d66bc51b9d,HYD-03,8,0.036,207,1051
44af0b8a-c089-5e05-4d2c-e1d66bc51b9d,ELEC-04,14,0.045,476,820
44af0b8a-c089-5e05-4d2c-e1d66bc51b9d,CHS-05,18,0.028,0,1358
652a74a6-bbd5-686c-bb8f-c91d81ef817f,ENG-01,11,0.06,1921,4528
652a74a6-bbd5-686c-bb8f-c91d81ef817f,TRN-02,14,0.058,4482,2772
652a74a6-bbd5-686c-bb8f-c91d81ef817f,HYD-03,10,0.034,2620,1164
652a74a6-bbd5-686c-bb8f-c91d81ef817f,ELEC-04,19,0.05,2722,827
652a74a6-bbd5-686c-bb8f-c91d81ef817f,CHS-05,22,0.046,0,1496
19dda97c-dfed-99a2-de60-78912bac8856,ENG-01,21,0.059,0,4457
19dda97c-dfed-99a2-de60-78912bac8856,TRN-02,18,0.039,192,2732
19dda97c-dfed-99a2-de60-78912bac8856,HYD-03,13,0.043,265,1121
19dda97c-dfed-99a2-de60-78912bac8856,ELEC-04,10,0.044,0,786
19dda97c-dfed-99a2-de60-78912bac8856,CHS-05,9,0.023,1463,1429
f82f931b-848a-297a-1030-cc1820e7792f,ENG-01,16,0.065,1680,4278
f82f931b-848a-297a-1030-cc1820e7792f,TRN-02,18,0.053,2856,2495
f82f931b-848a-297a-1030-cc1820e7792f,HYD-03,23,0.046,3294,1065
f82f931b-848a-297a-1030-cc1820e7792f,ELEC-04,18,0.041,4869,765
f82f931b-848a-297a-1030-cc1820e7792f,CHS-05,19,0.011,1466,1348
a56ad332-74df-8e11-06c4-6e48668f4130,ENG-01,13,0.089,1988,4149
a56ad332-74df-8e11-06c4-6e48668f4130,TRN-02,20,0.046,2949,2623
a56ad332-74df-8e11-06c4-6e48668f4130,HYD-03,16,0.032,3386,1070
a56ad332-74df-8e11-06c4-6e48668f4130,ELEC-04,11,0.062,868,772
a56ad332-74df-8e11-06c4-6e48668f4130,CHS-05,23,0.02,0,1360
cd4b91d4-9077-4535-810a-aa0a0b513fbd,ENG-01,16,0.083,396,4063
cd4b91d4-9077-4535-810a-aa0a0b513fbd,TRN-02,18,0.039,1321,2774
cd4b91d4-9077-4535-810a-aa0a0b513fbd,HYD-03,14,0.028,0,1060
cd4b91d4-9077-4535-810a-aa0a0b513fbd,ELEC-04,13,0.047,223,837
cd4b91d4-9077-4535-810a-aa0a0b513fbd,CHS-05,9,0.035,0,1361
f2029951-6dd0-445d-0983-4ea0a6f4d123,ENG-01,14,0.079,604,4267
f2029951-6dd0-445d-0983-4ea0a6f4d123,TRN-02,14,0.04,947,3001
f2029951-6dd0-445d-0983-4ea0a6f4d123,HYD-03,11,0.039,53,1141
f2029951-6dd0-445d-0983-4ea0a6f4d123,ELEC-04,10,0.053,2320,891
f2029951-6dd0-445d-0983-4ea0a6f4d123,CHS-05,13,0.026,0,1435
27b7083e-c959-5b15-6adb-6624f1963f81,ENG-01,12,0.051,0,4754
27b7083e-c959-5b15-6adb-6624f1963f81,TRN-02,10,0.033,0,2901
27b7083e-c959-5b15-6adb-6624f1963f81,HYD-03,7,0.055,2992,1233
27b7083e-c959-5b15-6adb-6624f1963f81,ELEC-04,12,0.051,0,877
27b7083e-c959-5b15-6adb-6624f1963f81,CHS-05,9,0.011,1029,1528
babe5981-0549-062a-caf2-b57daaa98a27,ENG-01,13,0.075,0,4701
babe5981-0549-062a-caf2-b57daaa98a27,TRN-02,15,0.048,2772,2832
babe5981-0549-062a-caf2-b57daaa98a27,HYD-03,12,0.054,1361,1180
babe5981-0549-062a-caf2-b57daaa98a27,ELEC-04,7,0.07,2424,825
babe5981-0549-062a-caf2-b57daaa98a27,CHS-05,14,0.019,875,1521
ea91a12f-be1a-2bbf-bbce-ac640ade4118,ENG-01,9,0.088,198,4145
ea91a12f-be1a-2bbf-bbce-ac640ade4118,TRN-02,16,0.063,0,2528
ea91a12f-be1a-2bbf-bbce-ac640ade4118,HYD-03,9,0.02,458,1095
ea91a12f-be1a-2bbf-bbce-ac640ade4118,ELEC-04,17,0.042,0,781
ea91a12f-be1a-2bbf-bbce-ac640ade4118,CHS-05,9,0.03,1,1403
2aa0fb2f-0fb4-b410-205f-bd468677350d,ENG-01,13,0.058,148,4251
2aa0fb2f-0fb4-b410-205f-bd468677350d,TRN-02,19,0.053,591,2355
2aa0fb2f-0fb4-b410-205f-bd468677350d,HYD-03,21,0.04,0,1059
2aa0fb2f-0fb4-b410-205f-bd468677350d,ELEC-04,14,0.047,1536,762
2aa0fb2f-0fb4-b410-205f-bd468677350d,CHS-05,16,0.021,0,1357
64b92f31-0807-8bd8-083f-1adb8ff39411,ENG-01,18,0.055,147,4214
64b92f31-0807-8bd8-083f-1adb8ff39411,TRN-02,17,0.058,562,2747
64b92f31-0807-8bd8-083f-1adb8ff39411,HYD-03,19,0.031,604,1109
64b92f31-0807-8bd8-083f-1adb8ff39411,ELEC-04,15,0.055,0,807
64b92f31-0807-8bd8-083f-1adb8ff39411,CHS-05,25,0.028,838,1337
e1e44acd-f8f8-bc95-3f6a-9cdbc1fbd122,ENG-01,10,0.089,0,4411
e1e44acd-f8f8-bc95-3f6a-9cdbc1fbd122,TRN-02,15,0.07,248,2967
e1e44acd-f8f8-bc95-3f6a-9cdbc1fbd122,HYD-03,20,0.052,1924,1106
e1e44acd-f8f8-bc95-3f6a-9cdbc1fbd122,ELEC-04,15,0.079,3518,853
e1e44acd-f8f8-bc95-3f6a-9cdbc1fbd122,CHS-05,17,0.041,1103,1486
c2992b9f-119b-f66a-9496-fc9882c145c1,ENG-01,13,0.078,101,4603
c2992b9f-119b-f66a-9496-fc9882c145c1,TRN-02,10,0.061,435,2891
c2992b9f-119b-f66a-9496-fc9882c145c1,HYD-03,11,0.027,0,1177
c2992b9f-119b-f66a-9496-fc9882c145c1,ELEC-04,15,0.053,2906,851
c2992b9f-119b-f66a-9496-fc9882c145c1,CHS-05,9,0.017,0,1508
e2ce05e5-58de-9611-0c4b-0933b144627c,ENG-01,12,0.069,0,4372
e2ce05e5-58de-9611-0c4b-0933b144627c,TRN-02,12,0.053,0,2509
e2ce05e5-58de-9611-0c4b-0933b144627c,HYD-03,17,0.053,0,1124
e2ce05e5-58de-9611-0c4b-0933b144627c,ELEC-04,21,0.073,0,816
e2ce05e5-58de-9611-0c4b-0933b144627c,CHS-05,14,0.011,0,1450
839501da-2abb-a1b2-2b93-cac58641d7b0,ENG-01,25,0.054,0,4009
839501da-2abb-a1b2-2b93-cac58641d7b0,TRN-02,20,0.052,0,2551
839501da-2abb-a1b2-2b93-cac58641d7b0,HYD-03,21,0.042,274,1079
839501da-2abb-a1b2-2b93-cac58641d7b0,ELEC-04,14,0.068,0,775
839501da-2abb-a1b2-2b93-cac58641d7b0,CHS-05,16,0.016,0,1333
3505be68-d504-4d91-4eac-b6105c65bdfc,ENG-01,9,0.081,0,4453
3505be68-d504-4d91-4eac-b6105c65bdfc,TRN-02,15,0.061,0,2781
3505be68-d504-4d91-4eac-b6105c65bdfc,HYD-03,11,0.02,0,1144
3505be68-d504-4d91-4eac-b6105c65bdfc,ELEC-04,13,0.043,0,777
3505be68-d504-4d91-4eac-b6105c65bdfc,CHS-05,13,0.041,336,1414
15eb3e8e-702b-dd37-b172-d34266351dfd,ENG-01,14,0.075,101,4236
15eb3e8e-702b-dd37-b172-d34266351dfd,TRN-02,15,0.067,208,2967
15eb3e8e-702b-dd37-b172-d34266351dfd,HYD-03,13,0.024,0,1109
15eb3e8e-702b-dd37-b172-d34266351dfd,ELEC-04,13,0.041,0,874
15eb3e8e-702b-dd37-b172-d34266351dfd,CHS-05,10,0.037,76,1487
a7b7ba71-325a-0679-3dcc-b55a0111d3f8,ENG-01,19,0.082,1797,4412
a7b7ba71-325a-0679-3dcc-b55a0111d3f8,TRN-02,17,0.033,314,2664
a7b7ba71-325a-0679-3dcc-b55a0111d3f8,HYD-03,23,0.027,482,1146
a7b7ba71-325a-0679-3dcc-b55a0111d3f8,ELEC-04,10,0.065,0,806
a7b7ba71-325a-0679-3dcc-b55a0111d3f8,CHS-05,9,0.028,408,1468
f634308e-efdb-048c-f63a-30ab1324a64c,ENG-01,19,0.072,0,4414
f634308e-efdb-048c-f63a-30ab1324a64c,TRN-02,16,0.043,1971,2595
f634308e-efdb-048c-f63a-30ab1324a64c,HYD-03,19,0.043,1525,1085
f634308e-efdb-048c-f63a-30ab1324a64c,ELEC-04,7,0.078,1006,773
f634308e-efdb-048c-f63a-30ab1324a64c,CHS-05,11,0.039,0,1363
dfd68e8e-929f-8634-81f7-3429ae5d1f56,ENG-01,13,0.073,4184,4621
dfd68e8e-929f-8634-81f7-3429ae5d1f56,TRN-02,11,0.056,4242,2652
dfd68e8e-929f-8634-81f7-3429ae5d1f56,HYD-03,9,0.057,6270,1124
dfd68e8e-929f-8634-81f7-3429ae5d1f56,ELEC-04,19,0.047,3645,801
dfd68e8e-929f-8634-81f7-3429ae5d1f56,CHS-05,19,0.012,2170,1399
9b5d545b-a993-8f34-5a38-ab7fced2ab97,ENG-01,15,0.087,632,4083
9b5d545b-a993-8f34-5a38-ab7fced2ab97,TRN-02,19,0.07,2265,2823
9b5d545b-a993-8f34-5a38-ab7fced2ab97,HYD-03,23,0.056,1165,1094
9b5d545b-a993-8f34-5a38-ab7fced2ab97,ELEC-04,11,0.045,0,816
9b5d545b-a993-8f34-5a38-ab7fced2ab97,CHS-05,13,0.033,0,1353
3c4accbf-a0cb-50c6-3d50-6b25361ef87d,ENG-01,20,0.082,0,4292
3c4accbf-a0cb-50c6-3d50-6b25361ef87d,TRN-02,15,0.063,1104,2772
3c4accbf-a0cb-50c6-3d50-6b25361ef87d,HYD-03,20,0.047,2641,1097
3c4accbf-a0cb-50c6-3d50-6b25361ef87d,ELEC-04,14,0.051,2173,821
3c4accbf-a0cb-50c6-3d50-6b25361ef87d,CHS-05,16,0.014,1339,1409
63aa60d5-9ddd-dcb5-d586-ad9cbcdcc8a0,ENG-01,20,0.078,0,4390
63aa60d5-9ddd-dcb5-d586-ad9cbcdcc8a0,TRN-02,8,0.068,0,2511
63aa60d5-9ddd-dcb5-d586-ad9cbcdcc8a0,HYD-03,17,0.049,0,1092
63aa60d5-9ddd-dcb5-d586-ad9cbcdcc8a0,ELEC-04,20,0.074,0,790
63aa60d5-9ddd-dcb5-d586-ad9cbcdcc8a0,CHS-05,18,0.01,0,1397
aed7db36-3f70-79d2-c98f-2502ffbf9d4e,ENG-01,18,0.084,0,4141
aed7db36-3f70-79d2-c98f-2502ffbf9d4e,TRN-02,21,0.065,0,2414
aed7db36-3f70-79d2-c98f-2502ffbf9d4e,HYD-03,18,0.049,0,1032
aed7db36-3f70-79d2-c98f-2502ffbf9d4e,ELEC-04,16,0.066,0,752
aed7db36-3f70-79d2-c98f-2502ffbf9d4e,CHS-05,12,0.041,0,1324
679a3935-6fc4-e787-4e2f-de58ac1f8d70,ENG-01,11,0.085,0,4200
679a3935-6fc4-e787-4e2f-de58ac1f8d70,TRN-02,14,0.036,1000,2512
679a3935-6fc4-e787-4e2f-de58ac1f8d70,HYD-03,6,0.028,1728,1105
679a3935-6fc4-e787-4e2f-de58ac1f8d70,ELEC-04,14,0.049,471,752
679a3935-6fc4-e787-4e2f-de58ac1f8d70,CHS-05,7,0.043,1948,1383
3de6f48b-7968-fbb7-7e49-1b3c0964f642,ENG-01,20,0.079,2093,4299
3de6f48b-7968-fbb7-7e49-1b3c0964f642,TRN-02,21,0.042,0,2957
3de6f48b-7968-fbb7-7e49-1b3c0964f642,HYD-03,10,0.056,390,1123
3de6f48b-7968-fbb7-7e49-1b3c0964f642,ELEC-04,11,0.072,0,861
3de6f48b-7968-fbb7-7e49-1b3c0964f642,CHS-05,11,0.045,0,1397
2b8d2a5b-c203-53a5-a5b7-d361ceaf2799,ENG-01,17,0.077,1515,4438
2b8d2a5b-c203-53a5-a5b7-d361ceaf2799,TRN-02,19,0.037,541,2909
2b8d2a5b-c203-53a5-a5b7-d361ceaf2799,HYD-03,23,0.057,0,1169
2b8d2a5b-c203-53a5-a5b7-d361ceaf2799,ELEC-04,18,0.063,4831,820
2b8d2a5b-c203-53a5-a5b7-d361ceaf2799,CHS-05,17,0.032,1122,1461
82cf2e1e-9b45-a600-32d6-0e9bab2c91ee,ENG-01,13,0.051,4046,4326
82cf2e1e-9b45-a600-32d6-0e9bab2c91ee,TRN-02,17,0.045,3396,2603
82cf2e1e-9b45-a600-32d6-0e9bab2c91ee,HYD-03,9,0.023,316,1149
82cf2e1e-9b45-a600-32d6-0e9bab2c91ee,ELEC-04,12,0.069,1534,797
82cf2e1e-9b45-a600-32d6-0e9bab2c91ee,CHS-05,18,0.035,2738,1457
5beffb5a-e6f0-f14b-d175-45b290e63d42,ENG-01,15,0.085,0,4338
5beffb5a-e6f0-f14b-d175-45b290e63d42,TRN-02,21,0.059,0,2717
5beffb5a-e6f0-f14b-d175-45b290e63d42,HYD-03,20,0.037,2581,1126
5beffb5a-e6f0-f14b-d175-45b290e63d42,ELEC-04,21,0.079,1448,815
5beffb5a-e6f0-f14b-d175-45b290e63d42,CHS-05,13,0.012,2215,1460
060264a4-7a92-99c7-7eb9-0e657c66c5a3,ENG-01,20,0.056,3286,4193
060264a4-7a92-99c7-7eb9-0e657c66c5a3,TRN-02,12,0.036,0,2638
060264a4-7a92-99c7-7eb9-0e657c66c5a3,HYD-03,13,0.035,0,1061
060264a4-7a92-99c7-7eb9-0e657c66c5a3,ELEC-04,21,0.062,0,734
060264a4-7a92-99c7-7eb9-0e657c66c5a3,CHS-05,20,0.025,1642,1330
66a1042b-20ce-f6e0-760a-114a6fa94efa,ENG-01,12,0.069,161,4276
66a1042b-20ce-f6e0-760a-114a6fa94efa,TRN-02,15,0.061,3094,2569
66a1042b-20ce-f6e0-760a-114a6fa94efa,HYD-03,11,0.036,2212,1045
66a1042b-20ce-f6e0-760a-114a6fa94efa,ELEC-04,20,0.068,2797,757
66a1042b-20ce-f6e0-760a-114a6fa94efa,CHS-05,15,0.041,3163,1390
691467c6-f21a-fa89-12f0-80f6a59d8487,ENG-01,18,0.079,0,4339
691467c6-f21a-fa89-12f0-80f6a59d8487,TRN-02,14,0.031,0,2766
691467c6-f21a-fa89-12f0-80f6a59d8487,HYD-03,12,0.051,2874,1047
691467c6-f21a-fa89-12f0-80f6a59d8487,ELEC-04,10,0.076,967,776
691467c6-f21a-fa89-12f0-80f6a59d8487,CHS-05,10,0.035,2436,1348
168352ef-7614-2d38-9a81-bc6fd6d5e7ef,ENG-01,17,0.055,0,4205
168352ef-7614-2d38-9a81-bc6fd6d5e7ef,TRN-02,16,0.069,0,2582
168352ef-7614-2d38-9a81-bc6fd6d5e7ef,HYD-03,19,0.033,1287,1084
168352ef-7614-2d38-9a81-bc6fd6d5e7ef,ELEC-04,18,0.072,0,781
168352ef-7614-2d38-9a81-bc6fd6d5e7ef,CHS-05,12,0.044,1219,1392
f1942805-68fd-e438-c521-8ac1dd81b607,ENG-01,9,0.051,0,3978
f1942805-68fd-e438-c521-8ac1dd81b607,TRN-02,10,0.051,0,2522
f1942805-68fd-e438-c521-8ac1dd81b607,HYD-03,11,0.02,0,1098
f1942805-68fd-e438-c521-8ac1dd81b607,ELEC-04,15,0.05,5979,788
f1942805-68fd-e438-c521-8ac1dd81b607,CHS-05,11,0.023,6184,1388
786f7dc5-1f89-4ef3-b0c2-b42509f0b0a3,ENG-01,6,0.086,0,4286
786f7dc5-1f89-4ef3-b0c2-b42509f0b0a3,TRN-02,11,0.031,0,3109
786f7dc5-1f89-4ef3-b0c2-b42509f0b0a3,HYD-03,6,0.026,0,1219
786f7dc5-1f89-4ef3-b0c2-b42509f0b0a3,ELEC-04,8,0.057,165,862
786f7dc5-1f89-4ef3-b0c2-b42509f0b0a3,CHS-05,6,0.042,73,1511
b7fb5636-d650-9d19-12c4-9282c61e96b1,ENG-01,7,0.068,1462,4599
b7fb5636-d650-9d19-12c4-9282c61e96b1,TRN-02,9,0.05,1120,2928
b7fb5636-d650-9d19-12c4-9282c61e96b1,HYD-03,5,0.043,484,1182
b7fb5636-d650-9d19-12c4-9282c61e96b1,ELEC-04,14,0.051,0,862
b7fb5636-d650-9d19-12c4-9282c61e96b1,CHS-05,14,0.024,2051,1509
501c80a5-4c71-95ae-01f4-24b1b1a79004,ENG-01,20,0.054,0,4394
501c80a5-4c71-95ae-01f4-24b1b1a79004,TRN-02,9,0.049,661,2601
501c80a5-4c71-95ae-01f4-24b1b1a79004,HYD-03,21,0.038,1180,1116
501c80a5-4c71-95ae-01f4-24b1b1a79004,ELEC-04,14,0.071,302,773
501c80a5-4c71-95ae-01f4-24b1b1a79004,CHS-05,14,0.031,560,1451
8d1f2b7e-07d4-1168-8e8c-d81b5c6012f7,ENG-01,18,0.056,0,4373
8d1f2b7e-07d4-1168-8e8c-d81b5c6012f7,TRN-02,9,0.044,0,2743
8d1f2b7e-07d4-1168-8e8c-d81b5c6012f7,HYD-03,20,0.047,140,1093
8d1f2b7e-07d4-1168-8e8c-d81b5c6012f7,ELEC-04,8,0.071,1005,776
8d1f2b7e-07d4-1168-8e8c-d81b5c6012f7,CHS-05,6,0.028,0,1360
c351c0de-d0ad-9ae6-8ab5-33d5a6dbdb2f,ENG-01,13,0.085,920,4098
c351c0de-d0ad-9ae6-8ab5-33d5a6dbdb2f,TRN-02,15,0.063,45,2835
c351c0de-d0ad-9ae6-8ab5-33d5a6dbdb2f,HYD-03,18,0.056,740,1064
c351c0de-d0ad-9ae6-8ab5-33d5a6dbdb2f,ELEC-04,14,0.055,942,774
c351c0de-d0ad-9ae6-8ab5-33d5a6dbdb2f,CHS-05,15,0.011,2370,1321
b72ba6d0-bae4-56f4-835c-21de339bdb49,ENG-01,18,0.063,184,3936
b72ba6d0-bae4-56f4-835c-21de339bdb49,TRN-02,22,0.062,1034,2789
b72ba6d0-bae4-56f4-835c-21de339bdb49,HYD-03,17,0.042,1233,1099
b72ba6d0-bae4-56f4-835c-21de339bdb49,ELEC-04,22,0.061,0,808
b72ba6d0-bae4-56f4-835c-21de339bdb49,CHS-05,12,0.015,1701,1318
c10cb78f-c405-ad9a-a3bf-c3c5c3655d01,ENG-01,24,0.07,0,4230
c10cb78f-c405-ad9a-a3bf-c3c5c3655d01,TRN-02,17,0.055,407,2622
c10cb78f-c405-ad9a-a3bf-c3c5c3655d01,HYD-03,23,0.037,1161,1117
c10cb78f-c405-ad9a-a3bf-c3c5c3655d01,ELEC-04,16,0.062,0,727
c10cb78f-c405-ad9a-a3bf-c3c5c3655d01,CHS-05,11,0.013,118,1329
dcc20631-61b1-309f-94ca-5887a9bb987d,ENG-01,14,0.085,0,4429
dcc20631-61b1-309f-94ca-5887a9bb987d,TRN-02,11,0.044,1386,2967
dcc20631-61b1-309f-94ca-5887a9bb987d,HYD-03,20,0.033,77,1160
dcc20631-61b1-309f-94ca-5887a9bb987d,ELEC-04,22,0.042,2559,888
dcc20631-61b1-309f-94ca-5887a9bb987d,CHS-05,22,0.049,0,1520
066a9aea-b57f-7eb8-acac-29a98c775639,ENG-01,16,0.069,0,4111
066a9aea-b57f-7eb8-acac-29a98c775639,TRN-02,24,0.035,0,2520
066a9aea-b57f-7eb8-acac-29a98c775639,HYD-03,11,0.046,0,1089
066a9aea-b57f-7eb8-acac-29a98c775639,ELEC-04,25,0.064,0,769
066a9aea-b57f-7eb8-acac-29a98c775639,CHS-05,15,0.015,1546,1396
99b60a0f-66d5-edbb-6dcb-6aa6892c40a3,ENG-01,12,0.078,0,4272
99b60a0f-66d5-edbb-6dcb-6aa6892c40a3,TRN-02,10,0.036,0,2862
99b60a0f-66d5-edbb-6dcb-6aa6892c40a3,HYD-03,17,0.021,466,1071
99b60a0f-66d5-edbb-6dcb-6aa6892c40a3,ELEC-04,9,0.047,969,759
99b60a0f-66d5-edbb-6dcb-6aa6892c40a3,CHS-05,18,0.038,1030,1343
9ba877ea-0a05-69a9-5b11-56bb286e6ea9,ENG-01,20,0.085,0,4322
9ba877ea-0a05-69a9-5b11-56bb286e6ea9,TRN-02,19,0.041,415,2797
9ba877ea-0a05-69a9-5b11-56bb286e6ea9,HYD-03,9,0.025,2104,1123
9ba877ea-0a05-69a9-5b11-56bb286e6ea9,ELEC-04,21,0.043,641,818
9ba877ea-0a05-69a9-5b11-56bb286e6ea9,CHS-05,20,0.026,1404,1415
e661be55-ce5b-f9b4-7f1a-c0b61abd12a0,ENG-01,6,0.061,0,4435
e661be55-ce5b-f9b4-7f1a-c0b61abd12a0,TRN-02,16,0.069,0,3149
e661be55-ce5b-f9b4-7f1a-c0b61abd12a0,HYD-03,2,0.022,671,1161
e661be55-ce5b-f9b4-7f1a-c0b61abd12a0,ELEC-04,2,0.052,797,890
e661be55-ce5b-f9b4-7f1a-c0b61abd12a0,CHS-05,11,0.019,1481,1523
26f65321-02c2-0d61-4f4c-276d61dbf0c2,ENG-01,23,0.068,4969,4042
26f65321-02c2-0d61-4f4c-276d61dbf0c2,TRN-02,19,0.055,2295,2763
26f65321-02c2-0d61-4f4c-276d61dbf0c2,HYD-03,11,0.049,2085,1047
26f65321-02c2-0d61-4f4c-276d61dbf0c2,ELEC-04,18,0.073,2972,779
26f65321-02c2-0d61-4f4c-276d61dbf0c2,CHS-05,16,0.033,0,1332
c6db22e5-0ff4-70fc-d8de-77b71c47093f,ENG-01,14,0.083,227,4350
c6db22e5-0ff4-70fc-d8de-77b71c47093f,TRN-02,7,0.054,690,3004
c6db22e5-0ff4-70fc-d8de-77b71c47093f,HYD-03,3,0.023,0,1149
c6db22e5-0ff4-70fc-d8de-77b71c47093f,ELEC-04,7,0.065,1461,890
c6db22e5-0ff4-70fc-d8de-77b71c47093f,CHS-05,13,0.011,0,1536
e0eed59f-0e20-f455-9ab0-259eed97612b,ENG-01,14,0.075,0,4590
e0eed59f-0e20-f455-9ab0-259eed97612b,TRN-02,2,0.043,1821,2737
e0eed59f-0e20-f455-9ab0-259eed97612b,HYD-03,4,0.032,0,1207
e0eed59f-0e20-f455-9ab0-259eed97612b,ELEC-04,14,0.053,0,853
e0eed59f-0e20-f455-9ab0-259eed97612b,CHS-05,9,0.046,713,1520
d792fee5-5905-7551-29be-d15ad2bdd953,ENG-01,9,0.076,0,4345
d792fee5-5905-7551-29be-d15ad2bdd953,TRN-02,13,0.035,1406,2759
d792fee5-5905-7551-29be-d15ad2bdd953,HYD-03,19,0.033,938,1102
d792fee5-5905-7551-29be-d15ad2bdd953,ELEC-04,8,0.066,350,819
d792fee5-5905-7551-29be-d15ad2bdd953,CHS-05,18,0.033,0,1414
1a753b52-f563-f119-b138-89d011bb5472,ENG-01,21,0.057,858,4199
1a753b52-f563-f119-b138-89d011bb5472,TRN-02,17,0.069,2995,2516
1a753b52-f563-f119-b138-89d011bb5472,HYD-03,20,0.053,665,1129
1a753b52-f563-f119-b138-89d011bb5472,ELEC-04,12,0.057,3421,760
1a753b52-f563-f119-b138-89d011bb5472,CHS-05,24,0.019,364,1332
d6851b8f-bba5-b8c7-8984-5b967b0a52b7,ENG-01,12,0.078,98,4589
d6851b8f-bba5-b8c7-8984-5b967b0a52b7,TRN-02,9,0.033,434,2939
d6851b8f-bba5-b8c7-8984-5b967b0a52b7,HYD-03,9,0.033,1038,1140
d6851b8f-bba5-b8c7-8984-5b967b0a52b7,ELEC-04,10,0.076,695,879
d6851b8f-bba5-b8c7-8984-5b967b0a52b7,CHS-05,12,0.024,0,1505
eead5753-645c-d224-2e35-fae9ced8be4e,ENG-01,13,0.09,1015,4139
eead5753-645c-d224-2e35-fae9ced8be4e,TRN-02,15,0.052,1118,2818
eead5753-645c-d224-2e35-fae9ced8be4e,HYD-03,10,0.047,1294,1123
eead5753-645c-d224-2e35-fae9ced8be4e,ELEC-04,11,0.067,3550,835
eead5753-645c-d224-2e35-fae9ced8be4e,CHS-05,14,0.018,990,1414
23ca3419-cca5-065d-c7da-c5d3508e318f,ENG-01,9,0.061,0,4372
23ca3419-cca5-065d-c7da-c5d3508e318f,TRN-02,15,0.041,0,2943
23ca3419-cca5-065d-c7da-c5d3508e318f,HYD-03,15,0.05,1894,1122
23ca3419-cca5-065d-c7da-c5d3508e318f,ELEC-04,20,0.053,0,862
23ca3419-cca5-065d-c7da-c5d3508e318f,CHS-05,17,0.024,12,1401
175e550e-a3d0-a4df-06e5-f9bf74c531ca,ENG-01,3,0.057,563,4664
175e550e-a3d0-a4df-06e5-f9bf74c531ca,TRN-02,8,0.03,335,2867
175e550e-a3d0-a4df-06e5-f9bf74c531ca,HYD-03,4,0.031,556,1199
175e550e-a3d0-a4df-06e5-f9bf74c531ca,ELEC-04,10,0.058,0,866
175e550e-a3d0-a4df-06e5-f9bf74c531ca,CHS-05,7,0.012,0,1547
8bcde771-642d-ad7d-c6a1-6d16e11abc8f,ENG-01,15,0.068,0,4143
8bcde771-642d-ad7d-c6a1-6d16e11abc8f,TRN-02,11,0.058,0,2464
8bcde771-642d-ad7d-c6a1-6d16e11abc8f,HYD-03,12,0.051,0,1045
8bcde771-642d-ad7d-c6a1-6d16e11abc8f,ELEC-04,11,0.049,0,745
8bcde771-642d-ad7d-c6a1-6d16e11abc8f,CHS-05,13,0.03,0,1334
63382de8-49d2-5c64-a0ed-4369bb26827b,ENG-01,20,0.088,3579,4595
63382de8-49d2-5c64-a0ed-4369bb26827b,TRN-02,22,0.063,0,2870
63382de8-49d2-5c64-a0ed-4369bb26827b,HYD-03,21,0.032,0,1120
63382de8-49d2-5c64-a0ed-4369bb26827b,ELEC-04,9,0.057,794,834
63382de8-49d2-5c64-a0ed-4369bb26827b,CHS-05,14,0.036,707,1492
935e96ae-bac6-1390-537e-369eb95afcb5,ENG-01,22,0.086,0,3941
935e96ae-bac6-1390-537e-369eb95afcb5,TRN-02,24,0.039,983,2754
935e96ae-bac6-1390-537e-369eb95afcb5,HYD-03,16,0.043,740,1065
935e96ae-bac6-1390-537e-369eb95afcb5,ELEC-04,11,0.076,0,799
935e96ae-bac6-1390-537e-369eb95afcb5,CHS-05,14,0.047,1018,1323
9c7d7e2f-f67a-ae25-41e6-371f3dad78c8,ENG-01,11,0.069,2232,4347
9c7d7e2f-f67a-ae25-41e6-371f3dad78c8,TRN-02,13,0.052,1205,2733
9c7d7e2f-f67a-ae25-41e6-371f3dad78c8,HYD-03,22,0.058,1660,1144
9c7d7e2f-f67a-ae25-41e6-371f3dad78c8,ELEC-04,14,0.062,624,826
9c7d7e2f-f67a-ae25-41e6-371f3dad78c8,CHS-05,11,0.041,605,1417
5973630b-41c8-6b8e-74b1-9b73ecd71ec0,ENG-01,10,0.073,689,4485
5973630b-41c8-6b8e-74b1-9b73ecd71ec0,TRN-02,13,0.05,0,2835
5973630b-41c8-6b8e-74b1-9b73ecd71ec0,HYD-03,17,0.029,0,1163
5973630b-41c8-6b8e-74b1-9b73ecd71ec0,ELEC-04,15,0.061,0,853
5973630b-41c8-6b8e-74b1-9b73ecd71ec0,CHS-05,23,0.033,893,1473
1f6dd177-c692-1ade-a965-f861a29f5008,ENG-01,25,0.063,8,4132
1f6dd177-c692-1ade-a965-f861a29f5008,TRN-02,21,0.034,1509,2643
1f6dd177-c692-1ade-a965-f861a29f5008,HYD-03,13,0.058,2802,1042
1f6dd177-c692-1ade-a965-f861a29f5008,ELEC-04,23,0.054,0,794
1f6dd177-c692-1ade-a965-f861a29f5008,CHS-05,19,0.048,652,1318
c6d502db-30d3-f083-cddb-0c0105952c19,ENG-01,14,0.051,199,4499
c6d502db-30d3-f083-cddb-0c0105952c19,TRN-02,11,0.062,509,2763
c6d502db-30d3-f083-cddb-0c0105952c19,HYD-03,15,0.022,0,1121
c6d502db-30d3-f083-cddb-0c0105952c19,ELEC-04,18,0.047,1307,787
c6d502db-30d3-f083-cddb-0c0105952c19,CHS-05,13,0.034,934,1414
04e0effc-f2aa-d39d-8475-60141cafeecb,ENG-01,5,0.052,603,4679
04e0effc-f2aa-d39d-8475-60141cafeecb,TRN-02,12,0.048,1296,2864
04e0effc-f2aa-d39d-8475-60141cafeecb,HYD-03,8,0.049,1023,1182
04e0effc-f2aa-d39d-8475-60141cafeecb,ELEC-04,4,0.043,2840,834
04e0effc-f2aa-d39d-8475-60141cafeecb,CHS-05,14,0.014,1771,1443
7a1e6ba9-bec1-6cc5-52a8-21f17dd82163,ENG-01,22,0.057,1331,4055
7a1e6ba9-bec1-6cc5-52a8-21f17dd82163,TRN-02,16,0.064,0,2735
7a1e6ba9-bec1-6cc5-52a8-21f17dd82163,HYD-03,23,0.042,1524,1069
7a1e6ba9-bec1-6cc5-52a8-21f17dd82163,ELEC-04,19,0.045,3467,857
7a1e6ba9-bec1-6cc5-52a8-21f17dd82163,CHS-05,12,0.024,792,1362
edbee316-9409-fcc0-9160-de381db0ceda,ENG-01,19,0.065,0,4112
edbee316-9409-fcc0-9160-de381db0ceda,TRN-02,20,0.033,1456,2774
edbee316-9409-fcc0-9160-de381db0ceda,HYD-03,15,0.03,395,1074
edbee316-9409-fcc0-9160-de381db0ceda,ELEC-04,16,0.044,0,776
edbee316-9409-fcc0-9160-de381db0ceda,CHS-05,20,0.05,417,1380
b80c00e9-e092-16c8-6e49-a6daafa81b46,ENG-01,17,0.086,1690,4256
b80c00e9-e092-16c8-6e49-a6daafa81b46,TRN-02,9,0.065,1173,2816
b80c00e9-e092-16c8-6e49-a6daafa81b46,HYD-03,11,0.034,0,1086
b80c00e9-e092-16c8-6e49-a6daafa81b46,ELEC-04,8,0.068,899,833
b80c00e9-e092-16c8-6e49-a6daafa81b46,CHS-05,13,0.025,948,1406
dee88614-9e54-2109-e4f3-c3dcd8b4ee1c,ENG-01,10,0.055,0,4168
dee88614-9e54-2109-e4f3-c3dcd8b4ee1c,TRN-02,8,0.051,0,2919
dee88614-9e54-2109-e4f3-c3dcd8b4ee1c,HYD-03,21,0.034,0,1130
dee88614-9e54-2109-e4f3-c3dcd8b4ee1c,ELEC-04,19,0.045,981,878
dee88614-9e54-2109-e4f3-c3dcd8b4ee1c,CHS-05,9,0.026,634,1443
4a0bf316-efa5-5c85-78bd-65c5886a553c,ENG-01,19,0.064,1186,4075
4a0bf316-efa5-5c85-78bd-65c5886a553c,TRN-02,25,0.059,1046,2464
4a0bf316-efa5-5c85-78bd-65c5886a553c,HYD-03,25,0.045,885,1065
4a0bf316-efa5-5c85-78bd-65c5886a553c,ELEC-04,13,0.055,299,763
4a0bf316-efa5-5c85-78bd-65c5886a553c,CHS-05,21,0.013,0,1426
7b3b5ad9-5cf3-0330-a1ec-9a1dc86eac1e,ENG-01,9,0.077,1575,4258
7b3b5ad9-5cf3-0330-a1ec-9a1dc86eac1e,TRN-02,20,0.06,0,2578
7b3b5ad9-5cf3-0330-a1ec-9a1dc86eac1e,HYD-03,11,0.055,0,1089
7b3b5ad9-5cf3-0330-a1ec-9a1dc86eac1e,ELEC-04,10,0.078,0,788
7b3b5ad9-5cf3-0330-a1ec-9a1dc86eac1e,CHS-05,6,0.019,0,1377
ce7e78b1-b6e9-e369-fdeb-7eb154996b47,ENG-01,22,0.074,996,4460
ce7e78b1-b6e9-e369-fdeb-7eb154996b47,TRN-02,19,0.037,1675,2818
ce7e78b1-b6e9-e369-fdeb-7eb154996b47,HYD-03,10,0.038,15,1137
ce7e78b1-b6e9-e369-fdeb-7eb154996b47,ELEC-04,22,0.059,462,803
ce7e78b1-b6e9-e369-fdeb-7eb154996b47,CHS-05,21,0.033,0,1437
66834aad-5bb0-acbe-7bd6-92b9212607a8,ENG-01,9,0.055,1903,4538
66834aad-5bb0-acbe-7bd6-92b9212607a8,TRN-02,8,0.063,106,2881
66834aad-5bb0-acbe-7bd6-92b9212607a8,HYD-03,3,0.043,1076,1167
66834aad-5bb0-acbe-7bd6-92b9212607a8,ELEC-04,2,0.061,1811,828
66834aad-5bb0-acbe-7bd6-92b9212607a8,CHS-05,10,0.014,2287,1469
bf9f7907-98d0-a51c-27a7-bc8840e143e7,ENG-01,18,0.088,0,4450
bf9f7907-98d0-a51c-27a7-bc8840e143e7,TRN-02,10,0.07,210,2539
bf9f7907-98d0-a51c-27a7-bc8840e143e7,HYD-03,18,0.037,201,1113
bf9f7907-98d0-a51c-27a7-bc8840e143e7,ELEC-04,12,0.077,0,808
bf9f7907-98d0-a51c-27a7-bc8840e143e7,CHS-05,15,0.033,0,1377
e0edbc38-3c1b-5254-1f93-45d4afd3b5a3,ENG-01,22,0.085,2243,4054
e0edbc38-3c1b-5254-1f93-45d4afd3b5a3,TRN-02,20,0.043,4881,2593
e0edbc38-3c1b-5254-1f93-45d4afd3b5a3,HYD-03,24,0.036,1243,1056
e0edbc38-3c1b-5254-1f93-45d4afd3b5a3,ELEC-04,24,0.053,1316,770
e0edbc38-3c1b-5254-1f93-45d4afd3b5a3,CHS-05,22,0.035,2153,1330
845880d2-c437-9f5c-95a0-c7e23a96fc11,ENG-01,8,0.087,129,4191
845880d2-c437-9f5c-95a0-c7e23a96fc11,TRN-02,20,0.05,57,2689
845880d2-c437-9f5c-95a0-c7e23a96fc11,HYD-03,15,0.046,44,1081
845880d2-c437-9f5c-95a0-c7e23a96fc11,ELEC-04,13,0.044,0,765
845880d2-c437-9f5c-95a0-c7e23a96fc11,CHS-05,9,0.022,179,1356
4b76c409-7415-ce7f-86b0-d09c1e887560,ENG-01,9,0.054,0,4338
4b76c409-7415-ce7f-86b0-d09c1e887560,TRN-02,14,0.061,184,2698
4b76c409-7415-ce7f-86b0-d09c1e887560,HYD-03,11,0.052,277,1067
4b76c409-7415-ce7f-86b0-d09c1e887560,ELEC-04,12,0.061,0,791
4b76c409-7415-ce7f-86b0-d09c1e887560,CHS-05,9,0.023,136,1394
986f4ed9-5ac1-34ae-b874-f57de7b4c652,ENG-01,11,0.055,0,4547
986f4ed9-5ac1-34ae-b874-f57de7b4c652,TRN-02,8,0.054,2106,3071
986f4ed9-5ac1-34ae-b874-f57de7b4c652,HYD-03,5,0.036,2373,1162
986f4ed9-5ac1-34ae-b874-f57de7b4c652,ELEC-04,16,0.078,0,830
986f4ed9-5ac1-34ae-b874-f57de7b4c652,CHS-05,15,0.045,0,1487
3e328341-c16f-aa59-8998-2ef94ae7a9d6,ENG-01,14,0.08,0,4274
3e328341-c16f-aa59-8998-2ef94ae7a9d6,TRN-02,20,0.051,0,2592
3e328341-c16f-aa59-8998-2ef94ae7a9d6,HYD-03,12,0.039,0,1074
3e328341-c16f-aa59-8998-2ef94ae7a9d6,ELEC-04,14,0.076,0,768
3e328341-c16f-aa59-8998-2ef94ae7a9d6,CHS-05,6,0.039,5384,1382
cc74f657-bd57-c4f7-9cbb-ae1c65b277d1,ENG-01,21,0.065,614,4096
cc74f657-bd57-c4f7-9cbb-ae1c65b277d1,TRN-02,16,0.07,0,2785
cc74f657-bd57-c4f7-9cbb-ae1c65b277d1,HYD-03,13,0.04,179,1057
cc74f657-bd57-c4f7-9cbb-ae1c65b277d1,ELEC-04,14,0.068,1318,765
cc74f657-bd57-c4f7-9cbb-ae1c65b277d1,CHS-05,17,0.021,0,1400
67b5f376-c76b-c592-ee49-2f980e2c9a59,ENG-01,12,0.059,1538,4152
67b5f376-c76b-c592-ee49-2f980e2c9a59,TRN-02,19,0.041,3356,2744
67b5f376-c76b-c592-ee49-2f980e2c9a59,HYD-03,19,0.036,3779,1099
67b5f376-c76b-c592-ee49-2f980e2c9a59,ELEC-04,22,0.061,616,793
67b5f376-c76b-c592-ee49-2f980e2c9a59,CHS-05,10,0.027,2354,1492
14df7761-a9ef-d701-48ee-05f58721f80d,ENG-01,23,0.066,0,4298
14df7761-a9ef-d701-48ee-05f58721f80d,TRN-02,10,0.04,912,3105
14df7761-a9ef-d701-48ee-05f58721f80d,HYD-03,23,0.053,0,1190
14df7761-a9ef-d701-48ee-05f58721f80d,ELEC-04,21,0.044,1531,875
14df7761-a9ef-d701-48ee-05f58721f80d,CHS-05,12,0.04,1185,1522
34816613-dcc0-f595-81b6-ddfc539a9e1f,ENG-01,12,0.063,1801,4026
34816613-dcc0-f595-81b6-ddfc539a9e1f,TRN-02,20,0.067,1210,2728
34816613-dcc0-f595-81b6-ddfc539a9e1f,HYD-03,14,0.029,2374,1057
34816613-dcc0-f595-81b6-ddfc539a9e1f,ELEC-04,20,0.044,0,785
34816613-dcc0-f595-81b6-ddfc539a9e1f,CHS-05,15,0.014,4255,1404
aef949e5-5a5a-98a6-f5ad-280454a2dde7,ENG-01,23,0.082,0,4614
aef949e5-5a5a-98a6-f5ad-280454a2dde7,TRN-02,20,0.043,0,2835
aef949e5-5a5a-98a6-f5ad-280454a2dde7,HYD-03,23,0.021,1894,1109
aef949e5-5a5a-98a6-f5ad-280454a2dde7,ELEC-04,13,0.068,0,812
aef949e5-5a5a-98a6-f5ad-280454a2dde7,CHS-05,15,0.038,40,1438
e3961cd8-c662-16d0-ef47-6b6be89b6262,ENG-01,10,0.066,479,4701
e3961cd8-c662-16d0-ef47-6b6be89b6262,TRN-02,9,0.053,552,2840
e3961cd8-c662-16d0-ef47-6b6be89b6262,HYD-03,4,0.044,0,1199
e3961cd8-c662-16d0-ef47-6b6be89b6262,ELEC-04,2,0.054,1780,831
e3961cd8-c662-16d0-ef47-6b6be89b6262,CHS-05,13,0.036,1196,1499
af3bb80e-cfc7-d666-65ca-144bb5a898ec,ENG-01,13,0.052,835,3994
af3bb80e-cfc7-d666-65ca-144bb5a898ec,TRN-02,17,0.059,444,2830
af3bb80e-cfc7-d666-65ca-144bb5a898ec,HYD-03,15,0.026,0,1103
af3bb80e-cfc7-d666-65ca-144bb5a898ec,ELEC-04,18,0.051,35,836
af3bb80e-cfc7-d666-65ca-144bb5a898ec,CHS-05,19,0.018,1369,1422
86f5900e-75a0-ea78-193e-46d4002e1909,ENG-01,10,0.064,1468,4113
86f5900e-75a0-ea78-193e-46d4002e1909,TRN-02,10,0.041,0,2950
86f5900e-75a0-ea78-193e-46d4002e1909,HYD-03,15,0.03,57,1163
86f5900e-75a0-ea78-193e-46d4002e1909,ELEC-04,12,0.048,190,845
86f5900e-75a0-ea78-193e-46d4002e1909,CHS-05,22,0.041,0,1422
18c112d8-28f5-fbf8-a5c0-5f9e6b58f18a,ENG-01,21,0.081,471,4005
18c112d8-28f5-fbf8-a5c0-5f9e6b58f18a,TRN-02,20,0.039,608,2818
18c112d8-28f5-fbf8-a5c0-5f9e6b58f18a,HYD-03,17,0.044,1738,1079
18c112d8-28f5-fbf8-a5c0-5f9e6b58f18a,ELEC-04,13,0.062,0,754
18c112d8-28f5-fbf8-a5c0-5f9e6b58f18a,CHS-05,15,0.039,0,1379
5c56ab1f-de63-e0bd-5f6c-9d1ed7de3cb0,ENG-01,23,0.052,0,4228
5c56ab1f-de63-e0bd-5f6c-9d1ed7de3cb0,TRN-02,15,0.046,0,2515
5c56ab1f-de63-e0bd-5f6c-9d1ed7de3cb0,HYD-03,11,0.041,0,1071
5c56ab1f-de63-e0bd-5f6c-9d1ed7de3cb0,ELEC-04,22,0.065,0,780
5c56ab1f-de63-e0bd-5f6c-9d1ed7de3cb0,CHS-05,18,0.048,0,1354
bf03d767-d92e-10e8-b374-ca85b5699602,ENG-01,20,0.058,2915,4343
bf03d767-d92e-10e8-b374-ca85b5699602,TRN-02,20,0.047,0,2647
bf03d767-d92e-10e8-b374-ca85b5699602,HYD-03,10,0.051,666,1152
bf03d767-d92e-10e8-b374-ca85b5699602,ELEC-04,12,0.053,977,788
bf03d767-d92e-10e8-b374-ca85b5699602,CHS-05,16,0.011,857,1429
95d54de1-605c-b697-c91e-941027ee2830,ENG-01,20,0.078,509,4448
95d54de1-605c-b697-c91e-941027ee2830,TRN-02,22,0.042,0,2818
95d54de1-605c-b697-c91e-941027ee2830,HYD-03,19,0.057,712,1119
95d54de1-605c-b697-c91e-941027ee2830,ELEC-04,9,0.075,0,760
95d54de1-605c-b697-c91e-941027ee2830,CHS-05,11,0.047,2296,1449
2857540d-a710-2eae-c90c-d3a9375a7d8d,ENG-01,14,0.068,1721,4474
2857540d-a710-2eae-c90c-d3a9375a7d8d,TRN-02,14,0.041,2038,2794
2857540d-a710-2eae-c90c-d3a9375a7d8d,HYD-03,15,0.022,0,1153
2857540d-a710-2eae-c90c-d3a9375a7d8d,ELEC-04,18,0.07,0,813
2857540d-a710-2eae-c90c-d3a9375a7d8d,CHS-05,16,0.018,363,1415
dd1d154d-2d1d-b677-3741-c0054a30c03d,ENG-01,22,0.059,0,4473
dd1d154d-2d1d-b677-3741-c0054a30c03d,TRN-02,8,0.06,0,2557
dd1d154d-2d1d-b677-3741-c0054a30c03d,HYD-03,19,0.041,0,1091
dd1d154d-2d1d-b677-3741-c0054a30c03d,ELEC-04,9,0.067,0,791
dd1d154d-2d1d-b677-3741-c0054a30c03d,CHS-05,16,0.034,0,1473
5cf5de1e-deda-fe47-e7d9-6a97e81a626b,ENG-01,8,0.081,0,4203
5cf5de1e-deda-fe47-e7d9-6a97e81a626b,TRN-02,11,0.039,212,2860
5cf5de1e-deda-fe47-e7d9-6a97e81a626b,HYD-03,20,0.042,310,1142
5cf5de1e-deda-fe47-e7d9-6a97e81a626b,ELEC-04,9,0.079,204,807
5cf5de1e-deda-fe47-e7d9-6a97e81a626b,CHS-05,10,0.048,2503,1451
f4097f7e-eab5-7c09-8f21-011a44da7cbd,ENG-01,13,0.084,1336,4285
f4097f7e-eab5-7c09-8f21-011a44da7cbd,TRN-02,13,0.057,0,2873
f4097f7e-eab5-7c09-8f21-011a44da7cbd,HYD-03,14,0.021,0,1102
f4097f7e-eab5-7c09-8f21-011a44da7cbd,ELEC-04,12,0.074,136,823
f4097f7e-eab5-7c09-8f21-011a44da7cbd,CHS-05,12,0.028,264,1400
3f83bd70-5446-ff61-7a43-202a372cc78d,ENG-01,10,0.086,1342,4235
3f83bd70-5446-ff61-7a43-202a372cc78d,TRN-02,13,0.055,521,2936
3f83bd70-5446-ff61-7a43-202a372cc78d,HYD-03,21,0.047,1148,1151
3f83bd70-5446-ff61-7a43-202a372cc78d,ELEC-04,21,0.048,1309,889
3f83bd70-5446-ff61-7a43-202a372cc78d,CHS-05,17,0.039,2634,1472
f3d2d9fa-44f5-822f-bd4e-5d2d80c5c7ed,ENG-01,18,0.064,2377,4201
f3d2d9fa-44f5-822f-bd4e-5d2d80c5c7ed,TRN-02,12,0.063,0,2658
f3d2d9fa-44f5-822f-bd4e-5d2d80c5c7ed,HYD-03,17,0.052,0,1066
f3d2d9fa-44f5-822f-bd4e-5d2d80c5c7ed,ELEC-04,17,0.05,0,791
f3d2d9fa-44f5-822f-bd4e-5d2d80c5c7ed,CHS-05,18,0.047,0,1391
6d760b0c-8e65-ed07-79fd-40bd69e96886,ENG-01,12,0.08,23,4409
6d760b0c-8e65-ed07-79fd-40bd69e96886,TRN-02,22,0.066,0,2806
6d760b0c-8e65-ed07-79fd-40bd69e96886,HYD-03,17,0.033,0,1128
6d760b0c-8e65-ed07-79fd-40bd69e96886,ELEC-04,11,0.063,0,792
6d760b0c-8e65-ed07-79fd-40bd69e96886,CHS-05,11,0.048,0,1447
c1c543fd-0f80-c990-0d59-b90718c1887e,ENG-01,17,0.056,155,4357
c1c543fd-0f80-c990-0d59-b90718c1887e,TRN-02,13,0.059,2161,2893
c1c543fd-0f80-c990-0d59-b90718c1887e,HYD-03,10,0.021,0,1126
c1c543fd-0f80-c990-0d59-b90718c1887e,ELEC-04,18,0.053,3245,830
c1c543fd-0f80-c990-0d59-b90718c1887e,CHS-05,14,0.035,0,1466
7e5c8ab1-5b43-ff54-5502-8c1f162ac6fe,ENG-01,11,0.071,0,4514
7e5c8ab1-5b43-ff54-5502-8c1f162ac6fe,TRN-02,18,0.046,1290,2868
7e5c8ab1-5b43-ff54-5502-8c1f162ac6fe,HYD-03,15,0.052,0,1090
7e5c8ab1-5b43-ff54-5502-8c1f162ac6fe,ELEC-04,20,0.047,0,816
7e5c8ab1-5b43-ff54-5502-8c1f162ac6fe,CHS-05,23,0.024,0,1458
d6d3cf04-d65a-917f-1f28-b0b5f4363a0b,ENG-01,11,0.074,2049,4519
d6d3cf04-d65a-917f-1f28-b0b5f4363a0b,TRN-02,9,0.051,1967,2768
d6d3cf04-d65a-917f-1f28-b0b5f4363a0b,HYD-03,16,0.036,1294,1156
d6d3cf04-d65a-917f-1f28-b0b5f4363a0b,ELEC-04,3,0.063,83,813
d6d3cf04-d65a-917f-1f28-b0b5f4363a0b,CHS-05,10,0.018,0,1523
ddc975c5-86c2-cc33-26ee-65dd31c39ead,ENG-01,13,0.084,2354,4155
ddc975c5-86c2-cc33-26ee-65dd31c39ead,TRN-02,13,0.038,2931,2621
ddc975c5-86c2-cc33-26ee-65dd31c39ead,HYD-03,7,0.024,58,1039
ddc975c5-86c2-cc33-26ee-65dd31c39ead,ELEC-04,7,0.06,2106,810
ddc975c5-86c2-cc33-26ee-65dd31c39ead,CHS-05,9,0.019,174,1368
ce9f7e12-3eec-4787-20f7-c06692fa8d6f,ENG-01,14,0.056,0,4201
ce9f7e12-3eec-4787-20f7-c06692fa8d6f,TRN-02,12,0.037,0,2536
ce9f7e12-3eec-4787-20f7-c06692fa8d6f,HYD-03,23,0.05,0,1071
ce9f7e12-3eec-4787-20f7-c06692fa8d6f,ELEC-04,11,0.05,0,751
ce9f7e12-3eec-4787-20f7-c06692fa8d6f,CHS-05,21,0.023,0,1348
29fffe26-18a7-d86f-2600-690f7a5b6b47,ENG-01,14,0.055,1593,4332
29fffe26-18a7-d86f-2600-690f7a5b6b47,TRN-02,19,0.049,0,2598
29fffe26-18a7-d86f-2600-690f7a5b6b47,HYD-03,19,0.037,0,1148
29fffe26-18a7-d86f-2600-690f7a5b6b47,ELEC-04,8,0.047,0,782
29fffe26-18a7-d86f-2600-690f7a5b6b47,CHS-05,11,0.039,1840,1425
b8cb3273-ba39-b615-2e72-a0d8212f05c9,ENG-01,19,0.076,0,4281
b8cb3273-ba39-b615-2e72-a0d8212f05c9,TRN-02,10,0.048,0,2925
b8cb3273-ba39-b615-2e72-a0d8212f05c9,HYD-03,18,0.037,0,1157
b8cb3273-ba39-b615-2e72-a0d8212f05c9,ELEC-04,9,0.075,0,866
b8cb3273-ba39-b615-2e72-a0d8212f05c9,CHS-05,9,0.029,0,1436
c6f60671-8b35-1978-8f9c-6e3d8613101a,ENG-01,14,0.053,80,4108
c6f60671-8b35-1978-8f9c-6e3d8613101a,TRN-02,21,0.038,1231,2519
c6f60671-8b35-1978-8f9c-6e3d8613101a,HYD-03,25,0.053,812,1064
c6f60671-8b35-1978-8f9c-6e3d8613101a,ELEC-04,20,0.043,839,777
c6f60671-8b35-1978-8f9c-6e3d8613101a,CHS-05,24,0.021,780,1325
58658efe-76a2-e61e-cfae-a8a69392475f,ENG-01,5,0.089,0,4582
58658efe-76a2-e61e-cfae-a8a69392475f,TRN-02,4,0.047,232,3038
58658efe-76a2-e61e-cfae-a8a69392475f,HYD-03,8,0.027,1421,1194
58658efe-76a2-e61e-cfae-a8a69392475f,ELEC-04,12,0.041,0,850
58658efe-76a2-e61e-cfae-a8a69392475f,CHS-05,12,0.041,145,1499
6144c4f3-6e6d-33b3-6ef8-4c5897ba78f2,ENG-01,15,0.074,2277,4387
6144c4f3-6e6d-33b3-6ef8-4c5897ba78f2,TRN-02,6,0.069,0,3078
6144c4f3-6e6d-33b3-6ef8-4c5897ba78f2,HYD-03,13,0.023,324,1206
6144c4f3-6e6d-33b3-6ef8-4c5897ba78f2,ELEC-04,12,0.075,376,871
6144c4f3-6e6d-33b3-6ef8-4c5897ba78f2,CHS-05,9,0.024,2722,1514
667248a0-bc2b-8704-076f-d67024e8e60b,ENG-01,3,0.085,1104,4613
667248a0-bc2b-8704-076f-d67024e8e60b,TRN-02,7,0.062,578,3036
667248a0-bc2b-8704-076f-d67024e8e60b,HYD-03,8,0.049,0,1149
667248a0-bc2b-8704-076f-d67024e8e60b,ELEC-04,6,0.079,5,880
667248a0-bc2b-8704-076f-d67024e8e60b,CHS-05,14,0.031,0,1517
3210e02a-9a79-19fc-be02-45efc2cf55a2,ENG-01,19,0.051,2565,4257
3210e02a-9a79-19fc-be02-45efc2cf55a2,TRN-02,12,0.032,1014,2939
3210e02a-9a79-19fc-be02-45efc2cf55a2,HYD-03,16,0.037,1352,1158
3210e02a-9a79-19fc-be02-45efc2cf55a2,ELEC-04,19,0.068,800,898
3210e02a-9a79-19fc-be02-45efc2cf55a2,CHS-05,9,0.019,1934,1482
b5b0c4ed-f06d-8481-53d7-fb4ff0dc14a7,ENG-01,9,0.072,0,4207
b5b0c4ed-f06d-8481-53d7-fb4ff0dc14a7,TRN-02,12,0.042,664,2895
b5b0c4ed-f06d-8481-53d7-fb4ff0dc14a7,HYD-03,12,0.04,1207,1120
b5b0c4ed-f06d-8481-53d7-fb4ff0dc14a7,ELEC-04,10,0.04,967,834
b5b0c4ed-f06d-8481-53d7-fb4ff0dc14a7,CHS-05,21,0.014,2081,1431
7178572a-d5bc-6632-37ab-08550d552a2d,ENG-01,13,0.083,0,4551
7178572a-d5bc-6632-37ab-08550d552a2d,TRN-02,9,0.036,0,2713
7178572a-d5bc-6632-37ab-08550d552a2d,HYD-03,14,0.029,0,1156
7178572a-d5bc-6632-37ab-08550d552a2d,ELEC-04,10,0.051,0,808
7178572a-d5bc-6632-37ab-08550d552a2d,CHS-05,22,0.042,0,1470
d8e08527-e363-22e7-33c9-c1d3a7cacfbe,ENG-01,16,0.08,1309,4046
d8e08527-e363-22e7-33c9-c1d3a7cacfbe,TRN-02,12,0.066,450,2735
d8e08527-e363-22e7-33c9-c1d3a7cacfbe,HYD-03,23,0.041,1271,1061
d8e08527-e363-22e7-33c9-c1d3a7cacfbe,ELEC-04,17,0.058,2837,808
d8e08527-e363-22e7-33c9-c1d3a7cacfbe,CHS-05,11,0.021,1073,1341
1565e7c9-5470-7120-b2c7-17d77743d9b9,ENG-01,11,0.056,1349,4247
1565e7c9-5470-7120-b2c7-17d77743d9b9,TRN-02,8,0.036,0,2932
1565e7c9-5470-7120-b2c7-17d77743d9b9,HYD-03,14,0.037,3644,1188
1565e7c9-5470-7120-b2c7-17d77743d9b9,ELEC-04,9,0.053,0,865
1565e7c9-5470-7120-b2c7-17d77743d9b9,CHS-05,5,0.036,3163,1529
ee3232d6-c7cd-f727-b385-fdf1ccfb76ce,ENG-01,18,0.081,0,4446
ee3232d6-c7cd-f727-b385-fdf1ccfb76ce,TRN-02,19,0.035,0,2793
ee3232d6-c7cd-f727-b385-fdf1ccfb76ce,HYD-03,17,0.039,1611,1141
ee3232d6-c7cd-f727-b385-fdf1ccfb76ce,ELEC-04,12,0.046,1475,825
ee3232d6-c7cd-f727-b385-fdf1ccfb76ce,CHS-05,20,0.03,0,1450
9c585286-6a96-c1eb-182d-2429352eb709,ENG-01,18,0.08,3272,4246
9c585286-6a96-c1eb-182d-2429352eb709,TRN-02,17,0.036,207,2717
9c585286-6a96-c1eb-182d-2429352eb709,HYD-03,15,0.047,1313,1097
9c585286-6a96-c1eb-182d-2429352eb709,ELEC-04,15,0.041,1578,749
9c585286-6a96-c1eb-182d-2429352eb709,CHS-05,16,0.012,558,1404
804aec90-66ea-f704-09ba-3785e6ee99a9,ENG-01,12,0.06,4590,4531
804aec90-66ea-f704-09ba-3785e6ee99a9,TRN-02,11,0.063,832,3061
804aec90-66ea-f704-09ba-3785e6ee99a9,HYD-03,8,0.043,625,1220
804aec90-66ea-f704-09ba-3785e6ee99a9,ELEC-04,5,0.079,2304,876
804aec90-66ea-f704-09ba-3785e6ee99a9,CHS-05,11,0.02,0,1485
47b31a38-3fe1-d764-fc9d-c32a3bc040ff,ENG-01,22,0.056,0,4200
47b31a38-3fe1-d764-fc9d-c32a3bc040ff,TRN-02,13,0.057,1090,2673
47b31a38-3fe1-d764-fc9d-c32a3bc040ff,HYD-03,12,0.045,0,1067
47b31a38-3fe1-d764-fc9d-c32a3bc040ff,ELEC-04,12,0.064,776,749
47b31a38-3fe1-d764-fc9d-c32a3bc040ff,CHS-05,22,0.03,111,1388
2dfe3950-0546-a835-ed57-ae6f8e3735ad,ENG-01,17,0.067,1097,4129
2dfe3950-0546-a835-ed57-ae6f8e3735ad,TRN-02,14,0.03,2093,2799
2dfe3950-0546-a835-ed57-ae6f8e3735ad,HYD-03,19,0.023,0,1080
2dfe3950-0546-a835-ed57-ae6f8e3735ad,ELEC-04,9,0.059,1409,780
2dfe3950-0546-a835-ed57-ae6f8e3735ad,CHS-05,10,0.044,0,1387
86c631ab-2612-6b17-f12f-f26a82a42dde,ENG-01,16,0.071,7272,4374
86c631ab-2612-6b17-f12f-f26a82a42dde,TRN-02,17,0.055,0,2630
86c631ab-2612-6b17-f12f-f26a82a42dde,HYD-03,8,0.034,0,1141
86c631ab-2612-6b17-f12f-f26a82a42dde,ELEC-04,15,0.044,0,784
86c631ab-2612-6b17-f12f-f26a82a42dde,CHS-05,22,0.036,0,1424
b026d654-4818-9ce5-bf6c-a50553c716d1,ENG-01,12,0.079,0,4083
b026d654-4818-9ce5-bf6c-a50553c716d1,TRN-02,14,0.068,1320,2752
b026d654-4818-9ce5-bf6c-a50553c716d1,HYD-03,21,0.031,0,1098
b026d654-4818-9ce5-bf6c-a50553c716d1,ELEC-04,23,0.051,617,819
b026d654-4818-9ce5-bf6c-a50553c716d1,CHS-05,19,0.044,232,1409
70ac18b5-64f4-164a-5bdd-030d8dad3f11,ENG-01,10,0.054,0,4352
70ac18b5-64f4-164a-5bdd-030d8dad3f11,TRN-02,12,0.063,1664,3071
70ac18b5-64f4-164a-5bdd-030d8dad3f11,HYD-03,18,0.032,0,1162
70ac18b5-64f4-164a-5bdd-030d8dad3f11,ELEC-04,19,0.057,902,850
70ac18b5-64f4-164a-5bdd-030d8dad3f11,CHS-05,10,0.05,1988,1441
2c73e224-d706-5a8f-fede-66bc790fc156,ENG-01,9,0.068,1332,4508
2c73e224-d706-5a8f-fede-66bc790fc156,TRN-02,13,0.061,2243,2927
2c73e224-d706-5a8f-fede-66bc790fc156,HYD-03,2,0.041,605,1127
2c73e224-d706-5a8f-fede-66bc790fc156,ELEC-04,7,0.06,2220,855
2c73e224-d706-5a8f-fede-66bc790fc156,CHS-05,3,0.029,2216,1502
d6e6c5a4-ab02-fe2a-083b-256463b7bdd8,ENG-01,16,0.067,988,4574
d6e6c5a4-ab02-fe2a-083b-256463b7bdd8,TRN-02,12,0.052,228,2796
d6e6c5a4-ab02-fe2a-083b-256463b7bdd8,HYD-03,13,0.035,0,1120
d6e6c5a4-ab02-fe2a-083b-256463b7bdd8,ELEC-04,13,0.074,0,796
d6e6c5a4-ab02-fe2a-083b-256463b7bdd8,CHS-05,12,0.026,238,1457
25d5de40-a77a-d068-e00f-d6a72167c89a,ENG-01,19,0.086,382,4382
25d5de40-a77a-d068-e00f-d6a72167c89a,TRN-02,19,0.069,1298,2834
25d5de40-a77a-d068-e00f-d6a72167c89a,HYD-03,14,0.048,731,1085
25d5de40-a77a-d068-e00f-d6a72167c89a,ELEC-04,11,0.064,693,806
25d5de40-a77a-d068-e00f-d6a72167c89a,CHS-05,9,0.021,2120,1388
a0fced9e-f79d-774d-4148-bb85ce795398,ENG-01,6,0.055,633,4161
a0fced9e-f79d-774d-4148-bb85ce795398,TRN-02,6,0.067,587,2562
a0fced9e-f79d-774d-4148-bb85ce795398,HYD-03,14,0.04,4278,1005
a0fced9e-f79d-774d-4148-bb85ce795398,ELEC-04,9,0.075,189,767
a0fced9e-f79d-774d-4148-bb85ce795398,CHS-05,14,0.021,1114,1412
cbacef3a-b407-bec8-1f19-1c508149d79a,ENG-01,14,0.059,665,4343
cbacef3a-b407-bec8-1f19-1c508149d79a,TRN-02,19,0.054,0,2961
cbacef3a-b407-bec8-1f19-1c508149d79a,HYD-03,11,0.029,0,1130
cbacef3a-b407-bec8-1f19-1c508149d79a,ELEC-04,18,0.051,1897,857
cbacef3a-b407-bec8-1f19-1c508149d79a,CHS-05,14,0.027,0,1445
eb26f314-6ac2-ce85-6b30-4d11fa3f646a,ENG-01,17,0.086,2558,4352
eb26f314-6ac2-ce85-6b30-4d11fa3f646a,TRN-02,8,0.066,2390,2875
eb26f314-6ac2-ce85-6b30-4d11fa3f646a,HYD-03,12,0.04,429,1149
eb26f314-6ac2-ce85-6b30-4d11fa3f646a,ELEC-04,21,0.075,0,823
eb26f314-6ac2-ce85-6b30-4d11fa3f646a,CHS-05,19,0.028,0,1435
2c230733-e2df-bc7b-2b56-ce51dd488f22,ENG-01,8,0.05,57,4527
2c230733-e2df-bc7b-2b56-ce51dd488f22,TRN-02,9,0.05,0,2978
2c230733-e2df-bc7b-2b56-ce51dd488f22,HYD-03,6,0.058,308,1169
2c230733-e2df-bc7b-2b56-ce51dd488f22,ELEC-04,10,0.048,3270,881
2c230733-e2df-bc7b-2b56-ce51dd488f22,CHS-05,16,0.049,458,1494
f03945c1-d4ae-f2e6-3cc3-1133ac9525ac,ENG-01,15,0.074,1100,4168
f03945c1-d4ae-f2e6-3cc3-1133ac9525ac,TRN-02,25,0.064,174,2766
f03945c1-d4ae-f2e6-3cc3-1133ac9525ac,HYD-03,20,0.055,339,1046
f03945c1-d4ae-f2e6-3cc3-1133ac9525ac,ELEC-04,13,0.079,1127,803
f03945c1-d4ae-f2e6-3cc3-1133ac9525ac,CHS-05,17,0.04,1799,1407
db4b727c-f8f7-4fa8-f645-ef3efb4ebf0d,ENG-01,14,0.066,529,4283
db4b727c-f8f7-4fa8-f645-ef3efb4ebf0d,TRN-02,13,0.067,0,2931
db4b727c-f8f7-4fa8-f645-ef3efb4ebf0d,HYD-03,19,0.047,184,1105
db4b727c-f8f7-4fa8-f645-ef3efb4ebf0d,ELEC-04,11,0.061,0,805
db4b727c-f8f7-4fa8-f645-ef3efb4ebf0d,CHS-05,13,0.039,652,1458
7098502f-4a24-6e2d-b11e-8f032169851e,ENG-01,8,0.062,0,4348
7098502f-4a24-6e2d-b11e-8f032169851e,TRN-02,12,0.035,0,2805
7098502f-4a24-6e2d-b11e-8f032169851e,HYD-03,18,0.046,0,1104
7098502f-4a24-6e2d-b11e-8f032169851e,ELEC-04,7,0.049,0,813
7098502f-4a24-6e2d-b11e-8f032169851e,CHS-05,12,0.028,0,1355
f878e950-6f79-6cdc-bbec-4d52ab356641,ENG-01,14,0.075,0,3945
f878e950-6f79-6cdc-bbec-4d52ab356641,TRN-02,12,0.065,0,2666
f878e950-6f79-6cdc-bbec-4d52ab356641,HYD-03,20,0.055,2109,1037
f878e950-6f79-6cdc-bbec-4d52ab356641,ELEC-04,19,0.042,0,776
f878e950-6f79-6cdc-bbec-4d52ab356641,CHS-05,11,0.013,0,1394
7049f868-7475-f281-508b-87aa250b2f84,ENG-01,22,0.072,2946,4358
7049f868-7475-f281-508b-87aa250b2f84,TRN-02,17,0.032,1071,3014
7049f868-7475-f281-508b-87aa250b2f84,HYD-03,15,0.042,1035,1151
7049f868-7475-f281-508b-87aa250b2f84,ELEC-04,17,0.05,1805,846
7049f868-7475-f281-508b-87aa250b2f84,CHS-05,14,0.049,2134,1374
a0b9d7dc-a024-a4dd-5266-e5868c503aa9,ENG-01,13,0.074,568,4527
a0b9d7dc-a024-a4dd-5266-e5868c503aa9,TRN-02,4,0.062,696,3071
a0b9d7dc-a024-a4dd-5266-e5868c503aa9,HYD-03,15,0.031,371,1190
a0b9d7dc-a024-a4dd-5266-e5868c503aa9,ELEC-04,14,0.07,0,892
a0b9d7dc-a024-a4dd-5266-e5868c503aa9,CHS-05,14,0.032,391,1491
2536accf-2100-cdf6-8768-1cd4335efb94,ENG-01,3,0.073,0,4683
2536accf-2100-cdf6-8768-1cd4335efb94,TRN-02,4,0.038,3183,2922
2536accf-2100-cdf6-8768-1cd4335efb94,HYD-03,3,0.032,706,1180
2536accf-2100-cdf6-8768-1cd4335efb94,ELEC-04,15,0.06,2398,863
2536accf-2100-cdf6-8768-1cd4335efb94,CHS-05,12,0.045,0,1500
b5b99032-a491-6692-30d0-ad40e2ce41ad,ENG-01,25,0.078,0,3861
b5b99032-a491-6692-30d0-ad40e2ce41ad,TRN-02,25,0.052,0,2804
b5b99032-a491-6692-30d0-ad40e2ce41ad,HYD-03,25,0.026,0,1078
b5b99032-a491-6692-30d0-ad40e2ce41ad,ELEC-04,19,0.079,0,798
b5b99032-a491-6692-30d0-ad40e2ce41ad,CHS-05,14,0.043,0,1363
bfc6b75d-72c8-1eab-22cb-1b3d01b2fe94,ENG-01,18,0.073,1878,4009
bfc6b75d-72c8-1eab-22cb-1b3d01b2fe94,TRN-02,24,0.063,34,2820
bfc6b75d-72c8-1eab-22cb-1b3d01b2fe94,HYD-03,25,0.021,0,1062
bfc6b75d-72c8-1eab-22cb-1b3d01b2fe94,ELEC-04,18,0.06,1708,802
bfc6b75d-72c8-1eab-22cb-1b3d01b2fe94,CHS-05,24,0.014,1106,1354
ed484327-3468-7213-df51-968793128c5d,ENG-01,9,0.085,2125,4294
ed484327-3468-7213-df51-968793128c5d,TRN-02,13,0.068,0,2898
ed484327-3468-7213-df51-968793128c5d,HYD-03,23,0.038,575,1186
ed484327-3468-7213-df51-968793128c5d,ELEC-04,13,0.055,2091,835
ed484327-3468-7213-df51-968793128c5d,CHS-05,10,0.015,0,1418
d1e234b8-d0fa-f027-d24c-faf709289882,ENG-01,14,0.087,0,4315
d1e234b8-d0fa-f027-d24c-faf709289882,TRN-02,23,0.039,1610,2914
d1e234b8-d0fa-f027-d24c-faf709289882,HYD-03,15,0.047,298,1140
d1e234b8-d0fa-f027-d24c-faf709289882,ELEC-04,13,0.062,2188,850
d1e234b8-d0fa-f027-d24c-faf709289882,CHS-05,12,0.045,0,1456
4ff2d2ec-dbde-ffc2-a81e-0e89b3e1cf42,ENG-01,15,0.067,1036,4121
4ff2d2ec-dbde-ffc2-a81e-0e89b3e1cf42,TRN-02,23,0.037,0,2614
4ff2d2ec-dbde-ffc2-a81e-0e89b3e1cf42,HYD-03,22,0.036,1420,1066
4ff2d2ec-dbde-ffc2-a81e-0e89b3e1cf42,ELEC-04,24,0.079,2866,750
4ff2d2ec-dbde-ffc2-a81e-0e89b3e1cf42,CHS-05,19,0.014,4085,1382
a93fe809-7924-34d1-c91d-53630e878f9d,ENG-01,14,0.072,0,4352
a93fe809-7924-34d1-c91d-53630e878f9d,TRN-02,11,0.046,129,2518
a93fe809-7924-34d1-c91d-53630e878f9d,HYD-03,15,0.058,0,1077
a93fe809-7924-34d1-c91d-53630e878f9d,ELEC-04,11,0.075,216,787
a93fe809-7924-34d1-c91d-53630e878f9d,CHS-05,14,0.022,247,1397
bcd76fe6-bea8-c8b7-6ef5-db8b1ca9cf18,ENG-01,16,0.083,2139,4214
bcd76fe6-bea8-c8b7-6ef5-db8b1ca9cf18,TRN-02,13,0.062,122,2510
bcd76fe6-bea8-c8b7-6ef5-db8b1ca9cf18,HYD-03,24,0.057,3733,1049
bcd76fe6-bea8-c8b7-6ef5-db8b1ca9cf18,ELEC-04,18,0.058,819,742
bcd76fe6-bea8-c8b7-6ef5-db8b1ca9cf18,CHS-05,24,0.039,1396,1316
02cd7148-8ee6-c596-5a9d-be65c7de81a4,ENG-01,10,0.065,577,4314
02cd7148-8ee6-c596-5a9d-be65c7de81a4,TRN-02,15,0.057,0,2475
02cd7148-8ee6-c596-5a9d-be65c7de81a4,HYD-03,16,0.043,0,1074
02cd7148-8ee6-c596-5a9d-be65c7de81a4,ELEC-04,18,0.05,0,795
02cd7148-8ee6-c596-5a9d-be65c7de81a4,CHS-05,9,0.024,0,1384
660716c5-a7e8-0fe4-a125-04808e4d9994,ENG-01,9,0.057,4379,4428
660716c5-a7e8-0fe4-a125-04808e4d9994,TRN-02,18,0.064,5767,2638
660716c5-a7e8-0fe4-a125-04808e4d9994,HYD-03,22,0.055,4210,1139
660716c5-a7e8-0fe4-a125-04808e4d9994,ELEC-04,9,0.041,6804,796
660716c5-a7e8-0fe4-a125-04808e4d9994,CHS-05,9,0.038,2340,1405
e46377db-30f2-0127-931a-43e7e15dabf0,ENG-01,15,0.061,0,4468
e46377db-30f2-0127-931a-43e7e15dabf0,TRN-02,10,0.065,0,2637
e46377db-30f2-0127-931a-43e7e15dabf0,HYD-03,17,0.042,0,1118
e46377db-30f2-0127-931a-43e7e15dabf0,ELEC-04,20,0.077,0,809
e46377db-30f2-0127-931a-43e7e15dabf0,CHS-05,21,0.02,0,1466
81381654-7860-c08b-cf19-188cbdbf75fd,ENG-01,12,0.076,2071,4666
81381654-7860-c08b-cf19-188cbdbf75fd,TRN-02,7,0.047,0,2805
81381654-7860-c08b-cf19-188cbdbf75fd,HYD-03,5,0.025,1660,1164
81381654-7860-c08b-cf19-188cbdbf75fd,ELEC-04,3,0.044,1422,851
81381654-7860-c08b-cf19-188cbdbf75fd,CHS-05,16,0.037,22,1453
4862ee30-983f-9967-fb9a-c987021a5968,ENG-01,12,0.064,1560,4539
4862ee30-983f-9967-fb9a-c987021a5968,TRN-02,16,0.069,0,2772
4862ee30-983f-9967-fb9a-c987021a5968,HYD-03,18,0.056,4642,1154
4862ee30-983f-9967-fb9a-c987021a5968,ELEC-04,10,0.045,1184,794
4862ee30-983f-9967-fb9a-c987021a5968,CHS-05,15,0.022,0,1468
ed2501ba-f07a-b2bc-e275-ee9dc48f7ee7,ENG-01,10,0.067,1142,4282
ed2501ba-f07a-b2bc-e275-ee9dc48f7ee7,TRN-02,8,0.038,786,2596
ed2501ba-f07a-b2bc-e275-ee9dc48f7ee7,HYD-03,6,0.023,131,1105
ed2501ba-f07a-b2bc-e275-ee9dc48f7ee7,ELEC-04,17,0.074,0,763
ed2501ba-f07a-b2bc-e275-ee9dc48f7ee7,CHS-05,13,0.029,671,1379
f26680da-51f4-9b18-032c-f1da722a1b76,ENG-01,14,0.081,0,4449
f26680da-51f4-9b18-032c-f1da722a1b76,TRN-02,21,0.044,0,2740
f26680da-51f4-9b18-032c-f1da722a1b76,HYD-03,22,0.034,0,1146
f26680da-51f4-9b18-032c-f1da722a1b76,ELEC-04,22,0.059,0,819
f26680da-51f4-9b18-032c-f1da722a1b76,CHS-05,10,0.018,0,1473
c3dfa4a0-ccef-1afa-ef29-f88466b969f9,ENG-01,17,0.063,297,4326
c3dfa4a0-ccef-1afa-ef29-f88466b969f9,TRN-02,9,0.069,105,2841
c3dfa4a0-ccef-1afa-ef29-f88466b969f9,HYD-03,18,0.048,1153,1124
c3dfa4a0-ccef-1afa-ef29-f88466b969f9,ELEC-04,16,0.048,507,873
c3dfa4a0-ccef-1afa-ef29-f88466b969f9,CHS-05,10,0.014,913,1497
809031d9-e9af-75de-c245-e232b17dc363,ENG-01,3,0.088,1680,4573
809031d9-e9af-75de-c245-e232b17dc363,TRN-02,5,0.031,2215,3089
809031d9-e9af-75de-c245-e232b17dc363,HYD-03,6,0.059,1666,1236
809031d9-e9af-75de-c245-e232b17dc363,ELEC-04,15,0.046,0,895
809031d9-e9af-75de-c245-e232b17dc363,CHS-05,3,0.024,1231,1476
4b29feca-7706-dd79-382b-c29eacc484ff,ENG-01,6,0.089,928,4685
4b29feca-7706-dd79-382b-c29eacc484ff,TRN-02,9,0.059,938,2721
4b29feca-7706-dd79-382b-c29eacc484ff,HYD-03,2,0.043,0,1215
4b29feca-7706-dd79-382b-c29eacc484ff,ELEC-04,12,0.05,0,819
4b29feca-7706-dd79-382b-c29eacc484ff,CHS-05,10,0.047,260,1462
897c2439-908b-2365-121d-963197cb9629,ENG-01,19,0.052,0,4125
897c2439-908b-2365-121d-963197cb9629,TRN-02,17,0.048,266,2584
897c2439-908b-2365-121d-963197cb9629,HYD-03,20,0.025,100,1069
897c2439-908b-2365-121d-963197cb9629,ELEC-04,18,0.056,0,756
897c2439-908b-2365-121d-963197cb9629,CHS-05,16,0.014,1827,1413
bd08bd44-ed70-6b8d-f80a-cd5da80331a8,ENG-01,17,0.082,740,4262
bd08bd44-ed70-6b8d-f80a-cd5da80331a8,TRN-02,16,0.053,2170,2880
bd08bd44-ed70-6b8d-f80a-cd5da80331a8,HYD-03,14,0.036,1515,1129
bd08bd44-ed70-6b8d-f80a-cd5da80331a8,ELEC-04,20,0.062,1291,846
bd08bd44-ed70-6b8d-f80a-cd5da80331a8,CHS-05,17,0.04,722,1444
42513f8f-c55a-43a5-277b-819d869c6b7a,ENG-01,12,0.082,1435,4041
42513f8f-c55a-43a5-277b-819d869c6b7a,TRN-02,24,0.07,1326,2421
42513f8f-c55a-43a5-277b-819d869c6b7a,HYD-03,19,0.022,401,1080
42513f8f-c55a-43a5-277b-819d869c6b7a,ELEC-04,15,0.056,2192,781
42513f8f-c55a-43a5-277b-819d869c6b7a,CHS-05,16,0.029,1878,1366
564cdb3b-e7aa-7ac8-097c-4747f776d92b,ENG-01,12,0.089,1783,4309
564cdb3b-e7aa-7ac8-097c-4747f776d92b,TRN-02,11,0.039,210,2815
564cdb3b-e7aa-7ac8-097c-4747f776d92b,HYD-03,12,0.06,153,1137
564cdb3b-e7aa-7ac8-097c-4747f776d92b,ELEC-04,15,0.047,0,815
564cdb3b-e7aa-7ac8-097c-4747f776d92b,CHS-05,9,0.015,0,1479
9801c18d-24d9-b3b9-732c-6a33b93e4947,ENG-01,20,0.064,0,4029
9801c18d-24d9-b3b9-732c-6a33b93e4947,TRN-02,24,0.07,1993,2807
9801c18d-24d9-b3b9-732c-6a33b93e4947,HYD-03,16,0.03,0,1089
9801c18d-24d9-b3b9-732c-6a33b93e4947,ELEC-04,18,0.044,2036,805
9801c18d-24d9-b3b9-732c-6a33b93e4947,CHS-05,14,0.043,0,1385
734cd2ff-6916-a6d9-195e-954a8b37989b,ENG-01,17,0.05,0,4077
734cd2ff-6916-a6d9-195e-954a8b37989b,TRN-02,6,0.057,558,2768
734cd2ff-6916-a6d9-195e-954a8b37989b,HYD-03,10,0.032,0,1052
734cd2ff-6916-a6d9-195e-954a8b37989b,ELEC-04,12,0.073,0,787
734cd2ff-6916-a6d9-195e-954a8b37989b,CHS-05,10,0.048,854,1414
e5f372c9-95f9-4a97-409d-2d0bdbbe03fb,ENG-01,9,0.064,1367,4187
e5f372c9-95f9-4a97-409d-2d0bdbbe03fb,TRN-02,19,0.039,974,2498
e5f372c9-95f9-4a97-409d-2d0bdbbe03fb,HYD-03,6,0.053,0,1051
e5f372c9-95f9-4a97-409d-2d0bdbbe03fb,ELEC-04,13,0.074,645,784
e5f372c9-95f9-4a97-409d-2d0bdbbe03fb,CHS-05,6,0.044,1183,1407
a4f205cf-9d89-2bf2-c6f4-12fd57958959,ENG-01,17,0.08,0,4430
a4f205cf-9d89-2bf2-c6f4-12fd57958959,TRN-02,14,0.062,1343,2689
a4f205cf-9d89-2bf2-c6f4-12fd57958959,HYD-03,18,0.053,2467,1106
a4f205cf-9d89-2bf2-c6f4-12fd57958959,ELEC-04,21,0.079,0,801
a4f205cf-9d89-2bf2-c6f4-12fd57958959,CHS-05,22,0.027,1362,1399
cab9c84b-697f-b178-cbf2-1681ca7b7f08,ENG-01,16,0.084,0,4476
cab9c84b-697f-b178-cbf2-1681ca7b7f08,TRN-02,12,0.036,1885,2775
cab9c84b-697f-b178-cbf2-1681ca7b7f08,HYD-03,11,0.041,1770,1142
cab9c84b-697f-b178-cbf2-1681ca7b7f08,ELEC-04,10,0.05,2152,813
cab9c84b-697f-b178-cbf2-1681ca7b7f08,CHS-05,14,0.027,887,1440
0b8cab35-6b3c-01ec-ee48-1903cb75e3a0,ENG-01,18,0.062,648,4220
0b8cab35-6b3c-01ec-ee48-1903cb75e3a0,TRN-02,19,0.064,312,2576
0b8cab35-6b3c-01ec-ee48-1903cb75e3a0,HYD-03,9,0.032,884,1100
0b8cab35-6b3c-01ec-ee48-1903cb75e3a0,ELEC-04,12,0.041,0,784
0b8cab35-6b3c-01ec-ee48-1903cb75e3a0,CHS-05,15,0.027,0,1369
822d6dae-46fd-1b49-a65c-779d01e5e804,ENG-01,23,0.062,765,4644
822d6dae-46fd-1b49-a65c-779d01e5e804,TRN-02,15,0.067,1170,2794
822d6dae-46fd-1b49-a65c-779d01e5e804,HYD-03,9,0.052,1376,1159
822d6dae-46fd-1b49-a65c-779d01e5e804,ELEC-04,23,0.059,859,796
822d6dae-46fd-1b49-a65c-779d01e5e804,CHS-05,18,0.018,801,1389
eb1a3bc4-edac-f720-0e0e-8906fa86ae39,ENG-01,18,0.053,0,4233
eb1a3bc4-edac-f720-0e0e-8906fa86ae39,TRN-02,13,0.036,0,2748
eb1a3bc4-edac-f720-0e0e-8906fa86ae39,HYD-03,17,0.036,501,1059
eb1a3bc4-edac-f720-0e0e-8906fa86ae39,ELEC-04,17,0.054,0,800
eb1a3bc4-edac-f720-0e0e-8906fa86ae39,CHS-05,14,0.019,0,1457
41e9fae4-6dfc-cf2e-4806-1e782b1b195d,ENG-01,17,0.075,0,4405
41e9fae4-6dfc-cf2e-4806-1e782b1b195d,TRN-02,17,0.064,1904,2668
41e9fae4-6dfc-cf2e-4806-1e782b1b195d,HYD-03,21,0.046,2126,1117
41e9fae4-6dfc-cf2e-4806-1e782b1b195d,ELEC-04,17,0.049,2517,782
41e9fae4-6dfc-cf2e-4806-1e782b1b195d,CHS-05,19,0.039,1237,1431
f7e01f1f-fcd3-f8ce-16df-37290b22fdee,ENG-01,16,0.069,0,4346
f7e01f1f-fcd3-f8ce-16df-37290b22fdee,TRN-02,23,0.043,0,2470
f7e01f1f-fcd3-f8ce-16df-37290b22fdee,HYD-03,17,0.035,0,1048
f7e01f1f-fcd3-f8ce-16df-37290b22fdee,ELEC-04,19,0.061,0,772
f7e01f1f-fcd3-f8ce-16df-37290b22fdee,CHS-05,19,0.035,0,1334
03bfb71c-74d3-4321-1364-fc045f8374a2,ENG-01,19,0.09,2667,4477
03bfb71c-74d3-4321-1364-fc045f8374a2,TRN-02,18,0.038,0,2855
03bfb71c-74d3-4321-1364-fc045f8374a2,HYD-03,16,0.047,921,1126
03bfb71c-74d3-4321-1364-fc045f8374a2,ELEC-04,16,0.077,2626,776
03bfb71c-74d3-4321-1364-fc045f8374a2,CHS-05,9,0.026,579,1453
b199e9b4-28aa-4bbf-7102-a80c960224d5,ENG-01,17,0.078,1304,4126
b199e9b4-28aa-4bbf-7102-a80c960224d5,TRN-02,14,0.054,970,2770
b199e9b4-28aa-4bbf-7102-a80c960224d5,HYD-03,19,0.031,0,1095
b199e9b4-28aa-4bbf-7102-a80c960224d5,ELEC-04,16,0.048,468,788
b199e9b4-28aa-4bbf-7102-a80c960224d5,CHS-05,16,0.019,2743,1367
833d981a-c1e6-c96b-0e8a-020e535adf01,ENG-01,19,0.061,0,4280
833d981a-c1e6-c96b-0e8a-020e535adf01,TRN-02,12,0.048,1241,2883
833d981a-c1e6-c96b-0e8a-020e535adf01,HYD-03,9,0.032,0,1061
833d981a-c1e6-c96b-0e8a-020e535adf01,ELEC-04,12,0.075,1185,809
833d981a-c1e6-c96b-0e8a-020e535adf01,CHS-05,10,0.012,1564,1370
e0fd2c0d-a8e7-ef4b-81c5-36a33075d732,ENG-01,11,0.064,279,4524
e0fd2c0d-a8e7-ef4b-81c5-36a33075d732,TRN-02,10,0.045,0,2686
e0fd2c0d-a8e7-ef4b-81c5-36a33075d732,HYD-03,9,0.026,1534,1121
e0fd2c0d-a8e7-ef4b-81c5-36a33075d732,ELEC-04,16,0.072,647,798
e0fd2c0d-a8e7-ef4b-81c5-36a33075d732,CHS-05,14,0.018,1169,1430
2ff390cb-634e-5bf2-2b32-6d079fcfa699,ENG-01,10,0.063,66,4518
2ff390cb-634e-5bf2-2b32-6d079fcfa699,TRN-02,8,0.05,1324,2977
2ff390cb-634e-5bf2-2b32-6d079fcfa699,HYD-03,6,0.05,1076,1162
2ff390cb-634e-5bf2-2b32-6d079fcfa699,ELEC-04,4,0.051,220,852
2ff390cb-634e-5bf2-2b32-6d079fcfa699,CHS-05,15,0.023,1344,1526
efc25d50-d877-01c2-763d-2ef9ee80f3f4,ENG-01,8,0.055,0,4357
efc25d50-d877-01c2-763d-2ef9ee80f3f4,TRN-02,15,0.069,1736,3054
efc25d50-d877-01c2-763d-2ef9ee80f3f4,HYD-03,5,0.02,0,1191
efc25d50-d877-01c2-763d-2ef9ee80f3f4,ELEC-04,9,0.062,0,884
efc25d50-d877-01c2-763d-2ef9ee80f3f4,CHS-05,13,0.016,0,1468
a0042130-234d-675e-b61b-f7bafdbb5117,ENG-01,21,0.087,0,4056
a0042130-234d-675e-b61b-f7bafdbb5117,TRN-02,16,0.062,147,2709
a0042130-234d-675e-b61b-f7bafdbb5117,HYD-03,14,0.041,1095,1028
a0042130-234d-675e-b61b-f7bafdbb5117,ELEC-04,12,0.045,2176,775
a0042130-234d-675e-b61b-f7bafdbb5117,CHS-05,20,0.022,2830,1375
ac144520-f8a6-edbe-24c3-037902608835,ENG-01,6,0.073,0,4656
ac144520-f8a6-edbe-24c3-037902608835,TRN-02,14,0.052,1030,3034
ac144520-f8a6-edbe-24c3-037902608835,HYD-03,14,0.055,1338,1161
ac144520-f8a6-edbe-24c3-037902608835,ELEC-04,3,0.078,2560,898
ac144520-f8a6-edbe-24c3-037902608835,CHS-05,13,0.012,0,1498
a4ef0dab-d046-9e2d-dcd5-e202b586c512,ENG-01,11,0.068,0,4563
a4ef0dab-d046-9e2d-dcd5-e202b586c512,TRN-02,4,0.033,377,2987
a4ef0dab-d046-9e2d-dcd5-e202b586c512,HYD-03,9,0.048,332,1162
a4ef0dab-d046-9e2d-dcd5-e202b586c512,ELEC-04,7,0.051,0,891
a4ef0dab-d046-9e2d-dcd5-e202b586c512,CHS-05,3,0.017,0,1508
526423c2-0d7f-5d5d-d74c-ab4e0ffb8f66,ENG-01,12,0.058,30,4268
526423c2-0d7f-5d5d-d74c-ab4e0ffb8f66,TRN-02,17,0.038,0,2662
526423c2-0d7f-5d5d-d74c-ab4e0ffb8f66,HYD-03,8,0.052,1457,1067
526423c2-0d7f-5d5d-d74c-ab4e0ffb8f66,ELEC-04,11,0.069,1523,829
526423c2-0d7f-5d5d-d74c-ab4e0ffb8f66,CHS-05,9,0.033,1497,1506
6b8b9c1a-49e3-c3fc-1ef2-38d1f350104c,ENG-01,18,0.083,0,4191
6b8b9c1a-49e3-c3fc-1ef2-38d1f350104c,TRN-02,11,0.058,0,2886
6b8b9c1a-49e3-c3fc-1ef2-38d1f350104c,HYD-03,16,0.031,0,1128
6b8b9c1a-49e3-c3fc-1ef2-38d1f350104c,ELEC-04,11,0.077,0,858
6b8b9c1a-49e3-c3fc-1ef2-38d1f350104c,CHS-05,19,0.037,0,1414
aafdef84-19c3-cf08-bf6e-630adb83fe80,ENG-01,21,0.06,0,4093
aafdef84-19c3-cf08-bf6e-630adb83fe80,TRN-02,14,0.065,2528,2591
aafdef84-19c3-cf08-bf6e-630adb83fe80,HYD-03,24,0.057,2339,1081
aafdef84-19c3-cf08-bf6e-630adb83fe80,ELEC-04,18,0.07,0,712
aafdef84-19c3-cf08-bf6e-630adb83fe80,CHS-05,15,0.046,2243,1346
893e3b76-ade2-82ed-91da-f0963a1c88e7,ENG-01,18,0.068,691,4075
893e3b76-ade2-82ed-91da-f0963a1c88e7,TRN-02,21,0.049,2470,2575
893e3b76-ade2-82ed-91da-f0963a1c88e7,HYD-03,21,0.057,1958,1093
893e3b76-ade2-82ed-91da-f0963a1c88e7,ELEC-04,20,0.057,1084,789
893e3b76-ade2-82ed-91da-f0963a1c88e7,CHS-05,11,0.019,789,1334
5f4106ae-02fa-0d07-e99f-22bccdb7d5d2,ENG-01,20,0.089,1265,4493
5f4106ae-02fa-0d07-e99f-22bccdb7d5d2,TRN-02,9,0.07,3009,2704
5f4106ae-02fa-0d07-e99f-22bccdb7d5d2,HYD-03,20,0.041,793,1163
5f4106ae-02fa-0d07-e99f-22bccdb7d5d2,ELEC-04,10,0.04,2364,809
5f4106ae-02fa-0d07-e99f-22bccdb7d5d2,CHS-05,23,0.041,75,1490
162ab75a-be3a-cb9b-6930-5336abe66e7d,ENG-01,6,0.054,0,4559
162ab75a-be3a-cb9b-6930-5336abe66e7d,TRN-02,14,0.037,0,2926
162ab75a-be3a-cb9b-6930-5336abe66e7d,HYD-03,3,0.053,976,1098
162ab75a-be3a-cb9b-6930-5336abe66e7d,ELEC-04,13,0.064,0,850
162ab75a-be3a-cb9b-6930-5336abe66e7d,CHS-05,7,0.029,1786,1529
33e9cc77-adc2-f096-b14b-dd1ef1f26815,ENG-01,5,0.088,0,4530
33e9cc77-adc2-f096-b14b-dd1ef1f26815,TRN-02,6,0.064,2004,2889
33e9cc77-adc2-f096-b14b-dd1ef1f26815,HYD-03,6,0.037,1312,1145
33e9cc77-adc2-f096-b14b-dd1ef1f26815,ELEC-04,9,0.054,413,843
33e9cc77-adc2-f096-b14b-dd1ef1f26815,CHS-05,10,0.017,0,1550
bf1ea8ea-baf2-dd55-e497-8d2d45eecc6d,ENG-01,9,0.087,0,4628
bf1ea8ea-baf2-dd55-e497-8d2d45eecc6d,TRN-02,3,0.04,1049,2713
bf1ea8ea-baf2-dd55-e497-8d2d45eecc6d,HYD-03,5,0.025,1279,1182
bf1ea8ea-baf2-dd55-e497-8d2d45eecc6d,ELEC-04,4,0.074,1777,808
bf1ea8ea-baf2-dd55-e497-8d2d45eecc6d,CHS-05,10,0.023,1290,1543
641fe623-8a7c-8afe-7bb0-ceae89c57498,ENG-01,21,0.083,0,4233
641fe623-8a7c-8afe-7bb0-ceae89c57498,TRN-02,18,0.066,829,2480
641fe623-8a7c-8afe-7bb0-ceae89c57498,HYD-03,21,0.028,0,1066
641fe623-8a7c-8afe-7bb0-ceae89c57498,ELEC-04,12,0.08,742,782
641fe623-8a7c-8afe-7bb0-ceae89c57498,CHS-05,14,0.021,1428,1389
26401eb7-9174-ccbf-81c1-fc991f878518,ENG-01,7,0.055,0,4185
26401eb7-9174-ccbf-81c1-fc991f878518,TRN-02,10,0.062,0,2409
26401eb7-9174-ccbf-81c1-fc991f878518,HYD-03,12,0.032,0,1047
26401eb7-9174-ccbf-81c1-fc991f878518,ELEC-04,8,0.047,0,814
26401eb7-9174-ccbf-81c1-fc991f878518,CHS-05,7,0.043,0,1365
17e242e0-2bff-4fe7-0681-ce27229fa51a,ENG-01,23,0.05,0,4347
17e242e0-2bff-4fe7-0681-ce27229fa51a,TRN-02,9,0.065,2046,2855
17e242e0-2bff-4fe7-0681-ce27229fa51a,HYD-03,14,0.023,0,1159
17e242e0-2bff-4fe7-0681-ce27229fa51a,ELEC-04,13,0.051,1538,840
17e242e0-2bff-4fe7-0681-ce27229fa51a,CHS-05,10,0.042,827,1446
0065ad63-827b-aada-62ee-24317ee60aa5,ENG-01,13,0.056,0,4324
0065ad63-827b-aada-62ee-24317ee60aa5,TRN-02,11,0.057,0,2664
0065ad63-827b-aada-62ee-24317ee60aa5,HYD-03,21,0.036,0,1144
0065ad63-827b-aada-62ee-24317ee60aa5,ELEC-04,19,0.051,0,806
0065ad63-827b-aada-62ee-24317ee60aa5,CHS-05,13,0.036,0,1449
6b496e21-0cc1-7230-d61e-b09b311a9d86,ENG-01,12,0.064,2251,4311
6b496e21-0cc1-7230-d61e-b09b311a9d86,TRN-02,10,0.062,2208,2714
6b496e21-0cc1-7230-d61e-b09b311a9d86,HYD-03,12,0.037,1061,1074
6b496e21-0cc1-7230-d61e-b09b311a9d86,ELEC-04,6,0.043,133,789
6b496e21-0cc1-7230-d61e-b09b311a9d86,CHS-05,19,0.031,3535,1412
9b055746-7f1f-7bda-78af-408393001912,ENG-01,9,0.081,1493,4331
9b055746-7f1f-7bda-78af-408393001912,TRN-02,16,0.061,882,2585
9b055746-7f1f-7bda-78af-408393001912,HYD-03,9,0.034,363,1085
9b055746-7f1f-7bda-78af-408393001912,ELEC-04,9,0.044,244,775
9b055746-7f1f-7bda-78af-408393001912,CHS-05,18,0.04,1524,1402
f6fea7db-b583-3a8d-d600-bcab3289936d,ENG-01,13,0.088,0,4150
f6fea7db-b583-3a8d-d600-bcab3289936d,TRN-02,14,0.044,546,2554
f6fea7db-b583-3a8d-d600-bcab3289936d,HYD-03,16,0.024,241,1088
f6fea7db-b583-3a8d-d600-bcab3289936d,ELEC-04,21,0.068,624,754
f6fea7db-b583-3a8d-d600-bcab3289936d,CHS-05,12,0.029,0,1351
ed084a40-eea9-4f94-156a-a4e4d98fde3a,ENG-01,20,0.062,0,4493
ed084a40-eea9-4f94-156a-a4e4d98fde3a,TRN-02,9,0.043,0,2600
ed084a40-eea9-4f94-156a-a4e4d98fde3a,HYD-03,23,0.027,0,1153
ed084a40-eea9-4f94-156a-a4e4d98fde3a,ELEC-04,13,0.07,0,818
ed084a40-eea9-4f94-156a-a4e4d98fde3a,CHS-05,16,0.042,0,1463
3cbc04c8-a346-a91b-d6d6-1d503f6c90c3,ENG-01,13,0.051,0,4127
3cbc04c8-a346-a91b-d6d6-1d503f6c90c3,TRN-02,12,0.046,394,2512
3cbc04c8-a346-a91b-d6d6-1d503f6c90c3,HYD-03,17,0.047,0,1026
3cbc04c8-a346-a91b-d6d6-1d503f6c90c3,ELEC-04,12,0.056,0,793
3cbc04c8-a346-a91b-d6d6-1d503f6c90c3,CHS-05,23,0.026,660,1313
2c75e5c2-cffb-0b48-970c-6c3d3c609254,ENG-01,12,0.068,872,3874
2c75e5c2-cffb-0b48-970c-6c3d3c609254,TRN-02,24,0.037,0,2632
2c75e5c2-cffb-0b48-970c-6c3d3c609254,HYD-03,13,0.033,0,1070
2c75e5c2-cffb-0b48-970c-6c3d3c609254,ELEC-04,16,0.075,1097,800
2c75e5c2-cffb-0b48-970c-6c3d3c609254,CHS-05,25,0.025,1045,1352
d58b25ed-3561-2f6a-92a8-10d80e463b80,ENG-01,15,0.059,4183,4267
d58b25ed-3561-2f6a-92a8-10d80e463b80,TRN-02,20,0.048,0,2703
d58b25ed-3561-2f6a-92a8-10d80e463b80,HYD-03,6,0.036,0,1076
d58b25ed-3561-2f6a-92a8-10d80e463b80,ELEC-04,8,0.059,0,776
d58b25ed-3561-2f6a-92a8-10d80e463b80,CHS-05,16,0.037,1355,1409
c7058655-a539-5122-deba-36568561e083,ENG-01,16,0.069,0,4317
c7058655-a539-5122-deba-36568561e083,TRN-02,15,0.05,870,2814
c7058655-a539-5122-deba-36568561e083,HYD-03,17,0.032,1005,1093
c7058655-a539-5122-deba-36568561e083,ELEC-04,21,0.051,0,823
c7058655-a539-5122-deba-36568561e083,CHS-05,18,0.032,127,1387
3fc8dc52-f0ea-799c-12fd-e01e2bb795d6,ENG-01,14,0.051,2069,4411
3fc8dc52-f0ea-799c-12fd-e01e2bb795d6,TRN-02,16,0.036,870,2872
3fc8dc52-f0ea-799c-12fd-e01e2bb795d6,HYD-03,2,0.042,4167,1159
3fc8dc52-f0ea-799c-12fd-e01e2bb795d6,ELEC-04,12,0.067,1489,831
3fc8dc52-f0ea-799c-12fd-e01e2bb795d6,CHS-05,15,0.039,0,1487
84cf5358-46a4-a5c0-b886-0509358db126,ENG-01,16,0.062,912,4798
84cf5358-46a4-a5c0-b886-0509358db126,TRN-02,11,0.061,722,2853
84cf5358-46a4-a5c0-b886-0509358db126,HYD-03,12,0.036,2104,1143
84cf5358-46a4-a5c0-b886-0509358db126,ELEC-04,4,0.077,1373,828
84cf5358-46a4-a5c0-b886-0509358db126,CHS-05,11,0.029,1165,1459
157a8053-be87-861d-7b07-e55cf9d42f40,ENG-01,23,0.075,556,4169
157a8053-be87-861d-7b07-e55cf9d42f40,TRN-02,18,0.041,150,2630
157a8053-be87-861d-7b07-e55cf9d42f40,HYD-03,24,0.036,0,1005
157a8053-be87-861d-7b07-e55cf9d42f40,ELEC-04,24,0.063,0,763
157a8053-be87-861d-7b07-e55cf9d42f40,CHS-05,17,0.022,943,1401
dcd8ff7c-5a1e-1adc-4294-2031dbd6ab30,ENG-01,9,0.067,926,4130
dcd8ff7c-5a1e-1adc-4294-2031dbd6ab30,TRN-02,10,0.05,1009,2810
dcd8ff7c-5a1e-1adc-4294-2031dbd6ab30,HYD-03,15,0.026,0,1088
dcd8ff7c-5a1e-1adc-4294-2031dbd6ab30,ELEC-04,16,0.079,104,818
dcd8ff7c-5a1e-1adc-4294-2031dbd6ab30,CHS-05,17,0.01,0,1388
eb7201e4-a851-4696-f6d6-17142094c74c,ENG-01,16,0.058,0,4233
eb7201e4-a851-4696-f6d6-17142094c74c,TRN-02,11,0.068,660,2709
eb7201e4-a851-4696-f6d6-17142094c74c,HYD-03,12,0.048,553,1039
eb7201e4-a851-4696-f6d6-17142094c74c,ELEC-04,20,0.054,0,786
eb7201e4-a851-4696-f6d6-17142094c74c,CHS-05,18,0.011,0,1367
a260b75c-61aa-b4da-97c3-0aa7e531c42d,ENG-01,11,0.075,0,4282
a260b75c-61aa-b4da-97c3-0aa7e531c42d,TRN-02,5,0.046,811,2953
a260b75c-61aa-b4da-97c3-0aa7e531c42d,HYD-03,8,0.056,0,1206
a260b75c-61aa-b4da-97c3-0aa7e531c42d,ELEC-04,15,0.049,1294,868
a260b75c-61aa-b4da-97c3-0aa7e531c42d,CHS-05,12,0.021,1082,1487
91eee2a7-d297-4715-29ab-f2481abd155c,ENG-01,9,0.074,787,4233
91eee2a7-d297-4715-29ab-f2481abd155c,TRN-02,20,0.063,3028,2732
91eee2a7-d297-4715-29ab-f2481abd155c,HYD-03,14,0.041,1987,1161
91eee2a7-d297-4715-29ab-f2481abd155c,ELEC-04,17,0.053,558,807
91eee2a7-d297-4715-29ab-f2481abd155c,CHS-05,19,0.044,835,1385
69f281b0-423c-ed8b-4ced-e5d3333fc49e,ENG-01,18,0.086,1134,4020
69f281b0-423c-ed8b-4ced-e5d3333fc49e,TRN-02,17,0.042,1724,2702
69f281b0-423c-ed8b-4ced-e5d3333fc49e,HYD-03,24,0.04,723,1045
69f281b0-423c-ed8b-4ced-e5d3333fc49e,ELEC-04,11,0.065,993,747
69f281b0-423c-ed8b-4ced-e5d3333fc49e,CHS-05,19,0.017,0,1386
25897684-b01d-80fa-2ca7-c3766d9c5f33,ENG-01,18,0.058,1707,4463
25897684-b01d-80fa-2ca7-c3766d9c5f33,TRN-02,20,0.056,0,2803
25897684-b01d-80fa-2ca7-c3766d9c5f33,HYD-03,10,0.03,1045,1132
25897684-b01d-80fa-2ca7-c3766d9c5f33,ELEC-04,22,0.057,1323,813
25897684-b01d-80fa-2ca7-c3766d9c5f33,CHS-05,19,0.041,390,1429
a9d4ccfc-2d88-8165-a2a8-3da029b9f04a,ENG-01,20,0.054,2284,4205
a9d4ccfc-2d88-8165-a2a8-3da029b9f04a,TRN-02,14,0.069,0,2592
a9d4ccfc-2d88-8165-a2a8-3da029b9f04a,HYD-03,13,0.036,1054,1059
a9d4ccfc-2d88-8165-a2a8-3da029b9f04a,ELEC-04,20,0.054,308,770
a9d4ccfc-2d88-8165-a2a8-3da029b9f04a,CHS-05,11,0.043,0,1320
227fa7ec-0014-512a-7339-20f54cc2735d,ENG-01,10,0.059,2588,4436
227fa7ec-0014-512a-7339-20f54cc2735d,TRN-02,15,0.058,1398,3024
227fa7ec-0014-512a-7339-20f54cc2735d,HYD-03,13,0.036,0,1157
227fa7ec-0014-512a-7339-20f54cc2735d,ELEC-04,12,0.044,2986,848
227fa7ec-0014-512a-7339-20f54cc2735d,CHS-05,6,0.029,1978,1490
9d198f78-e744-9bb7-c2a7-db238dbb600f,ENG-01,25,0.056,1138,4145
9d198f78-e744-9bb7-c2a7-db238dbb600f,TRN-02,12,0.063,1079,2520
9d198f78-e744-9bb7-c2a7-db238dbb600f,HYD-03,14,0.06,4769,1082
9d198f78-e744-9bb7-c2a7-db238dbb600f,ELEC-04,17,0.078,686,742
9d198f78-e744-9bb7-c2a7-db238dbb600f,CHS-05,19,0.029,1607,1335
d0b4ded8-243d-5ca7-0a8e-c457ae1e1a0d,ENG-01,2,0.069,359,4301
d0b4ded8-243d-5ca7-0a8e-c457ae1e1a0d,TRN-02,3,0.05,0,2970
d0b4ded8-243d-5ca7-0a8e-c457ae1e1a0d,HYD-03,8,0.057,0,1173
d0b4ded8-243d-5ca7-0a8e-c457ae1e1a0d,ELEC-04,9,0.069,0,866
d0b4ded8-243d-5ca7-0a8e-c457ae1e1a0d,CHS-05,7,0.044,1828,1429
7df026ee-d5a9-27ae-cd30-e0526a7b84ae,ENG-01,6,0.088,2030,4363
7df026ee-d5a9-27ae-cd30-e0526a7b84ae,TRN-02,13,0.046,0,3138
7df026ee-d5a9-27ae-cd30-e0526a7b84ae,HYD-03,9,0.06,710,1153
7df026ee-d5a9-27ae-cd30-e0526a7b84ae,ELEC-04,16,0.046,0,903
7df026ee-d5a9-27ae-cd30-e0526a7b84ae,CHS-05,8,0.035,0,1534
d3394531-70d2-2974-333f-5c77f8153cca,ENG-01,14,0.074,773,4305
d3394531-70d2-2974-333f-5c77f8153cca,TRN-02,12,0.041,0,2747
d3394531-70d2-2974-333f-5c77f8153cca,HYD-03,7,0.042,0,1068
d3394531-70d2-2974-333f-5c77f8153cca,ELEC-04,12,0.071,257,769
d3394531-70d2-2974-333f-5c77f8153cca,CHS-05,8,0.023,0,1297
e8a12c5d-aa4c-b552-b7d6-e33615c5ed65,ENG-01,8,0.069,426,4564
e8a12c5d-aa4c-b552-b7d6-e33615c5ed65,TRN-02,15,0.04,0,2883
e8a12c5d-aa4c-b552-b7d6-e33615c5ed65,HYD-03,10,0.028,2325,1183
e8a12c5d-aa4c-b552-b7d6-e33615c5ed65,ELEC-04,5,0.041,397,839
e8a12c5d-aa4c-b552-b7d6-e33615c5ed65,CHS-05,6,0.01,0,1467
92960223-b758-e8f8-4c6a-ce7df706657c,ENG-01,12,0.08,0,4502
92960223-b758-e8f8-4c6a-ce7df706657c,TRN-02,10,0.035,768,2833
92960223-b758-e8f8-4c6a-ce7df706657c,HYD-03,14,0.032,0,1126
92960223-b758-e8f8-4c6a-ce7df706657c,ELEC-04,18,0.053,994,804
92960223-b758-e8f8-4c6a-ce7df706657c,CHS-05,22,0.013,1743,1445
a722966f-1ebe-1f89-1ab2-fc7d6e2ac735,ENG-01,12,0.088,0,4515
a722966f-1ebe-1f89-1ab2-fc7d6e2ac735,TRN-02,15,0.05,347,2914
a722966f-1ebe-1f89-1ab2-fc7d6e2ac735,HYD-03,10,0.034,2379,1183
a722966f-1ebe-1f89-1ab2-fc7d6e2ac735,ELEC-04,11,0.074,1756,842
a722966f-1ebe-1f89-1ab2-fc7d6e2ac735,CHS-05,6,0.036,727,1486
e0e58429-d96a-c4e6-d4a5-3200ed0bcd1a,ENG-01,10,0.058,0,4116
e0e58429-d96a-c4e6-d4a5-3200ed0bcd1a,TRN-02,21,0.037,1144,2900
e0e58429-d96a-c4e6-d4a5-3200ed0bcd1a,HYD-03,8,0.029,0,1140
e0e58429-d96a-c4e6-d4a5-3200ed0bcd1a,ELEC-04,20,0.066,2315,832
e0e58429-d96a-c4e6-d4a5-3200ed0bcd1a,CHS-05,20,0.017,0,1412
1be22d77-2e5e-2b66-2370-e021fc240bde,ENG-01,8,0.071,0,4238
1be22d77-2e5e-2b66-2370-e021fc240bde,TRN-02,14,0.042,2920,2803
1be22d77-2e5e-2b66-2370-e021fc240bde,HYD-03,16,0.037,1551,1104
1be22d77-2e5e-2b66-2370-e021fc240bde,ELEC-04,19,0.075,1380,792
1be22d77-2e5e-2b66-2370-e021fc240bde,CHS-05,19,0.047,563,1409
d2c4617c-24e8-3672-05be-b94fec0065f0,ENG-01,12,0.062,0,4151
d2c4617c-24e8-3672-05be-b94fec0065f0,TRN-02,20,0.043,79,2555
d2c4617c-24e8-3672-05be-b94fec0065f0,HYD-03,23,0.038,1648,1071
d2c4617c-24e8-3672-05be-b94fec0065f0,ELEC-04,14,0.044,0,741
d2c4617c-24e8-3672-05be-b94fec0065f0,CHS-05,19,0.044,2222,1356
10587633-755e-2320-0c5e-2a65e201a909,ENG-01,19,0.073,0,4198
10587633-755e-2320-0c5e-2a65e201a909,TRN-02,21,0.051,0,2608
10587633-755e-2320-0c5e-2a65e201a909,HYD-03,11,0.054,0,1135
10587633-755e-2320-0c5e-2a65e201a909,ELEC-04,22,0.048,0,765
10587633-755e-2320-0c5e-2a65e201a909,CHS-05,10,0.025,0,1395
37c564aa-0963-15fc-06bd-eebb2bab9061,ENG-01,6,0.066,640,4536
37c564aa-0963-15fc-06bd-eebb2bab9061,TRN-02,15,0.054,1519,2956
37c564aa-0963-15fc-06bd-eebb2bab9061,HYD-03,3,0.026,0,1234
37c564aa-0963-15fc-06bd-eebb2bab9061,ELEC-04,13,0.062,0,898
37c564aa-0963-15fc-06bd-eebb2bab9061,CHS-05,13,0.029,246,1534
fde1dc39-fbe9-0dff-db32-7df2c5c3c8c7,ENG-01,11,0.081,1640,4137
fde1dc39-fbe9-0dff-db32-7df2c5c3c8c7,TRN-02,13,0.059,17,2803
fde1dc39-fbe9-0dff-db32-7df2c5c3c8c7,HYD-03,10,0.022,99,1084
fde1dc39-fbe9-0dff-db32-7df2c5c3c8c7,ELEC-04,10,0.044,642,839
fde1dc39-fbe9-0dff-db32-7df2c5c3c8c7,CHS-05,14,0.04,0,1412
8b186d6f-4a92-fc95-9bdc-b38d0a119b36,ENG-01,2,0.062,0,4537
8b186d6f-4a92-fc95-9bdc-b38d0a119b36,TRN-02,4,0.035,0,2743
8b186d6f-4a92-fc95-9bdc-b38d0a119b36,HYD-03,16,0.05,0,1189
8b186d6f-4a92-fc95-9bdc-b38d0a119b36,ELEC-04,13,0.075,312,826
8b186d6f-4a92-fc95-9bdc-b38d0a119b36,CHS-05,11,0.015,0,1520
4672db49-e150-148d-c152-af0f947ce9fc,ENG-01,12,0.083,4514,4245
4672db49-e150-148d-c152-af0f947ce9fc,TRN-02,9,0.048,2756,2564
4672db49-e150-148d-c152-af0f947ce9fc,HYD-03,7,0.032,2891,1101
4672db49-e150-148d-c152-af0f947ce9fc,ELEC-04,6,0.047,2550,792
4672db49-e150-148d-c152-af0f947ce9fc,CHS-05,19,0.046,3957,1351
c28d40bf-9dd2-262f-794c-baa73892d84d,ENG-01,19,0.052,2025,4059
c28d40bf-9dd2-262f-794c-baa73892d84d,TRN-02,23,0.054,0,2424
c28d40bf-9dd2-262f-794c-baa73892d84d,HYD-03,21,0.054,0,1053
c28d40bf-9dd2-262f-794c-baa73892d84d,ELEC-04,23,0.057,0,791
c28d40bf-9dd2-262f-794c-baa73892d84d,CHS-05,24,0.031,0,1278
83e3865a-b9f4-391c-5aab-e61a6fef7f9e,ENG-01,12,0.054,1348,4378
83e3865a-b9f4-391c-5aab-e61a6fef7f9e,TRN-02,14,0.066,2028,2706
83e3865a-b9f4-391c-5aab-e61a6fef7f9e,HYD-03,20,0.053,1924,1090
83e3865a-b9f4-391c-5aab-e61a6fef7f9e,ELEC-04,9,0.042,0,781
83e3865a-b9f4-391c-5aab-e61a6fef7f9e,CHS-05,10,0.013,0,1411
02608503-12a9-59d5-6922-d98f214fd8c0,ENG-01,21,0.073,3463,4147
02608503-12a9-59d5-6922-d98f214fd8c0,TRN-02,17,0.044,983,2599
02608503-12a9-59d5-6922-d98f214fd8c0,HYD-03,21,0.046,4225,1047
02608503-12a9-59d5-6922-d98f214fd8c0,ELEC-04,17,0.075,0,760
02608503-12a9-59d5-6922-d98f214fd8c0,CHS-05,13,0.022,1602,1334
3adc32fa-65eb-6ddd-37c8-b25de04b7d95,ENG-01,19,0.074,718,4297
3adc32fa-65eb-6ddd-37c8-b25de04b7d95,TRN-02,18,0.033,2129,3001
3adc32fa-65eb-6ddd-37c8-b25de04b7d95,HYD-03,20,0.039,92,1139
3adc32fa-65eb-6ddd-37c8-b25de04b7d95,ELEC-04,22,0.063,0,827
3adc32fa-65eb-6ddd-37c8-b25de04b7d95,CHS-05,23,0.04,1222,1445
eac51600-8ecd-cc85-db2f-1777640cc9d7,ENG-01,17,0.062,1304,4357
eac51600-8ecd-cc85-db2f-1777640cc9d7,TRN-02,14,0.068,0,2950
eac51600-8ecd-cc85-db2f-1777640cc9d7,HYD-03,23,0.03,264,1131
eac51600-8ecd-cc85-db2f-1777640cc9d7,ELEC-04,19,0.064,920,838
eac51600-8ecd-cc85-db2f-1777640cc9d7,CHS-05,9,0.018,0,1438
9d7ad386-f5f8-74e9-8dd6-13864c068835,ENG-01,10,0.053,0,4404
9d7ad386-f5f8-74e9-8dd6-13864c068835,TRN-02,16,0.069,699,2931
9d7ad386-f5f8-74e9-8dd6-13864c068835,HYD-03,13,0.06,459,1164
9d7ad386-f5f8-74e9-8dd6-13864c068835,ELEC-04,12,0.068,711,832
9d7ad386-f5f8-74e9-8dd6-13864c068835,CHS-05,11,0.014,519,1451
6254ddb2-620a-06cf-565d-17f85029b06f,ENG-01,17,0.06,1924,4391
6254ddb2-620a-06cf-565d-17f85029b06f,TRN-02,20,0.041,2512,2708
6254ddb2-620a-06cf-565d-17f85029b06f,HYD-03,12,0.054,2033,1107
6254ddb2-620a-06cf-565d-17f85029b06f,ELEC-04,8,0.041,1782,803
6254ddb2-620a-06cf-565d-17f85029b06f,CHS-05,20,0.02,0,1449
31738dd1-870a-8934-95b5-b51eafba82fb,ENG-01,14,0.062,0,4307
31738dd1-870a-8934-95b5-b51eafba82fb,TRN-02,15,0.037,0,2477
31738dd1-870a-8934-95b5-b51eafba82fb,HYD-03,22,0.051,0,1105
31738dd1-870a-8934-95b5-b51eafba82fb,ELEC-04,13,0.055,0,791
31738dd1-870a-8934-95b5-b51eafba82fb,CHS-05,8,0.024,0,1450
4f62fd0e-fd85-d0b5-a717-bb062aaad501,ENG-01,16,0.061,410,4179
4f62fd0e-fd85-d0b5-a717-bb062aaad501,TRN-02,7,0.04,0,2764
4f62fd0e-fd85-d0b5-a717-bb062aaad501,HYD-03,20,0.055,388,1072
4f62fd0e-fd85-d0b5-a717-bb062aaad501,ELEC-04,11,0.049,1634,780
4f62fd0e-fd85-d0b5-a717-bb062aaad501,CHS-05,12,0.016,0,1383
f9032bb2-3424-c349-5b23-4d5c19693811,ENG-01,13,0.087,0,4173
f9032bb2-3424-c349-5b23-4d5c19693811,TRN-02,19,0.033,340,2580
f9032bb2-3424-c349-5b23-4d5c19693811,HYD-03,20,0.025,1275,1042
f9032bb2-3424-c349-5b23-4d5c19693811,ELEC-04,16,0.046,531,734
f9032bb2-3424-c349-5b23-4d5c19693811,CHS-05,17,0.035,757,1407
701db88b-5bdb-0274-5f54-74d4e78ef94b,ENG-01,11,0.066,1986,4109
701db88b-5bdb-0274-5f54-74d4e78ef94b,TRN-02,23,0.045,0,2721
701db88b-5bdb-0274-5f54-74d4e78ef94b,HYD-03,20,0.041,1905,1057
701db88b-5bdb-0274-5f54-74d4e78ef94b,ELEC-04,13,0.048,0,773
701db88b-5bdb-0274-5f54-74d4e78ef94b,CHS-05,25,0.022,780,1349
4285a45a-76a1-22d8-a196-92e2968ace50,ENG-01,15,0.071,918,4276
4285a45a-76a1-22d8-a196-92e2968ace50,TRN-02,7,0.048,757,2794
4285a45a-76a1-22d8-a196-92e2968ace50,HYD-03,14,0.039,0,1082
4285a45a-76a1-22d8-a196-92e2968ace50,ELEC-04,10,0.077,2621,791
4285a45a-76a1-22d8-a196-92e2968ace50,CHS-05,14,0.037,309,1376
60b5b019-3b49-5a68-70c7-700e7cacc802,ENG-01,16,0.08,1135,4278
60b5b019-3b49-5a68-70c7-700e7cacc802,TRN-02,17,0.052,0,2911
60b5b019-3b49-5a68-70c7-700e7cacc802,HYD-03,18,0.058,0,1120
60b5b019-3b49-5a68-70c7-700e7cacc802,ELEC-04,14,0.064,1357,857
60b5b019-3b49-5a68-70c7-700e7cacc802,CHS-05,14,0.043,1298,1475
c07e8043-9190-efc2-0859-e00100c606d0,ENG-01,11,0.062,407,4217
c07e8043-9190-efc2-0859-e00100c606d0,TRN-02,17,0.064,2986,2599
c07e8043-9190-efc2-0859-e00100c606d0,HYD-03,19,0.059,0,1095
c07e8043-9190-efc2-0859-e00100c606d0,ELEC-04,22,0.049,0,755
c07e8043-9190-efc2-0859-e00100c606d0,CHS-05,12,0.012,1251,1397
84de0cdb-5d30-baba-6ac8-9018555d6e07,ENG-01,10,0.081,3661,4399
84de0cdb-5d30-baba-6ac8-9018555d6e07,TRN-02,14,0.07,4724,2637
84de0cdb-5d30-baba-6ac8-9018555d6e07,HYD-03,19,0.027,3572,1171
84de0cdb-5d30-baba-6ac8-9018555d6e07,ELEC-04,12,0.076,2733,783
84de0cdb-5d30-baba-6ac8-9018555d6e07,CHS-05,12,0.018,3045,1401
080b22fc-559a-be5c-7bb5-92e493162ba4,ENG-01,2,0.07,4544,4478
080b22fc-559a-be5c-7bb5-92e493162ba4,TRN-02,13,0.064,0,2687
080b22fc-559a-be5c-7bb5-92e493162ba4,HYD-03,15,0.052,0,1145
080b22fc-559a-be5c-7bb5-92e493162ba4,ELEC-04,4,0.057,0,865
080b22fc-559a-be5c-7bb5-92e493162ba4,CHS-05,3,0.034,0,1497
a8697aea-b1cf-84d3-9387-8276558b814d,ENG-01,20,0.058,0,4312
a8697aea-b1cf-84d3-9387-8276558b814d,TRN-02,15,0.042,0,2865
a8697aea-b1cf-84d3-9387-8276558b814d,HYD-03,10,0.041,0,1106
a8697aea-b1cf-84d3-9387-8276558b814d,ELEC-04,13,0.076,2735,786
a8697aea-b1cf-84d3-9387-8276558b814d,CHS-05,15,0.028,0,1474
14407c18-bcd1-42bd-ee7f-983525e07949,ENG-01,11,0.056,0,4290
14407c18-bcd1-42bd-ee7f-983525e07949,TRN-02,20,0.034,4520,2755
14407c18-bcd1-42bd-ee7f-983525e07949,HYD-03,23,0.039,4234,1150
14407c18-bcd1-42bd-ee7f-983525e07949,ELEC-04,13,0.074,4367,786
14407c18-bcd1-42bd-ee7f-983525e07949,CHS-05,15,0.02,0,1465
90304cdc-9eff-2ba5-98d5-77318f2f96b6,ENG-01,18,0.078,0,4093
90304cdc-9eff-2ba5-98d5-77318f2f96b6,TRN-02,13,0.067,503,2828
90304cdc-9eff-2ba5-98d5-77318f2f96b6,HYD-03,6,0.044,155,1115
90304cdc-9eff-2ba5-98d5-77318f2f96b6,ELEC-04,11,0.056,0,794
90304cdc-9eff-2ba5-98d5-77318f2f96b6,CHS-05,15,0.033,314,1350
1dcfb8de-2b75-73cb-3e8b-ce9ef6023e28,ENG-01,17,0.057,0,4722
1dcfb8de-2b75-73cb-3e8b-ce9ef6023e28,TRN-02,15,0.064,1680,2741
1dcfb8de-2b75-73cb-3e8b-ce9ef6023e28,HYD-03,10,0.021,700,1147
1dcfb8de-2b75-73cb-3e8b-ce9ef6023e28,ELEC-04,12,0.066,774,814
1dcfb8de-2b75-73cb-3e8b-ce9ef6023e28,CHS-05,9,0.049,182,1429
a04fdbf2-a8a2-120b-52f2-4ce6fdeed1cd,ENG-01,21,0.053,318,4415
a04fdbf2-a8a2-120b-52f2-4ce6fdeed1cd,TRN-02,17,0.066,6,2955
a04fdbf2-a8a2-120b-52f2-4ce6fdeed1cd,HYD-03,10,0.055,0,1172
a04fdbf2-a8a2-120b-52f2-4ce6fdeed1cd,ELEC-04,20,0.042,615,871
a04fdbf2-a8a2-120b-52f2-4ce6fdeed1cd,CHS-05,11,0.034,335,1472
fcdc256c-ef70-e375-edb6-5b6eae2a3332,ENG-01,18,0.089,0,4320
fcdc256c-ef70-e375-edb6-5b6eae2a3332,TRN-02,6,0.046,0,2547
fcdc256c-ef70-e375-edb6-5b6eae2a3332,HYD-03,6,0.045,0,1139
fcdc256c-ef70-e375-edb6-5b6eae2a3332,ELEC-04,11,0.042,0,767
fcdc256c-ef70-e375-edb6-5b6eae2a3332,CHS-05,11,0.02,0,1374
5bac826a-4fa6-0316-56cb-5d31e2c5a102,ENG-01,20,0.05,845,4277
5bac826a-4fa6-0316-56cb-5d31e2c5a102,TRN-02,22,0.034,1372,2967
5bac826a-4fa6-0316-56cb-5d31e2c5a102,HYD-03,20,0.052,0,1146
5bac826a-4fa6-0316-56cb-5d31e2c5a102,ELEC-04,12,0.077,0,879
5bac826a-4fa6-0316-56cb-5d31e2c5a102,CHS-05,11,0.034,313,1485
860bb726-cb87-1341-77ae-c5be0626f87b,ENG-01,12,0.071,358,4246
860bb726-cb87-1341-77ae-c5be0626f87b,TRN-02,11,0.066,1246,2781
860bb726-cb87-1341-77ae-c5be0626f87b,HYD-03,21,0.039,0,1116
860bb726-cb87-1341-77ae-c5be0626f87b,ELEC-04,14,0.047,0,823
860bb726-cb87-1341-77ae-c5be0626f87b,CHS-05,21,0.018,0,1463
d868f25b-2c54-37d8-6a36-0fadd9afc521,ENG-01,9,0.059,720,4739
d868f25b-2c54-37d8-6a36-0fadd9afc521,TRN-02,10,0.068,3209,3031
d868f25b-2c54-37d8-6a36-0fadd9afc521,HYD-03,14,0.05,628,1161
d868f25b-2c54-37d8-6a36-0fadd9afc521,ELEC-04,15,0.079,3042,832
d868f25b-2c54-37d8-6a36-0fadd9afc521,CHS-05,12,0.039,3279,1535
d46c80ed-0d78-e28f-f38c-89ae122759ea,ENG-01,22,0.075,515,4542
d46c80ed-0d78-e28f-f38c-89ae122759ea,TRN-02,18,0.063,3442,2871
d46c80ed-0d78-e28f-f38c-89ae122759ea,HYD-03,16,0.043,2554,1113
d46c80ed-0d78-e28f-f38c-89ae122759ea,ELEC-04,17,0.056,3151,830
d46c80ed-0d78-e28f-f38c-89ae122759ea,CHS-05,18,0.038,3502,1433
2fe93683-aafc-fd9d-46d7-ada9a577cf06,ENG-01,13,0.056,1859,4243
2fe93683-aafc-fd9d-46d7-ada9a577cf06,TRN-02,19,0.055,3406,2886
2fe93683-aafc-fd9d-46d7-ada9a577cf06,HYD-03,16,0.03,0,1128
2fe93683-aafc-fd9d-46d7-ada9a577cf06,ELEC-04,22,0.052,0,807
2fe93683-aafc-fd9d-46d7-ada9a577cf06,CHS-05,12,0.041,0,1465
f6eaf7b5-d016-13aa-eeb7-a56e88a1bb5b,ENG-01,25,0.07,0,4081
f6eaf7b5-d016-13aa-eeb7-a56e88a1bb5b,TRN-02,16,0.047,920,2750
f6eaf7b5-d016-13aa-eeb7-a56e88a1bb5b,HYD-03,21,0.058,0,1093
f6eaf7b5-d016-13aa-eeb7-a56e88a1bb5b,ELEC-04,13,0.071,1789,833
f6eaf7b5-d016-13aa-eeb7-a56e88a1bb5b,CHS-05,22,0.039,1838,1363
7ec2f9f9-e7c4-4d90-2172-59a61e78bf8a,ENG-01,19,0.05,0,4296
7ec2f9f9-e7c4-4d90-2172-59a61e78bf8a,TRN-02,13,0.051,0,2653
7ec2f9f9-e7c4-4d90-2172-59a61e78bf8a,HYD-03,16,0.034,1569,1112
7ec2f9f9-e7c4-4d90-2172-59a61e78bf8a,ELEC-04,19,0.051,0,798
7ec2f9f9-e7c4-4d90-2172-59a61e78bf8a,CHS-05,13,0.013,0,1419
5baee02b-8f19-7ce6-2441-1369d3ec762a,ENG-01,13,0.061,743,4419
5baee02b-8f19-7ce6-2441-1369d3ec762a,TRN-02,20,0.038,0,3020
5baee02b-8f19-7ce6-2441-1369d3ec762a,HYD-03,17,0.044,761,1148
5baee02b-8f19-7ce6-2441-1369d3ec762a,ELEC-04,19,0.055,410,874
5baee02b-8f19-7ce6-2441-1369d3ec762a,CHS-05,10,0.034,1812,1375
97ce78a8-eb0b-3833-fcf1-9757e8cf15d2,ENG-01,13,0.069,1868,4558
97ce78a8-eb0b-3833-fcf1-9757e8cf15d2,TRN-02,14,0.045,0,3025
97ce78a8-eb0b-3833-fcf1-9757e8cf15d2,HYD-03,3,0.036,727,1197
97ce78a8-eb0b-3833-fcf1-9757e8cf15d2,ELEC-04,8,0.047,0,870
97ce78a8-eb0b-3833-fcf1-9757e8cf15d2,CHS-05,15,0.041,986,1563
b0381ff9-3400-e473-1634-a790b30f43cf,ENG-01,16,0.054,1236,4632
b0381ff9-3400-e473-1634-a790b30f43cf,TRN-02,2,0.062,1085,2947
b0381ff9-3400-e473-1634-a790b30f43cf,HYD-03,2,0.031,0,1143
b0381ff9-3400-e473-1634-a790b30f43cf,ELEC-04,5,0.04,918,848
b0381ff9-3400-e473-1634-a790b30f43cf,CHS-05,10,0.046,1121,1561
0e828089-ecef-76e9-8da9-a58ee248982d,ENG-01,20,0.07,1111,4347
0e828089-ecef-76e9-8da9-a58ee248982d,TRN-02,20,0.043,1090,2847
0e828089-ecef-76e9-8da9-a58ee248982d,HYD-03,22,0.022,3587,1144
0e828089-ecef-76e9-8da9-a58ee248982d,ELEC-04,21,0.079,2001,827
0e828089-ecef-76e9-8da9-a58ee248982d,CHS-05,13,0.011,0,1401
553cc61d-25d5-5ec8-0edd-1b661b1429cd,ENG-01,4,0.076,0,4508
553cc61d-25d5-5ec8-0edd-1b661b1429cd,TRN-02,12,0.033,0,2799
553cc61d-25d5-5ec8-0edd-1b661b1429cd,HYD-03,11,0.047,0,1166
553cc61d-25d5-5ec8-0edd-1b661b1429cd,ELEC-04,16,0.063,0,860
553cc61d-25d5-5ec8-0edd-1b661b1429cd,CHS-05,10,0.021,0,1484
9ebfafdc-312a-0d3f-e96b-becf2a9641d2,ENG-01,11,0.073,425,4165
9ebfafdc-312a-0d3f-e96b-becf2a9641d2,TRN-02,11,0.065,830,2791
9ebfafdc-312a-0d3f-e96b-becf2a9641d2,HYD-03,17,0.035,0,1072
9ebfafdc-312a-0d3f-e96b-becf2a9641d2,ELEC-04,8,0.073,2536,795
9ebfafdc-312a-0d3f-e96b-becf2a9641d2,CHS-05,12,0.019,0,1402
db268a90-6a83-3e48-0d4d-3e6a2e2be57a,ENG-01,6,0.082,1176,4149
db268a90-6a83-3e48-0d4d-3e6a2e2be57a,TRN-02,7,0.062,1293,2730
db268a90-6a83-3e48-0d4d-3e6a2e2be57a,HYD-03,19,0.044,808,1085
db268a90-6a83-3e48-0d4d-3e6a2e2be57a,ELEC-04,9,0.078,2655,805
db268a90-6a83-3e48-0d4d-3e6a2e2be57a,CHS-05,17,0.05,2310,1383
8a09fddd-152a-9639-8012-ef5be80f1f83,ENG-01,15,0.08,0,4538
8a09fddd-152a-9639-8012-ef5be80f1f83,TRN-02,20,0.047,971,2792
8a09fddd-152a-9639-8012-ef5be80f1f83,HYD-03,15,0.06,1423,1122
8a09fddd-152a-9639-8012-ef5be80f1f83,ELEC-04,13,0.077,1038,811
8a09fddd-152a-9639-8012-ef5be80f1f83,CHS-05,14,0.039,103,1499
c0d3abb5-274c-5466-9a9b-87eddb42f0bb,ENG-01,8,0.068,0,4310
c0d3abb5-274c-5466-9a9b-87eddb42f0bb,TRN-02,4,0.053,0,2967
c0d3abb5-274c-5466-9a9b-87eddb42f0bb,HYD-03,5,0.031,0,1182
c0d3abb5-274c-5466-9a9b-87eddb42f0bb,ELEC-04,11,0.076,0,884
c0d3abb5-274c-5466-9a9b-87eddb42f0bb,CHS-05,9,0.046,0,1486
acc24416-9068-4070-c2ec-0b34a3186071,ENG-01,12,0.054,0,4363
acc24416-9068-4070-c2ec-0b34a3186071,TRN-02,7,0.068,0,2700
acc24416-9068-4070-c2ec-0b34a3186071,HYD-03,16,0.025,0,1076
acc24416-9068-4070-c2ec-0b34a3186071,ELEC-04,16,0.047,0,793
acc24416-9068-4070-c2ec-0b34a3186071,CHS-05,12,0.036,446,1438
d0e846f0-d9f4-e96a-1834-2b4dcc0f9324,ENG-01,11,0.065,652,4188
d0e846f0-d9f4-e96a-1834-2b4dcc0f9324,TRN-02,12,0.068,0,2844
d0e846f0-d9f4-e96a-1834-2b4dcc0f9324,HYD-03,11,0.052,0,1112
d0e846f0-d9f4-e96a-1834-2b4dcc0f9324,ELEC-04,8,0.047,443,843
d0e846f0-d9f4-e96a-1834-2b4dcc0f9324,CHS-05,12,0.045,671,1404
ac27233e-1715-4948-d0dc-399c76803f7e,ENG-01,12,0.068,0,4812
ac27233e-1715-4948-d0dc-399c76803f7e,TRN-02,15,0.063,0,2725
ac27233e-1715-4948-d0dc-399c76803f7e,HYD-03,11,0.043,185,1179
ac27233e-1715-4948-d0dc-399c76803f7e,ELEC-04,16,0.049,0,877
ac27233e-1715-4948-d0dc-399c76803f7e,CHS-05,16,0.03,0,1513
e9d17968-6860-eb8f-5455-81fe5693c6e6,ENG-01,13,0.063,1105,4139
e9d17968-6860-eb8f-5455-81fe5693c6e6,TRN-02,8,0.05,1270,2776
e9d17968-6860-eb8f-5455-81fe5693c6e6,HYD-03,15,0.04,1267,1125
e9d17968-6860-eb8f-5455-81fe5693c6e6,ELEC-04,18,0.079,1533,870
e9d17968-6860-eb8f-5455-81fe5693c6e6,CHS-05,9,0.027,485,1436
c00c2a31-4797-59c8-f1b3-4c8b7cc9f629,ENG-01,19,0.06,279,4137
c00c2a31-4797-59c8-f1b3-4c8b7cc9f629,TRN-02,16,0.058,1246,2937
c00c2a31-4797-59c8-f1b3-4c8b7cc9f629,HYD-03,16,0.024,793,1066
c00c2a31-4797-59c8-f1b3-4c8b7cc9f629,ELEC-04,6,0.076,0,807
c00c2a31-4797-59c8-f1b3-4c8b7cc9f629,CHS-05,8,0.011,855,1393
3f52ca78-b4f9-014b-1f73-f6cdf095d95d,ENG-01,12,0.086,1320,4648
3f52ca78-b4f9-014b-1f73-f6cdf095d95d,TRN-02,8,0.034,0,2917
3f52ca78-b4f9-014b-1f73-f6cdf095d95d,HYD-03,10,0.027,2415,1129
3f52ca78-b4f9-014b-1f73-f6cdf095d95d,ELEC-04,16,0.07,0,848
3f52ca78-b4f9-014b-1f73-f6cdf095d95d,CHS-05,6,0.029,330,1515
92f549e7-ae5c-83f5-101f-73cf485041a9,ENG-01,13,0.076,2933,4311
92f549e7-ae5c-83f5-101f-73cf485041a9,TRN-02,6,0.039,4850,2515
92f549e7-ae5c-83f5-101f-73cf485041a9,HYD-03,20,0.025,5036,1144
92f549e7-ae5c-83f5-101f-73cf485041a9,ELEC-04,18,0.064,5776,794
92f549e7-ae5c-83f5-101f-73cf485041a9,CHS-05,17,0.018,5152,1395
c4f673bc-4e79-0204-985a-4d4d82383c7d,ENG-01,3,0.083,0,4502
c4f673bc-4e79-0204-985a-4d4d82383c7d,TRN-02,16,0.044,610,2824
c4f673bc-4e79-0204-985a-4d4d82383c7d,HYD-03,11,0.035,674,1173
c4f673bc-4e79-0204-985a-4d4d82383c7d,ELEC-04,11,0.045,21,873
c4f673bc-4e79-0204-985a-4d4d82383c7d,CHS-05,10,0.031,563,1446
8dbb7452-d5ad-313a-0591-ebfa74e209a8,ENG-01,11,0.061,1724,3978
8dbb7452-d5ad-313a-0591-ebfa74e209a8,TRN-02,16,0.039,202,2791
8dbb7452-d5ad-313a-0591-ebfa74e209a8,HYD-03,7,0.025,417,1130
8dbb7452-d5ad-313a-0591-ebfa74e209a8,ELEC-04,17,0.074,3275,766
8dbb7452-d5ad-313a-0591-ebfa74e209a8,CHS-05,13,0.013,965,1389
7a0da7a3-91fd-eb53-5328-9a4e09cd964a,ENG-01,10,0.058,0,4365
7a0da7a3-91fd-eb53-5328-9a4e09cd964a,TRN-02,9,0.033,0,3052
7a0da7a3-91fd-eb53-5328-9a4e09cd964a,HYD-03,3,0.034,0,1152
7a0da7a3-91fd-eb53-5328-9a4e09cd964a,ELEC-04,4,0.074,0,910
7a0da7a3-91fd-eb53-5328-9a4e09cd964a,CHS-05,2,0.028,0,1543
aaf70be1-f24d-863a-3539-3b126ee3bd11,ENG-01,20,0.069,0,4277
aaf70be1-f24d-863a-3539-3b126ee3bd11,TRN-02,11,0.069,969,2993
aaf70be1-f24d-863a-3539-3b126ee3bd11,HYD-03,14,0.043,311,1178
aaf70be1-f24d-863a-3539-3b126ee3bd11,ELEC-04,11,0.044,0,849
aaf70be1-f24d-863a-3539-3b126ee3bd11,CHS-05,9,0.02,0,1447
a6c2c2fd-75d6-0acf-0edd-f49a048dc4d8,ENG-01,13,0.053,0,4104
a6c2c2fd-75d6-0acf-0edd-f49a048dc4d8,TRN-02,21,0.041,347,2758
a6c2c2fd-75d6-0acf-0edd-f49a048dc4d8,HYD-03,20,0.059,223,1077
a6c2c2fd-75d6-0acf-0edd-f49a048dc4d8,ELEC-04,11,0.056,87,803
a6c2c2fd-75d6-0acf-0edd-f49a048dc4d8,CHS-05,23,0.016,510,1379
7e2f4b0e-49e7-c327-23c4-f17dd7b0cdbe,ENG-01,22,0.086,795,4155
7e2f4b0e-49e7-c327-23c4-f17dd7b0cdbe,TRN-02,16,0.04,0,2695
7e2f4b0e-49e7-c327-23c4-f17dd7b0cdbe,HYD-03,12,0.051,560,1068
7e2f4b0e-49e7-c327-23c4-f17dd7b0cdbe,ELEC-04,12,0.043,0,789
7e2f4b0e-49e7-c327-23c4-f17dd7b0cdbe,CHS-05,25,0.024,0,1359
1e1f1ba8-873f-f96b-77b8-c5c144553d1c,ENG-01,16,0.063,0,4525
1e1f1ba8-873f-f96b-77b8-c5c144553d1c,TRN-02,14,0.032,602,2707
1e1f1ba8-873f-f96b-77b8-c5c144553d1c,HYD-03,20,0.036,1533,1091
1e1f1ba8-873f-f96b-77b8-c5c144553d1c,ELEC-04,21,0.049,806,776
1e1f1ba8-873f-f96b-77b8-c5c144553d1c,CHS-05,15,0.021,1010,1401
250ad75c-e401-f883-c9e6-d7ab20b5ac90,ENG-01,4,0.07,396,4438
250ad75c-e401-f883-c9e6-d7ab20b5ac90,TRN-02,8,0.061,609,2988
250ad75c-e401-f883-c9e6-d7ab20b5ac90,HYD-03,4,0.042,2737,1167
250ad75c-e401-f883-c9e6-d7ab20b5ac90,ELEC-04,10,0.066,0,872
250ad75c-e401-f883-c9e6-d7ab20b5ac90,CHS-05,12,0.033,2887,1459
6ddb0dff-0e13-9ff1-a5a4-46119d50befa,ENG-01,19,0.081,0,4267
6ddb0dff-0e13-9ff1-a5a4-46119d50befa,TRN-02,13,0.051,1368,2880
6ddb0dff-0e13-9ff1-a5a4-46119d50befa,HYD-03,15,0.057,966,1078
6ddb0dff-0e13-9ff1-a5a4-46119d50befa,ELEC-04,13,0.069,1377,797
6ddb0dff-0e13-9ff1-a5a4-46119d50befa,CHS-05,9,0.045,192,1411
752c0e54-97ca-6cd9-da22-48703f160901,ENG-01,11,0.055,788,4523
752c0e54-97ca-6cd9-da22-48703f160901,TRN-02,15,0.057,0,3042
752c0e54-97ca-6cd9-da22-48703f160901,HYD-03,13,0.037,0,1158
752c0e54-97ca-6cd9-da22-48703f160901,ELEC-04,3,0.074,0,862
752c0e54-97ca-6cd9-da22-48703f160901,CHS-05,6,0.021,0,1464
b87910a3-f48b-ce47-f6b5-6b07a74cf596,ENG-01,15,0.074,2298,4196
b87910a3-f48b-ce47-f6b5-6b07a74cf596,TRN-02,3,0.063,660,3136
b87910a3-f48b-ce47-f6b5-6b07a74cf596,HYD-03,3,0.036,1101,1178
b87910a3-f48b-ce47-f6b5-6b07a74cf596,ELEC-04,5,0.047,867,855
b87910a3-f48b-ce47-f6b5-6b07a74cf596,CHS-05,8,0.02,600,1514
5d68d5c3-16f3-b34f-f27e-30d3d58858f9,ENG-01,10,0.082,0,4141
5d68d5c3-16f3-b34f-f27e-30d3d58858f9,TRN-02,13,0.067,0,2806
5d68d5c3-16f3-b34f-f27e-30d3d58858f9,HYD-03,14,0.025,0,1117
5d68d5c3-16f3-b34f-f27e-30d3d58858f9,ELEC-04,8,0.057,0,861
5d68d5c3-16f3-b34f-f27e-30d3d58858f9,CHS-05,17,0.029,0,1434
9de75ce9-d932-f08c-8254-dab42195111d,ENG-01,16,0.061,1331,4439
9de75ce9-d932-f08c-8254-dab42195111d,TRN-02,8,0.062,0,3051
9de75ce9-d932-f08c-8254-dab42195111d,HYD-03,9,0.055,655,1209
9de75ce9-d932-f08c-8254-dab42195111d,ELEC-04,10,0.058,2915,881
9de75ce9-d932-f08c-8254-dab42195111d,CHS-05,9,0.018,654,1482
63b42f6d-ac8f-a3f4-8ae6-56e7edc04df1,ENG-01,10,0.076,0,4395
63b42f6d-ac8f-a3f4-8ae6-56e7edc04df1,TRN-02,12,0.038,344,2795
63b42f6d-ac8f-a3f4-8ae6-56e7edc04df1,HYD-03,19,0.022,0,1088
63b42f6d-ac8f-a3f4-8ae6-56e7edc04df1,ELEC-04,10,0.066,258,792
63b42f6d-ac8f-a3f4-8ae6-56e7edc04df1,CHS-05,15,0.032,0,1446
26f77097-9032-18a6-9cad-435fb0f7984b,ENG-01,18,0.053,358,4160
26f77097-9032-18a6-9cad-435fb0f7984b,TRN-02,20,0.046,935,2523
26f77097-9032-18a6-9cad-435fb0f7984b,HYD-03,15,0.043,767,1123
26f77097-9032-18a6-9cad-435fb0f7984b,ELEC-04,13,0.066,0,764
26f77097-9032-18a6-9cad-435fb0f7984b,CHS-05,23,0.016,970,1361
0b95b67e-fb5c-2ccd-6248-b87b8c3e8ba9,ENG-01,15,0.059,1230,4174
0b95b67e-fb5c-2ccd-6248-b87b8c3e8ba9,TRN-02,23,0.06,0,2659
0b95b67e-fb5c-2ccd-6248-b87b8c3e8ba9,HYD-03,24,0.023,348,1043
0b95b67e-fb5c-2ccd-6248-b87b8c3e8ba9,ELEC-04,21,0.063,1870,763
0b95b67e-fb5c-2ccd-6248-b87b8c3e8ba9,CHS-05,19,0.048,4290,1357
ad52a2f6-678d-831b-76f4-79d60c5faa10,ENG-01,11,0.058,793,4351
ad52a2f6-678d-831b-76f4-79d60c5faa10,TRN-02,9,0.044,322,2959
ad52a2f6-678d-831b-76f4-79d60c5faa10,HYD-03,15,0.044,0,1103
ad52a2f6-678d-831b-76f4-79d60c5faa10,ELEC-04,20,0.053,955,842
ad52a2f6-678d-831b-76f4-79d60c5faa10,CHS-05,23,0.015,104,1461
bf2c9e93-2c78-0330-8a2b-2a1300d2f91a,ENG-01,8,0.086,319,4476
bf2c9e93-2c78-0330-8a2b-2a1300d2f91a,TRN-02,5,0.053,1306,2926
bf2c9e93-2c78-0330-8a2b-2a1300d2f91a,HYD-03,10,0.038,702,1159
bf2c9e93-2c78-0330-8a2b-2a1300d2f91a,ELEC-04,6,0.048,1137,857
bf2c9e93-2c78-0330-8a2b-2a1300d2f91a,CHS-05,7,0.046,309,1475
a99ba33d-1fb1-b48c-9b0d-434c8a8c01f4,ENG-01,19,0.059,2231,4573
a99ba33d-1fb1-b48c-9b0d-434c8a8c01f4,TRN-02,8,0.035,460,2705
a99ba33d-1fb1-b48c-9b0d-434c8a8c01f4,HYD-03,12,0.038,365,1102
a99ba33d-1fb1-b48c-9b0d-434c8a8c01f4,ELEC-04,21,0.052,1049,782
a99ba33d-1fb1-b48c-9b0d-434c8a8c01f4,CHS-05,8,0.035,0,1482
06b24178-af0d-3e91-f461-6dfb098689aa,ENG-01,20,0.066,506,4389
06b24178-af0d-3e91-f461-6dfb098689aa,TRN-02,18,0.058,360,2722
06b24178-af0d-3e91-f461-6dfb098689aa,HYD-03,22,0.041,1471,1127
06b24178-af0d-3e91-f461-6dfb098689aa,ELEC-04,14,0.078,205,824
06b24178-af0d-3e91-f461-6dfb098689aa,CHS-05,23,0.037,0,1520
360ec726-9d4e-fa97-2973-d4a625605706,ENG-01,10,0.058,598,4481
360ec726-9d4e-fa97-2973-d4a625605706,TRN-02,11,0.034,334,3136
360ec726-9d4e-fa97-2973-d4a625605706,HYD-03,4,0.06,0,1160
360ec726-9d4e-fa97-2973-d4a625605706,ELEC-04,13,0.042,0,853
360ec726-9d4e-fa97-2973-d4a625605706,CHS-05,13,0.012,992,1500
70828b7b-bbef-09b0-105d-d6ae00065def,ENG-01,3,0.073,1413,4450
70828b7b-bbef-09b0-105d-d6ae00065def,TRN-02,12,0.035,0,3100
70828b7b-bbef-09b0-105d-d6ae00065def,HYD-03,3,0.027,2195,1188
70828b7b-bbef-09b0-105d-d6ae00065def,ELEC-04,5,0.074,195,914
70828b7b-bbef-09b0-105d-d6ae00065def,CHS-05,11,0.031,0,1486
da25be6d-c720-b355-4053-9c24c85b67a1,ENG-01,21,0.059,0,4213
da25be6d-c720-b355-4053-9c24c85b67a1,TRN-02,20,0.048,0,2650
da25be6d-c720-b355-4053-9c24c85b67a1,HYD-03,16,0.057,650,1060
da25be6d-c720-b355-4053-9c24c85b67a1,ELEC-04,24,0.073,171,745
da25be6d-c720-b355-4053-9c24c85b67a1,CHS-05,12,0.04,1216,1365
65a4c11c-b533-298e-94e6-cc0e2a861589,ENG-01,13,0.05,0,4393
65a4c11c-b533-298e-94e6-cc0e2a861589,TRN-02,15,0.042,0,2549
65a4c11c-b533-298e-94e6-cc0e2a861589,HYD-03,14,0.056,0,1097
65a4c11c-b533-298e-94e6-cc0e2a861589,ELEC-04,18,0.07,0,823
65a4c11c-b533-298e-94e6-cc0e2a861589,CHS-05,18,0.02,0,1423
1fe45c03-3305-3355-aba3-6ca03833d947,ENG-01,25,0.075,0,3973
1fe45c03-3305-3355-aba3-6ca03833d947,TRN-02,19,0.044,0,2869
1fe45c03-3305-3355-aba3-6ca03833d947,HYD-03,17,0.054,0,1042
1fe45c03-3305-3355-aba3-6ca03833d947,ELEC-04,17,0.057,1155,794
1fe45c03-3305-3355-aba3-6ca03833d947,CHS-05,25,0.013,1000,1351
55e13c5e-1642-210b-8b6c-9c574817d79d,ENG-01,7,0.061,529,4298
55e13c5e-1642-210b-8b6c-9c574817d79d,TRN-02,9,0.037,304,2711
55e13c5e-1642-210b-8b6c-9c574817d79d,HYD-03,18,0.036,0,1073
55e13c5e-1642-210b-8b6c-9c574817d79d,ELEC-04,10,0.047,1409,794
55e13c5e-1642-210b-8b6c-9c574817d79d,CHS-05,14,0.033,1061,1392
7c44cd63-9b2f-e38a-ca7c-d8043140c50c,ENG-01,11,0.085,0,4627
7c44cd63-9b2f-e38a-ca7c-d8043140c50c,TRN-02,3,0.041,1512,2762
7c44cd63-9b2f-e38a-ca7c-d8043140c50c,HYD-03,11,0.024,1558,1224
7c44cd63-9b2f-e38a-ca7c-d8043140c50c,ELEC-04,5,0.042,277,829
7c44cd63-9b2f-e38a-ca7c-d8043140c50c,CHS-05,11,0.023,2454,1493
64a10e2a-84b6-827f-ff4d-9ac06cb8bc08,ENG-01,20,0.063,384,4473
64a10e2a-84b6-827f-ff4d-9ac06cb8bc08,TRN-02,17,0.055,3605,2961
64a10e2a-84b6-827f-ff4d-9ac06cb8bc08,HYD-03,8,0.046,0,1136
64a10e2a-84b6-827f-ff4d-9ac06cb8bc08,ELEC-04,21,0.08,2556,810
64a10e2a-84b6-827f-ff4d-9ac06cb8bc08,CHS-05,18,0.037,1795,1422
1fe85b6f-ee4a-4535-e1d1-a2d8ba4b7205,ENG-01,6,0.071,853,4137
1fe85b6f-ee4a-4535-e1d1-a2d8ba4b7205,TRN-02,17,0.03,2299,2810
1fe85b6f-ee4a-4535-e1d1-a2d8ba4b7205,HYD-03,8,0.035,405,1133
1fe85b6f-ee4a-4535-e1d1-a2d8ba4b7205,ELEC-04,9,0.055,0,831
1fe85b6f-ee4a-4535-e1d1-a2d8ba4b7205,CHS-05,7,0.043,1256,1373
c99062ec-a5f9-1d1c-cd33-446d621a920a,ENG-01,17,0.087,1664,4196
c99062ec-a5f9-1d1c-cd33-446d621a920a,TRN-02,7,0.055,0,2667
c99062ec-a5f9-1d1c-cd33-446d621a920a,HYD-03,17,0.028,2007,1048
c99062ec-a5f9-1d1c-cd33-446d621a920a,ELEC-04,13,0.048,1908,736
c99062ec-a5f9-1d1c-cd33-446d621a920a,CHS-05,20,0.027,1987,1370
fbee71fd-af6c-00d1-1d4a-573b46685faa,ENG-01,13,0.067,2707,4400
fbee71fd-af6c-00d1-1d4a-573b46685faa,TRN-02,11,0.047,741,2846
fbee71fd-af6c-00d1-1d4a-573b46685faa,HYD-03,23,0.036,1027,1161
fbee71fd-af6c-00d1-1d4a-573b46685faa,ELEC-04,22,0.065,683,804
fbee71fd-af6c-00d1-1d4a-573b46685faa,CHS-05,12,0.039,565,1461
3e3f398a-80ba-984d-0d8e-4a0bfab60985,ENG-01,19,0.078,16,4216
3e3f398a-80ba-984d-0d8e-4a0bfab60985,TRN-02,9,0.056,762,2860
3e3f398a-80ba-984d-0d8e-4a0bfab60985,HYD-03,13,0.045,0,1091
3e3f398a-80ba-984d-0d8e-4a0bfab60985,ELEC-04,14,0.041,759,841
3e3f398a-80ba-984d-0d8e-4a0bfab60985,CHS-05,11,0.021,3010,1363
130fd363-72fa-4657-572c-19717f2ece02,ENG-01,18,0.074,0,4112
130fd363-72fa-4657-572c-19717f2ece02,TRN-02,6,0.06,366,2817
130fd363-72fa-4657-572c-19717f2ece02,HYD-03,10,0.052,0,1060
130fd363-72fa-4657-572c-19717f2ece02,ELEC-04,10,0.067,67,821
130fd363-72fa-4657-572c-19717f2ece02,CHS-05,14,0.021,0,1376
dc761287-ba87-23ca-e368-54ed80ffd7c0,ENG-01,14,0.088,0,4648
dc761287-ba87-23ca-e368-54ed80ffd7c0,TRN-02,7,0.062,1364,3081
dc761287-ba87-23ca-e368-54ed80ffd7c0,HYD-03,15,0.039,21,1156
dc761287-ba87-23ca-e368-54ed80ffd7c0,ELEC-04,2,0.073,1001,836
dc761287-ba87-23ca-e368-54ed80ffd7c0,CHS-05,14,0.031,0,1503
76b041c8-d024-4890-0124-074cf88d8f82,ENG-01,21,0.068,2549,4366
76b041c8-d024-4890-0124-074cf88d8f82,TRN-02,8,0.056,0,2891
76b041c8-d024-4890-0124-074cf88d8f82,HYD-03,22,0.052,0,1113
76b041c8-d024-4890-0124-074cf88d8f82,ELEC-04,22,0.06,118,833
76b041c8-d024-4890-0124-074cf88d8f82,CHS-05,20,0.04,1206,1453
332a14ed-4d5b-f084-c502-b176daacc854,ENG-01,20,0.084,814,4455
332a14ed-4d5b-f084-c502-b176daacc854,TRN-02,20,0.039,1325,2730
332a14ed-4d5b-f084-c502-b176daacc854,HYD-03,14,0.021,142,1083
332a14ed-4d5b-f084-c502-b176daacc854,ELEC-04,18,0.041,2525,786
332a14ed-4d5b-f084-c502-b176daacc854,CHS-05,14,0.023,119,1359
1ce01874-2df1-812a-9554-edadf966b894,ENG-01,17,0.074,446,4265
1ce01874-2df1-812a-9554-edadf966b894,TRN-02,8,0.033,0,2743
1ce01874-2df1-812a-9554-edadf966b894,HYD-03,20,0.043,1199,1102
1ce01874-2df1-812a-9554-edadf966b894,ELEC-04,15,0.07,987,794
1ce01874-2df1-812a-9554-edadf966b894,CHS-05,18,0.037,1522,1399
485a083b-4be2-0753-5742-1579ec17854f,ENG-01,23,0.072,0,4295
485a083b-4be2-0753-5742-1579ec17854f,TRN-02,11,0.033,0,2946
485a083b-4be2-0753-5742-1579ec17854f,HYD-03,15,0.045,33,1169
485a083b-4be2-0753-5742-1579ec17854f,ELEC-04,23,0.05,0,840
485a083b-4be2-0753-5742-1579ec17854f,CHS-05,14,0.032,706,1448
71251dbd-095c-8e8a-5984-044cea813919,ENG-01,14,0.064,259,4234
71251dbd-095c-8e8a-5984-044cea813919,TRN-02,12,0.062,0,2621
71251dbd-095c-8e8a-5984-044cea813919,HYD-03,17,0.03,0,1057
71251dbd-095c-8e8a-5984-044cea813919,ELEC-04,15,0.065,0,770
71251dbd-095c-8e8a-5984-044cea813919,CHS-05,14,0.027,2406,1393
b17847ce-9ddc-385c-ab22-6ac10c9d1180,ENG-01,16,0.079,0,4162
b17847ce-9ddc-385c-ab22-6ac10c9d1180,TRN-02,13,0.066,803,2551
b17847ce-9ddc-385c-ab22-6ac10c9d1180,HYD-03,8,0.026,615,1101
b17847ce-9ddc-385c-ab22-6ac10c9d1180,ELEC-04,13,0.078,0,774
b17847ce-9ddc-385c-ab22-6ac10c9d1180,CHS-05,13,0.043,456,1379
052155ce-0369-7687-5774-51c1e3f9a5ff,ENG-01,21,0.09,0,4278
052155ce-0369-7687-5774-51c1e3f9a5ff,TRN-02,10,0.048,1597,2724
052155ce-0369-7687-5774-51c1e3f9a5ff,HYD-03,15,0.028,516,1091
052155ce-0369-7687-5774-51c1e3f9a5ff,ELEC-04,11,0.068,0,830
052155ce-0369-7687-5774-51c1e3f9a5ff,CHS-05,11,0.017,1016,1455
c8cb0ef3-b089-aa7e-579c-7aa3e61494c1,ENG-01,4,0.067,354,4546
c8cb0ef3-b089-aa7e-579c-7aa3e61494c1,TRN-02,9,0.05,323,3008
c8cb0ef3-b089-aa7e-579c-7aa3e61494c1,HYD-03,12,0.047,0,1197
c8cb0ef3-b089-aa7e-579c-7aa3e61494c1,ELEC-04,6,0.074,0,915
c8cb0ef3-b089-aa7e-579c-7aa3e61494c1,CHS-05,8,0.038,0,1454
a1c7dbf8-b599-8988-3dec-4bd8412fc5fc,ENG-01,23,0.054,194,3927
a1c7dbf8-b599-8988-3dec-4bd8412fc5fc,TRN-02,23,0.063,50,2794
a1c7dbf8-b599-8988-3dec-4bd8412fc5fc,HYD-03,12,0.035,1290,1087
a1c7dbf8-b599-8988-3dec-4bd8412fc5fc,ELEC-04,11,0.058,0,809
a1c7dbf8-b599-8988-3dec-4bd8412fc5fc,CHS-05,18,0.023,823,1296
f56cabd0-9ff4-6b9a-833f-65fc928fa220,ENG-01,13,0.072,2761,4215
f56cabd0-9ff4-6b9a-833f-65fc928fa220,TRN-02,25,0.049,0,2588
f56cabd0-9ff4-6b9a-833f-65fc928fa220,HYD-03,19,0.051,548,1056
f56cabd0-9ff4-6b9a-833f-65fc928fa220,ELEC-04,15,0.042,2252,751
f56cabd0-9ff4-6b9a-833f-65fc928fa220,CHS-05,14,0.027,2761,1351
bb6af622-3b8f-e3fa-f0a2-7af9535c00bc,ENG-01,6,0.088,3038,4396
bb6af622-3b8f-e3fa-f0a2-7af9535c00bc,TRN-02,17,0.056,1372,2490
bb6af622-3b8f-e3fa-f0a2-7af9535c00bc,HYD-03,19,0.029,789,1101
bb6af622-3b8f-e3fa-f0a2-7af9535c00bc,ELEC-04,15,0.046,2440,774
bb6af622-3b8f-e3fa-f0a2-7af9535c00bc,CHS-05,11,0.03,2080,1353
1ef5a94f-dcd2-fff4-4926-887b94994e6e,ENG-01,16,0.053,0,4419
1ef5a94f-dcd2-fff4-4926-887b94994e6e,TRN-02,14,0.046,0,2582
1ef5a94f-dcd2-fff4-4926-887b94994e6e,HYD-03,8,0.022,403,1096
1ef5a94f-dcd2-fff4-4926-887b94994e6e,ELEC-04,9,0.05,1097,756
1ef5a94f-dcd2-fff4-4926-887b94994e6e,CHS-05,7,0.035,0,1417
b439c4ab-abfc-9abb-c5ae-01357c1f1270,ENG-01,14,0.064,441,4494
b439c4ab-abfc-9abb-c5ae-01357c1f1270,TRN-02,14,0.054,0,2793
b439c4ab-abfc-9abb-c5ae-01357c1f1270,HYD-03,15,0.032,0,1128
b439c4ab-abfc-9abb-c5ae-01357c1f1270,ELEC-04,16,0.076,704,810
b439c4ab-abfc-9abb-c5ae-01357c1f1270,CHS-05,23,0.029,692,1434
b0a37291-02d7-816a-d113-17bd4accb062,ENG-01,3,0.078,158,4679
b0a37291-02d7-816a-d113-17bd4accb062,TRN-02,2,0.041,741,2828
b0a37291-02d7-816a-d113-17bd4accb062,HYD-03,15,0.023,0,1164
b0a37291-02d7-816a-d113-17bd4accb062,ELEC-04,11,0.047,1594,835
b0a37291-02d7-816a-d113-17bd4accb062,CHS-05,3,0.026,139,1477
d890ced9-bec4-0297-0176-328bfff2adcf,ENG-01,15,0.085,1514,4100
d890ced9-bec4-0297-0176-328bfff2adcf,TRN-02,12,0.036,1688,2528
d890ced9-bec4-0297-0176-328bfff2adcf,HYD-03,19,0.025,4009,1107
d890ced9-bec4-0297-0176-328bfff2adcf,ELEC-04,18,0.047,3658,752
d890ced9-bec4-0297-0176-328bfff2adcf,CHS-05,13,0.048,1071,1383
b2fee748-16ed-d887-7c15-0ba19dd99c52,ENG-01,10,0.07,0,4394
b2fee748-16ed-d887-7c15-0ba19dd99c52,TRN-02,11,0.069,810,2748
b2fee748-16ed-d887-7c15-0ba19dd99c52,HYD-03,23,0.036,910,1147
b2fee748-16ed-d887-7c15-0ba19dd99c52,ELEC-04,15,0.043,0,829
b2fee748-16ed-d887-7c15-0ba19dd99c52,CHS-05,22,0.026,1190,1488
4be3f535-aa4d-b00a-5c22-18885853a64a,ENG-01,14,0.069,3217,4362
4be3f535-aa4d-b00a-5c22-18885853a64a,TRN-02,10,0.045,0,2949
4be3f535-aa4d-b00a-5c22-18885853a64a,HYD-03,10,0.038,0,1132
4be3f535-aa4d-b00a-5c22-18885853a64a,ELEC-04,16,0.053,365,838
4be3f535-aa4d-b00a-5c22-18885853a64a,CHS-05,10,0.019,0,1455
fb6867ae-faa9-c9d8-e0ea-3f863bd82574,ENG-01,8,0.059,348,4370
fb6867ae-faa9-c9d8-e0ea-3f863bd82574,TRN-02,13,0.055,0,2670
fb6867ae-faa9-c9d8-e0ea-3f863bd82574,HYD-03,12,0.056,359,1062
fb6867ae-faa9-c9d8-e0ea-3f863bd82574,ELEC-04,11,0.053,852,754
fb6867ae-faa9-c9d8-e0ea-3f863bd82574,CHS-05,17,0.045,0,1349
edd77717-502d-ae3d-0446-296294029890,ENG-01,16,0.081,1669,4532
edd77717-502d-ae3d-0446-296294029890,TRN-02,16,0.054,1272,2784
edd77717-502d-ae3d-0446-296294029890,HYD-03,14,0.038,0,1170
edd77717-502d-ae3d-0446-296294029890,ELEC-04,13,0.079,616,837
edd77717-502d-ae3d-0446-296294029890,CHS-05,7,0.028,1477,1455
773b3b7d-294d-3d77-e372-ec3f079d74b4,ENG-01,12,0.071,0,3902
773b3b7d-294d-3d77-e372-ec3f079d74b4,TRN-02,25,0.033,0,2764
773b3b7d-294d-3d77-e372-ec3f079d74b4,HYD-03,12,0.059,681,1032
773b3b7d-294d-3d77-e372-ec3f079d74b4,ELEC-04,23,0.054,1507,817
773b3b7d-294d-3d77-e372-ec3f079d74b4,CHS-05,17,0.041,1215,1387
1854ae27-769e-8e68-3ca1-36bbfa957ee4,ENG-01,12,0.055,209,4352
1854ae27-769e-8e68-3ca1-36bbfa957ee4,TRN-02,16,0.062,848,2891
1854ae27-769e-8e68-3ca1-36bbfa957ee4,HYD-03,14,0.022,443,1163
1854ae27-769e-8e68-3ca1-36bbfa957ee4,ELEC-04,7,0.046,2011,854
1854ae27-769e-8e68-3ca1-36bbfa957ee4,CHS-05,8,0.022,3550,1515
f2ac7fcd-6093-798a-0fde-887bf582f0c6,ENG-01,16,0.051,917,4116
f2ac7fcd-6093-798a-0fde-887bf582f0c6,TRN-02,21,0.058,9,2535
f2ac7fcd-6093-798a-0fde-887bf582f0c6,HYD-03,21,0.027,2157,1080
f2ac7fcd-6093-798a-0fde-887bf582f0c6,ELEC-04,13,0.063,1299,759
f2ac7fcd-6093-798a-0fde-887bf582f0c6,CHS-05,17,0.02,1795,1311
6bf84e17-d3e8-2a34-4ac2-4641b9feebb2,ENG-01,14,0.053,1346,4367
6bf84e17-d3e8-2a34-4ac2-4641b9feebb2,TRN-02,19,0.05,0,2881
6bf84e17-d3e8-2a34-4ac2-4641b9feebb2,HYD-03,18,0.051,1761,1192
6bf84e17-d3e8-2a34-4ac2-4641b9feebb2,ELEC-04,15,0.067,0,867
6bf84e17-d3e8-2a34-4ac2-4641b9feebb2,CHS-05,14,0.023,1053,1474
85f97fd0-cdcc-8392-66f3-32fe09616b8a,ENG-01,17,0.079,0,3940
85f97fd0-cdcc-8392-66f3-32fe09616b8a,TRN-02,19,0.036,625,2842
85f97fd0-cdcc-8392-66f3-32fe09616b8a,HYD-03,12,0.051,636,1041
85f97fd0-cdcc-8392-66f3-32fe09616b8a,ELEC-04,12,0.07,0,777
85f97fd0-cdcc-8392-66f3-32fe09616b8a,CHS-05,18,0.031,2186,1348
65bf0c2b-626b-5d84-b189-83c944ffbe94,ENG-01,21,0.059,0,4413
65bf0c2b-626b-5d84-b189-83c944ffbe94,TRN-02,15,0.041,1805,2872
65bf0c2b-626b-5d84-b189-83c944ffbe94,HYD-03,10,0.059,775,1111
65bf0c2b-626b-5d84-b189-83c944ffbe94,ELEC-04,12,0.058,0,837
65bf0c2b-626b-5d84-b189-83c944ffbe94,CHS-05,21,0.019,0,1398
197f49a4-7f9c-b5f6-6201-c0d1e18934ea,ENG-01,22,0.061,64,4490
197f49a4-7f9c-b5f6-6201-c0d1e18934ea,TRN-02,9,0.054,96,2925
197f49a4-7f9c-b5f6-6201-c0d1e18934ea,HYD-03,11,0.046,0,1149
197f49a4-7f9c-b5f6-6201-c0d1e18934ea,ELEC-04,10,0.055,151,837
197f49a4-7f9c-b5f6-6201-c0d1e18934ea,CHS-05,17,0.012,1261,1384
f4dbf5a1-e600-4b99-416c-1931798daf8e,ENG-01,13,0.077,1819,4379
f4dbf5a1-e600-4b99-416c-1931798daf8e,TRN-02,10,0.056,1423,2794
f4dbf5a1-e600-4b99-416c-1931798daf8e,HYD-03,9,0.02,1638,1121
f4dbf5a1-e600-4b99-416c-1931798daf8e,ELEC-04,11,0.078,0,800
f4dbf5a1-e600-4b99-416c-1931798daf8e,CHS-05,11,0.022,0,1414
d12277bd-911d-2581-2ec7-0dca221dd893,ENG-01,8,0.085,0,4461
d12277bd-911d-2581-2ec7-0dca221dd893,TRN-02,13,0.067,0,2992
d12277bd-911d-2581-2ec7-0dca221dd893,HYD-03,15,0.026,0,1209
d12277bd-911d-2581-2ec7-0dca221dd893,ELEC-04,14,0.073,435,864
d12277bd-911d-2581-2ec7-0dca221dd893,CHS-05,16,0.025,340,1582
158f770b-7837-8a60-3d44-c223c6989df0,ENG-01,16,0.057,0,4649
158f770b-7837-8a60-3d44-c223c6989df0,TRN-02,3,0.031,0,2779
158f770b-7837-8a60-3d44-c223c6989df0,HYD-03,11,0.039,0,1162
158f770b-7837-8a60-3d44-c223c6989df0,ELEC-04,5,0.041,0,832
158f770b-7837-8a60-3d44-c223c6989df0,CHS-05,14,0.049,0,1477
b3c9af96-e44f-3fd4-223e-c8875a534381,ENG-01,10,0.063,2931,4599
b3c9af96-e44f-3fd4-223e-c8875a534381,TRN-02,8,0.035,0,2906
b3c9af96-e44f-3fd4-223e-c8875a534381,HYD-03,13,0.026,1219,1182
b3c9af96-e44f-3fd4-223e-c8875a534381,ELEC-04,11,0.061,0,836
b3c9af96-e44f-3fd4-223e-c8875a534381,CHS-05,12,0.041,0,1495
9913f05c-bf97-79da-864f-cd18eb2ccd10,ENG-01,8,0.083,628,4212
9913f05c-bf97-79da-864f-cd18eb2ccd10,TRN-02,20,0.054,743,2885
9913f05c-bf97-79da-864f-cd18eb2ccd10,HYD-03,14,0.039,0,1115
9913f05c-bf97-79da-864f-cd18eb2ccd10,ELEC-04,13,0.044,1037,803
9913f05c-bf97-79da-864f-cd18eb2ccd10,CHS-05,17,0.042,247,1373
ef4679eb-4251-a85e-b0b2-4fa105284a27,ENG-01,15,0.069,0,4250
ef4679eb-4251-a85e-b0b2-4fa105284a27,TRN-02,15,0.068,0,2823
ef4679eb-4251-a85e-b0b2-4fa105284a27,HYD-03,10,0.028,1275,1072
ef4679eb-4251-a85e-b0b2-4fa105284a27,ELEC-04,9,0.041,0,797
ef4679eb-4251-a85e-b0b2-4fa105284a27,CHS-05,6,0.032,2195,1397
47d94a4d-af68-6846-3fa4-6e7834be5738,ENG-01,23,0.062,0,4049
47d94a4d-af68-6846-3fa4-6e7834be5738,TRN-02,20,0.045,1743,2796
47d94a4d-af68-6846-3fa4-6e7834be5738,HYD-03,11,0.027,1198,1063
47d94a4d-af68-6846-3fa4-6e7834be5738,ELEC-04,16,0.069,0,819
47d94a4d-af68-6846-3fa4-6e7834be5738,CHS-05,17,0.028,0,1323
4c4ca59e-004f-3317-0c73-7aed62d9ac91,ENG-01,21,0.086,1228,4159
4c4ca59e-004f-3317-0c73-7aed62d9ac91,TRN-02,22,0.03,943,2853
4c4ca59e-004f-3317-0c73-7aed62d9ac91,HYD-03,15,0.055,567,1100
4c4ca59e-004f-3317-0c73-7aed62d9ac91,ELEC-04,22,0.052,1147,821
4c4ca59e-004f-3317-0c73-7aed62d9ac91,CHS-05,19,0.038,2350,1465
44563dd3-289b-253b-c98e-e8aecca16b79,ENG-01,18,0.084,1132,4328
44563dd3-289b-253b-c98e-e8aecca16b79,TRN-02,16,0.031,0,2703
44563dd3-289b-253b-c98e-e8aecca16b79,HYD-03,8,0.055,0,1085
44563dd3-289b-253b-c98e-e8aecca16b79,ELEC-04,10,0.069,0,837
44563dd3-289b-253b-c98e-e8aecca16b79,CHS-05,17,0.02,0,1370
0e9949c0-09f8-8839-52b9-17720431a802,ENG-01,16,0.055,0,4127
0e9949c0-09f8-8839-52b9-17720431a802,TRN-02,17,0.049,1373,2625
0e9949c0-09f8-8839-52b9-17720431a802,HYD-03,19,0.052,0,1046
0e9949c0-09f8-8839-52b9-17720431a802,ELEC-04,22,0.051,798,762
0e9949c0-09f8-8839-52b9-17720431a802,CHS-05,15,0.031,1818,1387
ae719e12-1b56-5d6b-a343-01fcab23ebef,ENG-01,13,0.057,0,4209
ae719e12-1b56-5d6b-a343-01fcab23ebef,TRN-02,7,0.066,0,2723
ae719e12-1b56-5d6b-a343-01fcab23ebef,HYD-03,20,0.058,0,1055
ae719e12-1b56-5d6b-a343-01fcab23ebef,ELEC-04,8,0.045,434,777
ae719e12-1b56-5d6b-a343-01fcab23ebef,CHS-05,12,0.018,179,1353
d15644ea-6d55-d548-8ef1-d07298ffeed9,ENG-01,7,0.089,403,4763
d15644ea-6d55-d548-8ef1-d07298ffeed9,TRN-02,15,0.036,1194,2861
d15644ea-6d55-d548-8ef1-d07298ffeed9,HYD-03,6,0.036,0,1150
d15644ea-6d55-d548-8ef1-d07298ffeed9,ELEC-04,10,0.062,0,854
d15644ea-6d55-d548-8ef1-d07298ffeed9,CHS-05,5,0.023,1147,1460
d82ced6b-b670-d0b9-15b4-6ddb7a2aec2f,ENG-01,22,0.076,3280,4307
d82ced6b-b670-d0b9-15b4-6ddb7a2aec2f,TRN-02,13,0.069,1519,2580
d82ced6b-b670-d0b9-15b4-6ddb7a2aec2f,HYD-03,14,0.049,1026,1098
d82ced6b-b670-d0b9-15b4-6ddb7a2aec2f,ELEC-04,13,0.079,2676,808
d82ced6b-b670-d0b9-15b4-6ddb7a2aec2f,CHS-05,11,0.012,2313,1466
4a8ed493-8bef-11c4-5d20-614e71318996,ENG-01,6,0.083,124,4422
4a8ed493-8bef-11c4-5d20-614e71318996,TRN-02,13,0.052,1265,2902
4a8ed493-8bef-11c4-5d20-614e71318996,HYD-03,8,0.042,734,1122
4a8ed493-8bef-11c4-5d20-614e71318996,ELEC-04,3,0.058,0,862
4a8ed493-8bef-11c4-5d20-614e71318996,CHS-05,9,0.025,1033,1507
1f338ab0-ae6c-a814-0d70-668bf473b5bd,ENG-01,11,0.057,0,4623
1f338ab0-ae6c-a814-0d70-668bf473b5bd,TRN-02,2,0.043,0,2629
1f338ab0-ae6c-a814-0d70-668bf473b5bd,HYD-03,11,0.021,0,1151
1f338ab0-ae6c-a814-0d70-668bf473b5bd,ELEC-04,2,0.047,0,817
1f338ab0-ae6c-a814-0d70-668bf473b5bd,CHS-05,10,0.022,0,1494
68dc909b-7e07-b3c3-b14e-21914eee9663,ENG-01,9,0.053,1575,4302
68dc909b-7e07-b3c3-b14e-21914eee9663,TRN-02,12,0.068,548,2740
68dc909b-7e07-b3c3-b14e-21914eee9663,HYD-03,13,0.028,0,1111
68dc909b-7e07-b3c3-b14e-21914eee9663,ELEC-04,6,0.047,61,797
68dc909b-7e07-b3c3-b14e-21914eee9663,CHS-05,20,0.011,652,1368
29dcede7-8edd-4bcb-d465-8c95843ab06d,ENG-01,12,0.071,1589,4684
29dcede7-8edd-4bcb-d465-8c95843ab06d,TRN-02,8,0.062,1477,2947
29dcede7-8edd-4bcb-d465-8c95843ab06d,HYD-03,15,0.053,0,1166
29dcede7-8edd-4bcb-d465-8c95843ab06d,ELEC-04,7,0.068,586,849
29dcede7-8edd-4bcb-d465-8c95843ab06d,CHS-05,7,0.02,2115,1494
20ddea41-d29b-b4cc-3a9f-847957f87fa2,ENG-01,22,0.072,0,4261
20ddea41-d29b-b4cc-3a9f-847957f87fa2,TRN-02,24,0.035,616,2603
20ddea41-d29b-b4cc-3a9f-847957f87fa2,HYD-03,25,0.021,0,1080
20ddea41-d29b-b4cc-3a9f-847957f87fa2,ELEC-04,17,0.067,450,792
20ddea41-d29b-b4cc-3a9f-847957f87fa2,CHS-05,19,0.017,0,1354
c3a50324-e01f-efea-6da2-8cba93243466,ENG-01,6,0.064,887,4594
c3a50324-e01f-efea-6da2-8cba93243466,TRN-02,12,0.041,212,3016
c3a50324-e01f-efea-6da2-8cba93243466,HYD-03,5,0.049,932,1149
c3a50324-e01f-efea-6da2-8cba93243466,ELEC-04,14,0.052,0,857
c3a50324-e01f-efea-6da2-8cba93243466,CHS-05,13,0.035,2560,1445
0d60ebd4-29fc-998f-0846-8dd4bc9d5fb5,ENG-01,14,0.09,19,4150
0d60ebd4-29fc-998f-0846-8dd4bc9d5fb5,TRN-02,11,0.059,1613,2659
0d60ebd4-29fc-998f-0846-8dd4bc9d5fb5,HYD-03,8,0.034,944,1034
0d60ebd4-29fc-998f-0846-8dd4bc9d5fb5,ELEC-04,6,0.075,1031,804
0d60ebd4-29fc-998f-0846-8dd4bc9d5fb5,CHS-05,14,0.031,1552,1421
baf914a4-f165-dfc0-55ff-9716fac27ec3,ENG-01,18,0.086,3978,4361
baf914a4-f165-dfc0-55ff-9716fac27ec3,TRN-02,20,0.033,3307,2491
baf914a4-f165-dfc0-55ff-9716fac27ec3,HYD-03,21,0.047,4164,1090
baf914a4-f165-dfc0-55ff-9716fac27ec3,ELEC-04,11,0.046,2680,757
baf914a4-f165-dfc0-55ff-9716fac27ec3,CHS-05,19,0.03,1323,1345
da790d68-f3a1-37b3-a441-e2e52f3ed484,ENG-01,14,0.084,1164,4338
da790d68-f3a1-37b3-a441-e2e52f3ed484,TRN-02,13,0.057,964,2914
da790d68-f3a1-37b3-a441-e2e52f3ed484,HYD-03,15,0.042,732,1159
da790d68-f3a1-37b3-a441-e2e52f3ed484,ELEC-04,11,0.071,0,891
da790d68-f3a1-37b3-a441-e2e52f3ed484,CHS-05,13,0.032,0,1456
4f951764-1857-6b1e-4d0f-a7c11aebd463,ENG-01,11,0.077,0,3961
4f951764-1857-6b1e-4d0f-a7c11aebd463,TRN-02,17,0.06,1513,2788
4f951764-1857-6b1e-4d0f-a7c11aebd463,HYD-03,16,0.055,40,1136
4f951764-1857-6b1e-4d0f-a7c11aebd463,ELEC-04,8,0.067,952,791
4f951764-1857-6b1e-4d0f-a7c11aebd463,CHS-05,15,0.028,91,1354
587a3dc0-b84f-9160-f197-05afc155dde0,ENG-01,20,0.07,4183,4197
587a3dc0-b84f-9160-f197-05afc155dde0,TRN-02,13,0.034,0,2633
587a3dc0-b84f-9160-f197-05afc155dde0,HYD-03,20,0.047,646,1064
587a3dc0-b84f-9160-f197-05afc155dde0,ELEC-04,19,0.067,924,778
587a3dc0-b84f-9160-f197-05afc155dde0,CHS-05,14,0.036,0,1374
7dbb99b4-25d0-3c3f-75a2-04623c841fab,ENG-01,17,0.064,3196,4106
7dbb99b4-25d0-3c3f-75a2-04623c841fab,TRN-02,8,0.067,863,2793
7dbb99b4-25d0-3c3f-75a2-04623c841fab,HYD-03,11,0.053,516,1154
7dbb99b4-25d0-3c3f-75a2-04623c841fab,ELEC-04,7,0.047,2585,783
7dbb99b4-25d0-3c3f-75a2-04623c841fab,CHS-05,11,0.047,2092,1390
0a2f34d2-ae11-c1bc-b2dc-1830dc2f5a85,ENG-01,15,0.089,0,4613
0a2f34d2-ae11-c1bc-b2dc-1830dc2f5a85,TRN-02,10,0.056,4310,2797
0a2f34d2-ae11-c1bc-b2dc-1830dc2f5a85,HYD-03,19,0.028,5666,1166
0a2f34d2-ae11-c1bc-b2dc-1830dc2f5a85,ELEC-04,13,0.074,0,807
0a2f34d2-ae11-c1bc-b2dc-1830dc2f5a85,CHS-05,11,0.033,0,1442
964a8085-768c-bed1-8a7b-fe5d461b3dd2,ENG-01,22,0.076,86,4227
964a8085-768c-bed1-8a7b-fe5d461b3dd2,TRN-02,17,0.031,0,2928
964a8085-768c-bed1-8a7b-fe5d461b3dd2,HYD-03,20,0.035,512,1121
964a8085-768c-bed1-8a7b-fe5d461b3dd2,ELEC-04,11,0.052,283,842
964a8085-768c-bed1-8a7b-fe5d461b3dd2,CHS-05,13,0.05,2755,1462
f0b92ee3-7e9e-8a7e-5425-7c4f38e529a2,ENG-01,21,0.051,3682,4529
f0b92ee3-7e9e-8a7e-5425-7c4f38e529a2,TRN-02,16,0.035,0,2851
f0b92ee3-7e9e-8a7e-5425-7c4f38e529a2,HYD-03,16,0.049,2340,1086
f0b92ee3-7e9e-8a7e-5425-7c4f38e529a2,ELEC-04,13,0.041,0,813
f0b92ee3-7e9e-8a7e-5425-7c4f38e529a2,CHS-05,18,0.034,0,1448
34d47be5-9bbf-5294-688b-6be1fd6101de,ENG-01,11,0.076,4642,4715
34d47be5-9bbf-5294-688b-6be1fd6101de,TRN-02,11,0.064,2473,2612
34d47be5-9bbf-5294-688b-6be1fd6101de,HYD-03,19,0.023,1645,1158
34d47be5-9bbf-5294-688b-6be1fd6101de,ELEC-04,22,0.062,3399,805
34d47be5-9bbf-5294-688b-6be1fd6101de,CHS-05,15,0.015,2534,1467
c5d6afa8-9bc0-32ad-7e0b-7aa9fb684a3d,ENG-01,9,0.076,0,4621
c5d6afa8-9bc0-32ad-7e0b-7aa9fb684a3d,TRN-02,9,0.061,0,2734
c5d6afa8-9bc0-32ad-7e0b-7aa9fb684a3d,HYD-03,15,0.053,815,1179
c5d6afa8-9bc0-32ad-7e0b-7aa9fb684a3d,ELEC-04,4,0.063,0,846
c5d6afa8-9bc0-32ad-7e0b-7aa9fb684a3d,CHS-05,10,0.024,0,1546
22be95a8-813c-46d5-e403-54d7389f736e,ENG-01,23,0.053,0,4165
22be95a8-813c-46d5-e403-54d7389f736e,TRN-02,19,0.063,2055,2621
22be95a8-813c-46d5-e403-54d7389f736e,HYD-03,20,0.039,1023,1037
22be95a8-813c-46d5-e403-54d7389f736e,ELEC-04,14,0.076,0,742
22be95a8-813c-46d5-e403-54d7389f736e,CHS-05,24,0.025,973,1359
c3183aac-ed97-7b1d-d804-b979a0896024,ENG-01,17,0.074,0,4008
c3183aac-ed97-7b1d-d804-b979a0896024,TRN-02,8,0.032,1643,2862
c3183aac-ed97-7b1d-d804-b979a0896024,HYD-03,16,0.04,0,1081
c3183aac-ed97-7b1d-d804-b979a0896024,ELEC-04,8,0.065,0,807
c3183aac-ed97-7b1d-d804-b979a0896024,CHS-05,9,0.021,153,1384
042e6809-5305-532a-1a37-16e5f9da1406,ENG-01,13,0.063,1258,4362
042e6809-5305-532a-1a37-16e5f9da1406,TRN-02,9,0.051,478,2930
042e6809-5305-532a-1a37-16e5f9da1406,HYD-03,16,0.028,216,1130
042e6809-5305-532a-1a37-16e5f9da1406,ELEC-04,13,0.058,135,842
042e6809-5305-532a-1a37-16e5f9da1406,CHS-05,20,0.011,0,1475
82cecf64-ac15-a603-44ef-aa4d6277f9a2,ENG-01,12,0.076,0,4360
82cecf64-ac15-a603-44ef-aa4d6277f9a2,TRN-02,18,0.069,1067,2763
82cecf64-ac15-a603-44ef-aa4d6277f9a2,HYD-03,12,0.024,0,1075
82cecf64-ac15-a603-44ef-aa4d6277f9a2,ELEC-04,18,0.079,2351,785
82cecf64-ac15-a603-44ef-aa4d6277f9a2,CHS-05,22,0.026,700,1485
a292c6b7-a17c-52d3-db16-8cc4c21ed3c0,ENG-01,21,0.072,2498,4515
a292c6b7-a17c-52d3-db16-8cc4c21ed3c0,TRN-02,18,0.064,3222,2723
a292c6b7-a17c-52d3-db16-8cc4c21ed3c0,HYD-03,21,0.042,1247,1071
a292c6b7-a17c-52d3-db16-8cc4c21ed3c0,ELEC-04,18,0.063,0,840
a292c6b7-a17c-52d3-db16-8cc4c21ed3c0,CHS-05,13,0.04,0,1448
ada3c914-d826-ca9f-1505-9de3b6a04894,ENG-01,4,0.084,5586,4528
ada3c914-d826-ca9f-1505-9de3b6a04894,TRN-02,11,0.036,2735,2823
ada3c914-d826-ca9f-1505-9de3b6a04894,HYD-03,2,0.031,3598,1183
ada3c914-d826-ca9f-1505-9de3b6a04894,ELEC-04,6,0.063,2100,831
ada3c914-d826-ca9f-1505-9de3b6a04894,CHS-05,2,0.012,759,1540
89edaad0-5a70-fac5-3ffa-16861666e19c,ENG-01,7,0.052,2698,4338
89edaad0-5a70-fac5-3ffa-16861666e19c,TRN-02,18,0.052,0,2578
89edaad0-5a70-fac5-3ffa-16861666e19c,HYD-03,12,0.022,0,1102
89edaad0-5a70-fac5-3ffa-16861666e19c,ELEC-04,11,0.075,713,772
89edaad0-5a70-fac5-3ffa-16861666e19c,CHS-05,6,0.036,0,1399
4311cc36-713d-42c2-c803-4cd5fc8fbd63,ENG-01,11,0.074,0,4679
4311cc36-713d-42c2-c803-4cd5fc8fbd63,TRN-02,13,0.065,634,3033
4311cc36-713d-42c2-c803-4cd5fc8fbd63,HYD-03,11,0.029,191,1231
4311cc36-713d-42c2-c803-4cd5fc8fbd63,ELEC-04,2,0.058,0,866
4311cc36-713d-42c2-c803-4cd5fc8fbd63,CHS-05,15,0.015,2168,1538
bb50ac9f-2645-36b5-8bf5-4aa4b39db62d,ENG-01,22,0.079,2750,4072
bb50ac9f-2645-36b5-8bf5-4aa4b39db62d,TRN-02,20,0.066,0,2829
bb50ac9f-2645-36b5-8bf5-4aa4b39db62d,HYD-03,11,0.032,0,1060
bb50ac9f-2645-36b5-8bf5-4aa4b39db62d,ELEC-04,14,0.048,1112,795
bb50ac9f-2645-36b5-8bf5-4aa4b39db62d,CHS-05,25,0.033,286,1353
b4a0e128-bbdf-d1f3-9ece-38a1bda1b3bf,ENG-01,15,0.066,0,4296
b4a0e128-bbdf-d1f3-9ece-38a1bda1b3bf,TRN-02,17,0.062,0,2564
b4a0e128-bbdf-d1f3-9ece-38a1bda1b3bf,HYD-03,15,0.037,0,1120
b4a0e128-bbdf-d1f3-9ece-38a1bda1b3bf,ELEC-04,7,0.08,0,788
b4a0e128-bbdf-d1f3-9ece-38a1bda1b3bf,CHS-05,6,0.026,0,1417
f2a6e54c-71a5-b16e-47f5-a1166fa8fcee,ENG-01,5,0.062,1066,4743
f2a6e54c-71a5-b16e-47f5-a1166fa8fcee,TRN-02,5,0.041,758,2784
f2a6e54c-71a5-b16e-47f5-a1166fa8fcee,HYD-03,13,0.027,0,1206
f2a6e54c-71a5-b16e-47f5-a1166fa8fcee,ELEC-04,15,0.071,1134,854
f2a6e54c-71a5-b16e-47f5-a1166fa8fcee,CHS-05,8,0.024,1155,1437
623c903a-ebe5-ea8a-4557-73e8f0cd4fb5,ENG-01,25,0.056,1920,4307
623c903a-ebe5-ea8a-4557-73e8f0cd4fb5,TRN-02,19,0.069,1883,2597
623c903a-ebe5-ea8a-4557-73e8f0cd4fb5,HYD-03,25,0.058,1234,1071
623c903a-ebe5-ea8a-4557-73e8f0cd4fb5,ELEC-04,18,0.058,1854,764
623c903a-ebe5-ea8a-4557-73e8f0cd4fb5,CHS-05,21,0.014,928,1285
18512a3f-3e7e-6a4e-5e4c-a340dc76baa8,ENG-01,8,0.051,1841,4302
18512a3f-3e7e-6a4e-5e4c-a340dc76baa8,TRN-02,15,0.033,445,2830
18512a3f-3e7e-6a4e-5e4c-a340dc76baa8,HYD-03,14,0.059,2014,1153
18512a3f-3e7e-6a4e-5e4c-a340dc76baa8,ELEC-04,11,0.054,4293,881
18512a3f-3e7e-6a4e-5e4c-a340dc76baa8,CHS-05,18,0.038,1793,1442
0b7a8fd5-880e-9528-d1b4-b03c62e86c87,ENG-01,10,0.05,874,4224
0b7a8fd5-880e-9528-d1b4-b03c62e86c87,TRN-02,8,0.046,2913,3082
0b7a8fd5-880e-9528-d1b4-b03c62e86c87,HYD-03,13,0.02,2034,1201
0b7a8fd5-880e-9528-d1b4-b03c62e86c87,ELEC-04,8,0.044,515,894
0b7a8fd5-880e-9528-d1b4-b03c62e86c87,CHS-05,6,0.041,0,1482
55101fe1-6b2d-a9ad-d27e-fc0e1f0fc710,ENG-01,11,0.075,0,4383
55101fe1-6b2d-a9ad-d27e-fc0e1f0fc710,TRN-02,21,0.032,268,2792
55101fe1-6b2d-a9ad-d27e-fc0e1f0fc710,HYD-03,19,0.057,1710,1141
55101fe1-6b2d-a9ad-d27e-fc0e1f0fc710,ELEC-04,20,0.047,1695,816
55101fe1-6b2d-a9ad-d27e-fc0e1f0fc710,CHS-05,10,0.044,785,1460
acf66d2d-fb43-35fb-8bfa-343d96c1ad35,ENG-01,16,0.066,88,4142
acf66d2d-fb43-35fb-8bfa-343d96c1ad35,TRN-02,15,0.04,1223,2504
acf66d2d-fb43-35fb-8bfa-343d96c1ad35,HYD-03,24,0.028,594,1031
acf66d2d-fb43-35fb-8bfa-343d96c1ad35,ELEC-04,15,0.076,2121,764
acf66d2d-fb43-35fb-8bfa-343d96c1ad35,CHS-05,18,0.023,0,1311
0ec35813-b034-dd2e-eaa2-2934522efa6c,ENG-01,11,0.059,1583,4206
0ec35813-b034-dd2e-eaa2-2934522efa6c,TRN-02,17,0.038,0,2664
0ec35813-b034-dd2e-eaa2-2934522efa6c,HYD-03,20,0.044,0,1072
0ec35813-b034-dd2e-eaa2-2934522efa6c,ELEC-04,23,0.05,1834,768
0ec35813-b034-dd2e-eaa2-2934522efa6c,CHS-05,15,0.013,2948,1326
b3b2810d-047e-143d-c145-586d76bf5fe4,ENG-01,11,0.067,1517,4289
b3b2810d-047e-143d-c145-586d76bf5fe4,TRN-02,19,0.057,7,2634
b3b2810d-047e-143d-c145-586d76bf5fe4,HYD-03,23,0.057,1571,1052
b3b2810d-047e-143d-c145-586d76bf5fe4,ELEC-04,24,0.068,0,769
b3b2810d-047e-143d-c145-586d76bf5fe4,CHS-05,17,0.02,643,1358
7323da3c-f153-8f41-ef09-04fad81bbbb6,ENG-01,2,0.066,588,4685
7323da3c-f153-8f41-ef09-04fad81bbbb6,TRN-02,11,0.039,867,2863
7323da3c-f153-8f41-ef09-04fad81bbbb6,HYD-03,12,0.03,703,1148
7323da3c-f153-8f41-ef09-04fad81bbbb6,ELEC-04,15,0.064,1256,864
7323da3c-f153-8f41-ef09-04fad81bbbb6,CHS-05,14,0.046,1473,1467
067293d9-56ac-9072-1234-7e523477da2a,ENG-01,10,0.061,0,4432
067293d9-56ac-9072-1234-7e523477da2a,TRN-02,12,0.039,1587,2813
067293d9-56ac-9072-1234-7e523477da2a,HYD-03,19,0.052,75,1141
067293d9-56ac-9072-1234-7e523477da2a,ELEC-04,17,0.057,1135,852
067293d9-56ac-9072-1234-7e523477da2a,CHS-05,14,0.05,2369,1424
3efc44ee-a46d-689f-78ba-04903bb692bd,ENG-01,16,0.09,1911,4346
3efc44ee-a46d-689f-78ba-04903bb692bd,TRN-02,21,0.045,112,2884
3efc44ee-a46d-689f-78ba-04903bb692bd,HYD-03,19,0.021,0,1167
3efc44ee-a46d-689f-78ba-04903bb692bd,ELEC-04,21,0.06,0,842
3efc44ee-a46d-689f-78ba-04903bb692bd,CHS-05,18,0.027,1368,1462
fe7d9f77-ae39-b680-e2b9-51c45723cac3,ENG-01,6,0.071,2188,4578
fe7d9f77-ae39-b680-e2b9-51c45723cac3,TRN-02,8,0.052,73,2986
fe7d9f77-ae39-b680-e2b9-51c45723cac3,HYD-03,14,0.048,0,1171
fe7d9f77-ae39-b680-e2b9-51c45723cac3,ELEC-04,5,0.059,0,865
fe7d9f77-ae39-b680-e2b9-51c45723cac3,CHS-05,2,0.033,701,1536
c23927ca-41b1-1a94-97fe-f4f3ea5302b7,ENG-01,18,0.081,796,4240
c23927ca-41b1-1a94-97fe-f4f3ea5302b7,TRN-02,22,0.042,727,2936
c23927ca-41b1-1a94-97fe-f4f3ea5302b7,HYD-03,12,0.032,0,1143
c23927ca-41b1-1a94-97fe-f4f3ea5302b7,ELEC-04,12,0.044,0,875
c23927ca-41b1-1a94-97fe-f4f3ea5302b7,CHS-05,21,0.029,194,1426
936a18b4-23d4-c2c2-75dd-f1e9a4318f8f,ENG-01,21,0.065,1164,4324
936a18b4-23d4-c2c2-75dd-f1e9a4318f8f,TRN-02,20,0.046,0,3080
936a18b4-23d4-c2c2-75dd-f1e9a4318f8f,HYD-03,11,0.034,1169,1141
936a18b4-23d4-c2c2-75dd-f1e9a4318f8f,ELEC-04,16,0.054,1035,892
936a18b4-23d4-c2c2-75dd-f1e9a4318f8f,CHS-05,12,0.023,514,1449
13bc7343-5488-05dd-3ebd-d31b94263105,ENG-01,21,0.064,0,4343
13bc7343-5488-05dd-3ebd-d31b94263105,TRN-02,18,0.034,0,2627
13bc7343-5488-05dd-3ebd-d31b94263105,HYD-03,10,0.046,2940,1133
13bc7343-5488-05dd-3ebd-d31b94263105,ELEC-04,15,0.065,0,835
13bc7343-5488-05dd-3ebd-d31b94263105,CHS-05,16,0.04,0,1437
7803d7b7-063b-f616-c373-56d526bf3263,ENG-01,16,0.079,0,4178
7803d7b7-063b-f616-c373-56d526bf3263,TRN-02,7,0.068,1100,2526
7803d7b7-063b-f616-c373-56d526bf3263,HYD-03,6,0.048,497,1113
7803d7b7-063b-f616-c373-56d526bf3263,ELEC-04,19,0.063,481,774
7803d7b7-063b-f616-c373-56d526bf3263,CHS-05,18,0.031,0,1430
820074a5-71e7-1c89-4766-686c26de0950,ENG-01,7,0.067,0,4256
820074a5-71e7-1c89-4766-686c26de0950,TRN-02,18,0.047,3081,2772
820074a5-71e7-1c89-4766-686c26de0950,HYD-03,14,0.027,781,1076
820074a5-71e7-1c89-4766-686c26de0950,ELEC-04,18,0.056,2271,803
820074a5-71e7-1c89-4766-686c26de0950,CHS-05,12,0.012,115,1344
625e80b8-7742-a418-3dca-9b7d10855ce8,ENG-01,16,0.079,0,4616
625e80b8-7742-a418-3dca-9b7d10855ce8,TRN-02,11,0.047,0,2875
625e80b8-7742-a418-3dca-9b7d10855ce8,HYD-03,2,0.031,2134,1142
625e80b8-7742-a418-3dca-9b7d10855ce8,ELEC-04,3,0.062,0,896
625e80b8-7742-a418-3dca-9b7d10855ce8,CHS-05,2,0.014,0,1505
acad8be4-b4b6-5c42-39be-41a91c6f4af8,ENG-01,11,0.06,0,4451
acad8be4-b4b6-5c42-39be-41a91c6f4af8,TRN-02,15,0.053,0,2604
acad8be4-b4b6-5c42-39be-41a91c6f4af8,HYD-03,8,0.053,0,1081
acad8be4-b4b6-5c42-39be-41a91c6f4af8,ELEC-04,10,0.069,69,795
acad8be4-b4b6-5c42-39be-41a91c6f4af8,CHS-05,20,0.012,0,1450
fdd9a501-737e-8e63-2fb2-0d4981b103a8,ENG-01,15,0.057,0,4420
fdd9a501-737e-8e63-2fb2-0d4981b103a8,TRN-02,11,0.038,0,2655
fdd9a501-737e-8e63-2fb2-0d4981b103a8,HYD-03,13,0.023,0,1187
fdd9a501-737e-8e63-2fb2-0d4981b103a8,ELEC-04,19,0.072,0,812
fdd9a501-737e-8e63-2fb2-0d4981b103a8,CHS-05,12,0.035,0,1489
001f8213-10a2-8d46-23f1-6c7e7343c6d4,ENG-01,20,0.06,1715,4515
001f8213-10a2-8d46-23f1-6c7e7343c6d4,TRN-02,13,0.057,0,2605
001f8213-10a2-8d46-23f1-6c7e7343c6d4,HYD-03,22,0.028,1720,1085
001f8213-10a2-8d46-23f1-6c7e7343c6d4,ELEC-04,9,0.052,1388,802
001f8213-10a2-8d46-23f1-6c7e7343c6d4,CHS-05,10,0.023,1308,1448
083b895e-e1b0-f4a8-b27e-30b6e077d7e1,ENG-01,22,0.086,0,4008
083b895e-e1b0-f4a8-b27e-30b6e077d7e1,TRN-02,15,0.053,3171,2670
083b895e-e1b0-f4a8-b27e-30b6e077d7e1,HYD-03,21,0.058,543,1040
083b895e-e1b0-f4a8-b27e-30b6e077d7e1,ELEC-04,13,0.055,2146,764
083b895e-e1b0-f4a8-b27e-30b6e077d7e1,CHS-05,13,0.014,132,1315
3a11a9a8-1cff-f04e-1932-d28f82d55787,ENG-01,11,0.062,1282,4410
3a11a9a8-1cff-f04e-1932-d28f82d55787,TRN-02,20,0.066,0,2900
3a11a9a8-1cff-f04e-1932-d28f82d55787,HYD-03,17,0.038,0,1146
3a11a9a8-1cff-f04e-1932-d28f82d55787,ELEC-04,10,0.059,1374,842
3a11a9a8-1cff-f04e-1932-d28f82d55787,CHS-05,14,0.034,0,1448
059bd62b-6506-d427-0d74-e4ed23b9c2c2,ENG-01,22,0.073,495,4155
059bd62b-6506-d427-0d74-e4ed23b9c2c2,TRN-02,18,0.065,0,2424
059bd62b-6506-d427-0d74-e4ed23b9c2c2,HYD-03,14,0.029,0,1086
059bd62b-6506-d427-0d74-e4ed23b9c2c2,ELEC-04,24,0.05,0,740
059bd62b-6506-d427-0d74-e4ed23b9c2c2,CHS-05,20,0.021,0,1366
bd69c8f9-de03-b017-3e79-32d14f4bb62f,ENG-01,19,0.069,0,4354
bd69c8f9-de03-b017-3e79-32d14f4bb62f,TRN-02,11,0.068,58,2689
bd69c8f9-de03-b017-3e79-32d14f4bb62f,HYD-03,20,0.055,2604,1110
bd69c8f9-de03-b017-3e79-32d14f4bb62f,ELEC-04,6,0.073,0,801
bd69c8f9-de03-b017-3e79-32d14f4bb62f,CHS-05,15,0.025,0,1388
89b56657-012b-19cf-9ec8-cede25e9101d,ENG-01,7,0.082,0,4121
89b56657-012b-19cf-9ec8-cede25e9101d,TRN-02,11,0.068,677,2884
89b56657-012b-19cf-9ec8-cede25e9101d,HYD-03,8,0.02,1707,1073
89b56657-012b-19cf-9ec8-cede25e9101d,ELEC-04,15,0.056,0,799
89b56657-012b-19cf-9ec8-cede25e9101d,CHS-05,15,0.013,0,1336
1327c487-90df-2bed-6d17-716067a0fe1b,ENG-01,18,0.051,0,4362
1327c487-90df-2bed-6d17-716067a0fe1b,TRN-02,21,0.053,460,2788
1327c487-90df-2bed-6d17-716067a0fe1b,HYD-03,17,0.053,0,1111
1327c487-90df-2bed-6d17-716067a0fe1b,ELEC-04,12,0.073,1778,800
1327c487-90df-2bed-6d17-716067a0fe1b,CHS-05,16,0.042,1320,1446
964f734a-1598-4d1b-6da0-bb8fc4eeda22,ENG-01,17,0.078,517,4363
964f734a-1598-4d1b-6da0-bb8fc4eeda22,TRN-02,22,0.063,2444,2922
964f734a-1598-4d1b-6da0-bb8fc4eeda22,HYD-03,11,0.045,1075,1109
964f734a-1598-4d1b-6da0-bb8fc4eeda22,ELEC-04,10,0.048,128,827
964f734a-1598-4d1b-6da0-bb8fc4eeda22,CHS-05,15,0.038,678,1373
2031f76f-8203-125d-12fa-23ef4a5895e8,ENG-01,15,0.078,0,4289
2031f76f-8203-125d-12fa-23ef4a5895e8,TRN-02,16,0.035,3221,2523
2031f76f-8203-125d-12fa-23ef4a5895e8,HYD-03,13,0.033,2304,1129
2031f76f-8203-125d-12fa-23ef4a5895e8,ELEC-04,22,0.041,2296,799
2031f76f-8203-125d-12fa-23ef4a5895e8,CHS-05,12,0.031,2655,1443
fc50e09e-c911-133b-306c-0e5b54c05392,ENG-01,13,0.086,0,4385
fc50e09e-c911-133b-306c-0e5b54c05392,TRN-02,21,0.033,42,2621
fc50e09e-c911-133b-306c-0e5b54c05392,HYD-03,22,0.034,2024,1092
fc50e09e-c911-133b-306c-0e5b54c05392,ELEC-04,21,0.069,1693,785
fc50e09e-c911-133b-306c-0e5b54c05392,CHS-05,20,0.042,1605,1428
0416fc21-bb9a-07f6-f700-d5364e8ba089,ENG-01,17,0.086,1701,4142
0416fc21-bb9a-07f6-f700-d5364e8ba089,TRN-02,16,0.046,0,2622
0416fc21-bb9a-07f6-f700-d5364e8ba089,HYD-03,16,0.041,0,1042
0416fc21-bb9a-07f6-f700-d5364e8ba089,ELEC-04,17,0.055,1128,747
0416fc21-bb9a-07f6-f700-d5364e8ba089,CHS-05,24,0.039,849,1381
f3646bb4-88b6-100e-bace-647fea87735b,ENG-01,12,0.08,0,4276
f3646bb4-88b6-100e-bace-647fea87735b,TRN-02,13,0.04,0,2675
f3646bb4-88b6-100e-bace-647fea87735b,HYD-03,24,0.051,173,1090
f3646bb4-88b6-100e-bace-647fea87735b,ELEC-04,20,0.07,1194,755
f3646bb4-88b6-100e-bace-647fea87735b,CHS-05,11,0.019,0,1330
06d064ea-48d2-d85f-d49e-ff2d87d7b0e5,ENG-01,13,0.063,252,4304
06d064ea-48d2-d85f-d49e-ff2d87d7b0e5,TRN-02,14,0.052,0,2772
06d064ea-48d2-d85f-d49e-ff2d87d7b0e5,HYD-03,10,0.022,730,1075
06d064ea-48d2-d85f-d49e-ff2d87d7b0e5,ELEC-04,7,0.071,0,816
06d064ea-48d2-d85f-d49e-ff2d87d7b0e5,CHS-05,7,0.013,910,1421
9ab5cda5-1342-5076-995c-9469ba68542d,ENG-01,16,0.07,0,4121
9ab5cda5-1342-5076-995c-9469ba68542d,TRN-02,9,0.063,1842,2906
9ab5cda5-1342-5076-995c-9469ba68542d,HYD-03,7,0.043,0,1090
9ab5cda5-1342-5076-995c-9469ba68542d,ELEC-04,7,0.041,3264,786
9ab5cda5-1342-5076-995c-9469ba68542d,CHS-05,15,0.03,963,1391
379ec1e0-947e-e723-932d-a2c286f14012,ENG-01,12,0.083,2072,4512
379ec1e0-947e-e723-932d-a2c286f14012,TRN-02,12,0.037,1833,3030
379ec1e0-947e-e723-932d-a2c286f14012,HYD-03,10,0.043,1308,1159
379ec1e0-947e-e723-932d-a2c286f14012,ELEC-04,6,0.058,2804,858
379ec1e0-947e-e723-932d-a2c286f14012,CHS-05,14,0.028,717,1475
86c1d42c-0eb2-ae0c-5e04-b473111909c7,ENG-01,5,0.081,0,4630
86c1d42c-0eb2-ae0c-5e04-b473111909c7,TRN-02,15,0.069,0,2755
86c1d42c-0eb2-ae0c-5e04-b473111909c7,HYD-03,15,0.048,0,1205
86c1d42c-0eb2-ae0c-5e04-b473111909c7,ELEC-04,4,0.062,0,839
86c1d42c-0eb2-ae0c-5e04-b473111909c7,CHS-05,7,0.045,1763,1517
7884574f-340f-1cd8-aebd-29033db7f9d7,ENG-01,13,0.077,538,4611
7884574f-340f-1cd8-aebd-29033db7f9d7,TRN-02,9,0.042,264,2702
7884574f-340f-1cd8-aebd-29033db7f9d7,HYD-03,16,0.05,0,1132
7884574f-340f-1cd8-aebd-29033db7f9d7,ELEC-04,15,0.055,0,829
7884574f-340f-1cd8-aebd-29033db7f9d7,CHS-05,9,0.016,770,1446
390398a0-d8de-7946-4252-8566252749a9,ENG-01,16,0.076,0,4362
390398a0-d8de-7946-4252-8566252749a9,TRN-02,18,0.032,1080,2951
390398a0-d8de-7946-4252-8566252749a9,HYD-03,14,0.023,0,1130
390398a0-d8de-7946-4252-8566252749a9,ELEC-04,20,0.065,1083,839
390398a0-d8de-7946-4252-8566252749a9,CHS-05,10,0.034,3329,1463
4079af13-a5bc-2e47-2067-92b6e2d49dc3,ENG-01,16,0.067,1603,4527
4079af13-a5bc-2e47-2067-92b6e2d49dc3,TRN-02,9,0.034,4169,2884
4079af13-a5bc-2e47-2067-92b6e2d49dc3,HYD-03,13,0.026,2307,1179
4079af13-a5bc-2e47-2067-92b6e2d49dc3,ELEC-04,10,0.077,2743,807
4079af13-a5bc-2e47-2067-92b6e2d49dc3,CHS-05,15,0.037,0,1472
966bfe7f-f6ef-492f-290a-09649e67b2cf,ENG-01,11,0.08,0,4186
966bfe7f-f6ef-492f-290a-09649e67b2cf,TRN-02,9,0.044,0,2857
966bfe7f-f6ef-492f-290a-09649e67b2cf,HYD-03,19,0.04,1503,1091
966bfe7f-f6ef-492f-290a-09649e67b2cf,ELEC-04,13,0.059,1629,790
966bfe7f-f6ef-492f-290a-09649e67b2cf,CHS-05,10,0.022,634,1436
81534bc2-1bcf-eeb5-a317-bdc8af9e8c2f,ENG-01,10,0.057,66,4176
81534bc2-1bcf-eeb5-a317-bdc8af9e8c2f,TRN-02,16,0.047,0,2941
81534bc2-1bcf-eeb5-a317-bdc8af9e8c2f,HYD-03,19,0.058,1746,1107
81534bc2-1bcf-eeb5-a317-bdc8af9e8c2f,ELEC-04,19,0.073,206,829
81534bc2-1bcf-eeb5-a317-bdc8af9e8c2f,CHS-05,12,0.033,444,1410
460400b3-6973-432a-eab7-be419c98e2cb,ENG-01,17,0.068,0,4422
460400b3-6973-432a-eab7-be419c98e2cb,TRN-02,21,0.063,0,2613
460400b3-6973-432a-eab7-be419c98e2cb,HYD-03,10,0.05,0,1147
460400b3-6973-432a-eab7-be419c98e2cb,ELEC-04,14,0.054,0,799
460400b3-6973-432a-eab7-be419c98e2cb,CHS-05,21,0.018,0,1395
2a1c9e7c-98d1-32a9-d438-a9d1c10d2428,ENG-01,13,0.078,1489,4092
2a1c9e7c-98d1-32a9-d438-a9d1c10d2428,TRN-02,19,0.05,0,2901
2a1c9e7c-98d1-32a9-d438-a9d1c10d2428,HYD-03,12,0.027,0,1067
2a1c9e7c-98d1-32a9-d438-a9d1c10d2428,ELEC-04,14,0.06,1982,782
2a1c9e7c-98d1-32a9-d438-a9d1c10d2428,CHS-05,6,0.029,336,1367
a6ede601-9ac6-c3b1-2694-d3c3b60fb81b,ENG-01,22,0.058,2322,4474
a6ede601-9ac6-c3b1-2694-d3c3b60fb81b,TRN-02,12,0.036,0,2953
a6ede601-9ac6-c3b1-2694-d3c3b60fb81b,HYD-03,11,0.029,585,1124
a6ede601-9ac6-c3b1-2694-d3c3b60fb81b,ELEC-04,15,0.047,2282,839
a6ede601-9ac6-c3b1-2694-d3c3b60fb81b,CHS-05,22,0.023,245,1453
e31215eb-db84-0028-098f-1fe92dedceba,ENG-01,18,0.08,253,4279
e31215eb-db84-0028-098f-1fe92dedceba,TRN-02,11,0.068,0,2582
e31215eb-db84-0028-098f-1fe92dedceba,HYD-03,14,0.027,118,1095
e31215eb-db84-0028-098f-1fe92dedceba,ELEC-04,17,0.065,0,812
e31215eb-db84-0028-098f-1fe92dedceba,CHS-05,7,0.011,863,1398
c9e79bcc-647a-1280-6513-b917943c95f2,ENG-01,9,0.089,0,4297
c9e79bcc-647a-1280-6513-b917943c95f2,TRN-02,20,0.038,0,2568
c9e79bcc-647a-1280-6513-b917943c95f2,HYD-03,9,0.06,0,1113
c9e79bcc-647a-1280-6513-b917943c95f2,ELEC-04,11,0.057,0,796
c9e79bcc-647a-1280-6513-b917943c95f2,CHS-05,10,0.047,0,1395
620ce3ce-06dc-2fb7-0c00-99ea841ec9a9,ENG-01,16,0.066,0,4162
620ce3ce-06dc-2fb7-0c00-99ea841ec9a9,TRN-02,21,0.065,0,2889
620ce3ce-06dc-2fb7-0c00-99ea841ec9a9,HYD-03,11,0.029,0,1112
620ce3ce-06dc-2fb7-0c00-99ea841ec9a9,ELEC-04,8,0.043,0,843
620ce3ce-06dc-2fb7-0c00-99ea841ec9a9,CHS-05,16,0.014,0,1433
5aa9ea41-8c3a-39e3-4267-63272e45125e,ENG-01,3,0.066,1977,4513
5aa9ea41-8c3a-39e3-4267-63272e45125e,TRN-02,5,0.067,416,2962
5aa9ea41-8c3a-39e3-4267-63272e45125e,HYD-03,5,0.028,1468,1166
5aa9ea41-8c3a-39e3-4267-63272e45125e,ELEC-04,15,0.06,782,858
5aa9ea41-8c3a-39e3-4267-63272e45125e,CHS-05,5,0.02,0,1516
b863781f-9e82-fb8c-d32c-51b828557020,ENG-01,15,0.077,0,4209
b863781f-9e82-fb8c-d32c-51b828557020,TRN-02,24,0.057,807,2752
b863781f-9e82-fb8c-d32c-51b828557020,HYD-03,11,0.027,2429,1041
b863781f-9e82-fb8c-d32c-51b828557020,ELEC-04,21,0.045,0,755
b863781f-9e82-fb8c-d32c-51b828557020,CHS-05,17,0.011,0,1359
9903455e-3b25-f64c-74ac-23137af19d63,ENG-01,16,0.062,0,4468
9903455e-3b25-f64c-74ac-23137af19d63,TRN-02,9,0.036,0,2748
9903455e-3b25-f64c-74ac-23137af19d63,HYD-03,10,0.048,0,1143
9903455e-3b25-f64c-74ac-23137af19d63,ELEC-04,15,0.05,0,855
9903455e-3b25-f64c-74ac-23137af19d63,CHS-05,6,0.019,0,1479
0e2a2fb9-98e3-6073-3f4f-bd8c676efe34,ENG-01,10,0.058,1733,4458
0e2a2fb9-98e3-6073-3f4f-bd8c676efe34,TRN-02,9,0.048,0,3105
0e2a2fb9-98e3-6073-3f4f-bd8c676efe34,HYD-03,4,0.053,238,1174
0e2a2fb9-98e3-6073-3f4f-bd8c676efe34,ELEC-04,16,0.067,472,896
0e2a2fb9-98e3-6073-3f4f-bd8c676efe34,CHS-05,6,0.017,1089,1474
e8bea95c-d498-3f6a-1dc2-498b95cfce7d,ENG-01,10,0.055,374,4241
e8bea95c-d498-3f6a-1dc2-498b95cfce7d,TRN-02,18,0.034,777,2673
e8bea95c-d498-3f6a-1dc2-498b95cfce7d,HYD-03,13,0.025,0,1133
e8bea95c-d498-3f6a-1dc2-498b95cfce7d,ELEC-04,11,0.053,1614,829
e8bea95c-d498-3f6a-1dc2-498b95cfce7d,CHS-05,10,0.015,915,1400
bdd5a980-f164-64c0-d635-9e4447b95d15,ENG-01,25,0.068,0,4176
bdd5a980-f164-64c0-d635-9e4447b95d15,TRN-02,22,0.05,195,2488
bdd5a980-f164-64c0-d635-9e4447b95d15,HYD-03,11,0.03,679,1058
bdd5a980-f164-64c0-d635-9e4447b95d15,ELEC-04,23,0.064,2202,765
bdd5a980-f164-64c0-d635-9e4447b95d15,CHS-05,20,0.03,0,1342
03f47073-350b-70f2-61e4-49f7831360ee,ENG-01,22,0.062,0,4496
03f47073-350b-70f2-61e4-49f7831360ee,TRN-02,13,0.033,0,2625
03f47073-350b-70f2-61e4-49f7831360ee,HYD-03,12,0.039,0,1152
03f47073-350b-70f2-61e4-49f7831360ee,ELEC-04,14,0.061,0,825
03f47073-350b-70f2-61e4-49f7831360ee,CHS-05,11,0.042,0,1467
5958d5ea-8be3-8d33-70d0-e1bf023b6a17,ENG-01,12,0.075,0,4300
5958d5ea-8be3-8d33-70d0-e1bf023b6a17,TRN-02,20,0.034,2306,2928
5958d5ea-8be3-8d33-70d0-e1bf023b6a17,HYD-03,22,0.059,3148,1105
5958d5ea-8be3-8d33-70d0-e1bf023b6a17,ELEC-04,13,0.042,2296,815
5958d5ea-8be3-8d33-70d0-e1bf023b6a17,CHS-05,18,0.034,1689,1441
f9358285-38e1-9162-4875-b6378b145e3b,ENG-01,17,0.051,186,4294
f9358285-38e1-9162-4875-b6378b145e3b,TRN-02,12,0.058,0,2933
f9358285-38e1-9162-4875-b6378b145e3b,HYD-03,11,0.048,0,1134
f9358285-38e1-9162-4875-b6378b145e3b,ELEC-04,22,0.067,0,834
f9358285-38e1-9162-4875-b6378b145e3b,CHS-05,19,0.026,322,1440
310c1885-af52-ad2c-3161-f4fbcd027b9b,ENG-01,12,0.075,0,4386
310c1885-af52-ad2c-3161-f4fbcd027b9b,TRN-02,19,0.058,0,2801
310c1885-af52-ad2c-3161-f4fbcd027b9b,HYD-03,23,0.044,0,1174
310c1885-af52-ad2c-3161-f4fbcd027b9b,ELEC-04,18,0.045,0,796
310c1885-af52-ad2c-3161-f4fbcd027b9b,CHS-05,21,0.016,0,1401
8e733b4b-4d84-1816-fdf8-aa8833ded0b8,ENG-01,8,0.066,1969,4452
8e733b4b-4d84-1816-fdf8-aa8833ded0b8,TRN-02,9,0.046,0,2768
8e733b4b-4d84-1816-fdf8-aa8833ded0b8,HYD-03,18,0.034,0,1141
8e733b4b-4d84-1816-fdf8-aa8833ded0b8,ELEC-04,10,0.062,1058,848
8e733b4b-4d84-1816-fdf8-aa8833ded0b8,CHS-05,16,0.012,2540,1467
fac7f0e0-827d-144c-3059-16815ce52c00,ENG-01,23,0.055,1415,4313
fac7f0e0-827d-144c-3059-16815ce52c00,TRN-02,12,0.045,2167,2570
fac7f0e0-827d-144c-3059-16815ce52c00,HYD-03,20,0.033,34,1055
fac7f0e0-827d-144c-3059-16815ce52c00,ELEC-04,12,0.061,1193,767
fac7f0e0-827d-144c-3059-16815ce52c00,CHS-05,24,0.05,2035,1352
d842f346-ec32-ef61-0cf8-1e5c8a1f2f56,ENG-01,17,0.075,438,4087
d842f346-ec32-ef61-0cf8-1e5c8a1f2f56,TRN-02,13,0.052,0,2905
d842f346-ec32-ef61-0cf8-1e5c8a1f2f56,HYD-03,20,0.043,0,1148
d842f346-ec32-ef61-0cf8-1e5c8a1f2f56,ELEC-04,16,0.072,0,823
d842f346-ec32-ef61-0cf8-1e5c8a1f2f56,CHS-05,13,0.022,0,1467
599fd6b0-a730-07fc-27fc-1547e87d5467,ENG-01,14,0.079,533,4563
599fd6b0-a730-07fc-27fc-1547e87d5467,TRN-02,9,0.045,1889,2630
599fd6b0-a730-07fc-27fc-1547e87d5467,HYD-03,12,0.056,917,1129
599fd6b0-a730-07fc-27fc-1547e87d5467,ELEC-04,22,0.066,1805,803
599fd6b0-a730-07fc-27fc-1547e87d5467,CHS-05,16,0.042,2464,1430
5311d4ad-f503-7a91-d781-aa38ef3b796f,ENG-01,14,0.078,0,4231
5311d4ad-f503-7a91-d781-aa38ef3b796f,TRN-02,19,0.049,3479,2556
5311d4ad-f503-7a91-d781-aa38ef3b796f,HYD-03,13,0.03,1589,1063
5311d4ad-f503-7a91-d781-aa38ef3b796f,ELEC-04,18,0.073,2430,727
5311d4ad-f503-7a91-d781-aa38ef3b796f,CHS-05,19,0.034,0,1382
db054a98-286f-a629-93ce-75ac86ae8bc7,ENG-01,18,0.088,1166,3963
db054a98-286f-a629-93ce-75ac86ae8bc7,TRN-02,16,0.046,2639,2641
db054a98-286f-a629-93ce-75ac86ae8bc7,HYD-03,16,0.059,2691,1047
db054a98-286f-a629-93ce-75ac86ae8bc7,ELEC-04,24,0.064,811,761
db054a98-286f-a629-93ce-75ac86ae8bc7,CHS-05,24,0.026,0,1379
0f721d06-65c2-ed2f-3a78-a8e35149e97f,ENG-01,12,0.051,996,4123
0f721d06-65c2-ed2f-3a78-a8e35149e97f,TRN-02,16,0.069,2877,2738
0f721d06-65c2-ed2f-3a78-a8e35149e97f,HYD-03,24,0.06,0,1098
0f721d06-65c2-ed2f-3a78-a8e35149e97f,ELEC-04,15,0.08,967,773
0f721d06-65c2-ed2f-3a78-a8e35149e97f,CHS-05,18,0.043,2383,1349
fcaa497b-eb87-086b-b6bd-dc0f91117440,ENG-01,21,0.072,3066,3942
fcaa497b-eb87-086b-b6bd-dc0f91117440,TRN-02,22,0.065,1079,2748
fcaa497b-eb87-086b-b6bd-dc0f91117440,HYD-03,24,0.05,947,1059
fcaa497b-eb87-086b-b6bd-dc0f91117440,ELEC-04,16,0.07,952,804
fcaa497b-eb87-086b-b6bd-dc0f91117440,CHS-05,14,0.048,0,1366
8baf1d9a-4904-372c-2268-2e3ded9ce750,ENG-01,14,0.051,0,4211
8baf1d9a-4904-372c-2268-2e3ded9ce750,TRN-02,7,0.047,2025,2702
8baf1d9a-4904-372c-2268-2e3ded9ce750,HYD-03,19,0.048,1769,1048
8baf1d9a-4904-372c-2268-2e3ded9ce750,ELEC-04,11,0.043,769,813
8baf1d9a-4904-372c-2268-2e3ded9ce750,CHS-05,8,0.042,1155,1370
ff13ae82-1d1f-d2d4-979c-421f7e2001c2,ENG-01,11,0.07,0,4402
ff13ae82-1d1f-d2d4-979c-421f7e2001c2,TRN-02,16,0.068,2291,2872
ff13ae82-1d1f-d2d4-979c-421f7e2001c2,HYD-03,9,0.027,0,1154
ff13ae82-1d1f-d2d4-979c-421f7e2001c2,ELEC-04,17,0.042,1345,812
ff13ae82-1d1f-d2d4-979c-421f7e2001c2,CHS-05,13,0.031,103,1443
9eef9bdf-e61e-1d1e-a319-ce20abbdbe2f,ENG-01,21,0.051,1098,4222
9eef9bdf-e61e-1d1e-a319-ce20abbdbe2f,TRN-02,18,0.044,444,2925
9eef9bdf-e61e-1d1e-a319-ce20abbdbe2f,HYD-03,17,0.041,0,1101
9eef9bdf-e61e-1d1e-a319-ce20abbdbe2f,ELEC-04,14,0.044,810,866
9eef9bdf-e61e-1d1e-a319-ce20abbdbe2f,CHS-05,8,0.045,1344,1424
9d7bb270-1598-1d6a-65a7-24cc56e3de3f,ENG-01,14,0.066,0,4420
9d7bb270-1598-1d6a-65a7-24cc56e3de3f,TRN-02,15,0.05,520,2854
9d7bb270-1598-1d6a-65a7-24cc56e3de3f,HYD-03,17,0.043,1591,1169
9d7bb270-1598-1d6a-65a7-24cc56e3de3f,ELEC-04,15,0.063,1677,832
9d7bb270-1598-1d6a-65a7-24cc56e3de3f,CHS-05,21,0.027,0,1528
8564721b-edad-bf66-3389-453847dcc619,ENG-01,18,0.06,0,4191
8564721b-edad-bf66-3389-453847dcc619,TRN-02,10,0.06,2266,2947
8564721b-edad-bf66-3389-453847dcc619,HYD-03,12,0.059,0,1181
8564721b-edad-bf66-3389-453847dcc619,ELEC-04,22,0.046,798,873
8564721b-edad-bf66-3389-453847dcc619,CHS-05,22,0.029,0,1457
7115ce56-760b-c151-1c42-e654c0206c82,ENG-01,12,0.072,1079,4357
7115ce56-760b-c151-1c42-e654c0206c82,TRN-02,7,0.052,0,2677
7115ce56-760b-c151-1c42-e654c0206c82,HYD-03,6,0.051,0,1051
7115ce56-760b-c151-1c42-e654c0206c82,ELEC-04,11,0.073,1931,788
7115ce56-760b-c151-1c42-e654c0206c82,CHS-05,8,0.042,2809,1321
895d7936-7711-c6aa-a693-0a9e8f5feeab,ENG-01,18,0.086,1447,4642
895d7936-7711-c6aa-a693-0a9e8f5feeab,TRN-02,16,0.058,0,2941
895d7936-7711-c6aa-a693-0a9e8f5feeab,HYD-03,9,0.022,1416,1148
895d7936-7711-c6aa-a693-0a9e8f5feeab,ELEC-04,21,0.043,1873,836
895d7936-7711-c6aa-a693-0a9e8f5feeab,CHS-05,22,0.043,1763,1496
922803e4-8d6a-a0bd-d258-c992ec96ea88,ENG-01,14,0.06,0,4765
922803e4-8d6a-a0bd-d258-c992ec96ea88,TRN-02,12,0.059,239,3003
922803e4-8d6a-a0bd-d258-c992ec96ea88,HYD-03,4,0.044,0,1180
922803e4-8d6a-a0bd-d258-c992ec96ea88,ELEC-04,7,0.071,4186,855
922803e4-8d6a-a0bd-d258-c992ec96ea88,CHS-05,16,0.014,435,1495
42f78948-a86e-9074-1917-d21ad8a6072c,ENG-01,15,0.082,159,4095
42f78948-a86e-9074-1917-d21ad8a6072c,TRN-02,13,0.054,2725,2964
42f78948-a86e-9074-1917-d21ad8a6072c,HYD-03,22,0.045,1754,1117
42f78948-a86e-9074-1917-d21ad8a6072c,ELEC-04,21,0.071,823,831
42f78948-a86e-9074-1917-d21ad8a6072c,CHS-05,12,0.022,2698,1355
16840073-1747-0838-635f-d6920cb96acd,ENG-01,22,0.066,1183,4453
16840073-1747-0838-635f-d6920cb96acd,TRN-02,11,0.061,437,2777
16840073-1747-0838-635f-d6920cb96acd,HYD-03,10,0.057,1254,1146
16840073-1747-0838-635f-d6920cb96acd,ELEC-04,12,0.04,701,831
16840073-1747-0838-635f-d6920cb96acd,CHS-05,18,0.01,3004,1453
5b27c72a-ebcc-bd05-c038-e97d038838b1,ENG-01,17,0.071,0,4300
5b27c72a-ebcc-bd05-c038-e97d038838b1,TRN-02,11,0.049,0,2608
5b27c72a-ebcc-bd05-c038-e97d038838b1,HYD-03,16,0.054,0,1066
5b27c72a-ebcc-bd05-c038-e97d038838b1,ELEC-04,6,0.058,388,767
5b27c72a-ebcc-bd05-c038-e97d038838b1,CHS-05,19,0.02,0,1466
0c046128-9195-2c7d-0221-4a066615d60f,ENG-01,9,0.08,57,4534
0c046128-9195-2c7d-0221-4a066615d60f,TRN-02,4,0.059,0,2656
0c046128-9195-2c7d-0221-4a066615d60f,HYD-03,6,0.038,0,1187
0c046128-9195-2c7d-0221-4a066615d60f,ELEC-04,2,0.062,0,827
0c046128-9195-2c7d-0221-4a066615d60f,CHS-05,16,0.046,0,1520
6e12152b-c929-ed11-a482-0a7a92e65ef6,ENG-01,18,0.057,0,4521
6e12152b-c929-ed11-a482-0a7a92e65ef6,TRN-02,15,0.042,0,2882
6e12152b-c929-ed11-a482-0a7a92e65ef6,HYD-03,20,0.025,0,1093
6e12152b-c929-ed11-a482-0a7a92e65ef6,ELEC-04,19,0.05,553,798
6e12152b-c929-ed11-a482-0a7a92e65ef6,CHS-05,11,0.016,0,1407
3a10138a-abb8-20b6-c86f-fc3c797b84cf,ENG-01,8,0.074,0,4521
3a10138a-abb8-20b6-c86f-fc3c797b84cf,TRN-02,16,0.054,0,3031
3a10138a-abb8-20b6-c86f-fc3c797b84cf,HYD-03,14,0.051,0,1158
3a10138a-abb8-20b6-c86f-fc3c797b84cf,ELEC-04,6,0.079,1989,845
3a10138a-abb8-20b6-c86f-fc3c797b84cf,CHS-05,5,0.046,404,1471
f6818e3c-ac9f-f194-a799-2b284fdf5736,ENG-01,13,0.064,741,4416
f6818e3c-ac9f-f194-a799-2b284fdf5736,TRN-02,21,0.054,1676,2742
f6818e3c-ac9f-f194-a799-2b284fdf5736,HYD-03,18,0.059,1791,1135
f6818e3c-ac9f-f194-a799-2b284fdf5736,ELEC-04,23,0.051,2318,850
f6818e3c-ac9f-f194-a799-2b284fdf5736,CHS-05,14,0.039,0,1479
d85192d6-dd2e-9323-e158-7bfd83535ffe,ENG-01,7,0.076,0,4117
d85192d6-dd2e-9323-e158-7bfd83535ffe,TRN-02,7,0.07,0,2863
d85192d6-dd2e-9323-e158-7bfd83535ffe,HYD-03,20,0.023,0,1078
d85192d6-dd2e-9323-e158-7bfd83535ffe,ELEC-04,16,0.06,180,796
d85192d6-dd2e-9323-e158-7bfd83535ffe,CHS-05,20,0.03,645,1434
21568d2c-e070-91bd-9c5b-69e9a7cec96e,ENG-01,13,0.078,824,4368
21568d2c-e070-91bd-9c5b-69e9a7cec96e,TRN-02,5,0.041,547,3109
21568d2c-e070-91bd-9c5b-69e9a7cec96e,HYD-03,7,0.036,0,1167
21568d2c-e070-91bd-9c5b-69e9a7cec96e,ELEC-04,10,0.069,1310,933
21568d2c-e070-91bd-9c5b-69e9a7cec96e,CHS-05,9,0.037,112,1497
9b93e6d4-fcf9-1372-450e-ebc33c62d192,ENG-01,25,0.065,358,4245
9b93e6d4-fcf9-1372-450e-ebc33c62d192,TRN-02,23,0.037,1613,2614
9b93e6d4-fcf9-1372-450e-ebc33c62d192,HYD-03,20,0.039,420,1077
9b93e6d4-fcf9-1372-450e-ebc33c62d192,ELEC-04,11,0.07,0,759
9b93e6d4-fcf9-1372-450e-ebc33c62d192,CHS-05,13,0.015,0,1329
0ca84f96-b7d2-73b0-be91-336aa0a9bc46,ENG-01,17,0.072,0,4273
0ca84f96-b7d2-73b0-be91-336aa0a9bc46,TRN-02,20,0.069,873,2986
0ca84f96-b7d2-73b0-be91-336aa0a9bc46,HYD-03,19,0.05,1466,1109
0ca84f96-b7d2-73b0-be91-336aa0a9bc46,ELEC-04,8,0.065,0,841
0ca84f96-b7d2-73b0-be91-336aa0a9bc46,CHS-05,21,0.031,0,1490
bb118c6c-2b82-0c99-0b03-cd5237db24bd,ENG-01,12,0.069,1381,3975
bb118c6c-2b82-0c99-0b03-cd5237db24bd,TRN-02,13,0.066,731,2899
bb118c6c-2b82-0c99-0b03-cd5237db24bd,HYD-03,15,0.025,368,1102
bb118c6c-2b82-0c99-0b03-cd5237db24bd,ELEC-04,17,0.062,855,825
bb118c6c-2b82-0c99-0b03-cd5237db24bd,CHS-05,6,0.02,0,1395
b1fe3aa1-e5df-5429-62dd-aeccb8ead1a2,ENG-01,13,0.088,996,4245
b1fe3aa1-e5df-5429-62dd-aeccb8ead1a2,TRN-02,19,0.039,0,3010
b1fe3aa1-e5df-5429-62dd-aeccb8ead1a2,HYD-03,11,0.028,0,1147
b1fe3aa1-e5df-5429-62dd-aeccb8ead1a2,ELEC-04,18,0.065,129,873
b1fe3aa1-e5df-5429-62dd-aeccb8ead1a2,CHS-05,11,0.024,0,1502
b310d6c6-35d7-6582-e5ca-de0bddf2822a,ENG-01,8,0.062,2396,4410
b310d6c6-35d7-6582-e5ca-de0bddf2822a,TRN-02,20,0.051,3120,2679
b310d6c6-35d7-6582-e5ca-de0bddf2822a,HYD-03,15,0.041,0,1150
b310d6c6-35d7-6582-e5ca-de0bddf2822a,ELEC-04,11,0.059,626,798
b310d6c6-35d7-6582-e5ca-de0bddf2822a,CHS-05,11,0.027,2317,1388
1482e583-e27b-5b21-73fc-3c438382d786,ENG-01,8,0.083,0,4321
1482e583-e27b-5b21-73fc-3c438382d786,TRN-02,22,0.069,1993,2732
1482e583-e27b-5b21-73fc-3c438382d786,HYD-03,9,0.047,904,1118
1482e583-e27b-5b21-73fc-3c438382d786,ELEC-04,21,0.049,0,794
1482e583-e27b-5b21-73fc-3c438382d786,CHS-05,16,0.031,1867,1434
5114b4d0-37fe-c131-04b0-bb86e2fe86d3,ENG-01,15,0.066,0,4445
5114b4d0-37fe-c131-04b0-bb86e2fe86d3,TRN-02,22,0.053,0,2858
5114b4d0-37fe-c131-04b0-bb86e2fe86d3,HYD-03,19,0.025,55,1102
5114b4d0-37fe-c131-04b0-bb86e2fe86d3,ELEC-04,14,0.06,0,831
5114b4d0-37fe-c131-04b0-bb86e2fe86d3,CHS-05,23,0.018,0,1424
a414f237-e072-163f-db28-86fba5809c7e,ENG-01,6,0.056,550,4652
a414f237-e072-163f-db28-86fba5809c7e,TRN-02,6,0.043,0,2963
a414f237-e072-163f-db28-86fba5809c7e,HYD-03,10,0.026,0,1193
a414f237-e072-163f-db28-86fba5809c7e,ELEC-04,7,0.075,498,862
a414f237-e072-163f-db28-86fba5809c7e,CHS-05,2,0.045,0,1532
57be1571-9596-64d5-7a00-54c668403cbb,ENG-01,11,0.078,2859,4239
57be1571-9596-64d5-7a00-54c668403cbb,TRN-02,9,0.056,3582,2721
57be1571-9596-64d5-7a00-54c668403cbb,HYD-03,6,0.043,1604,1055
57be1571-9596-64d5-7a00-54c668403cbb,ELEC-04,19,0.075,105,787
57be1571-9596-64d5-7a00-54c668403cbb,CHS-05,12,0.014,300,1357
76c4af94-4ea2-7e7e-1d05-4ea123266562,ENG-01,9,0.052,0,4279
76c4af94-4ea2-7e7e-1d05-4ea123266562,TRN-02,18,0.049,1728,2774
76c4af94-4ea2-7e7e-1d05-4ea123266562,HYD-03,21,0.035,519,1087
76c4af94-4ea2-7e7e-1d05-4ea123266562,ELEC-04,10,0.065,2117,799
76c4af94-4ea2-7e7e-1d05-4ea123266562,CHS-05,19,0.024,1397,1489
04b4daf4-89c4-8fcb-e8eb-6995e441261f,ENG-01,17,0.072,0,3926
04b4daf4-89c4-8fcb-e8eb-6995e441261f,TRN-02,14,0.059,3453,2694
04b4daf4-89c4-8fcb-e8eb-6995e441261f,HYD-03,20,0.047,0,1070
04b4daf4-89c4-8fcb-e8eb-6995e441261f,ELEC-04,11,0.049,387,741
04b4daf4-89c4-8fcb-e8eb-6995e441261f,CHS-05,16,0.05,2676,1344
74908f57-925b-b62a-b98a-c754e3b3b25d,ENG-01,8,0.068,0,4318
74908f57-925b-b62a-b98a-c754e3b3b25d,TRN-02,20,0.04,1668,2753
74908f57-925b-b62a-b98a-c754e3b3b25d,HYD-03,6,0.048,267,1054
74908f57-925b-b62a-b98a-c754e3b3b25d,ELEC-04,9,0.068,2602,780
74908f57-925b-b62a-b98a-c754e3b3b25d,CHS-05,16,0.038,0,1377
7731463d-0dd6-4449-3387-27e6abaae318,ENG-01,11,0.079,285,4220
7731463d-0dd6-4449-3387-27e6abaae318,TRN-02,15,0.047,0,2801
7731463d-0dd6-4449-3387-27e6abaae318,HYD-03,18,0.057,0,1120
7731463d-0dd6-4449-3387-27e6abaae318,ELEC-04,12,0.053,531,822
7731463d-0dd6-4449-3387-27e6abaae318,CHS-05,13,0.043,418,1355
1abb0673-0a52-50de-0014-52e3301a7e41,ENG-01,15,0.089,0,4517
1abb0673-0a52-50de-0014-52e3301a7e41,TRN-02,15,0.053,742,2835
1abb0673-0a52-50de-0014-52e3301a7e41,HYD-03,15,0.032,2424,1117
1abb0673-0a52-50de-0014-52e3301a7e41,ELEC-04,16,0.071,0,842
1abb0673-0a52-50de-0014-52e3301a7e41,CHS-05,21,0.011,508,1479
9e0ce7a0-418d-0b19-13df-7a86dcbf9eb1,ENG-01,11,0.054,2591,4432
9e0ce7a0-418d-0b19-13df-7a86dcbf9eb1,TRN-02,16,0.046,0,2757
9e0ce7a0-418d-0b19-13df-7a86dcbf9eb1,HYD-03,17,0.041,0,1108
9e0ce7a0-418d-0b19-13df-7a86dcbf9eb1,ELEC-04,10,0.067,0,811
9e0ce7a0-418d-0b19-13df-7a86dcbf9eb1,CHS-05,20,0.028,0,1443
49410bd1-54f3-2044-1873-8dede2ff3c5e,ENG-01,21,0.071,0,4329
49410bd1-54f3-2044-1873-8dede2ff3c5e,TRN-02,19,0.064,0,2464
49410bd1-54f3-2044-1873-8dede2ff3c5e,HYD-03,11,0.03,0,1085
49410bd1-54f3-2044-1873-8dede2ff3c5e,ELEC-04,17,0.054,0,774
49410bd1-54f3-2044-1873-8dede2ff3c5e,CHS-05,25,0.027,0,1408
6a0cc8d0-b9bf-df72-5fd6-2a9a59595f0e,ENG-01,20,0.061,0,4430
6a0cc8d0-b9bf-df72-5fd6-2a9a59595f0e,TRN-02,10,0.044,853,2806
6a0cc8d0-b9bf-df72-5fd6-2a9a59595f0e,HYD-03,19,0.052,3713,1110
6a0cc8d0-b9bf-df72-5fd6-2a9a59595f0e,ELEC-04,10,0.072,2020,841
6a0cc8d0-b9bf-df72-5fd6-2a9a59595f0e,CHS-05,20,0.042,226,1453
a19a2345-1553-3c0a-44cf-e0847feb5b2f,ENG-01,6,0.06,0,4603
a19a2345-1553-3c0a-44cf-e0847feb5b2f,TRN-02,13,0.042,0,2675
a19a2345-1553-3c0a-44cf-e0847feb5b2f,HYD-03,9,0.021,0,1185
a19a2345-1553-3c0a-44cf-e0847feb5b2f,ELEC-04,11,0.051,0,831
a19a2345-1553-3c0a-44cf-e0847feb5b2f,CHS-05,7,0.021,0,1523
1ae11028-db85-bdb3-adc5-e682521f8860,ENG-01,20,0.055,743,4055
1ae11028-db85-bdb3-adc5-e682521f8860,TRN-02,13,0.041,1250,2795
1ae11028-db85-bdb3-adc5-e682521f8860,HYD-03,18,0.04,0,1058
1ae11028-db85-bdb3-adc5-e682521f8860,ELEC-04,16,0.068,0,800
1ae11028-db85-bdb3-adc5-e682521f8860,CHS-05,7,0.015,1888,1393
504043ab-fa07-dad7-80dc-94413aacc374,ENG-01,15,0.054,615,3978
504043ab-fa07-dad7-80dc-94413aacc374,TRN-02,23,0.068,2491,2695
504043ab-fa07-dad7-80dc-94413aacc374,HYD-03,15,0.027,618,1066
504043ab-fa07-dad7-80dc-94413aacc374,ELEC-04,21,0.07,0,810
504043ab-fa07-dad7-80dc-94413aacc374,CHS-05,25,0.033,0,1378
4fcdc245-a47b-0bd3-8eb7-934ec584e788,ENG-01,23,0.063,0,4305
4fcdc245-a47b-0bd3-8eb7-934ec584e788,TRN-02,14,0.044,0,2669
4fcdc245-a47b-0bd3-8eb7-934ec584e788,HYD-03,19,0.036,381,1076
4fcdc245-a47b-0bd3-8eb7-934ec584e788,ELEC-04,25,0.075,973,754
4fcdc245-a47b-0bd3-8eb7-934ec584e788,CHS-05,24,0.039,0,1358
6f21bc44-588c-ccf0-e1a4-11a0b65671e5,ENG-01,20,0.08,403,4496
6f21bc44-588c-ccf0-e1a4-11a0b65671e5,TRN-02,11,0.04,0,2804
6f21bc44-588c-ccf0-e1a4-11a0b65671e5,HYD-03,18,0.048,0,1160
6f21bc44-588c-ccf0-e1a4-11a0b65671e5,ELEC-04,9,0.055,0,804
6f21bc44-588c-ccf0-e1a4-11a0b65671e5,CHS-05,21,0.033,24,1472
10842524-d66f-bd42-3a7b-b46b83516ffa,ENG-01,15,0.082,1448,4550
10842524-d66f-bd42-3a7b-b46b83516ffa,TRN-02,13,0.036,956,2967
10842524-d66f-bd42-3a7b-b46b83516ffa,HYD-03,16,0.032,1365,1146
10842524-d66f-bd42-3a7b-b46b83516ffa,ELEC-04,11,0.057,1383,853
10842524-d66f-bd42-3a7b-b46b83516ffa,CHS-05,14,0.013,0,1461
70d80955-1a19-3ad6-95df-61ffae662c34,ENG-01,23,0.085,2099,4092
70d80955-1a19-3ad6-95df-61ffae662c34,TRN-02,11,0.053,3273,2783
70d80955-1a19-3ad6-95df-61ffae662c34,HYD-03,24,0.052,96,1060
70d80955-1a19-3ad6-95df-61ffae662c34,ELEC-04,12,0.047,0,741
70d80955-1a19-3ad6-95df-61ffae662c34,CHS-05,13,0.026,0,1389
e4638f88-1ada-9524-e338-193f42ebb811,ENG-01,14,0.075,0,4101
e4638f88-1ada-9524-e338-193f42ebb811,TRN-02,18,0.039,0,2624
e4638f88-1ada-9524-e338-193f42ebb811,HYD-03,21,0.045,404,1041
e4638f88-1ada-9524-e338-193f42ebb811,ELEC-04,19,0.076,1263,776
e4638f88-1ada-9524-e338-193f42ebb811,CHS-05,12,0.047,2448,1353
a9124d7a-41ea-b903-42f1-9975b15e0a2a,ENG-01,15,0.056,3446,4458
a9124d7a-41ea-b903-42f1-9975b15e0a2a,TRN-02,11,0.068,876,2768
a9124d7a-41ea-b903-42f1-9975b15e0a2a,HYD-03,20,0.051,1697,1111
a9124d7a-41ea-b903-42f1-9975b15e0a2a,ELEC-04,11,0.045,0,806
a9124d7a-41ea-b903-42f1-9975b15e0a2a,CHS-05,17,0.013,1264,1449
d805fb50-0442-2fe3-2d61-eccbb38246e2,ENG-01,8,0.062,0,4241
d805fb50-0442-2fe3-2d61-eccbb38246e2,TRN-02,18,0.031,0,2553
d805fb50-0442-2fe3-2d61-eccbb38246e2,HYD-03,7,0.058,0,1092
d805fb50-0442-2fe3-2d61-eccbb38246e2,ELEC-04,10,0.06,0,776
d805fb50-0442-2fe3-2d61-eccbb38246e2,CHS-05,10,0.046,0,1411
c171282e-0a94-6df8-4383-8713cfb7410d,ENG-01,9,0.078,1011,4470
c171282e-0a94-6df8-4383-8713cfb7410d,TRN-02,22,0.049,754,2972
c171282e-0a94-6df8-4383-8713cfb7410d,HYD-03,10,0.042,1226,1214
c171282e-0a94-6df8-4383-8713cfb7410d,ELEC-04,18,0.052,2057,867
c171282e-0a94-6df8-4383-8713cfb7410d,CHS-05,21,0.04,310,1465
6e857ae5-b01d-e1f6-63ef-80f6c5d9969e,ENG-01,3,0.054,24,4639
6e857ae5-b01d-e1f6-63ef-80f6c5d9969e,TRN-02,11,0.03,1076,2870
6e857ae5-b01d-e1f6-63ef-80f6c5d9969e,HYD-03,12,0.022,535,1167
6e857ae5-b01d-e1f6-63ef-80f6c5d9969e,ELEC-04,14,0.045,2062,835
6e857ae5-b01d-e1f6-63ef-80f6c5d9969e,CHS-05,5,0.017,0,1453
cc09ce7b-eb80-95c1-04c9-30b28c4e703c,ENG-01,13,0.068,0,4457
cc09ce7b-eb80-95c1-04c9-30b28c4e703c,TRN-02,21,0.04,2653,2756
cc09ce7b-eb80-95c1-04c9-30b28c4e703c,HYD-03,20,0.053,0,1084
cc09ce7b-eb80-95c1-04c9-30b28c4e703c,ELEC-04,15,0.051,1211,815
cc09ce7b-eb80-95c1-04c9-30b28c4e703c,CHS-05,16,0.041,1197,1453
0b7fd488-0741-60a9-e4ba-73d751126cac,ENG-01,16,0.054,0,4338
0b7fd488-0741-60a9-e4ba-73d751126cac,TRN-02,16,0.068,0,3066
0b7fd488-0741-60a9-e4ba-73d751126cac,HYD-03,7,0.021,570,1167
0b7fd488-0741-60a9-e4ba-73d751126cac,ELEC-04,16,0.049,0,895
0b7fd488-0741-60a9-e4ba-73d751126cac,CHS-05,13,0.044,42,1545
6bde3ae1-8fe2-d1a3-6647-bb9304c7abe5,ENG-01,9,0.074,1948,4316
6bde3ae1-8fe2-d1a3-6647-bb9304c7abe5,TRN-02,12,0.06,0,2792
6bde3ae1-8fe2-d1a3-6647-bb9304c7abe5,HYD-03,12,0.041,1102,1161
6bde3ae1-8fe2-d1a3-6647-bb9304c7abe5,ELEC-04,11,0.068,0,850
6bde3ae1-8fe2-d1a3-6647-bb9304c7abe5,CHS-05,12,0.013,2095,1489
408c9969-b518-148d-bd67-37cd7dd77703,ENG-01,22,0.067,33,4261
408c9969-b518-148d-bd67-37cd7dd77703,TRN-02,15,0.044,199,2903
408c9969-b518-148d-bd67-37cd7dd77703,HYD-03,13,0.054,18,1134
408c9969-b518-148d-bd67-37cd7dd77703,ELEC-04,14,0.071,234,851
408c9969-b518-148d-bd67-37cd7dd77703,CHS-05,18,0.017,609,1409
26a80127-421b-b30f-1568-28d9594784d4,ENG-01,16,0.051,1291,4199
26a80127-421b-b30f-1568-28d9594784d4,TRN-02,14,0.041,871,2793
26a80127-421b-b30f-1568-28d9594784d4,HYD-03,18,0.036,351,1097
26a80127-421b-b30f-1568-28d9594784d4,ELEC-04,20,0.07,0,825
26a80127-421b-b30f-1568-28d9594784d4,CHS-05,18,0.025,0,1481
1309d909-e0c8-e214-7abe-23462f753398,ENG-01,16,0.052,1356,4517
1309d909-e0c8-e214-7abe-23462f753398,TRN-02,18,0.057,1341,2616
1309d909-e0c8-e214-7abe-23462f753398,HYD-03,10,0.043,1012,1153
1309d909-e0c8-e214-7abe-23462f753398,ELEC-04,14,0.046,363,810
1309d909-e0c8-e214-7abe-23462f753398,CHS-05,23,0.047,1303,1476
ad231a6d-f4d1-46c8-0d9c-f2aef48c4441,ENG-01,20,0.078,728,4092
ad231a6d-f4d1-46c8-0d9c-f2aef48c4441,TRN-02,22,0.033,1334,2631
ad231a6d-f4d1-46c8-0d9c-f2aef48c4441,HYD-03,21,0.048,1659,1056
ad231a6d-f4d1-46c8-0d9c-f2aef48c4441,ELEC-04,13,0.069,384,778
ad231a6d-f4d1-46c8-0d9c-f2aef48c4441,CHS-05,24,0.025,1533,1343
15234534-f38d-73a2-16d0-7e483738d15c,ENG-01,10,0.055,0,4731
15234534-f38d-73a2-16d0-7e483738d15c,TRN-02,3,0.055,0,2834
15234534-f38d-73a2-16d0-7e483738d15c,HYD-03,8,0.053,0,1186
15234534-f38d-73a2-16d0-7e483738d15c,ELEC-04,5,0.05,495,821
15234534-f38d-73a2-16d0-7e483738d15c,CHS-05,13,0.032,197,1485
6430c771-790b-4b64-10bc-cf07cdbc48d2,ENG-01,20,0.067,2452,4556
6430c771-790b-4b64-10bc-cf07cdbc48d2,TRN-02,9,0.056,0,2621
6430c771-790b-4b64-10bc-cf07cdbc48d2,HYD-03,22,0.041,1634,1143
6430c771-790b-4b64-10bc-cf07cdbc48d2,ELEC-04,11,0.071,0,815
6430c771-790b-4b64-10bc-cf07cdbc48d2,CHS-05,23,0.037,2012,1517
587c7597-07a2-da0f-8726-cbb19391f7d5,ENG-01,22,0.071,709,4319
587c7597-07a2-da0f-8726-cbb19391f7d5,TRN-02,18,0.033,267,2937
587c7597-07a2-da0f-8726-cbb19391f7d5,HYD-03,14,0.031,284,1113
587c7597-07a2-da0f-8726-cbb19391f7d5,ELEC-04,14,0.058,0,883
587c7597-07a2-da0f-8726-cbb19391f7d5,CHS-05,21,0.038,149,1442
180f0613-d6c2-df19-a057-1566ffc785a4,ENG-01,15,0.076,0,4178
180f0613-d6c2-df19-a057-1566ffc785a4,TRN-02,18,0.047,500,2837
180f0613-d6c2-df19-a057-1566ffc785a4,HYD-03,16,0.034,0,1061
180f0613-d6c2-df19-a057-1566ffc785a4,ELEC-04,12,0.075,1006,796
180f0613-d6c2-df19-a057-1566ffc785a4,CHS-05,16,0.013,2303,1364
b130ab8f-25fd-ae37-aa5f-08568ff995c7,ENG-01,12,0.05,959,4414
b130ab8f-25fd-ae37-aa5f-08568ff995c7,TRN-02,15,0.036,0,3024
b130ab8f-25fd-ae37-aa5f-08568ff995c7,HYD-03,13,0.032,1067,1192
b130ab8f-25fd-ae37-aa5f-08568ff995c7,ELEC-04,11,0.061,1041,826
b130ab8f-25fd-ae37-aa5f-08568ff995c7,CHS-05,9,0.041,0,1497
261845ea-2753-f0cc-749f-d16f53169cd1,ENG-01,15,0.053,1355,4321
261845ea-2753-f0cc-749f-d16f53169cd1,TRN-02,14,0.069,735,2862
261845ea-2753-f0cc-749f-d16f53169cd1,HYD-03,19,0.04,1855,1127
261845ea-2753-f0cc-749f-d16f53169cd1,ELEC-04,16,0.076,1768,840
261845ea-2753-f0cc-749f-d16f53169cd1,CHS-05,9,0.014,0,1493
60cf67c7-f7f3-9de2-8c85-e7be4b3ba3f4,ENG-01,18,0.084,0,4348
60cf67c7-f7f3-9de2-8c85-e7be4b3ba3f4,TRN-02,9,0.037,0,2578
60cf67c7-f7f3-9de2-8c85-e7be4b3ba3f4,HYD-03,11,0.043,0,1124
60cf67c7-f7f3-9de2-8c85-e7be4b3ba3f4,ELEC-04,8,0.052,0,737
60cf67c7-f7f3-9de2-8c85-e7be4b3ba3f4,CHS-05,13,0.039,0,1354
5868e4db-c127-e89a-5df0-19aa1cc98587,ENG-01,10,0.055,0,4569
5868e4db-c127-e89a-5df0-19aa1cc98587,TRN-02,12,0.047,940,2969
5868e4db-c127-e89a-5df0-19aa1cc98587,HYD-03,8,0.045,0,1142
5868e4db-c127-e89a-5df0-19aa1cc98587,ELEC-04,7,0.059,0,848
5868e4db-c127-e89a-5df0-19aa1cc98587,CHS-05,13,0.023,0,1518
ab9eab45-4e9f-dcc4-0f57-9e932d225e78,ENG-01,20,0.058,503,4228
ab9eab45-4e9f-dcc4-0f57-9e932d225e78,TRN-02,19,0.068,191,2777
ab9eab45-4e9f-dcc4-0f57-9e932d225e78,HYD-03,15,0.038,942,1114
ab9eab45-4e9f-dcc4-0f57-9e932d225e78,ELEC-04,21,0.063,485,803
ab9eab45-4e9f-dcc4-0f57-9e932d225e78,CHS-05,20,0.042,0,1403
823b171f-1175-142a-4e43-04fa41648ad5,ENG-01,9,0.06,0,4358
823b171f-1175-142a-4e43-04fa41648ad5,TRN-02,12,0.048,0,2888
823b171f-1175-142a-4e43-04fa41648ad5,HYD-03,22,0.033,380,1130
823b171f-1175-142a-4e43-04fa41648ad5,ELEC-04,18,0.073,506,847
823b171f-1175-142a-4e43-04fa41648ad5,CHS-05,14,0.019,1197,1464
2df191b8-40e6-4a84-81a5-0e24eaf22e4c,ENG-01,11,0.051,3533,4170
2df191b8-40e6-4a84-81a5-0e24eaf22e4c,TRN-02,12,0.046,1773,2533
2df191b8-40e6-4a84-81a5-0e24eaf22e4c,HYD-03,6,0.046,0,1095
2df191b8-40e6-4a84-81a5-0e24eaf22e4c,ELEC-04,9,0.067,2934,787
2df191b8-40e6-4a84-81a5-0e24eaf22e4c,CHS-05,12,0.036,2560,1429
58285416-7951-d7b2-ba6d-8b809e5f28c6,ENG-01,6,0.074,0,4195
58285416-7951-d7b2-ba6d-8b809e5f28c6,TRN-02,14,0.035,327,2531
58285416-7951-d7b2-ba6d-8b809e5f28c6,HYD-03,15,0.04,0,1101
58285416-7951-d7b2-ba6d-8b809e5f28c6,ELEC-04,13,0.051,1617,795
58285416-7951-d7b2-ba6d-8b809e5f28c6,CHS-05,14,0.047,0,1381
6d1dea50-4bfd-1ee5-82fa-1ec50c2a82af,ENG-01,11,0.082,2029,4137
6d1dea50-4bfd-1ee5-82fa-1ec50c2a82af,TRN-02,12,0.058,537,2818
6d1dea50-4bfd-1ee5-82fa-1ec50c2a82af,HYD-03,6,0.053,723,1106
6d1dea50-4bfd-1ee5-82fa-1ec50c2a82af,ELEC-04,13,0.053,0,817
6d1dea50-4bfd-1ee5-82fa-1ec50c2a82af,CHS-05,12,0.019,0,1395
f31f3c91-fcd3-e115-e60c-09c89bc26408,ENG-01,17,0.079,510,4242
f31f3c91-fcd3-e115-e60c-09c89bc26408,TRN-02,14,0.039,0,2538
f31f3c91-fcd3-e115-e60c-09c89bc26408,HYD-03,19,0.039,1162,1130
f31f3c91-fcd3-e115-e60c-09c89bc26408,ELEC-04,11,0.066,652,762
f31f3c91-fcd3-e115-e60c-09c89bc26408,CHS-05,10,0.032,0,1374
92d8d5dc-c1ae-1ae5-c42d-33e35145f3b9,ENG-01,17,0.079,0,4168
92d8d5dc-c1ae-1ae5-c42d-33e35145f3b9,TRN-02,16,0.032,0,2446
92d8d5dc-c1ae-1ae5-c42d-33e35145f3b9,HYD-03,11,0.054,0,1065
92d8d5dc-c1ae-1ae5-c42d-33e35145f3b9,ELEC-04,25,0.044,0,785
92d8d5dc-c1ae-1ae5-c42d-33e35145f3b9,CHS-05,24,0.029,0,1399
ddf99e39-6d80-95ea-cbdc-691586f4b841,ENG-01,19,0.075,2620,4405
ddf99e39-6d80-95ea-cbdc-691586f4b841,TRN-02,12,0.064,932,2912
ddf99e39-6d80-95ea-cbdc-691586f4b841,HYD-03,8,0.03,1955,1087
ddf99e39-6d80-95ea-cbdc-691586f4b841,ELEC-04,22,0.046,141,852
ddf99e39-6d80-95ea-cbdc-691586f4b841,CHS-05,8,0.025,1484,1389
de416cd0-936d-7420-4379-6109502f71be,ENG-01,15,0.071,0,4020
de416cd0-936d-7420-4379-6109502f71be,TRN-02,13,0.06,1429,2746
de416cd0-936d-7420-4379-6109502f71be,HYD-03,11,0.044,1357,1046
de416cd0-936d-7420-4379-6109502f71be,ELEC-04,11,0.077,0,782
de416cd0-936d-7420-4379-6109502f71be,CHS-05,18,0.017,869,1363
7b06d82f-0dd1-ed51-15f2-4dbe20888d16,ENG-01,17,0.079,1331,4382
7b06d82f-0dd1-ed51-15f2-4dbe20888d16,TRN-02,19,0.034,0,2768
7b06d82f-0dd1-ed51-15f2-4dbe20888d16,HYD-03,10,0.036,0,1110
7b06d82f-0dd1-ed51-15f2-4dbe20888d16,ELEC-04,13,0.056,1680,822
7b06d82f-0dd1-ed51-15f2-4dbe20888d16,CHS-05,17,0.012,710,1406
38bf1d42-4e69-5e2d-1de8-1a9890a775c0,ENG-01,19,0.089,0,4424
38bf1d42-4e69-5e2d-1de8-1a9890a775c0,TRN-02,17,0.069,1331,2816
38bf1d42-4e69-5e2d-1de8-1a9890a775c0,HYD-03,13,0.041,0,1145
38bf1d42-4e69-5e2d-1de8-1a9890a775c0,ELEC-04,15,0.067,0,812
38bf1d42-4e69-5e2d-1de8-1a9890a775c0,CHS-05,12,0.022,0,1378
74f4e3ce-f6c9-b32f-9891-8a40356334db,ENG-01,3,0.069,3508,4537
74f4e3ce-f6c9-b32f-9891-8a40356334db,TRN-02,15,0.053,2631,2920
74f4e3ce-f6c9-b32f-9891-8a40356334db,HYD-03,10,0.032,0,1164
74f4e3ce-f6c9-b32f-9891-8a40356334db,ELEC-04,11,0.058,1906,861
74f4e3ce-f6c9-b32f-9891-8a40356334db,CHS-05,12,0.013,1631,1537
83df69fb-3172-3134-a5cb-5ec9a0a4a6fc,ENG-01,13,0.056,0,4198
83df69fb-3172-3134-a5cb-5ec9a0a4a6fc,TRN-02,8,0.033,0,2776
83df69fb-3172-3134-a5cb-5ec9a0a4a6fc,HYD-03,9,0.023,800,1096
83df69fb-3172-3134-a5cb-5ec9a0a4a6fc,ELEC-04,15,0.042,0,798
83df69fb-3172-3134-a5cb-5ec9a0a4a6fc,CHS-05,9,0.013,1143,1389
5fb4a13c-7294-88c4-4443-c61749c4a1f9,ENG-01,13,0.065,867,4200
5fb4a13c-7294-88c4-4443-c61749c4a1f9,TRN-02,21,0.064,456,2937
5fb4a13c-7294-88c4-4443-c61749c4a1f9,HYD-03,9,0.045,732,1135
5fb4a13c-7294-88c4-4443-c61749c4a1f9,ELEC-04,22,0.059,0,900
5fb4a13c-7294-88c4-4443-c61749c4a1f9,CHS-05,23,0.022,864,1462
57e6a7a4-fbaf-b6df-3a5e-09ede0c7e2b2,ENG-01,4,0.064,8,4502
57e6a7a4-fbaf-b6df-3a5e-09ede0c7e2b2,TRN-02,6,0.05,598,3145
57e6a7a4-fbaf-b6df-3a5e-09ede0c7e2b2,HYD-03,12,0.027,1338,1171
57e6a7a4-fbaf-b6df-3a5e-09ede0c7e2b2,ELEC-04,5,0.06,1658,854
57e6a7a4-fbaf-b6df-3a5e-09ede0c7e2b2,CHS-05,15,0.049,1165,1527
d71ae87c-f04b-cccb-d8d0-a39b925c2e5d,ENG-01,15,0.063,0,4423
d71ae87c-f04b-cccb-d8d0-a39b925c2e5d,TRN-02,10,0.062,0,2580
d71ae87c-f04b-cccb-d8d0-a39b925c2e5d,HYD-03,15,0.024,0,1100
d71ae87c-f04b-cccb-d8d0-a39b925c2e5d,ELEC-04,9,0.068,0,788
d71ae87c-f04b-cccb-d8d0-a39b925c2e5d,CHS-05,12,0.019,0,1477
f470da03-5f1b-e194-56fe-5c182a2e2467,ENG-01,10,0.06,0,4792
f470da03-5f1b-e194-56fe-5c182a2e2467,TRN-02,15,0.067,0,2766
f470da03-5f1b-e194-56fe-5c182a2e2467,HYD-03,12,0.027,0,1151
f470da03-5f1b-e194-56fe-5c182a2e2467,ELEC-04,5,0.071,0,849
f470da03-5f1b-e194-56fe-5c182a2e2467,CHS-05,10,0.039,0,1507
327d6c19-3539-6472-b38a-eda83581272d,ENG-01,12,0.052,0,4402
327d6c19-3539-6472-b38a-eda83581272d,TRN-02,14,0.051,1564,2840
327d6c19-3539-6472-b38a-eda83581272d,HYD-03,15,0.037,0,1140
327d6c19-3539-6472-b38a-eda83581272d,ELEC-04,21,0.076,0,793
327d6c19-3539-6472-b38a-eda83581272d,CHS-05,14,0.02,813,1456
f0870c73-27db-e0ee-ab04-3bafe5f8d26c,ENG-01,17,0.052,189,4023
f0870c73-27db-e0ee-ab04-3bafe5f8d26c,TRN-02,13,0.067,2426,2764
f0870c73-27db-e0ee-ab04-3bafe5f8d26c,HYD-03,8,0.022,1004,1019
f0870c73-27db-e0ee-ab04-3bafe5f8d26c,ELEC-04,11,0.05,2355,807
f0870c73-27db-e0ee-ab04-3bafe5f8d26c,CHS-05,17,0.046,1622,1394
45236544-42b0-d745-95cf-86ed6a71b1c4,ENG-01,13,0.062,2449,4751
45236544-42b0-d745-95cf-86ed6a71b1c4,TRN-02,15,0.061,4204,2778
45236544-42b0-d745-95cf-86ed6a71b1c4,HYD-03,8,0.053,3565,1168
45236544-42b0-d745-95cf-86ed6a71b1c4,ELEC-04,14,0.048,0,862
45236544-42b0-d745-95cf-86ed6a71b1c4,CHS-05,12,0.041,3884,1469
3e4346ea-0fef-30c1-c181-0112d06705e1,ENG-01,19,0.081,160,4439
3e4346ea-0fef-30c1-c181-0112d06705e1,TRN-02,18,0.061,1236,2712
3e4346ea-0fef-30c1-c181-0112d06705e1,HYD-03,13,0.053,1754,1117
3e4346ea-0fef-30c1-c181-0112d06705e1,ELEC-04,22,0.059,0,841
3e4346ea-0fef-30c1-c181-0112d06705e1,CHS-05,18,0.048,345,1400
fd6f61d9-6359-c392-c14f-b53e43809cd2,ENG-01,10,0.075,2859,4302
fd6f61d9-6359-c392-c14f-b53e43809cd2,TRN-02,10,0.042,2385,2793
fd6f61d9-6359-c392-c14f-b53e43809cd2,HYD-03,6,0.059,388,1056
fd6f61d9-6359-c392-c14f-b53e43809cd2,ELEC-04,11,0.048,3437,793
fd6f61d9-6359-c392-c14f-b53e43809cd2,CHS-05,8,0.042,2692,1403
32e9c9ce-c4f9-7cbf-713e-8638931f0975,ENG-01,10,0.083,0,4332
32e9c9ce-c4f9-7cbf-713e-8638931f0975,TRN-02,17,0.064,646,2835
32e9c9ce-c4f9-7cbf-713e-8638931f0975,HYD-03,11,0.048,204,1110
32e9c9ce-c4f9-7cbf-713e-8638931f0975,ELEC-04,16,0.045,0,784
32e9c9ce-c4f9-7cbf-713e-8638931f0975,CHS-05,8,0.04,84,1424
1114eef3-7f58-e3b4-def6-cfa7125122e3,ENG-01,13,0.07,532,4090
1114eef3-7f58-e3b4-def6-cfa7125122e3,TRN-02,20,0.066,0,2590
1114eef3-7f58-e3b4-def6-cfa7125122e3,HYD-03,11,0.025,734,1030
1114eef3-7f58-e3b4-def6-cfa7125122e3,ELEC-04,25,0.079,0,774
1114eef3-7f58-e3b4-def6-cfa7125122e3,CHS-05,12,0.021,0,1355
747d485b-8740-e8c3-9c70-11de8a014ba8,ENG-01,16,0.072,5177,4276
747d485b-8740-e8c3-9c70-11de8a014ba8,TRN-02,21,0.042,0,2929
747d485b-8740-e8c3-9c70-11de8a014ba8,HYD-03,8,0.059,0,1104
747d485b-8740-e8c3-9c70-11de8a014ba8,ELEC-04,11,0.061,2625,859
747d485b-8740-e8c3-9c70-11de8a014ba8,CHS-05,21,0.046,0,1407
296dd34f-7007-76ef-921f-f11fb1f6dbb2,ENG-01,15,0.067,237,4590
296dd34f-7007-76ef-921f-f11fb1f6dbb2,TRN-02,16,0.059,2201,2711
296dd34f-7007-76ef-921f-f11fb1f6dbb2,HYD-03,12,0.053,2013,1100
296dd34f-7007-76ef-921f-f11fb1f6dbb2,ELEC-04,18,0.069,0,794
296dd34f-7007-76ef-921f-f11fb1f6dbb2,CHS-05,21,0.023,1919,1467
a27e39fe-ce45-8676-15b2-0d4c0bb57d65,ENG-01,14,0.067,957,4180
a27e39fe-ce45-8676-15b2-0d4c0bb57d65,TRN-02,14,0.051,0,2609
a27e39fe-ce45-8676-15b2-0d4c0bb57d65,HYD-03,23,0.038,0,1021
a27e39fe-ce45-8676-15b2-0d4c0bb57d65,ELEC-04,15,0.056,0,727
a27e39fe-ce45-8676-15b2-0d4c0bb57d65,CHS-05,14,0.028,0,1353
3c4a8d01-4ba1-5bd7-4e51-21f1cb4b1686,ENG-01,21,0.089,0,4386
3c4a8d01-4ba1-5bd7-4e51-21f1cb4b1686,TRN-02,12,0.037,294,2880
3c4a8d01-4ba1-5bd7-4e51-21f1cb4b1686,HYD-03,22,0.025,682,1107
3c4a8d01-4ba1-5bd7-4e51-21f1cb4b1686,ELEC-04,8,0.071,150,853
3c4a8d01-4ba1-5bd7-4e51-21f1cb4b1686,CHS-05,14,0.036,1017,1434
cef16f20-8322-a7ad-8f24-c1ab3953de9c,ENG-01,12,0.057,2183,4261
cef16f20-8322-a7ad-8f24-c1ab3953de9c,TRN-02,17,0.044,3665,2456
cef16f20-8322-a7ad-8f24-c1ab3953de9c,HYD-03,6,0.022,4132,1096
cef16f20-8322-a7ad-8f24-c1ab3953de9c,ELEC-04,9,0.07,3993,775
cef16f20-8322-a7ad-8f24-c1ab3953de9c,CHS-05,20,0.036,2159,1375
f401381e-1220-3def-330f-4cf2be69fe79,ENG-01,5,0.065,0,4764
f401381e-1220-3def-330f-4cf2be69fe79,TRN-02,8,0.052,0,2760
f401381e-1220-3def-330f-4cf2be69fe79,HYD-03,10,0.054,0,1178
f401381e-1220-3def-330f-4cf2be69fe79,ELEC-04,13,0.041,0,859
f401381e-1220-3def-330f-4cf2be69fe79,CHS-05,14,0.026,0,1462
2f142c78-5894-66c0-dae9-eb28dc742324,ENG-01,22,0.052,0,4438
2f142c78-5894-66c0-dae9-eb28dc742324,TRN-02,11,0.06,0,2759
2f142c78-5894-66c0-dae9-eb28dc742324,HYD-03,16,0.043,0,1149
2f142c78-5894-66c0-dae9-eb28dc742324,ELEC-04,12,0.051,876,835
2f142c78-5894-66c0-dae9-eb28dc742324,CHS-05,23,0.013,0,1433
abdf1c9f-851f-a9c1-15ce-1c8ace9e3e09,ENG-01,15,0.057,0,4067
abdf1c9f-851f-a9c1-15ce-1c8ace9e3e09,TRN-02,11,0.052,1866,2799
abdf1c9f-851f-a9c1-15ce-1c8ace9e3e09,HYD-03,13,0.036,996,1093
abdf1c9f-851f-a9c1-15ce-1c8ace9e3e09,ELEC-04,11,0.05,1509,821
abdf1c9f-851f-a9c1-15ce-1c8ace9e3e09,CHS-05,12,0.014,0,1381
6e639a37-3dfe-c5d4-9244-f3eeae85d954,ENG-01,20,0.09,1852,4120
6e639a37-3dfe-c5d4-9244-f3eeae85d954,TRN-02,20,0.042,2728,2711
6e639a37-3dfe-c5d4-9244-f3eeae85d954,HYD-03,10,0.023,102,1115
6e639a37-3dfe-c5d4-9244-f3eeae85d954,ELEC-04,9,0.074,0,774
6e639a37-3dfe-c5d4-9244-f3eeae85d954,CHS-05,6,0.025,0,1425
5ed0aace-8e5b-b533-ef5b-5acd3e57a6c7,ENG-01,16,0.067,0,4421
5ed0aace-8e5b-b533-ef5b-5acd3e57a6c7,TRN-02,13,0.064,1706,2692
5ed0aace-8e5b-b533-ef5b-5acd3e57a6c7,HYD-03,17,0.058,675,1153
5ed0aace-8e5b-b533-ef5b-5acd3e57a6c7,ELEC-04,15,0.069,0,813
5ed0aace-8e5b-b533-ef5b-5acd3e57a6c7,CHS-05,22,0.035,627,1417
2e17d2e9-4f56-a0be-558f-2344dc28161f,ENG-01,13,0.051,372,4027
2e17d2e9-4f56-a0be-558f-2344dc28161f,TRN-02,11,0.066,0,2728
2e17d2e9-4f56-a0be-558f-2344dc28161f,HYD-03,17,0.03,0,1068
2e17d2e9-4f56-a0be-558f-2344dc28161f,ELEC-04,14,0.064,0,777
2e17d2e9-4f56-a0be-558f-2344dc28161f,CHS-05,12,0.026,79,1368
fd8cebc1-81df-de5b-610f-52a5f8c2cd90,ENG-01,7,0.08,2179,4669
fd8cebc1-81df-de5b-610f-52a5f8c2cd90,TRN-02,12,0.038,2579,2788
fd8cebc1-81df-de5b-610f-52a5f8c2cd90,HYD-03,6,0.04,340,1158
fd8cebc1-81df-de5b-610f-52a5f8c2cd90,ELEC-04,6,0.048,19,845
fd8cebc1-81df-de5b-610f-52a5f8c2cd90,CHS-05,7,0.023,250,1509
c9399cfb-36b2-f643-464a-ac66382553e1,ENG-01,16,0.058,0,4106
c9399cfb-36b2-f643-464a-ac66382553e1,TRN-02,15,0.039,0,2800
c9399cfb-36b2-f643-464a-ac66382553e1,HYD-03,15,0.031,4242,1081
c9399cfb-36b2-f643-464a-ac66382553e1,ELEC-04,8,0.066,0,756
c9399cfb-36b2-f643-464a-ac66382553e1,CHS-05,19,0.012,0,1370
585da041-3768-60fe-5912-6fcad21b8bfa,ENG-01,16,0.078,0,4324
585da041-3768-60fe-5912-6fcad21b8bfa,TRN-02,12,0.058,0,2760
585da041-3768-60fe-5912-6fcad21b8bfa,HYD-03,8,0.046,405,1139
585da041-3768-60fe-5912-6fcad21b8bfa,ELEC-04,18,0.055,264,800
585da041-3768-60fe-5912-6fcad21b8bfa,CHS-05,12,0.047,2453,1442
b4213d8e-e53e-8664-6ebe-b2b18eef9958,ENG-01,7,0.082,945,4256
b4213d8e-e53e-8664-6ebe-b2b18eef9958,TRN-02,8,0.06,798,2794
b4213d8e-e53e-8664-6ebe-b2b18eef9958,HYD-03,7,0.028,639,1144
b4213d8e-e53e-8664-6ebe-b2b18eef9958,ELEC-04,11,0.041,1761,844
b4213d8e-e53e-8664-6ebe-b2b18eef9958,CHS-05,13,0.03,0,1415
0d8696fc-053f-c24e-a80a-03a9b46de7a4,ENG-01,13,0.071,2427,4171
0d8696fc-053f-c24e-a80a-03a9b46de7a4,TRN-02,15,0.069,946,2748
0d8696fc-053f-c24e-a80a-03a9b46de7a4,HYD-03,11,0.05,1031,1073
0d8696fc-053f-c24e-a80a-03a9b46de7a4,ELEC-04,9,0.041,3294,779
0d8696fc-053f-c24e-a80a-03a9b46de7a4,CHS-05,13,0.029,1344,1371
e7ca56c4-d0f0-605b-43f5-2920aab730da,ENG-01,11,0.051,0,4344
e7ca56c4-d0f0-605b-43f5-2920aab730da,TRN-02,17,0.032,0,2626
e7ca56c4-d0f0-605b-43f5-2920aab730da,HYD-03,10,0.037,0,1119
e7ca56c4-d0f0-605b-43f5-2920aab730da,ELEC-04,14,0.071,656,772
e7ca56c4-d0f0-605b-43f5-2920aab730da,CHS-05,6,0.029,0,1393
70d3981a-9e83-3d37-d77b-5460c9238450,ENG-01,10,0.064,2053,4271
70d3981a-9e83-3d37-d77b-5460c9238450,TRN-02,9,0.044,0,2853
70d3981a-9e83-3d37-d77b-5460c9238450,HYD-03,20,0.024,0,1133
70d3981a-9e83-3d37-d77b-5460c9238450,ELEC-04,17,0.046,0,810
70d3981a-9e83-3d37-d77b-5460c9238450,CHS-05,22,0.012,0,1396
7e76cfc8-7f23-1ab5-64cd-5c61b9dfa66d,ENG-01,19,0.065,79,4380
7e76cfc8-7f23-1ab5-64cd-5c61b9dfa66d,TRN-02,11,0.066,1408,2806
7e76cfc8-7f23-1ab5-64cd-5c61b9dfa66d,HYD-03,14,0.042,27,1144
7e76cfc8-7f23-1ab5-64cd-5c61b9dfa66d,ELEC-04,17,0.047,3135,798
7e76cfc8-7f23-1ab5-64cd-5c61b9dfa66d,CHS-05,13,0.02,124,1470
29c5bedc-6976-8812-bf79-957d537e10c7,ENG-01,15,0.07,1095,4474
29c5bedc-6976-8812-bf79-957d537e10c7,TRN-02,22,0.033,0,2806
29c5bedc-6976-8812-bf79-957d537e10c7,HYD-03,20,0.035,687,1099
29c5bedc-6976-8812-bf79-957d537e10c7,ELEC-04,8,0.057,361,811
29c5bedc-6976-8812-bf79-957d537e10c7,CHS-05,13,0.029,755,1434
1eaa967b-75b8-9b45-45a9-c6cf1eb28d26,ENG-01,10,0.064,794,4411
1eaa967b-75b8-9b45-45a9-c6cf1eb28d26,TRN-02,20,0.054,1574,2930
1eaa967b-75b8-9b45-45a9-c6cf1eb28d26,HYD-03,21,0.058,294,1136
1eaa967b-75b8-9b45-45a9-c6cf1eb28d26,ELEC-04,22,0.063,1329,832
1eaa967b-75b8-9b45-45a9-c6cf1eb28d26,CHS-05,18,0.039,1261,1484
bb172458-2e18-77a5-2151-c29f757b92e3,ENG-01,16,0.088,3317,4178
bb172458-2e18-77a5-2151-c29f757b92e3,TRN-02,18,0.052,2372,2509
bb172458-2e18-77a5-2151-c29f757b92e3,HYD-03,6,0.025,4404,1074
bb172458-2e18-77a5-2151-c29f757b92e3,ELEC-04,16,0.042,3844,802
bb172458-2e18-77a5-2151-c29f757b92e3,CHS-05,11,0.013,0,1321
c1209982-3105-e2ef-c4b9-494c92e87b38,ENG-01,6,0.06,0,4650
c1209982-3105-e2ef-c4b9-494c92e87b38,TRN-02,12,0.057,2427,2941
c1209982-3105-e2ef-c4b9-494c92e87b38,HYD-03,5,0.029,1548,1152
c1209982-3105-e2ef-c4b9-494c92e87b38,ELEC-04,5,0.08,2755,861
c1209982-3105-e2ef-c4b9-494c92e87b38,CHS-05,6,0.047,4193,1549
b286d33f-5a1e-f878-8fd2-9039e071259e,ENG-01,22,0.074,558,4407
b286d33f-5a1e-f878-8fd2-9039e071259e,TRN-02,20,0.034,0,2761
b286d33f-5a1e-f878-8fd2-9039e071259e,HYD-03,22,0.033,0,1122
b286d33f-5a1e-f878-8fd2-9039e071259e,ELEC-04,14,0.04,1508,782
b286d33f-5a1e-f878-8fd2-9039e071259e,CHS-05,20,0.019,1758,1442
5d7dad36-dfda-ebc3-5ffa-c54e1751f8ad,ENG-01,8,0.053,0,4261
5d7dad36-dfda-ebc3-5ffa-c54e1751f8ad,TRN-02,18,0.067,0,2520
5d7dad36-dfda-ebc3-5ffa-c54e1751f8ad,HYD-03,10,0.037,0,1067
5d7dad36-dfda-ebc3-5ffa-c54e1751f8ad,ELEC-04,19,0.077,0,776
5d7dad36-dfda-ebc3-5ffa-c54e1751f8ad,CHS-05,7,0.037,0,1430
e5b2395c-dc9c-b093-278c-807be54ad5f1,ENG-01,9,0.085,2816,4483
e5b2395c-dc9c-b093-278c-807be54ad5f1,TRN-02,16,0.045,393,2881
e5b2395c-dc9c-b093-278c-807be54ad5f1,HYD-03,6,0.054,444,1141
e5b2395c-dc9c-b093-278c-807be54ad5f1,ELEC-04,9,0.064,0,810
e5b2395c-dc9c-b093-278c-807be54ad5f1,CHS-05,2,0.031,0,1510
6dbcc242-a79a-5b00-0d96-0afd31b495b2,ENG-01,10,0.059,1741,4250
6dbcc242-a79a-5b00-0d96-0afd31b495b2,TRN-02,9,0.049,2253,2863
6dbcc242-a79a-5b00-0d96-0afd31b495b2,HYD-03,8,0.055,779,1152
6dbcc242-a79a-5b00-0d96-0afd31b495b2,ELEC-04,20,0.042,0,856
6dbcc242-a79a-5b00-0d96-0afd31b495b2,CHS-05,22,0.028,426,1477
ca9956b8-4343-12f6-4aa2-97a3c040c2c2,ENG-01,20,0.054,1431,4392
ca9956b8-4343-12f6-4aa2-97a3c040c2c2,TRN-02,9,0.032,1359,2668
ca9956b8-4343-12f6-4aa2-97a3c040c2c2,HYD-03,19,0.032,1773,1160
ca9956b8-4343-12f6-4aa2-97a3c040c2c2,ELEC-04,20,0.065,212,788
ca9956b8-4343-12f6-4aa2-97a3c040c2c2,CHS-05,10,0.043,0,1412
1141e820-8f6e-4cca-27fb-99860d28199e,ENG-01,2,0.087,107,4388
1141e820-8f6e-4cca-27fb-99860d28199e,TRN-02,5,0.049,541,3023
1141e820-8f6e-4cca-27fb-99860d28199e,HYD-03,6,0.048,0,1200
1141e820-8f6e-4cca-27fb-99860d28199e,ELEC-04,10,0.055,0,837
1141e820-8f6e-4cca-27fb-99860d28199e,CHS-05,15,0.045,3485,1508
2e808dcf-5bf9-9f0f-18a4-250c4a4acd48,ENG-01,12,0.065,0,4082
2e808dcf-5bf9-9f0f-18a4-250c4a4acd48,TRN-02,19,0.049,0,2780
2e808dcf-5bf9-9f0f-18a4-250c4a4acd48,HYD-03,10,0.038,416,1148
2e808dcf-5bf9-9f0f-18a4-250c4a4acd48,ELEC-04,20,0.057,132,822
2e808dcf-5bf9-9f0f-18a4-250c4a4acd48,CHS-05,22,0.016,1519,1402
af5dc89e-34b5-2194-04ad-65a3fd54b4cc,ENG-01,15,0.083,927,4418
af5dc89e-34b5-2194-04ad-65a3fd54b4cc,TRN-02,15,0.036,718,2798
af5dc89e-34b5-2194-04ad-65a3fd54b4cc,HYD-03,14,0.026,1124,1137
af5dc89e-34b5-2194-04ad-65a3fd54b4cc,ELEC-04,10,0.048,2477,832
af5dc89e-34b5-2194-04ad-65a3fd54b4cc,CHS-05,19,0.04,2326,1442
a2870060-63bf-ee66-7e1d-0fcc1752e257,ENG-01,10,0.081,0,4206
a2870060-63bf-ee66-7e1d-0fcc1752e257,TRN-02,12,0.059,0,2539
a2870060-63bf-ee66-7e1d-0fcc1752e257,HYD-03,7,0.052,0,1103
a2870060-63bf-ee66-7e1d-0fcc1752e257,ELEC-04,8,0.072,0,785
a2870060-63bf-ee66-7e1d-0fcc1752e257,CHS-05,13,0.041,0,1359
134e0257-ba02-a4c3-705c-aff0cca3fe5f,ENG-01,11,0.069,0,4336
134e0257-ba02-a4c3-705c-aff0cca3fe5f,TRN-02,13,0.041,2764,2719
134e0257-ba02-a4c3-705c-aff0cca3fe5f,HYD-03,20,0.034,1879,1170
134e0257-ba02-a4c3-705c-aff0cca3fe5f,ELEC-04,23,0.077,2462,832
134e0257-ba02-a4c3-705c-aff0cca3fe5f,CHS-05,21,0.033,4277,1457
78342f8a-9526-0051-861d-4fca985a5ff1,ENG-01,6,0.07,1960,4602
78342f8a-9526-0051-861d-4fca985a5ff1,TRN-02,9,0.042,1174,2870
78342f8a-9526-0051-861d-4fca985a5ff1,HYD-03,4,0.034,379,1179
78342f8a-9526-0051-861d-4fca985a5ff1,ELEC-04,9,0.069,996,852
78342f8a-9526-0051-861d-4fca985a5ff1,CHS-05,5,0.019,84,1507
3e5d6a78-ed2f-6ddb-e650-3aeec17178c0,ENG-01,12,0.074,1824,4386
3e5d6a78-ed2f-6ddb-e650-3aeec17178c0,TRN-02,14,0.06,369,2846
3e5d6a78-ed2f-6ddb-e650-3aeec17178c0,HYD-03,12,0.021,1369,1128
3e5d6a78-ed2f-6ddb-e650-3aeec17178c0,ELEC-04,17,0.059,2059,807
3e5d6a78-ed2f-6ddb-e650-3aeec17178c0,CHS-05,20,0.029,0,1431
d549cefc-d21f-882d-8ed7-e1fee6ed4523,ENG-01,24,0.057,2148,3989
d549cefc-d21f-882d-8ed7-e1fee6ed4523,TRN-02,19,0.06,965,2696
d549cefc-d21f-882d-8ed7-e1fee6ed4523,HYD-03,12,0.021,0,1086
d549cefc-d21f-882d-8ed7-e1fee6ed4523,ELEC-04,20,0.071,140,798
d549cefc-d21f-882d-8ed7-e1fee6ed4523,CHS-05,21,0.039,0,1345
6bf0ee9f-30f7-35b6-22e5-b787c5a3d8b3,ENG-01,15,0.073,0,4372
6bf0ee9f-30f7-35b6-22e5-b787c5a3d8b3,TRN-02,19,0.06,105,2462
6bf0ee9f-30f7-35b6-22e5-b787c5a3d8b3,HYD-03,9,0.045,337,1109
6bf0ee9f-30f7-35b6-22e5-b787c5a3d8b3,ELEC-04,14,0.051,1069,775
6bf0ee9f-30f7-35b6-22e5-b787c5a3d8b3,CHS-05,18,0.024,363,1387
061f1dfd-a71d-5849-1319-305c19a9d3cb,ENG-01,23,0.088,409,4388
061f1dfd-a71d-5849-1319-305c19a9d3cb,TRN-02,19,0.033,661,2942
061f1dfd-a71d-5849-1319-305c19a9d3cb,HYD-03,20,0.031,0,1108
061f1dfd-a71d-5849-1319-305c19a9d3cb,ELEC-04,10,0.075,53,868
061f1dfd-a71d-5849-1319-305c19a9d3cb,CHS-05,20,0.035,50,1441
f1d68ca7-af2b-255b-c52e-d3f15eb44573,ENG-01,11,0.084,1142,4346
f1d68ca7-af2b-255b-c52e-d3f15eb44573,TRN-02,10,0.06,1582,2773
f1d68ca7-af2b-255b-c52e-d3f15eb44573,HYD-03,22,0.046,0,1062
f1d68ca7-af2b-255b-c52e-d3f15eb44573,ELEC-04,13,0.063,0,811
f1d68ca7-af2b-255b-c52e-d3f15eb44573,CHS-05,20,0.022,825,1407
88f27507-6bf2-8127-c91a-3ef32d5d657c,ENG-01,13,0.082,0,4035
88f27507-6bf2-8127-c91a-3ef32d5d657c,TRN-02,22,0.038,1474,2611
88f27507-6bf2-8127-c91a-3ef32d5d657c,HYD-03,21,0.039,311,1066
88f27507-6bf2-8127-c91a-3ef32d5d657c,ELEC-04,25,0.047,1167,767
88f27507-6bf2-8127-c91a-3ef32d5d657c,CHS-05,13,0.028,483,1424
2def03ea-f264-deae-099f-007808cc2a40,ENG-01,17,0.055,548,4434
2def03ea-f264-deae-099f-007808cc2a40,TRN-02,22,0.033,643,2606
2def03ea-f264-deae-099f-007808cc2a40,HYD-03,18,0.034,241,1113
2def03ea-f264-deae-099f-007808cc2a40,ELEC-04,14,0.064,0,793
2def03ea-f264-deae-099f-007808cc2a40,CHS-05,10,0.044,0,1441
1e52eb3a-c1b5-ed2a-3e04-1ed03fc8394a,ENG-01,4,0.087,1114,4622
1e52eb3a-c1b5-ed2a-3e04-1ed03fc8394a,TRN-02,5,0.064,1836,2992
1e52eb3a-c1b5-ed2a-3e04-1ed03fc8394a,HYD-03,4,0.058,0,1181
1e52eb3a-c1b5-ed2a-3e04-1ed03fc8394a,ELEC-04,4,0.052,0,839
1e52eb3a-c1b5-ed2a-3e04-1ed03fc8394a,CHS-05,4,0.049,509,1482
48acfc5e-fa50-3e52-9ee2-c6ee796f1109,ENG-01,18,0.065,3673,4414
48acfc5e-fa50-3e52-9ee2-c6ee796f1109,TRN-02,23,0.033,2091,2648
48acfc5e-fa50-3e52-9ee2-c6ee796f1109,HYD-03,13,0.028,0,1095
48acfc5e-fa50-3e52-9ee2-c6ee796f1109,ELEC-04,24,0.074,0,768
48acfc5e-fa50-3e52-9ee2-c6ee796f1109,CHS-05,14,0.018,306,1348
c8849a90-988b-e585-bd4c-c90b4267d464,ENG-01,16,0.066,1688,4087
c8849a90-988b-e585-bd4c-c90b4267d464,TRN-02,11,0.061,1927,2786
c8849a90-988b-e585-bd4c-c90b4267d464,HYD-03,12,0.043,2603,1023
c8849a90-988b-e585-bd4c-c90b4267d464,ELEC-04,22,0.068,795,770
c8849a90-988b-e585-bd4c-c90b4267d464,CHS-05,18,0.027,1182,1342
8afda9dd-28df-5bd0-386e-975946911622,ENG-01,9,0.061,0,4462
8afda9dd-28df-5bd0-386e-975946911622,TRN-02,19,0.035,2513,2789
8afda9dd-28df-5bd0-386e-975946911622,HYD-03,18,0.047,4276,1120
8afda9dd-28df-5bd0-386e-975946911622,ELEC-04,17,0.043,1765,791
8afda9dd-28df-5bd0-386e-975946911622,CHS-05,13,0.029,0,1380
af84791e-3287-9c5c-0d8d-6c8903996b18,ENG-01,13,0.071,0,4109
af84791e-3287-9c5c-0d8d-6c8903996b18,TRN-02,16,0.045,1649,2630
af84791e-3287-9c5c-0d8d-6c8903996b18,HYD-03,12,0.058,2055,1049
af84791e-3287-9c5c-0d8d-6c8903996b18,ELEC-04,22,0.065,1608,767
af84791e-3287-9c5c-0d8d-6c8903996b18,CHS-05,13,0.047,0,1402
6cf66d12-141e-37e3-e308-1dc976495cff,ENG-01,8,0.06,1543,4443
6cf66d12-141e-37e3-e308-1dc976495cff,TRN-02,6,0.034,745,3088
6cf66d12-141e-37e3-e308-1dc976495cff,HYD-03,11,0.051,845,1187
6cf66d12-141e-37e3-e308-1dc976495cff,ELEC-04,9,0.075,0,893
6cf66d12-141e-37e3-e308-1dc976495cff,CHS-05,3,0.019,1502,1527
3bb36ce7-b22a-64e6-3799-b82ba464e8f8,ENG-01,15,0.082,269,4760
3bb36ce7-b22a-64e6-3799-b82ba464e8f8,TRN-02,12,0.069,0,2771
3bb36ce7-b22a-64e6-3799-b82ba464e8f8,HYD-03,9,0.03,929,1148
3bb36ce7-b22a-64e6-3799-b82ba464e8f8,ELEC-04,4,0.055,946,836
3bb36ce7-b22a-64e6-3799-b82ba464e8f8,CHS-05,2,0.025,277,1533
304d5328-aa03-c8d7-a2fe-034e43a1bb5d,ENG-01,13,0.081,0,4356
304d5328-aa03-c8d7-a2fe-034e43a1bb5d,TRN-02,10,0.031,392,2765
304d5328-aa03-c8d7-a2fe-034e43a1bb5d,HYD-03,21,0.031,0,1116
304d5328-aa03-c8d7-a2fe-034e43a1bb5d,ELEC-04,12,0.068,1103,799
304d5328-aa03-c8d7-a2fe-034e43a1bb5d,CHS-05,10,0.024,0,1426
b335da5d-beef-fa2e-159c-a0aa58b097fb,ENG-01,18,0.078,563,3905
b335da5d-beef-fa2e-159c-a0aa58b097fb,TRN-02,18,0.035,565,2796
b335da5d-beef-fa2e-159c-a0aa58b097fb,HYD-03,22,0.048,0,1088
b335da5d-beef-fa2e-159c-a0aa58b097fb,ELEC-04,13,0.057,0,798
b335da5d-beef-fa2e-159c-a0aa58b097fb,CHS-05,15,0.03,0,1415
ad7e97cd-b0dc-7fa7-e5b7-9996329e3bd8,ENG-01,6,0.089,905,4591
ad7e97cd-b0dc-7fa7-e5b7-9996329e3bd8,TRN-02,5,0.057,849,2880
ad7e97cd-b0dc-7fa7-e5b7-9996329e3bd8,HYD-03,4,0.024,0,1189
ad7e97cd-b0dc-7fa7-e5b7-9996329e3bd8,ELEC-04,10,0.059,870,839
ad7e97cd-b0dc-7fa7-e5b7-9996329e3bd8,CHS-05,3,0.041,4243,1562
ea262090-b17c-2213-e1ac-3d5ee93adbdc,ENG-01,20,0.063,480,4333
ea262090-b17c-2213-e1ac-3d5ee93adbdc,TRN-02,10,0.044,0,2635
ea262090-b17c-2213-e1ac-3d5ee93adbdc,HYD-03,11,0.035,0,1110
ea262090-b17c-2213-e1ac-3d5ee93adbdc,ELEC-04,9,0.056,653,770
ea262090-b17c-2213-e1ac-3d5ee93adbdc,CHS-05,16,0.031,2701,1431
79bf2b2f-0c85-6ef7-78b4-ac17afcdf8ba,ENG-01,10,0.077,0,4235
79bf2b2f-0c85-6ef7-78b4-ac17afcdf8ba,TRN-02,19,0.07,678,2361
79bf2b2f-0c85-6ef7-78b4-ac17afcdf8ba,HYD-03,10,0.04,81,1103
79bf2b2f-0c85-6ef7-78b4-ac17afcdf8ba,ELEC-04,11,0.051,59,766
79bf2b2f-0c85-6ef7-78b4-ac17afcdf8ba,CHS-05,9,0.047,0,1430
61a47202-f73e-b8ee-6198-02aab712aaae,ENG-01,10,0.063,104,4536
61a47202-f73e-b8ee-6198-02aab712aaae,TRN-02,21,0.064,56,2861
61a47202-f73e-b8ee-6198-02aab712aaae,HYD-03,17,0.034,0,1158
61a47202-f73e-b8ee-6198-02aab712aaae,ELEC-04,12,0.055,2367,788
61a47202-f73e-b8ee-6198-02aab712aaae,CHS-05,16,0.037,0,1475
535ebdee-ccf2-1742-c58e-16f6b2b2f588,ENG-01,16,0.081,435,4124
535ebdee-ccf2-1742-c58e-16f6b2b2f588,TRN-02,11,0.054,900,2673
535ebdee-ccf2-1742-c58e-16f6b2b2f588,HYD-03,8,0.038,0,1089
535ebdee-ccf2-1742-c58e-16f6b2b2f588,ELEC-04,14,0.057,190,844
535ebdee-ccf2-1742-c58e-16f6b2b2f588,CHS-05,17,0.024,1162,1428
f7b31bfc-34ec-7a78-8ca7-ee6de7fa099b,ENG-01,11,0.078,1056,4186
f7b31bfc-34ec-7a78-8ca7-ee6de7fa099b,TRN-02,20,0.047,1582,2710
f7b31bfc-34ec-7a78-8ca7-ee6de7fa099b,HYD-03,18,0.058,404,1084
f7b31bfc-34ec-7a78-8ca7-ee6de7fa099b,ELEC-04,16,0.075,1359,800
f7b31bfc-34ec-7a78-8ca7-ee6de7fa099b,CHS-05,7,0.046,2298,1338
1937d8e3-60c7-2d4a-80c9-541c697c1501,ENG-01,15,0.057,0,4382
1937d8e3-60c7-2d4a-80c9-541c697c1501,TRN-02,21,0.03,6767,2670
1937d8e3-60c7-2d4a-80c9-541c697c1501,HYD-03,12,0.045,6424,1107
1937d8e3-60c7-2d4a-80c9-541c697c1501,ELEC-04,8,0.065,6317,803
1937d8e3-60c7-2d4a-80c9-541c697c1501,CHS-05,22,0.016,0,1451
984b9d7d-2e00-a6f9-ccb1-b5215c703039,ENG-01,25,0.071,0,4249
984b9d7d-2e00-a6f9-ccb1-b5215c703039,TRN-02,18,0.054,2084,2490
984b9d7d-2e00-a6f9-ccb1-b5215c703039,HYD-03,19,0.025,434,1057
984b9d7d-2e00-a6f9-ccb1-b5215c703039,ELEC-04,25,0.045,977,769
984b9d7d-2e00-a6f9-ccb1-b5215c703039,CHS-05,17,0.017,2228,1398
9cff5668-81e5-3630-396a-35524a5f9a88,ENG-01,13,0.08,709,4385
9cff5668-81e5-3630-396a-35524a5f9a88,TRN-02,11,0.033,1729,2688
9cff5668-81e5-3630-396a-35524a5f9a88,HYD-03,11,0.042,1586,1153
9cff5668-81e5-3630-396a-35524a5f9a88,ELEC-04,12,0.046,1754,840
9cff5668-81e5-3630-396a-35524a5f9a88,CHS-05,11,0.041,2667,1479
b600bbd8-cc4b-74ee-d071-886fb880031c,ENG-01,18,0.053,7178,4124
b600bbd8-cc4b-74ee-d071-886fb880031c,TRN-02,9,0.035,0,2600
b600bbd8-cc4b-74ee-d071-886fb880031c,HYD-03,8,0.056,6782,1117
b600bbd8-cc4b-74ee-d071-886fb880031c,ELEC-04,9,0.071,0,755
b600bbd8-cc4b-74ee-d071-886fb880031c,CHS-05,17,0.015,4744,1404
e6133f8b-094f-e6c4-e6a9-8f0498a495ac,ENG-01,8,0.058,1105,4245
e6133f8b-094f-e6c4-e6a9-8f0498a495ac,TRN-02,11,0.047,808,2956
e6133f8b-094f-e6c4-e6a9-8f0498a495ac,HYD-03,14,0.02,0,1159
e6133f8b-094f-e6c4-e6a9-8f0498a495ac,ELEC-04,20,0.041,235,849
e6133f8b-094f-e6c4-e6a9-8f0498a495ac,CHS-05,10,0.048,23,1433
f56ad1c3-0667-1e1c-66a0-5de064683ed2,ENG-01,9,0.072,2159,4505
f56ad1c3-0667-1e1c-66a0-5de064683ed2,TRN-02,13,0.057,1422,2843
f56ad1c3-0667-1e1c-66a0-5de064683ed2,HYD-03,22,0.041,316,1151
f56ad1c3-0667-1e1c-66a0-5de064683ed2,ELEC-04,15,0.066,0,811
f56ad1c3-0667-1e1c-66a0-5de064683ed2,CHS-05,20,0.047,0,1420
c6503bd7-795c-7535-5398-5c0b4a1ba4c5,ENG-01,17,0.081,4348,4339
c6503bd7-795c-7535-5398-5c0b4a1ba4c5,TRN-02,19,0.064,2180,2634
c6503bd7-795c-7535-5398-5c0b4a1ba4c5,HYD-03,17,0.029,1358,1133
c6503bd7-795c-7535-5398-5c0b4a1ba4c5,ELEC-04,15,0.054,3103,769
c6503bd7-795c-7535-5398-5c0b4a1ba4c5,CHS-05,17,0.03,2247,1429
1a996294-08a3-0f3c-c666-be2bd1047780,ENG-01,18,0.089,0,4263
1a996294-08a3-0f3c-c666-be2bd1047780,TRN-02,18,0.066,39,2492
1a996294-08a3-0f3c-c666-be2bd1047780,HYD-03,20,0.044,0,1063
1a996294-08a3-0f3c-c666-be2bd1047780,ELEC-04,7,0.056,0,758
1a996294-08a3-0f3c-c666-be2bd1047780,CHS-05,13,0.016,647,1383
f13aa212-3888-2514-4efb-a4b3d4c5ed90,ENG-01,11,0.082,3978,4341
f13aa212-3888-2514-4efb-a4b3d4c5ed90,TRN-02,22,0.033,3409,2713
f13aa212-3888-2514-4efb-a4b3d4c5ed90,HYD-03,21,0.025,3490,1131
f13aa212-3888-2514-4efb-a4b3d4c5ed90,ELEC-04,18,0.08,3217,797
f13aa212-3888-2514-4efb-a4b3d4c5ed90,CHS-05,8,0.043,4615,1461
b97a0a18-8fa9-7c59-1f7e-6ed9bd5141ba,ENG-01,20,0.066,0,3913
b97a0a18-8fa9-7c59-1f7e-6ed9bd5141ba,TRN-02,15,0.069,0,2821
b97a0a18-8fa9-7c59-1f7e-6ed9bd5141ba,HYD-03,23,0.058,1406,1061
b97a0a18-8fa9-7c59-1f7e-6ed9bd5141ba,ELEC-04,16,0.071,247,784
b97a0a18-8fa9-7c59-1f7e-6ed9bd5141ba,CHS-05,20,0.05,0,1308
0a8da3ba-872b-663e-c9d9-b8a1df113305,ENG-01,8,0.075,0,4338
0a8da3ba-872b-663e-c9d9-b8a1df113305,TRN-02,12,0.052,738,2682
0a8da3ba-872b-663e-c9d9-b8a1df113305,HYD-03,16,0.033,0,1067
0a8da3ba-872b-663e-c9d9-b8a1df113305,ELEC-04,7,0.055,2465,771
0a8da3ba-872b-663e-c9d9-b8a1df113305,CHS-05,14,0.048,0,1348
79b46ec1-ee40-3041-4b00-95af09989172,ENG-01,11,0.068,0,4297
79b46ec1-ee40-3041-4b00-95af09989172,TRN-02,11,0.059,675,2583
79b46ec1-ee40-3041-4b00-95af09989172,HYD-03,20,0.046,212,1076
79b46ec1-ee40-3041-4b00-95af09989172,ELEC-04,19,0.068,0,771
79b46ec1-ee40-3041-4b00-95af09989172,CHS-05,19,0.015,624,1379
fe228ace-580b-2de7-d121-adb8faf37d66,ENG-01,14,0.056,1995,4115
fe228ace-580b-2de7-d121-adb8faf37d66,TRN-02,10,0.038,0,2599
fe228ace-580b-2de7-d121-adb8faf37d66,HYD-03,22,0.05,0,1063
fe228ace-580b-2de7-d121-adb8faf37d66,ELEC-04,13,0.055,2051,786
fe228ace-580b-2de7-d121-adb8faf37d66,CHS-05,9,0.03,1575,1436
709a91e9-0c4b-38d8-6a34-4fd985b1db2c,ENG-01,7,0.051,0,4519
709a91e9-0c4b-38d8-6a34-4fd985b1db2c,TRN-02,14,0.056,0,2686
709a91e9-0c4b-38d8-6a34-4fd985b1db2c,HYD-03,15,0.024,0,1159
709a91e9-0c4b-38d8-6a34-4fd985b1db2c,ELEC-04,15,0.075,0,893
709a91e9-0c4b-38d8-6a34-4fd985b1db2c,CHS-05,13,0.025,0,1533
0b89ec2b-40a3-f8c7-1fc9-d1cd36bc67f7,ENG-01,9,0.069,0,4365
0b89ec2b-40a3-f8c7-1fc9-d1cd36bc67f7,TRN-02,23,0.068,0,2626
0b89ec2b-40a3-f8c7-1fc9-d1cd36bc67f7,HYD-03,12,0.052,0,1166
0b89ec2b-40a3-f8c7-1fc9-d1cd36bc67f7,ELEC-04,16,0.074,0,841
0b89ec2b-40a3-f8c7-1fc9-d1cd36bc67f7,CHS-05,10,0.034,0,1446
c4eacfa1-e35e-9bf0-a854-dc1dc564a079,ENG-01,23,0.076,0,4479
c4eacfa1-e35e-9bf0-a854-dc1dc564a079,TRN-02,19,0.066,238,2861
c4eacfa1-e35e-9bf0-a854-dc1dc564a079,HYD-03,9,0.051,0,1146
c4eacfa1-e35e-9bf0-a854-dc1dc564a079,ELEC-04,12,0.08,1497,805
c4eacfa1-e35e-9bf0-a854-dc1dc564a079,CHS-05,12,0.038,0,1498
881d31fc-b1da-934c-3a81-8a56573e9478,ENG-01,18,0.052,3598,4205
881d31fc-b1da-934c-3a81-8a56573e9478,TRN-02,8,0.034,1928,2651
881d31fc-b1da-934c-3a81-8a56573e9478,HYD-03,22,0.032,546,1135
881d31fc-b1da-934c-3a81-8a56573e9478,ELEC-04,20,0.043,4103,840
881d31fc-b1da-934c-3a81-8a56573e9478,CHS-05,11,0.022,2647,1435
d0701d17-ebc6-ee82-86a5-f53fb9f9769a,ENG-01,21,0.071,0,4166
d0701d17-ebc6-ee82-86a5-f53fb9f9769a,TRN-02,12,0.036,0,2876
d0701d17-ebc6-ee82-86a5-f53fb9f9769a,HYD-03,20,0.045,185,1083
d0701d17-ebc6-ee82-86a5-f53fb9f9769a,ELEC-04,23,0.049,254,788
d0701d17-ebc6-ee82-86a5-f53fb9f9769a,CHS-05,17,0.031,653,1392
b3a129d9-b017-1976-6739-0a2cc9ed8f01,ENG-01,22,0.075,0,4190
b3a129d9-b017-1976-6739-0a2cc9ed8f01,TRN-02,17,0.046,387,2510
b3a129d9-b017-1976-6739-0a2cc9ed8f01,HYD-03,17,0.06,969,1067
b3a129d9-b017-1976-6739-0a2cc9ed8f01,ELEC-04,22,0.072,0,763
b3a129d9-b017-1976-6739-0a2cc9ed8f01,CHS-05,24,0.049,0,1365
8501a713-b4e2-117f-7c64-f32be9029021,ENG-01,8,0.057,1454,4649
8501a713-b4e2-117f-7c64-f32be9029021,TRN-02,2,0.052,1357,3066
8501a713-b4e2-117f-7c64-f32be9029021,HYD-03,5,0.022,598,1157
8501a713-b4e2-117f-7c64-f32be9029021,ELEC-04,11,0.044,448,835
8501a713-b4e2-117f-7c64-f32be9029021,CHS-05,2,0.038,0,1461
6e3b1c93-e290-bace-7bc8-ddbcef04fa4e,ENG-01,14,0.089,1036,4117
6e3b1c93-e290-bace-7bc8-ddbcef04fa4e,TRN-02,19,0.053,1450,2833
6e3b1c93-e290-bace-7bc8-ddbcef04fa4e,HYD-03,19,0.045,0,1062
6e3b1c93-e290-bace-7bc8-ddbcef04fa4e,ELEC-04,15,0.065,218,786
6e3b1c93-e290-bace-7bc8-ddbcef04fa4e,CHS-05,25,0.035,1872,1339
61e1411c-e43f-67d0-49fb-c19e75f7f1bd,ENG-01,13,0.052,938,4534
61e1411c-e43f-67d0-49fb-c19e75f7f1bd,TRN-02,13,0.033,2381,2611
61e1411c-e43f-67d0-49fb-c19e75f7f1bd,HYD-03,20,0.034,1033,1083
61e1411c-e43f-67d0-49fb-c19e75f7f1bd,ELEC-04,13,0.07,0,777
61e1411c-e43f-67d0-49fb-c19e75f7f1bd,CHS-05,18,0.043,1083,1392
4ad734d4-732d-b24e-0f2c-7a286f72a5a7,ENG-01,10,0.09,0,4414
4ad734d4-732d-b24e-0f2c-7a286f72a5a7,TRN-02,21,0.038,0,2640
4ad734d4-732d-b24e-0f2c-7a286f72a5a7,HYD-03,16,0.054,0,1089
4ad734d4-732d-b24e-0f2c-7a286f72a5a7,ELEC-04,22,0.043,79,783
4ad734d4-732d-b24e-0f2c-7a286f72a5a7,CHS-05,13,0.015,0,1365
05f2a1f9-7cbb-99f3-4b74-97cd47ea2593,ENG-01,13,0.063,0,4182
05f2a1f9-7cbb-99f3-4b74-97cd47ea2593,TRN-02,21,0.056,1829,2633
05f2a1f9-7cbb-99f3-4b74-97cd47ea2593,HYD-03,12,0.023,0,1075
05f2a1f9-7cbb-99f3-4b74-97cd47ea2593,ELEC-04,14,0.075,2901,808
05f2a1f9-7cbb-99f3-4b74-97cd47ea2593,CHS-05,20,0.021,0,1364
d079a168-1859-5554-1998-254d90bb5dd8,ENG-01,19,0.055,0,4110
d079a168-1859-5554-1998-254d90bb5dd8,TRN-02,21,0.042,851,2575
d079a168-1859-5554-1998-254d90bb5dd8,HYD-03,17,0.055,0,1067
d079a168-1859-5554-1998-254d90bb5dd8,ELEC-04,17,0.062,147,740
d079a168-1859-5554-1998-254d90bb5dd8,CHS-05,13,0.033,0,1375
642b750e-f629-e788-1971-b254697196cd,ENG-01,5,0.064,43,4522
642b750e-f629-e788-1971-b254697196cd,TRN-02,12,0.07,2330,2987
642b750e-f629-e788-1971-b254697196cd,HYD-03,5,0.027,2712,1203
642b750e-f629-e788-1971-b254697196cd,ELEC-04,2,0.063,0,821
642b750e-f629-e788-1971-b254697196cd,CHS-05,10,0.044,421,1493
97bbc919-3c96-2880-77b2-bc10213906ae,ENG-01,9,0.073,147,4360
97bbc919-3c96-2880-77b2-bc10213906ae,TRN-02,5,0.032,65,3074
97bbc919-3c96-2880-77b2-bc10213906ae,HYD-03,7,0.027,0,1182
97bbc919-3c96-2880-77b2-bc10213906ae,ELEC-04,7,0.073,0,880
97bbc919-3c96-2880-77b2-bc10213906ae,CHS-05,16,0.034,0,1506
5249a0be-f44c-7ba2-c901-4871b603ce7e,ENG-01,9,0.077,2641,4619
5249a0be-f44c-7ba2-c901-4871b603ce7e,TRN-02,16,0.066,0,2942
5249a0be-f44c-7ba2-c901-4871b603ce7e,HYD-03,5,0.022,0,1127
5249a0be-f44c-7ba2-c901-4871b603ce7e,ELEC-04,14,0.053,2674,842
5249a0be-f44c-7ba2-c901-4871b603ce7e,CHS-05,13,0.029,578,1489
73da497e-4f5a-b013-c46e-3ca17c80c795,ENG-01,8,0.059,837,4140
73da497e-4f5a-b013-c46e-3ca17c80c795,TRN-02,16,0.032,919,2795
73da497e-4f5a-b013-c46e-3ca17c80c795,HYD-03,11,0.025,1260,1063
73da497e-4f5a-b013-c46e-3ca17c80c795,ELEC-04,14,0.045,474,793
73da497e-4f5a-b013-c46e-3ca17c80c795,CHS-05,20,0.048,630,1392
68b68aa0-b499-4cd4-aee1-f06d45f4f092,ENG-01,25,0.079,831,4093
68b68aa0-b499-4cd4-aee1-f06d45f4f092,TRN-02,13,0.04,475,2635
68b68aa0-b499-4cd4-aee1-f06d45f4f092,HYD-03,15,0.049,0,1053
68b68aa0-b499-4cd4-aee1-f06d45f4f092,ELEC-04,11,0.066,0,752
68b68aa0-b499-4cd4-aee1-f06d45f4f092,CHS-05,15,0.036,368,1327
7ca6c87b-90a3-3b99-8487-b5d54aec74b5,ENG-01,12,0.07,248,4390
7ca6c87b-90a3-3b99-8487-b5d54aec74b5,TRN-02,15,0.068,0,2663
7ca6c87b-90a3-3b99-8487-b5d54aec74b5,HYD-03,9,0.022,0,1128
7ca6c87b-90a3-3b99-8487-b5d54aec74b5,ELEC-04,20,0.074,0,798
7ca6c87b-90a3-3b99-8487-b5d54aec74b5,CHS-05,19,0.04,0,1415
927a75b0-35aa-0d6c-ca2c-f1512781b6cf,ENG-01,7,0.076,0,4549
927a75b0-35aa-0d6c-ca2c-f1512781b6cf,TRN-02,15,0.031,0,3024
927a75b0-35aa-0d6c-ca2c-f1512781b6cf,HYD-03,2,0.033,0,1195
927a75b0-35aa-0d6c-ca2c-f1512781b6cf,ELEC-04,8,0.074,1419,897
927a75b0-35aa-0d6c-ca2c-f1512781b6cf,CHS-05,10,0.034,1124,1483
c4257f99-f7b2-a7da-1256-937f62e52cd7,ENG-01,18,0.057,217,3947
c4257f99-f7b2-a7da-1256-937f62e52cd7,TRN-02,20,0.051,2659,2761
c4257f99-f7b2-a7da-1256-937f62e52cd7,HYD-03,22,0.031,342,1071
c4257f99-f7b2-a7da-1256-937f62e52cd7,ELEC-04,16,0.047,2640,779
c4257f99-f7b2-a7da-1256-937f62e52cd7,CHS-05,22,0.042,2847,1365
05d1032a-5f4e-9341-23ab-0aa08011a506,ENG-01,2,0.071,0,4555
05d1032a-5f4e-9341-23ab-0aa08011a506,TRN-02,15,0.038,957,2969
05d1032a-5f4e-9341-23ab-0aa08011a506,HYD-03,10,0.059,0,1183
05d1032a-5f4e-9341-23ab-0aa08011a506,ELEC-04,13,0.068,0,814
05d1032a-5f4e-9341-23ab-0aa08011a506,CHS-05,16,0.023,4191,1522
166a4ce1-10f1-fee6-e134-34a7cbec2ce7,ENG-01,20,0.068,0,4270
166a4ce1-10f1-fee6-e134-34a7cbec2ce7,TRN-02,15,0.056,0,2625
166a4ce1-10f1-fee6-e134-34a7cbec2ce7,HYD-03,14,0.057,0,1101
166a4ce1-10f1-fee6-e134-34a7cbec2ce7,ELEC-04,15,0.043,0,790
166a4ce1-10f1-fee6-e134-34a7cbec2ce7,CHS-05,8,0.032,0,1468
95b8aea8-cba9-a08e-215d-b41cecb51cdd,ENG-01,10,0.056,0,4451
95b8aea8-cba9-a08e-215d-b41cecb51cdd,TRN-02,16,0.049,1829,2892
95b8aea8-cba9-a08e-215d-b41cecb51cdd,HYD-03,14,0.058,0,1136
95b8aea8-cba9-a08e-215d-b41cecb51cdd,ELEC-04,23,0.043,53,821
95b8aea8-cba9-a08e-215d-b41cecb51cdd,CHS-05,22,0.039,964,1452
8971e5f0-f786-934b-0501-7701b461cdde,ENG-01,9,0.067,269,4775
8971e5f0-f786-934b-0501-7701b461cdde,TRN-02,7,0.045,885,2894
8971e5f0-f786-934b-0501-7701b461cdde,HYD-03,3,0.048,2134,1214
8971e5f0-f786-934b-0501-7701b461cdde,ELEC-04,5,0.055,0,848
8971e5f0-f786-934b-0501-7701b461cdde,CHS-05,3,0.042,670,1489
d661a715-9d73-8cd8-c1ce-4794943bab99,ENG-01,20,0.073,2148,4258
d661a715-9d73-8cd8-c1ce-4794943bab99,TRN-02,23,0.046,1298,2784
d661a715-9d73-8cd8-c1ce-4794943bab99,HYD-03,25,0.021,16,1072
d661a715-9d73-8cd8-c1ce-4794943bab99,ELEC-04,22,0.053,1003,795
d661a715-9d73-8cd8-c1ce-4794943bab99,CHS-05,13,0.033,1218,1332
43418aae-c876-f0a6-3f5f-e6a92ad37db9,ENG-01,14,0.085,3359,4093
43418aae-c876-f0a6-3f5f-e6a92ad37db9,TRN-02,11,0.031,5,2445
43418aae-c876-f0a6-3f5f-e6a92ad37db9,HYD-03,24,0.035,0,1092
43418aae-c876-f0a6-3f5f-e6a92ad37db9,ELEC-04,23,0.068,0,769
43418aae-c876-f0a6-3f5f-e6a92ad37db9,CHS-05,23,0.029,1596,1329
19366993-37b2-37b3-999b-35f00ab2df50,ENG-01,18,0.069,0,4401
19366993-37b2-37b3-999b-35f00ab2df50,TRN-02,15,0.048,0,2626
19366993-37b2-37b3-999b-35f00ab2df50,HYD-03,15,0.059,1771,1145
19366993-37b2-37b3-999b-35f00ab2df50,ELEC-04,12,0.044,0,778
19366993-37b2-37b3-999b-35f00ab2df50,CHS-05,16,0.011,0,1468
243e162a-88da-9268-ef8d-ca7a8c4a043d,ENG-01,11,0.089,0,4325
243e162a-88da-9268-ef8d-ca7a8c4a043d,TRN-02,17,0.031,0,2450
243e162a-88da-9268-ef8d-ca7a8c4a043d,HYD-03,15,0.036,0,1096
243e162a-88da-9268-ef8d-ca7a8c4a043d,ELEC-04,21,0.073,0,762
243e162a-88da-9268-ef8d-ca7a8c4a043d,CHS-05,25,0.022,0,1377
e312b987-7fbd-f09d-c8aa-ac58a578d9a0,ENG-01,21,0.063,0,3951
e312b987-7fbd-f09d-c8aa-ac58a578d9a0,TRN-02,17,0.047,1762,2802
e312b987-7fbd-f09d-c8aa-ac58a578d9a0,HYD-03,16,0.054,292,1120
e312b987-7fbd-f09d-c8aa-ac58a578d9a0,ELEC-04,20,0.043,1210,767
e312b987-7fbd-f09d-c8aa-ac58a578d9a0,CHS-05,17,0.017,336,1342
5494f6d7-0e83-e6d0-211f-ff13e12c4884,ENG-01,14,0.07,1575,4510
5494f6d7-0e83-e6d0-211f-ff13e12c4884,TRN-02,19,0.046,2171,2881
5494f6d7-0e83-e6d0-211f-ff13e12c4884,HYD-03,19,0.051,2207,1101
5494f6d7-0e83-e6d0-211f-ff13e12c4884,ELEC-04,9,0.066,1440,833
5494f6d7-0e83-e6d0-211f-ff13e12c4884,CHS-05,20,0.046,2277,1481
c1065fb2-1eed-989a-7d3e-42db9c2d26d2,ENG-01,6,0.085,1504,4070
c1065fb2-1eed-989a-7d3e-42db9c2d26d2,TRN-02,14,0.036,0,2714
c1065fb2-1eed-989a-7d3e-42db9c2d26d2,HYD-03,14,0.046,1397,1125
c1065fb2-1eed-989a-7d3e-42db9c2d26d2,ELEC-04,9,0.055,0,838
c1065fb2-1eed-989a-7d3e-42db9c2d26d2,CHS-05,9,0.045,1591,1398
cdb18f0d-0e29-a83f-193d-01a22742d442,ENG-01,12,0.068,0,4129
cdb18f0d-0e29-a83f-193d-01a22742d442,TRN-02,15,0.038,422,2635
cdb18f0d-0e29-a83f-193d-01a22742d442,HYD-03,24,0.027,0,1068
cdb18f0d-0e29-a83f-193d-01a22742d442,ELEC-04,20,0.059,0,783
cdb18f0d-0e29-a83f-193d-01a22742d442,CHS-05,23,0.028,443,1330
8294b1da-125e-530d-3b00-0bfac8088372,ENG-01,11,0.063,0,4038
8294b1da-125e-530d-3b00-0bfac8088372,TRN-02,9,0.046,0,2833
8294b1da-125e-530d-3b00-0bfac8088372,HYD-03,17,0.048,1069,1064
8294b1da-125e-530d-3b00-0bfac8088372,ELEC-04,18,0.058,0,839
8294b1da-125e-530d-3b00-0bfac8088372,CHS-05,13,0.012,354,1405
320b76d1-268d-6591-0146-7604d6ec6a86,ENG-01,16,0.062,0,4315
320b76d1-268d-6591-0146-7604d6ec6a86,TRN-02,13,0.061,971,2519
320b76d1-268d-6591-0146-7604d6ec6a86,HYD-03,11,0.046,217,1132
320b76d1-268d-6591-0146-7604d6ec6a86,ELEC-04,19,0.054,1951,747
320b76d1-268d-6591-0146-7604d6ec6a86,CHS-05,8,0.046,0,1335
bbff5ff2-d93f-fb2c-a6ff-954eff257e0e,ENG-01,9,0.08,392,4341
bbff5ff2-d93f-fb2c-a6ff-954eff257e0e,TRN-02,15,0.058,1013,2883
bbff5ff2-d93f-fb2c-a6ff-954eff257e0e,HYD-03,12,0.024,559,1216
bbff5ff2-d93f-fb2c-a6ff-954eff257e0e,ELEC-04,5,0.059,1313,885
bbff5ff2-d93f-fb2c-a6ff-954eff257e0e,CHS-05,2,0.048,0,1482
57ea299e-a4d6-48dd-926b-a2a0efe70842,ENG-01,11,0.077,0,4192
57ea299e-a4d6-48dd-926b-a2a0efe70842,TRN-02,16,0.031,0,2566
57ea299e-a4d6-48dd-926b-a2a0efe70842,HYD-03,13,0.022,2011,1068
57ea299e-a4d6-48dd-926b-a2a0efe70842,ELEC-04,20,0.058,0,755
57ea299e-a4d6-48dd-926b-a2a0efe70842,CHS-05,17,0.043,0,1349
10d7911b-72f1-fdb5-cb53-7d44381f92d6,ENG-01,15,0.089,0,4495
10d7911b-72f1-fdb5-cb53-7d44381f92d6,TRN-02,4,0.033,0,3109
10d7911b-72f1-fdb5-cb53-7d44381f92d6,HYD-03,7,0.051,2304,1145
10d7911b-72f1-fdb5-cb53-7d44381f92d6,ELEC-04,5,0.041,1062,854
10d7911b-72f1-fdb5-cb53-7d44381f92d6,CHS-05,2,0.04,3864,1513
787824c5-251f-6fc0-f69f-b22a10630423,ENG-01,19,0.058,687,4369
787824c5-251f-6fc0-f69f-b22a10630423,TRN-02,9,0.039,1470,2669
787824c5-251f-6fc0-f69f-b22a10630423,HYD-03,19,0.059,1540,1109
787824c5-251f-6fc0-f69f-b22a10630423,ELEC-04,11,0.06,0,821
787824c5-251f-6fc0-f69f-b22a10630423,CHS-05,19,0.05,1405,1461
94ffcc04-3eec-7ec1-cb4d-f2bc24ec50bd,ENG-01,13,0.085,1710,4435
94ffcc04-3eec-7ec1-cb4d-f2bc24ec50bd,TRN-02,9,0.057,1242,2860
94ffcc04-3eec-7ec1-cb4d-f2bc24ec50bd,HYD-03,19,0.034,0,1130
94ffcc04-3eec-7ec1-cb4d-f2bc24ec50bd,ELEC-04,14,0.044,0,809
94ffcc04-3eec-7ec1-cb4d-f2bc24ec50bd,CHS-05,23,0.03,1336,1547
af6e625e-71eb-da29-684f-df1cde7ed600,ENG-01,19,0.083,2207,4329
af6e625e-71eb-da29-684f-df1cde7ed600,TRN-02,16,0.057,2125,2559
af6e625e-71eb-da29-684f-df1cde7ed600,HYD-03,7,0.029,0,1106
af6e625e-71eb-da29-684f-df1cde7ed600,ELEC-04,19,0.041,1732,771
af6e625e-71eb-da29-684f-df1cde7ed600,CHS-05,9,0.018,2629,1398
fb3bc9e8-53b8-fdbf-0fb3-12042f31f428,ENG-01,12,0.068,0,4291
fb3bc9e8-53b8-fdbf-0fb3-12042f31f428,TRN-02,6,0.041,0,2839
fb3bc9e8-53b8-fdbf-0fb3-12042f31f428,HYD-03,7,0.059,0,1145
fb3bc9e8-53b8-fdbf-0fb3-12042f31f428,ELEC-04,12,0.052,0,835
fb3bc9e8-53b8-fdbf-0fb3-12042f31f428,CHS-05,14,0.021,141,1454
bcfcda3f-0842-5e7c-a591-fece1cea976d,ENG-01,19,0.057,1512,4256
bcfcda3f-0842-5e7c-a591-fece1cea976d,TRN-02,12,0.039,430,2546
bcfcda3f-0842-5e7c-a591-fece1cea976d,HYD-03,20,0.029,1668,1143
bcfcda3f-0842-5e7c-a591-fece1cea976d,ELEC-04,14,0.072,2061,820
bcfcda3f-0842-5e7c-a591-fece1cea976d,CHS-05,19,0.036,2215,1405
ad2b160a-5fe7-0d9b-87a9-1b27d1974454,ENG-01,4,0.089,1313,4557
ad2b160a-5fe7-0d9b-87a9-1b27d1974454,TRN-02,16,0.066,2258,2882
ad2b160a-5fe7-0d9b-87a9-1b27d1974454,HYD-03,13,0.035,1560,1170
ad2b160a-5fe7-0d9b-87a9-1b27d1974454,ELEC-04,13,0.051,651,852
ad2b160a-5fe7-0d9b-87a9-1b27d1974454,CHS-05,5,0.036,73,1525
49f0bc7b-8ac6-af88-2b42-80ab2bfe1927,ENG-01,17,0.068,2158,4273
49f0bc7b-8ac6-af88-2b42-80ab2bfe1927,TRN-02,20,0.052,1467,2543
49f0bc7b-8ac6-af88-2b42-80ab2bfe1927,HYD-03,20,0.042,3418,1100
49f0bc7b-8ac6-af88-2b42-80ab2bfe1927,ELEC-04,12,0.064,3992,787
49f0bc7b-8ac6-af88-2b42-80ab2bfe1927,CHS-05,18,0.016,1495,1329
151c8ef0-4397-91ad-9870-01249bb7dfd2,ENG-01,25,0.081,1606,4222
151c8ef0-4397-91ad-9870-01249bb7dfd2,TRN-02,17,0.069,0,2642
151c8ef0-4397-91ad-9870-01249bb7dfd2,HYD-03,24,0.049,83,1080
151c8ef0-4397-91ad-9870-01249bb7dfd2,ELEC-04,17,0.066,0,794
151c8ef0-4397-91ad-9870-01249bb7dfd2,CHS-05,13,0.014,1574,1386
5f40ab41-dea3-19f7-6471-72825219de3e,ENG-01,15,0.06,706,4274
5f40ab41-dea3-19f7-6471-72825219de3e,TRN-02,18,0.041,1914,2520
5f40ab41-dea3-19f7-6471-72825219de3e,HYD-03,19,0.047,2364,1121
5f40ab41-dea3-19f7-6471-72825219de3e,ELEC-04,16,0.041,3918,772
5f40ab41-dea3-19f7-6471-72825219de3e,CHS-05,15,0.027,542,1375
1e9d2723-079d-47e5-8d60-82ef80dd22dd,ENG-01,20,0.076,0,4430
1e9d2723-079d-47e5-8d60-82ef80dd22dd,TRN-02,22,0.057,0,2912
1e9d2723-079d-47e5-8d60-82ef80dd22dd,HYD-03,10,0.056,3857,1128
1e9d2723-079d-47e5-8d60-82ef80dd22dd,ELEC-04,21,0.065,0,832
1e9d2723-079d-47e5-8d60-82ef80dd22dd,CHS-05,23,0.025,0,1532
49faed95-1ae4-5873-1432-68aa4ba75112,ENG-01,20,0.07,0,4405
49faed95-1ae4-5873-1432-68aa4ba75112,TRN-02,10,0.057,4752,2703
49faed95-1ae4-5873-1432-68aa4ba75112,HYD-03,13,0.05,4471,1149
49faed95-1ae4-5873-1432-68aa4ba75112,ELEC-04,14,0.044,4598,793
49faed95-1ae4-5873-1432-68aa4ba75112,CHS-05,18,0.028,0,1519
fa27c7db-35f4-e482-035d-7e03359c223d,ENG-01,12,0.073,944,4713
fa27c7db-35f4-e482-035d-7e03359c223d,TRN-02,17,0.069,0,2786
fa27c7db-35f4-e482-035d-7e03359c223d,HYD-03,16,0.048,0,1129
fa27c7db-35f4-e482-035d-7e03359c223d,ELEC-04,20,0.079,532,792
fa27c7db-35f4-e482-035d-7e03359c223d,CHS-05,17,0.015,20,1422
1b4740bc-ba51-1ba1-0a7e-e186b27ccceb,ENG-01,3,0.069,640,4462
1b4740bc-ba51-1ba1-0a7e-e186b27ccceb,TRN-02,13,0.054,908,3020
1b4740bc-ba51-1ba1-0a7e-e186b27ccceb,HYD-03,16,0.032,0,1208
1b4740bc-ba51-1ba1-0a7e-e186b27ccceb,ELEC-04,7,0.05,6,892
1b4740bc-ba51-1ba1-0a7e-e186b27ccceb,CHS-05,7,0.024,0,1482
6c6e6f91-db4a-f4e7-1740-c8de7672d3b6,ENG-01,13,0.06,0,4241
6c6e6f91-db4a-f4e7-1740-c8de7672d3b6,TRN-02,22,0.034,0,2842
6c6e6f91-db4a-f4e7-1740-c8de7672d3b6,HYD-03,12,0.041,720,1148
6c6e6f91-db4a-f4e7-1740-c8de7672d3b6,ELEC-04,14,0.044,1724,847
6c6e6f91-db4a-f4e7-1740-c8de7672d3b6,CHS-05,20,0.039,2302,1424
d3ea78f1-d1c4-3ea7-977d-9b9e3cbe7c67,ENG-01,13,0.062,0,4496
d3ea78f1-d1c4-3ea7-977d-9b9e3cbe7c67,TRN-02,12,0.05,2259,2688
d3ea78f1-d1c4-3ea7-977d-9b9e3cbe7c67,HYD-03,11,0.046,2325,1150
d3ea78f1-d1c4-3ea7-977d-9b9e3cbe7c67,ELEC-04,17,0.046,1171,813
d3ea78f1-d1c4-3ea7-977d-9b9e3cbe7c67,CHS-05,14,0.027,467,1446
30686e47-a687-3a12-a860-cd89d84531f2,ENG-01,12,0.063,3896,4405
30686e47-a687-3a12-a860-cd89d84531f2,TRN-02,16,0.051,0,3014
30686e47-a687-3a12-a860-cd89d84531f2,HYD-03,2,0.024,1678,1197
30686e47-a687-3a12-a860-cd89d84531f2,ELEC-04,14,0.064,806,877
30686e47-a687-3a12-a860-cd89d84531f2,CHS-05,5,0.047,0,1544
e44fd550-5d15-9612-0be8-e8429a59d902,ENG-01,15,0.083,2211,4238
e44fd550-5d15-9612-0be8-e8429a59d902,TRN-02,8,0.038,1143,2642
e44fd550-5d15-9612-0be8-e8429a59d902,HYD-03,17,0.05,0,1102
e44fd550-5d15-9612-0be8-e8429a59d902,ELEC-04,16,0.056,0,789
e44fd550-5d15-9612-0be8-e8429a59d902,CHS-05,21,0.037,643,1451
47be9c9e-c169-9bda-6810-f1350978f929,ENG-01,10,0.084,1577,4354
47be9c9e-c169-9bda-6810-f1350978f929,TRN-02,9,0.038,0,2812
47be9c9e-c169-9bda-6810-f1350978f929,HYD-03,9,0.026,1015,1094
47be9c9e-c169-9bda-6810-f1350978f929,ELEC-04,17,0.05,0,799
47be9c9e-c169-9bda-6810-f1350978f929,CHS-05,12,0.022,1730,1409
f4f3fd4f-bac2-faab-f04e-8f0ca69a8d0c,ENG-01,6,0.06,0,4326
f4f3fd4f-bac2-faab-f04e-8f0ca69a8d0c,TRN-02,12,0.043,0,2660
f4f3fd4f-bac2-faab-f04e-8f0ca69a8d0c,HYD-03,11,0.058,0,1102
f4f3fd4f-bac2-faab-f04e-8f0ca69a8d0c,ELEC-04,11,0.052,922,811
f4f3fd4f-bac2-faab-f04e-8f0ca69a8d0c,CHS-05,17,0.04,0,1354
e858c436-d69c-35db-5725-0353ce6f7258,ENG-01,12,0.066,0,4569
e858c436-d69c-35db-5725-0353ce6f7258,TRN-02,12,0.063,0,2886
e858c436-d69c-35db-5725-0353ce6f7258,HYD-03,11,0.022,2264,1212
e858c436-d69c-35db-5725-0353ce6f7258,ELEC-04,2,0.043,0,861
e858c436-d69c-35db-5725-0353ce6f7258,CHS-05,4,0.041,403,1486
9ebc36de-a7f9-db71-5f97-5c30877d973e,ENG-01,12,0.061,0,3975
9ebc36de-a7f9-db71-5f97-5c30877d973e,TRN-02,23,0.033,26,2813
9ebc36de-a7f9-db71-5f97-5c30877d973e,HYD-03,18,0.053,0,1053
9ebc36de-a7f9-db71-5f97-5c30877d973e,ELEC-04,21,0.049,689,777
9ebc36de-a7f9-db71-5f97-5c30877d973e,CHS-05,25,0.027,0,1408
18268662-f78d-d75a-2013-f189a5f02d4c,ENG-01,21,0.051,754,4335
18268662-f78d-d75a-2013-f189a5f02d4c,TRN-02,18,0.037,2677,2868
18268662-f78d-d75a-2013-f189a5f02d4c,HYD-03,12,0.034,1111,1122
18268662-f78d-d75a-2013-f189a5f02d4c,ELEC-04,18,0.067,449,849
18268662-f78d-d75a-2013-f189a5f02d4c,CHS-05,21,0.025,0,1463
56fd025d-5785-c591-4037-ce653336eb9b,ENG-01,14,0.086,1603,4472
56fd025d-5785-c591-4037-ce653336eb9b,TRN-02,2,0.043,578,2809
56fd025d-5785-c591-4037-ce653336eb9b,HYD-03,11,0.057,480,1212
56fd025d-5785-c591-4037-ce653336eb9b,ELEC-04,16,0.068,0,836
56fd025d-5785-c591-4037-ce653336eb9b,CHS-05,3,0.024,0,1525
ea374e6a-9273-8d7a-9819-4b93f8207406,ENG-01,4,0.066,0,4652
ea374e6a-9273-8d7a-9819-4b93f8207406,TRN-02,3,0.032,0,2674
ea374e6a-9273-8d7a-9819-4b93f8207406,HYD-03,12,0.046,0,1227
ea374e6a-9273-8d7a-9819-4b93f8207406,ELEC-04,7,0.062,0,830
ea374e6a-9273-8d7a-9819-4b93f8207406,CHS-05,2,0.048,95,1498
cee0e5d6-46ab-0b96-2f5b-62acc9efdbc5,ENG-01,20,0.063,0,4011
cee0e5d6-46ab-0b96-2f5b-62acc9efdbc5,TRN-02,23,0.045,0,2752
cee0e5d6-46ab-0b96-2f5b-62acc9efdbc5,HYD-03,15,0.048,229,1071
cee0e5d6-46ab-0b96-2f5b-62acc9efdbc5,ELEC-04,21,0.066,0,838
cee0e5d6-46ab-0b96-2f5b-62acc9efdbc5,CHS-05,25,0.031,899,1353
63fed3fd-1692-c263-be8e-d861a6e75f08,ENG-01,17,0.064,0,4308
63fed3fd-1692-c263-be8e-d861a6e75f08,TRN-02,16,0.06,1810,2689
63fed3fd-1692-c263-be8e-d861a6e75f08,HYD-03,8,0.038,983,1083
63fed3fd-1692-c263-be8e-d861a6e75f08,ELEC-04,15,0.041,493,771
63fed3fd-1692-c263-be8e-d861a6e75f08,CHS-05,11,0.022,63,1351
add51557-dd9e-d929-b6aa-f82d4e73fd7d,ENG-01,21,0.082,0,4596
add51557-dd9e-d929-b6aa-f82d4e73fd7d,TRN-02,23,0.067,0,2577
add51557-dd9e-d929-b6aa-f82d4e73fd7d,HYD-03,23,0.044,0,1152
add51557-dd9e-d929-b6aa-f82d4e73fd7d,ELEC-04,17,0.056,0,815
add51557-dd9e-d929-b6aa-f82d4e73fd7d,CHS-05,22,0.042,0,1466
81cb52fb-0e7f-049a-e9a4-ad1a961b3adc,ENG-01,7,0.077,114,4164
81cb52fb-0e7f-049a-e9a4-ad1a961b3adc,TRN-02,15,0.031,1536,2709
81cb52fb-0e7f-049a-e9a4-ad1a961b3adc,HYD-03,16,0.054,0,1084
81cb52fb-0e7f-049a-e9a4-ad1a961b3adc,ELEC-04,7,0.07,0,806
81cb52fb-0e7f-049a-e9a4-ad1a961b3adc,CHS-05,17,0.045,630,1357
dbf2db05-b48a-635d-d5d2-507495b22463,ENG-01,17,0.055,99,4423
dbf2db05-b48a-635d-d5d2-507495b22463,TRN-02,12,0.058,0,2771
dbf2db05-b48a-635d-d5d2-507495b22463,HYD-03,9,0.05,0,1130
dbf2db05-b48a-635d-d5d2-507495b22463,ELEC-04,20,0.058,313,800
dbf2db05-b48a-635d-d5d2-507495b22463,CHS-05,20,0.017,341,1438
829ca5be-4871-8fee-bd20-09012fed97c0,ENG-01,11,0.052,0,4124
829ca5be-4871-8fee-bd20-09012fed97c0,TRN-02,16,0.059,1869,2834
829ca5be-4871-8fee-bd20-09012fed97c0,HYD-03,15,0.027,1365,1097
829ca5be-4871-8fee-bd20-09012fed97c0,ELEC-04,19,0.068,1693,781
829ca5be-4871-8fee-bd20-09012fed97c0,CHS-05,16,0.036,853,1359
8ac15f26-f231-406c-6163-563a160d54d6,ENG-01,16,0.07,1527,4431
8ac15f26-f231-406c-6163-563a160d54d6,TRN-02,7,0.043,2055,3078
8ac15f26-f231-406c-6163-563a160d54d6,HYD-03,10,0.053,0,1184
8ac15f26-f231-406c-6163-563a160d54d6,ELEC-04,2,0.073,2346,853
8ac15f26-f231-406c-6163-563a160d54d6,CHS-05,3,0.012,0,1469
1ba5a6db-2077-11b4-2b28-56afe9122f9f,ENG-01,10,0.054,730,4321
1ba5a6db-2077-11b4-2b28-56afe9122f9f,TRN-02,6,0.044,2145,2622
1ba5a6db-2077-11b4-2b28-56afe9122f9f,HYD-03,11,0.035,0,1128
1ba5a6db-2077-11b4-2b28-56afe9122f9f,ELEC-04,14,0.07,2015,760
1ba5a6db-2077-11b4-2b28-56afe9122f9f,CHS-05,10,0.028,1923,1364
01a1aea0-3d97-b55d-e027-d1cd3a21e53a,ENG-01,24,0.055,0,4150
01a1aea0-3d97-b55d-e027-d1cd3a21e53a,TRN-02,20,0.038,2660,2755
01a1aea0-3d97-b55d-e027-d1cd3a21e53a,HYD-03,13,0.041,286,1024
01a1aea0-3d97-b55d-e027-d1cd3a21e53a,ELEC-04,20,0.061,1392,795
01a1aea0-3d97-b55d-e027-d1cd3a21e53a,CHS-05,18,0.045,2525,1377
d479002d-eab0-06d9-a27b-b78e39f8e7f1,ENG-01,3,0.061,2169,4457
d479002d-eab0-06d9-a27b-b78e39f8e7f1,TRN-02,3,0.057,0,2964
d479002d-eab0-06d9-a27b-b78e39f8e7f1,HYD-03,12,0.03,0,1203
d479002d-eab0-06d9-a27b-b78e39f8e7f1,ELEC-04,16,0.053,0,875
d479002d-eab0-06d9-a27b-b78e39f8e7f1,CHS-05,14,0.044,2609,1479
863c31ac-08ee-22db-e560-1ac9a4525be6,ENG-01,12,0.076,2332,4414
863c31ac-08ee-22db-e560-1ac9a4525be6,TRN-02,14,0.055,3030,2990
863c31ac-08ee-22db-e560-1ac9a4525be6,HYD-03,10,0.048,0,1095
863c31ac-08ee-22db-e560-1ac9a4525be6,ELEC-04,17,0.046,1362,848
863c31ac-08ee-22db-e560-1ac9a4525be6,CHS-05,19,0.013,1034,1426
912d1eb2-cccf-df7f-7214-c2e1bdb4696f,ENG-01,24,0.089,566,3989
912d1eb2-cccf-df7f-7214-c2e1bdb4696f,TRN-02,16,0.051,659,2789
912d1eb2-cccf-df7f-7214-c2e1bdb4696f,HYD-03,24,0.032,0,1074
912d1eb2-cccf-df7f-7214-c2e1bdb4696f,ELEC-04,23,0.058,0,801
912d1eb2-cccf-df7f-7214-c2e1bdb4696f,CHS-05,25,0.038,530,1358
9d9d1f7c-e938-3bd4-4531-e52dd7d9bfb1,ENG-01,10,0.067,938,4206
9d9d1f7c-e938-3bd4-4531-e52dd7d9bfb1,TRN-02,10,0.046,203,3013
9d9d1f7c-e938-3bd4-4531-e52dd7d9bfb1,HYD-03,14,0.037,0,1170
9d9d1f7c-e938-3bd4-4531-e52dd7d9bfb1,ELEC-04,22,0.07,255,861
9d9d1f7c-e938-3bd4-4531-e52dd7d9bfb1,CHS-05,21,0.021,0,1501
671fd09d-8183-d985-0940-545d31697d70,ENG-01,13,0.075,1276,4235
671fd09d-8183-d985-0940-545d31697d70,TRN-02,18,0.067,1080,2902
671fd09d-8183-d985-0940-545d31697d70,HYD-03,16,0.04,1293,1083
671fd09d-8183-d985-0940-545d31697d70,ELEC-04,22,0.067,4161,851
671fd09d-8183-d985-0940-545d31697d70,CHS-05,17,0.023,983,1417
c1f1ecf3-9ebf-605f-aa64-da5cbfe350b7,ENG-01,13,0.075,2657,4100
c1f1ecf3-9ebf-605f-aa64-da5cbfe350b7,TRN-02,10,0.056,0,2840
c1f1ecf3-9ebf-605f-aa64-da5cbfe350b7,HYD-03,14,0.021,1340,1110
c1f1ecf3-9ebf-605f-aa64-da5cbfe350b7,ELEC-04,9,0.073,1894,824
c1f1ecf3-9ebf-605f-aa64-da5cbfe350b7,CHS-05,18,0.029,1989,1439
854962ed-b2cb-80d8-b0a9-57149b5e9ca0,ENG-01,18,0.082,946,4244
854962ed-b2cb-80d8-b0a9-57149b5e9ca0,TRN-02,19,0.068,89,2701
854962ed-b2cb-80d8-b0a9-57149b5e9ca0,HYD-03,13,0.039,0,1099
854962ed-b2cb-80d8-b0a9-57149b5e9ca0,ELEC-04,16,0.046,1455,780
854962ed-b2cb-80d8-b0a9-57149b5e9ca0,CHS-05,16,0.047,0,1370
6db3d07c-a96f-c6ec-2307-eab2e590fddf,ENG-01,20,0.072,3330,4557
6db3d07c-a96f-c6ec-2307-eab2e590fddf,TRN-02,9,0.033,0,2848
6db3d07c-a96f-c6ec-2307-eab2e590fddf,HYD-03,12,0.039,485,1118
6db3d07c-a96f-c6ec-2307-eab2e590fddf,ELEC-04,16,0.062,0,797
6db3d07c-a96f-c6ec-2307-eab2e590fddf,CHS-05,12,0.026,0,1513
7cf12969-2e0e-8540-8940-9326a43d539b,ENG-01,10,0.071,1500,4223
7cf12969-2e0e-8540-8940-9326a43d539b,TRN-02,20,0.04,0,2936
7cf12969-2e0e-8540-8940-9326a43d539b,HYD-03,12,0.045,1614,1095
7cf12969-2e0e-8540-8940-9326a43d539b,ELEC-04,8,0.072,0,808
7cf12969-2e0e-8540-8940-9326a43d539b,CHS-05,20,0.045,1814,1380
d5f1204d-9188-f972-6def-74f81a55b231,ENG-01,15,0.074,0,4200
d5f1204d-9188-f972-6def-74f81a55b231,TRN-02,22,0.032,0,2962
d5f1204d-9188-f972-6def-74f81a55b231,HYD-03,9,0.056,1971,1109
d5f1204d-9188-f972-6def-74f81a55b231,ELEC-04,11,0.055,1018,835
d5f1204d-9188-f972-6def-74f81a55b231,CHS-05,14,0.019,2071,1451
be681fe4-91bd-2ff2-0577-1e2a49e17568,ENG-01,19,0.079,0,4175
be681fe4-91bd-2ff2-0577-1e2a49e17568,TRN-02,10,0.067,970,2684
be681fe4-91bd-2ff2-0577-1e2a49e17568,HYD-03,18,0.047,161,1076
be681fe4-91bd-2ff2-0577-1e2a49e17568,ELEC-04,12,0.073,612,781
be681fe4-91bd-2ff2-0577-1e2a49e17568,CHS-05,15,0.029,1067,1372
2dd09fd2-5807-d213-9da1-6472a850965a,ENG-01,8,0.065,0,4051
2dd09fd2-5807-d213-9da1-6472a850965a,TRN-02,7,0.053,0,2539
2dd09fd2-5807-d213-9da1-6472a850965a,HYD-03,19,0.025,0,1083
2dd09fd2-5807-d213-9da1-6472a850965a,ELEC-04,9,0.071,0,786
2dd09fd2-5807-d213-9da1-6472a850965a,CHS-05,16,0.035,0,1388
016d12c2-d344-ed5b-4e9d-59255471aced,ENG-01,19,0.06,181,4092
016d12c2-d344-ed5b-4e9d-59255471aced,TRN-02,19,0.033,0,2847
016d12c2-d344-ed5b-4e9d-59255471aced,HYD-03,12,0.029,0,1092
016d12c2-d344-ed5b-4e9d-59255471aced,ELEC-04,18,0.06,0,829
016d12c2-d344-ed5b-4e9d-59255471aced,CHS-05,7,0.013,568,1403
eca70e49-c441-b9e1-25a8-dc83337d9a05,ENG-01,7,0.052,2181,4539
eca70e49-c441-b9e1-25a8-dc83337d9a05,TRN-02,5,0.035,483,2964
eca70e49-c441-b9e1-25a8-dc83337d9a05,HYD-03,11,0.049,1864,1223
eca70e49-c441-b9e1-25a8-dc83337d9a05,ELEC-04,5,0.041,725,908
eca70e49-c441-b9e1-25a8-dc83337d9a05,CHS-05,16,0.049,97,1457
f39e801a-c455-cb8a-2978-fb5b1dac608e,ENG-01,11,0.074,969,4259
f39e801a-c455-cb8a-2978-fb5b1dac608e,TRN-02,11,0.056,0,2721
f39e801a-c455-cb8a-2978-fb5b1dac608e,HYD-03,19,0.022,0,1143
f39e801a-c455-cb8a-2978-fb5b1dac608e,ELEC-04,9,0.043,0,793
f39e801a-c455-cb8a-2978-fb5b1dac608e,CHS-05,18,0.018,0,1405
57632f19-c5d5-b061-a013-cbde165db2a0,ENG-01,22,0.052,392,4375
57632f19-c5d5-b061-a013-cbde165db2a0,TRN-02,19,0.045,1634,2921
57632f19-c5d5-b061-a013-cbde165db2a0,HYD-03,21,0.049,773,1148
57632f19-c5d5-b061-a013-cbde165db2a0,ELEC-04,14,0.053,538,855
57632f19-c5d5-b061-a013-cbde165db2a0,CHS-05,9,0.022,874,1442
8e80d364-d600-f614-8cb0-d138371e6136,ENG-01,21,0.068,0,4508
8e80d364-d600-f614-8cb0-d138371e6136,TRN-02,12,0.061,251,2793
8e80d364-d600-f614-8cb0-d138371e6136,HYD-03,17,0.025,0,1095
8e80d364-d600-f614-8cb0-d138371e6136,ELEC-04,18,0.043,0,800
8e80d364-d600-f614-8cb0-d138371e6136,CHS-05,18,0.034,503,1446
0cc6afff-8c68-f1a5-9106-6781e38bbf37,ENG-01,8,0.066,1423,4220
0cc6afff-8c68-f1a5-9106-6781e38bbf37,TRN-02,14,0.038,2611,2807
0cc6afff-8c68-f1a5-9106-6781e38bbf37,HYD-03,16,0.02,1761,1103
0cc6afff-8c68-f1a5-9106-6781e38bbf37,ELEC-04,19,0.077,789,800
0cc6afff-8c68-f1a5-9106-6781e38bbf37,CHS-05,20,0.019,312,1351
da9f672b-756c-8d03-d526-2ea408a3c590,ENG-01,16,0.079,1252,4362
da9f672b-756c-8d03-d526-2ea408a3c590,TRN-02,15,0.05,2988,2577
da9f672b-756c-8d03-d526-2ea408a3c590,HYD-03,11,0.052,3253,1085
da9f672b-756c-8d03-d526-2ea408a3c590,ELEC-04,14,0.044,4243,782
da9f672b-756c-8d03-d526-2ea408a3c590,CHS-05,8,0.012,3379,1385
491316d8-3f4a-8c63-466a-580eb2e2b5df,ENG-01,15,0.085,0,4504
491316d8-3f4a-8c63-466a-580eb2e2b5df,TRN-02,21,0.048,1297,2885
491316d8-3f4a-8c63-466a-580eb2e2b5df,HYD-03,9,0.044,56,1148
491316d8-3f4a-8c63-466a-580eb2e2b5df,ELEC-04,10,0.049,726,868
491316d8-3f4a-8c63-466a-580eb2e2b5df,CHS-05,9,0.02,97,1495
98b4bda0-b215-0d3e-b315-2bd402ee8870,ENG-01,13,0.065,1891,4533
98b4bda0-b215-0d3e-b315-2bd402ee8870,TRN-02,10,0.058,2320,2656
98b4bda0-b215-0d3e-b315-2bd402ee8870,HYD-03,14,0.056,1954,1140
98b4bda0-b215-0d3e-b315-2bd402ee8870,ELEC-04,18,0.075,1930,822
98b4bda0-b215-0d3e-b315-2bd402ee8870,CHS-05,22,0.04,1442,1423
157c73d7-d529-6ba8-150f-99836c3c5004,ENG-01,17,0.063,492,4240
157c73d7-d529-6ba8-150f-99836c3c5004,TRN-02,14,0.033,1107,2695
157c73d7-d529-6ba8-150f-99836c3c5004,HYD-03,9,0.059,1148,1045
157c73d7-d529-6ba8-150f-99836c3c5004,ELEC-04,20,0.045,351,758
157c73d7-d529-6ba8-150f-99836c3c5004,CHS-05,6,0.046,1214,1366
5de6f656-1f8c-7f57-d376-4f9e68f0d200,ENG-01,20,0.072,862,3895
5de6f656-1f8c-7f57-d376-4f9e68f0d200,TRN-02,16,0.064,2389,2714
5de6f656-1f8c-7f57-d376-4f9e68f0d200,HYD-03,17,0.045,1223,1060
5de6f656-1f8c-7f57-d376-4f9e68f0d200,ELEC-04,20,0.071,1349,790
5de6f656-1f8c-7f57-d376-4f9e68f0d200,CHS-05,22,0.038,776,1387
d3c9aa93-f800-6a40-63f3-dd4be801990e,ENG-01,12,0.059,841,4729
d3c9aa93-f800-6a40-63f3-dd4be801990e,TRN-02,7,0.068,0,2799
d3c9aa93-f800-6a40-63f3-dd4be801990e,HYD-03,14,0.039,0,1151
d3c9aa93-f800-6a40-63f3-dd4be801990e,ELEC-04,13,0.042,0,829
d3c9aa93-f800-6a40-63f3-dd4be801990e,CHS-05,2,0.019,0,1476
37b83e0b-7797-07b9-c97d-04dbd6f58ff7,ENG-01,16,0.063,0,4511
37b83e0b-7797-07b9-c97d-04dbd6f58ff7,TRN-02,11,0.056,0,2852
37b83e0b-7797-07b9-c97d-04dbd6f58ff7,HYD-03,23,0.056,878,1137
37b83e0b-7797-07b9-c97d-04dbd6f58ff7,ELEC-04,17,0.071,1873,817
37b83e0b-7797-07b9-c97d-04dbd6f58ff7,CHS-05,11,0.014,421,1403
811a1d17-64a0-8b8e-2227-2ee599d2b338,ENG-01,23,0.085,1252,4470
811a1d17-64a0-8b8e-2227-2ee599d2b338,TRN-02,13,0.067,904,2854
811a1d17-64a0-8b8e-2227-2ee599d2b338,HYD-03,18,0.058,0,1138
811a1d17-64a0-8b8e-2227-2ee599d2b338,ELEC-04,15,0.062,0,818
811a1d17-64a0-8b8e-2227-2ee599d2b338,CHS-05,16,0.049,0,1425
b00d62cc-9335-dcaa-ef8b-f60d4de45167,ENG-01,14,0.051,3241,4570
b00d62cc-9335-dcaa-ef8b-f60d4de45167,TRN-02,2,0.064,333,2816
b00d62cc-9335-dcaa-ef8b-f60d4de45167,HYD-03,9,0.044,1232,1151
b00d62cc-9335-dcaa-ef8b-f60d4de45167,ELEC-04,16,0.05,2718,828
b00d62cc-9335-dcaa-ef8b-f60d4de45167,CHS-05,5,0.02,4305,1502
6416a28a-daba-090f-99b2-8b870c645865,ENG-01,18,0.061,980,4539
6416a28a-daba-090f-99b2-8b870c645865,TRN-02,18,0.066,201,2819
6416a28a-daba-090f-99b2-8b870c645865,HYD-03,23,0.059,0,1119
6416a28a-daba-090f-99b2-8b870c645865,ELEC-04,14,0.079,1762,809
6416a28a-daba-090f-99b2-8b870c645865,CHS-05,22,0.047,0,1496
9d3df575-5a28-1807-7e9d-e1111d901b32,ENG-01,17,0.073,0,4064
9d3df575-5a28-1807-7e9d-e1111d901b32,TRN-02,10,0.068,1439,2777
9d3df575-5a28-1807-7e9d-e1111d901b32,HYD-03,10,0.026,1699,1112
9d3df575-5a28-1807-7e9d-e1111d901b32,ELEC-04,9,0.079,1777,810
9d3df575-5a28-1807-7e9d-e1111d901b32,CHS-05,6,0.024,0,1344
fd5912a9-b15f-340b-980c-c23712c28d9d,ENG-01,19,0.08,0,4029
fd5912a9-b15f-340b-980c-c23712c28d9d,TRN-02,25,0.03,0,2479
fd5912a9-b15f-340b-980c-c23712c28d9d,HYD-03,23,0.03,0,1057
fd5912a9-b15f-340b-980c-c23712c28d9d,ELEC-04,23,0.07,0,751
fd5912a9-b15f-340b-980c-c23712c28d9d,CHS-05,16,0.025,0,1359
bb97da87-906c-afbc-bfea-83da7b5108d1,ENG-01,20,0.076,0,4205
bb97da87-906c-afbc-bfea-83da7b5108d1,TRN-02,18,0.055,1628,2840
bb97da87-906c-afbc-bfea-83da7b5108d1,HYD-03,14,0.052,1285,1097
bb97da87-906c-afbc-bfea-83da7b5108d1,ELEC-04,9,0.042,934,772
bb97da87-906c-afbc-bfea-83da7b5108d1,CHS-05,19,0.022,0,1405
1902fa1f-c407-cbb9-9f65-a40ee33325db,ENG-01,2,0.087,0,4588
1902fa1f-c407-cbb9-9f65-a40ee33325db,TRN-02,3,0.032,805,2753
1902fa1f-c407-cbb9-9f65-a40ee33325db,HYD-03,7,0.031,310,1180
1902fa1f-c407-cbb9-9f65-a40ee33325db,ELEC-04,5,0.061,0,839
1902fa1f-c407-cbb9-9f65-a40ee33325db,CHS-05,6,0.027,0,1515
dc8ba3f3-9cd3-1c2a-6409-c6d69c92e4e3,ENG-01,12,0.077,2183,4425
dc8ba3f3-9cd3-1c2a-6409-c6d69c92e4e3,TRN-02,18,0.041,3185,2603
dc8ba3f3-9cd3-1c2a-6409-c6d69c92e4e3,HYD-03,19,0.058,609,1144
dc8ba3f3-9cd3-1c2a-6409-c6d69c92e4e3,ELEC-04,8,0.058,1127,801
dc8ba3f3-9cd3-1c2a-6409-c6d69c92e4e3,CHS-05,9,0.03,1487,1414
ccd93592-1b00-d30e-c415-f2cd689a6328,ENG-01,6,0.057,630,4079
ccd93592-1b00-d30e-c415-f2cd689a6328,TRN-02,19,0.052,1163,2774
ccd93592-1b00-d30e-c415-f2cd689a6328,HYD-03,16,0.029,0,1077
ccd93592-1b00-d30e-c415-f2cd689a6328,ELEC-04,10,0.062,1130,817
ccd93592-1b00-d30e-c415-f2cd689a6328,CHS-05,17,0.014,105,1369
01264aae-2e06-c923-779f-5e743efa30ac,ENG-01,18,0.078,510,4408
01264aae-2e06-c923-779f-5e743efa30ac,TRN-02,20,0.041,820,2753
01264aae-2e06-c923-779f-5e743efa30ac,HYD-03,14,0.041,1433,1135
01264aae-2e06-c923-779f-5e743efa30ac,ELEC-04,23,0.078,0,828
01264aae-2e06-c923-779f-5e743efa30ac,CHS-05,17,0.012,0,1407
fd76c7ce-b9c9-ee85-185b-bdab6f6e247f,ENG-01,21,0.079,0,4279
fd76c7ce-b9c9-ee85-185b-bdab6f6e247f,TRN-02,11,0.067,0,2799
fd76c7ce-b9c9-ee85-185b-bdab6f6e247f,HYD-03,19,0.051,364,1090
fd76c7ce-b9c9-ee85-185b-bdab6f6e247f,ELEC-04,11,0.046,2865,805
fd76c7ce-b9c9-ee85-185b-bdab6f6e247f,CHS-05,12,0.018,0,1461
03f5230b-591e-2482-5ae5-4a99f792359e,ENG-01,22,0.053,0,4314
03f5230b-591e-2482-5ae5-4a99f792359e,TRN-02,20,0.033,2532,2617
03f5230b-591e-2482-5ae5-4a99f792359e,HYD-03,9,0.05,1146,1116
03f5230b-591e-2482-5ae5-4a99f792359e,ELEC-04,13,0.058,3901,812
03f5230b-591e-2482-5ae5-4a99f792359e,CHS-05,13,0.047,3320,1411
f1d7379f-acef-ea4e-dcd7-ece748b288c5,ENG-01,19,0.089,961,4127
f1d7379f-acef-ea4e-dcd7-ece748b288c5,TRN-02,17,0.045,1023,2741
f1d7379f-acef-ea4e-dcd7-ece748b288c5,HYD-03,22,0.042,1098,1070
f1d7379f-acef-ea4e-dcd7-ece748b288c5,ELEC-04,11,0.078,255,784
f1d7379f-acef-ea4e-dcd7-ece748b288c5,CHS-05,13,0.03,0,1374
62b0ceff-c769-95ef-0ae9-3c6d9f5e4f9e,ENG-01,12,0.079,247,4217
62b0ceff-c769-95ef-0ae9-3c6d9f5e4f9e,TRN-02,16,0.053,0,2883
62b0ceff-c769-95ef-0ae9-3c6d9f5e4f9e,HYD-03,21,0.039,1241,1095
62b0ceff-c769-95ef-0ae9-3c6d9f5e4f9e,ELEC-04,16,0.069,993,834
62b0ceff-c769-95ef-0ae9-3c6d9f5e4f9e,CHS-05,17,0.031,1182,1400
213e671b-14f4-f289-080c-ec120118af3a,ENG-01,11,0.089,1275,4429
213e671b-14f4-f289-080c-ec120118af3a,TRN-02,23,0.043,825,2954
213e671b-14f4-f289-080c-ec120118af3a,HYD-03,15,0.056,0,1128
213e671b-14f4-f289-080c-ec120118af3a,ELEC-04,17,0.045,650,867
213e671b-14f4-f289-080c-ec120118af3a,CHS-05,19,0.044,0,1528
77724596-e273-33fa-8e5e-dec9c379fb71,ENG-01,2,0.086,1453,4370
77724596-e273-33fa-8e5e-dec9c379fb71,TRN-02,14,0.046,972,3049
77724596-e273-33fa-8e5e-dec9c379fb71,HYD-03,10,0.029,1673,1184
77724596-e273-33fa-8e5e-dec9c379fb71,ELEC-04,10,0.043,1536,908
77724596-e273-33fa-8e5e-dec9c379fb71,CHS-05,11,0.027,0,1531
52dec2d8-cff5-9d07-7ed0-ea440030baaf,ENG-01,7,0.077,774,4049
52dec2d8-cff5-9d07-7ed0-ea440030baaf,TRN-02,16,0.033,1071,2753
52dec2d8-cff5-9d07-7ed0-ea440030baaf,HYD-03,10,0.032,0,1127
52dec2d8-cff5-9d07-7ed0-ea440030baaf,ELEC-04,9,0.053,1841,830
52dec2d8-cff5-9d07-7ed0-ea440030baaf,CHS-05,19,0.034,632,1349
15543b55-3d6b-c682-3e5c-7517f0ddad9f,ENG-01,20,0.059,1148,4200
15543b55-3d6b-c682-3e5c-7517f0ddad9f,TRN-02,16,0.06,0,2975
15543b55-3d6b-c682-3e5c-7517f0ddad9f,HYD-03,19,0.049,1667,1123
15543b55-3d6b-c682-3e5c-7517f0ddad9f,ELEC-04,12,0.04,95,829
15543b55-3d6b-c682-3e5c-7517f0ddad9f,CHS-05,15,0.02,0,1467
c1c40ac4-8156-a119-ca53-83450d385500,ENG-01,10,0.065,637,4276
c1c40ac4-8156-a119-ca53-83450d385500,TRN-02,18,0.051,0,2759
c1c40ac4-8156-a119-ca53-83450d385500,HYD-03,8,0.054,1422,1136
c1c40ac4-8156-a119-ca53-83450d385500,ELEC-04,10,0.073,2970,807
c1c40ac4-8156-a119-ca53-83450d385500,CHS-05,10,0.047,2665,1436
6cbb72a2-eaec-942a-ee8f-262e66c94fbb,ENG-01,20,0.062,691,4334
6cbb72a2-eaec-942a-ee8f-262e66c94fbb,TRN-02,14,0.033,0,2869
6cbb72a2-eaec-942a-ee8f-262e66c94fbb,HYD-03,19,0.057,0,1172
6cbb72a2-eaec-942a-ee8f-262e66c94fbb,ELEC-04,9,0.051,0,849
6cbb72a2-eaec-942a-ee8f-262e66c94fbb,CHS-05,9,0.028,0,1385
a9f229f7-bf8a-2002-cfca-785a2e794e4c,ENG-01,19,0.087,2768,4291
a9f229f7-bf8a-2002-cfca-785a2e794e4c,TRN-02,20,0.062,1526,2613
a9f229f7-bf8a-2002-cfca-785a2e794e4c,HYD-03,15,0.035,1407,1087
a9f229f7-bf8a-2002-cfca-785a2e794e4c,ELEC-04,17,0.065,2005,762
a9f229f7-bf8a-2002-cfca-785a2e794e4c,CHS-05,11,0.036,0,1357
26e0202f-780c-66b6-be60-36387e94f024,ENG-01,6,0.09,1860,4640
26e0202f-780c-66b6-be60-36387e94f024,TRN-02,4,0.054,1245,2781
26e0202f-780c-66b6-be60-36387e94f024,HYD-03,3,0.027,718,1124
26e0202f-780c-66b6-be60-36387e94f024,ELEC-04,16,0.052,607,809
26e0202f-780c-66b6-be60-36387e94f024,CHS-05,12,0.03,1882,1463
c61a3782-0a96-e1af-f47c-a4558f9f051b,ENG-01,5,0.083,1057,4514
c61a3782-0a96-e1af-f47c-a4558f9f051b,TRN-02,16,0.055,292,2902
c61a3782-0a96-e1af-f47c-a4558f9f051b,HYD-03,4,0.045,191,1170
c61a3782-0a96-e1af-f47c-a4558f9f051b,ELEC-04,2,0.047,1569,825
c61a3782-0a96-e1af-f47c-a4558f9f051b,CHS-05,7,0.031,0,1452
f6afea73-8d59-23e6-1336-0cbd1fe122af,ENG-01,14,0.071,6051,4705
f6afea73-8d59-23e6-1336-0cbd1fe122af,TRN-02,5,0.043,5263,2721
f6afea73-8d59-23e6-1336-0cbd1fe122af,HYD-03,10,0.05,5984,1190
f6afea73-8d59-23e6-1336-0cbd1fe122af,ELEC-04,13,0.075,5547,862
f6afea73-8d59-23e6-1336-0cbd1fe122af,CHS-05,13,0.038,4085,1465
490d893c-4203-5fcb-142f-391693a6e43a,ENG-01,14,0.051,0,4097
490d893c-4203-5fcb-142f-391693a6e43a,TRN-02,23,0.037,0,2602
490d893c-4203-5fcb-142f-391693a6e43a,HYD-03,20,0.048,3207,1078
490d893c-4203-5fcb-142f-391693a6e43a,ELEC-04,25,0.067,761,774
490d893c-4203-5fcb-142f-391693a6e43a,CHS-05,18,0.022,0,1368
9100acd3-819e-6acb-bb56-1fa877423080,ENG-01,12,0.071,0,4369
9100acd3-819e-6acb-bb56-1fa877423080,TRN-02,22,0.035,1348,2845
9100acd3-819e-6acb-bb56-1fa877423080,HYD-03,22,0.028,1939,1142
9100acd3-819e-6acb-bb56-1fa877423080,ELEC-04,15,0.043,0,772
9100acd3-819e-6acb-bb56-1fa877423080,CHS-05,9,0.011,0,1457
5579b752-9570-837b-9864-65a423e47afb,ENG-01,4,0.079,437,4566
5579b752-9570-837b-9864-65a423e47afb,TRN-02,3,0.065,0,2990
5579b752-9570-837b-9864-65a423e47afb,HYD-03,10,0.027,398,1173
5579b752-9570-837b-9864-65a423e47afb,ELEC-04,11,0.043,0,879
5579b752-9570-837b-9864-65a423e47afb,CHS-05,5,0.037,0,1532
ececeb30-8cec-d20e-95e2-c934ff9b3e06,ENG-01,15,0.052,487,4299
ececeb30-8cec-d20e-95e2-c934ff9b3e06,TRN-02,21,0.057,1580,2886
ececeb30-8cec-d20e-95e2-c934ff9b3e06,HYD-03,22,0.022,178,1115
ececeb30-8cec-d20e-95e2-c934ff9b3e06,ELEC-04,10,0.063,0,832
ececeb30-8cec-d20e-95e2-c934ff9b3e06,CHS-05,22,0.031,1495,1450
95f558c8-3183-c78e-1481-c3c410217a2a,ENG-01,21,0.079,0,4169
95f558c8-3183-c78e-1481-c3c410217a2a,TRN-02,23,0.059,1653,2474
95f558c8-3183-c78e-1481-c3c410217a2a,HYD-03,23,0.021,0,1105
95f558c8-3183-c78e-1481-c3c410217a2a,ELEC-04,14,0.056,1957,758
95f558c8-3183-c78e-1481-c3c410217a2a,CHS-05,25,0.034,0,1327
2f397804-8cd2-c866-de80-123958f354b0,ENG-01,21,0.067,521,4114
2f397804-8cd2-c866-de80-123958f354b0,TRN-02,22,0.05,1061,2718
2f397804-8cd2-c866-de80-123958f354b0,HYD-03,16,0.044,614,1071
2f397804-8cd2-c866-de80-123958f354b0,ELEC-04,22,0.068,2219,806
2f397804-8cd2-c866-de80-123958f354b0,CHS-05,15,0.041,1780,1321
2c041949-26cf-6550-1680-63b4fc7c9532,ENG-01,18,0.069,3662,4157
2c041949-26cf-6550-1680-63b4fc7c9532,TRN-02,21,0.042,1294,2691
2c041949-26cf-6550-1680-63b4fc7c9532,HYD-03,15,0.057,330,1049
2c041949-26cf-6550-1680-63b4fc7c9532,ELEC-04,18,0.047,0,747
2c041949-26cf-6550-1680-63b4fc7c9532,CHS-05,22,0.031,1064,1394
2194f5ae-1740-915b-d47a-8ecce2830631,ENG-01,12,0.085,1,4528
2194f5ae-1740-915b-d47a-8ecce2830631,TRN-02,14,0.058,1447,2913
2194f5ae-1740-915b-d47a-8ecce2830631,HYD-03,20,0.032,749,1184
2194f5ae-1740-915b-d47a-8ecce2830631,ELEC-04,15,0.05,1615,830
2194f5ae-1740-915b-d47a-8ecce2830631,CHS-05,9,0.041,0,1499
56ab34c0-a0d5-b841-b557-ce3b345434bc,ENG-01,23,0.061,0,4091
56ab34c0-a0d5-b841-b557-ce3b345434bc,TRN-02,23,0.049,2457,2614
56ab34c0-a0d5-b841-b557-ce3b345434bc,HYD-03,19,0.055,852,1044
56ab34c0-a0d5-b841-b557-ce3b345434bc,ELEC-04,15,0.073,0,743
56ab34c0-a0d5-b841-b557-ce3b345434bc,CHS-05,16,0.034,0,1388
9014c63e-b5e1-06ba-68b0-1131f2238f3a,ENG-01,3,0.066,0,4736
9014c63e-b5e1-06ba-68b0-1131f2238f3a,TRN-02,2,0.033,0,2768
9014c63e-b5e1-06ba-68b0-1131f2238f3a,HYD-03,9,0.036,0,1155
9014c63e-b5e1-06ba-68b0-1131f2238f3a,ELEC-04,13,0.076,0,850
9014c63e-b5e1-06ba-68b0-1131f2238f3a,CHS-05,10,0.047,0,1480
4fe38522-4cab-e8bb-f4c6-05d5ab67011a,ENG-01,6,0.057,15,4328
4fe38522-4cab-e8bb-f4c6-05d5ab67011a,TRN-02,20,0.053,402,2830
4fe38522-4cab-e8bb-f4c6-05d5ab67011a,HYD-03,20,0.037,3433,1060
4fe38522-4cab-e8bb-f4c6-05d5ab67011a,ELEC-04,10,0.055,1396,794
4fe38522-4cab-e8bb-f4c6-05d5ab67011a,CHS-05,19,0.029,0,1375
7587deaa-5d59-c9e0-3089-326a320e6ca0,ENG-01,11,0.084,148,4234
7587deaa-5d59-c9e0-3089-326a320e6ca0,TRN-02,17,0.047,374,2974
7587deaa-5d59-c9e0-3089-326a320e6ca0,HYD-03,13,0.021,283,1127
7587deaa-5d59-c9e0-3089-326a320e6ca0,ELEC-04,11,0.049,1217,849
7587deaa-5d59-c9e0-3089-326a320e6ca0,CHS-05,17,0.018,1093,1393
6da16fed-0d7d-0b1d-c909-b360a13d247e,ENG-01,13,0.07,0,4484
6da16fed-0d7d-0b1d-c909-b360a13d247e,TRN-02,19,0.052,0,2761
6da16fed-0d7d-0b1d-c909-b360a13d247e,HYD-03,8,0.023,0,1068
6da16fed-0d7d-0b1d-c909-b360a13d247e,ELEC-04,20,0.064,0,795
6da16fed-0d7d-0b1d-c909-b360a13d247e,CHS-05,14,0.047,662,1429
ba3c0cf8-3c0f-acee-3cb1-c80de8849a3c,ENG-01,16,0.054,1924,4140
ba3c0cf8-3c0f-acee-3cb1-c80de8849a3c,TRN-02,21,0.063,1073,2592
ba3c0cf8-3c0f-acee-3cb1-c80de8849a3c,HYD-03,16,0.053,338,1064
ba3c0cf8-3c0f-acee-3cb1-c80de8849a3c,ELEC-04,13,0.062,0,775
ba3c0cf8-3c0f-acee-3cb1-c80de8849a3c,CHS-05,11,0.011,1270,1342
98f0025d-2858-771d-116a-6ea95bcb4531,ENG-01,13,0.056,0,4685
98f0025d-2858-771d-116a-6ea95bcb4531,TRN-02,11,0.069,1788,2902
98f0025d-2858-771d-116a-6ea95bcb4531,HYD-03,3,0.026,637,1140
98f0025d-2858-771d-116a-6ea95bcb4531,ELEC-04,9,0.067,1251,842
98f0025d-2858-771d-116a-6ea95bcb4531,CHS-05,3,0.033,0,1500
b36c72a1-32a8-0ee9-098f-4263b66352ce,ENG-01,14,0.067,0,4310
b36c72a1-32a8-0ee9-098f-4263b66352ce,TRN-02,10,0.063,0,2872
b36c72a1-32a8-0ee9-098f-4263b66352ce,HYD-03,12,0.033,34,1134
b36c72a1-32a8-0ee9-098f-4263b66352ce,ELEC-04,11,0.07,1010,829
b36c72a1-32a8-0ee9-098f-4263b66352ce,CHS-05,17,0.045,607,1448
6c6820b1-2fc7-97cb-1687-f402e6f163e1,ENG-01,13,0.056,0,4072
6c6820b1-2fc7-97cb-1687-f402e6f163e1,TRN-02,21,0.035,1519,2605
6c6820b1-2fc7-97cb-1687-f402e6f163e1,HYD-03,25,0.052,368,1034
6c6820b1-2fc7-97cb-1687-f402e6f163e1,ELEC-04,14,0.063,973,757
6c6820b1-2fc7-97cb-1687-f402e6f163e1,CHS-05,17,0.022,0,1363
5cb5efec-d781-ed11-840c-5958fd741c6a,ENG-01,13,0.078,0,4423
5cb5efec-d781-ed11-840c-5958fd741c6a,TRN-02,10,0.042,807,2577
5cb5efec-d781-ed11-840c-5958fd741c6a,HYD-03,10,0.045,1217,1089
5cb5efec-d781-ed11-840c-5958fd741c6a,ELEC-04,15,0.072,108,777
5cb5efec-d781-ed11-840c-5958fd741c6a,CHS-05,17,0.047,60,1395
5c5c0efe-63ec-49dd-2221-266d5fd039f3,ENG-01,10,0.058,785,4145
5c5c0efe-63ec-49dd-2221-266d5fd039f3,TRN-02,19,0.06,155,2796
5c5c0efe-63ec-49dd-2221-266d5fd039f3,HYD-03,14,0.053,653,1148
5c5c0efe-63ec-49dd-2221-266d5fd039f3,ELEC-04,16,0.079,734,861
5c5c0efe-63ec-49dd-2221-266d5fd039f3,CHS-05,11,0.043,760,1399
5b47b05f-4e15-08da-e090-eefef22a9d48,ENG-01,14,0.051,0,4310
5b47b05f-4e15-08da-e090-eefef22a9d48,TRN-02,20,0.05,0,2929
5b47b05f-4e15-08da-e090-eefef22a9d48,HYD-03,13,0.047,102,1112
5b47b05f-4e15-08da-e090-eefef22a9d48,ELEC-04,15,0.054,115,832
5b47b05f-4e15-08da-e090-eefef22a9d48,CHS-05,17,0.02,0,1400
82e9dc19-dd0c-ad8b-735c-a124a5d2aac2,ENG-01,4,0.06,1765,4544
82e9dc19-dd0c-ad8b-735c-a124a5d2aac2,TRN-02,9,0.067,3676,2889
82e9dc19-dd0c-ad8b-735c-a124a5d2aac2,HYD-03,4,0.038,0,1172
82e9dc19-dd0c-ad8b-735c-a124a5d2aac2,ELEC-04,7,0.077,3938,841
82e9dc19-dd0c-ad8b-735c-a124a5d2aac2,CHS-05,10,0.046,0,1455
d722ef4b-41de-9609-6de3-b85012101dd1,ENG-01,8,0.083,478,4222
d722ef4b-41de-9609-6de3-b85012101dd1,TRN-02,17,0.051,0,2781
d722ef4b-41de-9609-6de3-b85012101dd1,HYD-03,7,0.048,2131,1111
d722ef4b-41de-9609-6de3-b85012101dd1,ELEC-04,8,0.059,1146,788
d722ef4b-41de-9609-6de3-b85012101dd1,CHS-05,16,0.014,0,1369
396043f7-3872-44dd-3678-35a61c5a9d67,ENG-01,10,0.089,2967,4457
396043f7-3872-44dd-3678-35a61c5a9d67,TRN-02,10,0.052,3568,2703
396043f7-3872-44dd-3678-35a61c5a9d67,HYD-03,17,0.048,0,1132
396043f7-3872-44dd-3678-35a61c5a9d67,ELEC-04,21,0.056,3881,789
396043f7-3872-44dd-3678-35a61c5a9d67,CHS-05,10,0.019,4423,1457
bec13754-6716-ffe9-8e8e-7c169de53e78,ENG-01,14,0.059,0,4761
bec13754-6716-ffe9-8e8e-7c169de53e78,TRN-02,10,0.056,3742,2754
bec13754-6716-ffe9-8e8e-7c169de53e78,HYD-03,9,0.04,2954,1183
bec13754-6716-ffe9-8e8e-7c169de53e78,ELEC-04,9,0.063,2015,834
bec13754-6716-ffe9-8e8e-7c169de53e78,CHS-05,14,0.03,108,1535
81b9dbc0-7f44-e69e-b475-b50694c95c49,ENG-01,18,0.058,1094,4163
81b9dbc0-7f44-e69e-b475-b50694c95c49,TRN-02,18,0.048,2055,2773
81b9dbc0-7f44-e69e-b475-b50694c95c49,HYD-03,8,0.047,747,1114
81b9dbc0-7f44-e69e-b475-b50694c95c49,ELEC-04,7,0.074,1591,809
81b9dbc0-7f44-e69e-b475-b50694c95c49,CHS-05,9,0.044,901,1422
e0934490-af24-cc87-f5d0-d98dc4bc2edb,ENG-01,17,0.055,642,4308
e0934490-af24-cc87-f5d0-d98dc4bc2edb,TRN-02,20,0.044,1612,2681
e0934490-af24-cc87-f5d0-d98dc4bc2edb,HYD-03,13,0.053,516,1062
e0934490-af24-cc87-f5d0-d98dc4bc2edb,ELEC-04,22,0.048,0,809
e0934490-af24-cc87-f5d0-d98dc4bc2edb,CHS-05,12,0.022,0,1418
d854589b-65ac-220e-7b42-9eca13880c94,ENG-01,19,0.09,0,3847
d854589b-65ac-220e-7b42-9eca13880c94,TRN-02,13,0.04,0,2714
d854589b-65ac-220e-7b42-9eca13880c94,HYD-03,18,0.052,0,1069
d854589b-65ac-220e-7b42-9eca13880c94,ELEC-04,11,0.076,783,780
d854589b-65ac-220e-7b42-9eca13880c94,CHS-05,12,0.017,0,1374
180ea50d-d848-a740-7dcf-6952d2bef092,ENG-01,20,0.061,0,4043
180ea50d-d848-a740-7dcf-6952d2bef092,TRN-02,24,0.068,490,2713
180ea50d-d848-a740-7dcf-6952d2bef092,HYD-03,11,0.053,242,1049
180ea50d-d848-a740-7dcf-6952d2bef092,ELEC-04,11,0.059,127,853
180ea50d-d848-a740-7dcf-6952d2bef092,CHS-05,18,0.05,0,1410
c6aee0fd-bc95-9875-fbaa-cd138bb058d5,ENG-01,6,0.086,1470,4173
c6aee0fd-bc95-9875-fbaa-cd138bb058d5,TRN-02,17,0.052,1596,2835
c6aee0fd-bc95-9875-fbaa-cd138bb058d5,HYD-03,18,0.035,115,1108
c6aee0fd-bc95-9875-fbaa-cd138bb058d5,ELEC-04,13,0.057,1492,781
c6aee0fd-bc95-9875-fbaa-cd138bb058d5,CHS-05,10,0.015,506,1421
62884aba-2d5d-2b80-5477-aa43d7c542c8,ENG-01,9,0.086,1862,4279
62884aba-2d5d-2b80-5477-aa43d7c542c8,TRN-02,8,0.061,396,2768
62884aba-2d5d-2b80-5477-aa43d7c542c8,HYD-03,13,0.035,0,1074
62884aba-2d5d-2b80-5477-aa43d7c542c8,ELEC-04,11,0.069,1130,791
62884aba-2d5d-2b80-5477-aa43d7c542c8,CHS-05,17,0.049,0,1377
d72ff213-5e97-5748-eff3-689b501ec551,ENG-01,11,0.077,1666,4545
d72ff213-5e97-5748-eff3-689b501ec551,TRN-02,20,0.035,2267,2764
d72ff213-5e97-5748-eff3-689b501ec551,HYD-03,12,0.028,2802,1144
d72ff213-5e97-5748-eff3-689b501ec551,ELEC-04,15,0.059,2237,820
d72ff213-5e97-5748-eff3-689b501ec551,CHS-05,22,0.042,2110,1466
b201db71-a574-6226-5910-1457c2a69752,ENG-01,24,0.078,0,4293
b201db71-a574-6226-5910-1457c2a69752,TRN-02,22,0.066,0,2464
b201db71-a574-6226-5910-1457c2a69752,HYD-03,18,0.044,0,1038
b201db71-a574-6226-5910-1457c2a69752,ELEC-04,16,0.055,0,766
b201db71-a574-6226-5910-1457c2a69752,CHS-05,20,0.036,0,1362
2ecfad36-cfcb-d782-4178-f274ec6bc831,ENG-01,22,0.077,0,4307
2ecfad36-cfcb-d782-4178-f274ec6bc831,TRN-02,22,0.043,0,2879
2ecfad36-cfcb-d782-4178-f274ec6bc831,HYD-03,17,0.049,1423,1127
2ecfad36-cfcb-d782-4178-f274ec6bc831,ELEC-04,17,0.045,0,817
2ecfad36-cfcb-d782-4178-f274ec6bc831,CHS-05,11,0.035,0,1464
3372cac9-b81e-3c3c-c86e-f92042a73beb,ENG-01,25,0.079,0,4162
3372cac9-b81e-3c3c-c86e-f92042a73beb,TRN-02,15,0.035,1393,2531
3372cac9-b81e-3c3c-c86e-f92042a73beb,HYD-03,20,0.02,416,1081
3372cac9-b81e-3c3c-c86e-f92042a73beb,ELEC-04,22,0.052,2592,763
3372cac9-b81e-3c3c-c86e-f92042a73beb,CHS-05,22,0.04,1101,1335
427a13d4-a933-ec93-24bc-cff75e3cd7ce,ENG-01,17,0.051,225,3982
427a13d4-a933-ec93-24bc-cff75e3cd7ce,TRN-02,19,0.038,2221,2780
427a13d4-a933-ec93-24bc-cff75e3cd7ce,HYD-03,23,0.046,1176,1087
427a13d4-a933-ec93-24bc-cff75e3cd7ce,ELEC-04,17,0.047,354,767
427a13d4-a933-ec93-24bc-cff75e3cd7ce,CHS-05,24,0.031,0,1336
0892f768-c90f-d64c-6b87-90a9aaa8a280,ENG-01,8,0.055,1405,4643
0892f768-c90f-d64c-6b87-90a9aaa8a280,TRN-02,15,0.044,0,2935
0892f768-c90f-d64c-6b87-90a9aaa8a280,HYD-03,6,0.022,0,1164
0892f768-c90f-d64c-6b87-90a9aaa8a280,ELEC-04,14,0.071,1029,826
0892f768-c90f-d64c-6b87-90a9aaa8a280,CHS-05,14,0.035,0,1484
26eb8310-a367-641d-7792-c2d7db18c78f,ENG-01,8,0.06,1130,4589
26eb8310-a367-641d-7792-c2d7db18c78f,TRN-02,14,0.064,1748,3013
26eb8310-a367-641d-7792-c2d7db18c78f,HYD-03,13,0.042,0,1197
26eb8310-a367-641d-7792-c2d7db18c78f,ELEC-04,6,0.04,271,825
26eb8310-a367-641d-7792-c2d7db18c78f,CHS-05,4,0.043,3474,1464
c1fb03de-f84d-c6e8-ea12-a59344d4bbc3,ENG-01,18,0.079,630,4664
c1fb03de-f84d-c6e8-ea12-a59344d4bbc3,TRN-02,16,0.053,1774,2797
c1fb03de-f84d-c6e8-ea12-a59344d4bbc3,HYD-03,11,0.049,1347,1114
c1fb03de-f84d-c6e8-ea12-a59344d4bbc3,ELEC-04,10,0.071,1397,829
c1fb03de-f84d-c6e8-ea12-a59344d4bbc3,CHS-05,9,0.024,0,1500
3d2ecc5a-5284-d581-d4a7-5fe5d3408098,ENG-01,18,0.078,1765,4463
3d2ecc5a-5284-d581-d4a7-5fe5d3408098,TRN-02,19,0.045,56,2680
3d2ecc5a-5284-d581-d4a7-5fe5d3408098,HYD-03,20,0.027,1787,1132
3d2ecc5a-5284-d581-d4a7-5fe5d3408098,ELEC-04,8,0.07,2092,809
3d2ecc5a-5284-d581-d4a7-5fe5d3408098,CHS-05,8,0.028,0,1423
8394525d-cae9-92ad-35ff-d381e0ef0145,ENG-01,16,0.088,920,4501
8394525d-cae9-92ad-35ff-d381e0ef0145,TRN-02,12,0.048,1458,2824
8394525d-cae9-92ad-35ff-d381e0ef0145,HYD-03,18,0.034,0,1108
8394525d-cae9-92ad-35ff-d381e0ef0145,ELEC-04,8,0.065,133,777
8394525d-cae9-92ad-35ff-d381e0ef0145,CHS-05,22,0.016,0,1435
296faf56-031d-7240-279f-2200532cc36c,ENG-01,16,0.054,630,4373
296faf56-031d-7240-279f-2200532cc36c,TRN-02,13,0.036,303,2614
296faf56-031d-7240-279f-2200532cc36c,HYD-03,6,0.043,2268,1149
296faf56-031d-7240-279f-2200532cc36c,ELEC-04,13,0.071,601,763
296faf56-031d-7240-279f-2200532cc36c,CHS-05,14,0.035,1909,1390
f28f8b85-b211-9a84-16d1-02f2f4829c69,ENG-01,11,0.063,547,4073
f28f8b85-b211-9a84-16d1-02f2f4829c69,TRN-02,18,0.031,0,2693
f28f8b85-b211-9a84-16d1-02f2f4829c69,HYD-03,18,0.046,508,1095
f28f8b85-b211-9a84-16d1-02f2f4829c69,ELEC-04,11,0.042,182,785
f28f8b85-b211-9a84-16d1-02f2f4829c69,CHS-05,23,0.037,389,1354
1437d95b-3179-6091-26bd-f187d7b666e8,ENG-01,2,0.059,2897,4390
1437d95b-3179-6091-26bd-f187d7b666e8,TRN-02,14,0.036,1426,3055
1437d95b-3179-6091-26bd-f187d7b666e8,HYD-03,16,0.023,3403,1191
1437d95b-3179-6091-26bd-f187d7b666e8,ELEC-04,6,0.05,0,855
1437d95b-3179-6091-26bd-f187d7b666e8,CHS-05,5,0.028,1887,1470
7e951107-06a3-ad7b-4aab-b69a34b243b5,ENG-01,6,0.086,3492,4335
7e951107-06a3-ad7b-4aab-b69a34b243b5,TRN-02,7,0.031,4440,2582
7e951107-06a3-ad7b-4aab-b69a34b243b5,HYD-03,16,0.055,0,1095
7e951107-06a3-ad7b-4aab-b69a34b243b5,ELEC-04,8,0.067,4762,813
7e951107-06a3-ad7b-4aab-b69a34b243b5,CHS-05,10,0.029,0,1381
5f0c20cf-3c5c-9dba-f35e-46c6a4a20649,ENG-01,14,0.086,1855,4435
5f0c20cf-3c5c-9dba-f35e-46c6a4a20649,TRN-02,11,0.05,0,2867
5f0c20cf-3c5c-9dba-f35e-46c6a4a20649,HYD-03,11,0.043,1163,1154
5f0c20cf-3c5c-9dba-f35e-46c6a4a20649,ELEC-04,17,0.06,2153,787
5f0c20cf-3c5c-9dba-f35e-46c6a4a20649,CHS-05,18,0.018,1678,1428
f33bb3bd-4e91-1177-7c21-531611e54312,ENG-01,24,0.08,1112,4193
f33bb3bd-4e91-1177-7c21-531611e54312,TRN-02,23,0.053,2892,2676
f33bb3bd-4e91-1177-7c21-531611e54312,HYD-03,18,0.032,0,1038
f33bb3bd-4e91-1177-7c21-531611e54312,ELEC-04,23,0.042,546,779
f33bb3bd-4e91-1177-7c21-531611e54312,CHS-05,25,0.01,758,1355
e7642f9b-6c57-5b1f-1e0e-e46cb4ff54c8,ENG-01,3,0.072,1488,4630
e7642f9b-6c57-5b1f-1e0e-e46cb4ff54c8,TRN-02,3,0.043,0,2759
e7642f9b-6c57-5b1f-1e0e-e46cb4ff54c8,HYD-03,7,0.029,0,1197
e7642f9b-6c57-5b1f-1e0e-e46cb4ff54c8,ELEC-04,6,0.067,0,849
e7642f9b-6c57-5b1f-1e0e-e46cb4ff54c8,CHS-05,13,0.026,1029,1469
df7903b7-6db7-e1a2-87de-6a355e96eff5,ENG-01,4,0.056,46,4320
df7903b7-6db7-e1a2-87de-6a355e96eff5,TRN-02,13,0.044,505,3012
df7903b7-6db7-e1a2-87de-6a355e96eff5,HYD-03,4,0.036,0,1189
df7903b7-6db7-e1a2-87de-6a355e96eff5,ELEC-04,12,0.051,111,890
df7903b7-6db7-e1a2-87de-6a355e96eff5,CHS-05,13,0.018,0,1520
5b495ff2-fb1e-5ccf-f218-d016c6f97a69,ENG-01,14,0.076,0,4307
5b495ff2-fb1e-5ccf-f218-d016c6f97a69,TRN-02,17,0.052,137,2499
5b495ff2-fb1e-5ccf-f218-d016c6f97a69,HYD-03,15,0.026,0,1039
5b495ff2-fb1e-5ccf-f218-d016c6f97a69,ELEC-04,13,0.043,1077,775
5b495ff2-fb1e-5ccf-f218-d016c6f97a69,CHS-05,20,0.035,0,1355
eed42f58-1d12-83e2-a6ed-64391bc87c00,ENG-01,10,0.076,2075,4333
eed42f58-1d12-83e2-a6ed-64391bc87c00,TRN-02,17,0.035,666,2840
eed42f58-1d12-83e2-a6ed-64391bc87c00,HYD-03,14,0.047,0,1130
eed42f58-1d12-83e2-a6ed-64391bc87c00,ELEC-04,17,0.042,2817,812
eed42f58-1d12-83e2-a6ed-64391bc87c00,CHS-05,9,0.021,737,1388
85621a04-c06b-76ee-cd12-ceecdcd80995,ENG-01,22,0.065,1553,4396
85621a04-c06b-76ee-cd12-ceecdcd80995,TRN-02,13,0.045,352,2833
85621a04-c06b-76ee-cd12-ceecdcd80995,HYD-03,20,0.026,245,1119
85621a04-c06b-76ee-cd12-ceecdcd80995,ELEC-04,13,0.052,433,803
85621a04-c06b-76ee-cd12-ceecdcd80995,CHS-05,21,0.011,26,1497
1d15c90e-b16d-6ee9-635e-a2786f50da53,ENG-01,21,0.066,1452,4232
1d15c90e-b16d-6ee9-635e-a2786f50da53,TRN-02,19,0.038,0,3034
1d15c90e-b16d-6ee9-635e-a2786f50da53,HYD-03,12,0.047,0,1153
1d15c90e-b16d-6ee9-635e-a2786f50da53,ELEC-04,12,0.065,0,852
1d15c90e-b16d-6ee9-635e-a2786f50da53,CHS-05,23,0.013,0,1472
b02ed46a-6240-3cf2-516a-c11946b7ac58,ENG-01,20,0.06,0,4233
b02ed46a-6240-3cf2-516a-c11946b7ac58,TRN-02,14,0.038,0,2642
b02ed46a-6240-3cf2-516a-c11946b7ac58,HYD-03,8,0.033,1162,1120
b02ed46a-6240-3cf2-516a-c11946b7ac58,ELEC-04,12,0.059,513,773
b02ed46a-6240-3cf2-516a-c11946b7ac58,CHS-05,10,0.033,0,1307
299fb6ba-3f1c-ee4c-e681-c26e5c6ce756,ENG-01,15,0.084,385,4460
299fb6ba-3f1c-ee4c-e681-c26e5c6ce756,TRN-02,15,0.046,0,2963
299fb6ba-3f1c-ee4c-e681-c26e5c6ce756,HYD-03,16,0.036,0,1183
299fb6ba-3f1c-ee4c-e681-c26e5c6ce756,ELEC-04,5,0.055,461,911
299fb6ba-3f1c-ee4c-e681-c26e5c6ce756,CHS-05,4,0.011,902,1525
94dea2e6-e793-860c-bff9-1f6a0383c130,ENG-01,11,0.063,35,4061
94dea2e6-e793-860c-bff9-1f6a0383c130,TRN-02,17,0.06,247,2489
94dea2e6-e793-860c-bff9-1f6a0383c130,HYD-03,13,0.049,452,1122
94dea2e6-e793-860c-bff9-1f6a0383c130,ELEC-04,23,0.079,1154,751
94dea2e6-e793-860c-bff9-1f6a0383c130,CHS-05,20,0.016,534,1339
1e531991-2e03-f1de-14b9-f306177a730d,ENG-01,12,0.065,0,4222
1e531991-2e03-f1de-14b9-f306177a730d,TRN-02,14,0.034,0,2667
1e531991-2e03-f1de-14b9-f306177a730d,HYD-03,8,0.056,0,1100
1e531991-2e03-f1de-14b9-f306177a730d,ELEC-04,16,0.07,2113,787
1e531991-2e03-f1de-14b9-f306177a730d,CHS-05,7,0.046,839,1393
f8294515-63c2-2cbc-240c-67facb063525,ENG-01,3,0.057,516,4667
f8294515-63c2-2cbc-240c-67facb063525,TRN-02,15,0.051,712,2904
f8294515-63c2-2cbc-240c-67facb063525,HYD-03,4,0.049,519,1149
f8294515-63c2-2cbc-240c-67facb063525,ELEC-04,6,0.065,582,829
f8294515-63c2-2cbc-240c-67facb063525,CHS-05,3,0.016,2117,1526
56f7f02e-e1bc-17b6-0bd8-20161acc05d1,ENG-01,10,0.071,1438,4179
56f7f02e-e1bc-17b6-0bd8-20161acc05d1,TRN-02,20,0.064,262,2754
56f7f02e-e1bc-17b6-0bd8-20161acc05d1,HYD-03,12,0.025,0,1120
56f7f02e-e1bc-17b6-0bd8-20161acc05d1,ELEC-04,20,0.071,0,776
56f7f02e-e1bc-17b6-0bd8-20161acc05d1,CHS-05,8,0.028,367,1406
a1bbbbb6-da2a-e5b7-ac6c-82e9c821f104,ENG-01,17,0.077,1245,4598
a1bbbbb6-da2a-e5b7-ac6c-82e9c821f104,TRN-02,17,0.05,782,2750
a1bbbbb6-da2a-e5b7-ac6c-82e9c821f104,HYD-03,12,0.047,1029,1131
a1bbbbb6-da2a-e5b7-ac6c-82e9c821f104,ELEC-04,21,0.042,3155,798
a1bbbbb6-da2a-e5b7-ac6c-82e9c821f104,CHS-05,11,0.032,510,1458
06c5d6ca-f219-3b5c-4d6a-bd61ff0d296b,ENG-01,16,0.085,2088,4031
06c5d6ca-f219-3b5c-4d6a-bd61ff0d296b,TRN-02,14,0.042,105,2613
06c5d6ca-f219-3b5c-4d6a-bd61ff0d296b,HYD-03,22,0.058,2589,1007
06c5d6ca-f219-3b5c-4d6a-bd61ff0d296b,ELEC-04,21,0.044,954,746
06c5d6ca-f219-3b5c-4d6a-bd61ff0d296b,CHS-05,21,0.019,0,1359
ef688059-6dc9-ef84-e6b9-ccf0e2b13bb1,ENG-01,14,0.077,1832,4376
ef688059-6dc9-ef84-e6b9-ccf0e2b13bb1,TRN-02,14,0.063,0,2742
ef688059-6dc9-ef84-e6b9-ccf0e2b13bb1,HYD-03,14,0.022,0,1106
ef688059-6dc9-ef84-e6b9-ccf0e2b13bb1,ELEC-04,16,0.044,90,811
ef688059-6dc9-ef84-e6b9-ccf0e2b13bb1,CHS-05,18,0.019,0,1463
4db2a18f-b196-fb6d-63bd-3920d81e1142,ENG-01,8,0.089,1197,4656
4db2a18f-b196-fb6d-63bd-3920d81e1142,TRN-02,14,0.053,283,2835
4db2a18f-b196-fb6d-63bd-3920d81e1142,HYD-03,12,0.044,4138,1118
4db2a18f-b196-fb6d-63bd-3920d81e1142,ELEC-04,2,0.067,2233,872
4db2a18f-b196-fb6d-63bd-3920d81e1142,CHS-05,5,0.039,2814,1509
9494524a-ad8d-5956-dd00-e6db521fb629,ENG-01,11,0.083,0,4147
9494524a-ad8d-5956-dd00-e6db521fb629,TRN-02,22,0.068,0,2602
9494524a-ad8d-5956-dd00-e6db521fb629,HYD-03,17,0.025,0,1034
9494524a-ad8d-5956-dd00-e6db521fb629,ELEC-04,11,0.078,470,768
9494524a-ad8d-5956-dd00-e6db521fb629,CHS-05,14,0.032,2777,1393
8cdef2df-2c30-12e9-49ff-b3c50c33871e,ENG-01,17,0.05,41,4039
8cdef2df-2c30-12e9-49ff-b3c50c33871e,TRN-02,13,0.04,1816,2859
8cdef2df-2c30-12e9-49ff-b3c50c33871e,HYD-03,17,0.036,1367,1084
8cdef2df-2c30-12e9-49ff-b3c50c33871e,ELEC-04,19,0.045,965,839
8cdef2df-2c30-12e9-49ff-b3c50c33871e,CHS-05,14,0.033,1475,1364
ae023331-c83a-6311-1ce4-6eadec9675c4,ENG-01,19,0.075,496,4327
ae023331-c83a-6311-1ce4-6eadec9675c4,TRN-02,13,0.045,1815,2915
ae023331-c83a-6311-1ce4-6eadec9675c4,HYD-03,21,0.03,794,1151
ae023331-c83a-6311-1ce4-6eadec9675c4,ELEC-04,15,0.043,3091,804
ae023331-c83a-6311-1ce4-6eadec9675c4,CHS-05,21,0.022,1654,1451
8a4b94f6-c20e-d1d9-2ff4-4a17ece1e836,ENG-01,5,0.066,237,4639
8a4b94f6-c20e-d1d9-2ff4-4a17ece1e836,TRN-02,11,0.043,0,2891
8a4b94f6-c20e-d1d9-2ff4-4a17ece1e836,HYD-03,15,0.055,0,1175
8a4b94f6-c20e-d1d9-2ff4-4a17ece1e836,ELEC-04,4,0.071,1807,825
8a4b94f6-c20e-d1d9-2ff4-4a17ece1e836,CHS-05,13,0.049,549,1485
cd8596a0-7ff3-4203-5f92-1c0cd2b74587,ENG-01,10,0.079,822,4488
cd8596a0-7ff3-4203-5f92-1c0cd2b74587,TRN-02,22,0.056,522,2764
cd8596a0-7ff3-4203-5f92-1c0cd2b74587,HYD-03,16,0.042,0,1105
cd8596a0-7ff3-4203-5f92-1c0cd2b74587,ELEC-04,14,0.071,0,813
cd8596a0-7ff3-4203-5f92-1c0cd2b74587,CHS-05,12,0.011,0,1418
69752594-83a5-c59f-0aa3-7467341dc919,ENG-01,8,0.053,1297,4350
69752594-83a5-c59f-0aa3-7467341dc919,TRN-02,22,0.068,0,2857
69752594-83a5-c59f-0aa3-7467341dc919,HYD-03,17,0.048,650,1125
69752594-83a5-c59f-0aa3-7467341dc919,ELEC-04,13,0.051,1682,801
69752594-83a5-c59f-0aa3-7467341dc919,CHS-05,14,0.021,3,1443
013275ab-ee39-cea5-3163-528e17b435c7,ENG-01,10,0.056,944,4746
013275ab-ee39-cea5-3163-528e17b435c7,TRN-02,8,0.045,1281,2844
013275ab-ee39-cea5-3163-528e17b435c7,HYD-03,4,0.021,1326,1195
013275ab-ee39-cea5-3163-528e17b435c7,ELEC-04,15,0.055,0,813
013275ab-ee39-cea5-3163-528e17b435c7,CHS-05,2,0.045,0,1479
178049d1-605c-5e1d-bde8-883179007463,ENG-01,19,0.053,0,4045
178049d1-605c-5e1d-bde8-883179007463,TRN-02,20,0.054,253,2696
178049d1-605c-5e1d-bde8-883179007463,HYD-03,21,0.041,0,1056
178049d1-605c-5e1d-bde8-883179007463,ELEC-04,17,0.066,109,801
178049d1-605c-5e1d-bde8-883179007463,CHS-05,21,0.036,0,1384
137a891c-d855-4b2f-2e4c-2dbcb868a4a3,ENG-01,18,0.082,653,4275
137a891c-d855-4b2f-2e4c-2dbcb868a4a3,TRN-02,11,0.057,136,2800
137a891c-d855-4b2f-2e4c-2dbcb868a4a3,HYD-03,20,0.048,0,1157
137a891c-d855-4b2f-2e4c-2dbcb868a4a3,ELEC-04,21,0.061,0,847
137a891c-d855-4b2f-2e4c-2dbcb868a4a3,CHS-05,16,0.048,0,1358
257defdc-e9c9-2768-b826-14f9c09dd70e,ENG-01,9,0.058,561,4210
257defdc-e9c9-2768-b826-14f9c09dd70e,TRN-02,12,0.034,0,2672
257defdc-e9c9-2768-b826-14f9c09dd70e,HYD-03,12,0.057,1380,1031
257defdc-e9c9-2768-b826-14f9c09dd70e,ELEC-04,19,0.072,1696,766
257defdc-e9c9-2768-b826-14f9c09dd70e,CHS-05,9,0.012,33,1417
2b238955-1d11-6b2f-3f2b-48e5ce4b4a2a,ENG-01,14,0.084,0,3842
2b238955-1d11-6b2f-3f2b-48e5ce4b4a2a,TRN-02,11,0.035,2204,2808
2b238955-1d11-6b2f-3f2b-48e5ce4b4a2a,HYD-03,11,0.058,1245,1059
2b238955-1d11-6b2f-3f2b-48e5ce4b4a2a,ELEC-04,22,0.05,678,793
2b238955-1d11-6b2f-3f2b-48e5ce4b4a2a,CHS-05,12,0.047,0,1330
bf1bd692-48fa-d5e3-d01a-7334959f90eb,ENG-01,9,0.075,1876,4326
bf1bd692-48fa-d5e3-d01a-7334959f90eb,TRN-02,20,0.041,1264,2852
bf1bd692-48fa-d5e3-d01a-7334959f90eb,HYD-03,9,0.045,0,1101
bf1bd692-48fa-d5e3-d01a-7334959f90eb,ELEC-04,22,0.041,493,821
bf1bd692-48fa-d5e3-d01a-7334959f90eb,CHS-05,14,0.044,895,1397
1c69ebda-265d-e073-e765-ff9c14e4fa58,ENG-01,10,0.07,611,4378
1c69ebda-265d-e073-e765-ff9c14e4fa58,TRN-02,10,0.064,0,2531
1c69ebda-265d-e073-e765-ff9c14e4fa58,HYD-03,9,0.021,0,1086
1c69ebda-265d-e073-e765-ff9c14e4fa58,ELEC-04,6,0.046,1847,788
1c69ebda-265d-e073-e765-ff9c14e4fa58,CHS-05,15,0.014,1141,1420
de381a87-20bc-508b-a497-b75bc054574e,ENG-01,9,0.089,0,4373
de381a87-20bc-508b-a497-b75bc054574e,TRN-02,18,0.046,0,2638
de381a87-20bc-508b-a497-b75bc054574e,HYD-03,21,0.033,0,1079
de381a87-20bc-508b-a497-b75bc054574e,ELEC-04,11,0.046,739,764
de381a87-20bc-508b-a497-b75bc054574e,CHS-05,16,0.049,889,1429
cae1bbec-71a4-ba4a-16d8-69f62d814b5d,ENG-01,24,0.076,0,4109
cae1bbec-71a4-ba4a-16d8-69f62d814b5d,TRN-02,17,0.046,1576,2552
cae1bbec-71a4-ba4a-16d8-69f62d814b5d,HYD-03,20,0.049,0,1085
cae1bbec-71a4-ba4a-16d8-69f62d814b5d,ELEC-04,14,0.07,0,755
cae1bbec-71a4-ba4a-16d8-69f62d814b5d,CHS-05,23,0.012,471,1385
ad0271eb-cbb9-1c97-c454-d1c89b7130d6,ENG-01,3,0.062,2028,4525
ad0271eb-cbb9-1c97-c454-d1c89b7130d6,TRN-02,15,0.051,0,3040
ad0271eb-cbb9-1c97-c454-d1c89b7130d6,HYD-03,12,0.04,1153,1146
ad0271eb-cbb9-1c97-c454-d1c89b7130d6,ELEC-04,15,0.074,1020,858
ad0271eb-cbb9-1c97-c454-d1c89b7130d6,CHS-05,4,0.022,0,1513
25403288-1a64-b044-2b22-096d93880945,ENG-01,13,0.052,231,4197
25403288-1a64-b044-2b22-096d93880945,TRN-02,13,0.036,1595,2474
25403288-1a64-b044-2b22-096d93880945,HYD-03,12,0.034,630,1076
25403288-1a64-b044-2b22-096d93880945,ELEC-04,19,0.074,1515,785
25403288-1a64-b044-2b22-096d93880945,CHS-05,20,0.01,2182,1364
8b917908-a192-af61-69e6-5fb9fac4beb9,ENG-01,7,0.053,426,4130
8b917908-a192-af61-69e6-5fb9fac4beb9,TRN-02,20,0.052,28,2828
8b917908-a192-af61-69e6-5fb9fac4beb9,HYD-03,17,0.047,0,1058
8b917908-a192-af61-69e6-5fb9fac4beb9,ELEC-04,13,0.049,50,797
8b917908-a192-af61-69e6-5fb9fac4beb9,CHS-05,14,0.028,0,1344
a184225c-caf1-a523-f8df-c63710dafed0,ENG-01,10,0.072,1019,4307
a184225c-caf1-a523-f8df-c63710dafed0,TRN-02,16,0.056,0,2910
a184225c-caf1-a523-f8df-c63710dafed0,HYD-03,11,0.059,599,1102
a184225c-caf1-a523-f8df-c63710dafed0,ELEC-04,15,0.072,1262,829
a184225c-caf1-a523-f8df-c63710dafed0,CHS-05,22,0.03,0,1433
df37767d-f110-2c33-429c-9481de594604,ENG-01,12,0.064,3588,4073
df37767d-f110-2c33-429c-9481de594604,TRN-02,22,0.04,0,2456
df37767d-f110-2c33-429c-9481de594604,HYD-03,15,0.026,4542,1034
df37767d-f110-2c33-429c-9481de594604,ELEC-04,14,0.064,26,778
df37767d-f110-2c33-429c-9481de594604,CHS-05,23,0.031,3669,1398
74271437-bce3-f09b-2ad9-d00c0b10052a,ENG-01,10,0.051,1148,4229
74271437-bce3-f09b-2ad9-d00c0b10052a,TRN-02,23,0.07,0,2981
74271437-bce3-f09b-2ad9-d00c0b10052a,HYD-03,12,0.023,343,1153
74271437-bce3-f09b-2ad9-d00c0b10052a,ELEC-04,17,0.054,3447,834
74271437-bce3-f09b-2ad9-d00c0b10052a,CHS-05,18,0.037,0,1419
fccc310f-39e1-0cc6-1cfc-f02996993573,ENG-01,14,0.054,1048,4242
fccc310f-39e1-0cc6-1cfc-f02996993573,TRN-02,20,0.067,3005,3048
fccc310f-39e1-0cc6-1cfc-f02996993573,HYD-03,21,0.03,494,1165
fccc310f-39e1-0cc6-1cfc-f02996993573,ELEC-04,22,0.073,346,886
fccc310f-39e1-0cc6-1cfc-f02996993573,CHS-05,20,0.01,2016,1463
33cb3c60-7887-9b5f-40e4-b6ce191a3427,ENG-01,12,0.059,0,4521
33cb3c60-7887-9b5f-40e4-b6ce191a3427,TRN-02,12,0.045,197,3031
33cb3c60-7887-9b5f-40e4-b6ce191a3427,HYD-03,11,0.028,0,1162
33cb3c60-7887-9b5f-40e4-b6ce191a3427,ELEC-04,2,0.064,0,889
33cb3c60-7887-9b5f-40e4-b6ce191a3427,CHS-05,15,0.025,496,1514
0a3cac1d-db12-f01f-2654-18661807ca7e,ENG-01,14,0.059,0,4558
0a3cac1d-db12-f01f-2654-18661807ca7e,TRN-02,7,0.036,391,2701
0a3cac1d-db12-f01f-2654-18661807ca7e,HYD-03,8,0.053,139,1145
0a3cac1d-db12-f01f-2654-18661807ca7e,ELEC-04,4,0.064,0,863
0a3cac1d-db12-f01f-2654-18661807ca7e,CHS-05,13,0.049,0,1516
e4067abd-6acc-0a9d-8e91-0c8e06bcdcb4,ENG-01,13,0.085,0,4580
e4067abd-6acc-0a9d-8e91-0c8e06bcdcb4,TRN-02,7,0.052,2071,2916
e4067abd-6acc-0a9d-8e91-0c8e06bcdcb4,HYD-03,4,0.058,0,1163
e4067abd-6acc-0a9d-8e91-0c8e06bcdcb4,ELEC-04,16,0.048,0,826
e4067abd-6acc-0a9d-8e91-0c8e06bcdcb4,CHS-05,7,0.04,0,1501
5f65d668-40f1-ff0c-5346-fc62bd483ccd,ENG-01,20,0.056,562,4254
5f65d668-40f1-ff0c-5346-fc62bd483ccd,TRN-02,16,0.067,0,2825
5f65d668-40f1-ff0c-5346-fc62bd483ccd,HYD-03,20,0.052,1080,1141
5f65d668-40f1-ff0c-5346-fc62bd483ccd,ELEC-04,20,0.049,982,811
5f65d668-40f1-ff0c-5346-fc62bd483ccd,CHS-05,22,0.014,0,1431
48cea63a-dcc0-edf2-a802-de78a49d61b9,ENG-01,5,0.066,986,4717
48cea63a-dcc0-edf2-a802-de78a49d61b9,TRN-02,16,0.042,127,2835
48cea63a-dcc0-edf2-a802-de78a49d61b9,HYD-03,2,0.033,1425,1116
48cea63a-dcc0-edf2-a802-de78a49d61b9,ELEC-04,9,0.047,0,845
48cea63a-dcc0-edf2-a802-de78a49d61b9,CHS-05,12,0.011,1911,1492
5065945c-b94d-9a8d-d8a8-00ad62de02d8,ENG-01,23,0.088,3100,4231
5065945c-b94d-9a8d-d8a8-00ad62de02d8,TRN-02,18,0.038,1962,2854
5065945c-b94d-9a8d-d8a8-00ad62de02d8,HYD-03,12,0.034,0,1160
5065945c-b94d-9a8d-d8a8-00ad62de02d8,ELEC-04,11,0.075,215,825
5065945c-b94d-9a8d-d8a8-00ad62de02d8,CHS-05,10,0.044,1222,1452
396c48f3-88f7-6d75-d5cf-6ef7a86a868b,ENG-01,23,0.07,0,3991
396c48f3-88f7-6d75-d5cf-6ef7a86a868b,TRN-02,11,0.043,0,2803
396c48f3-88f7-6d75-d5cf-6ef7a86a868b,HYD-03,21,0.027,2867,1067
396c48f3-88f7-6d75-d5cf-6ef7a86a868b,ELEC-04,14,0.059,2938,806
396c48f3-88f7-6d75-d5cf-6ef7a86a868b,CHS-05,25,0.03,0,1332
ecc69e9e-e237-a357-d407-ef6560e11c5a,ENG-01,8,0.07,754,4085
ecc69e9e-e237-a357-d407-ef6560e11c5a,TRN-02,13,0.035,865,2866
ecc69e9e-e237-a357-d407-ef6560e11c5a,HYD-03,20,0.049,970,1097
ecc69e9e-e237-a357-d407-ef6560e11c5a,ELEC-04,15,0.074,1519,862
ecc69e9e-e237-a357-d407-ef6560e11c5a,CHS-05,8,0.03,0,1392
fdad954f-e0f9-6f1f-897b-ebb087d57245,ENG-01,21,0.053,959,4257
fdad954f-e0f9-6f1f-897b-ebb087d57245,TRN-02,19,0.058,577,2798
fdad954f-e0f9-6f1f-897b-ebb087d57245,HYD-03,18,0.043,0,1053
fdad954f-e0f9-6f1f-897b-ebb087d57245,ELEC-04,9,0.056,0,755
fdad954f-e0f9-6f1f-897b-ebb087d57245,CHS-05,22,0.049,113,1407
612a7131-5dee-46ec-4972-c2d177b32cac,ENG-01,12,0.087,1439,4373
612a7131-5dee-46ec-4972-c2d177b32cac,TRN-02,10,0.033,0,2848
612a7131-5dee-46ec-4972-c2d177b32cac,HYD-03,15,0.046,454,1124
612a7131-5dee-46ec-4972-c2d177b32cac,ELEC-04,18,0.057,673,826
612a7131-5dee-46ec-4972-c2d177b32cac,CHS-05,11,0.021,639,1419
936833c2-6dec-17a7-ef22-615f798bec9e,ENG-01,14,0.057,0,4432
936833c2-6dec-17a7-ef22-615f798bec9e,TRN-02,5,0.058,2064,3162
936833c2-6dec-17a7-ef22-615f798bec9e,HYD-03,14,0.03,2130,1150
936833c2-6dec-17a7-ef22-615f798bec9e,ELEC-04,10,0.074,1971,873
936833c2-6dec-17a7-ef22-615f798bec9e,CHS-05,14,0.048,627,1536
d6170125-8ba3-2907-4e52-1acf75a808a2,ENG-01,17,0.076,105,4529
d6170125-8ba3-2907-4e52-1acf75a808a2,TRN-02,23,0.034,3230,2747
d6170125-8ba3-2907-4e52-1acf75a808a2,HYD-03,11,0.027,282,1139
d6170125-8ba3-2907-4e52-1acf75a808a2,ELEC-04,10,0.078,3343,852
d6170125-8ba3-2907-4e52-1acf75a808a2,CHS-05,18,0.024,2195,1348
df5b439c-c5b7-0f1a-ad84-d19aac1d2807,ENG-01,9,0.064,1727,4614
df5b439c-c5b7-0f1a-ad84-d19aac1d2807,TRN-02,22,0.03,0,2826
df5b439c-c5b7-0f1a-ad84-d19aac1d2807,HYD-03,13,0.041,0,1115
df5b439c-c5b7-0f1a-ad84-d19aac1d2807,ELEC-04,12,0.041,43,841
df5b439c-c5b7-0f1a-ad84-d19aac1d2807,CHS-05,14,0.036,2079,1431
24a6e9b4-13d9-ad9f-45ee-b33962598a01,ENG-01,12,0.086,0,4015
24a6e9b4-13d9-ad9f-45ee-b33962598a01,TRN-02,18,0.055,0,2820
24a6e9b4-13d9-ad9f-45ee-b33962598a01,HYD-03,15,0.032,574,1030
24a6e9b4-13d9-ad9f-45ee-b33962598a01,ELEC-04,17,0.074,875,782
24a6e9b4-13d9-ad9f-45ee-b33962598a01,CHS-05,16,0.013,1079,1364
61ad56bc-8f54-4410-4ceb-e22054aef2be,ENG-01,14,0.086,0,4590
61ad56bc-8f54-4410-4ceb-e22054aef2be,TRN-02,15,0.049,1195,2813
61ad56bc-8f54-4410-4ceb-e22054aef2be,HYD-03,22,0.04,0,1129
61ad56bc-8f54-4410-4ceb-e22054aef2be,ELEC-04,16,0.05,0,826
61ad56bc-8f54-4410-4ceb-e22054aef2be,CHS-05,22,0.013,0,1474
709cab8f-7257-7050-5ee8-cac5fa2b80bd,ENG-01,20,0.075,2924,4199
709cab8f-7257-7050-5ee8-cac5fa2b80bd,TRN-02,6,0.054,2928,2472
709cab8f-7257-7050-5ee8-cac5fa2b80bd,HYD-03,13,0.035,2307,1087
709cab8f-7257-7050-5ee8-cac5fa2b80bd,ELEC-04,8,0.059,4333,774
709cab8f-7257-7050-5ee8-cac5fa2b80bd,CHS-05,12,0.039,2651,1371
634387d5-b7b0-499f-5beb-85de4c10c744,ENG-01,16,0.074,0,4229
634387d5-b7b0-499f-5beb-85de4c10c744,TRN-02,10,0.031,0,2598
634387d5-b7b0-499f-5beb-85de4c10c744,HYD-03,8,0.045,0,1059
634387d5-b7b0-499f-5beb-85de4c10c744,ELEC-04,11,0.048,0,779
634387d5-b7b0-499f-5beb-85de4c10c744,CHS-05,13,0.049,0,1343
d07f7ba9-c866-1544-d45c-d1f318b887a2,ENG-01,3,0.052,0,4476
d07f7ba9-c866-1544-d45c-d1f318b887a2,TRN-02,6,0.048,179,2829
d07f7ba9-c866-1544-d45c-d1f318b887a2,HYD-03,2,0.047,2886,1162
d07f7ba9-c866-1544-d45c-d1f318b887a2,ELEC-04,10,0.049,2594,835
d07f7ba9-c866-1544-d45c-d1f318b887a2,CHS-05,7,0.014,0,1475
18546c34-cb3a-8ee0-004b-6294b90cf113,ENG-01,8,0.082,0,4244
18546c34-cb3a-8ee0-004b-6294b90cf113,TRN-02,16,0.058,0,2445
18546c34-cb3a-8ee0-004b-6294b90cf113,HYD-03,7,0.039,409,1098
18546c34-cb3a-8ee0-004b-6294b90cf113,ELEC-04,8,0.051,0,792
18546c34-cb3a-8ee0-004b-6294b90cf113,CHS-05,18,0.015,0,1361
7a561756-11cc-5d3b-4944-95fedbd8d051,ENG-01,17,0.055,1920,4393
7a561756-11cc-5d3b-4944-95fedbd8d051,TRN-02,7,0.047,1893,2769
7a561756-11cc-5d3b-4944-95fedbd8d051,HYD-03,12,0.035,0,1112
7a561756-11cc-5d3b-4944-95fedbd8d051,ELEC-04,9,0.059,2787,774
7a561756-11cc-5d3b-4944-95fedbd8d051,CHS-05,6,0.027,1256,1413
f402c59a-7e07-24c3-1552-d7fbbbe7c65b,ENG-01,14,0.058,511,4502
f402c59a-7e07-24c3-1552-d7fbbbe7c65b,TRN-02,16,0.044,2738,2944
f402c59a-7e07-24c3-1552-d7fbbbe7c65b,HYD-03,4,0.045,1318,1205
f402c59a-7e07-24c3-1552-d7fbbbe7c65b,ELEC-04,4,0.057,2668,860
f402c59a-7e07-24c3-1552-d7fbbbe7c65b,CHS-05,15,0.01,1932,1437
8d52e441-ea36-0f20-cc8c-d1e03842bfe8,ENG-01,20,0.069,1459,4212
8d52e441-ea36-0f20-cc8c-d1e03842bfe8,TRN-02,19,0.038,0,2607
8d52e441-ea36-0f20-cc8c-d1e03842bfe8,HYD-03,22,0.03,532,1002
8d52e441-ea36-0f20-cc8c-d1e03842bfe8,ELEC-04,19,0.076,1541,773
8d52e441-ea36-0f20-cc8c-d1e03842bfe8,CHS-05,22,0.038,1466,1335
742491e6-b8d0-9e4b-8c86-359a551c8172,ENG-01,10,0.079,0,4549
742491e6-b8d0-9e4b-8c86-359a551c8172,TRN-02,20,0.064,0,2836
742491e6-b8d0-9e4b-8c86-359a551c8172,HYD-03,21,0.049,0,1130
742491e6-b8d0-9e4b-8c86-359a551c8172,ELEC-04,14,0.05,0,844
742491e6-b8d0-9e4b-8c86-359a551c8172,CHS-05,18,0.044,300,1441
87a35a08-1203-8fde-6909-5b2b8b0b2772,ENG-01,18,0.087,1890,4320
87a35a08-1203-8fde-6909-5b2b8b0b2772,TRN-02,18,0.032,2891,2623
87a35a08-1203-8fde-6909-5b2b8b0b2772,HYD-03,7,0.039,335,1120
87a35a08-1203-8fde-6909-5b2b8b0b2772,ELEC-04,18,0.06,2059,777
87a35a08-1203-8fde-6909-5b2b8b0b2772,CHS-05,17,0.028,1207,1405
668ced36-3a67-a4b8-a717-7957d06d2d52,ENG-01,21,0.073,0,4378
668ced36-3a67-a4b8-a717-7957d06d2d52,TRN-02,23,0.036,1828,2723
668ced36-3a67-a4b8-a717-7957d06d2d52,HYD-03,19,0.021,736,1128
668ced36-3a67-a4b8-a717-7957d06d2d52,ELEC-04,14,0.045,0,831
668ced36-3a67-a4b8-a717-7957d06d2d52,CHS-05,9,0.048,183,1472
87e2d528-168c-43fa-de8e-320bf21c379c,ENG-01,6,0.077,1955,4559
87e2d528-168c-43fa-de8e-320bf21c379c,TRN-02,13,0.041,1827,2838
87e2d528-168c-43fa-de8e-320bf21c379c,HYD-03,4,0.027,1338,1184
87e2d528-168c-43fa-de8e-320bf21c379c,ELEC-04,15,0.064,2103,835
87e2d528-168c-43fa-de8e-320bf21c379c,CHS-05,6,0.017,0,1461
dc829480-d49f-b242-aa1f-b80527a15c45,ENG-01,13,0.078,3171,4275
dc829480-d49f-b242-aa1f-b80527a15c45,TRN-02,15,0.032,3162,2494
dc829480-d49f-b242-aa1f-b80527a15c45,HYD-03,16,0.053,0,1126
dc829480-d49f-b242-aa1f-b80527a15c45,ELEC-04,11,0.079,2767,814
dc829480-d49f-b242-aa1f-b80527a15c45,CHS-05,10,0.038,2893,1400
b4ff69a0-5025-842e-6bfa-c4f6c9790b23,ENG-01,16,0.081,0,4423
b4ff69a0-5025-842e-6bfa-c4f6c9790b23,TRN-02,21,0.067,0,2608
b4ff69a0-5025-842e-6bfa-c4f6c9790b23,HYD-03,8,0.041,0,1101
b4ff69a0-5025-842e-6bfa-c4f6c9790b23,ELEC-04,21,0.051,0,792
b4ff69a0-5025-842e-6bfa-c4f6c9790b23,CHS-05,15,0.043,0,1460
62c981f5-2eda-d05f-35c2-f3fa8efea06c,ENG-01,9,0.064,1166,4654
62c981f5-2eda-d05f-35c2-f3fa8efea06c,TRN-02,6,0.037,0,2741
62c981f5-2eda-d05f-35c2-f3fa8efea06c,HYD-03,2,0.054,522,1181
62c981f5-2eda-d05f-35c2-f3fa8efea06c,ELEC-04,3,0.057,36,850
62c981f5-2eda-d05f-35c2-f3fa8efea06c,CHS-05,15,0.05,1565,1563
0f15eda3-6375-6079-c370-76ad3319b7c4,ENG-01,22,0.068,642,4183
0f15eda3-6375-6079-c370-76ad3319b7c4,TRN-02,17,0.06,1164,3060
0f15eda3-6375-6079-c370-76ad3319b7c4,HYD-03,15,0.023,0,1173
0f15eda3-6375-6079-c370-76ad3319b7c4,ELEC-04,10,0.045,929,845
0f15eda3-6375-6079-c370-76ad3319b7c4,CHS-05,22,0.047,0,1447
276d9976-020d-77d5-cd87-e2a684495613,ENG-01,13,0.067,1255,4257
276d9976-020d-77d5-cd87-e2a684495613,TRN-02,17,0.048,0,2437
276d9976-020d-77d5-cd87-e2a684495613,HYD-03,12,0.057,0,1051
276d9976-020d-77d5-cd87-e2a684495613,ELEC-04,21,0.054,2476,792
276d9976-020d-77d5-cd87-e2a684495613,CHS-05,17,0.032,1759,1344
4ea01c46-9377-00af-4e02-0a8e259c94c4,ENG-01,24,0.086,0,4028
4ea01c46-9377-00af-4e02-0a8e259c94c4,TRN-02,21,0.063,706,2751
4ea01c46-9377-00af-4e02-0a8e259c94c4,HYD-03,16,0.045,348,1063
4ea01c46-9377-00af-4e02-0a8e259c94c4,ELEC-04,19,0.041,0,800
4ea01c46-9377-00af-4e02-0a8e259c94c4,CHS-05,22,0.025,0,1399
924919b9-059f-08eb-469b-21afd159a27e,ENG-01,20,0.07,0,4340
924919b9-059f-08eb-469b-21afd159a27e,TRN-02,14,0.066,2392,2643
924919b9-059f-08eb-469b-21afd159a27e,HYD-03,7,0.048,3107,1093
924919b9-059f-08eb-469b-21afd159a27e,ELEC-04,12,0.069,0,757
924919b9-059f-08eb-469b-21afd159a27e,CHS-05,6,0.032,0,1406
56d118a9-ce52-b9fb-0883-3b87d258b462,ENG-01,11,0.085,1023,4508
56d118a9-ce52-b9fb-0883-3b87d258b462,TRN-02,15,0.07,661,2909
56d118a9-ce52-b9fb-0883-3b87d258b462,HYD-03,9,0.055,0,1160
56d118a9-ce52-b9fb-0883-3b87d258b462,ELEC-04,19,0.062,0,882
56d118a9-ce52-b9fb-0883-3b87d258b462,CHS-05,15,0.021,528,1400
14b6821e-ddf1-c4e5-a06b-fe1878fd0548,ENG-01,16,0.069,0,4321
14b6821e-ddf1-c4e5-a06b-fe1878fd0548,TRN-02,12,0.052,1675,3071
14b6821e-ddf1-c4e5-a06b-fe1878fd0548,HYD-03,11,0.046,1174,1231
14b6821e-ddf1-c4e5-a06b-fe1878fd0548,ELEC-04,12,0.058,1671,894
14b6821e-ddf1-c4e5-a06b-fe1878fd0548,CHS-05,14,0.035,0,1476
3bd3158f-23e6-10a0-a823-bec5d4fab6c3,ENG-01,9,0.076,0,4254
3bd3158f-23e6-10a0-a823-bec5d4fab6c3,TRN-02,8,0.032,259,2623
3bd3158f-23e6-10a0-a823-bec5d4fab6c3,HYD-03,14,0.025,1593,1063
3bd3158f-23e6-10a0-a823-bec5d4fab6c3,ELEC-04,18,0.079,1799,796
3bd3158f-23e6-10a0-a823-bec5d4fab6c3,CHS-05,11,0.017,531,1405
9dad56f2-f51c-eebc-855e-05f7cff0ed0d,ENG-01,10,0.081,0,4243
9dad56f2-f51c-eebc-855e-05f7cff0ed0d,TRN-02,15,0.039,0,2791
9dad56f2-f51c-eebc-855e-05f7cff0ed0d,HYD-03,8,0.021,1921,1100
9dad56f2-f51c-eebc-855e-05f7cff0ed0d,ELEC-04,22,0.077,0,798
9dad56f2-f51c-eebc-855e-05f7cff0ed0d,CHS-05,8,0.035,461,1457
68b72ee2-23c2-ab97-3216-d974c5909c38,ENG-01,17,0.06,0,4153
68b72ee2-23c2-ab97-3216-d974c5909c38,TRN-02,17,0.038,0,2448
68b72ee2-23c2-ab97-3216-d974c5909c38,HYD-03,11,0.041,0,1082
68b72ee2-23c2-ab97-3216-d974c5909c38,ELEC-04,19,0.045,0,761
68b72ee2-23c2-ab97-3216-d974c5909c38,CHS-05,21,0.021,325,1371
f799f4d1-e2a3-b1ab-6c95-86a586e65ccf,ENG-01,19,0.074,0,4084
f799f4d1-e2a3-b1ab-6c95-86a586e65ccf,TRN-02,21,0.037,747,2646
f799f4d1-e2a3-b1ab-6c95-86a586e65ccf,HYD-03,22,0.052,981,1061
f799f4d1-e2a3-b1ab-6c95-86a586e65ccf,ELEC-04,22,0.077,0,806
f799f4d1-e2a3-b1ab-6c95-86a586e65ccf,CHS-05,16,0.028,0,1355
bcc1dd37-6c10-3f06-168a-43b9f9cc0c89,ENG-01,15,0.056,1389,4115
bcc1dd37-6c10-3f06-168a-43b9f9cc0c89,TRN-02,17,0.053,660,2853
bcc1dd37-6c10-3f06-168a-43b9f9cc0c89,HYD-03,12,0.05,712,1072
bcc1dd37-6c10-3f06-168a-43b9f9cc0c89,ELEC-04,16,0.047,0,841
bcc1dd37-6c10-3f06-168a-43b9f9cc0c89,CHS-05,20,0.021,981,1410
a610794b-70a0-2ed1-edbe-a0ac9e656c62,ENG-01,13,0.057,0,4292
a610794b-70a0-2ed1-edbe-a0ac9e656c62,TRN-02,14,0.049,0,2628
a610794b-70a0-2ed1-edbe-a0ac9e656c62,HYD-03,9,0.048,0,1058
a610794b-70a0-2ed1-edbe-a0ac9e656c62,ELEC-04,15,0.064,1787,785
a610794b-70a0-2ed1-edbe-a0ac9e656c62,CHS-05,13,0.019,0,1397
af33290c-5692-f595-5fc6-2ebd38218d1a,ENG-01,18,0.077,1400,4528
af33290c-5692-f595-5fc6-2ebd38218d1a,TRN-02,19,0.064,1856,2619
af33290c-5692-f595-5fc6-2ebd38218d1a,HYD-03,20,0.027,2400,1145
af33290c-5692-f595-5fc6-2ebd38218d1a,ELEC-04,14,0.056,3351,794
af33290c-5692-f595-5fc6-2ebd38218d1a,CHS-05,9,0.017,3165,1383
7a3c66c2-fc8f-e811-688a-d30a6352d80e,ENG-01,14,0.077,2191,4251
7a3c66c2-fc8f-e811-688a-d30a6352d80e,TRN-02,13,0.036,614,2402
7a3c66c2-fc8f-e811-688a-d30a6352d80e,HYD-03,20,0.036,0,1118
7a3c66c2-fc8f-e811-688a-d30a6352d80e,ELEC-04,16,0.066,252,752
7a3c66c2-fc8f-e811-688a-d30a6352d80e,CHS-05,14,0.013,457,1356
39740280-ebe1-adf1-eb74-62afc685a170,ENG-01,14,0.065,0,4414
39740280-ebe1-adf1-eb74-62afc685a170,TRN-02,11,0.033,3528,2889
39740280-ebe1-adf1-eb74-62afc685a170,HYD-03,21,0.06,0,1118
39740280-ebe1-adf1-eb74-62afc685a170,ELEC-04,10,0.076,613,814
39740280-ebe1-adf1-eb74-62afc685a170,CHS-05,16,0.036,0,1463
c3235f07-c470-2bad-0657-e5425e4313ac,ENG-01,17,0.084,0,4487
c3235f07-c470-2bad-0657-e5425e4313ac,TRN-02,22,0.034,0,2668
c3235f07-c470-2bad-0657-e5425e4313ac,HYD-03,15,0.044,1533,1186
c3235f07-c470-2bad-0657-e5425e4313ac,ELEC-04,9,0.048,0,824
c3235f07-c470-2bad-0657-e5425e4313ac,CHS-05,12,0.048,41,1412
1874e975-4bc9-4933-e809-74e05670fec9,ENG-01,16,0.051,702,4195
1874e975-4bc9-4933-e809-74e05670fec9,TRN-02,12,0.067,0,2691
1874e975-4bc9-4933-e809-74e05670fec9,HYD-03,17,0.054,0,1046
1874e975-4bc9-4933-e809-74e05670fec9,ELEC-04,23,0.063,712,762
1874e975-4bc9-4933-e809-74e05670fec9,CHS-05,24,0.046,0,1368
531307e9-3594-7e7d-5830-548a48ed09fe,ENG-01,11,0.082,3174,4054
531307e9-3594-7e7d-5830-548a48ed09fe,TRN-02,21,0.045,1321,2688
531307e9-3594-7e7d-5830-548a48ed09fe,HYD-03,11,0.058,0,1100
531307e9-3594-7e7d-5830-548a48ed09fe,ELEC-04,15,0.061,3206,794
531307e9-3594-7e7d-5830-548a48ed09fe,CHS-05,12,0.047,1582,1333
4b39d854-f8eb-0e1e-9d14-e8941dd4940a,ENG-01,24,0.081,811,4044
4b39d854-f8eb-0e1e-9d14-e8941dd4940a,TRN-02,16,0.066,0,2617
4b39d854-f8eb-0e1e-9d14-e8941dd4940a,HYD-03,20,0.021,1815,1028
4b39d854-f8eb-0e1e-9d14-e8941dd4940a,ELEC-04,14,0.052,0,772
4b39d854-f8eb-0e1e-9d14-e8941dd4940a,CHS-05,22,0.013,484,1350
e80b9926-05d8-51f4-c852-2ff62f8e9d5d,ENG-01,11,0.065,2199,3981
e80b9926-05d8-51f4-c852-2ff62f8e9d5d,TRN-02,20,0.045,69,2718
e80b9926-05d8-51f4-c852-2ff62f8e9d5d,HYD-03,16,0.045,677,1012
e80b9926-05d8-51f4-c852-2ff62f8e9d5d,ELEC-04,18,0.067,29,785
e80b9926-05d8-51f4-c852-2ff62f8e9d5d,CHS-05,13,0.042,1256,1363
a44531f9-88b3-5aa9-7318-ceaab265d09f,ENG-01,17,0.052,2362,4578
a44531f9-88b3-5aa9-7318-ceaab265d09f,TRN-02,23,0.042,3792,2667
a44531f9-88b3-5aa9-7318-ceaab265d09f,HYD-03,19,0.02,3165,1170
a44531f9-88b3-5aa9-7318-ceaab265d09f,ELEC-04,20,0.045,0,812
a44531f9-88b3-5aa9-7318-ceaab265d09f,CHS-05,17,0.023,3488,1461
ee51c3a4-5736-a405-aea6-c4b21eeeaa67,ENG-01,23,0.078,3308,4083
ee51c3a4-5736-a405-aea6-c4b21eeeaa67,TRN-02,25,0.042,207,2632
ee51c3a4-5736-a405-aea6-c4b21eeeaa67,HYD-03,19,0.022,0,1041
ee51c3a4-5736-a405-aea6-c4b21eeeaa67,ELEC-04,19,0.056,466,799
ee51c3a4-5736-a405-aea6-c4b21eeeaa67,CHS-05,16,0.04,472,1335
ce2d0994-1b01-c578-9471-e13ae375bedc,ENG-01,13,0.077,0,4446
ce2d0994-1b01-c578-9471-e13ae375bedc,TRN-02,15,0.039,0,2682
ce2d0994-1b01-c578-9471-e13ae375bedc,HYD-03,20,0.025,0,1156
ce2d0994-1b01-c578-9471-e13ae375bedc,ELEC-04,12,0.072,0,817
ce2d0994-1b01-c578-9471-e13ae375bedc,CHS-05,9,0.022,0,1440
29b439e5-00d4-6ba5-6af9-2ebc96f2c4cf,ENG-01,20,0.059,0,4514
29b439e5-00d4-6ba5-6af9-2ebc96f2c4cf,TRN-02,8,0.039,0,2846
29b439e5-00d4-6ba5-6af9-2ebc96f2c4cf,HYD-03,10,0.044,975,1110
29b439e5-00d4-6ba5-6af9-2ebc96f2c4cf,ELEC-04,13,0.048,0,825
29b439e5-00d4-6ba5-6af9-2ebc96f2c4cf,CHS-05,16,0.041,1898,1412
369f4e9a-3704-4ece-f9df-7151a421f434,ENG-01,19,0.062,0,4093
369f4e9a-3704-4ece-f9df-7151a421f434,TRN-02,12,0.064,2174,2707
369f4e9a-3704-4ece-f9df-7151a421f434,HYD-03,15,0.054,0,1036
369f4e9a-3704-4ece-f9df-7151a421f434,ELEC-04,14,0.071,1693,769
369f4e9a-3704-4ece-f9df-7151a421f434,CHS-05,23,0.04,797,1319
5556e44c-7bf7-fd77-ab51-7c4a8d462bf8,ENG-01,18,0.055,2485,4258
5556e44c-7bf7-fd77-ab51-7c4a8d462bf8,TRN-02,16,0.062,0,2824
5556e44c-7bf7-fd77-ab51-7c4a8d462bf8,HYD-03,18,0.023,0,1106
5556e44c-7bf7-fd77-ab51-7c4a8d462bf8,ELEC-04,20,0.071,2117,819
5556e44c-7bf7-fd77-ab51-7c4a8d462bf8,CHS-05,11,0.015,921,1487
9d61aceb-a0bf-9a47-7c9c-9c4609f6690d,ENG-01,9,0.08,0,4073
9d61aceb-a0bf-9a47-7c9c-9c4609f6690d,TRN-02,14,0.055,2294,2829
9d61aceb-a0bf-9a47-7c9c-9c4609f6690d,HYD-03,7,0.021,0,1075
9d61aceb-a0bf-9a47-7c9c-9c4609f6690d,ELEC-04,17,0.042,0,784
9d61aceb-a0bf-9a47-7c9c-9c4609f6690d,CHS-05,20,0.034,2009,1361
9982d197-f3e2-a453-a5c4-74ccc1d352c5,ENG-01,2,0.076,469,4284
9982d197-f3e2-a453-a5c4-74ccc1d352c5,TRN-02,14,0.05,1511,3036
9982d197-f3e2-a453-a5c4-74ccc1d352c5,HYD-03,3,0.021,510,1156
9982d197-f3e2-a453-a5c4-74ccc1d352c5,ELEC-04,11,0.068,2871,889
9982d197-f3e2-a453-a5c4-74ccc1d352c5,CHS-05,10,0.034,1323,1490
fedb7766-32eb-607a-38d6-fca6748040f2,ENG-01,13,0.065,374,4145
fedb7766-32eb-607a-38d6-fca6748040f2,TRN-02,14,0.048,0,2510
fedb7766-32eb-607a-38d6-fca6748040f2,HYD-03,9,0.059,0,1065
fedb7766-32eb-607a-38d6-fca6748040f2,ELEC-04,17,0.073,374,777
fedb7766-32eb-607a-38d6-fca6748040f2,CHS-05,10,0.036,0,1417
dc659c23-c288-ddb4-28eb-b7fd5cb7ff2f,ENG-01,11,0.068,2673,4365
dc659c23-c288-ddb4-28eb-b7fd5cb7ff2f,TRN-02,18,0.049,1667,2906
dc659c23-c288-ddb4-28eb-b7fd5cb7ff2f,HYD-03,13,0.043,2594,1149
dc659c23-c288-ddb4-28eb-b7fd5cb7ff2f,ELEC-04,19,0.048,0,806
dc659c23-c288-ddb4-28eb-b7fd5cb7ff2f,CHS-05,20,0.045,340,1424
9d6d388d-4b61-8cd3-f300-dca726006cf0,ENG-01,20,0.084,1623,4346
9d6d388d-4b61-8cd3-f300-dca726006cf0,TRN-02,14,0.054,1668,2976
9d6d388d-4b61-8cd3-f300-dca726006cf0,HYD-03,21,0.026,1740,1168
9d6d388d-4b61-8cd3-f300-dca726006cf0,ELEC-04,13,0.066,0,822
9d6d388d-4b61-8cd3-f300-dca726006cf0,CHS-05,9,0.011,233,1448
ddd7e2ed-827d-cc72-1efe-aae1e7313e05,ENG-01,6,0.062,0,4229
ddd7e2ed-827d-cc72-1efe-aae1e7313e05,TRN-02,6,0.043,937,2639
ddd7e2ed-827d-cc72-1efe-aae1e7313e05,HYD-03,10,0.042,788,1058
ddd7e2ed-827d-cc72-1efe-aae1e7313e05,ELEC-04,15,0.047,760,764
ddd7e2ed-827d-cc72-1efe-aae1e7313e05,CHS-05,13,0.039,0,1391
f3a2ba4f-293b-2e32-126c-1c330d63c963,ENG-01,12,0.055,553,4129
f3a2ba4f-293b-2e32-126c-1c330d63c963,TRN-02,24,0.058,357,2716
f3a2ba4f-293b-2e32-126c-1c330d63c963,HYD-03,16,0.057,570,1103
f3a2ba4f-293b-2e32-126c-1c330d63c963,ELEC-04,17,0.043,276,728
f3a2ba4f-293b-2e32-126c-1c330d63c963,CHS-05,21,0.024,1080,1349
079d7578-fd0f-6e7f-2d5c-dd9006a57cf5,ENG-01,16,0.089,386,4531
079d7578-fd0f-6e7f-2d5c-dd9006a57cf5,TRN-02,13,0.063,1811,2694
079d7578-fd0f-6e7f-2d5c-dd9006a57cf5,HYD-03,22,0.034,0,1161
079d7578-fd0f-6e7f-2d5c-dd9006a57cf5,ELEC-04,18,0.073,1671,816
079d7578-fd0f-6e7f-2d5c-dd9006a57cf5,CHS-05,9,0.034,2757,1491
4f4f9ecf-febd-818e-7578-1db30605146d,ENG-01,13,0.071,1316,4367
4f4f9ecf-febd-818e-7578-1db30605146d,TRN-02,8,0.052,0,2729
4f4f9ecf-febd-818e-7578-1db30605146d,HYD-03,17,0.046,0,1128
4f4f9ecf-febd-818e-7578-1db30605146d,ELEC-04,8,0.045,239,790
4f4f9ecf-febd-818e-7578-1db30605146d,CHS-05,10,0.037,0,1373
408b9bce-0207-6f57-ea63-340216ea0ffb,ENG-01,5,0.067,204,4654
408b9bce-0207-6f57-ea63-340216ea0ffb,TRN-02,12,0.037,0,2690
408b9bce-0207-6f57-ea63-340216ea0ffb,HYD-03,16,0.04,0,1174
408b9bce-0207-6f57-ea63-340216ea0ffb,ELEC-04,6,0.051,0,846
408b9bce-0207-6f57-ea63-340216ea0ffb,CHS-05,6,0.021,0,1510
8d0f7ef3-4bd2-b65f-4ed9-0156fac9276f,ENG-01,7,0.062,2838,4687
8d0f7ef3-4bd2-b65f-4ed9-0156fac9276f,TRN-02,14,0.036,336,2879
8d0f7ef3-4bd2-b65f-4ed9-0156fac9276f,HYD-03,3,0.053,0,1151
8d0f7ef3-4bd2-b65f-4ed9-0156fac9276f,ELEC-04,2,0.057,0,857
8d0f7ef3-4bd2-b65f-4ed9-0156fac9276f,CHS-05,13,0.019,2905,1446
18b148fb-8122-a85a-7385-c70d197828c0,ENG-01,16,0.071,638,4015
18b148fb-8122-a85a-7385-c70d197828c0,TRN-02,13,0.061,0,2682
18b148fb-8122-a85a-7385-c70d197828c0,HYD-03,24,0.042,966,1036
18b148fb-8122-a85a-7385-c70d197828c0,ELEC-04,17,0.079,0,754
18b148fb-8122-a85a-7385-c70d197828c0,CHS-05,15,0.03,0,1348
f3794209-0c46-d935-acf9-d9bffdd5d9aa,ENG-01,15,0.055,2255,4336
f3794209-0c46-d935-acf9-d9bffdd5d9aa,TRN-02,19,0.037,0,2761
f3794209-0c46-d935-acf9-d9bffdd5d9aa,HYD-03,17,0.027,0,1188
f3794209-0c46-d935-acf9-d9bffdd5d9aa,ELEC-04,19,0.06,0,817
f3794209-0c46-d935-acf9-d9bffdd5d9aa,CHS-05,20,0.015,1141,1437
f00bf020-c985-8850-f58d-8c7abd6d5233,ENG-01,12,0.08,604,4273
f00bf020-c985-8850-f58d-8c7abd6d5233,TRN-02,16,0.062,0,2972
f00bf020-c985-8850-f58d-8c7abd6d5233,HYD-03,12,0.051,0,1088
f00bf020-c985-8850-f58d-8c7abd6d5233,ELEC-04,10,0.054,0,822
f00bf020-c985-8850-f58d-8c7abd6d5233,CHS-05,12,0.01,63,1367
99d9104d-df38-5d5d-055b-86a4179c01ea,ENG-01,21,0.058,1021,4321
99d9104d-df38-5d5d-055b-86a4179c01ea,TRN-02,12,0.056,0,2582
99d9104d-df38-5d5d-055b-86a4179c01ea,HYD-03,22,0.057,953,1117
99d9104d-df38-5d5d-055b-86a4179c01ea,ELEC-04,10,0.051,2402,766
99d9104d-df38-5d5d-055b-86a4179c01ea,CHS-05,13,0.028,0,1391
f7ce0a42-4de2-cb1a-e3e8-997134a89744,ENG-01,19,0.071,566,3990
f7ce0a42-4de2-cb1a-e3e8-997134a89744,TRN-02,20,0.048,1377,2528
f7ce0a42-4de2-cb1a-e3e8-997134a89744,HYD-03,11,0.045,1506,1034
f7ce0a42-4de2-cb1a-e3e8-997134a89744,ELEC-04,15,0.058,0,763
f7ce0a42-4de2-cb1a-e3e8-997134a89744,CHS-05,18,0.024,0,1370
e09ca16c-e00d-4953-fec8-65a23f83ac1c,ENG-01,19,0.071,0,4410
e09ca16c-e00d-4953-fec8-65a23f83ac1c,TRN-02,19,0.065,446,2730
e09ca16c-e00d-4953-fec8-65a23f83ac1c,HYD-03,17,0.025,578,1114
e09ca16c-e00d-4953-fec8-65a23f83ac1c,ELEC-04,18,0.047,0,830
e09ca16c-e00d-4953-fec8-65a23f83ac1c,CHS-05,12,0.023,0,1473
bdac5b6c-e839-403c-662c-999419fda73d,ENG-01,7,0.065,0,4129
bdac5b6c-e839-403c-662c-999419fda73d,TRN-02,12,0.06,1212,2537
bdac5b6c-e839-403c-662c-999419fda73d,HYD-03,12,0.056,0,1073
bdac5b6c-e839-403c-662c-999419fda73d,ELEC-04,18,0.067,0,798
bdac5b6c-e839-403c-662c-999419fda73d,CHS-05,10,0.032,2005,1375
52fc9deb-3c62-b1d4-677c-0098a0cdf543,ENG-01,22,0.074,72,3993
52fc9deb-3c62-b1d4-677c-0098a0cdf543,TRN-02,24,0.047,560,2881
52fc9deb-3c62-b1d4-677c-0098a0cdf543,HYD-03,17,0.051,17,1091
52fc9deb-3c62-b1d4-677c-0098a0cdf543,ELEC-04,14,0.063,1495,839
52fc9deb-3c62-b1d4-677c-0098a0cdf543,CHS-05,18,0.011,219,1374
9e4fe6ec-e2f8-2e93-2432-384ca80f8d36,ENG-01,12,0.05,0,4166
9e4fe6ec-e2f8-2e93-2432-384ca80f8d36,TRN-02,13,0.039,52,2758
9e4fe6ec-e2f8-2e93-2432-384ca80f8d36,HYD-03,11,0.055,0,1067
9e4fe6ec-e2f8-2e93-2432-384ca80f8d36,ELEC-04,17,0.072,2203,775
9e4fe6ec-e2f8-2e93-2432-384ca80f8d36,CHS-05,19,0.047,0,1348
02d23e07-7481-6891-7263-919c1a9b6fb0,ENG-01,15,0.076,0,4444
02d23e07-7481-6891-7263-919c1a9b6fb0,TRN-02,8,0.065,896,2898
02d23e07-7481-6891-7263-919c1a9b6fb0,HYD-03,14,0.05,1192,1231
02d23e07-7481-6891-7263-919c1a9b6fb0,ELEC-04,7,0.043,0,884
02d23e07-7481-6891-7263-919c1a9b6fb0,CHS-05,12,0.028,0,1512
01761ffc-3ddc-bf8a-a0b6-143e484f5dd5,ENG-01,17,0.053,0,4288
01761ffc-3ddc-bf8a-a0b6-143e484f5dd5,TRN-02,16,0.034,0,2731
01761ffc-3ddc-bf8a-a0b6-143e484f5dd5,HYD-03,17,0.029,0,1132
01761ffc-3ddc-bf8a-a0b6-143e484f5dd5,ELEC-04,16,0.043,135,771
01761ffc-3ddc-bf8a-a0b6-143e484f5dd5,CHS-05,6,0.031,992,1370
4d4b125b-f9fa-ad20-480a-cdda685d746e,ENG-01,18,0.079,365,4177
4d4b125b-f9fa-ad20-480a-cdda685d746e,TRN-02,23,0.063,922,2760
4d4b125b-f9fa-ad20-480a-cdda685d746e,HYD-03,11,0.02,1625,1063
4d4b125b-f9fa-ad20-480a-cdda685d746e,ELEC-04,17,0.064,0,792
4d4b125b-f9fa-ad20-480a-cdda685d746e,CHS-05,14,0.013,297,1355
9ccb86a1-1ff4-e03c-f5cd-c2254498fa5e,ENG-01,2,0.084,1592,4605
9ccb86a1-1ff4-e03c-f5cd-c2254498fa5e,TRN-02,2,0.07,2302,2915
9ccb86a1-1ff4-e03c-f5cd-c2254498fa5e,HYD-03,10,0.042,4794,1173
9ccb86a1-1ff4-e03c-f5cd-c2254498fa5e,ELEC-04,4,0.07,660,848
9ccb86a1-1ff4-e03c-f5cd-c2254498fa5e,CHS-05,3,0.028,140,1495
f25d4ea8-0c24-4397-5ab3-01053eb283b8,ENG-01,21,0.082,0,4576
f25d4ea8-0c24-4397-5ab3-01053eb283b8,TRN-02,21,0.039,893,2772
f25d4ea8-0c24-4397-5ab3-01053eb283b8,HYD-03,13,0.053,335,1111
f25d4ea8-0c24-4397-5ab3-01053eb283b8,ELEC-04,12,0.043,278,828
f25d4ea8-0c24-4397-5ab3-01053eb283b8,CHS-05,16,0.041,3764,1458
04d299f9-d66a-ba87-1fdb-c8451d9b0aa6,ENG-01,16,0.055,1098,4505
04d299f9-d66a-ba87-1fdb-c8451d9b0aa6,TRN-02,16,0.058,511,2671
04d299f9-d66a-ba87-1fdb-c8451d9b0aa6,HYD-03,12,0.05,1999,1134
04d299f9-d66a-ba87-1fdb-c8451d9b0aa6,ELEC-04,8,0.055,1213,791
04d299f9-d66a-ba87-1fdb-c8451d9b0aa6,CHS-05,15,0.013,0,1435
8b218b76-99c4-43f1-9dfa-437ecff85ac9,ENG-01,13,0.073,800,3833
8b218b76-99c4-43f1-9dfa-437ecff85ac9,TRN-02,14,0.069,238,2728
8b218b76-99c4-43f1-9dfa-437ecff85ac9,HYD-03,19,0.057,833,1063
8b218b76-99c4-43f1-9dfa-437ecff85ac9,ELEC-04,22,0.041,1028,850
8b218b76-99c4-43f1-9dfa-437ecff85ac9,CHS-05,25,0.04,645,1387
d0da292a-0edf-f8ae-526f-4af21a5d438b,ENG-01,16,0.053,450,4508
d0da292a-0edf-f8ae-526f-4af21a5d438b,TRN-02,12,0.06,1956,2850
d0da292a-0edf-f8ae-526f-4af21a5d438b,HYD-03,6,0.044,2192,1127
d0da292a-0edf-f8ae-526f-4af21a5d438b,ELEC-04,7,0.064,584,849
d0da292a-0edf-f8ae-526f-4af21a5d438b,CHS-05,6,0.022,0,1467
fb6ee0aa-5f1f-143e-2d74-26a918382ca9,ENG-01,11,0.081,646,4315
fb6ee0aa-5f1f-143e-2d74-26a918382ca9,TRN-02,17,0.062,3530,2869
fb6ee0aa-5f1f-143e-2d74-26a918382ca9,HYD-03,15,0.031,0,1151
fb6ee0aa-5f1f-143e-2d74-26a918382ca9,ELEC-04,17,0.048,1892,812
fb6ee0aa-5f1f-143e-2d74-26a918382ca9,CHS-05,13,0.01,1059,1486
1ae930a4-5bea-a567-bd83-db849fa67e61,ENG-01,18,0.052,416,4488
1ae930a4-5bea-a567-bd83-db849fa67e61,TRN-02,17,0.04,1224,2779
1ae930a4-5bea-a567-bd83-db849fa67e61,HYD-03,22,0.032,0,1149
1ae930a4-5bea-a567-bd83-db849fa67e61,ELEC-04,23,0.05,0,810
1ae930a4-5bea-a567-bd83-db849fa67e61,CHS-05,21,0.048,0,1480
154ed4fa-acfa-5094-2f31-dc453a6f726f,ENG-01,20,0.072,2342,4470
154ed4fa-acfa-5094-2f31-dc453a6f726f,TRN-02,13,0.043,388,2830
154ed4fa-acfa-5094-2f31-dc453a6f726f,HYD-03,17,0.042,672,1142
154ed4fa-acfa-5094-2f31-dc453a6f726f,ELEC-04,19,0.061,316,819
154ed4fa-acfa-5094-2f31-dc453a6f726f,CHS-05,21,0.011,216,1444
54f7451c-ee7c-01c5-fa58-de88be450ba8,ENG-01,14,0.057,0,4208
54f7451c-ee7c-01c5-fa58-de88be450ba8,TRN-02,12,0.067,662,2498
54f7451c-ee7c-01c5-fa58-de88be450ba8,HYD-03,19,0.059,0,1055
54f7451c-ee7c-01c5-fa58-de88be450ba8,ELEC-04,23,0.062,0,771
54f7451c-ee7c-01c5-fa58-de88be450ba8,CHS-05,13,0.028,0,1347
a13d220e-9ed1-abc0-800e-9c3765775df7,ENG-01,10,0.05,1055,4366
a13d220e-9ed1-abc0-800e-9c3765775df7,TRN-02,10,0.068,1011,2896
a13d220e-9ed1-abc0-800e-9c3765775df7,HYD-03,22,0.02,4110,1136
a13d220e-9ed1-abc0-800e-9c3765775df7,ELEC-04,9,0.066,1477,831
a13d220e-9ed1-abc0-800e-9c3765775df7,CHS-05,12,0.015,109,1441
3a7c4b74-7d14-7f56-f4d3-56426fcb8fc5,ENG-01,20,0.088,0,4460
3a7c4b74-7d14-7f56-f4d3-56426fcb8fc5,TRN-02,21,0.046,0,2652
3a7c4b74-7d14-7f56-f4d3-56426fcb8fc5,HYD-03,11,0.029,0,1140
3a7c4b74-7d14-7f56-f4d3-56426fcb8fc5,ELEC-04,13,0.078,0,823
3a7c4b74-7d14-7f56-f4d3-56426fcb8fc5,CHS-05,8,0.02,0,1415
a2c4e531-5907-3472-9cbc-eed5277af77f,ENG-01,2,0.085,0,4830
a2c4e531-5907-3472-9cbc-eed5277af77f,TRN-02,12,0.041,814,2863
a2c4e531-5907-3472-9cbc-eed5277af77f,HYD-03,15,0.031,2578,1162
a2c4e531-5907-3472-9cbc-eed5277af77f,ELEC-04,15,0.078,0,823
a2c4e531-5907-3472-9cbc-eed5277af77f,CHS-05,5,0.029,12,1482
6d0967cf-058d-8a83-82ad-69b9cd6891a1,ENG-01,15,0.057,0,4489
6d0967cf-058d-8a83-82ad-69b9cd6891a1,TRN-02,6,0.046,0,2923
6d0967cf-058d-8a83-82ad-69b9cd6891a1,HYD-03,14,0.025,0,1177
6d0967cf-058d-8a83-82ad-69b9cd6891a1,ELEC-04,3,0.044,0,867
6d0967cf-058d-8a83-82ad-69b9cd6891a1,CHS-05,12,0.021,0,1444
bc10796f-7835-2fad-872b-8efd908566dc,ENG-01,13,0.087,323,4151
bc10796f-7835-2fad-872b-8efd908566dc,TRN-02,21,0.063,0,2591
bc10796f-7835-2fad-872b-8efd908566dc,HYD-03,16,0.025,98,1060
bc10796f-7835-2fad-872b-8efd908566dc,ELEC-04,16,0.07,1701,780
bc10796f-7835-2fad-872b-8efd908566dc,CHS-05,11,0.024,2478,1329
21307e2c-8214-c798-0d42-423b5ed05316,ENG-01,16,0.058,897,4714
21307e2c-8214-c798-0d42-423b5ed05316,TRN-02,10,0.058,1897,2656
21307e2c-8214-c798-0d42-423b5ed05316,HYD-03,4,0.029,1387,1147
21307e2c-8214-c798-0d42-423b5ed05316,ELEC-04,16,0.048,0,846
21307e2c-8214-c798-0d42-423b5ed05316,CHS-05,12,0.042,0,1512
7b90a92c-f83e-39a3-e87a-37ac82434434,ENG-01,14,0.056,168,4307
7b90a92c-f83e-39a3-e87a-37ac82434434,TRN-02,22,0.046,1877,2782
7b90a92c-f83e-39a3-e87a-37ac82434434,HYD-03,13,0.056,0,1152
7b90a92c-f83e-39a3-e87a-37ac82434434,ELEC-04,14,0.046,278,805
7b90a92c-f83e-39a3-e87a-37ac82434434,CHS-05,11,0.032,0,1451
4f370196-28f1-eddb-95a5-cda090146ecb,ENG-01,5,0.068,4574,4582
4f370196-28f1-eddb-95a5-cda090146ecb,TRN-02,2,0.05,3660,2666
4f370196-28f1-eddb-95a5-cda090146ecb,HYD-03,4,0.053,5472,1212
4f370196-28f1-eddb-95a5-cda090146ecb,ELEC-04,10,0.07,6266,836
4f370196-28f1-eddb-95a5-cda090146ecb,CHS-05,6,0.021,3608,1536
48e4bc04-b0d6-ec61-55a0-db0199e4af41,ENG-01,13,0.062,681,4135
48e4bc04-b0d6-ec61-55a0-db0199e4af41,TRN-02,11,0.057,2262,2599
48e4bc04-b0d6-ec61-55a0-db0199e4af41,HYD-03,12,0.058,678,1067
48e4bc04-b0d6-ec61-55a0-db0199e4af41,ELEC-04,19,0.055,1701,746
48e4bc04-b0d6-ec61-55a0-db0199e4af41,CHS-05,14,0.029,2697,1330
3c866ed1-b0e0-2c46-5258-5f74c0ff6198,ENG-01,16,0.082,0,4172
3c866ed1-b0e0-2c46-5258-5f74c0ff6198,TRN-02,20,0.041,285,2474
3c866ed1-b0e0-2c46-5258-5f74c0ff6198,HYD-03,16,0.041,1410,1034
3c866ed1-b0e0-2c46-5258-5f74c0ff6198,ELEC-04,16,0.056,0,755
3c866ed1-b0e0-2c46-5258-5f74c0ff6198,CHS-05,16,0.014,222,1369
c436f5b7-a6e8-0423-e5b0-a40164fd932e,ENG-01,20,0.071,0,4193
c436f5b7-a6e8-0423-e5b0-a40164fd932e,TRN-02,12,0.048,983,2772
c436f5b7-a6e8-0423-e5b0-a40164fd932e,HYD-03,13,0.033,879,1106
c436f5b7-a6e8-0423-e5b0-a40164fd932e,ELEC-04,15,0.051,1628,827
c436f5b7-a6e8-0423-e5b0-a40164fd932e,CHS-05,11,0.018,1920,1393
802667fe-9caf-84cf-74cf-ba79d7d4d695,ENG-01,14,0.073,215,4512
802667fe-9caf-84cf-74cf-ba79d7d4d695,TRN-02,10,0.041,557,2788
802667fe-9caf-84cf-74cf-ba79d7d4d695,HYD-03,23,0.048,709,1108
802667fe-9caf-84cf-74cf-ba79d7d4d695,ELEC-04,17,0.048,0,828
802667fe-9caf-84cf-74cf-ba79d7d4d695,CHS-05,14,0.021,0,1492
5d670568-213c-42f6-4496-98a97ae1a53d,ENG-01,12,0.056,2491,4161
5d670568-213c-42f6-4496-98a97ae1a53d,TRN-02,15,0.04,0,2642
5d670568-213c-42f6-4496-98a97ae1a53d,HYD-03,12,0.048,1327,1053
5d670568-213c-42f6-4496-98a97ae1a53d,ELEC-04,12,0.041,1979,808
5d670568-213c-42f6-4496-98a97ae1a53d,CHS-05,9,0.021,3580,1377
cc43ab9a-315f-f8a8-3b0f-1d6c77b4652c,ENG-01,24,0.085,0,4178
cc43ab9a-315f-f8a8-3b0f-1d6c77b4652c,TRN-02,12,0.039,432,2612
cc43ab9a-315f-f8a8-3b0f-1d6c77b4652c,HYD-03,16,0.055,1095,1026
cc43ab9a-315f-f8a8-3b0f-1d6c77b4652c,ELEC-04,16,0.078,0,758
cc43ab9a-315f-f8a8-3b0f-1d6c77b4652c,CHS-05,11,0.016,0,1401
f6c85b59-0555-05f0-f920-d338679ce961,ENG-01,9,0.071,2579,4406
f6c85b59-0555-05f0-f920-d338679ce961,TRN-02,15,0.036,725,2716
f6c85b59-0555-05f0-f920-d338679ce961,HYD-03,22,0.046,1167,1132
f6c85b59-0555-05f0-f920-d338679ce961,ELEC-04,9,0.055,0,808
f6c85b59-0555-05f0-f920-d338679ce961,CHS-05,9,0.044,1740,1428
d90ee9c2-d8cc-f5c5-3657-5f7e318c14c9,ENG-01,11,0.088,0,4498
d90ee9c2-d8cc-f5c5-3657-5f7e318c14c9,TRN-02,13,0.07,0,2754
d90ee9c2-d8cc-f5c5-3657-5f7e318c14c9,HYD-03,18,0.031,0,1134
d90ee9c2-d8cc-f5c5-3657-5f7e318c14c9,ELEC-04,20,0.063,0,783
d90ee9c2-d8cc-f5c5-3657-5f7e318c14c9,CHS-05,13,0.015,557,1362
f45526e9-02d4-1487-3001-f9a736f568ae,ENG-01,11,0.085,1486,4292
f45526e9-02d4-1487-3001-f9a736f568ae,TRN-02,10,0.039,0,2891
f45526e9-02d4-1487-3001-f9a736f568ae,HYD-03,18,0.036,26,1024
f45526e9-02d4-1487-3001-f9a736f568ae,ELEC-04,14,0.062,931,818
f45526e9-02d4-1487-3001-f9a736f568ae,CHS-05,17,0.037,0,1418
d34eef71-8e3c-4b54-af7b-c62f9919e924,ENG-01,13,0.07,0,4384
d34eef71-8e3c-4b54-af7b-c62f9919e924,TRN-02,16,0.036,1919,2872
d34eef71-8e3c-4b54-af7b-c62f9919e924,HYD-03,20,0.055,0,1154
d34eef71-8e3c-4b54-af7b-c62f9919e924,ELEC-04,20,0.045,0,841
d34eef71-8e3c-4b54-af7b-c62f9919e924,CHS-05,14,0.02,1168,1441
190c1e90-13d0-7525-6114-892e42716cff,ENG-01,12,0.06,1012,4116
190c1e90-13d0-7525-6114-892e42716cff,TRN-02,18,0.042,1026,2930
190c1e90-13d0-7525-6114-892e42716cff,HYD-03,13,0.055,66,1118
190c1e90-13d0-7525-6114-892e42716cff,ELEC-04,19,0.051,44,816
190c1e90-13d0-7525-6114-892e42716cff,CHS-05,14,0.028,1461,1423
02504b52-d605-514b-3a5d-20b98f55362c,ENG-01,13,0.056,834,3971
02504b52-d605-514b-3a5d-20b98f55362c,TRN-02,17,0.042,0,2795
02504b52-d605-514b-3a5d-20b98f55362c,HYD-03,24,0.053,0,1043
02504b52-d605-514b-3a5d-20b98f55362c,ELEC-04,11,0.055,0,825
02504b52-d605-514b-3a5d-20b98f55362c,CHS-05,19,0.012,1451,1419
bb192347-41db-bb0a-2554-ef73bb223f42,ENG-01,13,0.054,1153,4647
bb192347-41db-bb0a-2554-ef73bb223f42,TRN-02,11,0.067,466,2983
bb192347-41db-bb0a-2554-ef73bb223f42,HYD-03,5,0.034,1189,1165
bb192347-41db-bb0a-2554-ef73bb223f42,ELEC-04,11,0.055,0,837
bb192347-41db-bb0a-2554-ef73bb223f42,CHS-05,6,0.011,2082,1475
6c2f26c7-e09e-cdae-175d-c4fa509a0a9f,ENG-01,9,0.065,0,4490
6c2f26c7-e09e-cdae-175d-c4fa509a0a9f,TRN-02,14,0.038,111,2833
6c2f26c7-e09e-cdae-175d-c4fa509a0a9f,HYD-03,16,0.041,1566,1090
6c2f26c7-e09e-cdae-175d-c4fa509a0a9f,ELEC-04,13,0.052,0,811
6c2f26c7-e09e-cdae-175d-c4fa509a0a9f,CHS-05,8,0.041,0,1413
6229d647-a3af-9672-6180-55e822b661ab,ENG-01,20,0.052,1430,4429
6229d647-a3af-9672-6180-55e822b661ab,TRN-02,17,0.044,1502,2828
6229d647-a3af-9672-6180-55e822b661ab,HYD-03,11,0.054,2348,1112
6229d647-a3af-9672-6180-55e822b661ab,ELEC-04,15,0.053,0,825
6229d647-a3af-9672-6180-55e822b661ab,CHS-05,12,0.019,1352,1436
3a65a240-3427-3915-c2a2-e1a456a4b4dc,ENG-01,21,0.06,0,4197
3a65a240-3427-3915-c2a2-e1a456a4b4dc,TRN-02,11,0.067,1128,3027
3a65a240-3427-3915-c2a2-e1a456a4b4dc,HYD-03,13,0.024,0,1140
3a65a240-3427-3915-c2a2-e1a456a4b4dc,ELEC-04,16,0.071,0,822
3a65a240-3427-3915-c2a2-e1a456a4b4dc,CHS-05,16,0.019,0,1392
58368a2e-23e3-9dd2-d8e0-bf4dd75bc3f2,ENG-01,16,0.06,1089,4480
58368a2e-23e3-9dd2-d8e0-bf4dd75bc3f2,TRN-02,11,0.06,0,2603
58368a2e-23e3-9dd2-d8e0-bf4dd75bc3f2,HYD-03,21,0.052,0,1157
58368a2e-23e3-9dd2-d8e0-bf4dd75bc3f2,ELEC-04,12,0.043,614,830
58368a2e-23e3-9dd2-d8e0-bf4dd75bc3f2,CHS-05,12,0.012,381,1476
1408f2f0-a751-9199-fe4f-4a4b92bac1f5,ENG-01,17,0.082,1881,4270
1408f2f0-a751-9199-fe4f-4a4b92bac1f5,TRN-02,13,0.067,2402,2778
1408f2f0-a751-9199-fe4f-4a4b92bac1f5,HYD-03,13,0.027,0,1064
1408f2f0-a751-9199-fe4f-4a4b92bac1f5,ELEC-04,10,0.042,2700,780
1408f2f0-a751-9199-fe4f-4a4b92bac1f5,CHS-05,16,0.018,0,1359
403ec17a-b0f4-aa5a-02cc-0fd47eab5c77,ENG-01,16,0.069,1574,4549
403ec17a-b0f4-aa5a-02cc-0fd47eab5c77,TRN-02,23,0.034,1987,2580
403ec17a-b0f4-aa5a-02cc-0fd47eab5c77,HYD-03,14,0.052,0,1159
403ec17a-b0f4-aa5a-02cc-0fd47eab5c77,ELEC-04,11,0.063,0,790
403ec17a-b0f4-aa5a-02cc-0fd47eab5c77,CHS-05,16,0.037,1225,1395
cd50fb0d-0d46-1fad-bd7a-8554c6343ddb,ENG-01,12,0.051,0,4306
cd50fb0d-0d46-1fad-bd7a-8554c6343ddb,TRN-02,10,0.036,1723,2958
cd50fb0d-0d46-1fad-bd7a-8554c6343ddb,HYD-03,16,0.045,982,1130
cd50fb0d-0d46-1fad-bd7a-8554c6343ddb,ELEC-04,17,0.058,1692,823
cd50fb0d-0d46-1fad-bd7a-8554c6343ddb,CHS-05,22,0.015,2099,1425
9595f3f0-3cbd-7009-ddc6-434b15e9c9b1,ENG-01,11,0.08,1784,4503
9595f3f0-3cbd-7009-ddc6-434b15e9c9b1,TRN-02,11,0.036,294,2902
9595f3f0-3cbd-7009-ddc6-434b15e9c9b1,HYD-03,9,0.046,655,1138
9595f3f0-3cbd-7009-ddc6-434b15e9c9b1,ELEC-04,12,0.062,243,789
9595f3f0-3cbd-7009-ddc6-434b15e9c9b1,CHS-05,8,0.02,859,1444
3cb5e1a3-426a-1a99-04ac-c33f439bb85a,ENG-01,5,0.084,252,4386
3cb5e1a3-426a-1a99-04ac-c33f439bb85a,TRN-02,8,0.036,2277,3023
3cb5e1a3-426a-1a99-04ac-c33f439bb85a,HYD-03,16,0.026,552,1181
3cb5e1a3-426a-1a99-04ac-c33f439bb85a,ELEC-04,13,0.061,1334,831
3cb5e1a3-426a-1a99-04ac-c33f439bb85a,CHS-05,5,0.039,1724,1499
a9355ba8-915c-8560-1bb0-ec08612e5e2d,ENG-01,23,0.085,0,4533
a9355ba8-915c-8560-1bb0-ec08612e5e2d,TRN-02,15,0.068,0,2782
a9355ba8-915c-8560-1bb0-ec08612e5e2d,HYD-03,10,0.058,0,1122
a9355ba8-915c-8560-1bb0-ec08612e5e2d,ELEC-04,14,0.055,0,807
a9355ba8-915c-8560-1bb0-ec08612e5e2d,CHS-05,17,0.043,0,1490
84f46b30-0c0c-f564-3803-729aaf14873c,ENG-01,16,0.063,0,4212
84f46b30-0c0c-f564-3803-729aaf14873c,TRN-02,12,0.031,0,2738
84f46b30-0c0c-f564-3803-729aaf14873c,HYD-03,20,0.031,0,1093
84f46b30-0c0c-f564-3803-729aaf14873c,ELEC-04,12,0.062,1656,770
84f46b30-0c0c-f564-3803-729aaf14873c,CHS-05,18,0.035,88,1409
601694e9-636a-4308-bbf0-1ff6c85996a4,ENG-01,10,0.061,34,4709
601694e9-636a-4308-bbf0-1ff6c85996a4,TRN-02,13,0.048,2956,2853
601694e9-636a-4308-bbf0-1ff6c85996a4,HYD-03,15,0.043,327,1153
601694e9-636a-4308-bbf0-1ff6c85996a4,ELEC-04,7,0.05,0,829
601694e9-636a-4308-bbf0-1ff6c85996a4,CHS-05,15,0.03,0,1508
3c133076-ad4f-acd2-2847-107dfabac307,ENG-01,20,0.083,2331,4388
3c133076-ad4f-acd2-2847-107dfabac307,TRN-02,11,0.052,1576,2805
3c133076-ad4f-acd2-2847-107dfabac307,HYD-03,8,0.044,0,1125
3c133076-ad4f-acd2-2847-107dfabac307,ELEC-04,17,0.074,1276,803
3c133076-ad4f-acd2-2847-107dfabac307,CHS-05,10,0.038,1967,1449
30d5f7a8-83a4-45b3-67c1-164a8108970d,ENG-01,22,0.088,1325,4182
30d5f7a8-83a4-45b3-67c1-164a8108970d,TRN-02,18,0.065,0,2988
30d5f7a8-83a4-45b3-67c1-164a8108970d,HYD-03,22,0.021,1077,1130
30d5f7a8-83a4-45b3-67c1-164a8108970d,ELEC-04,16,0.043,1552,838
30d5f7a8-83a4-45b3-67c1-164a8108970d,CHS-05,16,0.034,1147,1406
3ea425fe-10f9-1aae-5cc1-48e42f51a1d1,ENG-01,17,0.055,504,4356
3ea425fe-10f9-1aae-5cc1-48e42f51a1d1,TRN-02,15,0.037,0,2825
3ea425fe-10f9-1aae-5cc1-48e42f51a1d1,HYD-03,21,0.043,0,1105
3ea425fe-10f9-1aae-5cc1-48e42f51a1d1,ELEC-04,10,0.066,1365,801
3ea425fe-10f9-1aae-5cc1-48e42f51a1d1,CHS-05,20,0.013,1238,1428
02c3750f-99e3-0574-15ab-0ff8d5e3c243,ENG-01,12,0.09,0,4282
02c3750f-99e3-0574-15ab-0ff8d5e3c243,TRN-02,21,0.054,31,3014
02c3750f-99e3-0574-15ab-0ff8d5e3c243,HYD-03,15,0.024,0,1112
02c3750f-99e3-0574-15ab-0ff8d5e3c243,ELEC-04,9,0.062,0,856
02c3750f-99e3-0574-15ab-0ff8d5e3c243,CHS-05,13,0.033,665,1403
c13c0c74-3b60-716f-d82d-98e4ab4ca157,ENG-01,18,0.062,0,4238
c13c0c74-3b60-716f-d82d-98e4ab4ca157,TRN-02,20,0.033,0,2504
c13c0c74-3b60-716f-d82d-98e4ab4ca157,HYD-03,17,0.058,64,1098
c13c0c74-3b60-716f-d82d-98e4ab4ca157,ELEC-04,10,0.068,0,762
c13c0c74-3b60-716f-d82d-98e4ab4ca157,CHS-05,6,0.044,0,1361
470b9d9f-db25-5037-a3a9-ac12fb0c391a,ENG-01,15,0.064,0,4544
470b9d9f-db25-5037-a3a9-ac12fb0c391a,TRN-02,20,0.059,0,2570
470b9d9f-db25-5037-a3a9-ac12fb0c391a,HYD-03,9,0.056,0,1087
470b9d9f-db25-5037-a3a9-ac12fb0c391a,ELEC-04,19,0.068,0,839
470b9d9f-db25-5037-a3a9-ac12fb0c391a,CHS-05,15,0.044,0,1436
dddedd74-a7c6-c9ea-4653-7c16a105932c,ENG-01,19,0.073,0,4535
dddedd74-a7c6-c9ea-4653-7c16a105932c,TRN-02,15,0.039,0,2804
dddedd74-a7c6-c9ea-4653-7c16a105932c,HYD-03,10,0.057,439,1164
dddedd74-a7c6-c9ea-4653-7c16a105932c,ELEC-04,10,0.077,873,832
dddedd74-a7c6-c9ea-4653-7c16a105932c,CHS-05,17,0.041,0,1495
c92b723d-5ba8-f3cf-fff4-7ea2ca896a22,ENG-01,9,0.086,3382,4561
c92b723d-5ba8-f3cf-fff4-7ea2ca896a22,TRN-02,22,0.052,0,2674
c92b723d-5ba8-f3cf-fff4-7ea2ca896a22,HYD-03,20,0.029,1124,1137
c92b723d-5ba8-f3cf-fff4-7ea2ca896a22,ELEC-04,11,0.04,1445,776
c92b723d-5ba8-f3cf-fff4-7ea2ca896a22,CHS-05,13,0.016,1303,1432
2193d489-fd7d-dd27-94b4-1f190399c322,ENG-01,4,0.051,354,4273
2193d489-fd7d-dd27-94b4-1f190399c322,TRN-02,4,0.067,22,2902
2193d489-fd7d-dd27-94b4-1f190399c322,HYD-03,13,0.022,0,1221
2193d489-fd7d-dd27-94b4-1f190399c322,ELEC-04,15,0.07,0,863
2193d489-fd7d-dd27-94b4-1f190399c322,CHS-05,11,0.021,736,1503
9560bce1-fa2e-ad7e-13f3-5c9746bc339c,ENG-01,23,0.086,4349,4179
9560bce1-fa2e-ad7e-13f3-5c9746bc339c,TRN-02,16,0.066,5282,2512
9560bce1-fa2e-ad7e-13f3-5c9746bc339c,HYD-03,13,0.033,0,1106
9560bce1-fa2e-ad7e-13f3-5c9746bc339c,ELEC-04,18,0.06,5381,783
9560bce1-fa2e-ad7e-13f3-5c9746bc339c,CHS-05,16,0.016,0,1357
2e9eb529-33fd-c022-937f-02ecb019774e,ENG-01,19,0.067,0,4367
2e9eb529-33fd-c022-937f-02ecb019774e,TRN-02,16,0.032,0,2645
2e9eb529-33fd-c022-937f-02ecb019774e,HYD-03,7,0.036,818,1103
2e9eb529-33fd-c022-937f-02ecb019774e,ELEC-04,9,0.073,851,770
2e9eb529-33fd-c022-937f-02ecb019774e,CHS-05,18,0.049,0,1379
9e9b2dae-9233-2eaf-a90f-642baa44398e,ENG-01,15,0.051,0,4212
9e9b2dae-9233-2eaf-a90f-642baa44398e,TRN-02,15,0.064,80,2999
9e9b2dae-9233-2eaf-a90f-642baa44398e,HYD-03,20,0.053,447,1089
9e9b2dae-9233-2eaf-a90f-642baa44398e,ELEC-04,8,0.064,0,829
9e9b2dae-9233-2eaf-a90f-642baa44398e,CHS-05,9,0.014,782,1461
0b6375ca-e47a-4dc6-be16-b2ac5237d264,ENG-01,12,0.063,2081,4681
0b6375ca-e47a-4dc6-be16-b2ac5237d264,TRN-02,4,0.06,0,2987
0b6375ca-e47a-4dc6-be16-b2ac5237d264,HYD-03,7,0.049,310,1168
0b6375ca-e47a-4dc6-be16-b2ac5237d264,ELEC-04,6,0.079,2658,849
0b6375ca-e47a-4dc6-be16-b2ac5237d264,CHS-05,9,0.035,1579,1481
5c87826e-465d-4670-ab9d-e583ac753286,ENG-01,18,0.075,1684,4401
5c87826e-465d-4670-ab9d-e583ac753286,TRN-02,12,0.066,1702,2524
5c87826e-465d-4670-ab9d-e583ac753286,HYD-03,11,0.027,2256,1123
5c87826e-465d-4670-ab9d-e583ac753286,ELEC-04,12,0.067,1299,789
5c87826e-465d-4670-ab9d-e583ac753286,CHS-05,7,0.037,1459,1369
6f9a0c96-c201-da92-9268-d727bc0430fe,ENG-01,21,0.085,1118,4198
6f9a0c96-c201-da92-9268-d727bc0430fe,TRN-02,14,0.062,68,2894
6f9a0c96-c201-da92-9268-d727bc0430fe,HYD-03,21,0.021,87,1143
6f9a0c96-c201-da92-9268-d727bc0430fe,ELEC-04,14,0.048,0,872
6f9a0c96-c201-da92-9268-d727bc0430fe,CHS-05,19,0.012,0,1467
a8280a89-c0c1-6daa-3d3c-7faa0534a1bb,ENG-01,22,0.067,0,4364
a8280a89-c0c1-6daa-3d3c-7faa0534a1bb,TRN-02,22,0.06,3829,2709
a8280a89-c0c1-6daa-3d3c-7faa0534a1bb,HYD-03,17,0.059,103,1088
a8280a89-c0c1-6daa-3d3c-7faa0534a1bb,ELEC-04,9,0.078,762,830
a8280a89-c0c1-6daa-3d3c-7faa0534a1bb,CHS-05,10,0.04,3038,1437
4b9c071d-6628-9de2-ece7-f680a87bd31e,ENG-01,13,0.058,0,4146
4b9c071d-6628-9de2-ece7-f680a87bd31e,TRN-02,9,0.052,0,2904
4b9c071d-6628-9de2-ece7-f680a87bd31e,HYD-03,11,0.053,136,1149
4b9c071d-6628-9de2-ece7-f680a87bd31e,ELEC-04,22,0.041,714,859
4b9c071d-6628-9de2-ece7-f680a87bd31e,CHS-05,11,0.027,0,1442
28be5738-fdac-4adf-01ec-372f197b21f7,ENG-01,17,0.075,661,4316
28be5738-fdac-4adf-01ec-372f197b21f7,TRN-02,17,0.068,0,2744
28be5738-fdac-4adf-01ec-372f197b21f7,HYD-03,20,0.026,1778,1130
28be5738-fdac-4adf-01ec-372f197b21f7,ELEC-04,13,0.077,0,787
28be5738-fdac-4adf-01ec-372f197b21f7,CHS-05,7,0.017,0,1376
ffe95038-b2bb-2219-bd48-2d06f934d452,ENG-01,12,0.089,0,4457
ffe95038-b2bb-2219-bd48-2d06f934d452,TRN-02,16,0.063,3018,2895
ffe95038-b2bb-2219-bd48-2d06f934d452,HYD-03,9,0.021,0,1176
ffe95038-b2bb-2219-bd48-2d06f934d452,ELEC-04,5,0.056,1581,838
ffe95038-b2bb-2219-bd48-2d06f934d452,CHS-05,5,0.012,1557,1492
542d2747-dbdb-0013-9f4d-c83cbc6e237a,ENG-01,12,0.059,1419,4171
542d2747-dbdb-0013-9f4d-c83cbc6e237a,TRN-02,15,0.041,0,2700
542d2747-dbdb-0013-9f4d-c83cbc6e237a,HYD-03,20,0.027,0,1082
542d2747-dbdb-0013-9f4d-c83cbc6e237a,ELEC-04,24,0.045,151,776
542d2747-dbdb-0013-9f4d-c83cbc6e237a,CHS-05,15,0.035,1874,1343
d0f52e42-8711-6e65-5593-4ee5ca6b3852,ENG-01,11,0.075,0,4404
d0f52e42-8711-6e65-5593-4ee5ca6b3852,TRN-02,14,0.044,0,2648
d0f52e42-8711-6e65-5593-4ee5ca6b3852,HYD-03,10,0.054,0,1137
d0f52e42-8711-6e65-5593-4ee5ca6b3852,ELEC-04,21,0.062,0,816
d0f52e42-8711-6e65-5593-4ee5ca6b3852,CHS-05,17,0.029,0,1429
599abc6d-7451-0bee-6154-41832bbbb391,ENG-01,12,0.071,1762,4081
599abc6d-7451-0bee-6154-41832bbbb391,TRN-02,24,0.03,720,2762
599abc6d-7451-0bee-6154-41832bbbb391,HYD-03,24,0.055,1818,1064
599abc6d-7451-0bee-6154-41832bbbb391,ELEC-04,17,0.043,792,789
599abc6d-7451-0bee-6154-41832bbbb391,CHS-05,16,0.038,640,1326
2658a536-c6ac-06ec-50a3-a8f3328d07f2,ENG-01,13,0.074,19,4207
2658a536-c6ac-06ec-50a3-a8f3328d07f2,TRN-02,8,0.033,1945,2593
2658a536-c6ac-06ec-50a3-a8f3328d07f2,HYD-03,18,0.048,383,1092
2658a536-c6ac-06ec-50a3-a8f3328d07f2,ELEC-04,10,0.067,0,785
2658a536-c6ac-06ec-50a3-a8f3328d07f2,CHS-05,14,0.034,0,1368
06acc026-a106-d8e8-193f-e106796af95e,ENG-01,18,0.078,0,4521
06acc026-a106-d8e8-193f-e106796af95e,TRN-02,10,0.067,0,2623
06acc026-a106-d8e8-193f-e106796af95e,HYD-03,23,0.027,0,1147
06acc026-a106-d8e8-193f-e106796af95e,ELEC-04,9,0.077,0,826
06acc026-a106-d8e8-193f-e106796af95e,CHS-05,17,0.014,0,1496
031e391b-4acf-f527-f0b1-5471e0e16143,ENG-01,19,0.078,1154,4272
031e391b-4acf-f527-f0b1-5471e0e16143,TRN-02,16,0.034,0,2761
031e391b-4acf-f527-f0b1-5471e0e16143,HYD-03,16,0.027,954,1104
031e391b-4acf-f527-f0b1-5471e0e16143,ELEC-04,18,0.047,819,823
031e391b-4acf-f527-f0b1-5471e0e16143,CHS-05,7,0.049,302,1385
5d99d759-dd55-2cae-8cbb-50d3cc076233,ENG-01,2,0.085,646,4532
5d99d759-dd55-2cae-8cbb-50d3cc076233,TRN-02,11,0.052,839,2943
5d99d759-dd55-2cae-8cbb-50d3cc076233,HYD-03,11,0.048,2101,1218
5d99d759-dd55-2cae-8cbb-50d3cc076233,ELEC-04,11,0.057,1781,861
5d99d759-dd55-2cae-8cbb-50d3cc076233,CHS-05,3,0.021,0,1467
ff71e3f1-6f3c-1f6f-46ff-ba6c16c04a89,ENG-01,19,0.063,1420,4040
ff71e3f1-6f3c-1f6f-46ff-ba6c16c04a89,TRN-02,17,0.036,1489,2589
ff71e3f1-6f3c-1f6f-46ff-ba6c16c04a89,HYD-03,10,0.043,0,1078
ff71e3f1-6f3c-1f6f-46ff-ba6c16c04a89,ELEC-04,15,0.056,1420,770
ff71e3f1-6f3c-1f6f-46ff-ba6c16c04a89,CHS-05,20,0.017,1471,1358
37cc0a8c-b513-8526-1123-bb6f27388a3e,ENG-01,20,0.076,3563,4232
37cc0a8c-b513-8526-1123-bb6f27388a3e,TRN-02,14,0.054,1538,2832
37cc0a8c-b513-8526-1123-bb6f27388a3e,HYD-03,15,0.046,1919,1116
37cc0a8c-b513-8526-1123-bb6f27388a3e,ELEC-04,20,0.051,986,810
37cc0a8c-b513-8526-1123-bb6f27388a3e,CHS-05,15,0.045,3243,1455
ff8b761c-ca76-8855-c663-c19cb099abed,ENG-01,22,0.055,0,4233
ff8b761c-ca76-8855-c663-c19cb099abed,TRN-02,22,0.056,0,2841
ff8b761c-ca76-8855-c663-c19cb099abed,HYD-03,18,0.038,715,1143
ff8b761c-ca76-8855-c663-c19cb099abed,ELEC-04,16,0.072,4212,837
ff8b761c-ca76-8855-c663-c19cb099abed,CHS-05,19,0.038,0,1426
65eceb3e-3899-7cf3-df8e-ae1c7fd1793e,ENG-01,10,0.057,352,4396
65eceb3e-3899-7cf3-df8e-ae1c7fd1793e,TRN-02,18,0.056,260,2797
65eceb3e-3899-7cf3-df8e-ae1c7fd1793e,HYD-03,11,0.059,0,1182
65eceb3e-3899-7cf3-df8e-ae1c7fd1793e,ELEC-04,19,0.072,0,791
65eceb3e-3899-7cf3-df8e-ae1c7fd1793e,CHS-05,10,0.013,569,1443
da962b1a-7f46-b71b-eab3-ce0ce9208f8b,ENG-01,21,0.083,0,4266
da962b1a-7f46-b71b-eab3-ce0ce9208f8b,TRN-02,17,0.056,0,2772
da962b1a-7f46-b71b-eab3-ce0ce9208f8b,HYD-03,18,0.03,1378,1133
da962b1a-7f46-b71b-eab3-ce0ce9208f8b,ELEC-04,16,0.076,1318,820
da962b1a-7f46-b71b-eab3-ce0ce9208f8b,CHS-05,8,0.047,0,1433
855d8376-e380-af7a-a882-bd6ace033bef,ENG-01,21,0.08,3239,4348
855d8376-e380-af7a-a882-bd6ace033bef,TRN-02,22,0.051,4190,2479
855d8376-e380-af7a-a882-bd6ace033bef,HYD-03,18,0.028,0,1088
855d8376-e380-af7a-a882-bd6ace033bef,ELEC-04,12,0.047,4514,776
855d8376-e380-af7a-a882-bd6ace033bef,CHS-05,19,0.023,0,1400
585b74c7-1bb7-ef70-ece6-d8f28db0837d,ENG-01,19,0.059,0,4067
585b74c7-1bb7-ef70-ece6-d8f28db0837d,TRN-02,8,0.055,0,2837
585b74c7-1bb7-ef70-ece6-d8f28db0837d,HYD-03,8,0.036,739,1127
585b74c7-1bb7-ef70-ece6-d8f28db0837d,ELEC-04,9,0.04,1079,872
585b74c7-1bb7-ef70-ece6-d8f28db0837d,CHS-05,14,0.03,327,1369
a095a123-e1d4-d2cb-b7d6-4e487569cc20,ENG-01,20,0.084,0,4469
a095a123-e1d4-d2cb-b7d6-4e487569cc20,TRN-02,22,0.033,0,2803
a095a123-e1d4-d2cb-b7d6-4e487569cc20,HYD-03,21,0.03,323,1196
a095a123-e1d4-d2cb-b7d6-4e487569cc20,ELEC-04,13,0.068,253,834
a095a123-e1d4-d2cb-b7d6-4e487569cc20,CHS-05,23,0.035,0,1501
25802c03-c602-9664-ad9c-c43c3f6ce3f3,ENG-01,19,0.076,0,4181
25802c03-c602-9664-ad9c-c43c3f6ce3f3,TRN-02,18,0.063,1212,3017
25802c03-c602-9664-ad9c-c43c3f6ce3f3,HYD-03,22,0.031,291,1142
25802c03-c602-9664-ad9c-c43c3f6ce3f3,ELEC-04,17,0.049,1418,850
25802c03-c602-9664-ad9c-c43c3f6ce3f3,CHS-05,12,0.035,1722,1481
5ce8ca90-c8dc-c290-286c-309c99d8d1e7,ENG-01,13,0.071,0,4463
5ce8ca90-c8dc-c290-286c-309c99d8d1e7,TRN-02,17,0.06,0,2787
5ce8ca90-c8dc-c290-286c-309c99d8d1e7,HYD-03,13,0.039,0,1118
5ce8ca90-c8dc-c290-286c-309c99d8d1e7,ELEC-04,21,0.075,399,834
5ce8ca90-c8dc-c290-286c-309c99d8d1e7,CHS-05,15,0.033,3016,1453
d0d47223-0907-8471-3604-4c225c988738,ENG-01,8,0.08,0,4610
d0d47223-0907-8471-3604-4c225c988738,TRN-02,12,0.045,2092,2779
d0d47223-0907-8471-3604-4c225c988738,HYD-03,7,0.031,870,1200
d0d47223-0907-8471-3604-4c225c988738,ELEC-04,13,0.075,2513,821
d0d47223-0907-8471-3604-4c225c988738,CHS-05,4,0.02,0,1522
d964b74c-16e8-3c02-f279-e4da5bdc1940,ENG-01,8,0.08,5334,4459
d964b74c-16e8-3c02-f279-e4da5bdc1940,TRN-02,15,0.05,0,2946
d964b74c-16e8-3c02-f279-e4da5bdc1940,HYD-03,13,0.04,0,1201
d964b74c-16e8-3c02-f279-e4da5bdc1940,ELEC-04,13,0.076,2864,854
d964b74c-16e8-3c02-f279-e4da5bdc1940,CHS-05,5,0.017,227,1502
f217f288-bbc6-c844-8871-0bd451ab206d,ENG-01,11,0.075,1199,4507
f217f288-bbc6-c844-8871-0bd451ab206d,TRN-02,19,0.07,1030,2856
f217f288-bbc6-c844-8871-0bd451ab206d,HYD-03,12,0.045,2832,1145
f217f288-bbc6-c844-8871-0bd451ab206d,ELEC-04,14,0.041,0,815
f217f288-bbc6-c844-8871-0bd451ab206d,CHS-05,18,0.024,1374,1491
ba99936b-e101-33b7-fe36-40527ef69460,ENG-01,8,0.064,0,4552
ba99936b-e101-33b7-fe36-40527ef69460,TRN-02,8,0.038,0,2720
ba99936b-e101-33b7-fe36-40527ef69460,HYD-03,8,0.052,0,1156
ba99936b-e101-33b7-fe36-40527ef69460,ELEC-04,14,0.08,0,813
ba99936b-e101-33b7-fe36-40527ef69460,CHS-05,12,0.024,0,1519
280e7495-db81-dca7-7b41-0dc7ee46d82c,ENG-01,20,0.079,0,4352
280e7495-db81-dca7-7b41-0dc7ee46d82c,TRN-02,15,0.056,2464,2719
280e7495-db81-dca7-7b41-0dc7ee46d82c,HYD-03,14,0.05,1300,1074
280e7495-db81-dca7-7b41-0dc7ee46d82c,ELEC-04,13,0.047,0,792
280e7495-db81-dca7-7b41-0dc7ee46d82c,CHS-05,17,0.029,0,1342
c6a037e2-fec7-fef5-6757-452457768df0,ENG-01,2,0.063,1309,4832
c6a037e2-fec7-fef5-6757-452457768df0,TRN-02,4,0.041,389,2925
c6a037e2-fec7-fef5-6757-452457768df0,HYD-03,11,0.026,2932,1181
c6a037e2-fec7-fef5-6757-452457768df0,ELEC-04,5,0.074,0,824
c6a037e2-fec7-fef5-6757-452457768df0,CHS-05,7,0.028,900,1516
cad61b90-805d-cb54-b6ae-960e0aab03d2,ENG-01,12,0.086,0,4429
cad61b90-805d-cb54-b6ae-960e0aab03d2,TRN-02,9,0.058,280,2742
cad61b90-805d-cb54-b6ae-960e0aab03d2,HYD-03,15,0.037,0,1094
cad61b90-805d-cb54-b6ae-960e0aab03d2,ELEC-04,16,0.072,0,801
cad61b90-805d-cb54-b6ae-960e0aab03d2,CHS-05,8,0.042,3081,1402
c3688753-6bfb-95bb-7fe3-fdbb9f8e3af4,ENG-01,9,0.063,489,4150
c3688753-6bfb-95bb-7fe3-fdbb9f8e3af4,TRN-02,20,0.058,551,2820
c3688753-6bfb-95bb-7fe3-fdbb9f8e3af4,HYD-03,6,0.053,858,1116
c3688753-6bfb-95bb-7fe3-fdbb9f8e3af4,ELEC-04,14,0.073,2039,827
c3688753-6bfb-95bb-7fe3-fdbb9f8e3af4,CHS-05,16,0.017,1128,1365
cb56d1c6-78ea-dc68-4cc9-f25bf874e98f,ENG-01,8,0.058,1497,4531
cb56d1c6-78ea-dc68-4cc9-f25bf874e98f,TRN-02,11,0.05,14,2913
cb56d1c6-78ea-dc68-4cc9-f25bf874e98f,HYD-03,13,0.028,0,1238
cb56d1c6-78ea-dc68-4cc9-f25bf874e98f,ELEC-04,11,0.06,1240,867
cb56d1c6-78ea-dc68-4cc9-f25bf874e98f,CHS-05,14,0.021,138,1522
5bccdc8c-ad93-14a3-0540-fcaf5a7d74bd,ENG-01,20,0.064,1031,4328
5bccdc8c-ad93-14a3-0540-fcaf5a7d74bd,TRN-02,15,0.049,2226,2728
5bccdc8c-ad93-14a3-0540-fcaf5a7d74bd,HYD-03,23,0.025,2665,1177
5bccdc8c-ad93-14a3-0540-fcaf5a7d74bd,ELEC-04,12,0.059,4239,792
5bccdc8c-ad93-14a3-0540-fcaf5a7d74bd,CHS-05,22,0.011,847,1386
eaf1161e-58ea-b0b4-c818-f5f1cddf2c26,ENG-01,11,0.069,2660,4583
eaf1161e-58ea-b0b4-c818-f5f1cddf2c26,TRN-02,15,0.07,0,2810
eaf1161e-58ea-b0b4-c818-f5f1cddf2c26,HYD-03,10,0.028,0,1143
eaf1161e-58ea-b0b4-c818-f5f1cddf2c26,ELEC-04,12,0.049,0,822
eaf1161e-58ea-b0b4-c818-f5f1cddf2c26,CHS-05,21,0.022,2105,1478
0a79fe36-a0bd-19a3-62b8-60b0dff61669,ENG-01,5,0.081,0,4405
0a79fe36-a0bd-19a3-62b8-60b0dff61669,TRN-02,5,0.046,0,3018
0a79fe36-a0bd-19a3-62b8-60b0dff61669,HYD-03,6,0.053,325,1214
0a79fe36-a0bd-19a3-62b8-60b0dff61669,ELEC-04,14,0.056,0,883
0a79fe36-a0bd-19a3-62b8-60b0dff61669,CHS-05,11,0.044,1180,1549
2b80844a-ac63-c3ce-45c6-687d28ad3410,ENG-01,13,0.086,136,4312
2b80844a-ac63-c3ce-45c6-687d28ad3410,TRN-02,12,0.051,297,2572
2b80844a-ac63-c3ce-45c6-687d28ad3410,HYD-03,17,0.044,0,1082
2b80844a-ac63-c3ce-45c6-687d28ad3410,ELEC-04,13,0.059,1356,783
2b80844a-ac63-c3ce-45c6-687d28ad3410,CHS-05,9,0.041,0,1436
d91a4865-4407-92cd-4ecf-d43b09816dc2,ENG-01,19,0.059,696,4213
d91a4865-4407-92cd-4ecf-d43b09816dc2,TRN-02,12,0.057,0,2932
d91a4865-4407-92cd-4ecf-d43b09816dc2,HYD-03,20,0.059,814,1147
d91a4865-4407-92cd-4ecf-d43b09816dc2,ELEC-04,10,0.052,781,852
d91a4865-4407-92cd-4ecf-d43b09816dc2,CHS-05,19,0.016,0,1445
1508fea8-6fb0-f1de-4478-d2efaad51f58,ENG-01,16,0.067,0,4518
1508fea8-6fb0-f1de-4478-d2efaad51f58,TRN-02,11,0.044,1809,2968
1508fea8-6fb0-f1de-4478-d2efaad51f58,HYD-03,6,0.022,0,1167
1508fea8-6fb0-f1de-4478-d2efaad51f58,ELEC-04,3,0.04,0,870
1508fea8-6fb0-f1de-4478-d2efaad51f58,CHS-05,4,0.028,898,1505
3d10085e-7d2a-dc84-ca46-617e666e5191,ENG-01,12,0.067,1438,4323
3d10085e-7d2a-dc84-ca46-617e666e5191,TRN-02,15,0.036,690,3038
3d10085e-7d2a-dc84-ca46-617e666e5191,HYD-03,17,0.059,665,1106
3d10085e-7d2a-dc84-ca46-617e666e5191,ELEC-04,20,0.042,658,854
3d10085e-7d2a-dc84-ca46-617e666e5191,CHS-05,10,0.049,975,1418
e296e1ab-ea84-4d17-641a-b5e0614a7ab3,ENG-01,7,0.064,0,4276
e296e1ab-ea84-4d17-641a-b5e0614a7ab3,TRN-02,6,0.064,0,2922
e296e1ab-ea84-4d17-641a-b5e0614a7ab3,HYD-03,9,0.025,626,1083
e296e1ab-ea84-4d17-641a-b5e0614a7ab3,ELEC-04,19,0.043,601,798
e296e1ab-ea84-4d17-641a-b5e0614a7ab3,CHS-05,19,0.04,0,1348
597afe05-eda5-15e1-4ed2-8adf42e7a4f4,ENG-01,16,0.084,0,4027
597afe05-eda5-15e1-4ed2-8adf42e7a4f4,TRN-02,9,0.057,306,2823
597afe05-eda5-15e1-4ed2-8adf42e7a4f4,HYD-03,11,0.04,293,1112
597afe05-eda5-15e1-4ed2-8adf42e7a4f4,ELEC-04,10,0.045,1242,796
597afe05-eda5-15e1-4ed2-8adf42e7a4f4,CHS-05,12,0.021,867,1449
4610c191-d72b-d1f7-145e-851253e9191f,ENG-01,12,0.079,325,4451
4610c191-d72b-d1f7-145e-851253e9191f,TRN-02,2,0.063,1356,2811
4610c191-d72b-d1f7-145e-851253e9191f,HYD-03,3,0.022,2734,1217
4610c191-d72b-d1f7-145e-851253e9191f,ELEC-04,6,0.058,379,860
4610c191-d72b-d1f7-145e-851253e9191f,CHS-05,11,0.011,592,1502
c315ee2d-44b6-a10b-a49e-8465de36da3f,ENG-01,12,0.065,0,4284
c315ee2d-44b6-a10b-a49e-8465de36da3f,TRN-02,14,0.046,1854,2858
c315ee2d-44b6-a10b-a49e-8465de36da3f,HYD-03,19,0.029,1958,1122
c315ee2d-44b6-a10b-a49e-8465de36da3f,ELEC-04,18,0.054,0,834
c315ee2d-44b6-a10b-a49e-8465de36da3f,CHS-05,18,0.04,68,1398
9d340408-25e9-56b2-3ecf-c8e0d44022ef,ENG-01,11,0.083,1079,4238
9d340408-25e9-56b2-3ecf-c8e0d44022ef,TRN-02,16,0.052,0,2540
9d340408-25e9-56b2-3ecf-c8e0d44022ef,HYD-03,12,0.045,282,1075
9d340408-25e9-56b2-3ecf-c8e0d44022ef,ELEC-04,22,0.054,394,764
9d340408-25e9-56b2-3ecf-c8e0d44022ef,CHS-05,15,0.035,0,1356
e1044d5d-d61d-edda-437a-296952730962,ENG-01,10,0.078,0,4317
e1044d5d-d61d-edda-437a-296952730962,TRN-02,21,0.053,600,2866
e1044d5d-d61d-edda-437a-296952730962,HYD-03,22,0.058,0,1149
e1044d5d-d61d-edda-437a-296952730962,ELEC-04,10,0.043,0,855
e1044d5d-d61d-edda-437a-296952730962,CHS-05,13,0.031,0,1458
ea20f7c5-bd0b-919c-2d86-1bddd56799bc,ENG-01,17,0.082,262,4437
ea20f7c5-bd0b-919c-2d86-1bddd56799bc,TRN-02,21,0.034,0,2607
ea20f7c5-bd0b-919c-2d86-1bddd56799bc,HYD-03,9,0.023,0,1119
ea20f7c5-bd0b-919c-2d86-1bddd56799bc,ELEC-04,11,0.044,235,798
ea20f7c5-bd0b-919c-2d86-1bddd56799bc,CHS-05,18,0.021,0,1445
725527fe-d951-60ae-986b-71a0110a1151,ENG-01,16,0.075,392,4195
725527fe-d951-60ae-986b-71a0110a1151,TRN-02,20,0.065,527,2682
725527fe-d951-60ae-986b-71a0110a1151,HYD-03,15,0.048,737,1171
725527fe-d951-60ae-986b-71a0110a1151,ELEC-04,22,0.044,1718,860
725527fe-d951-60ae-986b-71a0110a1151,CHS-05,21,0.027,461,1443
4ddbbd79-07a5-2cc1-ccc8-7d5df96826e7,ENG-01,18,0.08,3158,4486
4ddbbd79-07a5-2cc1-ccc8-7d5df96826e7,TRN-02,16,0.06,4730,2553
4ddbbd79-07a5-2cc1-ccc8-7d5df96826e7,HYD-03,15,0.049,2656,1149
4ddbbd79-07a5-2cc1-ccc8-7d5df96826e7,ELEC-04,12,0.068,4668,811
4ddbbd79-07a5-2cc1-ccc8-7d5df96826e7,CHS-05,9,0.049,5250,1416
27ea0380-29e2-a568-4e11-a09b683d8564,ENG-01,15,0.052,0,4245
27ea0380-29e2-a568-4e11-a09b683d8564,TRN-02,19,0.06,0,2616
27ea0380-29e2-a568-4e11-a09b683d8564,HYD-03,6,0.028,1987,1060
27ea0380-29e2-a568-4e11-a09b683d8564,ELEC-04,20,0.058,1076,773
27ea0380-29e2-a568-4e11-a09b683d8564,CHS-05,6,0.037,1056,1401
f31deb86-4e83-47e1-55c7-0ea07ddc0f8c,ENG-01,11,0.063,0,4370
f31deb86-4e83-47e1-55c7-0ea07ddc0f8c,TRN-02,12,0.055,0,2593
f31deb86-4e83-47e1-55c7-0ea07ddc0f8c,HYD-03,16,0.044,0,1141
f31deb86-4e83-47e1-55c7-0ea07ddc0f8c,ELEC-04,10,0.071,0,800
f31deb86-4e83-47e1-55c7-0ea07ddc0f8c,CHS-05,20,0.045,0,1431
de1af563-c7d7-33fa-bb5d-c2d027deecef,ENG-01,8,0.051,2536,4262
de1af563-c7d7-33fa-bb5d-c2d027deecef,TRN-02,15,0.038,0,2821
de1af563-c7d7-33fa-bb5d-c2d027deecef,HYD-03,21,0.036,0,1089
de1af563-c7d7-33fa-bb5d-c2d027deecef,ELEC-04,22,0.05,0,784
de1af563-c7d7-33fa-bb5d-c2d027deecef,CHS-05,14,0.026,924,1453
34748ca7-e5e4-49fa-83b9-a814d8550f02,ENG-01,16,0.055,0,4424
34748ca7-e5e4-49fa-83b9-a814d8550f02,TRN-02,3,0.067,581,3029
34748ca7-e5e4-49fa-83b9-a814d8550f02,HYD-03,13,0.034,1294,1198
34748ca7-e5e4-49fa-83b9-a814d8550f02,ELEC-04,5,0.055,2129,892
34748ca7-e5e4-49fa-83b9-a814d8550f02,CHS-05,14,0.014,0,1480
966c9524-4d60-c233-6fc1-238edac7a595,ENG-01,15,0.087,2993,4358
966c9524-4d60-c233-6fc1-238edac7a595,TRN-02,8,0.041,300,2910
966c9524-4d60-c233-6fc1-238edac7a595,HYD-03,20,0.024,1786,1137
966c9524-4d60-c233-6fc1-238edac7a595,ELEC-04,19,0.066,1847,834
966c9524-4d60-c233-6fc1-238edac7a595,CHS-05,12,0.044,3240,1436
74383c9a-0e70-a7d8-2fd9-0885d4c91416,ENG-01,14,0.072,282,4297
74383c9a-0e70-a7d8-2fd9-0885d4c91416,TRN-02,5,0.053,1461,3016
74383c9a-0e70-a7d8-2fd9-0885d4c91416,HYD-03,9,0.04,265,1144
74383c9a-0e70-a7d8-2fd9-0885d4c91416,ELEC-04,7,0.069,0,864
74383c9a-0e70-a7d8-2fd9-0885d4c91416,CHS-05,15,0.028,2335,1484
3b4d36c6-8746-a926-eef9-10d6dc9401d8,ENG-01,17,0.076,363,4608
3b4d36c6-8746-a926-eef9-10d6dc9401d8,TRN-02,10,0.035,760,2665
3b4d36c6-8746-a926-eef9-10d6dc9401d8,HYD-03,22,0.06,2504,1182
3b4d36c6-8746-a926-eef9-10d6dc9401d8,ELEC-04,9,0.041,0,815
3b4d36c6-8746-a926-eef9-10d6dc9401d8,CHS-05,22,0.02,0,1494
26071134-ff84-ebc8-28fe-d4a70caec7ce,ENG-01,10,0.078,628,4259
26071134-ff84-ebc8-28fe-d4a70caec7ce,TRN-02,10,0.057,0,2703
26071134-ff84-ebc8-28fe-d4a70caec7ce,HYD-03,17,0.051,1874,1169
26071134-ff84-ebc8-28fe-d4a70caec7ce,ELEC-04,13,0.055,1005,785
26071134-ff84-ebc8-28fe-d4a70caec7ce,CHS-05,19,0.026,1509,1497
26ff8aae-0432-295c-2397-10ca9119cf24,ENG-01,5,0.059,846,4491
26ff8aae-0432-295c-2397-10ca9119cf24,TRN-02,9,0.05,2422,3049
26ff8aae-0432-295c-2397-10ca9119cf24,HYD-03,16,0.034,1590,1127
26ff8aae-0432-295c-2397-10ca9119cf24,ELEC-04,6,0.066,1923,874
26ff8aae-0432-295c-2397-10ca9119cf24,CHS-05,16,0.033,594,1540
3db9132c-7dbd-aa09-17b8-7b408ab14695,ENG-01,8,0.055,2787,4322
3db9132c-7dbd-aa09-17b8-7b408ab14695,TRN-02,7,0.042,334,2609
3db9132c-7dbd-aa09-17b8-7b408ab14695,HYD-03,9,0.033,3575,1109
3db9132c-7dbd-aa09-17b8-7b408ab14695,ELEC-04,19,0.043,313,778
3db9132c-7dbd-aa09-17b8-7b408ab14695,CHS-05,13,0.027,957,1422
2cb562fc-f540-9699-f648-6810b2b76b74,ENG-01,8,0.059,0,4138
2cb562fc-f540-9699-f648-6810b2b76b74,TRN-02,9,0.046,2678,2878
2cb562fc-f540-9699-f648-6810b2b76b74,HYD-03,17,0.046,0,1047
2cb562fc-f540-9699-f648-6810b2b76b74,ELEC-04,7,0.059,1259,835
2cb562fc-f540-9699-f648-6810b2b76b74,CHS-05,14,0.046,33,1365
53be6c8b-9cc8-63f9-3d46-f74c0373ef18,ENG-01,10,0.059,0,4220
53be6c8b-9cc8-63f9-3d46-f74c0373ef18,TRN-02,10,0.055,0,2666
53be6c8b-9cc8-63f9-3d46-f74c0373ef18,HYD-03,7,0.045,825,1052
53be6c8b-9cc8-63f9-3d46-f74c0373ef18,ELEC-04,20,0.059,939,801
53be6c8b-9cc8-63f9-3d46-f74c0373ef18,CHS-05,6,0.044,0,1377
a2820c71-9b79-4586-69eb-e1badd6f0c08,ENG-01,10,0.081,1492,4437
a2820c71-9b79-4586-69eb-e1badd6f0c08,TRN-02,20,0.054,1646,2735
a2820c71-9b79-4586-69eb-e1badd6f0c08,HYD-03,9,0.03,1736,1088
a2820c71-9b79-4586-69eb-e1badd6f0c08,ELEC-04,15,0.044,0,793
a2820c71-9b79-4586-69eb-e1badd6f0c08,CHS-05,15,0.025,2793,1325
9e9fc485-1976-e58f-b84d-373247346a2e,ENG-01,17,0.076,2072,4269
9e9fc485-1976-e58f-b84d-373247346a2e,TRN-02,18,0.069,1535,2777
9e9fc485-1976-e58f-b84d-373247346a2e,HYD-03,14,0.034,3740,1069
9e9fc485-1976-e58f-b84d-373247346a2e,ELEC-04,17,0.054,0,764
9e9fc485-1976-e58f-b84d-373247346a2e,CHS-05,9,0.041,3608,1398
a27d7fe1-6b52-fafd-409e-8745de5307fe,ENG-01,15,0.054,0,3838
a27d7fe1-6b52-fafd-409e-8745de5307fe,TRN-02,19,0.068,0,2888
a27d7fe1-6b52-fafd-409e-8745de5307fe,HYD-03,24,0.051,0,1066
a27d7fe1-6b52-fafd-409e-8745de5307fe,ELEC-04,19,0.055,0,817
a27d7fe1-6b52-fafd-409e-8745de5307fe,CHS-05,21,0.04,0,1312
6f6b1ce4-6e1d-1d08-660e-91d46d3c274c,ENG-01,16,0.056,0,4557
6f6b1ce4-6e1d-1d08-660e-91d46d3c274c,TRN-02,10,0.068,0,3030
6f6b1ce4-6e1d-1d08-660e-91d46d3c274c,HYD-03,2,0.041,206,1160
6f6b1ce4-6e1d-1d08-660e-91d46d3c274c,ELEC-04,4,0.078,0,895
6f6b1ce4-6e1d-1d08-660e-91d46d3c274c,CHS-05,10,0.038,0,1427
a096548f-dc87-0f4e-c052-9612e274cddf,ENG-01,25,0.07,0,4122
a096548f-dc87-0f4e-c052-9612e274cddf,TRN-02,12,0.033,3013,2517
a096548f-dc87-0f4e-c052-9612e274cddf,HYD-03,14,0.05,1127,1052
a096548f-dc87-0f4e-c052-9612e274cddf,ELEC-04,19,0.049,1971,747
a096548f-dc87-0f4e-c052-9612e274cddf,CHS-05,23,0.04,2945,1282
8a181d63-133f-1097-ae65-75f1699f0b69,ENG-01,16,0.075,0,4239
8a181d63-133f-1097-ae65-75f1699f0b69,TRN-02,19,0.051,0,2634
8a181d63-133f-1097-ae65-75f1699f0b69,HYD-03,18,0.026,1301,1087
8a181d63-133f-1097-ae65-75f1699f0b69,ELEC-04,11,0.044,0,773
8a181d63-133f-1097-ae65-75f1699f0b69,CHS-05,14,0.037,1314,1386
ea0083c4-6efe-0f9a-145a-398e242d0454,ENG-01,16,0.074,1295,4325
ea0083c4-6efe-0f9a-145a-398e242d0454,TRN-02,9,0.043,490,3060
ea0083c4-6efe-0f9a-145a-398e242d0454,HYD-03,13,0.035,575,1176
ea0083c4-6efe-0f9a-145a-398e242d0454,ELEC-04,2,0.044,849,913
ea0083c4-6efe-0f9a-145a-398e242d0454,CHS-05,9,0.05,8,1505
e83fdb2e-de86-9e54-fa94-7fb1793a13cf,ENG-01,12,0.086,1232,4444
e83fdb2e-de86-9e54-fa94-7fb1793a13cf,TRN-02,10,0.05,3193,2634
e83fdb2e-de86-9e54-fa94-7fb1793a13cf,HYD-03,8,0.045,3852,1141
e83fdb2e-de86-9e54-fa94-7fb1793a13cf,ELEC-04,18,0.072,3032,801
e83fdb2e-de86-9e54-fa94-7fb1793a13cf,CHS-05,17,0.024,1917,1358
518fc06a-0fb7-987b-77b1-d08e4648b5c1,ENG-01,11,0.082,0,4414
518fc06a-0fb7-987b-77b1-d08e4648b5c1,TRN-02,11,0.041,0,2708
518fc06a-0fb7-987b-77b1-d08e4648b5c1,HYD-03,19,0.042,0,1106
518fc06a-0fb7-987b-77b1-d08e4648b5c1,ELEC-04,9,0.052,213,766
518fc06a-0fb7-987b-77b1-d08e4648b5c1,CHS-05,11,0.042,482,1382
22f92db2-f4de-fb57-3a86-07662e0a1251,ENG-01,6,0.083,2078,4198
22f92db2-f4de-fb57-3a86-07662e0a1251,TRN-02,11,0.065,0,2657
22f92db2-f4de-fb57-3a86-07662e0a1251,HYD-03,14,0.05,0,1097
22f92db2-f4de-fb57-3a86-07662e0a1251,ELEC-04,9,0.064,625,790
22f92db2-f4de-fb57-3a86-07662e0a1251,CHS-05,13,0.02,478,1374
03e7340c-d0c3-d863-8b52-07332587e64e,ENG-01,18,0.056,619,4470
03e7340c-d0c3-d863-8b52-07332587e64e,TRN-02,11,0.067,1724,2645
03e7340c-d0c3-d863-8b52-07332587e64e,HYD-03,19,0.056,996,1117
03e7340c-d0c3-d863-8b52-07332587e64e,ELEC-04,13,0.052,1391,794
03e7340c-d0c3-d863-8b52-07332587e64e,CHS-05,20,0.017,377,1451
9eed3f2c-59c6-7d02-8e90-b743b7a0d1ce,ENG-01,19,0.071,1729,4253
9eed3f2c-59c6-7d02-8e90-b743b7a0d1ce,TRN-02,13,0.045,665,2840
9eed3f2c-59c6-7d02-8e90-b743b7a0d1ce,HYD-03,17,0.049,0,1099
9eed3f2c-59c6-7d02-8e90-b743b7a0d1ce,ELEC-04,16,0.073,57,794
9eed3f2c-59c6-7d02-8e90-b743b7a0d1ce,CHS-05,15,0.049,1994,1395
00c4143e-8b2c-ff00-d4d0-9bef9322a51e,ENG-01,11,0.077,932,4407
00c4143e-8b2c-ff00-d4d0-9bef9322a51e,TRN-02,2,0.053,934,3008
00c4143e-8b2c-ff00-d4d0-9bef9322a51e,HYD-03,11,0.022,669,1190
00c4143e-8b2c-ff00-d4d0-9bef9322a51e,ELEC-04,9,0.054,78,883
00c4143e-8b2c-ff00-d4d0-9bef9322a51e,CHS-05,10,0.026,688,1530
f6f0dcb9-08bf-85cc-2091-44c5596c74fc,ENG-01,8,0.058,1458,4628
f6f0dcb9-08bf-85cc-2091-44c5596c74fc,TRN-02,9,0.039,1005,2830
f6f0dcb9-08bf-85cc-2091-44c5596c74fc,HYD-03,5,0.055,0,1158
f6f0dcb9-08bf-85cc-2091-44c5596c74fc,ELEC-04,7,0.044,233,834
f6f0dcb9-08bf-85cc-2091-44c5596c74fc,CHS-05,3,0.039,89,1503
85be583d-9dbd-1ef7-1cf4-5298fc99007f,ENG-01,10,0.073,1342,4312
85be583d-9dbd-1ef7-1cf4-5298fc99007f,TRN-02,9,0.062,232,2716
85be583d-9dbd-1ef7-1cf4-5298fc99007f,HYD-03,10,0.021,1840,1104
85be583d-9dbd-1ef7-1cf4-5298fc99007f,ELEC-04,11,0.08,498,792
85be583d-9dbd-1ef7-1cf4-5298fc99007f,CHS-05,12,0.041,1177,1411
