Date,Tractor_Model,Demand_Units,Supplier,Supplier_Delay_Days,Component_Failure_Rate,Inventory_Levels,Warehouse_Location,Inflation_Rate,Market_Trend_Index
2023-01-31,TX-500,225,Supplier C,3,0.035,4555,IL,3.89,0.39
2023-12-30,TX-400,277,Supplier C,16,0.085,167,IL,1.77,0.59
2022-05-10,TX-300,372,Supplier C,17,0.077,3914,FL,4.57,0.72
2023-07-18,TX-300,451,Supplier A,15,0.02,1273,TX,3.23,0.22
2023-02-04,TX-400,416,Supplier B,0,0.016,4676,NY,3.29,0.82
2022-12-31,TX-100,67,Supplier C,5,0.078,4416,NY,2.69,0.03
2022-11-10,TX-400,105,Supplier B,10,0.039,360,NY,3.0,0.44
2020-05-01,TX-100,456,Supplier E,5,0.095,2413,NY,5.38,0.63
2021-04-11,TX-200,84,Supplier E,16,0.094,3630,TX,5.05,0.29
2023-05-23,TX-300,439,Supplier E,3,0.069,1749,NY,5.71,0.68
2020-11-26,TX-100,167,Supplier D,13,0.05,776,FL,4.65,0.87
2020-03-28,TX-500,331,Supplier A,29,0.019,4039,FL,4.1,0.09
2023-10-28,TX-500,303,Supplier B,13,0.088,4438,FL,2.67,0.51
2023-01-28,TX-300,262,Supplier D,19,0.008,2035,NY,4.5,0.02
2022-05-21,TX-400,110,Supplier B,7,0.037,1778,FL,5.58,0.28
2020-05-10,TX-400,137,Supplier A,21,0.032,1292,FL,1.81,0.14
2023-08-25,TX-100,320,Supplier C,1,0.096,2722,CA,3.49,0.62
2022-02-08,TX-400,396,Supplier D,4,0.012,765,NY,2.17,0.25
2020-12-09,TX-300,81,Supplier A,3,0.089,4962,FL,5.15,0.28
2023-12-08,TX-100,445,Supplier D,9,0.046,1701,TX,4.26,0.21
2022-03-16,TX-200,182,Supplier E,19,0.005,2009,FL,5.46,0.24
2021-01-20,TX-400,113,Supplier D,27,0.073,287,CA,1.78,0.23
2023-04-30,TX-400,248,Supplier C,23,0.01,804,TX,5.58,0.7
2022-08-13,TX-100,305,Supplier C,20,0.024,3467,TX,1.8,0.96
2020-10-03,TX-500,391,Supplier B,2,0.08,4887,IL,2.79,0.49
2023-03-30,TX-400,204,Supplier D,15,0.015,3553,CA,2.2,0.6
2021-04-04,TX-300,280,Supplier E,9,0.033,1466,CA,2.15,0.82
2023-08-30,TX-400,350,Supplier C,27,0.036,2749,FL,2.27,0.48
2020-01-22,TX-200,84,Supplier B,14,0.059,434,CA,3.66,0.3
2020-09-09,TX-400,75,Supplier E,3,0.079,4933,TX,5.03,0.95
2022-01-17,TX-500,72,Supplier E,0,0.023,2484,TX,5.54,0.91
2022-05-06,TX-400,190,Supplier E,21,0.021,455,FL,4.05,0.22
2021-04-19,TX-100,436,Supplier A,26,0.022,2022,TX,2.21,0.7
2022-12-18,TX-400,334,Supplier C,28,0.038,4427,FL,1.86,0.65
2021-05-25,TX-500,499,Supplier A,14,0.054,3438,IL,3.72,0.65
2021-11-30,TX-100,369,Supplier A,9,0.001,895,CA,4.94,0.83
2022-09-02,TX-300,205,Supplier C,19,0.078,289,CA,4.29,0.67
2020-07-08,TX-100,469,Supplier D,21,0.093,4243,CA,4.12,0.52
2022-08-15,TX-200,162,Supplier B,17,0.084,913,IL,1.72,0.85
2021-11-17,TX-100,439,Supplier C,15,0.004,2202,CA,3.35,0.26
2022-08-15,TX-300,188,Supplier B,20,0.052,3510,IL,3.98,0.68
2021-07-16,TX-400,471,Supplier D,26,0.081,2266,IL,4.19,0.7
2023-06-21,TX-100,423,Supplier C,8,0.034,2350,FL,1.52,0.87
2022-04-11,TX-100,467,Supplier E,23,0.09,1779,NY,2.4,1.0
2023-02-28,TX-100,258,Supplier C,18,0.089,2158,NY,5.77,0.56
2021-10-08,TX-100,372,Supplier D,16,0.014,4454,FL,3.79,0.48
2020-01-21,TX-300,413,Supplier A,9,0.049,4493,FL,4.67,0.6
2022-04-20,TX-500,479,Supplier C,18,0.003,1320,FL,2.89,0.66
2020-06-15,TX-500,135,Supplier E,7,0.028,1727,CA,4.13,0.71
2023-07-21,TX-100,334,Supplier C,26,0.081,2480,TX,3.1,0.28
2021-01-22,TX-300,109,Supplier A,18,0.098,1499,FL,2.84,0.49
2021-08-23,TX-300,103,Supplier C,4,0.091,233,IL,3.35,0.37
2020-11-11,TX-100,142,Supplier E,1,0.004,2263,NY,3.57,0.04
2020-01-14,TX-200,374,Supplier D,14,0.093,2809,CA,2.99,0.61
2020-08-29,TX-100,422,Supplier E,16,0.082,1379,TX,2.66,0.87
2022-02-15,TX-200,314,Supplier D,26,0.087,652,NY,4.31,0.92
2023-10-01,TX-100,431,Supplier E,9,0.091,4888,NY,3.21,0.52
2021-07-18,TX-200,262,Supplier B,29,0.049,2186,NY,2.41,0.77
2022-06-16,TX-200,382,Supplier C,20,0.021,3994,IL,4.91,0.71
2023-09-25,TX-100,59,Supplier C,20,0.002,4675,IL,4.76,0.23
2020-04-01,TX-200,407,Supplier A,21,0.002,3073,IL,5.49,0.06
2023-10-22,TX-400,252,Supplier B,1,0.064,1253,TX,4.0,0.75
2022-08-13,TX-500,245,Supplier A,8,0.034,4258,NY,2.76,0.28
2023-12-22,TX-300,107,Supplier C,1,0.05,1054,FL,5.39,0.55
2021-05-23,TX-200,305,Supplier A,17,0.013,2677,TX,2.76,0.52
2022-02-14,TX-200,272,Supplier D,11,0.098,3888,IL,4.45,0.82
2020-02-04,TX-300,418,Supplier B,14,0.013,3168,IL,2.36,0.64
2020-07-24,TX-200,229,Supplier E,20,0.044,335,IL,4.33,0.85
2023-01-09,TX-300,467,Supplier D,24,0.044,3851,CA,5.28,0.75
2023-11-12,TX-100,411,Supplier E,19,0.001,3743,NY,3.93,1.0
2022-10-22,TX-400,84,Supplier A,5,0.067,1208,FL,3.62,0.86
2022-10-18,TX-400,408,Supplier C,17,0.054,1896,NY,5.97,0.21
2023-11-14,TX-500,152,Supplier D,29,0.05,3573,TX,1.6,0.96
2021-07-19,TX-200,210,Supplier B,12,0.082,1490,CA,2.99,0.34
2023-02-03,TX-500,249,Supplier E,3,0.024,3231,TX,5.63,0.61
2021-12-03,TX-100,209,Supplier D,11,0.086,2311,IL,4.39,0.94
2021-02-05,TX-400,232,Supplier C,8,0.086,2741,IL,3.94,0.21
2021-12-30,TX-100,402,Supplier B,1,0.083,3328,FL,4.37,0.86
2020-06-10,TX-100,185,Supplier B,15,0.034,1026,NY,2.95,0.95
2020-07-20,TX-200,479,Supplier E,0,0.016,3021,TX,1.82,0.85
2022-09-22,TX-100,447,Supplier D,3,0.048,3056,IL,2.74,0.82
2020-09-26,TX-400,275,Supplier D,14,0.026,3927,FL,3.01,0.26
2022-03-26,TX-500,441,Supplier B,19,0.005,3545,FL,3.66,0.41
2023-07-18,TX-400,292,Supplier A,0,0.028,4138,TX,3.27,0.76
2021-03-31,TX-200,155,Supplier B,19,0.047,220,NY,3.84,0.12
2023-06-29,TX-400,120,Supplier C,14,0.011,1065,CA,2.38,0.89
2022-10-13,TX-300,126,Supplier D,2,0.094,2149,FL,2.33,0.21
2020-10-22,TX-500,103,Supplier E,12,0.066,4313,TX,3.08,0.56
2021-12-20,TX-300,326,Supplier D,17,0.014,3819,IL,3.63,0.11
2020-12-03,TX-300,160,Supplier B,12,0.081,4013,CA,3.04,0.19
2022-05-28,TX-200,273,Supplier C,9,0.093,4834,CA,4.09,0.59
2022-12-12,TX-100,124,Supplier A,19,0.026,3924,NY,2.9,0.63
2022-03-02,TX-300,63,Supplier D,23,0.014,4569,TX,2.3,0.27
2020-08-04,TX-400,307,Supplier B,6,0.032,3279,NY,5.38,0.12
2022-02-02,TX-100,238,Supplier B,24,0.083,3470,FL,2.4,0.55
2020-07-06,TX-400,413,Supplier B,7,0.018,3604,FL,5.85,0.84
2021-01-14,TX-400,288,Supplier C,0,0.078,4141,TX,5.94,0.2
2021-05-07,TX-100,450,Supplier B,27,0.072,2023,IL,4.64,0.69
2022-11-30,TX-100,383,Supplier B,17,0.065,3916,FL,3.76,0.39
2023-03-26,TX-400,353,Supplier B,11,0.043,3191,FL,5.08,0.94
2020-01-15,TX-200,140,Supplier D,17,0.037,1876,IL,5.43,0.08
2020-03-05,TX-500,441,Supplier B,27,0.009,871,CA,4.69,0.04
2021-06-04,TX-500,233,Supplier C,23,0.036,4756,TX,1.96,0.12
2023-09-29,TX-200,66,Supplier D,11,0.06,3677,CA,1.51,0.78
2023-02-26,TX-100,61,Supplier B,19,0.09,1638,NY,2.36,0.92
2021-10-09,TX-400,215,Supplier A,8,0.083,2967,IL,2.35,0.82
2022-12-22,TX-500,195,Supplier C,1,0.003,3649,TX,2.32,0.72
2023-03-08,TX-400,331,Supplier A,13,0.014,903,IL,3.79,0.06
2021-08-15,TX-200,86,Supplier C,3,0.085,4876,IL,3.84,0.21
2021-01-26,TX-400,119,Supplier A,28,0.094,3369,CA,4.75,0.94
2021-02-22,TX-200,218,Supplier B,28,0.006,278,CA,2.41,0.62
2020-10-15,TX-100,384,Supplier A,14,0.07,714,NY,1.92,0.47
2021-01-13,TX-200,219,Supplier A,16,0.037,1854,TX,4.5,0.65
2020-08-18,TX-200,302,Supplier C,18,0.036,146,IL,3.68,0.18
2022-10-14,TX-500,395,Supplier B,5,0.064,3783,NY,4.5,0.89
2020-02-10,TX-400,346,Supplier C,8,0.081,2634,IL,3.21,0.66
2022-11-17,TX-500,480,Supplier B,26,0.027,315,NY,4.88,0.47
2020-05-14,TX-300,191,Supplier E,16,0.071,3039,IL,4.57,0.46
2020-07-19,TX-200,434,Supplier D,14,0.064,2999,CA,4.43,0.82
2022-02-18,TX-300,322,Supplier D,4,0.052,2976,FL,1.62,0.31
2022-07-18,TX-500,274,Supplier C,27,0.06,1336,NY,5.36,0.14
2022-11-22,TX-400,232,Supplier B,17,0.002,1107,NY,3.19,0.19
2022-12-07,TX-500,270,Supplier A,22,0.0,4929,FL,2.11,0.08
2021-05-17,TX-400,102,Supplier D,3,0.055,2238,CA,4.9,0.51
2021-02-10,TX-400,167,Supplier C,20,0.052,4510,NY,3.69,0.68
2022-03-15,TX-100,414,Supplier C,23,0.007,2259,CA,1.64,0.93
2020-04-08,TX-200,208,Supplier C,1,0.049,3284,IL,5.02,0.75
2021-11-14,TX-500,495,Supplier B,18,0.076,473,IL,3.46,0.58
2021-12-26,TX-400,185,Supplier C,26,0.054,1386,FL,4.9,0.86
2022-08-18,TX-500,463,Supplier E,4,0.052,467,TX,4.9,0.89
2021-09-04,TX-500,126,Supplier A,25,0.072,4573,CA,1.95,0.71
2021-10-04,TX-400,385,Supplier C,3,0.017,4025,TX,4.26,0.06
2022-10-25,TX-300,499,Supplier B,4,0.046,4869,TX,3.12,0.29
2023-05-26,TX-200,94,Supplier A,18,0.015,3216,CA,3.96,0.34
2021-05-17,TX-200,67,Supplier A,12,0.052,1394,TX,1.9,1.0
2022-02-05,TX-100,404,Supplier D,15,0.059,4076,NY,4.15,0.46
2021-02-01,TX-100,478,Supplier C,11,0.012,273,IL,5.0,0.76
2022-05-20,TX-100,452,Supplier C,8,0.008,4231,FL,5.94,0.81
2022-03-05,TX-200,254,Supplier B,23,0.017,4497,CA,2.94,0.65
2021-01-27,TX-300,373,Supplier E,15,0.059,2180,FL,2.2,0.02
2020-07-25,TX-200,132,Supplier E,13,0.019,3934,IL,3.15,0.02
2022-11-04,TX-200,99,Supplier D,21,0.028,2529,FL,1.59,0.82
2022-06-10,TX-200,330,Supplier E,29,0.07,2873,CA,3.34,0.74
2022-05-13,TX-200,215,Supplier B,0,0.025,792,FL,5.62,0.54
2022-01-12,TX-300,292,Supplier D,19,0.04,4790,TX,2.37,0.25
2023-06-18,TX-100,426,Supplier C,22,0.093,3129,TX,3.65,0.09
2021-07-17,TX-500,213,Supplier E,25,0.082,973,IL,4.08,0.16
2022-10-17,TX-100,373,Supplier B,20,0.026,4514,TX,2.31,0.58
2020-04-05,TX-100,105,Supplier B,3,0.06,3196,FL,2.99,0.55
2021-04-29,TX-500,88,Supplier C,8,0.067,857,NY,5.6,0.94
2023-12-01,TX-200,368,Supplier B,23,0.09,3724,FL,2.83,0.96
2020-08-18,TX-300,177,Supplier D,18,0.055,2206,NY,4.36,0.58
2022-01-18,TX-300,440,Supplier D,13,0.056,4372,FL,2.12,0.84
2023-04-09,TX-100,171,Supplier A,21,0.089,1665,NY,4.51,0.81
2021-06-24,TX-500,296,Supplier C,11,0.005,3216,NY,2.76,0.75
2022-11-25,TX-400,235,Supplier B,29,0.063,3623,CA,2.54,0.44
2021-06-08,TX-200,257,Supplier E,29,0.042,408,CA,2.06,0.39
2023-03-29,TX-100,364,Supplier D,27,0.091,253,FL,1.71,0.26
2023-06-20,TX-300,353,Supplier C,3,0.096,1066,TX,5.86,0.94
2023-01-14,TX-500,438,Supplier C,6,0.017,1263,CA,3.36,0.83
2021-07-31,TX-500,288,Supplier D,16,0.028,2916,NY,5.0,0.18
2021-11-12,TX-100,264,Supplier A,0,0.027,484,FL,5.64,0.25
2021-07-10,TX-400,341,Supplier C,13,0.01,3819,TX,2.42,0.58
2022-10-09,TX-300,273,Supplier B,14,0.048,2895,FL,5.41,0.41
2021-10-07,TX-100,137,Supplier E,11,0.051,4819,NY,4.69,0.21
2022-03-06,TX-400,74,Supplier E,11,0.057,1156,CA,4.1,0.79
2022-11-17,TX-500,478,Supplier D,5,0.066,1831,CA,5.14,0.0
2023-09-25,TX-200,269,Supplier C,25,0.006,3542,IL,2.0,0.34
2023-09-16,TX-300,324,Supplier E,26,0.062,1769,IL,2.69,0.93
2023-10-03,TX-300,184,Supplier C,28,0.091,4176,FL,2.09,0.76
2023-06-08,TX-400,491,Supplier D,12,0.045,4127,FL,5.53,0.4
2020-07-08,TX-100,282,Supplier A,15,0.011,3874,TX,1.94,0.93
2023-06-02,TX-500,115,Supplier E,13,0.009,1559,CA,5.91,0.9
2023-11-09,TX-400,129,Supplier B,6,0.028,105,CA,1.99,0.05
2023-11-01,TX-200,472,Supplier D,28,0.075,4886,IL,4.48,0.13
2023-07-30,TX-200,304,Supplier A,24,0.026,1741,NY,4.47,0.39
2021-09-24,TX-200,174,Supplier B,15,0.081,3929,NY,5.69,0.93
2021-09-19,TX-400,195,Supplier B,22,0.082,4980,IL,2.95,0.84
2022-08-30,TX-500,152,Supplier E,8,0.046,716,FL,2.99,0.05
2023-07-06,TX-300,434,Supplier C,25,0.03,985,CA,5.31,0.51
2023-10-14,TX-100,496,Supplier D,13,0.06,2170,CA,5.9,0.72
2021-12-10,TX-300,436,Supplier B,24,0.081,260,CA,1.64,0.28
2023-12-05,TX-500,432,Supplier E,29,0.006,1317,NY,4.36,0.72
2021-10-10,TX-300,326,Supplier A,29,0.095,4278,FL,2.6,0.37
2020-11-13,TX-400,431,Supplier B,23,0.065,267,NY,4.78,0.27
2023-06-02,TX-200,173,Supplier A,6,0.04,4012,FL,4.98,0.39
2023-06-11,TX-500,463,Supplier D,11,0.051,2802,IL,4.93,0.95
2021-11-14,TX-500,316,Supplier E,2,0.039,2702,FL,3.46,0.91
2021-10-25,TX-300,327,Supplier A,26,0.041,4539,NY,2.21,0.91
2023-10-29,TX-400,160,Supplier C,13,0.06,4207,CA,4.13,0.92
2023-06-10,TX-300,430,Supplier A,18,0.006,3705,NY,5.05,0.18
2023-02-10,TX-300,362,Supplier A,10,0.018,1653,IL,5.6,0.9
2021-03-17,TX-500,138,Supplier E,4,0.023,549,CA,3.54,0.21
2021-07-17,TX-300,436,Supplier E,22,0.041,4769,NY,2.61,0.84
2023-07-15,TX-200,207,Supplier B,12,0.037,4127,CA,2.03,0.54
2023-11-10,TX-300,265,Supplier A,27,0.072,2637,IL,5.09,0.24
2023-11-11,TX-200,433,Supplier A,9,0.026,2809,FL,3.91,0.4
2023-02-10,TX-500,350,Supplier E,6,0.006,4660,FL,4.53,0.43
2022-08-09,TX-400,85,Supplier C,16,0.006,3057,TX,2.22,0.73
2023-01-09,TX-200,136,Supplier E,15,0.001,2764,CA,1.53,0.61
2021-11-29,TX-400,167,Supplier C,7,0.004,1889,IL,5.85,0.82
2020-04-22,TX-400,377,Supplier E,16,0.086,4202,NY,5.15,0.4
2020-01-02,TX-200,497,Supplier D,12,0.07,3334,NY,3.3,0.74
2021-10-03,TX-500,231,Supplier A,29,0.1,418,TX,3.56,0.79
2020-08-07,TX-100,117,Supplier C,10,0.002,2277,NY,5.68,0.06
2022-05-04,TX-400,483,Supplier D,19,0.085,2256,IL,2.43,0.38
2023-06-02,TX-400,408,Supplier C,17,0.07,2653,IL,5.11,0.89
2021-01-19,TX-500,208,Supplier B,4,0.064,528,FL,1.58,0.7
2023-11-27,TX-500,334,Supplier B,5,0.036,4439,CA,5.44,0.42
2023-02-27,TX-300,492,Supplier A,19,0.038,2585,CA,4.15,0.18
2022-12-12,TX-500,213,Supplier D,13,0.085,4502,NY,3.65,0.1
2021-12-30,TX-400,410,Supplier D,11,0.071,1000,CA,4.68,0.23
2023-12-10,TX-200,122,Supplier B,28,0.067,1720,TX,1.8,0.24
2020-09-03,TX-100,168,Supplier A,3,0.003,3498,CA,2.38,0.37
2022-04-15,TX-300,390,Supplier B,6,0.018,848,NY,3.33,0.18
2020-07-21,TX-200,244,Supplier D,10,0.096,4972,CA,4.28,0.15
2023-04-22,TX-100,138,Supplier C,19,0.045,4389,IL,2.15,0.84
2020-05-02,TX-100,394,Supplier D,1,0.078,2511,IL,3.21,0.25
2021-02-04,TX-100,125,Supplier A,3,0.039,1127,FL,2.67,0.56
2022-02-05,TX-200,270,Supplier D,6,0.076,4344,FL,4.41,0.2
2020-10-20,TX-300,188,Supplier E,0,0.012,3232,FL,5.64,0.49
2020-10-06,TX-300,421,Supplier D,14,0.004,2941,FL,2.25,0.28
2022-06-02,TX-100,444,Supplier E,19,0.047,1240,CA,2.35,0.09
2020-07-16,TX-200,290,Supplier B,21,0.059,337,NY,4.2,0.98
2022-09-08,TX-100,203,Supplier E,23,0.032,4925,CA,3.54,0.46
2022-01-21,TX-500,102,Supplier D,7,0.072,4653,NY,4.73,0.39
2020-05-23,TX-300,191,Supplier D,28,0.05,2632,NY,2.8,0.2
2021-08-31,TX-400,369,Supplier D,24,0.093,1854,NY,3.95,0.5
2023-05-09,TX-100,443,Supplier A,4,0.008,4909,NY,3.24,0.64
2023-02-21,TX-500,80,Supplier B,13,0.007,1710,IL,2.77,0.3
2020-07-05,TX-300,272,Supplier E,17,0.091,3218,NY,4.78,0.48
2023-09-11,TX-200,341,Supplier C,2,0.067,4539,CA,5.08,0.24
2021-04-08,TX-300,315,Supplier E,1,0.067,1587,NY,2.98,0.53
2023-10-04,TX-200,331,Supplier D,24,0.003,4858,IL,4.3,0.79
2021-10-21,TX-200,325,Supplier C,21,0.094,3294,CA,2.3,0.06
2022-02-02,TX-100,430,Supplier C,15,0.077,345,TX,5.06,0.52
2022-08-12,TX-100,93,Supplier E,13,0.076,1377,CA,2.77,0.4
2021-02-06,TX-300,111,Supplier E,15,0.091,2428,IL,2.27,0.07
2023-10-01,TX-500,250,Supplier E,10,0.058,1656,IL,5.73,0.94
2020-05-26,TX-300,384,Supplier E,27,0.039,1657,FL,3.4,0.26
2023-03-17,TX-400,58,Supplier B,16,0.048,2322,TX,4.4,0.56
2022-05-13,TX-200,120,Supplier A,2,0.078,2432,NY,5.14,0.37
2021-05-03,TX-200,139,Supplier A,22,0.077,404,IL,4.59,0.27
2022-07-17,TX-100,73,Supplier E,22,0.061,3022,FL,4.04,0.53
2021-07-04,TX-500,189,Supplier A,4,0.022,892,FL,3.17,0.69
2020-12-03,TX-100,365,Supplier E,2,0.082,506,NY,5.63,0.79
2022-05-21,TX-400,389,Supplier E,28,0.065,4527,CA,2.1,0.63
2021-10-02,TX-300,425,Supplier E,14,0.022,2452,TX,5.48,0.53
2021-04-17,TX-300,127,Supplier B,22,0.048,2137,NY,4.69,0.78
2020-05-30,TX-500,263,Supplier D,4,0.1,3066,NY,4.07,0.52
2023-12-09,TX-100,65,Supplier A,21,0.033,2816,CA,2.96,0.97
2023-08-14,TX-100,78,Supplier A,2,0.012,2920,CA,2.16,0.53
2020-09-19,TX-400,465,Supplier B,5,0.002,4746,IL,3.49,0.32
2020-05-23,TX-300,424,Supplier B,22,0.018,3142,CA,5.03,0.45
2020-12-11,TX-100,340,Supplier E,13,0.019,4102,CA,4.85,0.49
2021-09-15,TX-500,92,Supplier E,23,0.086,1460,TX,4.4,0.28
2022-10-13,TX-300,401,Supplier D,1,0.016,1153,TX,5.97,0.16
2022-05-30,TX-400,424,Supplier A,17,0.086,539,TX,5.88,0.43
2020-01-02,TX-500,102,Supplier B,29,0.009,4453,NY,3.3,0.9
2022-06-15,TX-200,325,Supplier D,5,0.091,882,TX,2.37,0.26
2023-08-20,TX-400,420,Supplier A,23,0.026,2710,TX,3.59,0.36
2020-09-10,TX-500,281,Supplier D,4,0.061,1914,FL,5.3,0.76
2021-03-28,TX-100,261,Supplier D,13,0.016,333,TX,3.56,0.08
2022-11-26,TX-200,57,Supplier E,16,0.039,2173,NY,3.01,0.83
2023-03-29,TX-400,171,Supplier D,10,0.009,2531,FL,4.84,0.72
2022-10-11,TX-100,91,Supplier E,0,0.058,4588,NY,4.43,0.55
2020-01-09,TX-200,382,Supplier A,9,0.035,561,NY,5.86,0.21
2023-06-10,TX-300,282,Supplier A,8,0.085,1851,FL,3.97,0.09
2023-01-27,TX-100,119,Supplier E,19,0.018,938,FL,5.85,0.23
2022-03-26,TX-500,416,Supplier C,11,0.028,3309,FL,2.81,0.76
2020-07-26,TX-400,65,Supplier D,25,0.018,2884,FL,5.39,0.93
2023-02-28,TX-200,118,Supplier A,0,0.056,4305,NY,3.08,0.74
2021-02-07,TX-100,102,Supplier D,26,0.011,1451,FL,5.14,0.53
2020-05-31,TX-300,222,Supplier C,23,0.019,305,CA,5.67,0.95
2020-02-23,TX-400,484,Supplier D,17,0.068,1194,TX,4.3,0.83
2023-02-17,TX-400,311,Supplier C,11,0.007,4405,TX,4.78,0.66
2021-09-19,TX-100,428,Supplier B,1,0.074,284,CA,5.81,0.04
2021-08-09,TX-300,338,Supplier C,0,0.01,2892,NY,3.19,0.29
2023-12-14,TX-200,64,Supplier A,0,0.059,4594,NY,3.8,0.31
2023-12-16,TX-100,319,Supplier E,24,0.1,2829,TX,5.54,0.35
2020-04-13,TX-200,216,Supplier E,28,0.017,413,IL,4.53,0.39
2020-09-10,TX-400,112,Supplier D,0,0.026,327,CA,5.43,0.94
2023-06-04,TX-200,310,Supplier B,21,0.09,3193,CA,4.28,0.74
2023-02-09,TX-300,170,Supplier D,11,0.063,4057,TX,4.83,0.69
2021-05-24,TX-500,395,Supplier C,6,0.049,4195,FL,1.56,0.43
2020-04-08,TX-300,289,Supplier E,3,0.056,2839,IL,3.03,0.34
2020-06-01,TX-200,156,Supplier C,20,0.03,1026,NY,4.97,0.12
2022-07-02,TX-100,229,Supplier E,19,0.086,3436,NY,3.32,0.45
2022-05-27,TX-400,65,Supplier E,3,0.075,3221,NY,3.13,0.21
2020-12-03,TX-500,404,Supplier E,25,0.064,2208,NY,5.78,0.39
2022-04-01,TX-100,471,Supplier A,14,0.093,2455,CA,3.99,0.16
2023-04-01,TX-100,358,Supplier C,0,0.058,636,CA,2.37,0.34
2022-08-14,TX-300,264,Supplier D,5,0.051,4270,FL,3.63,0.04
2020-06-09,TX-200,126,Supplier B,13,0.098,1541,CA,3.83,0.01
2022-03-11,TX-300,274,Supplier D,25,0.021,3499,FL,5.95,0.87
2021-02-01,TX-200,142,Supplier C,13,0.014,3452,FL,4.73,0.64
2023-07-24,TX-300,230,Supplier B,9,0.016,3246,NY,3.84,0.59
2022-03-26,TX-100,223,Supplier D,6,0.099,708,NY,3.44,0.51
2023-11-16,TX-400,403,Supplier B,22,0.065,711,CA,5.62,0.73
2023-03-04,TX-200,403,Supplier C,23,0.031,1120,CA,4.41,0.74
2023-05-03,TX-500,268,Supplier E,22,0.025,4980,FL,3.1,0.94
2021-02-04,TX-500,192,Supplier C,21,0.006,340,TX,3.59,0.24
2021-10-01,TX-100,364,Supplier A,11,0.013,2152,NY,2.75,0.79
2022-11-22,TX-300,483,Supplier B,23,0.091,1702,IL,5.82,0.99
2021-11-18,TX-300,442,Supplier C,18,0.075,2504,TX,4.66,0.03
2021-04-04,TX-100,331,Supplier E,8,0.094,4589,NY,3.27,0.37
2022-08-12,TX-500,308,Supplier E,2,0.042,1514,NY,2.32,0.44
2021-04-14,TX-500,405,Supplier C,3,0.06,468,CA,2.3,0.82
2023-10-30,TX-300,96,Supplier D,12,0.048,2176,IL,3.65,0.01
2022-11-11,TX-200,54,Supplier C,9,0.088,1546,IL,3.6,0.6
2022-01-19,TX-400,111,Supplier E,13,0.099,108,NY,3.38,0.89
2020-02-07,TX-200,133,Supplier C,5,0.093,3616,FL,5.33,0.15
2020-08-17,TX-500,182,Supplier A,27,0.06,4529,IL,5.91,0.12
2023-10-20,TX-200,443,Supplier D,29,0.006,2377,TX,3.1,1.0
2021-07-16,TX-400,385,Supplier C,27,0.062,492,FL,2.83,0.83
2021-03-13,TX-200,112,Supplier E,7,0.01,1951,CA,4.97,0.7
2023-07-30,TX-200,330,Supplier C,18,0.014,878,NY,3.52,0.4
2020-01-27,TX-200,93,Supplier C,28,0.019,3531,NY,2.48,0.85
2020-08-13,TX-200,202,Supplier B,9,0.036,1798,TX,2.31,0.92
2023-07-24,TX-100,463,Supplier C,21,0.059,3354,TX,2.76,0.73
2022-03-08,TX-500,319,Supplier A,4,0.033,4582,CA,1.51,0.4
2020-10-10,TX-400,391,Supplier E,4,0.045,3371,CA,5.74,0.58
2022-05-28,TX-500,220,Supplier B,4,0.005,3352,IL,3.44,0.1
2022-08-17,TX-100,205,Supplier C,8,0.062,3711,FL,1.87,0.16
2021-03-28,TX-100,324,Supplier D,28,0.066,2712,NY,2.24,0.78
2022-10-16,TX-100,407,Supplier A,22,0.01,1945,IL,2.96,0.03
2022-03-26,TX-100,475,Supplier A,27,0.079,3608,CA,3.98,0.05
2021-10-20,TX-200,69,Supplier A,8,0.065,3992,TX,4.67,0.51
2021-06-30,TX-500,263,Supplier B,14,0.049,3211,IL,2.89,0.17
2023-04-30,TX-300,128,Supplier C,8,0.055,4417,TX,5.81,0.29
2022-12-08,TX-400,188,Supplier A,28,0.05,1966,FL,4.92,0.4
2020-01-17,TX-100,487,Supplier C,13,0.005,1152,TX,5.22,0.52
2023-04-10,TX-500,147,Supplier D,5,0.074,1026,NY,2.96,0.28
2023-05-28,TX-100,426,Supplier C,29,0.051,3872,FL,3.21,0.48
2020-06-06,TX-100,201,Supplier C,21,0.017,3142,TX,3.92,0.37
2021-04-21,TX-100,247,Supplier C,19,0.068,4325,IL,3.53,0.08
2022-12-05,TX-100,322,Supplier E,7,0.07,2195,NY,2.67,0.87
2023-10-28,TX-100,205,Supplier B,29,0.021,3940,NY,5.99,0.28
2021-06-01,TX-400,99,Supplier C,1,0.08,926,CA,5.32,0.61
2020-04-08,TX-500,277,Supplier A,4,0.046,3587,CA,2.57,0.57
2022-11-26,TX-100,488,Supplier E,16,0.018,4795,IL,5.52,0.2
2020-10-06,TX-100,59,Supplier C,9,0.066,869,CA,4.14,0.03
2023-10-04,TX-100,198,Supplier E,13,0.06,4070,TX,1.56,0.86
2021-05-11,TX-100,107,Supplier B,17,0.017,556,CA,3.06,0.5
2020-10-28,TX-200,211,Supplier E,0,0.087,1172,NY,1.62,0.41
2020-06-29,TX-200,400,Supplier A,21,0.085,2875,IL,1.89,0.76
2021-08-29,TX-300,156,Supplier C,1,0.084,4730,TX,2.31,0.03
2023-01-27,TX-100,476,Supplier A,27,0.04,2583,NY,3.68,0.77
2021-11-30,TX-300,444,Supplier D,3,0.082,2398,NY,3.22,0.41
2022-09-19,TX-400,338,Supplier E,12,0.084,3071,FL,2.17,0.55
2023-02-13,TX-300,235,Supplier E,15,0.1,4029,CA,3.28,0.75
2020-07-09,TX-500,95,Supplier E,4,0.096,4500,TX,2.87,0.55
2020-09-09,TX-200,494,Supplier B,22,0.038,1742,IL,3.35,0.06
2022-09-07,TX-200,495,Supplier A,9,0.02,1117,IL,2.28,0.73
2022-07-16,TX-100,178,Supplier D,16,0.029,4142,IL,4.24,0.79
2023-03-30,TX-100,454,Supplier B,27,0.049,1563,FL,1.7,0.46
2023-07-03,TX-400,367,Supplier B,10,0.081,1611,TX,3.25,0.44
2023-09-08,TX-400,497,Supplier C,4,0.072,3573,NY,5.53,0.25
2020-05-07,TX-500,136,Supplier D,14,0.079,4571,FL,3.39,0.64
2020-01-18,TX-100,298,Supplier E,3,0.038,3738,CA,3.48,0.88
2021-07-19,TX-100,378,Supplier E,6,0.025,1821,NY,1.81,0.66
2021-07-23,TX-400,489,Supplier C,29,0.002,786,IL,4.22,0.77
2023-09-08,TX-400,306,Supplier E,9,0.063,4566,CA,5.71,0.84
2021-11-16,TX-400,326,Supplier A,22,0.08,3583,TX,2.81,0.23
2021-09-17,TX-200,327,Supplier E,23,0.089,4350,TX,3.27,0.4
2023-08-04,TX-300,487,Supplier A,3,0.048,3732,FL,4.15,0.44
2022-05-03,TX-300,53,Supplier C,19,0.093,4877,TX,1.92,0.56
2022-08-19,TX-100,114,Supplier C,25,0.02,3377,IL,5.78,0.05
2020-06-03,TX-200,484,Supplier A,4,0.051,4039,FL,3.6,0.59
2021-05-04,TX-400,251,Supplier E,4,0.021,3044,FL,2.02,0.09
2023-11-10,TX-100,112,Supplier C,10,0.019,3599,IL,3.01,0.81
2022-02-23,TX-200,192,Supplier C,18,0.095,3018,TX,3.18,0.96
2023-02-01,TX-500,293,Supplier A,4,0.082,1544,CA,3.05,0.29
2023-11-17,TX-200,341,Supplier C,20,0.001,187,FL,4.62,0.51
2020-09-02,TX-100,334,Supplier E,7,0.027,1629,CA,3.05,0.82
2023-04-14,TX-300,229,Supplier C,6,0.021,3339,CA,2.96,0.31
2022-11-28,TX-400,223,Supplier A,7,0.015,3285,CA,2.95,0.16
2022-01-28,TX-500,374,Supplier E,12,0.07,112,CA,5.0,0.74
2021-06-21,TX-200,462,Supplier D,4,0.057,3028,IL,2.89,0.7
2022-07-09,TX-100,160,Supplier A,27,0.045,419,NY,1.56,0.57
2021-02-11,TX-100,224,Supplier D,26,0.019,4487,TX,3.14,0.94
2021-06-08,TX-400,202,Supplier C,17,0.028,4968,NY,2.75,0.96
2022-04-07,TX-100,449,Supplier E,23,0.036,1783,NY,5.59,0.86
2022-06-21,TX-100,405,Supplier C,8,0.079,2549,FL,3.65,0.29
2020-02-05,TX-400,266,Supplier E,1,0.099,4353,NY,2.56,0.23
2021-11-15,TX-500,346,Supplier B,15,0.018,483,NY,5.92,0.84
2020-01-20,TX-300,498,Supplier C,13,0.034,4593,IL,2.61,0.65
2020-11-16,TX-300,453,Supplier C,16,0.028,1196,CA,4.93,0.4
2021-05-26,TX-200,469,Supplier C,27,0.004,1069,NY,4.42,0.41
2021-02-03,TX-500,289,Supplier A,5,0.022,2620,NY,3.58,0.85
2021-10-15,TX-200,275,Supplier E,2,0.09,3351,FL,3.33,0.16
2022-08-29,TX-300,235,Supplier E,16,0.084,3774,TX,5.43,0.94
2021-04-15,TX-400,97,Supplier E,12,0.017,293,FL,3.64,0.63
2023-03-12,TX-100,435,Supplier A,5,0.037,2944,TX,3.19,0.79
2023-01-20,TX-300,257,Supplier E,27,0.031,4955,TX,3.09,0.37
2023-10-09,TX-500,206,Supplier C,7,0.015,1352,TX,2.74,0.59
2022-04-13,TX-300,274,Supplier D,24,0.062,894,IL,3.34,0.75
2021-12-27,TX-500,193,Supplier B,28,0.056,2822,IL,2.04,0.44
2022-05-03,TX-500,468,Supplier E,5,0.043,1726,CA,1.79,0.49
2020-02-20,TX-500,160,Supplier A,27,0.086,2941,TX,3.94,0.58
2021-07-28,TX-200,367,Supplier A,15,0.062,190,IL,3.54,0.06
2023-04-28,TX-400,412,Supplier E,5,0.026,3777,IL,2.28,0.86
2023-02-22,TX-300,411,Supplier D,16,0.037,4272,NY,1.98,0.87
2020-05-29,TX-400,181,Supplier E,20,0.015,3619,TX,2.14,0.28
2020-11-09,TX-100,162,Supplier A,2,0.059,1420,FL,2.92,0.88
2021-07-23,TX-300,373,Supplier B,22,0.059,3559,NY,3.53,0.75
2023-09-27,TX-400,484,Supplier D,11,0.087,2469,IL,2.37,0.48
2020-10-31,TX-400,138,Supplier E,24,0.086,2568,IL,4.9,0.35
2021-11-12,TX-100,210,Supplier B,28,0.084,2693,IL,2.37,0.4
2022-04-17,TX-500,383,Supplier E,26,0.055,1757,IL,2.06,0.53
2022-12-13,TX-300,457,Supplier D,5,0.065,3477,FL,5.98,0.41
2022-09-29,TX-300,124,Supplier A,20,0.078,4137,CA,3.51,0.42
2021-03-19,TX-100,330,Supplier D,6,0.009,445,CA,2.27,0.2
2021-09-04,TX-500,461,Supplier C,10,0.03,3981,TX,5.53,0.71
2022-09-19,TX-300,56,Supplier E,8,0.017,1764,IL,2.54,0.61
2020-09-20,TX-300,162,Supplier B,15,0.051,3973,TX,5.67,0.99
2022-12-12,TX-300,85,Supplier B,4,0.084,2872,FL,2.04,0.14
2022-09-30,TX-500,315,Supplier D,14,0.023,749,TX,5.29,0.11
2020-01-05,TX-100,162,Supplier D,20,0.073,2806,CA,2.33,0.52
2023-01-31,TX-300,341,Supplier D,25,0.041,2012,CA,5.72,0.15
2023-05-04,TX-400,272,Supplier B,3,0.09,3785,CA,4.08,0.61
2022-02-12,TX-500,260,Supplier A,4,0.063,4961,TX,2.35,0.2
2022-05-26,TX-200,67,Supplier B,6,0.098,1909,IL,5.3,0.48
2022-09-18,TX-100,290,Supplier A,2,0.025,3360,NY,3.26,0.61
2022-06-02,TX-400,183,Supplier D,3,0.092,2212,CA,4.8,0.46
2023-10-05,TX-300,269,Supplier C,24,0.036,1582,TX,4.4,0.32
2020-02-16,TX-200,440,Supplier B,14,0.062,775,NY,4.71,0.78
2022-05-16,TX-100,151,Supplier D,27,0.017,575,CA,3.05,0.85
2022-04-02,TX-500,189,Supplier B,1,0.076,425,CA,5.72,0.28
2022-07-24,TX-200,218,Supplier D,23,0.098,3363,FL,4.02,0.81
2021-10-17,TX-200,240,Supplier B,24,0.079,2235,CA,1.85,0.39
2020-09-25,TX-400,74,Supplier E,4,0.062,4353,NY,1.8,0.49
2021-01-04,TX-100,486,Supplier B,6,0.045,1396,NY,4.82,0.23
2021-09-27,TX-400,82,Supplier E,21,0.035,381,IL,5.32,0.63
2023-02-03,TX-400,392,Supplier A,16,0.042,756,NY,4.63,0.1
2021-10-18,TX-300,378,Supplier B,7,0.033,2310,TX,2.75,0.59
2020-04-29,TX-500,55,Supplier A,8,0.083,3345,TX,2.52,0.99
2022-04-10,TX-200,495,Supplier C,9,0.089,1000,CA,4.04,0.75
2022-12-17,TX-100,243,Supplier E,10,0.095,4526,IL,2.39,0.9
2023-10-01,TX-500,279,Supplier B,0,0.042,243,CA,3.21,0.46
2022-01-10,TX-500,186,Supplier A,14,0.055,3469,IL,4.33,0.14
2020-04-26,TX-100,372,Supplier D,7,0.058,4033,FL,2.78,0.29
2022-03-01,TX-500,449,Supplier A,18,0.065,2587,IL,3.19,0.05
2023-02-24,TX-300,265,Supplier B,11,0.0,2635,FL,3.12,0.5
2023-11-17,TX-500,398,Supplier C,5,0.084,1513,FL,3.57,0.65
2022-10-09,TX-300,413,Supplier E,9,0.027,1143,CA,4.53,0.42
2022-12-17,TX-200,232,Supplier D,23,0.047,2683,TX,5.02,0.56
2021-09-25,TX-200,217,Supplier A,4,0.084,3774,IL,4.49,0.32
2021-05-27,TX-400,331,Supplier B,23,0.1,749,CA,1.62,0.09
2022-03-12,TX-300,87,Supplier B,6,0.079,4860,FL,5.54,0.43
2023-01-24,TX-200,212,Supplier E,6,0.002,3391,FL,4.12,0.55
2023-02-15,TX-500,492,Supplier D,22,0.037,3021,NY,5.64,0.98
2021-07-13,TX-100,191,Supplier A,24,0.025,272,NY,5.84,0.35
2021-05-02,TX-100,297,Supplier A,21,0.096,3121,IL,3.61,0.68
2023-06-14,TX-300,480,Supplier A,21,0.026,2148,TX,5.62,0.82
2022-06-15,TX-400,152,Supplier E,26,0.094,4178,NY,3.14,0.34
2023-07-19,TX-500,248,Supplier E,8,0.094,3196,FL,2.67,0.93
2023-04-27,TX-300,249,Supplier D,14,0.084,3027,CA,1.83,0.34
2021-12-04,TX-100,91,Supplier A,5,0.01,1994,TX,3.53,0.97
2021-08-03,TX-300,484,Supplier A,15,0.0,4076,IL,4.6,0.0
2022-02-28,TX-500,196,Supplier D,6,0.079,3362,CA,5.9,0.63
2022-05-10,TX-200,115,Supplier D,14,0.084,508,IL,3.85,0.79
2020-09-03,TX-500,480,Supplier D,22,0.096,3649,CA,4.81,0.28
2023-01-04,TX-200,242,Supplier B,1,0.022,3475,CA,5.53,0.12
2020-06-02,TX-200,347,Supplier D,28,0.073,4122,TX,3.94,0.02
2023-12-29,TX-200,87,Supplier C,27,0.052,677,IL,2.25,0.07
2022-09-23,TX-300,190,Supplier E,7,0.033,3707,NY,5.32,0.54
2023-01-14,TX-100,155,Supplier D,11,0.061,4277,CA,4.08,0.84
2021-11-27,TX-300,477,Supplier B,10,0.055,702,CA,4.91,0.06
2023-08-01,TX-100,201,Supplier C,5,0.029,3855,NY,4.46,0.11
2023-05-28,TX-500,401,Supplier B,19,0.027,4169,TX,1.77,0.01
2022-12-28,TX-400,463,Supplier B,26,0.049,1087,TX,2.26,0.28
2022-12-06,TX-500,375,Supplier B,12,0.047,4336,TX,2.79,0.92
2022-10-05,TX-300,87,Supplier B,22,0.03,2415,FL,2.78,0.28
2020-04-03,TX-300,146,Supplier A,15,0.026,4334,FL,5.28,0.44
2022-08-15,TX-100,157,Supplier E,7,0.095,3218,TX,4.19,0.18
2022-10-08,TX-300,168,Supplier A,16,0.086,1183,TX,1.88,0.12
2021-03-28,TX-200,200,Supplier C,25,0.082,2708,NY,3.24,0.18
2023-05-12,TX-300,123,Supplier A,28,0.021,1687,FL,4.0,0.21
2022-06-30,TX-100,106,Supplier C,12,0.019,1184,IL,2.63,0.13
2020-08-05,TX-100,415,Supplier D,3,0.081,1849,TX,1.68,0.79
2021-04-18,TX-200,384,Supplier C,19,0.018,3266,TX,3.21,0.48
2021-03-07,TX-100,301,Supplier A,9,0.05,1755,TX,3.58,0.54
2020-12-06,TX-400,456,Supplier A,24,0.022,3646,CA,5.57,0.37
2021-07-04,TX-500,341,Supplier C,28,0.038,139,FL,5.59,0.21
2023-08-05,TX-300,362,Supplier A,21,0.085,1450,IL,3.75,0.09
2023-07-01,TX-400,304,Supplier C,19,0.089,2094,CA,3.62,0.08
2020-12-22,TX-300,303,Supplier B,15,0.1,2553,CA,4.38,0.19
2020-01-23,TX-400,434,Supplier E,28,0.094,843,IL,2.66,0.85
2021-06-05,TX-300,308,Supplier C,16,0.067,3382,IL,2.79,0.22
2023-01-28,TX-200,319,Supplier B,7,0.043,4233,IL,1.51,0.35
2022-03-12,TX-100,83,Supplier B,10,0.006,2464,IL,1.85,0.57
2023-04-18,TX-100,375,Supplier B,24,0.061,1206,IL,2.3,0.51
2023-05-31,TX-200,374,Supplier B,4,0.021,3527,TX,4.38,0.67
2022-01-31,TX-400,287,Supplier C,20,0.085,729,IL,2.46,0.19
2021-03-17,TX-500,228,Supplier A,25,0.055,4734,IL,2.06,0.52
2022-02-07,TX-400,153,Supplier B,15,0.073,2356,FL,4.27,0.77
2022-10-12,TX-100,78,Supplier D,23,0.067,4085,TX,4.43,0.39
2023-09-10,TX-500,276,Supplier B,7,0.035,591,CA,1.77,0.97
2021-05-30,TX-300,281,Supplier A,20,0.076,4779,TX,4.98,0.58
2022-11-05,TX-500,353,Supplier A,15,0.084,4253,NY,4.23,0.67
2022-03-02,TX-400,399,Supplier E,3,0.074,1582,IL,3.29,0.46
2020-12-01,TX-200,384,Supplier E,5,0.078,2049,CA,5.92,0.86
2020-09-14,TX-300,166,Supplier B,25,0.036,2543,NY,1.55,0.45
2021-05-11,TX-400,256,Supplier B,20,0.094,3233,CA,3.95,0.94
2022-06-14,TX-300,449,Supplier E,7,0.042,3617,TX,2.22,0.31
2020-06-08,TX-500,234,Supplier B,8,0.09,2234,NY,2.98,0.87
2022-05-01,TX-100,187,Supplier D,12,0.086,1961,IL,2.1,0.64
2021-11-20,TX-400,452,Supplier C,16,0.012,710,IL,4.51,0.8
2021-01-14,TX-200,372,Supplier E,8,0.097,1247,NY,3.31,0.04
2022-08-14,TX-500,213,Supplier E,12,0.1,4841,TX,5.94,0.28
2021-11-21,TX-400,437,Supplier A,8,0.061,2430,NY,4.44,0.85
2023-12-21,TX-200,124,Supplier B,5,0.078,2661,TX,5.63,0.32
2023-07-15,TX-400,282,Supplier E,26,0.093,928,CA,2.58,0.71
2023-12-11,TX-500,466,Supplier E,9,0.002,1795,TX,2.93,0.99
2023-04-06,TX-400,333,Supplier D,4,0.093,2304,NY,3.13,0.18
2022-12-02,TX-300,426,Supplier B,6,0.063,2373,NY,5.27,0.42
2020-10-11,TX-500,304,Supplier C,10,0.083,2980,CA,2.45,0.17
2021-01-31,TX-400,58,Supplier D,23,0.054,3565,NY,5.76,0.15
2020-01-12,TX-100,252,Supplier C,8,0.053,365,FL,1.7,0.63
2023-08-18,TX-400,439,Supplier A,24,0.09,1389,NY,5.5,0.19
2023-06-30,TX-300,428,Supplier E,9,0.051,3720,FL,3.53,0.48
2021-05-13,TX-200,354,Supplier D,10,0.047,3491,NY,3.87,0.98
2022-01-23,TX-200,140,Supplier C,2,0.061,572,NY,5.99,0.33
2020-02-04,TX-200,430,Supplier B,28,0.052,2675,CA,5.42,0.87
2021-12-27,TX-100,381,Supplier A,7,0.045,1996,FL,5.57,0.4
2022-04-28,TX-300,199,Supplier A,16,0.018,3254,CA,4.13,0.26
2020-03-30,TX-500,409,Supplier E,6,0.04,989,FL,5.8,0.34
2022-02-14,TX-200,225,Supplier E,11,0.028,3599,FL,4.6,0.13
2021-08-27,TX-300,454,Supplier C,15,0.04,1711,IL,5.19,0.68
2022-08-27,TX-400,82,Supplier C,14,0.059,4576,FL,4.74,0.51
2022-10-18,TX-100,233,Supplier A,20,0.061,285,CA,5.01,0.61
2021-02-21,TX-300,206,Supplier C,28,0.024,4105,CA,4.37,0.3
2020-04-24,TX-300,102,Supplier E,12,0.008,3433,TX,4.77,0.65
2021-09-08,TX-500,345,Supplier A,17,0.074,2326,NY,3.46,0.16
2023-05-04,TX-300,251,Supplier A,17,0.053,3313,IL,4.68,0.65
2022-04-05,TX-500,323,Supplier B,23,0.044,4115,NY,2.75,0.08
2023-01-03,TX-100,224,Supplier B,4,0.013,1391,CA,4.36,0.4
2021-02-16,TX-100,293,Supplier C,13,0.041,2773,IL,3.86,0.61
2023-10-31,TX-400,318,Supplier C,27,0.082,2617,FL,5.54,0.86
2023-12-14,TX-500,460,Supplier E,10,0.058,3863,CA,4.53,0.81
2021-12-29,TX-500,495,Supplier E,2,0.009,3148,CA,4.18,0.53
2023-07-24,TX-200,123,Supplier B,16,0.033,2254,CA,2.91,0.88
2022-10-17,TX-200,145,Supplier A,26,0.098,3202,CA,5.38,0.51
2022-01-30,TX-400,410,Supplier D,22,0.054,3718,IL,1.74,0.52
2021-11-06,TX-100,222,Supplier D,26,0.029,3943,NY,5.55,0.72
2023-11-18,TX-200,436,Supplier C,11,0.091,620,NY,4.44,0.88
2021-04-01,TX-300,455,Supplier D,2,0.034,1744,FL,2.35,0.6
2022-07-08,TX-100,204,Supplier D,22,0.073,754,CA,5.56,0.94
2020-07-10,TX-300,232,Supplier B,27,0.015,141,CA,2.97,0.23
2022-01-08,TX-500,372,Supplier A,1,0.016,3011,NY,2.26,0.92
2023-01-27,TX-100,338,Supplier E,3,0.056,3884,FL,2.94,0.22
2022-09-04,TX-400,307,Supplier B,17,0.024,4051,TX,5.82,0.53
2022-10-05,TX-500,124,Supplier E,19,0.005,1923,IL,4.89,0.8
2020-04-05,TX-500,223,Supplier B,20,0.093,2408,NY,5.63,0.8
2021-10-24,TX-300,379,Supplier B,13,0.006,1613,IL,2.84,0.28
2023-04-28,TX-500,280,Supplier D,7,0.072,4866,NY,1.87,0.99
2020-02-06,TX-200,296,Supplier E,1,0.033,3836,FL,4.03,0.08
2023-10-24,TX-100,210,Supplier B,25,0.093,1380,CA,3.67,0.03
2020-10-05,TX-200,235,Supplier D,18,0.099,3238,TX,4.74,0.84
2020-08-04,TX-300,440,Supplier C,9,0.034,319,IL,3.94,0.82
2022-05-16,TX-300,192,Supplier E,27,0.059,3494,TX,3.28,0.71
2022-05-22,TX-100,331,Supplier B,28,0.077,4109,CA,1.52,0.85
2023-07-20,TX-500,444,Supplier C,4,0.012,3907,NY,3.6,0.14
2020-03-02,TX-400,177,Supplier D,10,0.071,2132,FL,2.04,0.1
2021-08-18,TX-300,215,Supplier B,27,0.091,1729,CA,5.65,0.97
2021-12-29,TX-100,76,Supplier D,27,0.018,3349,TX,5.65,0.62
2023-09-27,TX-400,295,Supplier D,8,0.084,560,TX,5.12,0.92
2021-01-31,TX-500,184,Supplier D,15,0.012,389,TX,2.21,0.91
2021-11-29,TX-300,434,Supplier E,25,0.057,1235,NY,2.16,0.65
2022-11-08,TX-100,251,Supplier C,26,0.034,2613,TX,4.03,0.63
2020-06-25,TX-100,70,Supplier C,4,0.047,323,NY,4.77,0.36
2021-01-30,TX-100,128,Supplier A,14,0.03,2545,TX,5.57,0.15
2021-03-20,TX-300,207,Supplier B,13,0.026,553,IL,5.52,0.69
2023-06-10,TX-400,143,Supplier D,8,0.074,4558,IL,2.2,0.82
2020-03-16,TX-100,57,Supplier B,19,0.022,2146,CA,5.98,0.54
2020-09-21,TX-500,388,Supplier C,25,0.041,2822,CA,2.21,0.05
2021-03-30,TX-100,308,Supplier C,4,0.027,4198,FL,5.28,0.14
2021-12-18,TX-400,104,Supplier D,14,0.024,4788,TX,4.14,0.1
2022-01-04,TX-300,448,Supplier E,8,0.063,3975,TX,4.55,0.66
2023-11-08,TX-100,85,Supplier D,3,0.005,790,NY,4.22,0.56
2022-04-30,TX-100,55,Supplier D,20,0.079,948,CA,5.41,0.47
2023-10-22,TX-500,426,Supplier A,20,0.055,3486,IL,4.37,0.54
2020-05-23,TX-500,91,Supplier E,3,0.083,4801,NY,5.32,0.28
2022-06-03,TX-100,99,Supplier B,19,0.021,4924,IL,2.19,0.8
2022-12-28,TX-100,161,Supplier E,26,0.071,2568,NY,5.4,0.33
2023-01-27,TX-500,195,Supplier D,20,0.042,1528,CA,5.97,0.64
2021-01-30,TX-400,279,Supplier D,27,0.008,2415,TX,4.48,0.39
2022-11-14,TX-200,260,Supplier D,21,0.075,4025,TX,5.89,0.07
2022-08-05,TX-200,355,Supplier D,6,0.076,2715,CA,2.49,0.26
2022-06-09,TX-100,79,Supplier D,14,0.027,838,IL,5.23,0.97
2023-03-20,TX-500,344,Supplier E,21,0.092,4851,FL,2.26,0.19
2023-03-13,TX-300,165,Supplier D,16,0.076,2318,FL,3.82,0.1
2021-07-22,TX-300,445,Supplier C,17,0.031,2452,CA,4.49,0.29
2022-11-28,TX-200,275,Supplier C,6,0.024,3339,NY,4.47,0.88
2020-04-18,TX-400,108,Supplier A,29,0.044,974,TX,4.52,0.31
2022-12-01,TX-200,125,Supplier B,18,0.029,434,IL,2.94,0.42
2023-04-24,TX-100,477,Supplier C,27,0.022,1278,FL,5.88,0.31
2022-07-23,TX-400,265,Supplier A,9,0.04,729,TX,1.53,0.99
2021-02-01,TX-300,181,Supplier E,26,0.003,180,CA,4.29,1.0
2023-05-31,TX-500,469,Supplier B,12,0.04,1009,TX,5.4,0.48
2021-09-25,TX-500,353,Supplier D,1,0.022,549,FL,5.51,0.78
2023-03-02,TX-100,447,Supplier D,21,0.026,3170,IL,4.74,0.22
2023-04-01,TX-200,130,Supplier E,26,0.008,3070,NY,4.09,0.37
2023-05-23,TX-100,354,Supplier B,19,0.059,4178,NY,3.56,0.68
2022-01-02,TX-500,116,Supplier C,27,0.047,2079,TX,3.52,0.29
2020-08-22,TX-300,279,Supplier B,10,0.075,4875,NY,3.41,0.22
2021-10-19,TX-500,382,Supplier A,4,0.099,3495,FL,4.65,0.92
2022-01-20,TX-400,442,Supplier E,5,0.012,829,IL,4.79,0.24
2021-08-10,TX-500,326,Supplier C,2,0.027,3399,NY,3.82,0.06
2022-10-29,TX-500,410,Supplier B,0,0.068,3111,NY,4.83,0.75
2023-01-02,TX-400,121,Supplier B,2,0.024,3120,CA,3.88,0.24
2022-08-11,TX-200,258,Supplier C,2,0.003,1113,NY,1.94,0.45
2021-05-06,TX-500,321,Supplier A,21,0.011,4875,NY,5.33,0.11
2022-07-01,TX-100,193,Supplier A,3,0.043,1420,FL,5.42,0.07
2023-06-30,TX-500,300,Supplier B,6,0.043,3364,NY,2.7,0.46
2023-06-07,TX-100,333,Supplier D,28,0.097,4708,CA,5.04,0.34
2023-04-12,TX-400,228,Supplier C,14,0.047,4782,CA,3.8,0.51
2023-04-06,TX-500,489,Supplier A,10,0.068,3008,CA,2.06,0.97
2020-06-18,TX-400,129,Supplier A,17,0.049,3143,NY,3.29,0.41
2023-11-17,TX-400,106,Supplier A,11,0.027,2290,TX,1.84,0.6
2022-08-03,TX-200,415,Supplier E,3,0.011,2341,TX,5.04,0.1
2022-03-05,TX-500,357,Supplier D,23,0.086,2669,FL,2.38,0.89
2021-09-25,TX-100,223,Supplier A,10,0.015,3604,TX,2.24,0.81
2023-05-02,TX-100,287,Supplier D,5,0.01,1402,FL,2.44,0.52
2020-01-29,TX-500,215,Supplier B,25,0.021,889,FL,2.52,0.18
2023-04-03,TX-200,133,Supplier B,18,0.0,3399,CA,4.53,0.43
2023-12-16,TX-200,97,Supplier E,25,0.007,2064,IL,4.37,0.3
2020-12-04,TX-200,176,Supplier D,27,0.064,516,FL,2.08,0.99
2023-10-20,TX-100,218,Supplier C,17,0.024,3372,NY,4.76,0.49
2023-09-27,TX-400,403,Supplier E,14,0.034,1444,CA,3.07,0.42
2021-05-14,TX-200,423,Supplier A,2,0.084,2837,NY,3.56,0.17
2021-05-25,TX-100,492,Supplier B,16,0.077,2515,NY,2.06,0.24
2023-09-12,TX-100,398,Supplier B,0,0.049,2745,TX,4.69,0.71
2020-08-04,TX-400,116,Supplier C,1,0.061,2707,NY,3.19,0.53
2023-08-17,TX-500,379,Supplier E,29,0.009,904,FL,4.34,0.36
2023-03-01,TX-500,389,Supplier D,18,0.076,2865,NY,3.42,0.3
2022-12-29,TX-200,243,Supplier B,28,0.052,2052,NY,1.72,0.2
2023-06-29,TX-200,204,Supplier A,8,0.057,3497,TX,4.67,0.03
2023-12-09,TX-400,209,Supplier C,7,0.067,2063,NY,3.99,0.98
2021-03-20,TX-200,233,Supplier C,11,0.05,4505,FL,3.45,0.75
2022-05-25,TX-400,315,Supplier C,26,0.052,4898,FL,2.41,0.93
2023-04-20,TX-100,217,Supplier A,26,0.05,2675,NY,4.31,0.41
2020-06-15,TX-200,194,Supplier C,14,0.05,3474,FL,2.74,0.87
2020-03-31,TX-100,235,Supplier D,24,0.075,4892,FL,3.43,0.26
2021-12-14,TX-300,423,Supplier D,22,0.043,3813,TX,1.75,0.51
2020-02-08,TX-400,402,Supplier E,6,0.0,3848,CA,5.0,0.2
2023-02-23,TX-300,311,Supplier E,20,0.061,704,CA,1.91,0.77
2020-06-21,TX-200,472,Supplier D,15,0.095,3450,IL,5.51,0.5
2021-10-14,TX-100,323,Supplier A,6,0.026,3896,CA,5.4,0.54
2022-01-23,TX-200,377,Supplier E,19,0.082,2800,NY,5.87,0.86
2023-05-28,TX-300,394,Supplier C,20,0.046,1750,FL,5.59,0.74
2022-12-17,TX-200,272,Supplier D,11,0.064,4516,CA,5.87,0.97
2021-04-20,TX-500,91,Supplier B,16,0.089,3648,TX,5.49,0.41
2021-03-31,TX-300,53,Supplier A,10,0.077,403,IL,2.01,0.46
2022-04-08,TX-200,325,Supplier A,3,0.088,618,NY,3.47,0.62
2022-06-13,TX-100,333,Supplier D,18,0.001,4130,CA,1.84,0.45
2023-10-16,TX-200,473,Supplier B,1,0.019,1040,FL,3.95,0.42
2022-10-21,TX-100,242,Supplier A,1,0.042,2978,TX,3.88,0.34
2021-01-21,TX-500,153,Supplier E,23,0.085,179,CA,5.65,0.83
2020-12-13,TX-200,296,Supplier B,16,0.084,202,FL,5.86,0.53
2020-07-08,TX-500,349,Supplier C,23,0.019,828,CA,2.67,0.61
2021-05-19,TX-300,72,Supplier E,8,0.014,4337,NY,4.12,0.2
2023-04-29,TX-100,490,Supplier B,21,0.083,2550,IL,3.59,0.25
2023-10-24,TX-300,352,Supplier D,0,0.054,1055,FL,3.96,0.34
2023-12-03,TX-100,62,Supplier A,9,0.063,3760,IL,3.89,0.47
2022-04-03,TX-500,193,Supplier E,27,0.081,4965,IL,5.61,0.04
2022-07-17,TX-400,267,Supplier D,22,0.021,839,TX,5.53,0.89
2022-07-22,TX-200,232,Supplier B,14,0.014,4357,FL,2.05,0.9
2023-02-14,TX-500,400,Supplier C,20,0.086,693,TX,3.05,0.66
2020-05-13,TX-100,291,Supplier A,14,0.011,3649,IL,4.89,0.32
2020-02-27,TX-100,242,Supplier A,24,0.009,662,NY,4.58,0.39
2021-11-15,TX-100,321,Supplier E,22,0.028,1799,NY,4.34,0.73
2021-11-02,TX-100,424,Supplier D,20,0.032,824,CA,5.97,0.29
2020-06-21,TX-200,214,Supplier B,28,0.024,1533,CA,3.02,0.61
2022-03-25,TX-300,229,Supplier B,1,0.074,1442,FL,3.82,0.91
2023-03-18,TX-400,166,Supplier D,13,0.097,1995,NY,5.91,0.41
2020-03-20,TX-200,315,Supplier A,3,0.02,4583,IL,4.63,0.59
2022-06-04,TX-100,427,Supplier D,17,0.078,4200,NY,4.42,0.93
2023-05-21,TX-200,87,Supplier B,8,0.004,2382,FL,2.2,0.34
2020-07-21,TX-500,93,Supplier D,1,0.012,474,CA,2.61,0.76
2022-02-02,TX-100,400,Supplier A,1,0.052,2422,CA,3.2,0.76
2023-06-06,TX-400,123,Supplier E,17,0.1,1494,TX,3.59,0.93
2023-06-04,TX-100,487,Supplier A,16,0.095,3973,CA,3.74,0.86
2023-11-26,TX-400,418,Supplier C,8,0.011,1655,IL,5.56,0.75
2020-02-16,TX-400,275,Supplier C,7,0.024,1023,FL,1.98,0.64
2023-06-10,TX-300,356,Supplier D,1,0.095,940,CA,2.62,0.24
2023-08-21,TX-300,357,Supplier A,1,0.015,1830,CA,2.15,0.67
2023-03-12,TX-200,397,Supplier A,4,0.074,4172,IL,4.81,0.28
2023-12-09,TX-200,364,Supplier B,11,0.0,4823,CA,5.87,0.44
2023-10-28,TX-400,62,Supplier E,28,0.063,2151,IL,5.52,0.71
2023-07-06,TX-100,474,Supplier A,29,0.049,4010,CA,4.75,0.67
2021-10-17,TX-500,61,Supplier D,27,0.047,1647,IL,1.6,0.4
2021-04-15,TX-500,99,Supplier B,15,0.083,4078,CA,3.06,0.18
2022-08-28,TX-100,362,Supplier B,13,0.008,2553,FL,5.39,0.48
2022-11-01,TX-100,483,Supplier D,19,0.038,1536,TX,4.44,0.27
2023-09-15,TX-300,298,Supplier D,1,0.045,3360,TX,2.44,0.26
2022-01-05,TX-500,168,Supplier A,23,0.012,2464,NY,3.6,0.33
2022-02-22,TX-400,106,Supplier A,7,0.009,4714,TX,1.9,0.71
2022-08-25,TX-200,231,Supplier B,28,0.018,1023,IL,3.84,0.5
2020-12-23,TX-300,499,Supplier B,3,0.024,1550,IL,5.55,0.37
2022-08-29,TX-500,313,Supplier E,29,0.097,1645,TX,1.67,0.9
2023-12-02,TX-100,155,Supplier B,19,0.048,4886,IL,4.26,0.71
2021-10-29,TX-500,240,Supplier D,8,0.051,3913,FL,2.55,0.49
2021-01-07,TX-400,186,Supplier D,19,0.071,3004,IL,5.96,0.42
2022-10-28,TX-300,237,Supplier E,25,0.068,2358,FL,1.79,0.82
2023-02-19,TX-100,169,Supplier C,26,0.05,3964,FL,4.28,0.17
2023-10-03,TX-400,291,Supplier C,24,0.034,4642,FL,2.65,0.66
2021-11-06,TX-200,368,Supplier D,18,0.033,169,CA,5.47,0.02
2020-03-30,TX-300,121,Supplier C,1,0.006,1424,NY,2.05,0.01
2021-11-28,TX-400,292,Supplier C,15,0.09,3239,IL,3.43,0.93
2023-09-01,TX-400,180,Supplier E,10,0.077,2429,CA,2.33,0.51
2023-04-16,TX-100,318,Supplier B,7,0.062,467,NY,5.1,0.32
2021-06-23,TX-200,442,Supplier B,11,0.04,1983,CA,3.08,0.79
2022-01-01,TX-400,101,Supplier C,2,0.058,2188,IL,2.34,0.98
2022-05-18,TX-300,111,Supplier A,12,0.049,784,FL,4.77,0.03
2020-02-10,TX-400,168,Supplier E,1,0.027,1873,CA,5.18,0.04
2022-01-09,TX-500,414,Supplier C,12,0.03,3813,NY,3.58,0.85
2021-05-16,TX-300,313,Supplier A,26,0.087,2664,NY,3.2,0.56
2022-08-16,TX-300,288,Supplier A,7,0.063,4041,NY,4.34,0.88
2023-03-14,TX-400,400,Supplier E,14,0.0,3301,CA,4.43,0.69
2023-05-09,TX-100,430,Supplier B,23,0.033,2020,NY,4.47,0.47
2022-07-17,TX-300,304,Supplier D,20,0.034,787,TX,2.74,0.16
2021-04-05,TX-500,222,Supplier A,8,0.071,3193,NY,5.74,0.39
2022-01-01,TX-100,358,Supplier D,10,0.07,2188,NY,2.46,0.79
2022-01-21,TX-100,286,Supplier D,21,0.046,252,CA,3.18,0.23
2022-07-13,TX-100,368,Supplier E,20,0.095,4753,IL,2.78,0.71
2022-06-27,TX-300,144,Supplier B,27,0.087,4128,CA,5.69,0.25
2023-06-30,TX-100,386,Supplier E,2,0.087,1170,CA,5.23,0.46
2021-01-24,TX-400,106,Supplier A,6,0.035,3890,TX,5.15,0.09
2022-06-01,TX-100,487,Supplier B,13,0.043,4198,IL,1.52,0.45
2020-09-12,TX-500,452,Supplier C,14,0.042,4971,CA,4.59,0.61
2021-12-09,TX-200,116,Supplier B,8,0.044,1159,TX,2.54,0.56
2021-03-25,TX-500,95,Supplier E,19,0.089,2958,CA,5.85,0.41
2020-01-10,TX-300,143,Supplier E,10,0.025,4191,TX,3.89,0.37
2022-04-03,TX-100,187,Supplier D,6,0.08,4438,FL,4.04,0.28
2022-03-08,TX-100,418,Supplier C,11,0.051,3921,NY,3.1,0.77
2023-06-19,TX-400,142,Supplier B,18,0.025,1541,NY,3.92,0.78
2023-06-28,TX-100,281,Supplier C,26,0.053,2366,CA,4.87,0.48
2022-05-26,TX-500,451,Supplier D,17,0.02,2348,TX,4.03,0.38
2022-10-25,TX-300,445,Supplier C,12,0.011,4589,FL,4.39,0.64
2023-02-16,TX-200,98,Supplier C,10,0.084,700,NY,3.63,0.56
2022-10-12,TX-100,72,Supplier B,0,0.07,935,CA,4.72,0.67
2021-01-08,TX-200,111,Supplier C,5,0.02,499,CA,5.55,0.31
2022-12-24,TX-100,316,Supplier D,20,0.094,2428,TX,1.73,0.79
2020-05-25,TX-300,378,Supplier A,1,0.002,1107,IL,1.98,0.32
2020-08-11,TX-500,167,Supplier A,12,0.033,866,CA,4.59,0.42
2023-06-16,TX-300,489,Supplier E,12,0.002,532,FL,3.2,0.13
2020-06-25,TX-200,137,Supplier A,18,0.014,499,FL,2.77,0.86
2022-05-02,TX-100,138,Supplier B,8,0.018,428,IL,2.3,0.64
2023-07-29,TX-200,104,Supplier E,18,0.081,4830,FL,4.08,0.24
2020-03-03,TX-500,202,Supplier A,22,0.099,1871,TX,3.06,0.85
2023-05-25,TX-300,288,Supplier A,0,0.087,1712,CA,3.79,0.7
2022-04-06,TX-200,314,Supplier E,22,0.064,4273,TX,5.81,0.44
2022-03-05,TX-200,317,Supplier B,24,0.072,4527,IL,4.91,0.99
2021-11-19,TX-500,444,Supplier E,27,0.052,4345,IL,5.08,0.34
2020-04-14,TX-100,162,Supplier B,26,0.042,2104,TX,2.06,0.1
2023-01-27,TX-200,215,Supplier B,7,0.069,3110,NY,2.96,0.73
2021-05-25,TX-500,205,Supplier D,22,0.097,4345,IL,1.98,0.76
2021-01-19,TX-100,57,Supplier A,25,0.003,1708,CA,5.86,0.06
2021-02-08,TX-100,251,Supplier A,13,0.031,3218,IL,4.57,0.82
2022-04-02,TX-300,266,Supplier C,23,0.033,461,TX,1.59,0.78
2021-06-01,TX-500,480,Supplier E,15,0.041,1816,TX,3.64,0.93
2021-04-20,TX-100,341,Supplier D,28,0.063,2521,FL,2.69,0.12
2021-12-09,TX-300,430,Supplier A,3,0.051,4290,NY,3.93,0.6
2022-02-09,TX-400,99,Supplier C,17,0.002,3561,TX,2.3,0.22
2022-11-12,TX-500,156,Supplier D,13,0.041,4081,FL,1.76,0.4
2022-09-23,TX-400,58,Supplier B,29,0.062,2229,FL,2.95,0.27
2021-11-07,TX-100,282,Supplier A,26,0.05,4828,CA,2.83,0.45
2021-12-14,TX-500,237,Supplier E,8,0.087,2560,FL,4.73,0.11
2020-03-23,TX-300,372,Supplier D,14,0.04,2150,NY,3.64,0.3
2023-03-14,TX-100,358,Supplier C,2,0.001,4208,CA,2.81,0.07
2023-01-13,TX-500,387,Supplier E,29,0.028,4359,TX,4.07,0.49
2023-01-06,TX-500,159,Supplier B,26,0.014,4812,TX,1.82,0.3
2021-04-01,TX-400,194,Supplier E,3,0.025,1468,FL,4.48,0.59
2020-01-01,TX-100,277,Supplier C,22,0.036,4361,IL,2.16,0.46
2020-02-20,TX-300,358,Supplier B,17,0.068,3246,NY,2.76,0.24
2021-11-15,TX-300,461,Supplier C,13,0.032,760,NY,2.77,0.1
2021-12-17,TX-100,163,Supplier A,14,0.088,4662,FL,3.6,0.75
2021-03-24,TX-100,112,Supplier C,7,0.03,615,NY,5.79,0.63
2022-05-30,TX-200,448,Supplier E,27,0.014,819,CA,2.96,0.03
2021-05-02,TX-400,324,Supplier A,9,0.017,271,FL,2.77,0.99
2020-02-03,TX-100,173,Supplier A,23,0.093,1569,IL,2.26,0.64
2023-10-03,TX-100,135,Supplier D,11,0.045,1273,TX,3.26,0.21
2020-04-04,TX-200,119,Supplier E,20,0.04,4766,NY,2.32,0.84
2022-12-31,TX-200,96,Supplier E,8,0.007,1274,TX,2.12,0.88
2020-06-02,TX-500,248,Supplier B,7,0.073,3844,IL,5.36,0.57
2020-09-06,TX-300,413,Supplier C,16,0.069,4308,IL,1.74,0.89
2021-11-04,TX-400,481,Supplier C,8,0.038,2041,CA,4.7,0.03
2021-03-13,TX-500,250,Supplier E,12,0.069,4131,IL,2.41,0.95
2020-04-27,TX-100,325,Supplier C,29,0.037,1497,IL,1.55,0.06
2022-02-09,TX-200,86,Supplier E,13,0.007,4121,NY,5.08,0.64
2023-08-22,TX-300,252,Supplier A,4,0.074,797,TX,4.66,0.35
2020-09-24,TX-500,179,Supplier C,8,0.097,1874,NY,3.0,0.04
2022-12-13,TX-300,497,Supplier C,24,0.065,3311,NY,1.86,0.93
2020-08-23,TX-200,341,Supplier E,25,0.028,3573,FL,3.12,0.14
2021-01-23,TX-500,438,Supplier E,25,0.027,4163,FL,2.32,0.85
2022-09-16,TX-500,113,Supplier B,15,0.093,2854,CA,5.7,0.33
2022-02-01,TX-300,312,Supplier C,18,0.03,4551,CA,3.88,0.74
2021-02-04,TX-200,169,Supplier D,23,0.077,4434,IL,5.84,0.25
2021-09-15,TX-100,327,Supplier E,22,0.064,3153,CA,3.08,0.58
2022-02-05,TX-500,251,Supplier D,6,0.059,4708,CA,4.0,0.8
2023-08-19,TX-100,95,Supplier A,11,0.018,2780,IL,2.36,0.57
2022-07-07,TX-200,217,Supplier A,25,0.003,3703,TX,5.14,0.31
2023-05-15,TX-500,494,Supplier D,1,0.049,3444,IL,1.68,0.23
2023-06-06,TX-500,159,Supplier A,17,0.099,1529,IL,4.63,0.17
2022-05-02,TX-100,95,Supplier D,17,0.02,2261,TX,3.26,0.84
2021-07-31,TX-400,261,Supplier B,15,0.054,126,IL,4.1,0.61
2020-03-15,TX-100,77,Supplier B,28,0.067,3871,FL,4.17,0.51
2021-03-10,TX-100,136,Supplier A,10,0.048,1541,CA,4.7,0.25
2020-04-12,TX-400,340,Supplier D,1,0.051,4787,IL,2.42,0.43
2023-12-16,TX-200,434,Supplier D,13,0.066,2327,NY,3.89,0.62
2022-02-02,TX-200,206,Supplier D,3,0.081,666,CA,3.42,0.07
2022-01-07,TX-500,314,Supplier A,6,0.033,346,FL,2.77,0.36
2022-03-16,TX-300,314,Supplier D,1,0.09,1623,FL,3.73,0.24
2023-08-22,TX-300,71,Supplier E,20,0.048,2464,IL,5.78,0.65
2020-04-07,TX-500,305,Supplier D,13,0.066,4065,TX,5.77,0.61
2022-03-08,TX-300,240,Supplier E,6,0.011,3792,NY,2.75,0.3
2023-09-20,TX-100,499,Supplier B,8,0.049,1873,IL,5.48,0.04
2022-05-08,TX-100,281,Supplier E,7,0.002,3037,TX,5.45,0.18
2021-03-10,TX-400,235,Supplier B,8,0.039,3990,FL,2.62,0.16
2021-03-22,TX-400,375,Supplier A,6,0.005,1191,CA,4.2,0.57
2023-08-24,TX-500,232,Supplier B,18,0.09,846,FL,5.41,0.17
2020-09-05,TX-500,446,Supplier B,16,0.067,1674,IL,3.82,0.48
2020-06-14,TX-500,452,Supplier D,25,0.079,4540,TX,3.16,0.61
2022-09-10,TX-100,466,Supplier C,22,0.047,3701,IL,4.43,0.88
2023-09-20,TX-300,251,Supplier B,12,0.085,2199,FL,2.28,0.25
2022-10-16,TX-500,114,Supplier E,10,0.087,3616,NY,2.23,0.19
2021-06-25,TX-500,493,Supplier A,21,0.036,3905,FL,5.25,0.17
2022-01-28,TX-100,445,Supplier E,17,0.038,2952,IL,1.69,0.36
2023-02-03,TX-100,92,Supplier A,16,0.051,691,TX,5.12,0.65
2020-03-21,TX-100,270,Supplier E,27,0.004,792,IL,2.81,0.67
2020-05-12,TX-300,66,Supplier B,15,0.1,1263,CA,3.67,0.21
2022-03-07,TX-500,373,Supplier C,9,0.036,3892,CA,3.95,0.13
2022-06-18,TX-200,334,Supplier B,3,0.047,508,TX,4.95,0.45
2020-05-17,TX-200,232,Supplier D,29,0.075,2482,FL,5.48,0.14
2020-07-02,TX-500,440,Supplier E,3,0.03,504,IL,5.12,0.81
2023-11-25,TX-500,93,Supplier C,21,0.02,4842,CA,4.08,0.08
2023-09-15,TX-500,438,Supplier E,10,0.013,1583,NY,3.07,0.75
2022-02-23,TX-500,237,Supplier D,20,0.053,2222,CA,3.87,0.04
2022-09-10,TX-300,439,Supplier D,24,0.001,964,FL,1.64,0.81
2020-03-09,TX-200,312,Supplier D,7,0.071,1684,TX,2.6,0.63
2021-06-29,TX-400,223,Supplier B,8,0.046,316,NY,3.15,0.32
2020-02-22,TX-200,490,Supplier B,15,0.053,842,IL,2.94,0.41
2020-07-23,TX-200,103,Supplier C,9,0.026,4613,IL,1.93,0.67
2020-05-05,TX-100,269,Supplier D,22,0.018,3938,TX,1.73,0.19
2020-02-12,TX-500,95,Supplier B,8,0.07,3374,NY,3.39,0.89
2020-04-20,TX-500,443,Supplier A,2,0.021,4851,NY,1.84,0.48
2022-01-30,TX-500,309,Supplier A,24,0.078,963,NY,2.79,0.76
2023-04-21,TX-100,244,Supplier B,1,0.02,4082,TX,3.64,0.51
2022-04-27,TX-300,458,Supplier C,8,0.061,2955,TX,2.44,0.45
2020-04-04,TX-300,396,Supplier E,12,0.064,4146,IL,1.86,0.47
2023-10-29,TX-400,110,Supplier D,5,0.051,3784,CA,3.44,0.36
2022-06-18,TX-300,215,Supplier B,3,0.1,4491,FL,3.52,0.73
2020-12-25,TX-300,209,Supplier C,27,0.038,549,IL,5.62,0.85
2022-06-18,TX-500,200,Supplier E,13,0.088,2250,NY,2.08,0.85
2020-10-07,TX-200,160,Supplier C,27,0.017,1215,CA,4.27,0.12
2023-05-03,TX-300,86,Supplier E,28,0.034,2937,FL,2.94,0.76
2023-05-03,TX-300,52,Supplier A,10,0.015,3528,NY,2.06,0.2
2021-10-28,TX-100,62,Supplier E,1,0.06,2293,TX,3.27,0.01
2020-04-02,TX-400,211,Supplier A,28,0.064,3438,CA,3.43,0.28
2021-11-02,TX-100,393,Supplier D,25,0.045,2266,TX,3.14,0.29
2020-03-01,TX-500,498,Supplier B,2,0.072,1626,FL,4.95,0.81
2021-09-25,TX-200,381,Supplier A,4,0.087,363,FL,5.28,0.74
2022-12-10,TX-400,313,Supplier C,24,0.078,1399,NY,2.17,0.08
2023-11-27,TX-100,132,Supplier E,6,0.024,3518,TX,2.26,0.33
2022-10-25,TX-300,314,Supplier C,10,0.032,3136,IL,3.4,0.25
2021-08-26,TX-300,461,Supplier A,11,0.038,2812,IL,2.94,0.6
2021-11-12,TX-400,383,Supplier C,28,0.02,886,TX,5.19,0.54
2021-06-17,TX-300,429,Supplier E,10,0.036,4069,FL,5.99,0.68
2023-11-29,TX-100,268,Supplier B,18,0.024,2509,CA,2.31,0.91
2022-04-17,TX-100,195,Supplier C,12,0.1,3146,TX,4.93,0.42
2021-10-06,TX-300,347,Supplier D,3,0.078,335,NY,4.23,0.66
2020-08-20,TX-300,346,Supplier E,13,0.086,3434,IL,4.4,0.92
2021-06-07,TX-500,210,Supplier E,11,0.092,1174,NY,2.69,0.54
2020-12-11,TX-200,278,Supplier D,26,0.067,4546,CA,1.94,0.31
2022-12-05,TX-400,283,Supplier A,1,0.018,4612,IL,3.94,0.4
2021-06-29,TX-100,138,Supplier D,29,0.076,2990,IL,4.26,0.75
2023-01-06,TX-400,382,Supplier A,7,0.002,843,IL,5.83,0.72
2023-01-01,TX-500,359,Supplier B,21,0.011,4043,NY,4.54,0.75
2022-03-04,TX-100,264,Supplier A,18,0.003,1105,FL,3.5,0.74
2020-09-05,TX-500,469,Supplier B,12,0.014,112,NY,5.97,0.92
2020-02-16,TX-500,146,Supplier B,20,0.075,1950,FL,3.18,0.76
2023-02-18,TX-300,262,Supplier D,20,0.089,3703,TX,2.23,0.86
2020-08-01,TX-400,403,Supplier B,27,0.028,2360,IL,4.28,0.57
2020-08-26,TX-400,361,Supplier A,0,0.012,4465,NY,2.7,0.64
2022-12-15,TX-300,149,Supplier C,28,0.027,1083,CA,5.65,0.97
2020-12-15,TX-400,194,Supplier E,4,0.065,4969,CA,3.43,0.87
2020-04-16,TX-300,59,Supplier E,21,0.035,2059,FL,2.17,0.78
2022-04-10,TX-100,93,Supplier A,25,0.096,2328,FL,2.14,0.69
2020-02-17,TX-500,300,Supplier C,25,0.013,1862,IL,4.42,0.36
2020-12-02,TX-500,435,Supplier B,26,0.099,1388,FL,3.15,0.55
2022-11-15,TX-400,276,Supplier A,10,0.001,1116,CA,3.14,0.06
2022-03-14,TX-200,447,Supplier B,10,0.045,2253,NY,4.26,0.42
2023-07-04,TX-500,298,Supplier D,12,0.025,4682,NY,2.5,0.11
2020-01-08,TX-300,218,Supplier C,1,0.057,4599,FL,2.15,0.73
2021-09-16,TX-200,179,Supplier E,18,0.01,4585,FL,4.46,0.89
2023-06-30,TX-200,68,Supplier A,15,0.088,707,CA,1.52,0.17
2021-12-19,TX-500,385,Supplier E,25,0.014,4144,TX,5.58,0.25
2020-10-29,TX-500,284,Supplier B,4,0.059,4318,NY,2.32,0.86
2021-09-30,TX-500,394,Supplier B,13,0.003,2936,FL,3.52,0.59
2020-02-25,TX-300,50,Supplier D,28,0.031,4232,IL,2.45,0.59
2021-12-26,TX-200,179,Supplier B,18,0.015,809,FL,2.48,0.56
2021-06-09,TX-400,76,Supplier B,4,0.098,866,FL,5.26,0.22
2021-04-18,TX-300,51,Supplier E,20,0.001,4698,NY,4.13,0.24
2020-01-28,TX-100,299,Supplier E,23,0.035,3698,FL,2.9,0.95
2020-03-18,TX-500,271,Supplier A,25,0.03,3064,IL,2.63,0.72
2023-05-24,TX-200,484,Supplier A,8,0.066,191,IL,2.46,0.09
2023-11-10,TX-300,187,Supplier B,23,0.006,199,IL,4.0,0.22
2020-12-30,TX-100,324,Supplier C,11,0.081,3124,CA,4.79,0.63
2021-10-27,TX-300,190,Supplier A,15,0.047,785,IL,2.64,0.28
2021-06-09,TX-300,481,Supplier B,18,0.045,1850,NY,3.0,0.25
2021-11-29,TX-400,305,Supplier E,14,0.023,4048,TX,4.74,0.2
2023-08-28,TX-400,419,Supplier D,16,0.049,3769,FL,4.82,0.19
2022-06-01,TX-300,361,Supplier E,29,0.036,493,FL,2.43,0.61
2022-10-27,TX-100,489,Supplier E,14,0.025,693,FL,3.22,0.91
2022-10-23,TX-200,483,Supplier D,2,0.017,2981,IL,5.41,0.36
2022-07-07,TX-200,144,Supplier E,16,0.073,985,IL,4.83,0.12
2022-01-19,TX-500,222,Supplier A,12,0.014,3152,IL,2.23,0.12
2020-12-28,TX-500,492,Supplier E,26,0.017,604,TX,3.24,0.93
2023-07-21,TX-200,472,Supplier D,8,0.058,3850,TX,5.88,0.53
2022-03-16,TX-300,454,Supplier B,27,0.023,1877,TX,3.86,0.47
2022-01-08,TX-300,488,Supplier B,12,0.046,4537,TX,4.74,0.89
2022-11-04,TX-400,106,Supplier B,15,0.055,3597,TX,1.91,0.51
2023-04-30,TX-400,151,Supplier D,18,0.027,233,FL,5.25,0.48
2021-04-29,TX-500,218,Supplier D,13,0.034,3025,FL,4.22,0.93
2020-01-28,TX-200,119,Supplier A,7,0.021,4407,TX,2.29,0.47
2021-12-14,TX-300,387,Supplier D,21,0.046,684,FL,3.21,0.39
2022-11-28,TX-200,98,Supplier B,18,0.099,1536,TX,1.87,0.58
2023-07-20,TX-100,477,Supplier D,24,0.036,456,TX,5.0,0.98
2023-06-08,TX-200,468,Supplier C,23,0.065,3454,TX,4.85,0.96
2020-03-26,TX-100,396,Supplier E,2,0.064,1850,FL,3.71,0.78
2020-05-05,TX-400,54,Supplier A,22,0.079,1800,CA,3.53,0.5
2022-03-22,TX-400,251,Supplier B,20,0.071,1809,CA,3.59,0.88
2021-06-20,TX-500,251,Supplier B,17,0.001,3781,CA,1.67,0.42
2020-05-24,TX-200,228,Supplier C,15,0.031,636,NY,3.16,0.64
2023-05-20,TX-200,106,Supplier A,13,0.087,2568,CA,2.08,0.18
2020-01-25,TX-100,235,Supplier E,15,0.054,250,CA,2.33,0.66
2023-11-18,TX-400,141,Supplier A,23,0.01,1855,CA,5.83,0.28
2020-03-07,TX-100,341,Supplier A,16,0.028,2650,IL,2.68,0.77
2020-08-20,TX-400,443,Supplier B,19,0.028,987,TX,3.68,0.41
2020-04-18,TX-100,483,Supplier D,10,0.087,3095,FL,5.5,0.4
2023-03-15,TX-400,276,Supplier E,12,0.055,4938,IL,3.36,0.75
2020-04-20,TX-100,470,Supplier A,10,0.061,2662,TX,3.88,0.43
2020-08-15,TX-400,161,Supplier C,27,0.037,1708,CA,2.26,0.71
2020-04-20,TX-100,197,Supplier B,28,0.006,1341,CA,2.78,0.86
2020-02-03,TX-200,318,Supplier D,3,0.008,307,IL,3.78,0.14
2021-09-14,TX-500,252,Supplier D,28,0.042,3932,FL,3.14,0.48
2023-10-24,TX-100,427,Supplier B,25,0.018,3461,IL,1.67,0.94
2022-01-17,TX-500,414,Supplier A,13,0.01,2999,IL,3.3,0.81
2021-08-17,TX-200,452,Supplier B,4,0.026,3687,TX,5.17,0.97
2021-02-28,TX-200,397,Supplier D,3,0.074,2855,NY,2.02,0.86
2021-09-04,TX-400,407,Supplier D,0,0.007,2825,FL,1.58,0.31
2021-11-22,TX-500,105,Supplier C,13,0.045,4134,FL,2.03,0.18
2023-07-29,TX-300,350,Supplier C,6,0.083,2379,IL,4.59,0.21
2023-09-05,TX-400,365,Supplier D,9,0.027,1088,IL,5.08,0.22
2020-11-10,TX-500,234,Supplier C,26,0.03,2959,CA,1.72,0.08
2022-05-26,TX-100,103,Supplier C,1,0.088,4402,IL,5.49,0.91
2023-11-01,TX-100,86,Supplier C,9,0.065,1749,TX,4.32,0.5
2023-08-05,TX-200,260,Supplier D,2,0.08,2508,CA,3.83,0.1
2021-10-23,TX-300,342,Supplier A,20,0.029,2520,NY,2.64,0.76
2020-10-03,TX-100,319,Supplier A,7,0.1,1224,TX,3.17,0.33
2021-09-15,TX-500,400,Supplier E,9,0.014,628,FL,5.76,0.07
2021-05-30,TX-500,269,Supplier C,7,0.096,1371,FL,5.6,0.19
2023-10-05,TX-100,277,Supplier A,13,0.09,1519,TX,4.31,0.66
2022-04-22,TX-500,477,Supplier E,17,0.055,4273,IL,4.11,0.79
2020-12-15,TX-500,407,Supplier B,8,0.059,1835,IL,2.45,0.25
2022-04-02,TX-200,260,Supplier C,21,0.078,4236,IL,5.79,0.58
2023-03-06,TX-300,347,Supplier A,8,0.031,4485,FL,4.9,0.0
2022-01-28,TX-200,50,Supplier A,29,0.053,1248,TX,3.22,0.28
2022-06-17,TX-300,72,Supplier A,3,0.09,1623,IL,5.17,0.18
2020-08-30,TX-500,497,Supplier E,2,0.007,2861,CA,2.45,0.08
2021-06-26,TX-300,333,Supplier B,13,0.091,810,FL,2.46,0.48
2022-11-29,TX-500,437,Supplier C,13,0.073,1060,TX,5.06,0.63
2020-08-16,TX-500,474,Supplier A,20,0.077,3809,TX,4.02,0.05
2021-07-01,TX-200,237,Supplier D,15,0.006,104,TX,4.0,0.14
2022-07-08,TX-200,67,Supplier C,4,0.019,217,TX,4.08,0.93
2023-05-31,TX-400,496,Supplier D,19,0.093,2891,NY,2.07,0.22
2020-01-06,TX-100,494,Supplier E,28,0.012,4856,CA,3.07,0.76
2023-09-07,TX-400,98,Supplier A,22,0.063,1666,NY,4.08,0.75
2021-04-12,TX-400,96,Supplier C,23,0.078,4862,IL,2.61,0.32
2020-03-15,TX-300,164,Supplier C,14,0.023,3472,NY,3.77,0.2
2020-01-04,TX-500,88,Supplier A,20,0.07,3429,NY,4.01,0.24
2021-10-07,TX-500,266,Supplier B,8,0.007,2808,FL,5.74,0.57
2020-04-27,TX-500,259,Supplier E,6,0.05,1285,TX,2.61,0.38
2022-05-30,TX-100,311,Supplier A,12,0.033,3446,NY,3.48,0.5
2021-05-18,TX-300,260,Supplier C,28,0.065,4612,TX,5.92,0.81
2022-08-04,TX-300,102,Supplier B,22,0.089,1247,CA,2.34,0.5
2021-07-27,TX-500,330,Supplier C,7,0.013,3166,NY,5.01,1.0
2020-07-12,TX-400,404,Supplier D,11,0.045,715,FL,2.3,0.67
2022-04-26,TX-100,370,Supplier C,3,0.042,3220,FL,5.33,0.21
2021-12-15,TX-400,182,Supplier E,15,0.032,1126,IL,3.7,0.5
2023-11-16,TX-200,498,Supplier A,25,0.048,3170,NY,5.87,0.81
2022-11-15,TX-300,313,Supplier C,28,0.088,861,CA,2.27,0.22
2023-12-29,TX-300,344,Supplier D,28,0.097,2730,TX,4.6,0.73
2020-06-21,TX-400,160,Supplier D,5,0.0,4466,NY,4.63,0.03
2023-08-16,TX-100,92,Supplier A,4,0.074,2105,IL,4.73,0.94
2020-11-21,TX-300,387,Supplier D,0,0.062,4922,FL,1.95,0.66
2023-12-04,TX-400,287,Supplier A,13,0.099,533,NY,2.8,0.16
2023-02-15,TX-100,428,Supplier E,28,0.009,4717,IL,3.02,0.87
2022-04-15,TX-400,438,Supplier A,8,0.081,3016,CA,2.96,0.08
2021-12-24,TX-100,296,Supplier B,17,0.093,4062,TX,4.54,0.41
2020-08-12,TX-500,53,Supplier D,5,0.091,2637,CA,1.75,0.74
2021-06-15,TX-100,413,Supplier D,14,0.056,1322,CA,4.79,0.94
2020-04-22,TX-200,398,Supplier C,15,0.033,4631,TX,3.87,0.35
2020-05-19,TX-500,434,Supplier B,7,0.064,2364,NY,2.28,0.83
2021-07-12,TX-400,399,Supplier C,18,0.031,1633,TX,2.52,0.2
2020-01-01,TX-500,361,Supplier A,4,0.041,4893,IL,1.94,0.04
2020-03-30,TX-500,222,Supplier E,13,0.045,891,CA,3.57,0.03
2021-10-15,TX-400,242,Supplier D,6,0.03,3256,TX,4.18,0.66
2020-11-15,TX-400,52,Supplier E,3,0.034,1152,FL,4.11,0.15
2020-05-18,TX-200,327,Supplier A,29,0.001,2184,TX,5.83,0.05
2022-04-24,TX-400,105,Supplier A,27,0.03,2654,TX,2.83,0.98
2020-09-15,TX-300,323,Supplier B,20,0.047,3703,IL,4.93,0.24
2022-06-20,TX-300,458,Supplier C,0,0.017,1781,CA,4.75,0.46
2021-11-20,TX-200,225,Supplier D,3,0.081,2407,IL,1.78,0.61
2020-01-10,TX-100,165,Supplier D,29,0.054,3822,IL,5.69,0.14
2020-09-17,TX-100,133,Supplier E,13,0.079,3426,FL,5.69,0.36
2020-06-20,TX-300,208,Supplier B,22,0.013,2136,IL,3.28,0.65
2022-06-16,TX-400,335,Supplier A,15,0.082,3257,IL,3.38,0.64
2020-01-13,TX-200,129,Supplier B,27,0.096,3825,FL,5.19,0.84
2023-04-06,TX-100,115,Supplier D,25,0.035,2781,NY,3.73,0.44
2020-11-16,TX-100,258,Supplier C,6,0.028,2064,IL,5.1,0.89
2023-09-04,TX-500,59,Supplier E,9,0.065,2559,TX,1.66,0.68
2020-11-24,TX-300,248,Supplier A,9,0.064,521,IL,2.63,0.56
2022-02-23,TX-400,108,Supplier A,3,0.011,1058,CA,1.91,0.12
2022-02-15,TX-200,283,Supplier A,11,0.093,2146,TX,3.54,0.57
2022-06-29,TX-100,356,Supplier C,5,0.048,694,TX,5.34,0.59
2023-12-13,TX-500,293,Supplier D,12,0.076,2317,NY,4.06,0.76
2023-01-23,TX-300,428,Supplier D,20,0.036,1448,CA,3.84,0.72
2020-11-13,TX-300,442,Supplier B,0,0.026,2929,CA,3.15,0.53
2020-08-23,TX-200,103,Supplier B,7,0.011,327,CA,1.79,0.59
2020-11-29,TX-100,495,Supplier D,27,0.027,104,IL,4.95,0.77
2021-01-10,TX-200,386,Supplier A,22,0.099,251,IL,4.07,0.35
2023-03-06,TX-200,442,Supplier C,15,0.066,2368,TX,5.69,0.13
2021-08-10,TX-500,58,Supplier D,4,0.08,4352,NY,3.44,0.87
2021-05-27,TX-300,150,Supplier C,28,0.096,3429,IL,3.31,0.97
2023-08-12,TX-400,457,Supplier E,25,0.008,3177,IL,5.88,0.43
2023-09-05,TX-300,344,Supplier A,25,0.016,2425,NY,2.14,0.99
2022-07-06,TX-300,252,Supplier E,6,0.093,4071,CA,2.64,0.32
2023-10-04,TX-500,441,Supplier D,25,0.056,1104,TX,3.7,0.07
2022-05-22,TX-400,202,Supplier B,2,0.063,3760,IL,3.86,0.57
2023-06-06,TX-100,159,Supplier D,23,0.043,3618,NY,3.97,0.87
2020-09-26,TX-400,371,Supplier E,20,0.081,1094,NY,2.45,0.62
2022-03-08,TX-100,315,Supplier C,1,0.052,1836,CA,5.67,0.01
2023-08-07,TX-400,422,Supplier D,1,0.083,1722,FL,4.67,0.01
2021-12-25,TX-200,201,Supplier B,19,0.099,2727,FL,2.66,0.72
2023-04-03,TX-400,132,Supplier E,22,0.065,2053,FL,2.82,0.85
2020-01-05,TX-500,492,Supplier D,29,0.053,4808,FL,5.46,0.25
2022-04-30,TX-100,464,Supplier E,9,0.037,3592,IL,3.21,0.47
2023-11-03,TX-300,444,Supplier E,19,0.019,2025,NY,4.0,0.96
2020-03-18,TX-500,183,Supplier A,8,0.066,272,TX,2.04,0.46
2023-12-04,TX-100,375,Supplier C,17,0.006,1292,IL,2.63,0.14
2021-07-27,TX-100,209,Supplier A,5,0.096,1226,FL,3.37,0.91
2020-05-11,TX-300,88,Supplier E,19,0.065,327,TX,4.45,0.5
2021-08-23,TX-200,225,Supplier B,5,0.096,3743,TX,2.76,0.34
2022-12-01,TX-500,62,Supplier B,25,0.027,2086,FL,5.78,0.1
2020-03-29,TX-300,364,Supplier A,24,0.095,3828,TX,2.49,0.46
2021-02-05,TX-300,116,Supplier B,9,0.061,1334,IL,5.01,0.77
2020-10-22,TX-200,489,Supplier E,27,0.081,3866,CA,3.14,0.72
2023-08-11,TX-500,297,Supplier D,24,0.018,4716,IL,5.25,0.5
2021-09-07,TX-300,90,Supplier E,8,0.05,3815,IL,5.65,0.72
2022-03-10,TX-200,233,Supplier D,8,0.057,4621,CA,2.34,0.35
2021-02-25,TX-500,84,Supplier B,2,0.039,2221,FL,3.71,0.74
2022-11-12,TX-400,471,Supplier C,11,0.025,442,FL,2.19,0.09
2021-07-28,TX-100,386,Supplier C,10,0.09,4566,CA,4.68,0.2
2020-05-22,TX-200,339,Supplier E,13,0.009,3031,IL,5.25,0.88
2022-09-19,TX-100,125,Supplier E,24,0.015,4417,NY,3.25,0.29
2021-10-26,TX-400,119,Supplier B,18,0.032,4835,TX,3.29,0.21
2020-05-24,TX-300,283,Supplier C,9,0.092,1458,TX,2.42,0.09
2023-06-02,TX-300,60,Supplier C,18,0.056,2521,TX,2.88,0.39
2022-10-03,TX-500,417,Supplier E,4,0.037,4932,NY,2.96,0.07
2021-05-17,TX-200,332,Supplier C,21,0.04,3274,IL,2.2,0.5
2022-03-31,TX-200,353,Supplier E,8,0.084,837,FL,2.89,0.92
2020-04-13,TX-500,73,Supplier A,0,0.003,4760,CA,5.58,0.79
2022-11-28,TX-100,323,Supplier C,14,0.001,1126,TX,2.96,0.04
2020-07-16,TX-300,76,Supplier D,23,0.005,4739,NY,2.73,0.3
2021-08-01,TX-300,103,Supplier B,29,0.047,1203,CA,3.23,0.19
2021-01-25,TX-200,104,Supplier E,29,0.058,2783,IL,5.82,0.07
2023-04-17,TX-200,425,Supplier C,3,0.062,495,NY,4.94,0.11
2021-07-07,TX-500,282,Supplier C,25,0.073,3039,NY,2.41,0.91
2022-11-04,TX-400,326,Supplier E,6,0.019,4584,CA,4.89,0.31
2023-08-05,TX-100,492,Supplier D,5,0.026,3431,CA,4.95,0.39
2021-04-22,TX-400,420,Supplier C,14,0.024,1634,TX,5.78,0.49
2023-06-08,TX-400,467,Supplier A,5,0.015,144,IL,5.51,0.74
2022-07-11,TX-200,169,Supplier B,6,0.024,2079,CA,1.93,0.8
2021-02-23,TX-200,274,Supplier E,19,0.061,1964,TX,3.55,0.96
2020-06-05,TX-200,107,Supplier C,21,0.037,1907,TX,4.66,0.21
2021-07-03,TX-400,304,Supplier B,2,0.077,2374,CA,5.88,0.3
2023-01-25,TX-100,225,Supplier E,20,0.054,4544,NY,1.88,0.31
2022-10-17,TX-200,103,Supplier E,28,0.021,2260,NY,3.16,0.45
2022-09-23,TX-300,195,Supplier E,28,0.047,3201,NY,3.72,0.81
2023-12-05,TX-100,308,Supplier D,29,0.059,2423,TX,3.36,0.24
2022-08-08,TX-300,201,Supplier A,12,0.087,3533,NY,3.55,0.78
2020-10-15,TX-100,434,Supplier E,1,0.083,4921,IL,3.16,0.2
2023-07-01,TX-200,311,Supplier D,2,0.043,3607,NY,5.87,0.71
2020-07-14,TX-500,68,Supplier E,12,0.065,903,NY,5.11,0.8
2021-08-20,TX-200,391,Supplier E,8,0.03,2169,TX,4.81,0.85
2021-05-31,TX-400,420,Supplier D,21,0.063,4580,FL,3.35,0.51
2022-05-14,TX-400,220,Supplier A,18,0.091,590,IL,5.47,0.33
2023-02-15,TX-100,428,Supplier B,17,0.062,1579,TX,1.92,0.77
2022-03-16,TX-400,441,Supplier C,4,0.03,3035,IL,2.15,0.32
2023-03-28,TX-200,246,Supplier E,9,0.064,1803,IL,5.79,0.15
2022-03-25,TX-300,485,Supplier A,13,0.09,4416,NY,4.05,0.83
2020-08-15,TX-200,122,Supplier C,20,0.014,3765,IL,2.22,0.41
2020-08-03,TX-100,352,Supplier E,16,0.048,2112,NY,5.77,0.57
2022-08-05,TX-400,134,Supplier C,2,0.032,4786,IL,5.89,0.92
2020-01-15,TX-300,333,Supplier D,6,0.024,3330,FL,5.47,0.14
2023-03-26,TX-500,351,Supplier A,8,0.04,242,IL,2.57,0.56
2023-07-08,TX-300,181,Supplier A,4,0.039,1949,CA,2.75,0.56
2023-03-26,TX-300,169,Supplier B,3,0.021,4120,NY,3.33,0.86
2020-02-16,TX-200,265,Supplier B,2,0.04,144,FL,4.11,0.34
2020-11-19,TX-500,185,Supplier C,25,0.063,550,NY,5.96,0.4
2022-04-23,TX-100,165,Supplier D,12,0.003,1359,FL,5.8,0.52
2020-05-09,TX-100,110,Supplier C,8,0.099,1103,NY,5.65,0.17
2023-12-05,TX-300,66,Supplier E,29,0.03,4877,CA,1.9,0.47
2020-04-04,TX-300,83,Supplier A,22,0.062,3451,CA,4.91,0.44
2021-09-18,TX-400,69,Supplier C,27,0.028,2096,FL,5.45,0.2
2022-01-24,TX-500,257,Supplier C,6,0.039,3774,TX,3.0,0.83
2023-08-08,TX-300,211,Supplier A,29,0.055,3588,NY,2.49,0.43
2022-03-04,TX-400,348,Supplier A,28,0.061,4988,TX,4.87,0.31
2023-07-30,TX-500,59,Supplier B,7,0.077,3753,IL,1.91,0.13
2020-03-09,TX-100,143,Supplier B,9,0.079,3132,CA,5.73,0.09
2020-01-11,TX-400,463,Supplier A,0,0.052,1594,NY,2.2,0.96
2023-07-01,TX-500,420,Supplier C,26,0.008,1172,CA,3.56,1.0
2022-05-21,TX-400,458,Supplier E,19,0.056,4212,IL,5.92,0.9
2021-07-03,TX-300,432,Supplier C,28,0.048,4344,FL,5.95,0.46
2023-03-03,TX-200,490,Supplier E,28,0.022,1678,NY,4.99,0.81
2021-12-12,TX-100,415,Supplier A,20,0.001,1335,NY,5.28,0.83
2020-01-23,TX-300,496,Supplier E,20,0.032,1839,NY,5.85,0.3
2022-03-25,TX-300,156,Supplier B,0,0.026,1115,FL,5.67,0.59
2020-12-11,TX-500,154,Supplier A,18,0.048,4912,CA,4.3,0.96
2020-10-28,TX-400,120,Supplier D,1,0.076,3065,FL,4.81,0.28
2020-12-28,TX-100,480,Supplier E,11,0.044,1659,CA,4.17,0.66
2021-01-30,TX-300,133,Supplier E,22,0.095,1668,NY,3.78,0.66
2020-08-05,TX-500,258,Supplier D,12,0.022,2086,FL,5.46,0.45
2020-05-20,TX-100,308,Supplier D,13,0.022,1610,IL,4.82,0.49
2022-08-15,TX-400,288,Supplier A,4,0.06,4675,FL,5.37,0.46
2023-05-18,TX-300,351,Supplier C,2,0.09,3956,CA,1.93,0.52
2022-09-11,TX-300,281,Supplier D,26,0.067,1811,NY,4.09,0.15
2022-09-19,TX-300,469,Supplier E,23,0.067,4239,CA,2.98,0.79
2022-04-07,TX-100,331,Supplier D,16,0.081,3627,TX,3.81,0.66
2021-11-13,TX-100,443,Supplier A,0,0.067,3968,NY,4.26,0.97
2022-09-30,TX-100,467,Supplier A,13,0.076,4551,IL,5.31,0.25
2020-12-21,TX-100,255,Supplier E,5,0.087,4669,IL,1.64,0.15
2022-10-04,TX-500,313,Supplier E,16,0.001,3769,TX,2.24,0.34
2023-09-09,TX-200,360,Supplier E,3,0.089,3744,CA,5.65,0.51
2023-03-02,TX-500,396,Supplier C,5,0.022,2260,IL,5.85,0.21
2022-06-06,TX-300,443,Supplier E,0,0.091,1601,CA,1.75,0.46
2020-05-06,TX-500,234,Supplier A,28,0.027,914,NY,2.99,0.64
2023-02-03,TX-400,163,Supplier A,8,0.046,4165,FL,1.54,0.06
2022-10-05,TX-100,128,Supplier D,3,0.093,3425,NY,4.91,0.76
2021-08-26,TX-400,406,Supplier E,8,0.011,4596,CA,4.57,0.94
2023-11-02,TX-400,391,Supplier C,8,0.075,1423,TX,4.04,0.27
2022-10-10,TX-300,350,Supplier B,28,0.039,104,NY,4.61,0.78
2020-02-20,TX-100,99,Supplier D,21,0.002,3617,IL,3.92,0.42
2022-11-18,TX-400,369,Supplier C,12,0.094,1358,NY,2.57,0.66
2023-08-12,TX-300,144,Supplier E,22,0.012,2134,NY,4.89,0.74
2023-08-13,TX-100,307,Supplier C,28,0.077,299,NY,5.02,0.29
2022-02-17,TX-200,478,Supplier B,16,0.038,1805,TX,5.34,0.79
2023-12-01,TX-300,400,Supplier C,20,0.081,4041,CA,5.79,0.11
2022-03-24,TX-500,111,Supplier B,2,0.075,4031,TX,4.86,0.99
2023-11-29,TX-100,191,Supplier B,25,0.063,2168,IL,1.75,0.34
2023-10-01,TX-400,379,Supplier B,25,0.094,3858,CA,1.59,0.22
2021-02-23,TX-400,271,Supplier C,28,0.01,3245,IL,4.83,0.14
2023-04-20,TX-500,405,Supplier E,5,0.08,2943,CA,1.75,0.81
2022-09-09,TX-500,160,Supplier A,19,0.067,2296,CA,2.92,0.59
2022-04-04,TX-400,153,Supplier A,14,0.031,724,NY,2.11,0.95
2022-10-21,TX-100,64,Supplier C,28,0.055,2233,NY,5.86,0.65
2021-07-20,TX-300,319,Supplier E,13,0.064,2678,TX,2.92,0.34
2021-01-05,TX-500,208,Supplier A,12,0.074,791,CA,1.75,0.84
2022-07-24,TX-500,206,Supplier B,8,0.019,2697,IL,5.77,0.28
2021-10-22,TX-500,76,Supplier C,22,0.01,913,NY,4.24,0.29
2023-12-25,TX-200,134,Supplier C,14,0.01,1727,IL,1.66,0.03
2022-08-26,TX-100,58,Supplier D,13,0.029,4716,NY,5.25,0.25
2023-08-25,TX-100,325,Supplier D,3,0.015,3692,CA,2.19,0.26
2023-03-06,TX-100,276,Supplier D,28,0.054,2680,IL,5.11,0.3
2020-07-20,TX-100,235,Supplier E,10,0.044,4032,TX,4.21,0.37
2023-12-30,TX-100,128,Supplier C,21,0.089,395,TX,2.3,0.58
2020-11-08,TX-400,265,Supplier D,1,0.072,3351,TX,4.89,0.22
2020-04-26,TX-500,482,Supplier C,29,0.021,1254,NY,3.55,0.64
2022-07-25,TX-400,106,Supplier B,15,0.005,4080,NY,4.37,0.13
2021-07-28,TX-200,193,Supplier D,18,0.071,632,TX,5.41,0.93
2020-08-31,TX-300,405,Supplier C,15,0.085,987,IL,2.67,0.03
2021-06-20,TX-500,380,Supplier E,26,0.07,3372,NY,3.15,0.91
2020-03-15,TX-200,441,Supplier E,6,0.064,3025,TX,5.99,0.55
2021-01-20,TX-400,116,Supplier E,10,0.025,2532,NY,3.79,0.71
2023-05-18,TX-300,324,Supplier D,11,0.049,3697,FL,4.01,0.3
2021-04-19,TX-200,154,Supplier E,3,0.072,2520,IL,2.78,0.17
2021-02-21,TX-300,469,Supplier A,29,0.019,3335,CA,3.37,0.95
2020-12-12,TX-200,237,Supplier B,15,0.048,4718,IL,3.76,0.44
2021-10-01,TX-400,213,Supplier C,27,0.012,934,CA,2.66,0.48
2022-07-27,TX-300,316,Supplier A,25,0.053,1477,TX,2.57,0.99
2022-08-12,TX-200,100,Supplier D,15,0.057,3580,NY,4.2,0.34
2022-05-25,TX-400,175,Supplier C,6,0.054,4706,TX,2.33,0.1
2022-02-01,TX-500,129,Supplier C,24,0.047,311,CA,3.99,0.59
2023-04-17,TX-400,232,Supplier E,29,0.059,1026,FL,4.68,0.55
2023-04-20,TX-400,359,Supplier C,12,0.1,2772,CA,2.39,0.77
2021-10-25,TX-500,66,Supplier C,4,0.062,4132,NY,4.86,0.96
2020-01-25,TX-400,495,Supplier B,29,0.075,444,FL,3.12,0.31
2023-04-18,TX-500,219,Supplier D,0,0.019,3182,NY,5.97,0.72
2021-12-10,TX-500,329,Supplier A,4,0.053,4531,FL,5.91,0.43
2023-03-30,TX-500,450,Supplier E,21,0.001,1801,NY,5.09,0.78
2020-06-25,TX-200,353,Supplier B,13,0.003,4800,CA,3.04,0.16
2020-10-11,TX-300,389,Supplier A,10,0.032,3946,CA,5.72,0.5
2020-03-03,TX-200,263,Supplier A,1,0.047,4116,CA,5.99,0.08
2022-09-29,TX-500,247,Supplier B,23,0.058,395,CA,3.58,0.56
2021-10-23,TX-300,56,Supplier E,28,0.089,2848,FL,4.27,0.17
2021-10-27,TX-300,447,Supplier D,17,0.077,4583,IL,1.53,0.96
2020-06-04,TX-500,60,Supplier B,14,0.03,1596,IL,1.7,0.55
2022-12-08,TX-300,61,Supplier B,13,0.074,3179,TX,3.75,0.53
2022-08-24,TX-300,159,Supplier B,24,0.055,1667,IL,4.24,0.97
2022-04-28,TX-200,182,Supplier E,29,0.078,2075,TX,2.91,0.5
2023-01-12,TX-300,438,Supplier B,12,0.041,4232,CA,1.95,0.68
2023-10-16,TX-500,177,Supplier B,1,0.009,4378,NY,5.02,0.05
2021-11-19,TX-100,197,Supplier C,18,0.062,4265,IL,3.38,0.71
2020-05-27,TX-100,103,Supplier C,7,0.056,336,IL,4.42,0.1
2020-12-07,TX-100,360,Supplier C,26,0.095,563,CA,4.43,0.78
2021-04-20,TX-500,491,Supplier C,21,0.016,4386,CA,3.96,0.88
2022-12-22,TX-100,128,Supplier B,16,0.066,1029,IL,2.3,0.32
2023-10-15,TX-200,395,Supplier C,14,0.047,1986,CA,4.27,0.88
2021-07-14,TX-500,146,Supplier A,19,0.038,4011,IL,2.95,0.48
2020-11-22,TX-500,298,Supplier D,20,0.079,4512,NY,5.19,0.57
2023-03-10,TX-500,176,Supplier C,13,0.081,817,NY,2.37,0.41
2022-09-16,TX-300,79,Supplier E,26,0.071,757,TX,2.81,0.48
2020-08-02,TX-300,73,Supplier D,2,0.008,1312,IL,3.48,0.91
2021-03-10,TX-300,250,Supplier A,16,0.035,3921,NY,4.83,0.95
2022-08-09,TX-400,180,Supplier D,2,0.005,4152,NY,4.74,0.45
2021-12-23,TX-200,171,Supplier D,12,0.034,2370,FL,3.02,0.51
2023-09-03,TX-500,405,Supplier A,24,0.065,857,NY,3.8,0.12
2020-02-01,TX-500,481,Supplier C,17,0.052,3578,TX,2.55,0.33
2021-10-31,TX-300,376,Supplier A,0,0.07,1330,NY,4.97,0.51
2020-10-11,TX-500,199,Supplier E,6,0.055,3073,CA,2.39,0.2
2023-08-21,TX-500,63,Supplier A,28,0.056,2547,FL,5.19,0.58
2021-03-04,TX-100,353,Supplier B,22,0.051,3358,IL,5.72,0.69
2020-10-12,TX-500,78,Supplier B,4,0.036,2112,TX,5.96,0.65
2023-03-13,TX-400,99,Supplier D,1,0.045,3775,NY,5.36,0.44
2023-12-18,TX-300,289,Supplier C,29,0.011,182,IL,2.5,0.77
2022-11-08,TX-200,443,Supplier C,16,0.083,3862,NY,3.37,0.32
2020-01-18,TX-200,332,Supplier B,28,0.089,1500,FL,1.9,0.47
2022-02-07,TX-100,384,Supplier E,20,0.077,758,IL,2.24,0.27
2021-08-12,TX-200,401,Supplier A,9,0.058,2972,CA,1.72,0.6
2023-10-26,TX-200,205,Supplier A,3,0.057,1437,CA,4.38,0.44
2023-04-13,TX-300,186,Supplier A,8,0.047,3324,IL,3.9,0.22
2022-10-06,TX-300,376,Supplier E,20,0.023,793,CA,5.63,0.31
2020-07-12,TX-400,385,Supplier E,10,0.038,4427,TX,3.58,0.28
2021-05-16,TX-100,203,Supplier A,25,0.099,1244,FL,4.39,0.91
2022-09-14,TX-200,130,Supplier A,11,0.015,3356,TX,3.31,0.52
2023-02-10,TX-400,136,Supplier E,11,0.054,3627,IL,5.23,0.65
2020-04-23,TX-100,313,Supplier A,17,0.087,1952,TX,5.67,0.93
2023-05-30,TX-200,307,Supplier E,3,0.045,4583,FL,3.44,0.18
2022-08-04,TX-200,234,Supplier D,28,0.061,2779,FL,1.87,0.94
2022-04-10,TX-300,229,Supplier B,27,0.083,963,IL,2.24,0.54
2023-07-11,TX-500,235,Supplier B,8,0.055,1349,TX,4.74,0.86
2022-07-13,TX-100,172,Supplier E,7,0.073,1318,FL,2.96,0.17
2020-02-24,TX-200,426,Supplier A,18,0.035,1149,IL,5.03,0.27
2022-03-10,TX-100,145,Supplier B,23,0.073,3002,FL,4.87,0.19
2022-02-16,TX-400,142,Supplier C,12,0.004,4732,NY,4.62,0.65
2020-06-10,TX-400,52,Supplier A,1,0.015,4906,NY,5.16,0.14
2023-11-04,TX-500,441,Supplier E,18,0.064,1594,FL,4.9,0.79
2020-03-27,TX-200,492,Supplier C,13,0.045,2436,IL,4.35,0.25
2020-02-24,TX-300,51,Supplier E,4,0.083,467,NY,1.52,0.26
2023-04-16,TX-200,495,Supplier A,26,0.034,511,FL,3.82,0.28
2023-11-15,TX-100,420,Supplier D,27,0.077,3193,CA,4.18,0.75
2023-10-04,TX-400,354,Supplier D,29,0.014,453,TX,5.82,0.92
2022-10-28,TX-100,406,Supplier D,25,0.093,1665,FL,4.43,0.91
2022-04-12,TX-500,197,Supplier A,9,0.042,1438,NY,4.09,0.1
2020-11-08,TX-400,334,Supplier A,23,0.023,4977,FL,3.94,0.26
2022-01-28,TX-300,194,Supplier C,16,0.079,428,IL,1.96,0.67
2021-03-18,TX-400,379,Supplier A,19,0.095,1593,NY,3.42,0.62
2020-11-23,TX-200,410,Supplier A,15,0.092,2929,IL,2.1,0.35
2022-12-13,TX-200,455,Supplier C,16,0.024,1586,IL,1.74,0.86
2022-01-30,TX-400,311,Supplier C,0,0.067,3835,IL,2.98,0.13
2023-06-16,TX-500,111,Supplier E,27,0.055,837,FL,4.4,0.64
2023-06-06,TX-200,275,Supplier B,20,0.073,3988,NY,5.4,0.27
2021-08-01,TX-200,80,Supplier B,21,0.049,4943,IL,5.15,0.53
2022-12-10,TX-300,239,Supplier E,14,0.047,1894,CA,2.83,0.39
2022-10-03,TX-400,424,Supplier D,16,0.088,1402,TX,1.71,0.98
2023-07-11,TX-200,317,Supplier A,10,0.087,2768,FL,3.31,0.49
2023-12-12,TX-500,61,Supplier C,21,0.079,4338,CA,2.92,0.98
2020-04-05,TX-100,240,Supplier C,4,0.07,3982,NY,3.17,0.26
2023-01-16,TX-400,449,Supplier D,3,0.068,4266,TX,4.02,0.77
2023-01-06,TX-300,74,Supplier C,25,0.006,737,IL,1.64,0.72
2023-08-04,TX-200,455,Supplier D,20,0.075,4662,CA,3.17,0.85
2023-02-17,TX-500,140,Supplier E,23,0.064,2741,CA,4.01,0.69
2022-03-24,TX-400,137,Supplier D,8,0.03,140,IL,3.44,0.68
2021-05-05,TX-500,381,Supplier B,26,0.082,4085,IL,4.5,0.66
2021-03-27,TX-500,323,Supplier D,15,0.083,3046,CA,2.34,0.99
2020-06-13,TX-300,350,Supplier E,29,0.093,870,NY,2.19,0.23
2020-06-30,TX-400,160,Supplier D,11,0.042,4474,FL,2.89,0.03
2021-04-13,TX-200,129,Supplier E,17,0.055,3116,NY,1.96,0.68
2022-06-28,TX-300,373,Supplier B,21,0.091,3810,NY,2.56,0.17
2022-01-04,TX-200,189,Supplier A,2,0.032,157,FL,1.89,0.68
2022-04-02,TX-100,482,Supplier E,14,0.08,4363,NY,3.31,0.32
2022-08-01,TX-500,466,Supplier A,17,0.099,1753,TX,4.7,0.04
2020-01-07,TX-100,263,Supplier E,11,0.065,3337,IL,2.79,0.77
2020-11-25,TX-500,496,Supplier D,29,0.098,181,CA,1.52,0.05
2022-02-13,TX-300,67,Supplier A,12,0.052,4329,FL,4.01,0.22
2020-05-30,TX-200,103,Supplier E,0,0.015,1608,NY,4.61,0.34
2023-01-13,TX-200,417,Supplier E,3,0.018,361,CA,3.26,0.13
2020-05-26,TX-300,146,Supplier A,7,0.073,3806,TX,2.84,0.91
2023-11-05,TX-400,332,Supplier E,18,0.0,4214,NY,3.71,0.62
2022-07-03,TX-100,283,Supplier A,20,0.066,2417,NY,1.96,0.88
2023-08-01,TX-100,289,Supplier B,29,0.015,4772,NY,4.4,0.68
2021-11-30,TX-200,383,Supplier C,25,0.098,3902,TX,4.8,0.99
2020-03-22,TX-200,458,Supplier B,20,0.016,3011,IL,4.67,0.53
2021-05-28,TX-200,467,Supplier A,4,0.055,768,CA,2.98,0.05
2022-03-25,TX-300,393,Supplier D,10,0.067,1370,NY,5.29,0.16
2021-12-09,TX-400,493,Supplier D,24,0.082,1834,NY,5.76,0.59
2022-01-15,TX-100,103,Supplier C,23,0.046,3914,TX,2.84,0.35
2022-10-19,TX-500,136,Supplier A,23,0.093,4119,TX,2.68,0.11
2023-11-10,TX-300,310,Supplier E,28,0.048,4815,CA,4.67,0.24
2021-12-07,TX-100,285,Supplier B,28,0.025,3957,CA,4.69,0.47
2021-04-15,TX-400,172,Supplier B,16,0.059,1999,NY,3.8,0.52
2023-02-16,TX-300,469,Supplier C,16,0.066,2331,NY,5.65,0.93
2021-01-30,TX-100,103,Supplier C,1,0.051,540,NY,2.16,0.09
2020-09-17,TX-300,265,Supplier C,29,0.073,680,NY,3.65,0.36
2022-03-15,TX-100,469,Supplier C,23,0.042,3421,NY,1.66,0.51
2022-07-22,TX-100,246,Supplier C,25,0.0,475,TX,1.74,0.11
2023-07-03,TX-400,88,Supplier C,0,0.026,3901,IL,1.74,0.69
2022-06-23,TX-500,414,Supplier E,3,0.095,1907,CA,3.71,0.52
2023-06-03,TX-400,277,Supplier E,8,0.076,828,TX,4.15,0.46
2022-12-12,TX-100,286,Supplier B,1,0.019,2537,FL,1.52,0.66
2022-07-28,TX-300,181,Supplier B,2,0.007,4375,FL,4.35,0.29
2022-05-03,TX-400,379,Supplier C,26,0.035,2523,FL,3.7,0.34
2023-10-19,TX-500,370,Supplier B,5,0.084,2991,CA,2.51,0.16
2023-07-27,TX-100,217,Supplier C,12,0.011,2476,NY,1.57,0.52
2021-08-15,TX-400,86,Supplier E,14,0.054,2068,FL,2.2,0.37
2021-12-14,TX-400,116,Supplier D,10,0.028,2347,FL,4.2,0.26
2023-03-27,TX-400,160,Supplier E,9,0.073,2843,IL,4.46,0.12
2021-09-23,TX-400,464,Supplier A,2,0.0,2956,TX,4.41,0.02
2020-02-28,TX-300,268,Supplier E,19,0.028,1859,CA,2.19,0.19
2020-05-07,TX-500,258,Supplier A,8,0.068,2012,CA,5.6,0.25
2022-01-05,TX-500,430,Supplier B,24,0.055,3772,IL,3.35,0.49
2021-12-21,TX-100,136,Supplier E,9,0.078,3908,FL,4.96,0.24
2023-02-12,TX-200,352,Supplier D,20,0.016,2082,IL,2.25,0.82
2023-05-17,TX-300,460,Supplier E,22,0.053,2777,NY,3.62,0.47
2021-06-09,TX-100,228,Supplier E,24,0.02,1794,FL,3.85,0.62
2021-06-04,TX-100,453,Supplier E,23,0.064,4631,CA,4.97,0.21
2021-07-05,TX-400,62,Supplier C,26,0.013,1837,TX,4.3,0.42
2020-08-24,TX-200,496,Supplier E,22,0.015,145,IL,3.3,0.6
2023-07-28,TX-200,349,Supplier E,11,0.033,2041,IL,2.77,0.31
2023-10-14,TX-300,457,Supplier D,7,0.04,4439,CA,5.88,0.34
2023-05-09,TX-200,174,Supplier A,20,0.05,255,FL,2.78,0.81
2023-07-25,TX-100,424,Supplier A,20,0.058,3565,FL,2.08,0.84
2023-06-12,TX-200,282,Supplier D,20,0.047,1061,FL,2.85,0.53
2021-05-08,TX-200,300,Supplier B,16,0.005,1044,TX,2.97,0.9
2020-01-04,TX-500,436,Supplier E,21,0.034,1378,TX,2.08,0.74
2021-10-27,TX-100,175,Supplier B,4,0.006,1485,FL,4.69,0.06
2021-03-17,TX-200,284,Supplier D,23,0.012,4154,TX,4.29,0.56
2020-01-29,TX-200,187,Supplier B,7,0.009,4019,IL,2.92,0.7
2023-02-06,TX-400,498,Supplier A,17,0.016,1836,FL,5.97,0.54
2021-09-01,TX-200,98,Supplier C,10,0.081,2966,TX,4.45,0.83
2022-03-15,TX-200,429,Supplier B,21,0.063,2524,IL,4.66,0.3
2020-03-15,TX-500,235,Supplier C,27,0.051,4348,IL,4.01,0.07
2022-04-17,TX-100,254,Supplier B,26,0.073,3938,TX,3.98,0.63
2023-03-15,TX-300,127,Supplier D,9,0.096,2919,FL,1.59,0.73
2020-05-07,TX-100,435,Supplier C,25,0.042,3323,FL,4.97,0.77
2020-02-11,TX-400,243,Supplier B,14,0.037,2750,TX,5.6,0.01
2023-10-11,TX-100,152,Supplier D,5,0.098,339,TX,2.05,0.67
2020-02-10,TX-200,154,Supplier A,18,0.077,3354,NY,5.08,0.02
2022-07-22,TX-400,425,Supplier E,16,0.078,4626,IL,3.9,0.77
2020-02-03,TX-100,336,Supplier D,22,0.06,599,FL,2.78,0.7
2022-11-06,TX-400,373,Supplier D,9,0.051,3969,CA,5.64,0.57
2023-03-22,TX-300,260,Supplier A,4,0.055,4492,IL,1.58,0.51
2022-09-24,TX-100,299,Supplier C,27,0.065,2330,FL,2.73,0.72
2023-11-02,TX-200,342,Supplier B,15,0.038,3728,NY,5.49,0.06
2021-08-10,TX-400,250,Supplier C,11,0.078,1529,IL,3.66,0.83
2020-12-07,TX-500,73,Supplier D,25,0.091,626,IL,4.2,0.2
2020-01-27,TX-400,349,Supplier B,20,0.057,1908,FL,4.87,0.48
2023-08-03,TX-500,132,Supplier E,26,0.038,1310,CA,2.17,0.49
2021-10-07,TX-200,346,Supplier E,23,0.07,4047,TX,2.47,0.78
2021-12-31,TX-300,228,Supplier B,27,0.018,1148,CA,5.99,0.19
2020-06-16,TX-500,347,Supplier D,4,0.097,4494,NY,2.57,0.3
2021-09-01,TX-300,413,Supplier A,20,0.066,4768,IL,3.93,0.66
2020-09-24,TX-400,255,Supplier C,0,0.007,1254,FL,2.84,0.41
2022-03-31,TX-200,89,Supplier C,1,0.053,775,IL,5.33,0.3
2021-03-30,TX-500,353,Supplier A,4,0.075,3138,TX,5.83,0.62
2022-06-24,TX-400,162,Supplier A,22,0.028,3378,CA,2.14,0.09
2023-11-25,TX-100,389,Supplier E,18,0.005,2385,CA,4.2,0.79
2022-07-10,TX-400,53,Supplier A,27,0.049,2339,NY,5.15,0.52
2022-09-07,TX-300,157,Supplier B,14,0.083,1151,FL,5.2,0.21
2021-12-02,TX-200,365,Supplier E,0,0.025,3278,TX,3.48,0.41
2021-09-25,TX-200,163,Supplier D,10,0.072,3394,TX,2.51,0.13
2020-05-09,TX-400,216,Supplier E,27,0.041,528,FL,3.24,0.62
2022-10-16,TX-100,310,Supplier E,17,0.006,2231,NY,4.88,0.67
2023-10-18,TX-300,155,Supplier C,2,0.03,597,TX,5.97,0.41
2022-03-29,TX-400,273,Supplier A,27,0.031,2384,NY,3.99,0.34
2021-11-23,TX-400,311,Supplier B,8,0.09,3966,FL,2.38,0.85
2023-08-08,TX-200,300,Supplier A,23,0.098,950,FL,1.69,0.58
2023-10-26,TX-300,63,Supplier C,3,0.021,2759,FL,5.75,0.67
2022-03-04,TX-100,247,Supplier A,23,0.043,2991,TX,3.67,0.13
2020-01-29,TX-200,175,Supplier B,12,0.098,1158,FL,4.72,0.71
2020-05-28,TX-400,255,Supplier A,8,0.041,2244,TX,4.47,0.44
2023-08-12,TX-200,189,Supplier C,2,0.035,3404,NY,5.51,0.37
2020-01-11,TX-200,111,Supplier B,15,0.011,2672,IL,2.7,0.93
2021-11-06,TX-500,332,Supplier A,21,0.075,1881,NY,3.49,0.05
2023-02-10,TX-200,103,Supplier C,7,0.045,588,TX,5.61,0.2
2020-07-05,TX-200,395,Supplier C,25,0.064,503,CA,4.14,0.38
2022-03-17,TX-300,61,Supplier E,6,0.051,4969,CA,1.82,0.32
2022-01-13,TX-200,185,Supplier B,24,0.017,502,IL,2.38,0.51
2023-06-04,TX-100,379,Supplier B,22,0.018,3757,FL,2.57,0.4
2023-08-26,TX-400,193,Supplier A,16,0.094,1901,NY,5.97,0.79
2020-04-07,TX-300,485,Supplier E,24,0.089,283,NY,2.51,0.77
2020-02-24,TX-200,331,Supplier B,27,0.061,3739,TX,5.41,0.77
2021-09-14,TX-100,185,Supplier C,15,0.0,1616,IL,1.85,0.37
2021-10-25,TX-400,350,Supplier B,20,0.043,4256,FL,2.32,0.41
2022-01-27,TX-300,270,Supplier E,21,0.053,1808,IL,5.42,0.72
2021-02-09,TX-100,389,Supplier D,17,0.045,3793,CA,5.55,0.12
2020-03-09,TX-200,258,Supplier C,15,0.093,2047,IL,2.29,0.85
2023-08-28,TX-500,452,Supplier B,14,0.004,4341,FL,2.53,0.54
2023-08-05,TX-500,450,Supplier C,1,0.065,1649,FL,3.89,0.85
2022-01-20,TX-300,408,Supplier A,28,0.031,4378,NY,1.74,0.79
2023-03-17,TX-100,429,Supplier C,19,0.056,4510,NY,5.75,0.37
2023-06-21,TX-400,498,Supplier B,3,0.066,4048,FL,3.13,0.1
2022-08-15,TX-100,172,Supplier A,4,0.044,4854,NY,3.7,0.92
2020-12-30,TX-500,165,Supplier A,6,0.015,2891,NY,1.97,0.34
2021-04-26,TX-300,206,Supplier A,28,0.052,1095,NY,1.65,0.37
2020-07-19,TX-200,319,Supplier D,26,0.093,2956,FL,3.61,0.91
2020-06-02,TX-100,66,Supplier D,27,0.054,751,NY,2.05,0.92
2020-03-13,TX-500,318,Supplier A,14,0.012,992,CA,4.34,0.26
2021-12-13,TX-400,398,Supplier B,16,0.082,2936,FL,5.08,0.09
2020-10-22,TX-300,268,Supplier A,9,0.022,2102,IL,1.64,0.0
2022-11-06,TX-200,368,Supplier A,19,0.037,1164,TX,4.26,0.44
2023-05-25,TX-100,287,Supplier C,28,0.043,2530,TX,5.17,0.57
2020-03-01,TX-400,82,Supplier C,8,0.034,268,CA,3.48,0.27
2022-07-27,TX-200,334,Supplier C,15,0.04,270,FL,5.82,0.26
2020-02-11,TX-500,86,Supplier E,23,0.08,3789,IL,2.0,0.36
2020-01-25,TX-500,152,Supplier C,2,0.022,838,FL,2.95,0.26
2022-11-28,TX-400,260,Supplier C,21,0.047,3627,IL,2.54,0.86
2020-05-10,TX-500,479,Supplier B,26,0.002,3662,IL,5.98,0.64
2023-06-06,TX-300,329,Supplier D,8,0.051,1417,FL,2.82,0.83
2020-04-17,TX-400,191,Supplier D,7,0.011,1387,NY,3.25,0.86
2020-06-20,TX-500,288,Supplier D,22,0.028,2394,TX,5.31,0.44
2023-12-29,TX-100,278,Supplier E,6,0.032,4343,NY,5.68,0.48
2020-04-11,TX-500,182,Supplier A,16,0.008,4136,TX,5.72,0.98
2022-05-15,TX-300,174,Supplier C,4,0.036,4636,NY,4.01,0.82
2021-06-07,TX-200,102,Supplier B,6,0.05,4557,FL,4.48,0.8
2020-10-01,TX-200,137,Supplier E,29,0.043,2369,FL,3.07,0.58
2022-12-03,TX-500,147,Supplier D,12,0.028,757,IL,4.23,0.46
2022-03-27,TX-200,419,Supplier E,17,0.029,4303,CA,2.86,0.89
2022-08-14,TX-500,144,Supplier B,21,0.063,3301,FL,4.86,0.8
2022-11-06,TX-300,463,Supplier E,13,0.072,675,TX,2.88,0.52
2020-11-25,TX-200,237,Supplier D,17,0.058,399,IL,5.46,0.27
2020-01-12,TX-100,425,Supplier A,2,0.098,3606,TX,2.15,0.15
2023-09-03,TX-500,305,Supplier D,16,0.094,1992,NY,4.07,0.55
2020-08-03,TX-200,122,Supplier D,18,0.01,323,CA,3.84,0.3
2020-12-04,TX-300,461,Supplier D,6,0.026,3748,FL,2.69,0.26
2021-10-22,TX-300,411,Supplier E,20,0.087,2841,NY,1.63,0.11
2023-01-09,TX-100,331,Supplier B,3,0.003,1958,IL,2.17,0.03
2021-01-08,TX-300,67,Supplier D,14,0.059,3794,TX,5.86,0.78
2022-09-02,TX-300,213,Supplier E,28,0.095,2397,CA,5.74,0.11
2021-12-10,TX-200,441,Supplier B,27,0.068,4436,FL,2.04,0.89
2023-05-08,TX-500,195,Supplier A,23,0.009,2964,TX,3.19,0.21
2021-04-10,TX-400,363,Supplier D,7,0.075,3644,FL,3.59,0.76
2023-01-17,TX-300,302,Supplier C,15,0.038,1799,FL,3.65,0.82
2023-07-15,TX-300,209,Supplier E,0,0.092,3434,TX,2.84,0.79
2021-05-03,TX-400,398,Supplier A,24,0.029,2162,FL,5.61,0.87
2020-02-16,TX-300,98,Supplier A,15,0.047,764,IL,5.59,0.34
2023-08-04,TX-200,225,Supplier A,29,0.075,595,CA,1.59,0.99
2022-02-16,TX-200,376,Supplier E,24,0.026,1564,NY,4.43,0.28
2022-11-05,TX-400,114,Supplier B,1,0.018,4745,CA,1.83,0.93
2021-12-11,TX-300,338,Supplier C,1,0.0,2184,NY,4.19,0.44
2021-02-04,TX-300,99,Supplier B,7,0.049,3805,IL,5.4,0.06
2022-09-07,TX-500,53,Supplier D,11,0.093,535,CA,4.42,0.78
2023-01-14,TX-300,168,Supplier C,10,0.028,2440,IL,3.61,0.79
2020-09-06,TX-200,389,Supplier B,5,0.004,4496,TX,5.81,0.2
2021-01-25,TX-100,422,Supplier D,18,0.062,1797,NY,4.86,0.82
2020-11-30,TX-100,213,Supplier C,27,0.006,4111,TX,2.62,0.16
2021-09-20,TX-100,272,Supplier E,17,0.051,1146,TX,3.24,0.15
2020-05-16,TX-100,407,Supplier D,4,0.038,2497,CA,4.92,0.81
2022-06-01,TX-300,205,Supplier B,14,0.048,1189,FL,1.59,0.29
2021-11-18,TX-300,436,Supplier C,7,0.016,1518,FL,1.79,0.08
2022-04-06,TX-500,311,Supplier D,5,0.009,3121,IL,5.37,0.96
2021-12-27,TX-300,222,Supplier D,11,0.075,3148,CA,1.69,0.56
2021-08-16,TX-100,72,Supplier E,18,0.025,669,TX,4.55,0.45
2023-05-31,TX-400,440,Supplier D,11,0.08,128,IL,2.94,0.5
2022-09-16,TX-400,425,Supplier C,11,0.076,3254,TX,5.22,0.67
2021-01-06,TX-200,110,Supplier A,8,0.02,3606,IL,5.31,0.86
2022-07-23,TX-200,405,Supplier C,23,0.091,740,NY,5.79,0.67
2022-09-21,TX-300,370,Supplier C,9,0.016,3304,IL,1.93,0.74
2021-02-05,TX-400,183,Supplier E,21,0.08,4310,IL,3.4,0.18
2021-09-06,TX-100,73,Supplier E,16,0.042,4875,TX,4.08,0.38
2023-07-20,TX-100,342,Supplier D,17,0.018,4276,FL,5.62,0.58
2023-03-28,TX-100,94,Supplier E,15,0.094,2085,TX,2.7,0.62
2023-03-21,TX-300,228,Supplier D,3,0.096,2754,CA,1.82,0.27
2022-09-21,TX-300,405,Supplier A,17,0.051,4916,TX,2.41,0.97
2021-09-11,TX-500,407,Supplier B,2,0.047,4131,FL,3.73,0.12
2020-07-06,TX-100,478,Supplier E,15,0.09,4267,CA,4.56,0.11
2023-01-26,TX-100,112,Supplier E,13,0.06,2129,FL,4.61,0.23
2020-05-10,TX-300,78,Supplier A,23,0.027,573,CA,1.84,0.75
2022-03-15,TX-300,406,Supplier E,8,0.043,270,TX,4.93,0.04
2023-04-09,TX-500,414,Supplier A,5,0.084,2187,FL,4.47,0.99
2022-07-24,TX-500,145,Supplier D,3,0.086,3344,FL,3.33,0.99
2022-09-12,TX-200,458,Supplier E,26,0.094,2571,NY,4.07,0.16
2020-07-01,TX-400,315,Supplier E,1,0.029,1345,NY,4.95,0.4
2022-09-09,TX-100,340,Supplier D,22,0.068,897,IL,2.68,0.2
2020-12-29,TX-100,104,Supplier E,9,0.007,3846,NY,5.73,0.41
2020-02-08,TX-500,202,Supplier C,10,0.073,2597,FL,2.12,0.53
2021-05-11,TX-500,268,Supplier A,6,0.056,4840,IL,5.56,0.82
2023-10-04,TX-200,222,Supplier B,25,0.025,421,TX,4.83,0.04
2022-09-08,TX-400,145,Supplier C,24,0.065,4034,IL,4.47,0.99
2022-07-09,TX-200,172,Supplier B,4,0.014,3995,CA,1.87,0.94
2023-11-21,TX-400,61,Supplier C,25,0.033,1168,IL,5.64,0.57
2021-12-22,TX-100,53,Supplier C,3,0.04,423,NY,2.83,0.48
2023-03-30,TX-200,411,Supplier C,25,0.078,3432,TX,4.86,0.55
2020-01-16,TX-500,395,Supplier A,5,0.031,2767,CA,5.48,0.02
2021-05-07,TX-200,116,Supplier B,27,0.005,2194,IL,2.6,0.74
2023-12-20,TX-200,194,Supplier D,1,0.018,744,TX,5.62,0.5
2023-02-05,TX-100,114,Supplier D,1,0.061,3944,NY,4.25,0.29
2022-06-12,TX-500,131,Supplier E,15,0.002,1811,TX,4.47,0.46
2020-11-06,TX-500,154,Supplier A,27,0.079,2780,TX,5.62,0.29
2022-01-08,TX-300,230,Supplier A,24,0.09,940,CA,3.87,0.7
2023-04-08,TX-300,389,Supplier A,22,0.05,402,FL,3.48,0.61
2021-06-29,TX-300,490,Supplier C,22,0.071,3361,NY,4.35,0.39
2021-02-17,TX-100,154,Supplier A,12,0.046,4967,CA,3.99,0.31
2020-09-07,TX-200,275,Supplier D,20,0.031,3860,CA,1.78,0.88
2022-01-28,TX-500,420,Supplier A,6,0.016,2724,CA,2.31,0.68
2023-03-10,TX-500,77,Supplier C,24,0.052,435,FL,1.56,0.72
2023-07-21,TX-200,65,Supplier B,25,0.093,1978,FL,1.99,0.62
2023-12-10,TX-500,326,Supplier A,4,0.089,3391,IL,4.78,0.08
2022-11-28,TX-200,382,Supplier B,24,0.092,1952,IL,1.52,0.06
2022-03-24,TX-100,347,Supplier E,16,0.097,4855,NY,2.87,0.43
2020-01-29,TX-100,103,Supplier C,12,0.017,2100,NY,3.52,0.93
2022-08-15,TX-100,337,Supplier A,14,0.015,4807,FL,5.72,0.52
2021-04-21,TX-200,163,Supplier E,27,0.043,2229,FL,2.97,0.88
2020-11-13,TX-200,87,Supplier E,2,0.069,1068,FL,5.02,0.1
2020-09-01,TX-400,419,Supplier B,22,0.044,2056,CA,3.34,0.72
2022-01-17,TX-500,279,Supplier D,3,0.089,2625,FL,1.94,0.25
2021-11-27,TX-500,215,Supplier D,14,0.072,2446,CA,1.94,0.52
2020-09-28,TX-400,231,Supplier D,17,0.063,849,CA,3.45,0.29
2023-06-16,TX-400,493,Supplier D,27,0.007,2843,NY,1.76,0.71
2021-01-11,TX-100,254,Supplier C,29,0.018,1399,TX,4.07,0.4
2020-09-22,TX-400,415,Supplier A,2,0.043,403,IL,3.72,0.46
2022-07-14,TX-200,294,Supplier A,6,0.098,3015,IL,4.66,0.25
2022-07-09,TX-300,408,Supplier C,7,0.033,4165,NY,2.34,0.28
2023-10-14,TX-200,382,Supplier B,10,0.063,3444,NY,4.17,0.18
2020-12-05,TX-400,480,Supplier A,24,0.099,135,FL,2.29,0.55
2021-01-23,TX-500,445,Supplier E,21,0.026,4617,FL,4.75,0.14
2021-07-30,TX-200,358,Supplier A,25,0.017,3649,FL,2.88,0.27
2020-01-03,TX-500,466,Supplier C,8,0.055,2485,CA,4.26,0.53
2023-12-23,TX-200,461,Supplier B,19,0.055,4823,CA,5.47,0.27
2023-03-11,TX-500,170,Supplier A,11,0.092,1533,FL,3.7,0.59
2021-01-10,TX-200,308,Supplier C,4,0.003,4658,CA,2.37,0.01
2020-11-19,TX-500,259,Supplier E,0,0.041,180,NY,5.49,0.97
2020-05-25,TX-300,459,Supplier D,13,0.031,1602,FL,3.11,0.73
2020-10-19,TX-100,359,Supplier E,24,0.057,4615,IL,4.79,0.5
2021-03-07,TX-200,345,Supplier E,24,0.001,3611,IL,2.94,0.92
2021-12-05,TX-300,243,Supplier B,24,0.071,3042,CA,2.84,0.87
2022-08-06,TX-100,117,Supplier A,2,0.048,894,IL,4.39,0.37
2021-08-07,TX-200,163,Supplier D,28,0.07,1830,FL,2.2,0.12
2021-02-02,TX-300,269,Supplier C,14,0.045,283,IL,5.4,0.25
2022-03-27,TX-300,269,Supplier D,9,0.047,4753,NY,3.24,0.21
2023-09-29,TX-300,267,Supplier A,25,0.09,1271,CA,1.59,0.75
2022-08-21,TX-400,286,Supplier B,9,0.021,2142,IL,2.87,0.55
2023-03-09,TX-500,480,Supplier A,23,0.022,1387,CA,5.03,0.85
2020-07-05,TX-100,435,Supplier C,2,0.056,3776,NY,5.37,0.49
2020-03-01,TX-500,347,Supplier D,28,0.066,3660,IL,4.06,0.77
2022-07-27,TX-500,467,Supplier E,5,0.035,1982,FL,2.82,0.32
2023-11-04,TX-500,143,Supplier A,4,0.052,381,TX,3.88,0.6
2021-12-10,TX-300,302,Supplier B,23,0.023,4810,IL,5.26,0.64
2022-03-17,TX-500,454,Supplier B,18,0.014,2349,NY,2.92,0.76
2023-09-04,TX-400,406,Supplier D,13,0.024,4769,TX,3.23,0.8
2023-08-18,TX-200,477,Supplier E,16,0.092,516,IL,3.93,0.28
2023-09-29,TX-300,264,Supplier C,11,0.08,416,CA,5.49,0.39
2020-01-11,TX-100,429,Supplier E,8,0.014,3399,NY,4.12,0.21
2022-12-21,TX-200,307,Supplier D,25,0.005,3063,IL,2.43,0.75
2020-08-13,TX-200,396,Supplier E,24,0.009,1191,NY,1.9,0.27
2023-03-22,TX-200,289,Supplier D,2,0.029,2944,FL,1.93,0.39
2021-07-17,TX-500,364,Supplier E,17,0.081,3985,TX,5.78,0.8
2022-02-10,TX-500,263,Supplier A,3,0.032,776,TX,5.2,0.34
2023-08-26,TX-300,147,Supplier B,13,0.019,1224,FL,4.95,0.29
2022-06-03,TX-500,65,Supplier D,23,0.04,2390,TX,3.73,0.65
2023-06-20,TX-500,453,Supplier D,5,0.012,1213,TX,4.53,0.98
2023-10-21,TX-500,203,Supplier B,25,0.047,2072,FL,2.07,0.06
2023-09-15,TX-300,65,Supplier C,14,0.068,3048,CA,4.29,0.83
2023-02-04,TX-300,247,Supplier D,16,0.037,4322,TX,5.15,0.12
2020-08-13,TX-400,157,Supplier A,23,0.017,4814,CA,1.78,0.34
2022-04-04,TX-400,72,Supplier E,4,0.045,1522,NY,2.83,0.42
2020-08-05,TX-400,91,Supplier A,28,0.076,3473,NY,2.0,0.72
2022-07-25,TX-400,86,Supplier D,5,0.008,855,TX,2.67,0.93
2022-01-22,TX-200,377,Supplier C,20,0.007,3868,NY,4.98,0.1
2021-05-20,TX-200,439,Supplier D,25,0.032,4971,FL,2.99,0.74
2020-09-15,TX-400,214,Supplier C,4,0.042,3936,TX,4.6,0.32
2020-02-23,TX-400,165,Supplier B,18,0.022,4072,FL,4.98,0.9
2022-12-06,TX-100,199,Supplier E,13,0.003,4268,CA,5.17,0.28
2021-12-27,TX-200,55,Supplier A,3,0.022,4574,IL,5.43,0.69
2021-11-19,TX-100,81,Supplier C,4,0.044,3092,IL,4.19,0.16
2023-01-27,TX-100,194,Supplier A,10,0.008,591,TX,2.76,0.96
2022-11-09,TX-500,343,Supplier B,26,0.072,783,FL,2.18,0.0
2021-02-22,TX-300,450,Supplier D,1,0.055,2075,IL,3.77,0.23
2021-11-20,TX-200,342,Supplier C,21,0.043,403,TX,1.97,0.68
2022-04-29,TX-400,456,Supplier E,1,0.052,4097,IL,5.6,0.85
2020-03-02,TX-400,226,Supplier C,19,0.066,2052,IL,3.49,0.99
2023-03-14,TX-300,494,Supplier D,11,0.099,3669,NY,5.43,0.17
2020-08-03,TX-200,226,Supplier D,15,0.078,4104,TX,4.69,0.31
2020-01-03,TX-400,110,Supplier E,16,0.054,1360,IL,5.36,0.89
2020-06-08,TX-400,126,Supplier E,3,0.077,1130,TX,5.48,0.03
2022-02-19,TX-500,465,Supplier B,13,0.048,4451,NY,1.74,0.73
2023-02-17,TX-100,432,Supplier A,6,0.031,1294,TX,4.76,0.42
2022-06-11,TX-400,135,Supplier C,14,0.026,3459,NY,2.52,0.69
2023-01-17,TX-200,240,Supplier B,29,0.04,333,IL,5.95,0.52
2020-11-24,TX-300,56,Supplier A,15,0.0,3020,IL,5.0,0.63
2021-08-02,TX-500,455,Supplier B,7,0.018,1818,IL,1.52,0.67
2023-10-12,TX-200,134,Supplier E,1,0.013,592,NY,5.67,0.63
2023-07-14,TX-500,311,Supplier E,18,0.096,3382,CA,2.82,0.66
2022-08-09,TX-100,494,Supplier D,0,0.006,2114,NY,3.37,0.57
2023-09-08,TX-400,447,Supplier C,22,0.05,4424,NY,4.26,0.71
2021-09-26,TX-200,449,Supplier C,3,0.092,444,FL,5.62,0.78
2022-09-14,TX-300,308,Supplier C,26,0.061,364,IL,5.67,0.79
2023-05-03,TX-100,442,Supplier B,25,0.05,3675,IL,4.04,0.85
2022-07-09,TX-100,96,Supplier B,23,0.074,4939,FL,2.93,0.32
2022-01-07,TX-500,390,Supplier C,20,0.035,1772,CA,2.76,0.75
2023-09-17,TX-100,143,Supplier D,24,0.019,3747,TX,3.14,0.95
2020-06-18,TX-200,475,Supplier A,21,0.085,528,IL,2.31,0.37
2021-06-04,TX-500,475,Supplier B,10,0.006,3262,IL,4.51,0.78
2020-02-09,TX-100,273,Supplier C,9,0.081,3010,NY,3.88,0.29
2023-07-08,TX-300,328,Supplier E,17,0.01,553,CA,4.98,0.18
2023-11-19,TX-200,52,Supplier B,0,0.063,448,CA,1.92,0.45
2022-08-12,TX-300,178,Supplier A,16,0.048,521,CA,3.3,0.81
2023-06-03,TX-300,372,Supplier B,15,0.1,2862,CA,2.58,0.31
2022-09-10,TX-500,298,Supplier A,11,0.039,4881,FL,3.91,0.29
2023-02-21,TX-400,278,Supplier A,27,0.096,681,NY,3.61,0.28
2022-09-01,TX-500,376,Supplier B,29,0.04,2762,FL,3.52,0.22
2020-02-07,TX-200,180,Supplier A,29,0.068,4358,FL,2.92,0.61
2020-11-23,TX-200,277,Supplier B,15,0.064,2451,TX,4.77,0.24
2023-06-28,TX-500,226,Supplier B,8,0.009,2466,NY,3.67,0.93
2023-04-14,TX-400,372,Supplier D,16,0.074,1129,CA,2.41,0.35
2022-07-02,TX-500,360,Supplier E,2,0.021,1424,NY,3.96,0.54
2021-03-29,TX-200,437,Supplier A,27,0.039,200,CA,4.19,0.41
2020-02-06,TX-400,80,Supplier B,17,0.078,515,TX,1.6,0.96
2023-09-01,TX-200,115,Supplier A,14,0.094,1483,IL,2.42,0.42
2022-08-30,TX-400,255,Supplier B,14,0.056,2533,FL,2.59,0.56
2022-03-06,TX-400,150,Supplier B,15,0.052,1143,TX,2.62,0.76
2022-08-30,TX-500,369,Supplier B,27,0.05,1846,FL,2.57,0.17
2021-08-15,TX-500,80,Supplier E,19,0.082,4591,CA,2.72,0.03
2023-02-11,TX-500,422,Supplier A,0,0.099,4543,CA,2.68,0.45
2022-11-29,TX-400,240,Supplier E,0,0.063,1388,TX,5.48,0.55
2023-08-17,TX-400,115,Supplier E,3,0.038,4960,IL,2.94,0.29
2020-08-11,TX-200,464,Supplier E,28,0.022,4239,IL,3.07,0.46
2020-11-13,TX-300,352,Supplier E,12,0.02,4270,FL,2.7,0.62
2020-12-14,TX-500,284,Supplier D,29,0.086,4248,CA,5.85,0.97
2020-04-24,TX-200,327,Supplier A,3,0.099,4054,CA,3.91,0.6
2021-11-28,TX-200,251,Supplier A,22,0.07,137,IL,4.25,0.45
2023-09-08,TX-100,399,Supplier B,7,0.096,865,CA,4.81,0.02
2022-11-29,TX-500,274,Supplier A,12,0.035,3977,CA,3.0,0.31
2020-02-09,TX-200,132,Supplier E,23,0.063,2564,TX,5.86,0.36
2023-08-05,TX-100,95,Supplier C,7,0.051,4906,IL,2.19,0.48
2023-07-09,TX-500,138,Supplier A,13,0.048,4943,IL,3.56,0.78
2020-08-03,TX-400,235,Supplier C,29,0.063,2991,NY,2.15,0.78
2023-03-16,TX-100,424,Supplier D,27,0.031,215,IL,5.06,0.85
2020-12-01,TX-400,238,Supplier B,29,0.064,378,IL,1.98,0.29
2023-04-06,TX-300,295,Supplier B,24,0.067,553,NY,3.99,0.35
2020-04-01,TX-300,95,Supplier B,0,0.084,3313,CA,1.97,0.15
2020-12-18,TX-300,306,Supplier D,8,0.073,4803,CA,3.54,0.86
2021-07-24,TX-300,401,Supplier E,25,0.032,4564,FL,2.76,0.65
2022-03-26,TX-200,458,Supplier C,23,0.045,4565,CA,5.56,0.08
2022-02-19,TX-300,110,Supplier A,0,0.012,400,IL,1.74,0.3
2020-12-28,TX-200,154,Supplier E,6,0.026,816,FL,4.42,0.15
2021-07-10,TX-200,386,Supplier B,24,0.052,1475,FL,4.63,0.97
2023-09-30,TX-500,63,Supplier B,19,0.01,294,CA,5.5,0.32
2023-04-08,TX-200,350,Supplier E,12,0.057,1428,FL,5.45,0.5
2020-12-21,TX-200,126,Supplier C,14,0.039,4453,NY,5.9,0.32
2020-07-09,TX-300,279,Supplier E,28,0.003,2079,FL,2.64,0.47
2021-02-25,TX-200,216,Supplier D,8,0.043,1657,TX,2.74,1.0
2021-11-30,TX-400,115,Supplier B,15,0.028,3224,NY,3.29,0.29
2020-01-07,TX-300,81,Supplier C,16,0.007,4982,IL,3.92,0.28
2020-05-12,TX-100,145,Supplier A,8,0.029,628,CA,3.15,0.37
2021-07-10,TX-300,107,Supplier B,5,0.029,597,CA,4.83,0.17
2022-04-05,TX-200,153,Supplier E,19,0.036,1910,TX,1.54,0.74
2022-01-30,TX-400,361,Supplier C,11,0.037,2945,CA,1.58,0.38
2022-11-20,TX-300,183,Supplier B,15,0.043,2225,IL,4.72,0.58
2021-06-18,TX-400,266,Supplier A,27,0.009,419,FL,5.47,0.66
2021-03-01,TX-100,116,Supplier A,20,0.001,3463,CA,4.99,0.04
2023-11-18,TX-100,227,Supplier E,14,0.074,2669,IL,2.03,0.64
2021-11-02,TX-500,423,Supplier D,6,0.034,3486,NY,5.71,0.53
2020-12-28,TX-500,296,Supplier E,9,0.061,4809,IL,3.85,0.08
2020-03-22,TX-300,343,Supplier C,28,0.031,4825,TX,4.84,0.12
2020-12-21,TX-500,284,Supplier E,3,0.098,2816,IL,2.4,0.44
2023-07-05,TX-400,180,Supplier C,23,0.032,3438,CA,3.97,0.35
2021-08-11,TX-500,161,Supplier D,2,0.061,344,FL,2.99,0.44
2020-10-21,TX-400,438,Supplier E,17,0.022,2819,IL,5.89,0.64
2023-06-01,TX-500,457,Supplier A,0,0.052,969,TX,3.63,0.15
2022-12-05,TX-500,103,Supplier C,29,0.058,1559,NY,4.9,0.66
2023-02-10,TX-500,339,Supplier C,12,0.018,4209,TX,4.21,0.82
2023-06-10,TX-200,288,Supplier A,21,0.012,770,NY,1.92,0.0
2020-01-17,TX-200,289,Supplier E,17,0.097,4836,IL,3.94,0.37
2020-12-25,TX-500,344,Supplier D,7,0.089,785,FL,3.93,0.28
2023-05-31,TX-400,161,Supplier B,10,0.066,2074,TX,4.72,0.43
2022-05-15,TX-300,137,Supplier E,9,0.086,1111,FL,2.95,0.62
2021-11-30,TX-100,277,Supplier E,28,0.01,1484,IL,5.37,0.19
2021-03-23,TX-200,353,Supplier C,3,0.073,4238,FL,4.3,0.13
2022-05-05,TX-500,354,Supplier C,24,0.029,1010,FL,1.68,0.73
2020-12-30,TX-100,339,Supplier D,3,0.054,1417,TX,4.68,0.69
2021-11-05,TX-200,257,Supplier D,3,0.076,3226,IL,5.58,0.46
2022-10-04,TX-300,405,Supplier D,28,0.003,666,FL,4.57,0.5
2023-09-11,TX-400,440,Supplier A,11,0.069,4017,NY,3.21,0.27
2021-04-11,TX-500,323,Supplier B,7,0.043,1565,CA,4.16,0.33
2021-02-17,TX-300,119,Supplier B,27,0.044,4302,NY,2.27,0.32
2021-08-08,TX-200,419,Supplier D,12,0.091,1307,FL,4.21,0.73
2023-06-10,TX-500,269,Supplier C,7,0.086,3670,IL,3.75,0.56
2023-06-01,TX-100,280,Supplier B,20,0.006,2565,NY,1.62,0.73
2022-09-20,TX-400,339,Supplier E,2,0.062,4244,IL,2.95,0.59
2023-12-06,TX-200,356,Supplier A,11,0.044,4448,NY,2.36,0.55
2021-07-25,TX-400,410,Supplier C,17,0.012,4026,IL,3.26,0.32
2020-11-30,TX-500,398,Supplier A,14,0.085,3240,FL,2.59,0.4
2023-05-30,TX-300,304,Supplier E,24,0.007,3613,TX,5.25,0.89
2020-02-06,TX-400,191,Supplier B,13,0.003,4110,NY,4.64,0.58
2022-09-15,TX-100,118,Supplier A,8,0.02,2977,IL,4.83,0.52
2020-10-04,TX-200,138,Supplier A,4,0.03,1500,NY,3.12,0.05
2023-05-04,TX-100,408,Supplier A,29,0.006,1668,IL,1.52,0.67
2022-07-04,TX-400,185,Supplier E,28,0.064,840,IL,2.49,0.69
2021-04-28,TX-300,192,Supplier C,14,0.044,799,TX,4.9,0.69
2023-06-19,TX-300,388,Supplier C,7,0.041,802,IL,4.21,0.09
2023-09-09,TX-100,236,Supplier E,22,0.015,4488,NY,3.92,0.3
2021-12-31,TX-500,60,Supplier A,2,0.044,1055,FL,2.76,0.37
2020-07-10,TX-500,197,Supplier A,11,0.039,973,CA,1.84,0.83
2022-11-06,TX-300,488,Supplier D,4,0.038,2508,IL,5.03,0.98
2021-06-07,TX-100,341,Supplier B,28,0.022,4697,CA,1.67,0.41
2022-07-06,TX-100,387,Supplier B,8,0.009,3478,FL,1.77,0.55
2021-02-04,TX-100,447,Supplier C,19,0.026,1920,CA,2.83,0.01
2022-06-04,TX-400,491,Supplier E,2,0.067,4844,IL,4.08,0.01
2021-12-05,TX-500,87,Supplier A,22,0.007,4281,NY,5.97,0.07
2020-01-22,TX-500,394,Supplier B,7,0.038,4491,TX,1.91,0.72
2021-04-18,TX-400,257,Supplier E,20,0.051,3342,IL,3.63,0.18
2023-02-17,TX-200,259,Supplier E,12,0.096,1479,IL,4.21,0.76
2020-07-28,TX-400,50,Supplier A,7,0.084,378,TX,5.2,0.43
2020-11-01,TX-100,409,Supplier E,4,0.092,4447,TX,4.6,0.85
2023-07-17,TX-400,114,Supplier B,24,0.082,1131,TX,5.13,0.87
2021-12-04,TX-100,50,Supplier D,6,0.059,4781,TX,3.85,0.88
2021-11-17,TX-300,292,Supplier B,4,0.086,1443,TX,3.45,0.54
2020-10-11,TX-100,430,Supplier D,28,0.057,704,IL,4.28,0.79
2021-12-16,TX-500,365,Supplier E,8,0.036,2755,CA,5.55,0.66
2022-02-01,TX-400,74,Supplier B,4,0.037,691,NY,3.98,0.19
2023-06-04,TX-100,396,Supplier A,7,0.057,4054,IL,4.23,0.38
2022-08-05,TX-200,443,Supplier E,11,0.081,111,FL,3.02,0.96
2021-01-15,TX-300,99,Supplier A,3,0.013,221,IL,4.18,0.77
2021-04-04,TX-200,445,Supplier D,8,0.004,4620,IL,4.32,0.26
2022-10-27,TX-200,397,Supplier C,27,0.079,2376,CA,4.89,0.28
2020-01-29,TX-200,290,Supplier C,21,0.065,2744,TX,4.07,0.25
2022-06-25,TX-300,81,Supplier D,21,0.082,4173,FL,2.39,0.33
2022-11-22,TX-300,82,Supplier C,13,0.098,977,CA,4.12,0.93
2022-05-28,TX-300,249,Supplier E,18,0.025,885,NY,2.84,0.43
2020-03-19,TX-300,283,Supplier E,12,0.019,2176,FL,1.89,0.36
2022-08-04,TX-200,75,Supplier B,2,0.034,200,FL,5.21,0.24
2021-04-03,TX-500,91,Supplier E,3,0.088,475,CA,1.8,0.89
2021-07-23,TX-500,483,Supplier C,0,0.001,745,FL,4.34,0.96
2023-12-24,TX-300,110,Supplier A,21,0.001,3482,IL,5.95,0.32
2022-01-07,TX-400,90,Supplier B,0,0.022,3611,IL,1.89,0.62
2023-08-01,TX-100,490,Supplier A,10,0.038,2840,TX,2.49,0.96
2021-05-30,TX-400,179,Supplier C,15,0.03,3628,CA,4.92,0.5
2023-01-27,TX-400,404,Supplier A,3,0.082,4916,IL,1.94,0.47
2021-01-31,TX-400,403,Supplier C,28,0.069,2123,FL,5.25,0.53
2020-02-08,TX-500,247,Supplier E,6,0.084,4666,FL,1.5,0.03
2023-07-18,TX-100,336,Supplier B,11,0.038,2052,IL,5.5,0.3
2022-06-05,TX-400,200,Supplier D,5,0.06,1145,CA,1.8,0.7
2022-03-07,TX-300,253,Supplier C,23,0.052,2197,CA,5.65,0.97
2020-06-05,TX-500,231,Supplier E,19,0.047,3922,NY,5.39,0.57
2023-01-03,TX-300,420,Supplier A,8,0.029,4921,CA,3.93,0.19
2022-06-02,TX-300,461,Supplier E,25,0.071,3966,IL,5.0,0.43
2023-02-27,TX-400,256,Supplier A,7,0.052,3731,NY,1.84,0.49
2022-08-31,TX-300,196,Supplier A,13,0.008,2114,FL,2.11,0.15
2023-01-12,TX-100,253,Supplier A,14,0.0,2449,IL,3.16,0.33
2022-11-11,TX-300,97,Supplier A,20,0.002,3498,TX,3.92,0.45
2022-04-28,TX-400,307,Supplier B,29,0.008,483,TX,5.41,0.26
2023-11-06,TX-300,188,Supplier A,21,0.037,2685,CA,3.94,0.35
2022-01-17,TX-500,221,Supplier B,4,0.031,802,NY,4.49,0.28
2022-09-15,TX-500,150,Supplier D,14,0.016,2196,NY,4.56,0.61
2020-01-21,TX-500,236,Supplier B,5,0.052,418,FL,5.45,0.58
2020-10-29,TX-200,433,Supplier A,0,0.097,120,CA,5.0,0.55
2022-05-18,TX-500,364,Supplier D,19,0.016,3604,NY,5.9,0.1
2020-03-24,TX-500,425,Supplier E,8,0.025,691,IL,1.59,0.18
2023-11-11,TX-200,343,Supplier B,3,0.046,4204,FL,2.44,0.11
2023-07-04,TX-500,458,Supplier E,1,0.064,2296,NY,5.69,0.06
2021-07-23,TX-400,412,Supplier D,5,0.06,1560,TX,5.06,0.25
2022-07-22,TX-500,70,Supplier B,1,0.052,2646,TX,2.7,0.19
2023-03-31,TX-500,347,Supplier A,2,0.074,2011,NY,5.88,0.72
2023-04-01,TX-200,469,Supplier B,6,0.085,3226,TX,5.41,0.7
2022-10-05,TX-400,442,Supplier A,19,0.1,4492,IL,1.79,0.2
2022-03-03,TX-300,445,Supplier C,16,0.047,2665,FL,5.15,0.17
2022-03-02,TX-100,59,Supplier B,8,0.099,1370,IL,5.03,0.14
2023-07-18,TX-400,236,Supplier B,21,0.073,381,TX,2.5,0.32
2021-05-06,TX-300,182,Supplier E,8,0.066,2916,NY,4.51,0.29
2020-07-26,TX-400,82,Supplier E,18,0.064,4452,NY,5.87,0.03
2022-12-19,TX-300,118,Supplier D,4,0.091,1929,FL,4.54,0.57
2021-03-05,TX-300,129,Supplier A,24,0.095,652,TX,5.16,0.9
2022-09-11,TX-400,240,Supplier E,5,0.018,3839,TX,1.95,0.54
2023-08-25,TX-200,150,Supplier D,17,0.049,3064,TX,4.77,0.06
2021-06-03,TX-400,334,Supplier A,0,0.094,3567,CA,2.42,0.6
2021-08-13,TX-400,451,Supplier A,24,0.038,3024,NY,1.82,0.48
2022-11-16,TX-300,270,Supplier A,16,0.023,2907,TX,3.98,0.91
2020-07-17,TX-100,439,Supplier C,13,0.01,3019,FL,4.88,0.36
2021-01-21,TX-300,102,Supplier A,14,0.06,3104,CA,3.96,0.75
2020-12-14,TX-500,209,Supplier D,4,0.07,1670,TX,5.69,0.04
2022-08-17,TX-400,429,Supplier A,16,0.02,2396,NY,4.63,0.72
2021-11-23,TX-400,91,Supplier A,20,0.067,2436,CA,2.03,0.04
2021-01-12,TX-200,96,Supplier D,20,0.09,2556,IL,5.71,0.34
2022-06-17,TX-300,208,Supplier B,22,0.024,4504,FL,2.19,0.95
2022-07-04,TX-200,495,Supplier A,22,0.012,160,NY,4.91,0.7
2021-06-10,TX-400,233,Supplier D,10,0.084,3675,IL,2.17,0.93
2023-03-22,TX-300,295,Supplier E,9,0.092,2928,NY,5.99,0.5
2022-01-03,TX-300,60,Supplier D,16,0.021,2674,FL,2.99,0.61
2020-07-24,TX-500,203,Supplier C,24,0.072,3482,TX,3.73,0.52
2021-03-30,TX-500,269,Supplier E,0,0.059,3864,IL,3.6,0.48
2023-07-20,TX-100,204,Supplier B,4,0.024,2347,IL,1.96,0.58
2023-06-13,TX-500,388,Supplier B,15,0.082,3524,CA,3.72,0.04
2021-06-04,TX-300,490,Supplier D,6,0.047,1198,TX,2.17,0.19
2022-10-13,TX-500,414,Supplier D,11,0.07,2903,FL,5.11,0.21
2022-08-13,TX-100,332,Supplier A,7,0.03,3207,CA,5.81,0.38
2021-12-26,TX-400,236,Supplier A,17,0.082,297,IL,5.14,0.43
2022-10-10,TX-500,111,Supplier C,29,0.026,2191,NY,3.44,0.74
2021-05-15,TX-300,197,Supplier A,0,0.036,2788,FL,1.51,0.17
2020-04-26,TX-400,436,Supplier D,19,0.039,1668,CA,1.66,0.57
2021-01-20,TX-300,193,Supplier D,11,0.021,970,TX,3.73,0.27
2023-09-29,TX-400,152,Supplier A,3,0.087,609,NY,4.56,0.52
2021-08-06,TX-300,349,Supplier C,25,0.011,2563,CA,5.19,0.63
2021-01-29,TX-500,142,Supplier D,11,0.056,4133,FL,4.2,0.58
2022-12-23,TX-500,335,Supplier C,21,0.081,2556,NY,5.9,0.22
2021-12-21,TX-100,473,Supplier D,0,0.058,4491,CA,3.72,0.71
2020-03-12,TX-400,168,Supplier C,29,0.033,1988,CA,4.2,0.65
2020-09-30,TX-100,498,Supplier C,0,0.078,2350,FL,2.54,0.93
2023-09-05,TX-200,78,Supplier C,2,0.05,4771,TX,3.03,0.63
2020-12-03,TX-500,79,Supplier A,20,0.016,1084,NY,4.57,0.72
2023-10-21,TX-400,409,Supplier B,11,0.032,895,CA,4.21,0.81
2021-08-29,TX-100,415,Supplier C,21,0.059,947,FL,3.16,0.11
2020-06-14,TX-100,337,Supplier C,20,0.066,1491,CA,2.0,0.7
2020-01-11,TX-200,187,Supplier D,12,0.055,3093,FL,3.04,0.32
2023-08-17,TX-100,100,Supplier B,28,0.027,4557,FL,1.7,0.82
2021-12-29,TX-300,441,Supplier D,12,0.059,4671,CA,4.11,0.48
2022-03-11,TX-500,484,Supplier D,20,0.033,4499,FL,2.95,0.58
2020-04-11,TX-100,341,Supplier C,8,0.022,2332,NY,3.21,0.26
2023-12-19,TX-100,283,Supplier E,17,0.095,2412,FL,4.09,0.65
2023-11-16,TX-200,104,Supplier B,27,0.031,1537,TX,4.12,0.04
2022-02-17,TX-300,468,Supplier D,27,0.034,501,TX,4.15,0.75
2020-08-01,TX-100,341,Supplier E,0,0.09,2320,FL,3.71,0.16
2023-01-16,TX-500,289,Supplier E,5,0.014,977,NY,3.7,0.23
2021-02-04,TX-500,361,Supplier D,24,0.058,3254,IL,5.2,0.0
2021-08-10,TX-100,85,Supplier C,22,0.078,1006,IL,3.6,0.31
2022-06-07,TX-300,138,Supplier A,23,0.027,4541,NY,3.91,0.39
2022-12-05,TX-500,261,Supplier D,4,0.084,1195,TX,5.95,0.23
2021-08-14,TX-500,494,Supplier C,25,0.077,3622,FL,2.31,0.23
2023-08-26,TX-300,367,Supplier B,3,0.049,1906,CA,4.77,0.89
2023-01-14,TX-300,414,Supplier C,5,0.012,1776,FL,3.63,0.33
2020-04-01,TX-100,294,Supplier E,2,0.097,307,FL,5.24,0.72
2021-11-03,TX-400,136,Supplier B,16,0.062,1465,IL,3.32,0.24
2021-12-14,TX-200,458,Supplier B,10,0.052,1509,FL,2.86,0.81
2022-07-24,TX-400,289,Supplier A,3,0.089,3025,IL,2.44,0.68
2020-08-29,TX-400,369,Supplier A,24,0.042,4357,CA,5.43,0.76
2020-01-02,TX-500,237,Supplier D,19,0.056,2163,FL,4.73,0.44
2020-08-12,TX-300,106,Supplier C,0,0.086,2890,NY,1.85,0.88
2022-03-11,TX-500,162,Supplier D,29,0.039,345,FL,4.71,0.37
2021-08-11,TX-200,272,Supplier A,3,0.077,2702,NY,1.66,0.6
2020-04-25,TX-100,119,Supplier E,22,0.026,3581,IL,2.32,0.64
2022-07-06,TX-200,276,Supplier A,2,0.07,1577,FL,4.17,0.95
2023-01-31,TX-500,305,Supplier C,9,0.051,2597,IL,3.59,0.13
2020-07-12,TX-500,229,Supplier E,21,0.016,1580,NY,5.28,0.14
2023-04-04,TX-500,233,Supplier D,29,0.014,1887,IL,4.24,0.46
2022-05-20,TX-500,240,Supplier D,0,0.046,1912,TX,5.84,0.92
2020-03-30,TX-400,281,Supplier A,26,0.071,4311,NY,5.35,0.02
2020-05-01,TX-100,325,Supplier A,3,0.06,3023,IL,3.03,0.28
2020-05-22,TX-400,282,Supplier D,18,0.085,2661,FL,5.25,0.28
2022-09-20,TX-500,103,Supplier D,29,0.039,3046,IL,5.41,0.3
2020-04-15,TX-300,306,Supplier B,0,0.084,4208,CA,5.86,0.02
2022-06-05,TX-400,139,Supplier C,15,0.004,2424,NY,1.56,0.83
2021-03-03,TX-500,275,Supplier B,18,0.037,1015,IL,5.44,0.01
2023-08-21,TX-500,296,Supplier B,19,0.007,992,TX,1.81,0.48
2020-11-12,TX-100,443,Supplier D,20,0.092,4412,CA,3.88,0.06
2021-09-26,TX-200,200,Supplier C,21,0.048,2896,NY,3.37,0.8
2020-01-09,TX-400,484,Supplier D,17,0.032,4489,CA,5.64,0.75
2022-02-12,TX-400,162,Supplier B,1,0.049,2915,FL,3.32,0.72
2023-01-01,TX-400,457,Supplier B,5,0.053,4693,TX,4.18,0.74
2023-10-14,TX-500,318,Supplier D,20,0.085,1076,FL,4.61,0.94
2020-08-10,TX-100,206,Supplier A,0,0.054,849,IL,1.59,0.42
2023-12-10,TX-500,491,Supplier A,18,0.043,3655,CA,4.16,0.86
2021-07-06,TX-500,415,Supplier D,26,0.096,3268,FL,3.83,0.18
2023-10-25,TX-300,396,Supplier E,4,0.097,4899,IL,4.17,0.45
2021-12-16,TX-100,400,Supplier E,28,0.004,3115,TX,1.84,0.01
2023-07-11,TX-400,348,Supplier A,27,0.071,3726,FL,1.75,0.28
2023-09-03,TX-200,443,Supplier C,27,0.037,368,CA,2.3,0.46
2023-01-12,TX-400,208,Supplier B,1,0.068,3128,FL,5.41,0.91
2023-09-03,TX-500,379,Supplier C,0,0.064,1111,TX,3.1,0.32
2020-04-20,TX-100,274,Supplier A,15,0.033,2235,IL,3.45,0.67
2020-09-07,TX-100,63,Supplier D,24,0.099,1348,FL,3.26,0.83
2021-01-17,TX-100,404,Supplier E,20,0.036,3307,FL,4.71,0.33
2020-01-07,TX-300,158,Supplier A,1,0.063,862,NY,2.67,0.17
2021-04-03,TX-400,467,Supplier C,25,0.081,3071,IL,1.81,0.59
2023-01-12,TX-300,450,Supplier C,3,0.015,822,NY,3.2,0.28
2020-07-26,TX-200,454,Supplier A,2,0.03,1505,NY,4.78,0.65
2022-06-18,TX-500,145,Supplier B,22,0.02,538,TX,5.62,0.13
2023-11-14,TX-300,244,Supplier C,16,0.078,414,TX,1.73,0.15
2023-08-30,TX-300,107,Supplier B,14,0.08,2212,CA,5.15,0.68
2020-01-22,TX-500,441,Supplier B,9,0.026,691,IL,1.8,0.97
2021-02-13,TX-100,401,Supplier D,11,0.0,4840,IL,2.99,0.25
2022-06-13,TX-500,343,Supplier A,11,0.042,4390,TX,1.6,0.71
2021-05-29,TX-400,203,Supplier A,19,0.069,3770,TX,5.6,0.53
2023-02-24,TX-500,113,Supplier B,6,0.062,2009,NY,4.68,0.84
2022-03-19,TX-100,207,Supplier D,26,0.045,4196,TX,3.16,0.39
2022-05-23,TX-500,314,Supplier C,9,0.03,4563,FL,3.2,0.97
2020-01-14,TX-300,170,Supplier C,28,0.047,2523,IL,4.38,0.08
2022-08-28,TX-200,337,Supplier A,4,0.002,3362,CA,1.9,0.98
2022-09-04,TX-300,60,Supplier B,19,0.007,4485,NY,2.15,0.85
2022-10-10,TX-200,263,Supplier D,19,0.016,4995,FL,5.31,0.87
2022-11-01,TX-500,211,Supplier D,10,0.063,3370,TX,2.41,0.84
2020-03-27,TX-400,154,Supplier C,27,0.022,4430,CA,4.77,0.86
2022-06-27,TX-500,451,Supplier C,29,0.042,1353,TX,2.52,0.82
2023-08-17,TX-100,196,Supplier E,1,0.062,3397,FL,1.9,0.9
2023-06-20,TX-500,231,Supplier E,23,0.083,1553,CA,5.55,0.46
2020-05-01,TX-200,387,Supplier B,15,0.055,295,TX,5.56,0.94
2023-03-16,TX-300,86,Supplier E,11,0.018,889,FL,4.22,0.38
2022-01-19,TX-400,131,Supplier D,15,0.095,2304,FL,3.58,0.73
2023-10-11,TX-500,61,Supplier E,3,0.009,3167,CA,3.99,0.71
2021-11-15,TX-500,53,Supplier A,1,0.037,3653,FL,3.34,0.82
2020-11-04,TX-300,92,Supplier A,24,0.092,4549,TX,4.91,0.74
2021-11-25,TX-400,460,Supplier C,29,0.06,912,CA,4.9,0.04
2020-10-14,TX-500,100,Supplier C,29,0.066,2680,NY,5.19,0.74
2020-11-02,TX-500,310,Supplier B,28,0.03,1631,FL,3.85,0.02
2022-07-02,TX-200,183,Supplier A,27,0.008,504,TX,5.11,0.53
2021-10-23,TX-200,136,Supplier B,9,0.037,2847,CA,2.2,0.84
2021-07-02,TX-100,411,Supplier B,12,0.04,2944,NY,1.64,0.83
2023-10-07,TX-300,105,Supplier E,22,0.027,2436,NY,4.42,0.84
2020-11-07,TX-400,266,Supplier C,18,0.022,189,IL,1.97,0.6
2022-05-22,TX-500,415,Supplier B,14,0.036,1505,IL,3.98,0.18
2022-12-18,TX-500,117,Supplier B,22,0.064,3673,CA,4.75,0.51
2022-07-12,TX-100,401,Supplier C,0,0.095,1717,FL,3.33,0.52
2022-01-24,TX-500,93,Supplier C,27,0.07,3694,TX,1.7,0.32
2020-02-04,TX-300,192,Supplier A,16,0.078,1625,FL,5.49,0.42
2021-03-20,TX-100,395,Supplier C,19,0.031,1795,TX,1.69,0.87
2020-04-02,TX-300,91,Supplier E,3,0.01,3790,TX,5.57,0.52
2023-05-15,TX-100,188,Supplier A,19,0.029,4141,IL,1.74,0.7
2020-12-18,TX-500,122,Supplier B,8,0.04,3262,IL,4.81,0.5
2022-06-21,TX-100,316,Supplier E,5,0.069,852,FL,5.66,0.62
2023-09-17,TX-200,243,Supplier E,2,0.094,815,CA,5.58,0.09
2022-05-11,TX-400,204,Supplier A,21,0.081,2541,TX,5.52,0.93
2020-06-07,TX-500,295,Supplier B,1,0.027,3529,IL,5.47,0.44
2022-08-14,TX-400,363,Supplier A,17,0.082,574,CA,3.8,0.75
2020-01-24,TX-500,267,Supplier D,22,0.041,2921,IL,4.01,0.67
2021-02-07,TX-400,433,Supplier D,29,0.018,1751,TX,4.29,0.8
2022-03-15,TX-200,302,Supplier A,18,0.046,2217,NY,5.53,0.03
2021-05-30,TX-400,326,Supplier B,6,0.056,4898,IL,5.27,0.94
2022-01-01,TX-100,326,Supplier B,2,0.076,3860,CA,5.02,0.83
2023-10-19,TX-400,121,Supplier C,27,0.035,2187,FL,4.54,0.83
2023-11-06,TX-500,178,Supplier E,27,0.015,3001,FL,4.28,0.47
2021-06-15,TX-300,407,Supplier A,17,0.009,3200,TX,5.65,0.8
2022-08-13,TX-400,235,Supplier E,19,0.011,3692,NY,2.37,0.58
2020-05-31,TX-400,62,Supplier E,19,0.095,4472,IL,2.37,0.5
2022-08-04,TX-400,378,Supplier D,18,0.095,3755,IL,5.92,0.78
2021-08-30,TX-500,269,Supplier D,8,0.097,282,NY,3.99,0.63
2021-02-23,TX-400,55,Supplier A,15,0.03,1722,TX,3.68,0.08
2023-06-27,TX-500,288,Supplier A,5,0.019,183,TX,5.33,0.31
2023-02-14,TX-500,161,Supplier B,20,0.098,185,CA,5.32,0.62
2022-05-15,TX-300,277,Supplier A,28,0.099,1842,CA,2.29,0.9
2021-07-31,TX-100,491,Supplier B,11,0.008,1410,CA,2.28,0.93
2020-11-30,TX-500,66,Supplier B,27,0.075,1040,TX,5.08,0.84
2023-12-12,TX-200,122,Supplier A,5,0.029,1136,IL,5.04,0.25
2022-07-20,TX-400,61,Supplier B,12,0.091,1500,FL,2.51,0.47
2020-10-21,TX-200,135,Supplier E,26,0.009,3580,TX,5.29,0.43
2022-01-24,TX-400,229,Supplier B,23,0.089,4920,NY,3.66,0.44
2023-10-26,TX-300,171,Supplier E,4,0.0,3111,FL,3.61,0.05
2020-07-04,TX-500,253,Supplier E,28,0.052,4813,TX,5.94,0.17
2023-06-23,TX-100,119,Supplier E,12,0.034,4003,TX,3.84,0.15
2021-09-28,TX-500,157,Supplier C,19,0.043,824,CA,2.12,0.62
2023-07-15,TX-400,250,Supplier C,6,0.043,287,IL,2.76,0.41
2023-06-14,TX-100,101,Supplier B,11,0.065,4930,IL,3.0,0.32
2021-06-13,TX-500,86,Supplier A,29,0.002,2872,FL,5.81,0.44
2020-01-21,TX-100,166,Supplier B,20,0.069,4712,TX,2.69,0.32
2022-06-29,TX-400,308,Supplier C,3,0.002,2680,CA,3.44,0.76
2022-05-16,TX-300,313,Supplier D,29,0.019,3800,NY,4.87,0.17
2022-03-04,TX-300,443,Supplier D,4,0.061,3039,TX,2.73,0.06
2020-04-09,TX-500,352,Supplier B,15,0.009,1238,CA,4.66,0.65
2022-01-21,TX-200,474,Supplier C,26,0.099,303,NY,2.43,0.23
2021-04-22,TX-400,113,Supplier E,3,0.078,3480,NY,2.59,0.64
2023-08-14,TX-500,91,Supplier C,7,0.071,1445,FL,5.94,0.06
2022-07-28,TX-500,92,Supplier B,15,0.027,460,IL,3.16,0.25
2021-06-09,TX-300,174,Supplier C,7,0.005,1243,IL,4.78,0.15
2020-11-29,TX-100,442,Supplier D,16,0.098,313,FL,5.28,0.29
2020-01-02,TX-400,319,Supplier E,13,0.015,1948,TX,3.06,0.33
2021-01-09,TX-100,396,Supplier B,11,0.083,3482,CA,3.11,0.5
2020-10-19,TX-400,282,Supplier B,2,0.02,741,IL,4.98,0.52
2022-04-16,TX-200,181,Supplier A,26,0.037,705,FL,4.23,0.63
2022-10-01,TX-300,51,Supplier E,19,0.069,465,IL,3.13,0.33
2021-07-06,TX-200,164,Supplier B,1,0.095,1328,IL,4.87,0.53
2020-11-13,TX-500,50,Supplier C,29,0.002,998,IL,5.39,0.99
2021-01-15,TX-300,380,Supplier C,12,0.026,4382,TX,2.56,0.21
2020-01-14,TX-500,114,Supplier C,20,0.076,2871,FL,1.61,0.15
2021-05-18,TX-200,479,Supplier C,10,0.017,3164,IL,2.73,0.84
2020-08-18,TX-400,492,Supplier B,23,0.011,2850,IL,4.54,0.41
2023-01-12,TX-500,174,Supplier D,11,0.005,189,FL,5.62,0.85
2020-05-09,TX-100,305,Supplier E,17,0.05,1088,NY,5.38,0.42
2022-04-17,TX-400,440,Supplier C,29,0.077,2540,TX,2.5,0.02
2023-03-14,TX-400,371,Supplier B,8,0.096,3311,TX,5.46,0.37
2022-06-09,TX-200,192,Supplier B,28,0.027,392,CA,5.15,0.61
2020-01-28,TX-200,377,Supplier C,6,0.012,1589,CA,4.8,0.45
2020-03-06,TX-300,295,Supplier A,5,0.04,4826,NY,4.6,0.46
2023-04-01,TX-300,165,Supplier B,23,0.006,3269,CA,5.13,1.0
2023-06-06,TX-100,426,Supplier E,13,0.033,4365,IL,5.38,0.54
2020-09-17,TX-400,352,Supplier E,17,0.064,1549,IL,5.19,0.7
2023-12-18,TX-100,139,Supplier A,13,0.017,1190,CA,2.05,0.72
2021-04-04,TX-100,345,Supplier B,4,0.063,3729,TX,4.75,0.0
2020-10-27,TX-200,91,Supplier A,19,0.097,2715,NY,5.29,0.55
2022-07-07,TX-100,484,Supplier B,23,0.086,250,IL,2.34,0.96
2023-08-19,TX-100,84,Supplier B,12,0.036,1083,NY,2.46,0.75
2020-10-13,TX-500,90,Supplier A,0,0.042,1919,CA,5.04,0.34
2023-11-19,TX-300,390,Supplier D,11,0.042,1076,FL,3.05,0.36
2022-10-30,TX-300,173,Supplier C,18,0.086,288,NY,3.3,0.3
2021-09-21,TX-400,106,Supplier C,9,0.099,2878,NY,3.2,0.63
2020-09-26,TX-300,343,Supplier C,23,0.083,3856,CA,2.46,0.1
2021-08-14,TX-400,284,Supplier A,4,0.056,2671,CA,5.72,0.29
2022-04-23,TX-500,145,Supplier B,19,0.01,1286,IL,5.13,0.5
2022-05-11,TX-300,441,Supplier B,5,0.095,4001,FL,2.63,0.54
2023-10-16,TX-500,368,Supplier E,11,0.086,3539,FL,1.98,0.61
2023-07-04,TX-300,392,Supplier B,20,0.084,2664,NY,3.18,0.8
2020-05-12,TX-300,181,Supplier D,2,0.039,4910,FL,3.37,0.16
2023-07-23,TX-500,225,Supplier C,28,0.045,1447,CA,1.53,0.23
2022-08-29,TX-100,101,Supplier D,26,0.012,3507,CA,5.49,0.87
2021-05-27,TX-100,87,Supplier C,13,0.094,2725,CA,5.33,0.83
2020-11-08,TX-100,392,Supplier A,20,0.094,3852,NY,5.33,0.82
2021-07-29,TX-100,54,Supplier D,3,0.025,766,TX,5.13,0.21
2022-06-04,TX-300,262,Supplier B,16,0.07,4783,CA,4.8,0.06
2023-07-31,TX-200,169,Supplier C,16,0.02,872,FL,4.36,0.52
2023-02-18,TX-500,375,Supplier E,13,0.039,3304,FL,5.82,0.87
2023-02-04,TX-200,418,Supplier D,14,0.03,1264,CA,4.7,0.24
2021-11-17,TX-200,258,Supplier A,6,0.039,4694,TX,4.34,0.9
2023-05-12,TX-400,266,Supplier E,3,0.031,748,NY,5.05,0.14
2020-06-13,TX-100,73,Supplier A,16,0.035,2323,CA,2.61,0.3
2020-10-31,TX-300,391,Supplier C,5,0.079,4995,NY,5.85,0.3
2020-06-04,TX-100,254,Supplier D,10,0.03,1159,TX,1.59,0.15
2023-10-22,TX-100,450,Supplier A,11,0.081,1087,CA,4.42,0.87
2021-09-11,TX-200,275,Supplier E,14,0.057,2290,CA,1.85,0.41
2023-06-28,TX-400,267,Supplier E,26,0.078,4844,CA,5.34,0.19
2022-08-14,TX-100,260,Supplier B,11,0.092,4723,IL,5.85,0.15
2020-11-29,TX-500,75,Supplier A,10,0.014,1885,CA,3.34,0.42
2022-08-26,TX-500,301,Supplier D,26,0.034,1627,CA,5.36,0.02
2021-05-25,TX-100,52,Supplier D,16,0.006,4779,TX,3.01,0.12
2023-08-09,TX-200,51,Supplier B,7,0.041,4419,TX,2.22,0.0
2022-11-09,TX-200,141,Supplier E,11,0.024,2001,IL,2.74,0.02
2020-10-08,TX-300,51,Supplier A,28,0.057,2503,CA,2.86,1.0
2022-03-07,TX-400,199,Supplier E,8,0.078,3085,FL,4.34,0.45
2022-10-21,TX-200,120,Supplier A,10,0.049,1950,NY,5.08,0.73
2020-04-28,TX-300,53,Supplier A,2,0.033,1107,CA,2.42,0.74
2022-11-24,TX-500,87,Supplier A,6,0.015,645,IL,1.9,0.88
2020-07-16,TX-500,408,Supplier E,28,0.003,624,FL,2.5,0.1
2021-04-29,TX-500,119,Supplier E,20,0.068,4110,TX,2.83,0.53
2022-12-18,TX-100,250,Supplier E,2,0.003,1837,NY,2.76,0.32
2022-04-16,TX-400,357,Supplier C,20,0.092,1180,IL,2.49,0.55
2023-03-30,TX-300,301,Supplier E,15,0.059,2121,TX,3.6,0.33
2022-10-05,TX-400,336,Supplier B,9,0.035,1438,CA,5.35,0.18
2021-11-21,TX-100,459,Supplier C,22,0.004,2258,IL,1.95,0.67
2023-05-14,TX-300,341,Supplier A,6,0.041,3287,CA,5.38,0.04
2022-11-01,TX-300,203,Supplier D,24,0.087,1430,IL,3.74,0.9
2021-05-04,TX-200,461,Supplier C,23,0.097,870,IL,4.47,0.15
2020-10-02,TX-400,182,Supplier C,19,0.008,1841,CA,5.17,0.62
2021-11-23,TX-400,420,Supplier A,14,0.078,4505,IL,2.87,0.75
2020-08-29,TX-200,123,Supplier E,20,0.026,4289,TX,5.79,0.07
2023-05-24,TX-500,323,Supplier E,20,0.038,4212,TX,1.88,0.9
2023-06-28,TX-100,320,Supplier C,9,0.055,1458,NY,3.87,0.36
2020-05-05,TX-400,234,Supplier E,11,0.099,3233,NY,2.65,1.0
2020-08-04,TX-200,402,Supplier C,17,0.021,2896,IL,3.34,0.07
2023-08-22,TX-300,54,Supplier D,27,0.013,1696,TX,3.52,0.72
2023-04-23,TX-200,342,Supplier D,22,0.059,2080,CA,5.62,0.16
2022-11-28,TX-500,409,Supplier A,22,0.085,655,IL,3.49,0.4
2023-05-31,TX-100,135,Supplier B,8,0.065,4064,CA,4.64,0.44
2023-04-22,TX-500,263,Supplier B,28,0.035,3671,FL,5.78,0.41
2021-05-09,TX-300,455,Supplier E,8,0.098,3159,NY,3.73,0.34
2021-03-02,TX-300,485,Supplier B,3,0.1,4454,IL,3.34,0.77
2023-04-16,TX-300,64,Supplier D,4,0.077,2860,IL,5.88,0.82
2022-07-07,TX-300,322,Supplier A,6,0.08,934,CA,5.22,0.34
2023-12-22,TX-200,100,Supplier D,25,0.076,1747,NY,5.73,0.48
2023-08-10,TX-300,302,Supplier C,6,0.026,3159,CA,3.29,0.42
2020-05-30,TX-300,94,Supplier E,10,0.015,966,CA,4.63,0.59
2021-01-18,TX-200,240,Supplier E,9,0.055,1003,NY,2.62,0.15
2020-11-03,TX-300,171,Supplier B,10,0.095,2557,FL,5.4,0.81
2023-09-21,TX-500,461,Supplier C,23,0.088,242,TX,5.7,0.8
2022-01-15,TX-500,236,Supplier B,23,0.011,3823,TX,2.71,0.59
2022-06-10,TX-400,263,Supplier B,17,0.006,2886,FL,1.97,0.75
2021-01-09,TX-500,198,Supplier B,11,0.087,3490,NY,2.4,0.99
2022-10-28,TX-100,219,Supplier C,24,0.061,2795,IL,4.35,0.92
2023-09-26,TX-100,258,Supplier B,15,0.03,2859,NY,2.72,0.61
2020-05-08,TX-100,131,Supplier E,26,0.056,3449,CA,4.37,0.51
2022-10-11,TX-200,450,Supplier B,3,0.022,3989,NY,3.08,0.53
2021-10-30,TX-500,245,Supplier C,16,0.095,3833,TX,5.63,0.47
2023-10-07,TX-100,295,Supplier C,16,0.083,1821,IL,3.54,0.48
2023-10-13,TX-400,440,Supplier D,20,0.096,3253,FL,3.74,0.73
2021-05-31,TX-200,394,Supplier B,22,0.019,4214,NY,3.07,0.99
2020-03-26,TX-400,406,Supplier C,4,0.084,4840,IL,1.83,0.05
2023-04-13,TX-500,89,Supplier B,12,0.056,2931,IL,3.72,0.23
2023-05-01,TX-300,217,Supplier A,2,0.032,1804,TX,4.98,0.21
2020-11-06,TX-400,92,Supplier E,26,0.048,557,CA,5.79,0.83
2023-02-16,TX-300,378,Supplier E,22,0.094,1376,IL,1.84,0.42
2023-05-26,TX-200,260,Supplier B,16,0.069,4874,IL,5.09,0.53
2021-03-02,TX-400,228,Supplier E,10,0.036,3415,NY,2.7,0.47
2023-12-08,TX-400,72,Supplier E,0,0.1,1708,FL,5.2,0.85
2020-04-23,TX-200,144,Supplier A,27,0.035,3994,NY,3.04,0.5
2023-03-14,TX-200,209,Supplier E,17,0.081,1196,TX,2.01,0.67
2020-10-29,TX-100,293,Supplier E,16,0.078,726,IL,4.25,0.02
2022-01-13,TX-500,464,Supplier C,8,0.072,1390,CA,5.52,0.65
2021-08-10,TX-400,66,Supplier E,19,0.067,4817,IL,2.32,0.24
2022-09-13,TX-400,161,Supplier B,6,0.011,4923,CA,1.6,0.87
2020-12-10,TX-200,152,Supplier E,4,0.099,3511,CA,5.48,0.75
2022-03-24,TX-200,363,Supplier B,29,0.016,2244,CA,4.64,0.11
2022-03-11,TX-500,135,Supplier E,15,0.06,999,FL,5.14,0.1
2022-10-21,TX-200,84,Supplier B,6,0.025,797,NY,1.77,0.29
2023-03-16,TX-300,79,Supplier E,12,0.017,3030,TX,5.51,0.13
2023-08-03,TX-300,241,Supplier B,12,0.056,4155,FL,3.39,0.74
2022-12-12,TX-300,486,Supplier E,14,0.084,4291,FL,5.54,0.99
2023-08-20,TX-300,228,Supplier A,22,0.038,3717,CA,1.79,0.66
2022-12-28,TX-500,153,Supplier C,16,0.008,3540,FL,5.48,0.25
2020-12-26,TX-400,214,Supplier C,16,0.062,3516,TX,4.53,0.56
2023-05-28,TX-300,171,Supplier C,26,0.077,3150,TX,3.99,0.81
2022-10-06,TX-200,183,Supplier C,18,0.03,2589,IL,1.78,0.96
2021-12-04,TX-300,339,Supplier A,9,0.069,892,FL,4.6,0.01
2021-07-28,TX-500,361,Supplier A,1,0.008,2175,IL,4.19,0.52
2023-03-30,TX-200,273,Supplier E,13,0.036,3643,TX,4.77,0.45
2023-01-17,TX-300,74,Supplier A,22,0.047,1022,FL,4.73,0.41
2021-11-18,TX-400,420,Supplier C,2,0.078,1581,CA,3.5,0.5
2022-02-19,TX-200,62,Supplier D,6,0.034,841,CA,2.42,0.4
2021-08-07,TX-200,368,Supplier E,24,0.045,2133,FL,5.64,0.34
2021-08-11,TX-400,279,Supplier B,27,0.063,1545,IL,5.67,0.11
2023-03-28,TX-200,151,Supplier C,10,0.062,474,IL,2.45,0.5
2021-05-03,TX-300,499,Supplier C,16,0.052,3009,CA,4.34,0.82
2022-08-28,TX-200,427,Supplier C,14,0.033,723,IL,2.41,0.1
2023-09-09,TX-300,425,Supplier A,18,0.067,1148,CA,5.38,0.74
2023-11-05,TX-400,438,Supplier B,28,0.084,705,NY,1.94,0.27
2023-01-30,TX-100,252,Supplier E,10,0.015,2213,CA,5.96,0.38
2021-05-08,TX-400,316,Supplier C,14,0.034,2676,NY,4.25,0.99
2020-01-19,TX-300,414,Supplier B,14,0.067,377,FL,1.6,0.68
2021-01-31,TX-500,271,Supplier D,5,0.076,2157,NY,5.47,0.72
2022-09-27,TX-400,153,Supplier A,14,0.078,1264,TX,4.58,0.6
2023-07-26,TX-500,160,Supplier C,28,0.065,3981,IL,4.64,0.32
2022-04-30,TX-500,477,Supplier B,8,0.048,4223,NY,2.74,0.68
2023-10-20,TX-300,118,Supplier B,4,0.065,3271,TX,3.02,0.46
2023-09-16,TX-300,407,Supplier C,18,0.014,2867,TX,5.61,0.83
2023-09-29,TX-100,307,Supplier B,23,0.021,360,IL,4.36,0.57
2022-04-01,TX-200,217,Supplier B,28,0.093,4233,CA,1.58,0.77
2021-03-30,TX-400,342,Supplier E,29,0.092,3665,TX,2.97,0.85
2021-12-25,TX-300,423,Supplier A,27,0.072,3918,NY,4.19,0.82
2022-12-24,TX-400,98,Supplier E,4,0.033,4662,IL,2.17,0.4
2023-01-04,TX-500,299,Supplier A,21,0.065,2894,NY,1.94,0.37
2021-12-11,TX-200,380,Supplier A,12,0.069,1303,CA,1.77,0.87
2020-05-22,TX-100,469,Supplier E,17,0.052,2112,IL,4.34,0.14
2022-07-05,TX-400,124,Supplier C,19,0.075,1910,TX,2.94,0.28
2022-04-07,TX-200,250,Supplier B,16,0.003,3708,NY,3.18,0.12
2021-08-27,TX-100,83,Supplier D,14,0.026,403,NY,1.77,0.04
2023-12-11,TX-400,363,Supplier E,13,0.079,1196,TX,4.82,0.62
2020-10-31,TX-200,160,Supplier E,28,0.094,4128,TX,4.95,0.9
2022-01-05,TX-300,470,Supplier C,15,0.088,3718,CA,5.23,0.13
2020-10-17,TX-400,401,Supplier B,3,0.072,1266,CA,4.43,0.8
2020-04-11,TX-200,365,Supplier E,16,0.017,4409,TX,4.98,0.38
2023-07-14,TX-100,445,Supplier D,19,0.037,2452,IL,4.1,0.62
2022-05-16,TX-200,286,Supplier B,13,0.005,444,TX,3.71,0.76
2022-08-25,TX-300,81,Supplier E,17,0.064,843,TX,2.67,0.71
2022-08-31,TX-400,258,Supplier E,5,0.045,1721,FL,1.74,0.14
2022-04-21,TX-400,181,Supplier A,21,0.057,2641,IL,2.81,0.12
2022-08-19,TX-400,155,Supplier A,7,0.098,2022,IL,4.58,0.92
2022-07-30,TX-300,82,Supplier E,8,0.04,1248,CA,5.67,0.08
2022-10-23,TX-100,92,Supplier C,23,0.031,2988,CA,2.65,0.22
2020-03-25,TX-400,417,Supplier A,0,0.015,4050,CA,4.51,0.44
2020-11-23,TX-100,156,Supplier E,12,0.014,756,NY,3.65,0.82
2022-03-26,TX-200,314,Supplier B,2,0.052,4812,IL,4.32,0.6
2021-03-29,TX-100,275,Supplier D,5,0.075,875,FL,1.51,0.57
2021-09-20,TX-100,228,Supplier A,16,0.056,1769,CA,2.05,0.69
2023-05-29,TX-400,271,Supplier E,7,0.087,2107,CA,2.48,0.8
2023-03-23,TX-500,419,Supplier A,29,0.032,4697,CA,5.52,0.23
2021-10-26,TX-500,174,Supplier B,5,0.06,1759,CA,1.68,0.02
2020-01-12,TX-300,325,Supplier C,15,0.066,706,CA,4.06,0.13
2023-03-02,TX-300,216,Supplier E,0,0.028,3803,NY,5.68,0.17
2020-10-30,TX-500,200,Supplier B,9,0.04,529,FL,4.43,0.04
2023-08-09,TX-200,90,Supplier D,17,0.059,3472,IL,3.68,0.75
2022-09-01,TX-400,349,Supplier E,21,0.002,1104,FL,3.24,0.88
2023-08-16,TX-400,430,Supplier D,25,0.089,1712,TX,4.31,0.71
2022-02-21,TX-200,84,Supplier C,13,0.011,4289,IL,3.66,0.19
2020-02-12,TX-200,456,Supplier E,23,0.005,2462,CA,4.67,0.61
2022-08-01,TX-500,363,Supplier E,4,0.022,2300,TX,4.28,0.52
2020-12-08,TX-300,353,Supplier B,16,0.05,2287,TX,4.05,0.82
2023-09-11,TX-200,280,Supplier A,13,0.033,1720,TX,5.81,0.94
2021-05-12,TX-300,264,Supplier E,25,0.044,4411,TX,5.26,0.74
2020-12-29,TX-100,363,Supplier C,17,0.008,2941,CA,4.24,0.51
2022-06-09,TX-400,150,Supplier E,3,0.023,4565,TX,3.92,0.51
2021-03-02,TX-500,106,Supplier E,19,0.01,1071,FL,4.76,0.81
2022-10-01,TX-400,264,Supplier E,22,0.023,2388,CA,5.12,0.12
2020-01-21,TX-500,472,Supplier E,1,0.07,1658,TX,2.83,0.15
2021-02-10,TX-100,205,Supplier C,6,0.058,2468,TX,4.5,0.34
2021-09-10,TX-400,113,Supplier B,6,0.033,2192,FL,2.11,0.75
2022-10-11,TX-100,111,Supplier A,6,0.026,4809,NY,3.44,0.07
2020-12-01,TX-500,388,Supplier C,12,0.1,383,NY,5.72,0.34
2023-02-14,TX-200,418,Supplier C,18,0.077,2134,FL,2.97,0.32
2023-02-21,TX-400,417,Supplier D,21,0.082,3755,NY,2.19,0.49
2021-02-02,TX-100,111,Supplier A,27,0.003,3724,IL,2.16,0.46
2022-03-03,TX-400,143,Supplier B,5,0.006,1914,IL,3.27,0.71
2021-12-15,TX-400,390,Supplier B,19,0.071,771,IL,2.51,0.63
2020-02-20,TX-400,75,Supplier D,16,0.019,2234,NY,3.42,0.9
2020-11-19,TX-300,484,Supplier D,24,0.043,1582,IL,4.73,0.18
2022-02-27,TX-100,170,Supplier C,17,0.018,2446,IL,5.5,0.43
2020-05-20,TX-100,99,Supplier B,24,0.018,113,NY,2.0,0.4
2021-04-14,TX-400,420,Supplier B,23,0.011,855,FL,4.96,0.11
2022-02-25,TX-200,301,Supplier B,0,0.059,268,CA,1.97,0.16
2023-09-19,TX-400,85,Supplier C,26,0.074,2379,IL,3.21,0.34
2022-08-21,TX-300,459,Supplier B,22,0.006,1234,NY,5.98,0.73
2022-10-04,TX-500,338,Supplier E,12,0.028,2761,CA,1.81,0.15
2021-01-07,TX-300,428,Supplier D,25,0.066,4924,CA,1.6,0.27
2021-05-08,TX-200,149,Supplier D,18,0.039,339,TX,3.0,0.68
2022-01-20,TX-400,373,Supplier D,15,0.07,2387,CA,5.78,0.6
2023-03-25,TX-100,378,Supplier D,9,0.076,4465,IL,1.59,0.1
2020-10-17,TX-400,185,Supplier E,12,0.003,2687,FL,2.5,0.94
2023-03-13,TX-200,243,Supplier A,9,0.038,1409,IL,4.21,0.15
2020-04-15,TX-100,270,Supplier B,29,0.073,542,TX,2.55,0.06
2023-12-14,TX-300,328,Supplier D,29,0.038,824,CA,1.74,0.3
2021-10-31,TX-500,375,Supplier B,13,0.001,1007,TX,1.74,0.03
2020-01-02,TX-500,104,Supplier B,8,0.034,1626,IL,4.02,0.03
2021-08-11,TX-400,476,Supplier E,20,0.087,2517,IL,4.03,0.58
2021-10-05,TX-300,159,Supplier B,10,0.095,1243,IL,4.68,0.89
2020-03-30,TX-200,198,Supplier D,2,0.056,174,FL,2.09,0.4
2023-09-30,TX-500,455,Supplier B,7,0.031,2570,IL,3.75,0.3
2020-12-15,TX-300,314,Supplier E,11,0.047,169,IL,4.2,0.91
2023-07-10,TX-400,211,Supplier D,2,0.024,4940,CA,2.5,0.06
2023-10-06,TX-100,236,Supplier E,6,0.017,4165,FL,3.96,0.47
2023-02-05,TX-400,459,Supplier C,13,0.049,231,CA,4.69,0.25
2022-11-28,TX-400,178,Supplier A,6,0.074,1221,TX,5.96,0.38
2022-06-27,TX-300,157,Supplier B,6,0.022,4297,NY,4.18,0.41
2020-06-07,TX-500,438,Supplier B,13,0.091,1290,CA,5.38,0.55
2022-08-16,TX-300,474,Supplier B,11,0.017,1228,FL,5.25,0.45
2020-11-07,TX-100,496,Supplier C,0,0.056,697,CA,5.73,0.99
2023-06-18,TX-300,455,Supplier A,26,0.078,1672,NY,4.75,0.03
2021-03-20,TX-200,117,Supplier E,4,0.021,771,CA,2.46,0.76
2020-10-24,TX-400,481,Supplier C,27,0.03,4830,NY,2.84,0.05
2022-08-09,TX-500,115,Supplier C,10,0.005,3815,FL,5.03,0.43
2020-02-05,TX-100,193,Supplier D,0,0.094,3437,CA,3.84,0.2
2023-01-12,TX-400,102,Supplier C,22,0.049,3966,FL,2.63,0.95
2023-11-09,TX-300,177,Supplier C,12,0.006,2999,FL,4.46,0.72
2023-04-10,TX-200,370,Supplier B,28,0.083,2408,TX,5.58,0.46
2023-10-31,TX-300,256,Supplier D,23,0.057,2563,TX,3.11,0.95
2023-10-17,TX-400,369,Supplier E,22,0.006,4090,CA,4.18,0.72
2021-07-12,TX-100,265,Supplier A,16,0.045,3632,CA,4.12,0.95
2022-06-09,TX-500,117,Supplier E,2,0.043,2848,FL,2.07,0.7
2020-05-20,TX-400,496,Supplier D,9,0.015,2690,TX,1.91,0.08
2022-06-05,TX-100,111,Supplier B,18,0.042,3130,CA,5.5,0.62
2023-02-15,TX-400,259,Supplier A,6,0.028,3481,CA,5.7,0.98
2023-07-24,TX-200,386,Supplier E,19,0.07,1811,CA,5.57,0.21
2021-12-26,TX-300,376,Supplier A,27,0.001,4244,TX,3.28,0.79
2023-05-28,TX-500,419,Supplier A,2,0.011,4639,CA,2.79,0.18
2022-11-15,TX-100,478,Supplier A,21,0.092,271,FL,5.74,0.45
2021-06-04,TX-500,101,Supplier C,11,0.043,3137,CA,5.47,0.08
2020-01-10,TX-500,165,Supplier D,25,0.018,3501,IL,5.19,0.34
2022-09-10,TX-500,430,Supplier D,21,0.079,4201,NY,3.0,0.78
2021-01-12,TX-100,432,Supplier B,9,0.085,1327,FL,4.37,0.05
2021-11-12,TX-100,114,Supplier E,20,0.021,2516,CA,4.88,0.32
2021-08-06,TX-500,179,Supplier B,11,0.071,821,IL,4.09,0.63
2020-05-31,TX-300,226,Supplier E,14,0.062,3719,TX,4.21,0.95
2021-12-20,TX-400,327,Supplier A,5,0.075,1030,FL,4.91,0.25
2022-12-08,TX-500,462,Supplier E,18,0.079,2428,FL,4.95,0.17
2023-03-23,TX-200,212,Supplier E,29,0.066,1178,CA,2.58,0.2
2022-05-08,TX-500,381,Supplier A,28,0.096,3484,TX,3.26,0.24
2023-08-09,TX-100,201,Supplier B,25,0.086,3065,CA,5.02,0.64
2020-02-19,TX-400,399,Supplier E,4,0.023,3649,IL,2.68,1.0
2021-10-25,TX-200,285,Supplier B,24,0.091,2575,NY,5.62,0.52
2021-06-14,TX-400,207,Supplier B,19,0.036,1635,TX,5.28,0.27
2022-12-19,TX-400,475,Supplier D,26,0.073,512,NY,5.53,0.75
2023-04-05,TX-200,376,Supplier A,1,0.085,938,IL,2.84,0.16
2023-05-10,TX-500,155,Supplier A,20,0.044,3787,FL,1.97,0.03
2022-05-06,TX-500,355,Supplier C,18,0.005,1126,IL,1.95,0.61
2020-05-25,TX-500,304,Supplier B,27,0.095,3768,NY,4.0,0.21
2022-07-03,TX-300,407,Supplier C,18,0.007,4880,TX,2.88,0.4
2022-09-19,TX-500,493,Supplier A,3,0.035,2935,CA,2.69,0.23
2020-08-29,TX-200,162,Supplier A,27,0.06,159,NY,2.5,0.92
2021-08-03,TX-300,79,Supplier C,19,0.012,689,TX,4.03,0.34
2021-11-17,TX-500,61,Supplier A,4,0.084,2677,NY,3.97,0.45
2021-04-27,TX-300,226,Supplier A,6,0.02,3268,FL,3.4,0.23
2023-02-05,TX-200,387,Supplier D,3,0.099,2134,FL,2.12,0.08
2023-06-03,TX-500,95,Supplier E,10,0.092,4168,CA,5.68,0.51
2021-11-03,TX-100,220,Supplier D,22,0.06,876,FL,3.43,0.87
2021-09-22,TX-200,179,Supplier E,24,0.066,247,IL,2.06,0.35
2021-10-22,TX-400,294,Supplier D,2,0.053,146,CA,1.67,0.78
2021-10-23,TX-400,402,Supplier D,4,0.039,1367,NY,2.19,0.03
2023-12-26,TX-200,252,Supplier B,19,0.035,1601,IL,2.84,0.24
2022-03-15,TX-400,275,Supplier C,14,0.089,1718,TX,4.34,0.13
2021-02-22,TX-200,129,Supplier D,24,0.058,1764,NY,5.87,0.4
2022-09-14,TX-100,359,Supplier B,20,0.082,4140,FL,2.72,0.89
2023-03-29,TX-200,84,Supplier D,25,0.051,3103,NY,5.05,0.37
2021-10-11,TX-500,101,Supplier C,17,0.031,2122,FL,5.6,0.6
2022-08-26,TX-500,210,Supplier B,15,0.009,309,IL,3.26,0.9
2021-08-12,TX-300,133,Supplier E,15,0.032,4382,IL,2.64,0.36
2023-01-05,TX-400,377,Supplier C,9,0.088,1287,IL,3.71,0.37
2021-05-23,TX-400,484,Supplier A,0,0.071,3153,CA,5.54,0.09
2021-03-16,TX-200,75,Supplier B,22,0.079,134,FL,1.55,0.35
2023-07-01,TX-400,274,Supplier A,10,0.077,2143,NY,3.69,0.75
2022-07-09,TX-500,495,Supplier B,16,0.012,1376,NY,4.91,0.84
2022-02-08,TX-100,366,Supplier E,23,0.016,4670,NY,4.21,0.72
2023-09-05,TX-200,203,Supplier B,14,0.032,4954,CA,3.74,0.01
2020-09-19,TX-400,342,Supplier D,24,0.03,4665,CA,3.99,0.12
2023-10-29,TX-500,463,Supplier A,6,0.007,3054,FL,4.29,0.73
2021-09-28,TX-300,144,Supplier A,24,0.015,363,CA,4.57,0.94
2023-04-05,TX-400,274,Supplier B,25,0.086,1228,IL,3.1,0.7
2021-04-03,TX-100,316,Supplier D,5,0.059,3391,NY,3.83,0.23
2022-09-25,TX-100,486,Supplier D,14,0.034,4962,IL,2.73,0.11
2023-07-27,TX-400,90,Supplier B,14,0.053,506,CA,5.93,0.88
2021-11-30,TX-400,182,Supplier C,6,0.026,2793,NY,2.34,0.1
2020-10-28,TX-500,115,Supplier E,2,0.058,1329,TX,2.18,0.15
2023-05-26,TX-400,446,Supplier B,13,0.007,2211,IL,2.71,0.6
2023-01-30,TX-300,496,Supplier D,29,0.09,3116,TX,5.64,0.19
2021-07-07,TX-500,259,Supplier E,8,0.024,971,FL,4.46,0.23
2020-10-14,TX-200,202,Supplier B,2,0.082,4233,IL,3.55,0.14
2023-04-05,TX-300,221,Supplier E,5,0.066,4955,NY,5.66,0.94
2021-09-12,TX-500,447,Supplier C,19,0.052,4860,NY,5.55,0.12
2022-10-02,TX-500,374,Supplier D,8,0.093,4417,TX,3.31,0.93
2020-02-05,TX-100,108,Supplier C,0,0.016,4965,NY,4.04,0.33
2022-01-13,TX-500,233,Supplier C,8,0.012,572,IL,5.57,0.82
2020-12-18,TX-300,229,Supplier D,11,0.032,3677,CA,2.94,0.95
2020-03-13,TX-400,371,Supplier C,3,0.083,4774,CA,3.33,0.52
2021-10-09,TX-300,373,Supplier B,25,0.004,3932,NY,5.07,0.77
2023-10-08,TX-200,61,Supplier B,15,0.024,4430,FL,4.64,0.27
2022-12-29,TX-500,117,Supplier E,4,0.042,2241,IL,1.72,0.38
2021-02-28,TX-500,476,Supplier B,26,0.071,3008,FL,2.03,0.55
2022-09-25,TX-500,378,Supplier B,28,0.03,2986,TX,5.31,0.85
2021-12-08,TX-500,251,Supplier E,16,0.045,4844,NY,1.63,0.62
2021-07-14,TX-100,55,Supplier A,29,0.034,4211,TX,5.64,0.02
2022-04-07,TX-100,64,Supplier D,16,0.009,1498,FL,2.72,0.3
2022-08-13,TX-400,91,Supplier B,5,0.074,463,IL,4.19,0.86
2021-05-31,TX-500,80,Supplier E,25,0.046,843,FL,4.04,0.24
2021-03-03,TX-200,230,Supplier C,28,0.081,3569,CA,3.28,0.37
2020-06-08,TX-400,311,Supplier C,14,0.069,2557,FL,1.64,0.39
2020-05-28,TX-500,338,Supplier B,0,0.006,3784,FL,2.37,0.15
2022-02-14,TX-100,462,Supplier D,12,0.05,2333,FL,4.27,0.35
2023-06-07,TX-200,70,Supplier E,15,0.099,4141,FL,3.51,0.82
2020-03-07,TX-400,429,Supplier E,1,0.031,569,IL,3.36,0.85
2022-10-10,TX-200,231,Supplier E,28,0.049,411,NY,1.94,0.58
2021-01-15,TX-500,233,Supplier E,29,0.065,2947,IL,3.06,0.68
2020-02-27,TX-300,293,Supplier E,18,0.02,3249,TX,3.87,0.53
2023-07-06,TX-200,399,Supplier D,22,0.07,4730,CA,1.85,0.04
2020-12-07,TX-200,198,Supplier E,1,0.066,2269,NY,1.8,0.7
2023-02-27,TX-100,305,Supplier D,20,0.037,4423,CA,3.71,1.0
2021-12-27,TX-500,149,Supplier D,24,0.028,1088,CA,4.03,0.23
2023-04-10,TX-200,104,Supplier D,11,0.092,1531,NY,2.66,0.98
2022-02-08,TX-500,235,Supplier C,11,0.013,4210,NY,2.97,1.0
2021-09-05,TX-100,369,Supplier A,25,0.043,313,TX,5.09,0.14
2023-05-17,TX-500,135,Supplier B,7,0.077,4798,IL,5.41,0.93
2020-12-19,TX-100,223,Supplier C,11,0.015,4247,NY,2.96,0.68
2020-04-25,TX-100,71,Supplier A,23,0.093,4252,TX,3.1,0.47
2023-07-11,TX-400,293,Supplier C,10,0.053,1412,FL,5.24,0.34
2021-10-23,TX-500,109,Supplier D,1,0.05,3320,NY,5.88,0.63
2021-03-28,TX-300,153,Supplier D,0,0.042,2555,IL,2.94,0.84
2020-10-13,TX-400,188,Supplier E,24,0.087,4727,FL,5.05,0.03
2023-08-19,TX-100,352,Supplier D,25,0.095,3540,FL,3.66,0.54
2022-10-13,TX-300,208,Supplier C,27,0.038,2504,FL,2.69,0.65
2020-11-06,TX-200,281,Supplier B,3,0.054,799,FL,4.57,0.03
2020-07-26,TX-200,126,Supplier D,8,0.032,1666,CA,3.58,0.89
2021-09-09,TX-400,67,Supplier A,26,0.037,4869,IL,2.71,0.95
2021-03-21,TX-300,71,Supplier C,29,0.003,1409,TX,1.98,0.61
2021-10-31,TX-500,233,Supplier A,27,0.079,4712,NY,5.4,0.12
2021-09-24,TX-300,194,Supplier E,26,0.097,780,TX,5.45,0.93
2020-02-24,TX-400,87,Supplier E,6,0.077,1808,CA,1.84,0.81
2022-06-30,TX-500,330,Supplier B,27,0.052,4922,FL,4.49,0.03
2022-11-01,TX-500,337,Supplier C,21,0.083,4000,NY,2.23,0.58
2021-10-18,TX-200,192,Supplier B,25,0.086,2264,IL,4.41,0.11
2023-11-24,TX-300,62,Supplier A,28,0.054,4464,NY,5.58,0.14
2022-09-06,TX-500,235,Supplier B,24,0.094,1887,NY,2.67,0.19
2021-05-29,TX-400,483,Supplier A,9,0.003,817,TX,3.07,0.4
2020-08-24,TX-200,316,Supplier B,19,0.001,820,FL,5.08,0.88
2023-07-26,TX-500,318,Supplier E,13,0.008,3334,IL,4.81,0.03
2020-12-13,TX-300,146,Supplier C,0,0.006,3957,NY,3.34,0.69
2021-09-18,TX-200,483,Supplier B,4,0.042,2287,CA,5.32,0.96
2023-02-01,TX-300,406,Supplier A,12,0.094,4058,CA,5.64,0.64
2021-09-21,TX-300,343,Supplier C,5,0.068,3852,FL,3.54,0.82
2023-06-25,TX-300,50,Supplier E,21,0.066,4339,NY,1.68,0.9
2020-12-29,TX-200,344,Supplier E,27,0.038,2369,FL,3.79,0.71
2020-11-16,TX-500,76,Supplier D,16,0.053,880,NY,4.83,0.66
2020-10-12,TX-100,85,Supplier C,14,0.03,729,IL,2.49,0.02
2020-05-28,TX-500,209,Supplier B,6,0.052,4630,CA,1.95,0.52
2023-01-12,TX-200,474,Supplier E,7,0.075,4021,TX,2.78,0.47
2021-02-09,TX-100,448,Supplier B,27,0.056,3177,FL,1.55,0.52
2022-09-04,TX-100,80,Supplier B,20,0.042,3412,IL,4.72,0.43
2021-03-31,TX-100,176,Supplier A,1,0.084,3226,CA,2.16,0.91
2022-03-10,TX-400,311,Supplier B,17,0.029,2530,IL,4.76,0.89
2023-03-30,TX-200,394,Supplier D,26,0.048,3641,TX,2.56,0.13
2022-10-09,TX-400,485,Supplier C,20,0.098,3242,NY,5.96,0.53
2022-02-22,TX-100,259,Supplier C,22,0.097,1729,NY,3.89,0.96
2021-04-04,TX-400,199,Supplier A,6,0.001,1573,IL,1.69,0.6
2022-01-07,TX-400,80,Supplier D,28,0.053,579,IL,4.98,0.8
2021-05-23,TX-200,149,Supplier D,19,0.034,2169,FL,3.35,0.37
2021-04-25,TX-300,378,Supplier C,26,0.029,660,IL,4.23,0.38
2020-04-23,TX-400,351,Supplier D,15,0.06,2795,NY,5.78,0.33
2022-01-18,TX-400,402,Supplier E,29,0.045,2759,IL,3.83,0.02
2020-12-26,TX-100,268,Supplier B,18,0.073,2859,CA,5.12,0.92
2020-12-06,TX-100,302,Supplier B,8,0.003,2103,CA,2.86,0.35
2022-02-08,TX-100,220,Supplier C,11,0.093,4316,NY,4.72,0.37
2022-01-30,TX-500,306,Supplier C,13,0.057,2886,IL,1.95,0.76
2022-08-26,TX-400,477,Supplier D,29,0.068,4092,IL,5.52,0.53
2021-03-24,TX-100,106,Supplier A,6,0.06,1561,IL,2.4,0.36
2022-04-14,TX-200,58,Supplier C,1,0.099,4946,CA,2.86,0.88
2023-04-18,TX-500,54,Supplier C,16,0.099,4984,NY,5.81,0.83
2023-12-01,TX-300,384,Supplier C,10,0.061,994,FL,2.2,0.98
2023-05-04,TX-400,163,Supplier D,17,0.068,1106,CA,2.64,0.64
2020-11-06,TX-400,314,Supplier E,28,0.062,4382,NY,4.11,0.69
2020-09-18,TX-200,222,Supplier C,11,0.031,617,NY,5.91,0.32
2023-12-13,TX-300,269,Supplier E,2,0.019,1100,FL,4.61,0.1
2021-02-09,TX-300,254,Supplier D,20,0.04,3847,TX,2.01,0.11
2020-05-22,TX-500,73,Supplier A,13,0.068,739,FL,4.87,0.65
2020-12-07,TX-400,219,Supplier B,14,0.006,829,FL,3.42,0.11
2023-09-01,TX-100,455,Supplier B,18,0.051,4848,NY,5.97,0.91
2023-01-29,TX-200,152,Supplier B,9,0.041,532,TX,4.33,0.7
2020-08-31,TX-200,109,Supplier B,8,0.053,4037,TX,3.89,0.23
2021-05-04,TX-200,135,Supplier D,9,0.086,2910,IL,4.01,0.28
2020-01-12,TX-200,304,Supplier B,19,0.005,3037,FL,4.39,0.71
2023-06-16,TX-100,214,Supplier D,22,0.076,4296,FL,4.79,0.82
2021-07-14,TX-100,421,Supplier A,3,0.067,1221,TX,1.85,0.84
2020-02-11,TX-500,216,Supplier C,18,0.02,2426,TX,2.09,0.6
2021-11-08,TX-400,133,Supplier C,9,0.073,1978,TX,2.85,0.16
2021-08-16,TX-100,251,Supplier C,16,0.05,3516,NY,3.65,0.82
2023-12-23,TX-500,139,Supplier D,29,0.048,3042,NY,2.9,0.79
2023-03-27,TX-300,138,Supplier D,11,0.048,1714,NY,2.46,0.84
2023-05-24,TX-400,486,Supplier D,24,0.095,4625,FL,5.66,0.16
2020-05-13,TX-100,169,Supplier A,28,0.094,1162,TX,1.65,0.68
2022-12-26,TX-300,205,Supplier E,26,0.091,2572,NY,5.72,0.96
2022-10-27,TX-500,448,Supplier D,0,0.089,4624,IL,5.58,0.26
2022-08-05,TX-100,237,Supplier D,10,0.004,4650,TX,4.58,0.72
2020-03-13,TX-100,237,Supplier C,12,0.04,618,TX,1.65,0.26
2021-02-02,TX-300,311,Supplier B,0,0.089,3524,TX,2.51,0.31
2023-11-29,TX-100,101,Supplier B,0,0.076,309,NY,5.91,0.49
2021-07-31,TX-200,189,Supplier A,29,0.046,4786,CA,5.58,0.89
2022-05-08,TX-100,68,Supplier B,20,0.077,966,IL,5.84,0.04
2020-05-09,TX-400,124,Supplier E,15,0.021,4040,IL,5.98,0.99
2022-07-19,TX-300,279,Supplier C,6,0.06,275,CA,1.79,0.77
2023-05-14,TX-400,179,Supplier A,22,0.053,4956,IL,4.07,0.36
2020-09-22,TX-500,104,Supplier B,9,0.057,3629,NY,5.25,0.35
2022-03-03,TX-400,320,Supplier B,15,0.072,316,TX,2.94,0.48
2020-09-09,TX-200,497,Supplier C,0,0.095,3010,CA,3.46,0.88
2022-04-01,TX-200,149,Supplier A,21,0.026,703,TX,2.78,0.02
2023-08-05,TX-400,118,Supplier C,8,0.076,1842,IL,1.67,0.55
2020-06-12,TX-500,448,Supplier A,5,0.065,3403,FL,1.83,0.06
2020-04-04,TX-100,348,Supplier B,14,0.07,919,IL,1.6,0.12
2022-04-12,TX-200,66,Supplier C,3,0.043,1161,IL,3.87,0.69
2023-02-07,TX-400,403,Supplier C,14,0.094,2571,CA,4.28,0.23
2020-12-01,TX-400,165,Supplier E,9,0.048,3570,TX,2.88,0.04
2022-04-01,TX-400,201,Supplier C,24,0.012,3112,CA,5.22,0.16
2020-08-25,TX-100,379,Supplier A,15,0.068,3055,NY,5.5,0.21
2021-01-15,TX-300,165,Supplier E,12,0.013,2726,TX,2.13,0.77
2023-12-30,TX-500,79,Supplier C,18,0.032,284,NY,1.73,0.62
2022-06-17,TX-300,372,Supplier C,28,0.023,3548,NY,2.94,0.74
2021-04-27,TX-500,100,Supplier E,25,0.054,701,CA,4.71,0.37
2022-06-20,TX-500,109,Supplier B,19,0.035,1409,IL,3.78,0.11
2022-11-14,TX-400,278,Supplier C,3,0.016,1471,FL,3.7,0.81
2023-02-14,TX-200,308,Supplier D,19,0.079,2866,IL,2.19,0.14
2021-04-26,TX-400,409,Supplier B,21,0.047,4725,IL,3.08,0.38
2023-11-16,TX-100,54,Supplier C,28,0.045,1112,TX,5.82,0.26
2022-07-05,TX-500,77,Supplier B,15,0.089,1954,CA,3.03,0.3
2022-09-20,TX-200,303,Supplier A,10,0.054,106,TX,4.16,0.6
2022-08-21,TX-500,413,Supplier B,14,0.071,287,FL,1.76,0.16
2021-06-20,TX-500,280,Supplier E,10,0.033,4145,CA,1.79,0.45
2023-01-07,TX-400,444,Supplier C,22,0.056,1723,IL,3.41,0.64
2023-04-11,TX-200,406,Supplier B,29,0.073,1239,NY,4.22,0.87
2022-11-01,TX-200,249,Supplier D,24,0.03,162,IL,3.18,0.37
2020-05-07,TX-500,381,Supplier A,29,0.069,540,IL,2.31,0.32
2020-04-01,TX-200,320,Supplier A,10,0.057,1467,CA,4.81,0.37
2021-06-26,TX-200,388,Supplier B,2,0.043,686,IL,2.13,0.5
2022-04-25,TX-400,353,Supplier E,23,0.071,478,FL,4.51,0.31
2022-09-15,TX-300,432,Supplier A,23,0.032,1355,IL,5.81,0.25
2021-03-22,TX-100,95,Supplier B,16,0.071,2587,NY,3.62,0.38
2021-01-24,TX-300,77,Supplier B,4,0.055,2541,CA,2.4,0.78
2021-11-02,TX-200,56,Supplier A,12,0.025,4046,FL,5.29,0.25
2020-02-12,TX-500,281,Supplier B,9,0.067,836,CA,3.77,0.84
2020-09-10,TX-100,248,Supplier B,4,0.088,3447,NY,5.65,0.29
2023-02-27,TX-100,143,Supplier D,11,0.031,973,TX,4.74,0.6
2022-12-19,TX-500,131,Supplier B,7,0.081,4899,FL,3.44,0.97
2021-10-24,TX-100,137,Supplier B,23,0.034,3338,NY,4.28,0.95
2021-04-11,TX-500,439,Supplier E,11,0.082,198,TX,2.26,0.43
2020-10-13,TX-100,235,Supplier A,15,0.005,2559,NY,3.24,0.07
2022-10-07,TX-300,292,Supplier E,1,0.001,3399,TX,4.17,0.9
2022-02-16,TX-100,117,Supplier C,2,0.011,513,TX,4.16,0.13
2020-12-10,TX-400,360,Supplier E,17,0.087,413,CA,4.14,0.92
2021-10-03,TX-500,482,Supplier C,16,0.053,2473,IL,4.85,0.73
2021-01-16,TX-100,423,Supplier C,1,0.059,1885,IL,1.98,0.93
2021-11-20,TX-500,484,Supplier E,25,0.084,1532,NY,1.83,0.67
2023-06-30,TX-400,236,Supplier D,21,0.005,4618,TX,2.17,1.0
2022-12-15,TX-100,288,Supplier E,11,0.039,4425,IL,5.07,0.47
2021-04-01,TX-100,439,Supplier A,16,0.064,1694,NY,1.79,0.33
2022-09-09,TX-400,267,Supplier E,5,0.04,4872,NY,2.51,0.39
2020-03-23,TX-400,157,Supplier D,16,0.003,3683,FL,2.65,0.35
2023-01-27,TX-400,356,Supplier E,1,0.065,4911,CA,4.41,0.4
2020-05-28,TX-500,87,Supplier D,7,0.039,437,CA,3.31,0.89
2023-09-14,TX-400,444,Supplier A,13,0.002,4441,TX,2.4,0.59
2023-03-25,TX-500,485,Supplier B,5,0.017,657,IL,3.52,0.73
2020-07-08,TX-300,398,Supplier D,8,0.022,4399,TX,4.58,0.29
2022-06-01,TX-100,325,Supplier D,0,0.051,1316,IL,5.04,0.99
2020-09-19,TX-100,59,Supplier D,4,0.019,4010,IL,2.06,0.28
2023-01-08,TX-200,75,Supplier A,6,0.036,3530,IL,4.72,0.16
2021-02-03,TX-300,97,Supplier C,8,0.075,4869,IL,1.52,0.78
2022-02-02,TX-400,396,Supplier D,13,0.081,835,IL,4.76,0.84
2021-08-31,TX-400,419,Supplier A,26,0.08,3425,FL,4.47,0.39
2023-07-07,TX-300,63,Supplier B,8,0.07,2431,FL,3.61,0.54
2022-02-23,TX-400,149,Supplier D,3,0.054,2365,IL,2.12,0.41
2020-04-10,TX-200,236,Supplier C,28,0.055,4768,NY,4.94,0.29
2023-10-14,TX-500,61,Supplier A,19,0.095,3723,NY,1.82,0.81
2023-11-04,TX-100,421,Supplier B,14,0.088,281,CA,5.53,0.76
2022-03-30,TX-300,428,Supplier C,3,0.065,307,IL,4.98,0.49
2023-05-29,TX-100,328,Supplier B,2,0.047,2570,NY,4.83,0.46
2022-03-30,TX-500,390,Supplier C,23,0.073,1293,CA,4.89,0.18
2021-02-23,TX-300,377,Supplier E,20,0.006,4334,NY,1.8,0.64
2020-05-03,TX-500,216,Supplier E,22,0.094,4449,CA,5.95,0.92
2021-02-25,TX-400,171,Supplier E,25,0.055,1289,TX,5.36,0.72
2023-06-08,TX-400,442,Supplier B,21,0.05,4764,NY,3.79,0.51
2022-12-22,TX-400,144,Supplier E,13,0.029,1758,IL,4.74,0.04
2022-02-06,TX-500,74,Supplier A,8,0.0,525,IL,4.83,0.93
2021-04-27,TX-500,66,Supplier A,29,0.006,3677,FL,5.23,0.31
2021-06-02,TX-500,475,Supplier E,18,0.026,1529,TX,2.65,0.3
2020-06-03,TX-100,78,Supplier C,5,0.054,4957,TX,3.17,0.47
2020-04-01,TX-500,493,Supplier C,2,0.008,668,NY,5.1,0.43
2022-09-08,TX-400,372,Supplier B,17,0.097,2726,CA,4.96,0.96
2021-03-30,TX-200,390,Supplier C,15,0.041,330,FL,3.85,0.17
2021-08-20,TX-500,362,Supplier D,2,0.032,1094,TX,3.28,0.69
2021-05-24,TX-200,121,Supplier C,1,0.053,1756,TX,5.86,0.11
2023-04-21,TX-400,319,Supplier A,1,0.006,4139,IL,3.37,0.28
2021-01-20,TX-500,299,Supplier C,25,0.085,889,IL,4.94,0.72
2021-02-08,TX-100,344,Supplier B,26,0.046,2725,CA,3.36,0.8
2020-09-02,TX-100,193,Supplier C,22,0.018,1136,NY,2.89,0.47
2022-01-11,TX-200,323,Supplier B,9,0.016,4538,CA,4.38,0.79
2021-10-22,TX-100,272,Supplier D,14,0.036,1712,NY,5.13,0.94
2021-10-11,TX-100,124,Supplier E,2,0.057,438,FL,5.92,0.94
2023-12-17,TX-100,151,Supplier D,7,0.042,685,TX,2.17,0.34
2022-06-19,TX-400,69,Supplier A,28,0.06,521,CA,5.44,0.31
2020-03-05,TX-100,166,Supplier D,17,0.071,1413,NY,3.86,0.73
2022-11-02,TX-300,223,Supplier D,26,0.075,1413,FL,1.98,0.65
2020-07-31,TX-500,422,Supplier A,10,0.04,3942,CA,5.07,0.39
2020-08-29,TX-100,222,Supplier A,6,0.072,1277,TX,2.99,0.23
2021-05-07,TX-100,53,Supplier E,18,0.014,1838,FL,5.41,0.62
2023-05-21,TX-100,389,Supplier E,24,0.051,1766,IL,2.21,0.43
2020-12-03,TX-300,197,Supplier C,6,0.007,4323,TX,4.7,0.13
2020-06-21,TX-100,444,Supplier B,24,0.024,4628,IL,2.85,0.64
2021-11-02,TX-100,163,Supplier A,1,0.058,614,FL,2.66,0.7
2020-06-12,TX-500,370,Supplier D,5,0.074,3429,FL,1.73,0.36
2021-04-09,TX-300,451,Supplier D,4,0.01,4697,IL,3.67,0.83
2022-09-21,TX-300,216,Supplier E,13,0.021,1088,NY,3.26,0.07
2021-05-11,TX-100,349,Supplier B,17,0.099,4612,FL,1.78,0.5
2021-11-30,TX-300,167,Supplier A,3,0.034,4295,CA,2.52,0.96
2021-01-29,TX-200,149,Supplier E,3,0.028,1517,CA,3.69,0.19
2021-12-03,TX-300,323,Supplier B,23,0.009,2825,FL,5.14,0.17
2020-11-03,TX-300,224,Supplier A,12,0.069,2296,IL,5.68,0.38
2020-07-01,TX-300,208,Supplier D,22,0.051,2114,IL,3.82,0.27
2021-09-20,TX-400,433,Supplier D,28,0.016,550,TX,3.31,0.22
2021-05-24,TX-400,276,Supplier E,20,0.063,633,IL,5.8,0.95
2021-06-29,TX-400,472,Supplier B,24,0.053,3015,NY,5.83,0.34
2021-09-15,TX-300,87,Supplier D,0,0.056,4918,NY,2.36,0.06
2021-08-16,TX-200,480,Supplier B,19,0.099,1643,CA,3.89,0.9
2022-01-13,TX-300,247,Supplier E,4,0.003,918,FL,5.19,0.45
2023-06-04,TX-100,185,Supplier C,23,0.091,1789,CA,5.2,0.74
2023-12-30,TX-200,153,Supplier B,2,0.084,2393,FL,4.58,0.37
2023-12-16,TX-400,242,Supplier B,29,0.042,1572,CA,3.62,0.94
2021-07-07,TX-500,299,Supplier E,27,0.088,2301,FL,3.32,0.29
2020-01-21,TX-200,62,Supplier C,20,0.065,345,FL,5.13,0.66
2021-07-07,TX-400,104,Supplier D,18,0.089,914,CA,2.52,0.82
2021-01-31,TX-200,393,Supplier A,12,0.059,3214,TX,3.43,0.24
2021-09-16,TX-200,134,Supplier E,6,0.022,492,NY,4.05,0.8
2020-04-14,TX-300,158,Supplier A,9,0.058,4358,IL,5.24,0.79
2020-07-10,TX-100,92,Supplier C,2,0.018,4661,NY,3.18,0.96
2020-01-17,TX-500,437,Supplier C,22,0.014,4707,IL,3.97,0.92
2023-02-17,TX-400,120,Supplier B,29,0.065,1270,FL,2.76,0.39
2021-01-27,TX-200,493,Supplier A,1,0.095,3327,CA,5.27,0.59
2021-02-28,TX-500,317,Supplier A,6,0.059,2662,CA,5.03,0.93
2020-05-08,TX-200,108,Supplier C,8,0.08,2293,IL,5.19,0.0
2023-02-27,TX-100,487,Supplier A,27,0.017,3683,CA,1.76,0.63
2021-07-25,TX-500,93,Supplier D,20,0.065,3440,CA,3.69,0.22
2020-01-29,TX-400,321,Supplier C,11,0.073,2443,CA,2.11,0.74
2023-01-25,TX-200,439,Supplier B,21,0.004,2461,NY,4.53,0.8
2022-10-30,TX-100,63,Supplier B,28,0.01,2716,CA,2.9,0.71
2020-08-29,TX-500,420,Supplier B,9,0.078,2624,TX,4.99,1.0
2020-08-19,TX-200,161,Supplier A,26,0.044,1242,IL,1.79,0.48
2022-02-27,TX-200,428,Supplier C,18,0.041,2681,NY,3.81,0.56
2023-07-31,TX-400,363,Supplier B,12,0.092,3734,NY,2.06,0.41
2021-12-15,TX-100,464,Supplier C,9,0.099,4669,FL,4.01,0.97
2022-01-28,TX-300,277,Supplier A,4,0.076,4923,FL,4.23,0.92
2022-03-12,TX-200,218,Supplier D,28,0.079,687,CA,3.58,0.99
2022-02-14,TX-500,425,Supplier D,14,0.021,1289,NY,2.76,0.98
2021-12-26,TX-400,340,Supplier D,20,0.019,4675,NY,1.65,0.9
2020-07-18,TX-400,295,Supplier A,2,0.098,160,CA,4.48,0.93
2022-08-02,TX-200,315,Supplier B,7,0.07,1940,IL,5.42,0.12
2020-03-19,TX-200,386,Supplier A,5,0.069,1402,NY,4.8,0.17
2022-08-13,TX-200,292,Supplier C,28,0.029,4783,FL,5.52,0.89
2022-05-05,TX-300,207,Supplier D,18,0.089,4404,CA,5.68,0.73
2023-04-11,TX-200,349,Supplier C,16,0.004,136,NY,3.52,0.87
2021-04-11,TX-100,488,Supplier A,9,0.027,1257,FL,4.64,0.77
2021-08-03,TX-500,376,Supplier E,0,0.018,4930,TX,3.29,0.14
2023-12-10,TX-200,67,Supplier E,12,0.071,3059,NY,5.64,0.92
2022-07-28,TX-300,132,Supplier A,26,0.072,1520,CA,4.03,0.77
2021-03-24,TX-500,384,Supplier B,9,0.053,3423,FL,4.89,0.57
2020-03-27,TX-400,280,Supplier C,11,0.001,606,NY,1.57,0.53
2020-04-10,TX-200,391,Supplier A,1,0.087,1714,FL,4.09,0.57
2022-10-28,TX-500,302,Supplier A,9,0.096,1367,CA,4.84,0.39
2022-04-24,TX-400,216,Supplier E,20,0.02,1072,NY,2.66,0.8
2023-05-08,TX-300,91,Supplier D,22,0.084,549,CA,1.56,0.91
2020-03-27,TX-100,298,Supplier D,0,0.097,4315,IL,4.85,0.25
2020-02-12,TX-200,297,Supplier B,0,0.033,3480,NY,3.02,0.04
2023-11-09,TX-100,487,Supplier B,19,0.019,4829,NY,3.43,0.2
2023-12-29,TX-300,429,Supplier B,28,0.098,311,FL,4.03,0.76
2021-02-11,TX-500,335,Supplier E,25,0.006,2431,NY,2.0,0.87
2021-10-25,TX-500,69,Supplier A,14,0.028,3701,IL,1.97,0.35
2022-11-06,TX-300,431,Supplier B,21,0.074,1164,FL,5.82,0.15
2020-05-27,TX-300,401,Supplier E,24,0.062,1546,FL,3.03,0.86
2020-10-03,TX-200,430,Supplier C,0,0.068,3116,TX,2.65,0.21
2020-08-19,TX-400,91,Supplier A,26,0.071,1632,NY,1.71,0.24
2020-12-31,TX-100,394,Supplier C,25,0.069,3053,TX,2.28,0.09
2023-06-05,TX-100,136,Supplier D,20,0.034,1933,IL,3.44,0.91
2021-03-11,TX-500,310,Supplier D,8,0.031,2507,NY,3.04,0.33
2021-02-02,TX-500,355,Supplier A,23,0.043,3405,TX,3.41,0.17
2023-05-19,TX-200,346,Supplier B,6,0.081,4841,TX,4.67,0.95
2023-11-15,TX-300,399,Supplier A,15,0.094,1456,FL,4.39,0.34
2021-05-13,TX-100,289,Supplier B,15,0.046,2353,TX,3.72,0.75
2021-06-23,TX-200,216,Supplier D,12,0.009,4097,TX,5.17,0.23
2021-07-16,TX-500,362,Supplier A,9,0.094,2236,NY,5.36,0.73
2021-03-17,TX-500,268,Supplier A,17,0.008,1035,NY,4.16,0.23
2023-07-08,TX-100,490,Supplier B,8,0.016,1222,FL,2.03,0.64
2022-02-11,TX-500,470,Supplier D,11,0.087,1609,NY,3.33,0.44
2020-12-15,TX-500,440,Supplier D,28,0.055,810,IL,4.36,0.8
2023-10-07,TX-400,182,Supplier B,23,0.035,1093,FL,1.78,0.73
2021-06-03,TX-300,256,Supplier B,12,0.093,154,IL,1.59,0.94
2023-09-05,TX-500,100,Supplier B,10,0.096,1740,NY,5.77,0.38
2020-05-17,TX-400,155,Supplier D,14,0.033,2461,NY,4.79,0.75
2022-09-18,TX-200,441,Supplier D,9,0.087,3275,FL,2.19,0.97
2021-01-02,TX-500,233,Supplier A,9,0.068,1856,TX,3.5,0.34
2023-05-28,TX-200,250,Supplier D,8,0.027,875,CA,2.37,0.29
2023-09-22,TX-500,60,Supplier C,24,0.094,455,CA,1.55,0.77
2023-05-31,TX-100,303,Supplier C,24,0.006,3550,NY,3.26,0.45
2020-12-25,TX-400,199,Supplier B,2,0.032,2842,IL,4.42,0.4
2022-07-09,TX-400,403,Supplier B,22,0.04,663,FL,5.79,0.55
2020-11-24,TX-100,404,Supplier B,15,0.069,2494,TX,4.96,0.94
2022-08-19,TX-300,444,Supplier A,11,0.004,2992,NY,2.54,0.08
2021-04-07,TX-400,493,Supplier C,16,0.089,1626,IL,3.01,0.47
2022-08-03,TX-200,145,Supplier C,24,0.066,4220,NY,3.84,0.11
2022-08-20,TX-400,155,Supplier D,29,0.028,4287,CA,2.36,0.88
2023-11-06,TX-300,192,Supplier C,14,0.066,2476,NY,5.25,0.14
2022-04-15,TX-200,215,Supplier D,24,0.054,1661,IL,2.26,0.09
2020-06-17,TX-200,50,Supplier A,2,0.034,3119,CA,2.8,0.96
2020-08-04,TX-100,95,Supplier B,4,0.003,4797,NY,4.1,0.56
2021-01-12,TX-500,291,Supplier B,27,0.055,4537,CA,2.05,0.83
2020-04-28,TX-100,393,Supplier D,12,0.008,3044,FL,4.31,0.47
2020-07-08,TX-500,476,Supplier E,23,0.081,4091,IL,5.75,0.44
2022-02-05,TX-100,327,Supplier D,5,0.009,641,IL,4.61,0.91
2021-01-04,TX-500,52,Supplier A,25,0.043,2673,FL,5.16,0.99
2020-05-28,TX-400,191,Supplier C,25,0.043,1253,IL,3.47,0.62
2021-10-13,TX-200,435,Supplier D,8,0.056,3689,IL,3.14,0.92
2022-02-08,TX-500,110,Supplier A,29,0.004,1846,NY,2.98,0.86
2021-01-08,TX-400,465,Supplier B,28,0.02,1272,TX,4.47,0.54
2022-02-19,TX-300,343,Supplier E,18,0.02,1399,NY,3.83,0.94
2020-06-08,TX-100,274,Supplier E,27,0.06,3832,FL,3.63,0.21
2020-12-16,TX-300,351,Supplier D,6,0.026,3367,FL,1.95,0.88
2023-08-04,TX-400,219,Supplier C,12,0.014,4604,TX,4.53,0.31
2023-08-04,TX-300,183,Supplier D,21,0.002,170,NY,4.76,0.03
2022-06-10,TX-300,90,Supplier E,29,0.084,1322,NY,2.38,0.79
2023-06-03,TX-400,280,Supplier E,4,0.097,4740,NY,4.92,0.93
2021-06-06,TX-200,458,Supplier B,15,0.07,701,CA,5.46,0.22
2021-06-05,TX-500,275,Supplier C,3,0.041,1588,CA,2.29,0.53
2022-02-21,TX-100,188,Supplier C,4,0.012,3261,NY,3.53,0.75
2020-09-29,TX-500,159,Supplier E,28,0.048,2994,CA,5.44,0.33
2022-07-24,TX-100,346,Supplier E,19,0.046,1911,NY,3.69,0.15
2023-11-26,TX-500,106,Supplier D,18,0.042,1872,FL,5.17,0.39
2020-07-01,TX-300,479,Supplier D,22,0.038,100,NY,2.47,0.46
2021-05-02,TX-200,172,Supplier B,5,0.05,4744,CA,1.79,0.74
2022-04-25,TX-300,289,Supplier E,3,0.007,2281,TX,1.77,0.2
2020-05-03,TX-200,135,Supplier D,24,0.004,3423,FL,5.88,0.82
2022-09-11,TX-400,225,Supplier B,0,0.006,2877,IL,2.24,0.5
2022-02-28,TX-100,112,Supplier C,16,0.02,4716,TX,5.39,0.9
2021-02-17,TX-100,88,Supplier E,8,0.028,1008,TX,2.92,0.57
2023-04-10,TX-400,187,Supplier A,15,0.017,2022,IL,1.68,0.45
2023-08-04,TX-500,290,Supplier E,22,0.025,2086,FL,2.58,0.29
2023-12-29,TX-400,498,Supplier D,1,0.019,4142,IL,3.77,0.11
2021-11-16,TX-400,275,Supplier E,10,0.015,1937,FL,1.98,0.37
2020-04-22,TX-200,492,Supplier A,25,0.029,3741,FL,5.65,0.41
2022-06-06,TX-400,255,Supplier E,4,0.04,600,FL,5.55,0.57
2020-05-01,TX-100,213,Supplier D,12,0.074,1922,TX,2.17,0.86
2023-05-30,TX-300,76,Supplier C,19,0.096,1431,FL,4.82,0.46
2020-02-08,TX-200,232,Supplier D,16,0.092,4446,IL,3.57,0.31
2021-05-11,TX-200,247,Supplier B,27,0.048,3052,TX,5.92,0.87
2022-02-18,TX-500,386,Supplier D,28,0.046,1726,FL,1.75,0.73
2023-06-10,TX-300,486,Supplier B,24,0.013,1327,CA,3.62,0.31
2022-07-31,TX-200,156,Supplier E,14,0.097,2155,CA,2.78,0.17
2020-05-28,TX-400,493,Supplier B,21,0.076,2255,FL,4.77,0.29
2023-11-21,TX-200,238,Supplier E,26,0.085,1977,CA,2.0,0.12
2022-10-18,TX-200,85,Supplier B,28,0.023,4161,NY,4.33,0.9
2021-10-22,TX-200,134,Supplier D,29,0.04,2964,TX,5.77,0.61
2020-10-28,TX-500,204,Supplier A,11,0.01,2670,NY,3.54,0.86
2023-10-15,TX-200,218,Supplier E,5,0.094,1496,TX,3.54,0.82
2020-08-25,TX-200,333,Supplier B,19,0.029,4581,IL,3.73,0.15
2021-10-08,TX-500,321,Supplier A,12,0.06,4378,CA,3.37,0.44
2021-10-24,TX-300,84,Supplier B,17,0.015,3069,CA,3.51,0.97
2020-08-23,TX-100,469,Supplier B,23,0.08,3689,CA,3.58,0.23
2020-07-21,TX-500,233,Supplier B,14,0.019,1991,FL,5.99,0.05
2020-09-12,TX-500,148,Supplier D,14,0.081,1373,TX,2.02,0.35
2021-08-20,TX-200,286,Supplier B,7,0.04,2345,FL,2.78,0.51
2021-10-23,TX-200,452,Supplier A,18,0.058,3810,CA,2.45,0.06
2020-08-22,TX-100,490,Supplier B,22,0.027,136,IL,3.95,0.43
2023-09-30,TX-200,171,Supplier C,13,0.088,3040,CA,1.51,0.25
2021-06-17,TX-400,466,Supplier E,6,0.076,520,FL,5.64,0.21
2022-05-09,TX-200,72,Supplier D,13,0.035,3179,CA,3.89,0.26
2022-02-08,TX-200,424,Supplier C,4,0.059,4315,NY,5.53,0.11
2021-06-24,TX-400,112,Supplier C,14,0.013,4939,NY,3.05,0.08
2020-07-31,TX-100,375,Supplier A,20,0.016,3908,FL,2.17,0.6
2021-04-07,TX-400,199,Supplier A,14,0.053,2519,NY,2.37,0.95
2021-03-11,TX-500,244,Supplier D,23,0.064,2380,TX,3.62,0.8
2020-10-09,TX-400,129,Supplier D,3,0.056,2434,TX,1.68,0.83
2023-12-01,TX-300,364,Supplier E,0,0.056,837,FL,5.02,0.74
2020-03-28,TX-500,202,Supplier B,16,0.074,1518,NY,5.06,0.96
2022-12-03,TX-200,66,Supplier D,24,0.09,4647,TX,4.66,0.95
2021-04-05,TX-500,88,Supplier D,19,0.039,2141,NY,5.53,0.78
2020-10-04,TX-100,382,Supplier B,0,0.054,1885,CA,3.97,0.72
2021-02-24,TX-100,397,Supplier E,15,0.089,1162,NY,3.66,0.31
2023-10-08,TX-400,251,Supplier A,12,0.046,3668,NY,3.88,0.09
2021-11-26,TX-500,472,Supplier E,17,0.045,471,FL,2.32,0.09
2021-05-29,TX-200,329,Supplier B,9,0.077,2696,CA,3.81,0.74
2021-12-03,TX-100,471,Supplier A,22,0.088,1102,TX,3.94,0.03
2020-01-19,TX-200,137,Supplier A,17,0.074,2623,TX,4.94,0.82
2020-01-23,TX-300,490,Supplier A,16,0.01,4600,NY,3.07,0.37
2021-02-16,TX-100,349,Supplier E,25,0.046,1518,IL,1.92,0.19
2022-11-19,TX-400,341,Supplier B,29,0.021,4776,IL,4.19,0.41
2020-04-17,TX-300,404,Supplier E,8,0.032,3301,TX,5.05,0.7
2023-10-22,TX-500,119,Supplier E,13,0.047,726,NY,5.86,0.28
2023-07-28,TX-200,427,Supplier C,20,0.022,1921,NY,1.91,0.17
2023-02-25,TX-100,173,Supplier D,29,0.052,4536,CA,4.86,0.74
2023-06-06,TX-300,129,Supplier E,12,0.064,4407,FL,4.18,0.88
2023-02-08,TX-300,94,Supplier C,19,0.087,3061,IL,1.57,0.59
2020-05-15,TX-100,282,Supplier B,19,0.021,1746,NY,4.73,0.52
2020-12-27,TX-500,203,Supplier C,13,0.031,2099,TX,1.62,0.75
2023-04-24,TX-500,444,Supplier E,10,0.041,2735,IL,5.03,0.73
2020-05-08,TX-400,229,Supplier B,12,0.022,2443,FL,4.75,0.01
2023-07-08,TX-500,458,Supplier C,16,0.033,3259,NY,4.6,0.28
2021-05-29,TX-400,80,Supplier E,2,0.088,1109,IL,2.04,0.93
2021-03-24,TX-300,134,Supplier B,28,0.014,3318,NY,5.64,0.96
2023-02-01,TX-100,94,Supplier B,0,0.044,4250,FL,5.55,0.51
2023-06-01,TX-500,420,Supplier D,20,0.031,2912,CA,5.55,0.56
2022-05-23,TX-400,372,Supplier E,4,0.008,3840,IL,3.12,0.0
2021-04-17,TX-300,381,Supplier D,24,0.01,4138,FL,3.71,0.67
2022-10-30,TX-500,292,Supplier B,12,0.078,3934,CA,2.02,0.21
2023-11-29,TX-200,89,Supplier B,23,0.085,1899,CA,1.73,0.13
2020-10-28,TX-300,479,Supplier C,4,0.074,2984,FL,1.76,0.3
2020-08-18,TX-500,231,Supplier D,4,0.054,1422,TX,4.06,0.66
2022-07-11,TX-300,346,Supplier A,22,0.077,2709,FL,2.95,0.44
2022-12-25,TX-100,425,Supplier E,11,0.015,824,NY,4.11,0.35
2022-07-25,TX-100,130,Supplier D,1,0.078,2511,TX,4.17,0.73
2020-04-21,TX-100,87,Supplier B,28,0.042,1415,CA,5.58,0.81
2022-11-02,TX-200,405,Supplier C,22,0.075,1512,IL,5.47,0.87
2023-11-17,TX-100,469,Supplier E,15,0.023,4948,CA,4.73,0.44
2021-05-14,TX-200,477,Supplier E,16,0.083,3642,IL,5.18,0.72
2022-07-20,TX-100,106,Supplier C,29,0.057,1654,IL,1.51,0.89
2021-08-20,TX-300,371,Supplier B,4,0.001,525,FL,1.57,0.91
2020-08-21,TX-500,79,Supplier A,11,0.052,4049,FL,3.56,0.49
2021-08-24,TX-500,315,Supplier C,14,0.031,4594,CA,4.44,0.36
2020-11-09,TX-100,276,Supplier A,27,0.006,403,FL,5.07,0.9
2021-07-19,TX-500,366,Supplier D,5,0.045,203,CA,3.51,0.26
2022-11-01,TX-100,496,Supplier E,12,0.031,463,FL,5.73,0.8
2020-07-27,TX-100,341,Supplier B,10,0.02,4762,FL,5.17,0.91
2022-11-03,TX-400,103,Supplier A,29,0.035,2947,IL,1.96,0.74
2023-12-12,TX-400,146,Supplier B,25,0.018,2823,TX,3.48,0.68
2023-11-01,TX-400,498,Supplier D,16,0.03,4048,FL,5.98,0.05
2022-11-09,TX-200,53,Supplier A,8,0.012,1208,FL,3.34,0.2
2021-08-09,TX-400,488,Supplier B,24,0.008,2515,CA,3.24,0.67
2022-10-11,TX-100,359,Supplier B,15,0.091,1997,IL,2.82,0.79
2022-12-29,TX-300,416,Supplier D,16,0.09,4920,IL,3.69,0.06
2023-05-19,TX-400,140,Supplier C,19,0.083,814,TX,4.78,0.02
2023-01-29,TX-400,138,Supplier D,23,0.023,2972,TX,1.71,0.31
2021-11-28,TX-300,369,Supplier A,17,0.073,1302,TX,5.26,0.64
2020-05-11,TX-100,424,Supplier A,12,0.059,191,FL,5.63,0.51
2023-11-05,TX-200,141,Supplier E,28,0.005,1623,CA,5.01,0.01
2023-03-01,TX-400,199,Supplier B,10,0.09,4819,NY,5.62,0.15
2022-11-09,TX-300,283,Supplier A,12,0.1,4079,CA,1.93,0.75
2021-06-19,TX-100,458,Supplier C,23,0.071,268,IL,3.53,0.3
2022-10-10,TX-500,386,Supplier C,25,0.023,1419,TX,1.82,0.12
2020-08-14,TX-200,108,Supplier D,12,0.055,2340,NY,5.27,0.05
2023-03-23,TX-300,234,Supplier A,11,0.011,969,IL,5.79,0.85
2022-04-01,TX-300,487,Supplier A,13,0.03,2866,TX,2.84,0.47
2022-05-20,TX-300,93,Supplier E,12,0.072,3457,NY,3.91,0.5
2021-02-08,TX-400,229,Supplier E,24,0.03,3387,CA,2.84,0.06
2020-07-20,TX-500,125,Supplier E,8,0.015,1074,IL,3.2,0.49
2020-02-07,TX-200,193,Supplier A,13,0.001,4556,FL,3.64,0.65
2022-07-30,TX-100,150,Supplier D,0,0.057,4238,NY,5.06,0.12
2020-07-06,TX-100,430,Supplier D,8,0.097,2328,NY,2.16,0.9
2022-12-16,TX-500,321,Supplier D,3,0.048,2658,CA,2.21,0.78
2022-07-29,TX-300,104,Supplier D,27,0.021,2609,CA,2.41,0.8
2022-11-09,TX-300,238,Supplier C,11,0.046,2433,IL,1.74,0.54
2020-09-29,TX-300,400,Supplier A,23,0.06,1420,FL,4.4,0.33
2023-02-16,TX-300,384,Supplier B,28,0.08,1679,TX,2.35,0.64
2021-08-05,TX-300,126,Supplier A,13,0.045,2008,NY,3.47,0.23
2021-05-30,TX-500,345,Supplier D,8,0.017,1884,NY,4.59,0.14
2023-05-29,TX-400,268,Supplier C,2,0.019,2015,IL,3.52,0.54
2021-06-09,TX-200,326,Supplier C,5,0.09,3080,TX,5.58,0.48
2020-12-01,TX-300,115,Supplier A,2,0.024,356,TX,4.96,0.15
2021-11-28,TX-400,185,Supplier B,0,0.073,1340,TX,2.73,0.53
2022-12-14,TX-100,283,Supplier D,25,0.027,2669,IL,2.09,0.55
2021-05-14,TX-500,248,Supplier C,21,0.072,849,NY,5.52,0.87
2022-06-18,TX-400,315,Supplier D,20,0.008,3422,CA,3.29,0.76
2022-02-04,TX-300,490,Supplier D,2,0.021,3386,NY,3.22,0.22
2021-06-19,TX-300,437,Supplier D,29,0.041,4852,CA,5.15,0.82
2020-06-10,TX-300,92,Supplier E,13,0.052,833,CA,1.54,0.97
2021-08-16,TX-400,410,Supplier D,19,0.035,2486,IL,3.53,0.72
2020-06-07,TX-300,277,Supplier D,1,0.057,4423,TX,4.71,0.79
2023-04-26,TX-400,276,Supplier B,11,0.033,1359,IL,5.32,0.27
2020-02-29,TX-300,112,Supplier B,25,0.068,2513,CA,5.48,0.99
2022-07-03,TX-100,220,Supplier E,9,0.051,3005,NY,3.6,0.18
2023-09-04,TX-100,299,Supplier E,12,0.071,2596,CA,5.31,0.75
2020-07-29,TX-200,387,Supplier D,29,0.043,2654,IL,1.66,0.4
2021-02-09,TX-300,299,Supplier C,19,0.088,3804,NY,2.87,0.36
2021-10-25,TX-300,356,Supplier C,3,0.038,2209,TX,1.55,0.29
2023-02-06,TX-400,287,Supplier A,18,0.031,3502,IL,2.24,0.44
2023-01-04,TX-400,105,Supplier C,21,0.056,4382,FL,4.76,0.79
2021-06-25,TX-300,220,Supplier C,0,0.051,1628,CA,1.52,0.94
2023-08-30,TX-200,457,Supplier B,24,0.052,950,TX,3.85,0.42
2022-09-24,TX-300,83,Supplier A,10,0.08,2401,TX,3.36,0.65
2023-02-14,TX-400,364,Supplier A,25,0.059,4774,NY,2.05,0.79
2022-07-15,TX-300,179,Supplier B,15,0.089,4509,IL,4.59,0.1
2022-05-17,TX-400,179,Supplier C,18,0.062,3723,CA,4.62,0.96
2020-01-19,TX-300,443,Supplier C,18,0.002,3395,FL,4.77,0.21
2021-03-07,TX-500,200,Supplier A,11,0.087,4626,CA,4.94,0.92
2022-01-09,TX-400,192,Supplier C,2,0.084,1479,IL,2.92,0.99
2023-10-05,TX-200,167,Supplier A,22,0.005,3598,TX,5.97,0.1
2020-07-01,TX-500,253,Supplier C,23,0.013,1515,FL,1.83,0.89
2020-04-22,TX-300,433,Supplier D,17,0.056,2369,NY,4.41,0.64
2023-04-21,TX-400,284,Supplier B,16,0.004,2907,IL,5.87,0.82
2021-04-25,TX-500,66,Supplier E,4,0.041,1899,CA,2.51,0.11
2023-03-15,TX-200,131,Supplier D,15,0.098,3708,IL,2.75,0.83
2022-04-10,TX-400,63,Supplier C,23,0.017,2913,NY,4.09,0.63
2023-02-10,TX-500,130,Supplier E,13,0.021,2102,CA,5.02,0.51
2022-02-01,TX-500,256,Supplier D,18,0.068,2219,FL,2.98,0.56
2021-04-20,TX-500,253,Supplier B,5,0.004,555,CA,5.27,0.74
2022-02-01,TX-100,428,Supplier E,2,0.082,3246,CA,2.58,0.3
2023-08-19,TX-300,321,Supplier E,5,0.02,4805,NY,5.43,0.94
2022-08-28,TX-400,81,Supplier B,11,0.053,2984,CA,2.64,0.31
2022-10-16,TX-400,72,Supplier D,19,0.025,1038,IL,4.28,0.88
2023-02-15,TX-400,151,Supplier E,29,0.066,1784,TX,3.11,0.01
2020-06-09,TX-500,211,Supplier B,10,0.059,2665,NY,2.95,0.92
2021-02-04,TX-300,147,Supplier D,6,0.095,3509,NY,3.09,0.85
2020-07-16,TX-200,193,Supplier C,26,0.045,2185,NY,3.75,0.12
2023-07-07,TX-400,467,Supplier A,25,0.087,2466,IL,5.3,0.74
2021-10-21,TX-300,153,Supplier C,0,0.058,239,IL,4.92,0.37
2022-12-06,TX-300,431,Supplier C,15,0.091,526,IL,3.52,0.48
2021-02-02,TX-100,466,Supplier A,15,0.029,3002,IL,2.77,0.07
2020-03-18,TX-400,373,Supplier C,16,0.055,2117,CA,5.34,0.21
2020-05-03,TX-500,220,Supplier C,14,0.039,1318,NY,5.42,0.95
2020-03-15,TX-300,113,Supplier B,20,0.007,4410,NY,3.54,0.42
2020-05-16,TX-300,293,Supplier B,8,0.057,2012,FL,4.63,0.03
2021-08-24,TX-200,120,Supplier D,4,0.079,4736,TX,3.16,0.52
2023-11-24,TX-100,323,Supplier E,19,0.056,3781,CA,2.17,0.99
2022-04-16,TX-300,418,Supplier D,7,0.028,2536,TX,2.95,0.33
2021-05-14,TX-300,174,Supplier B,28,0.026,1552,CA,4.57,0.14
2020-05-17,TX-500,432,Supplier B,20,0.024,1817,CA,4.96,0.64
2020-02-19,TX-500,366,Supplier A,0,0.098,2299,CA,5.33,0.92
2022-08-30,TX-200,380,Supplier A,6,0.04,3274,NY,1.58,0.86
2020-09-10,TX-200,156,Supplier B,10,0.032,1528,TX,3.69,0.66
2021-12-10,TX-200,197,Supplier C,19,0.042,1411,TX,2.73,0.18
2021-07-16,TX-500,444,Supplier D,25,0.012,846,IL,4.58,0.78
2022-01-26,TX-500,479,Supplier B,20,0.02,2889,TX,2.6,0.82
2023-12-20,TX-100,241,Supplier B,12,0.051,3206,IL,4.05,0.85
2021-06-30,TX-400,386,Supplier A,21,0.08,3014,FL,4.7,0.4
2023-08-18,TX-400,275,Supplier D,12,0.088,853,IL,4.97,0.41
2022-07-10,TX-100,291,Supplier D,6,0.087,583,CA,2.71,0.16
2021-08-03,TX-400,411,Supplier E,10,0.094,3692,NY,1.9,0.77
2023-10-04,TX-500,333,Supplier B,17,0.013,487,CA,2.48,0.74
2020-02-18,TX-400,481,Supplier E,29,0.004,1888,FL,4.2,0.1
2022-07-05,TX-500,212,Supplier A,0,0.011,644,NY,1.68,0.02
2023-01-02,TX-100,57,Supplier E,11,0.06,3006,FL,2.21,0.95
2021-12-04,TX-200,396,Supplier C,2,0.056,3065,CA,5.98,0.02
2020-09-17,TX-100,455,Supplier B,25,0.067,2846,NY,3.22,0.63
2020-12-21,TX-400,426,Supplier B,27,0.037,4776,FL,3.73,0.45
2023-07-07,TX-500,201,Supplier D,0,0.039,1261,IL,1.55,0.78
2021-09-29,TX-400,371,Supplier E,3,0.055,4326,TX,4.16,0.09
2022-01-12,TX-400,144,Supplier D,5,0.008,3422,CA,2.96,0.68
2023-08-11,TX-200,263,Supplier E,4,0.08,1758,IL,3.89,0.61
2022-10-06,TX-400,113,Supplier E,28,0.092,4561,FL,3.87,0.85
2022-07-19,TX-200,114,Supplier A,10,0.039,520,FL,5.85,0.52
2021-10-02,TX-500,430,Supplier E,19,0.074,4619,NY,2.71,0.73
2022-03-02,TX-500,319,Supplier D,22,0.055,1908,IL,4.07,0.44
2023-08-29,TX-200,74,Supplier E,12,0.024,4087,FL,3.22,0.98
2021-09-03,TX-100,149,Supplier E,10,0.007,4165,NY,3.4,0.56
2022-03-19,TX-500,154,Supplier B,26,0.025,2309,TX,1.75,0.75
2023-04-20,TX-100,180,Supplier B,5,0.06,4290,TX,4.6,0.09
2021-11-16,TX-500,438,Supplier B,18,0.004,1285,NY,2.38,0.46
2023-10-19,TX-500,370,Supplier C,24,0.084,1919,IL,3.61,0.06
2020-07-06,TX-300,487,Supplier B,14,0.097,4658,NY,3.45,0.12
2022-09-11,TX-400,68,Supplier C,20,0.008,1030,NY,3.61,0.51
2021-07-01,TX-400,274,Supplier C,12,0.025,4876,IL,3.19,0.35
2021-12-25,TX-100,155,Supplier D,9,0.068,3486,TX,2.59,0.46
2022-07-14,TX-400,103,Supplier B,0,0.081,1453,FL,3.52,0.5
2023-12-02,TX-100,443,Supplier E,12,0.035,756,TX,1.71,0.16
2022-05-25,TX-500,275,Supplier A,5,0.052,1305,IL,2.59,0.37
2021-09-09,TX-300,449,Supplier E,20,0.089,2967,CA,5.03,0.86
2021-02-17,TX-300,409,Supplier B,25,0.038,555,IL,5.29,0.86
2023-09-27,TX-500,479,Supplier E,23,0.008,4470,TX,4.72,0.49
2023-05-28,TX-200,462,Supplier B,19,0.099,2184,TX,4.35,0.75
2022-06-21,TX-200,64,Supplier B,11,0.018,2590,IL,5.15,0.75
2020-06-11,TX-400,97,Supplier E,16,0.005,974,IL,2.08,0.04
2023-05-28,TX-100,188,Supplier C,26,0.041,3207,IL,3.86,0.61
2020-09-26,TX-300,83,Supplier D,17,0.012,4263,TX,2.02,0.8
2021-09-23,TX-400,469,Supplier D,23,0.098,1533,NY,5.0,0.59
2022-06-24,TX-500,463,Supplier D,25,0.038,4555,CA,3.84,0.54
2023-11-24,TX-300,404,Supplier D,7,0.083,3292,NY,5.15,0.53
2023-04-20,TX-100,259,Supplier A,28,0.018,3838,TX,5.1,0.51
2020-07-23,TX-100,68,Supplier B,13,0.014,4129,NY,3.6,0.78
2021-08-04,TX-200,245,Supplier A,4,0.065,674,IL,3.74,0.64
2022-04-20,TX-400,375,Supplier D,21,0.091,1195,FL,1.63,0.22
2023-06-05,TX-500,164,Supplier D,1,0.011,2995,IL,3.86,0.43
2021-08-18,TX-300,466,Supplier E,26,0.059,2088,CA,4.55,0.53
2020-09-06,TX-100,401,Supplier D,27,0.008,389,IL,2.55,0.42
2022-05-24,TX-300,124,Supplier B,24,0.081,2567,FL,5.94,0.24
2020-07-14,TX-500,199,Supplier D,21,0.091,1688,TX,5.89,0.12
2021-11-20,TX-300,85,Supplier D,27,0.063,1578,NY,2.77,0.12
2022-12-29,TX-400,291,Supplier A,24,0.069,904,IL,4.71,0.3
2021-09-30,TX-200,200,Supplier B,10,0.006,711,NY,1.64,0.4
2023-11-23,TX-300,112,Supplier C,25,0.007,571,CA,4.5,0.68
2021-11-02,TX-200,203,Supplier E,2,0.018,2069,NY,4.31,0.98
2023-05-11,TX-500,237,Supplier C,21,0.027,4564,CA,5.2,0.9
2023-03-17,TX-200,272,Supplier A,25,0.076,509,CA,2.87,0.81
2022-08-01,TX-300,142,Supplier D,15,0.044,1725,IL,5.45,0.81
2020-07-17,TX-300,54,Supplier E,20,0.008,4059,FL,5.36,0.6
2023-12-20,TX-100,487,Supplier B,15,0.085,3674,NY,4.51,0.25
2021-05-06,TX-300,215,Supplier E,8,0.099,260,CA,3.63,0.47
2022-06-14,TX-200,495,Supplier A,12,0.046,2825,CA,4.28,0.14
2020-05-21,TX-100,74,Supplier D,9,0.051,3966,CA,4.78,0.57
2023-08-29,TX-300,147,Supplier A,16,0.008,4208,TX,5.89,0.02
2020-06-13,TX-300,317,Supplier B,24,0.038,3578,NY,2.05,0.19
2020-11-09,TX-500,199,Supplier C,20,0.037,2086,NY,2.91,0.71
2020-01-21,TX-100,442,Supplier D,16,0.097,1978,CA,5.01,0.28
2023-01-10,TX-500,301,Supplier D,9,0.066,3526,NY,3.34,0.42
2023-02-28,TX-500,133,Supplier A,7,0.078,3417,NY,4.53,0.83
2022-09-10,TX-500,334,Supplier A,6,0.013,4634,TX,2.1,0.04
2020-10-31,TX-400,221,Supplier A,13,0.042,520,CA,4.69,0.02
2021-01-05,TX-500,270,Supplier D,21,0.019,3993,NY,4.53,0.23
2022-05-02,TX-200,158,Supplier A,17,0.086,599,FL,4.14,0.68
2021-01-18,TX-300,76,Supplier E,20,0.015,345,CA,4.94,0.24
2021-03-20,TX-400,295,Supplier E,18,0.044,4541,NY,5.46,0.86
2021-02-28,TX-500,104,Supplier E,17,0.005,579,TX,5.23,0.35
2020-06-09,TX-300,182,Supplier D,13,0.063,1433,FL,2.07,0.28
2023-04-16,TX-100,101,Supplier A,9,0.048,2667,IL,4.85,0.23
2021-09-20,TX-100,302,Supplier B,0,0.05,4365,IL,3.52,0.57
2022-06-13,TX-300,318,Supplier A,8,0.01,4314,FL,3.0,0.86
2021-05-04,TX-200,347,Supplier D,17,0.051,857,IL,5.46,0.41
2022-10-13,TX-300,448,Supplier E,12,0.056,2210,FL,4.02,0.25
2020-11-22,TX-300,128,Supplier D,26,0.096,208,NY,3.76,0.42
2021-08-20,TX-400,67,Supplier A,16,0.003,845,IL,5.03,0.9
2022-10-11,TX-100,355,Supplier D,29,0.092,1616,IL,3.99,0.33
2020-10-15,TX-100,307,Supplier B,22,0.048,1723,FL,5.36,0.66
2021-08-15,TX-500,392,Supplier D,24,0.021,4612,NY,1.96,0.33
2021-07-26,TX-300,156,Supplier C,21,0.067,1448,NY,4.99,0.67
2023-10-09,TX-300,446,Supplier D,15,0.052,3411,CA,2.24,0.88
2020-01-28,TX-200,96,Supplier A,23,0.023,809,CA,2.51,0.6
2022-08-11,TX-100,295,Supplier C,10,0.063,3687,NY,2.31,0.95
2020-02-12,TX-200,138,Supplier E,22,0.047,4813,FL,2.57,0.6
2021-02-26,TX-400,252,Supplier A,8,0.069,4447,TX,4.79,0.97
2020-06-25,TX-500,483,Supplier B,6,0.069,837,TX,4.45,0.72
2021-06-12,TX-200,289,Supplier D,28,0.047,2651,CA,2.53,0.65
2022-08-23,TX-100,317,Supplier D,21,0.039,2301,IL,2.72,0.83
2020-07-16,TX-400,62,Supplier A,0,0.006,4793,TX,1.95,0.01
2021-09-01,TX-300,186,Supplier D,8,0.049,1541,IL,3.36,0.26
2022-04-21,TX-400,364,Supplier D,9,0.024,783,IL,3.2,0.22
2022-05-02,TX-200,222,Supplier E,15,0.005,2020,NY,2.16,0.11
2020-01-22,TX-100,279,Supplier D,20,0.033,2307,TX,5.26,0.94
2023-02-09,TX-200,247,Supplier D,28,0.009,3451,TX,5.34,0.13
2022-12-16,TX-300,292,Supplier E,17,0.058,2319,IL,1.99,0.26
2022-12-25,TX-300,92,Supplier D,13,0.05,4084,IL,2.7,0.34
2022-04-21,TX-100,379,Supplier E,27,0.079,3515,NY,4.81,0.62
2020-04-07,TX-500,328,Supplier B,10,0.027,370,FL,5.41,0.77
2023-03-13,TX-400,128,Supplier D,23,0.037,1989,TX,1.82,0.6
2021-03-10,TX-400,478,Supplier A,28,0.069,4824,TX,5.56,0.75
2021-09-28,TX-300,328,Supplier C,3,0.099,1379,NY,1.78,0.4
2023-01-14,TX-200,281,Supplier B,29,0.09,4094,NY,4.35,1.0
2021-08-10,TX-200,150,Supplier D,18,0.052,3564,FL,1.6,0.17
2020-12-09,TX-500,211,Supplier A,12,0.068,2930,IL,5.68,0.4
2023-08-10,TX-200,193,Supplier C,0,0.053,1667,TX,3.09,0.83
2021-07-24,TX-400,496,Supplier E,20,0.043,2137,IL,4.42,0.25
2021-09-02,TX-200,158,Supplier D,18,0.06,893,TX,2.33,0.75
2020-08-30,TX-500,484,Supplier E,14,0.039,1130,NY,2.95,0.36
2021-07-14,TX-400,282,Supplier B,19,0.028,959,NY,4.86,0.18
2022-08-17,TX-200,160,Supplier C,14,0.071,4634,NY,5.88,0.4
2020-02-01,TX-400,465,Supplier C,24,0.087,650,FL,5.96,0.78
2021-01-25,TX-300,471,Supplier E,10,0.029,1665,TX,5.14,0.11
2020-10-03,TX-300,281,Supplier E,29,0.071,777,NY,5.31,0.52
2021-06-15,TX-300,489,Supplier B,22,0.043,561,FL,5.86,0.74
2023-03-23,TX-200,287,Supplier A,26,0.03,1622,IL,1.68,0.75
2021-01-17,TX-500,246,Supplier D,4,0.062,1334,FL,2.27,0.39
2022-12-27,TX-400,322,Supplier A,23,0.094,1236,FL,1.74,0.47
2022-06-02,TX-100,135,Supplier C,21,0.035,4312,CA,3.76,0.86
2020-08-01,TX-300,344,Supplier D,9,0.076,4758,IL,5.81,0.21
2021-01-10,TX-300,90,Supplier B,17,0.031,2348,CA,4.12,0.99
2022-01-13,TX-100,97,Supplier A,6,0.08,223,TX,4.0,0.42
2020-07-31,TX-100,461,Supplier A,0,0.076,4351,FL,5.22,0.28
2020-03-19,TX-200,126,Supplier D,2,0.077,4604,FL,5.68,0.0
2021-09-19,TX-400,227,Supplier B,27,0.1,4661,FL,4.64,0.13
2021-08-26,TX-300,306,Supplier B,0,0.014,4949,FL,5.53,0.76
2022-02-20,TX-500,166,Supplier A,29,0.039,4967,CA,2.29,0.65
2023-11-05,TX-200,483,Supplier A,16,0.063,4030,TX,3.77,0.25
2022-09-27,TX-200,68,Supplier E,14,0.059,3876,CA,3.14,0.93
2021-11-10,TX-500,108,Supplier D,4,0.078,2984,FL,3.0,0.84
2020-02-27,TX-500,245,Supplier B,21,0.005,4589,TX,2.46,0.27
2022-11-15,TX-500,156,Supplier C,15,0.071,2197,IL,5.52,0.33
2022-05-30,TX-100,474,Supplier D,11,0.074,2872,CA,3.53,0.18
2021-03-22,TX-300,443,Supplier E,18,0.006,1901,NY,3.89,0.64
2020-03-06,TX-100,333,Supplier D,13,0.054,3773,IL,2.74,0.7
2023-07-01,TX-300,83,Supplier A,2,0.024,243,IL,5.83,0.4
2022-12-03,TX-100,344,Supplier D,18,0.08,265,FL,4.25,0.74
2023-01-25,TX-400,300,Supplier D,0,0.005,3238,FL,1.5,0.99
2022-10-08,TX-300,175,Supplier D,20,0.015,168,IL,2.71,0.61
2020-08-14,TX-200,388,Supplier C,0,0.01,2601,CA,6.0,0.65
2022-02-12,TX-300,155,Supplier E,25,0.007,124,TX,5.89,0.37
2021-11-09,TX-300,489,Supplier D,9,0.06,4028,CA,3.95,0.01
2023-12-30,TX-300,229,Supplier D,2,0.087,2457,CA,4.04,0.95
2021-08-23,TX-400,159,Supplier C,12,0.051,4207,IL,5.56,0.77
2021-01-13,TX-100,277,Supplier B,5,0.021,676,CA,4.69,0.7
2023-04-16,TX-200,170,Supplier D,10,0.034,4429,TX,5.69,0.03
2023-12-21,TX-100,156,Supplier D,5,0.036,2982,IL,3.66,0.76
2021-12-09,TX-100,180,Supplier B,2,0.045,690,CA,5.89,0.67
2020-11-02,TX-500,72,Supplier D,15,0.042,1767,FL,3.93,0.57
2022-02-17,TX-400,194,Supplier D,8,0.067,1398,CA,4.4,0.62
2021-05-18,TX-500,376,Supplier D,7,0.034,4808,IL,1.87,0.92
2020-09-24,TX-400,203,Supplier E,26,0.066,4347,IL,4.25,0.01
2020-01-08,TX-100,156,Supplier A,2,0.055,3623,FL,4.95,0.16
2021-05-22,TX-100,195,Supplier E,4,0.005,2363,IL,3.48,0.89
2021-04-20,TX-400,301,Supplier B,20,0.092,4854,NY,3.76,0.01
2023-08-13,TX-100,351,Supplier E,13,0.018,3963,IL,3.27,0.9
2020-06-12,TX-100,119,Supplier E,4,0.045,4505,CA,5.86,0.03
2021-04-29,TX-200,80,Supplier C,18,0.095,4344,TX,3.64,0.78
2022-12-31,TX-500,142,Supplier B,4,0.025,3627,CA,2.07,0.89
2021-07-20,TX-500,186,Supplier B,20,0.002,3446,IL,1.63,0.61
2022-06-23,TX-500,423,Supplier B,19,0.049,3118,NY,4.98,0.64
2021-07-12,TX-300,212,Supplier E,19,0.022,1304,CA,3.96,0.05
2020-08-25,TX-200,130,Supplier B,1,0.058,3976,TX,1.51,0.21
2023-02-01,TX-500,365,Supplier C,24,0.082,2351,CA,3.22,0.9
2023-05-18,TX-500,125,Supplier D,6,0.051,4659,FL,5.61,0.82
2021-07-07,TX-200,112,Supplier E,0,0.065,1073,NY,5.76,0.06
2022-04-07,TX-100,149,Supplier D,20,0.067,4522,IL,1.74,0.81
2021-04-12,TX-500,485,Supplier D,17,0.082,4344,CA,2.06,0.42
2023-07-15,TX-100,97,Supplier E,9,0.069,1400,CA,1.52,0.56
2021-01-20,TX-500,494,Supplier E,5,0.098,4108,CA,5.41,0.11
2022-02-13,TX-400,457,Supplier B,6,0.046,134,CA,1.82,0.4
2022-04-27,TX-300,123,Supplier C,11,0.005,100,TX,1.99,0.43
2021-01-21,TX-500,363,Supplier E,17,0.039,2615,FL,2.52,0.67
2022-05-26,TX-400,241,Supplier D,10,0.084,2750,FL,5.63,0.66
2020-09-15,TX-200,79,Supplier E,21,0.013,2040,NY,4.6,0.55
2020-10-09,TX-400,206,Supplier C,28,0.074,1120,NY,4.28,0.03
2020-02-09,TX-200,315,Supplier A,18,0.054,191,TX,5.03,0.16
2021-04-30,TX-500,305,Supplier D,24,0.09,4789,FL,4.62,0.16
2022-07-17,TX-200,88,Supplier A,3,0.073,3991,NY,4.86,0.89
2020-08-07,TX-400,104,Supplier A,18,0.066,2246,IL,1.83,0.9
2023-02-26,TX-300,77,Supplier C,12,0.089,4193,FL,4.15,0.81
2022-10-11,TX-100,451,Supplier E,26,0.091,2657,CA,4.89,0.17
2022-10-20,TX-100,474,Supplier A,18,0.038,1688,FL,4.05,0.84
2021-09-04,TX-300,167,Supplier B,1,0.093,1976,IL,1.55,0.19
2022-07-16,TX-100,419,Supplier E,27,0.005,3763,CA,2.45,0.55
2021-11-18,TX-500,258,Supplier D,8,0.076,3995,FL,5.83,0.73
2021-09-04,TX-500,124,Supplier E,7,0.034,3514,CA,4.67,0.05
2020-09-16,TX-400,114,Supplier C,20,0.049,1061,CA,4.6,0.6
2022-09-16,TX-400,386,Supplier C,13,0.084,4441,TX,4.47,0.25
2022-08-23,TX-200,405,Supplier D,29,0.064,2948,IL,2.08,0.5
2020-12-31,TX-400,149,Supplier D,28,0.046,3643,TX,1.52,0.38
2021-06-27,TX-500,95,Supplier D,8,0.016,4474,FL,3.48,0.69
2021-10-10,TX-400,365,Supplier C,12,0.094,2921,CA,3.5,0.49
2022-03-24,TX-100,442,Supplier E,17,0.033,952,FL,5.15,0.3
2022-11-05,TX-200,478,Supplier A,5,0.01,3681,FL,2.32,0.91
2023-02-26,TX-200,493,Supplier A,22,0.056,4626,TX,2.74,0.96
2021-07-28,TX-500,205,Supplier B,21,0.041,2589,FL,1.85,0.8
2023-02-06,TX-400,289,Supplier C,2,0.059,3931,IL,3.3,0.58
2022-10-09,TX-100,402,Supplier D,9,0.023,3632,CA,2.65,0.88
2021-10-31,TX-400,308,Supplier E,29,0.038,2412,NY,2.68,0.6
2020-09-25,TX-300,484,Supplier C,9,0.097,2592,IL,2.64,0.15
2023-03-31,TX-400,185,Supplier B,9,0.094,2370,NY,2.54,0.02
2023-07-07,TX-500,419,Supplier A,8,0.086,368,NY,2.94,0.73
2022-07-12,TX-400,247,Supplier E,29,0.078,2798,TX,3.92,0.75
2023-01-30,TX-200,236,Supplier A,11,0.016,3502,NY,3.47,0.93
2020-09-03,TX-100,165,Supplier E,23,0.047,4177,CA,1.79,0.82
2020-05-10,TX-500,494,Supplier D,7,0.073,532,TX,3.42,0.64
2020-12-18,TX-300,107,Supplier E,23,0.026,902,IL,5.31,0.19
2020-07-14,TX-100,119,Supplier D,8,0.003,1403,IL,1.95,0.59
2022-07-18,TX-100,142,Supplier C,16,0.042,3028,IL,5.75,0.43
2023-11-06,TX-200,278,Supplier A,7,0.043,4763,FL,2.89,0.23
2022-10-18,TX-200,445,Supplier E,17,0.007,842,TX,1.57,0.8
2021-10-06,TX-200,186,Supplier E,19,0.032,782,TX,2.64,0.15
2020-08-14,TX-500,154,Supplier B,16,0.092,3158,TX,1.81,0.63
2021-12-01,TX-400,354,Supplier A,27,0.025,1949,CA,4.05,0.61
2020-09-21,TX-100,388,Supplier C,5,0.057,1401,TX,2.92,0.3
2023-10-27,TX-400,66,Supplier D,9,0.049,1895,CA,5.13,0.43
2023-12-28,TX-400,103,Supplier C,0,0.086,995,IL,4.8,0.12
2021-10-07,TX-200,161,Supplier B,27,0.065,580,FL,3.61,0.03
2020-07-29,TX-400,221,Supplier C,20,0.016,4137,NY,4.02,0.01
2023-11-01,TX-100,465,Supplier D,24,0.014,390,FL,4.24,0.17
2023-11-19,TX-100,468,Supplier A,0,0.056,2794,FL,2.72,0.87
2022-07-31,TX-300,354,Supplier B,8,0.005,3910,FL,2.13,0.52
2023-10-19,TX-500,487,Supplier E,19,0.039,2074,NY,3.19,0.12
2021-04-01,TX-400,193,Supplier E,2,0.04,4114,CA,1.93,0.91
2021-12-25,TX-500,134,Supplier A,23,0.02,289,IL,2.92,0.57
2023-06-03,TX-500,61,Supplier C,5,0.03,476,NY,3.99,0.03
2022-09-08,TX-500,301,Supplier E,6,0.033,358,IL,3.93,0.76
2023-02-28,TX-500,265,Supplier B,8,0.001,926,CA,2.04,0.47
2021-08-10,TX-100,175,Supplier D,4,0.081,2519,IL,1.54,0.53
2021-04-20,TX-400,147,Supplier C,28,0.096,1930,CA,1.9,0.61
2022-09-12,TX-300,441,Supplier D,15,0.029,3116,NY,1.66,0.09
2023-07-24,TX-500,454,Supplier C,1,0.011,2252,NY,3.3,0.95
2020-06-04,TX-300,353,Supplier B,2,0.095,1549,IL,3.25,0.26
2023-05-26,TX-100,441,Supplier D,2,0.074,3024,IL,2.59,0.62
2020-07-08,TX-100,77,Supplier B,19,0.089,3432,FL,2.47,0.86
2023-12-11,TX-200,385,Supplier D,25,0.036,3217,FL,3.28,0.33
2022-09-07,TX-500,315,Supplier C,22,0.048,4839,IL,1.89,0.63
2021-06-29,TX-200,101,Supplier B,27,0.093,3697,FL,2.46,0.99
2020-02-10,TX-300,192,Supplier C,9,0.046,2414,IL,3.33,0.85
2020-11-02,TX-400,181,Supplier C,21,0.067,1657,TX,1.93,0.78
2022-07-31,TX-200,395,Supplier D,2,0.07,1816,FL,5.28,0.44
2020-12-03,TX-100,256,Supplier D,14,0.084,3567,IL,4.54,0.45
2023-08-30,TX-500,111,Supplier B,13,0.098,1272,TX,3.22,0.49
2023-01-03,TX-300,412,Supplier E,22,0.033,2427,FL,2.18,0.69
2022-08-10,TX-100,181,Supplier A,3,0.025,4720,NY,2.37,0.14
2020-10-05,TX-400,90,Supplier D,9,0.008,3011,IL,2.04,0.86
2023-04-14,TX-500,250,Supplier C,10,0.086,1607,NY,2.22,0.02
2022-06-14,TX-400,148,Supplier A,10,0.029,2064,FL,3.4,0.17
2020-09-29,TX-400,360,Supplier B,7,0.005,4993,TX,2.61,0.48
2022-04-16,TX-500,333,Supplier A,22,0.087,3235,IL,5.48,0.25
2021-09-11,TX-500,406,Supplier A,22,0.051,4617,TX,5.82,0.37
2022-05-11,TX-400,96,Supplier E,8,0.084,3829,NY,4.61,0.33
2022-07-19,TX-300,186,Supplier E,7,0.055,1004,IL,5.14,0.27
2020-10-15,TX-500,179,Supplier A,11,0.031,4921,NY,2.65,0.38
2021-12-24,TX-100,244,Supplier E,16,0.013,3299,NY,4.49,0.51
2022-06-11,TX-200,166,Supplier E,22,0.044,2441,TX,1.76,0.48
2020-09-28,TX-300,413,Supplier A,14,0.003,3498,FL,5.82,0.81
2022-12-25,TX-500,481,Supplier D,18,0.06,2951,NY,4.52,0.31
2021-04-27,TX-500,118,Supplier E,27,0.043,1245,NY,2.93,0.28
2022-07-24,TX-300,77,Supplier A,19,0.014,3694,CA,4.98,0.5
2020-09-04,TX-200,384,Supplier D,5,0.053,483,TX,1.57,0.05
2020-06-04,TX-400,63,Supplier E,4,0.08,2086,NY,3.19,0.11
2022-12-06,TX-100,95,Supplier A,7,0.097,2430,CA,5.53,0.8
2021-03-29,TX-500,446,Supplier E,17,0.053,2911,TX,2.68,0.49
2020-07-19,TX-200,65,Supplier D,20,0.013,1066,IL,4.51,0.07
2020-05-03,TX-100,473,Supplier A,20,0.081,718,FL,3.12,0.44
2020-01-01,TX-300,258,Supplier D,14,0.07,1119,TX,3.27,0.4
2022-08-25,TX-500,207,Supplier C,2,0.095,2053,NY,4.86,0.25
2022-05-04,TX-400,386,Supplier B,13,0.054,4144,CA,5.6,0.37
2021-10-01,TX-300,276,Supplier C,25,0.036,305,CA,2.25,0.19
2020-07-09,TX-500,498,Supplier E,14,0.096,3892,IL,2.75,0.45
2021-05-30,TX-200,290,Supplier D,12,0.054,738,CA,3.7,0.41
2021-03-17,TX-100,107,Supplier A,20,0.002,3717,NY,4.26,0.61
2020-05-22,TX-100,353,Supplier D,19,0.047,163,TX,3.61,0.94
2023-04-29,TX-500,354,Supplier E,26,0.0,3188,IL,5.12,0.19
2021-06-16,TX-300,394,Supplier A,20,0.074,3932,FL,4.96,0.42
2020-08-14,TX-400,179,Supplier C,25,0.057,3276,FL,3.32,0.56
2023-08-29,TX-200,266,Supplier D,8,0.011,4028,NY,1.68,0.55
2022-08-06,TX-500,63,Supplier B,22,0.081,3791,IL,2.38,0.66
2023-08-18,TX-200,408,Supplier E,16,0.054,3905,IL,3.69,0.27
2021-04-04,TX-100,426,Supplier E,18,0.011,4423,NY,5.67,0.63
2023-11-25,TX-400,292,Supplier D,24,0.016,4897,IL,4.05,0.2
2021-07-04,TX-200,194,Supplier C,3,0.082,4123,CA,3.89,0.13
2021-01-27,TX-500,428,Supplier C,19,0.036,494,CA,4.76,0.83
2022-04-24,TX-400,464,Supplier B,9,0.082,1336,NY,2.19,0.47
2023-05-15,TX-300,443,Supplier B,21,0.007,2880,NY,2.16,0.4
2020-07-28,TX-500,375,Supplier D,2,0.024,1959,CA,3.05,0.93
2023-02-12,TX-200,152,Supplier A,18,0.076,1120,TX,5.98,0.71
2021-10-07,TX-400,266,Supplier C,8,0.064,3572,NY,5.44,0.68
2023-06-28,TX-500,407,Supplier A,28,0.031,4748,CA,4.56,0.19
2020-08-06,TX-400,470,Supplier A,4,0.094,2869,TX,3.26,0.21
2021-02-10,TX-400,113,Supplier D,13,0.021,432,TX,4.0,0.48
2023-10-09,TX-400,207,Supplier B,6,0.085,4525,CA,2.87,0.65
2022-06-06,TX-200,211,Supplier A,20,0.07,3057,CA,4.53,0.4
2021-07-11,TX-500,67,Supplier D,5,0.012,1388,IL,3.38,0.06
2021-07-03,TX-100,265,Supplier B,23,0.056,2318,TX,2.04,0.68
2020-05-21,TX-100,368,Supplier A,7,0.093,2148,FL,2.47,0.77
2021-09-03,TX-200,98,Supplier A,1,0.062,975,IL,4.24,0.94
2021-05-15,TX-200,105,Supplier B,26,0.053,3008,IL,4.63,0.41
2022-04-19,TX-400,396,Supplier B,24,0.037,2388,TX,1.93,0.26
2021-12-02,TX-500,107,Supplier E,25,0.079,4779,TX,5.14,0.93
2021-08-18,TX-500,204,Supplier E,27,0.091,3956,TX,5.21,0.72
2020-10-07,TX-300,104,Supplier D,27,0.075,4152,NY,4.75,0.06
2021-02-27,TX-300,390,Supplier D,27,0.073,4796,CA,4.58,0.58
2022-05-05,TX-100,68,Supplier C,13,0.019,2288,CA,2.54,0.03
2020-09-26,TX-300,200,Supplier E,21,0.083,3504,CA,5.64,0.23
2020-06-02,TX-300,408,Supplier B,6,0.004,4882,TX,2.71,0.07
2021-09-05,TX-100,417,Supplier E,2,0.076,4586,IL,2.32,0.2
2021-10-23,TX-100,157,Supplier D,19,0.021,1178,TX,4.37,0.49
2020-03-23,TX-300,96,Supplier D,21,0.049,4685,TX,3.14,0.3
2022-08-04,TX-500,256,Supplier D,22,0.07,1455,IL,5.7,0.09
2022-06-17,TX-300,412,Supplier B,5,0.076,369,FL,3.57,0.48
2023-12-20,TX-400,499,Supplier A,20,0.089,4557,NY,2.24,0.71
2023-07-22,TX-400,484,Supplier D,13,0.028,4340,FL,5.81,0.05
2020-10-10,TX-400,389,Supplier E,11,0.022,688,TX,3.82,0.88
2022-09-06,TX-200,461,Supplier A,17,0.1,1252,CA,3.83,0.65
2020-06-21,TX-400,177,Supplier E,11,0.021,474,CA,3.24,0.52
2023-09-12,TX-500,234,Supplier D,6,0.067,1746,IL,5.26,0.4
2022-12-22,TX-200,107,Supplier B,4,0.095,3172,TX,2.79,0.39
2023-01-01,TX-200,192,Supplier A,11,0.09,3538,IL,1.56,0.34
2022-02-01,TX-400,449,Supplier A,8,0.044,2685,IL,3.74,0.12
2023-10-30,TX-300,146,Supplier D,28,0.064,1751,NY,5.67,0.08
2021-09-24,TX-100,96,Supplier D,10,0.053,3205,IL,2.73,0.31
2022-02-25,TX-300,240,Supplier D,3,0.035,4513,TX,2.7,0.67
2022-07-31,TX-300,189,Supplier C,13,0.014,3915,NY,4.82,0.29
2022-10-08,TX-200,152,Supplier B,25,0.08,4780,CA,4.99,0.81
2021-02-01,TX-200,280,Supplier B,11,0.009,2710,NY,3.46,0.38
2023-02-17,TX-200,476,Supplier D,17,0.061,3382,TX,5.25,0.63
2022-07-22,TX-500,389,Supplier C,6,0.059,1850,FL,2.27,0.43
2021-11-06,TX-500,462,Supplier D,22,0.033,2700,NY,3.15,0.5
2022-07-24,TX-100,98,Supplier D,0,0.014,4506,FL,3.32,0.25
2021-04-09,TX-200,436,Supplier B,26,0.08,3071,NY,2.91,0.51
2020-10-12,TX-400,161,Supplier C,29,0.046,4289,NY,2.48,0.11
2020-09-21,TX-200,365,Supplier B,12,0.073,4384,IL,3.02,0.39
2020-11-15,TX-500,371,Supplier D,15,0.002,4842,FL,1.58,0.45
2021-11-03,TX-200,136,Supplier E,4,0.007,1841,FL,4.67,0.7
2023-10-31,TX-500,431,Supplier A,18,0.018,3685,NY,4.58,0.4
2022-03-30,TX-200,331,Supplier D,24,0.011,1614,TX,3.53,0.67
2020-03-29,TX-400,376,Supplier C,8,0.019,3924,TX,2.95,0.17
2023-05-11,TX-100,301,Supplier E,22,0.069,3941,FL,3.45,0.03
2022-03-31,TX-400,123,Supplier C,27,0.005,4289,IL,5.71,0.51
2022-09-27,TX-500,96,Supplier D,8,0.004,2461,IL,4.22,0.47
2020-11-29,TX-300,125,Supplier D,11,0.003,2066,TX,4.79,0.67
2020-08-09,TX-400,145,Supplier A,17,0.07,3744,IL,2.53,0.31
2020-02-10,TX-200,475,Supplier C,26,0.054,459,NY,1.93,0.03
2020-03-08,TX-100,80,Supplier E,25,0.037,1081,NY,1.87,0.72
2022-09-14,TX-200,71,Supplier A,23,0.068,1909,FL,3.62,0.94
2021-05-28,TX-200,66,Supplier C,25,0.055,4593,CA,4.73,0.39
2023-02-24,TX-400,261,Supplier D,9,0.001,4732,TX,4.98,0.61
2023-07-02,TX-100,197,Supplier A,25,0.084,493,TX,4.74,0.54
2021-11-25,TX-300,284,Supplier D,28,0.035,1479,CA,5.61,0.57
2022-11-05,TX-200,441,Supplier B,16,0.04,147,IL,1.73,0.87
2021-04-21,TX-100,403,Supplier B,18,0.078,1555,NY,5.35,0.74
2022-12-21,TX-300,354,Supplier A,23,0.019,2848,NY,4.47,0.77
2022-05-30,TX-200,136,Supplier A,10,0.001,2200,TX,2.29,0.09
2021-03-07,TX-100,87,Supplier C,15,0.091,2388,TX,4.57,0.15
2020-09-24,TX-400,102,Supplier E,7,0.051,3230,IL,3.8,0.66
2022-11-24,TX-200,77,Supplier E,29,0.035,1309,IL,3.12,0.54
2022-02-17,TX-200,126,Supplier B,25,0.082,1264,TX,2.62,0.77
2021-05-08,TX-100,462,Supplier B,23,0.003,2122,IL,3.59,0.09
2021-10-22,TX-200,249,Supplier B,26,0.02,1180,CA,2.58,0.57
2023-09-10,TX-300,444,Supplier D,14,0.016,4645,NY,1.87,0.49
2023-08-20,TX-200,480,Supplier E,27,0.074,3639,TX,5.31,0.85
2023-07-23,TX-500,222,Supplier A,10,0.031,4628,CA,4.17,0.19
2022-10-09,TX-300,323,Supplier B,6,0.077,1803,CA,3.14,0.35
2023-05-09,TX-100,99,Supplier C,1,0.004,3511,FL,3.51,0.15
2023-09-09,TX-300,394,Supplier A,18,0.061,1637,TX,5.39,0.45
2022-11-24,TX-500,226,Supplier A,8,0.032,2329,FL,2.94,0.88
2022-09-03,TX-500,455,Supplier A,17,0.019,1425,CA,3.21,0.67
2021-04-26,TX-200,350,Supplier E,12,0.082,282,TX,4.95,0.74
2021-12-28,TX-200,494,Supplier B,22,0.041,4127,FL,2.4,0.09
2021-04-24,TX-400,276,Supplier C,0,0.057,1633,NY,4.47,0.45
2022-12-24,TX-300,176,Supplier D,18,0.003,3585,TX,3.45,0.84
2022-10-28,TX-400,398,Supplier C,12,0.079,255,FL,3.75,0.84
2023-08-17,TX-500,70,Supplier C,13,0.029,2244,IL,5.04,0.99
2020-12-08,TX-200,248,Supplier C,16,0.069,1492,TX,5.97,0.53
2023-12-25,TX-200,238,Supplier D,21,0.076,4984,IL,5.24,0.0
2023-12-18,TX-200,381,Supplier C,19,0.012,957,TX,2.22,0.9
2020-11-27,TX-100,469,Supplier C,0,0.03,4377,FL,2.51,0.96
2021-03-13,TX-500,201,Supplier B,4,0.072,4107,FL,3.34,0.93
2020-06-22,TX-200,209,Supplier B,29,0.023,4958,TX,4.74,0.77
2021-07-12,TX-500,396,Supplier B,19,0.085,3079,CA,3.79,0.21
2021-06-10,TX-200,492,Supplier A,13,0.031,4778,FL,5.56,0.14
2021-10-20,TX-300,145,Supplier C,26,0.04,3767,TX,1.72,0.7
2020-01-26,TX-500,401,Supplier E,25,0.01,4503,TX,2.66,0.14
2022-03-30,TX-400,124,Supplier E,29,0.015,1799,NY,2.49,0.95
2021-08-27,TX-100,415,Supplier E,26,0.028,3716,IL,4.85,0.45
2021-02-09,TX-400,131,Supplier D,25,0.005,2200,NY,3.59,0.03
2020-08-19,TX-500,177,Supplier B,17,0.019,2363,IL,1.57,0.15
2021-06-16,TX-200,408,Supplier B,12,0.041,813,IL,4.98,0.29
2021-05-19,TX-500,182,Supplier B,22,0.038,2185,NY,3.13,0.7
2020-06-27,TX-100,449,Supplier D,11,0.02,1551,CA,2.67,0.74
2020-05-11,TX-500,188,Supplier C,14,0.008,1497,TX,2.32,0.21
2020-12-13,TX-200,295,Supplier A,23,0.032,4995,FL,5.76,0.65
2021-06-23,TX-400,340,Supplier B,3,0.075,524,TX,5.74,0.03
2022-02-10,TX-300,161,Supplier C,8,0.051,1128,NY,1.84,0.1
2023-11-30,TX-400,252,Supplier E,2,0.095,790,CA,2.55,0.54
2020-03-16,TX-200,219,Supplier A,28,0.014,4110,FL,4.41,0.7
2021-08-01,TX-200,136,Supplier E,21,0.021,3679,FL,4.52,0.91
2022-05-03,TX-100,168,Supplier C,10,0.028,2927,CA,3.38,0.44
2020-07-12,TX-500,147,Supplier C,29,0.001,3624,FL,4.06,0.12
2023-03-31,TX-500,289,Supplier E,14,0.094,299,FL,4.66,0.93
2020-12-12,TX-400,386,Supplier A,15,0.045,875,CA,5.78,0.44
2022-08-08,TX-300,187,Supplier E,29,0.048,325,NY,4.76,0.5
2023-10-16,TX-300,131,Supplier E,6,0.016,4666,NY,2.0,0.85
2023-01-15,TX-100,285,Supplier E,6,0.087,2165,FL,4.73,0.59
2023-07-09,TX-200,185,Supplier A,21,0.069,1878,NY,1.8,0.3
2020-08-01,TX-100,331,Supplier D,8,0.043,728,NY,3.76,0.54
2021-07-26,TX-500,52,Supplier A,16,0.088,2157,FL,3.87,0.62
2022-02-18,TX-200,108,Supplier E,12,0.091,140,FL,5.0,0.89
2020-09-18,TX-100,165,Supplier B,8,0.005,2191,NY,1.55,0.23
2021-12-30,TX-400,180,Supplier B,28,0.012,2344,IL,5.44,0.56
2020-10-09,TX-500,471,Supplier C,8,0.003,398,CA,4.49,0.92
2023-11-04,TX-300,435,Supplier D,19,0.058,4404,NY,1.64,0.05
2020-12-27,TX-100,450,Supplier C,28,0.022,558,NY,2.22,0.19
2021-03-16,TX-500,250,Supplier C,27,0.084,978,IL,1.68,0.35
2020-04-02,TX-500,341,Supplier B,11,0.047,1910,TX,4.95,0.68
2022-01-22,TX-300,391,Supplier A,20,0.084,888,TX,2.27,0.84
2022-05-16,TX-300,147,Supplier C,18,0.056,3995,CA,1.71,0.2
2023-12-18,TX-300,265,Supplier C,22,0.08,482,FL,2.12,0.25
2020-05-21,TX-100,173,Supplier D,14,0.037,1550,NY,4.02,0.82
2023-08-07,TX-300,122,Supplier B,17,0.095,3515,IL,3.73,0.15
2023-12-26,TX-400,415,Supplier A,7,0.067,2695,FL,2.61,0.26
2022-01-18,TX-500,427,Supplier D,24,0.06,4702,FL,5.74,0.73
2021-10-14,TX-300,179,Supplier A,5,0.035,3689,TX,5.35,0.17
2021-12-01,TX-500,467,Supplier A,24,0.094,429,NY,2.92,0.83
2022-09-24,TX-200,76,Supplier C,5,0.034,3154,CA,3.64,0.49
2020-02-18,TX-200,214,Supplier D,2,0.084,2635,IL,3.83,0.45
2023-08-18,TX-300,455,Supplier C,25,0.04,1119,NY,4.9,0.14
2022-05-30,TX-500,117,Supplier E,2,0.077,3608,FL,3.43,0.68
2023-04-28,TX-200,63,Supplier A,1,0.091,3921,FL,3.96,0.88
2023-03-05,TX-300,147,Supplier D,4,0.047,4629,CA,3.36,0.69
2021-07-08,TX-500,328,Supplier B,28,0.053,1927,TX,4.93,0.32
2021-02-07,TX-300,477,Supplier C,29,0.033,4211,CA,4.0,0.7
2022-06-10,TX-500,498,Supplier E,19,0.005,719,CA,5.23,0.51
2022-05-14,TX-200,420,Supplier E,11,0.065,788,NY,1.74,0.85
2021-08-24,TX-300,296,Supplier E,5,0.012,2212,TX,5.57,0.46
2020-12-06,TX-200,161,Supplier C,15,0.035,4770,FL,5.19,0.24
2021-12-04,TX-300,256,Supplier B,4,0.035,919,TX,5.18,0.1
2020-11-13,TX-100,401,Supplier D,5,0.015,2351,NY,2.13,0.28
2021-09-09,TX-200,383,Supplier A,3,0.067,2401,NY,2.69,0.56
2023-10-18,TX-200,282,Supplier B,13,0.017,3743,CA,5.91,0.17
2021-01-16,TX-400,110,Supplier C,28,0.078,2760,NY,5.78,0.04
2020-08-20,TX-200,134,Supplier D,2,0.025,2342,TX,2.52,0.45
2023-09-29,TX-500,232,Supplier A,16,0.029,2398,CA,3.45,0.35
2022-03-27,TX-300,288,Supplier D,4,0.034,3654,CA,2.2,0.42
2021-07-06,TX-100,299,Supplier A,21,0.015,1054,CA,2.68,0.45
2022-05-05,TX-500,120,Supplier A,20,0.043,4041,TX,2.33,0.77
2022-03-29,TX-500,277,Supplier E,20,0.008,4848,CA,1.86,0.96
2020-07-01,TX-500,134,Supplier C,27,0.043,4470,IL,4.11,0.26
2022-11-30,TX-500,355,Supplier B,5,0.034,1347,IL,2.58,0.94
2021-01-31,TX-100,445,Supplier E,19,0.034,4734,TX,5.97,0.23
2022-02-17,TX-400,320,Supplier E,29,0.066,1373,FL,3.82,0.75
2022-06-25,TX-200,450,Supplier D,27,0.077,112,FL,3.12,0.68
2023-09-18,TX-500,339,Supplier A,3,0.036,4805,CA,5.61,0.05
2020-05-06,TX-200,285,Supplier A,26,0.026,2339,TX,4.29,0.72
2020-01-01,TX-200,340,Supplier D,12,0.049,797,CA,2.07,0.9
2023-04-06,TX-500,88,Supplier C,7,0.079,2166,CA,3.74,0.93
2020-01-19,TX-400,255,Supplier A,10,0.064,2486,IL,3.48,0.69
2023-09-17,TX-200,232,Supplier E,23,0.004,4774,NY,4.94,0.79
2021-08-06,TX-300,236,Supplier E,27,0.048,2173,TX,4.62,0.07
2021-03-31,TX-200,182,Supplier A,18,0.099,3177,NY,3.17,0.16
2022-08-14,TX-500,79,Supplier A,22,0.035,3312,IL,3.61,0.26
2023-02-06,TX-100,437,Supplier C,4,0.044,3913,NY,3.83,0.53
2023-07-15,TX-200,304,Supplier A,4,0.029,1150,IL,3.4,0.39
2021-03-20,TX-400,192,Supplier C,27,0.05,2252,FL,1.98,0.66
2023-06-17,TX-300,152,Supplier E,28,0.016,4027,IL,5.57,0.45
2023-08-17,TX-300,468,Supplier C,2,0.025,2931,TX,4.53,0.78
2021-08-24,TX-100,123,Supplier A,1,0.071,2450,FL,3.61,0.71
2020-04-12,TX-100,104,Supplier B,28,0.014,3248,CA,4.06,0.75
2022-09-14,TX-200,499,Supplier A,2,0.093,3189,TX,2.46,0.83
2023-06-27,TX-500,285,Supplier B,14,0.031,3741,TX,3.89,0.83
2021-06-03,TX-400,109,Supplier E,6,0.058,2789,TX,4.86,0.78
2023-03-22,TX-300,73,Supplier D,2,0.032,273,NY,3.9,0.07
2022-05-08,TX-100,71,Supplier E,14,0.048,1524,NY,3.66,0.62
2020-06-22,TX-400,477,Supplier E,10,0.09,4003,CA,3.58,0.02
2023-09-28,TX-500,81,Supplier E,15,0.007,548,NY,4.93,0.74
2022-10-01,TX-300,400,Supplier C,12,0.086,1550,TX,4.89,0.06
2021-03-06,TX-300,388,Supplier E,1,0.056,4273,IL,4.88,0.98
2021-12-27,TX-500,484,Supplier D,19,0.067,2586,CA,2.61,0.61
2022-04-29,TX-300,52,Supplier A,11,0.006,881,CA,4.28,0.18
2023-09-09,TX-500,119,Supplier B,20,0.076,3668,TX,5.01,0.47
2022-09-16,TX-300,209,Supplier E,28,0.013,271,FL,4.03,0.83
2021-09-30,TX-200,435,Supplier B,6,0.096,3869,NY,5.01,0.18
2021-02-23,TX-500,137,Supplier E,0,0.08,2508,FL,5.34,0.54
2021-08-16,TX-400,414,Supplier C,13,0.049,2383,TX,2.28,0.0
2021-04-29,TX-200,108,Supplier B,23,0.092,532,FL,2.88,0.79
2021-02-15,TX-400,301,Supplier E,9,0.017,2885,TX,4.21,0.19
2022-07-24,TX-300,268,Supplier E,2,0.099,1959,NY,2.8,0.39
2023-01-12,TX-400,250,Supplier D,29,0.072,1450,NY,5.74,0.53
2023-02-10,TX-200,126,Supplier D,10,0.01,4019,CA,2.37,0.14
2020-11-27,TX-500,304,Supplier D,21,0.054,2774,FL,3.11,0.93
2023-11-02,TX-100,296,Supplier C,19,0.071,648,FL,5.97,0.47
2021-10-16,TX-400,319,Supplier B,29,0.061,3674,FL,2.35,0.23
2020-02-10,TX-100,356,Supplier C,20,0.042,3738,FL,3.52,0.74
2022-08-16,TX-400,188,Supplier A,25,0.025,266,IL,2.91,0.89
2020-04-14,TX-400,127,Supplier E,27,0.024,3612,CA,5.14,0.91
2020-07-20,TX-500,129,Supplier E,14,0.093,3860,CA,2.87,0.43
2021-03-25,TX-300,59,Supplier E,5,0.023,2500,IL,2.23,0.36
2023-07-13,TX-200,385,Supplier D,17,0.096,3270,FL,5.7,0.93
2022-06-28,TX-200,173,Supplier E,12,0.021,1747,IL,2.93,0.05
2020-07-28,TX-200,235,Supplier D,14,0.038,3289,FL,4.84,0.75
2021-07-16,TX-300,83,Supplier A,2,0.001,3845,IL,2.81,0.18
2023-02-15,TX-100,170,Supplier C,14,0.09,4548,CA,2.3,0.47
2021-12-13,TX-200,129,Supplier C,23,0.01,2721,IL,5.11,0.95
2023-11-01,TX-100,255,Supplier C,23,0.036,3501,TX,1.75,0.58
2022-02-09,TX-300,102,Supplier D,0,0.084,4934,FL,2.99,0.52
2023-01-12,TX-300,205,Supplier B,9,0.079,642,IL,5.01,0.06
2021-03-29,TX-500,323,Supplier B,23,0.084,1439,FL,3.8,0.28
2021-10-28,TX-200,459,Supplier A,26,0.091,3684,NY,4.6,0.0
2021-09-20,TX-500,407,Supplier B,17,0.091,667,FL,1.8,0.88
2021-01-21,TX-200,184,Supplier A,25,0.077,3638,IL,4.87,0.64
2023-10-05,TX-300,478,Supplier E,25,0.058,2845,FL,2.27,0.12
2020-10-22,TX-300,147,Supplier C,28,0.056,3774,TX,5.14,0.36
2020-09-14,TX-400,290,Supplier D,7,0.001,2040,TX,4.04,0.81
2023-01-09,TX-400,94,Supplier A,11,0.072,4878,IL,4.83,0.14
2020-09-24,TX-300,248,Supplier D,25,0.023,1860,IL,2.46,0.23
2021-02-22,TX-300,340,Supplier D,4,0.083,2329,FL,3.28,0.54
2020-08-22,TX-100,485,Supplier C,0,0.055,4045,CA,5.11,0.14
2023-08-27,TX-100,163,Supplier E,7,0.099,2801,TX,5.6,0.38
2022-09-12,TX-500,326,Supplier E,27,0.021,1128,TX,2.52,0.98
2023-10-12,TX-400,290,Supplier B,4,0.072,4580,NY,5.07,0.54
2023-05-21,TX-400,205,Supplier E,16,0.055,3803,NY,1.99,0.7
2021-07-27,TX-300,401,Supplier C,14,0.093,841,CA,3.42,0.66
2020-02-18,TX-300,93,Supplier D,3,0.027,1875,TX,5.72,0.21
2023-02-24,TX-500,129,Supplier A,12,0.006,2334,IL,5.75,0.85
2020-08-10,TX-400,361,Supplier A,16,0.054,1713,TX,2.84,0.12
2022-07-09,TX-100,187,Supplier E,12,0.052,3636,IL,2.37,0.92
2023-07-26,TX-200,200,Supplier B,24,0.031,657,IL,2.17,0.22
2023-12-02,TX-500,481,Supplier A,25,0.099,4310,CA,3.66,0.95
2023-08-10,TX-200,485,Supplier B,1,0.007,1467,TX,1.91,0.8
2020-10-03,TX-100,291,Supplier A,23,0.057,957,FL,3.11,0.17
2023-02-04,TX-100,192,Supplier B,3,0.026,3121,TX,1.58,0.16
2021-02-23,TX-200,360,Supplier B,24,0.0,4434,TX,2.67,0.08
2021-09-02,TX-500,348,Supplier D,1,0.099,1910,NY,5.55,0.25
2023-12-23,TX-200,99,Supplier C,11,0.048,2456,CA,3.51,0.66
2021-01-09,TX-500,311,Supplier A,18,0.086,4165,FL,1.83,0.52
2020-03-13,TX-500,210,Supplier E,17,0.084,4257,FL,4.41,0.61
2022-11-19,TX-300,111,Supplier C,9,0.081,4901,FL,5.8,0.03
2023-04-26,TX-400,104,Supplier D,29,0.046,3539,IL,3.59,0.08
2023-10-19,TX-400,472,Supplier D,4,0.09,3606,CA,4.31,0.69
2020-07-13,TX-100,445,Supplier D,10,0.037,4487,NY,5.64,0.85
2023-03-25,TX-300,421,Supplier E,0,0.041,846,IL,3.39,0.36
2023-04-10,TX-400,80,Supplier A,27,0.026,340,FL,4.49,0.17
2022-04-26,TX-500,379,Supplier A,2,0.045,1252,IL,3.48,0.31
2022-11-30,TX-500,486,Supplier B,16,0.099,1052,IL,5.83,0.41
2022-12-22,TX-200,339,Supplier B,25,0.057,4039,FL,3.77,0.63
2020-01-23,TX-200,218,Supplier B,14,0.083,2674,FL,5.49,0.41
2020-12-25,TX-500,315,Supplier E,13,0.026,3400,NY,3.78,0.9
2023-01-03,TX-500,357,Supplier C,23,0.096,3315,CA,4.51,0.4
2021-07-13,TX-200,234,Supplier A,14,0.001,4937,TX,3.24,0.18
2021-11-02,TX-400,383,Supplier B,15,0.093,275,TX,5.63,0.25
2023-02-15,TX-100,52,Supplier E,27,0.09,1176,TX,4.41,0.47
2023-11-04,TX-200,490,Supplier E,3,0.007,434,NY,1.59,0.78
2021-11-09,TX-400,210,Supplier B,18,0.06,4854,IL,1.57,0.87
2023-08-06,TX-400,440,Supplier D,23,0.079,3411,FL,4.54,0.19
2021-03-15,TX-400,309,Supplier D,28,0.04,4638,CA,2.01,0.0
2022-07-21,TX-300,472,Supplier D,24,0.009,1830,TX,4.72,0.87
2020-01-07,TX-300,97,Supplier B,7,0.083,3953,CA,2.95,0.23
2023-05-04,TX-400,303,Supplier E,5,0.047,4961,CA,3.93,0.82
2021-02-24,TX-500,123,Supplier E,15,0.026,1824,FL,2.28,0.55
2022-04-12,TX-300,384,Supplier A,29,0.007,902,NY,2.61,0.4
2023-05-01,TX-200,449,Supplier D,2,0.064,1011,FL,3.47,0.15
2021-07-12,TX-300,215,Supplier B,7,0.004,4266,NY,4.49,0.67
2023-03-17,TX-500,309,Supplier A,28,0.079,3078,IL,2.2,0.82
2023-05-10,TX-100,53,Supplier E,4,0.077,3604,CA,2.77,0.46
2022-07-02,TX-300,425,Supplier A,4,0.032,3167,TX,2.43,0.45
2023-12-13,TX-400,168,Supplier D,11,0.047,435,CA,5.38,0.76
2023-12-21,TX-400,460,Supplier C,24,0.067,4614,FL,4.42,0.5
2022-10-03,TX-400,322,Supplier D,0,0.096,3980,NY,3.61,0.79
2020-05-05,TX-100,275,Supplier D,6,0.052,4432,IL,5.76,0.05
2021-01-29,TX-500,401,Supplier B,23,0.1,2115,IL,4.81,0.86
2022-03-27,TX-200,119,Supplier C,10,0.033,3759,NY,5.7,0.26
2022-05-30,TX-500,231,Supplier C,9,0.053,4701,NY,4.19,0.17
2021-07-29,TX-100,402,Supplier C,2,0.012,498,NY,2.12,0.03
2020-11-20,TX-400,313,Supplier E,7,0.056,2758,IL,4.54,0.83
2023-11-16,TX-500,419,Supplier A,0,0.054,3494,CA,2.41,0.06
2022-07-18,TX-200,230,Supplier E,7,0.085,4197,CA,3.06,0.95
2023-05-12,TX-400,54,Supplier C,22,0.1,3356,IL,3.79,0.56
2022-04-12,TX-200,246,Supplier B,19,0.099,115,TX,2.21,0.7
2022-11-20,TX-300,96,Supplier D,10,0.024,4474,FL,1.59,0.73
2023-11-12,TX-200,89,Supplier D,6,0.034,1676,IL,2.97,0.29
2023-12-28,TX-400,171,Supplier E,25,0.027,3034,TX,5.21,0.81
2022-04-16,TX-300,184,Supplier E,29,0.02,477,FL,1.57,0.95
2022-07-14,TX-400,189,Supplier B,26,0.015,1479,CA,1.99,0.37
2023-10-31,TX-400,399,Supplier D,15,0.051,3413,NY,5.13,0.84
2023-09-29,TX-300,202,Supplier E,6,0.087,853,FL,2.88,0.77
2021-03-18,TX-200,77,Supplier A,12,0.059,1407,NY,5.72,0.59
2020-03-15,TX-100,476,Supplier E,9,0.087,1758,TX,3.21,0.37
2021-07-10,TX-100,126,Supplier E,28,0.096,4632,IL,5.09,0.42
2023-03-24,TX-100,224,Supplier C,27,0.038,4874,IL,2.66,0.31
2023-12-24,TX-100,98,Supplier A,16,0.084,4720,NY,1.78,0.43
2020-12-28,TX-500,391,Supplier A,2,0.005,153,FL,5.47,0.99
2021-03-23,TX-100,359,Supplier B,6,0.048,2160,FL,5.67,0.36
2023-06-11,TX-300,323,Supplier C,10,0.037,3742,TX,4.69,0.67
2020-09-18,TX-100,76,Supplier A,12,0.02,179,IL,4.97,0.32
2020-05-04,TX-400,377,Supplier C,4,0.044,2623,NY,1.53,0.47
2022-06-29,TX-100,439,Supplier C,24,0.044,3218,CA,4.89,0.08
2020-09-01,TX-200,270,Supplier D,22,0.081,3702,IL,3.62,0.76
2021-06-25,TX-300,171,Supplier A,18,0.087,385,IL,3.54,0.66
2021-04-29,TX-300,410,Supplier D,14,0.066,3538,TX,3.93,0.35
2020-05-01,TX-500,118,Supplier E,0,0.063,1676,IL,2.72,0.52
2020-05-04,TX-400,120,Supplier E,4,0.011,1043,TX,4.63,0.87
2020-06-18,TX-300,199,Supplier D,29,0.058,327,TX,2.83,0.04
2020-05-03,TX-200,236,Supplier E,12,0.027,2076,CA,4.01,0.93
2022-11-24,TX-100,480,Supplier D,9,0.029,2318,FL,2.12,0.47
2023-01-15,TX-300,422,Supplier B,28,0.009,1620,IL,4.54,0.86
2021-10-07,TX-200,295,Supplier C,4,0.064,3416,TX,2.35,0.86
2022-02-24,TX-100,245,Supplier B,22,0.058,2084,TX,2.27,0.06
2020-07-19,TX-500,81,Supplier A,29,0.022,3564,FL,1.61,0.78
2021-01-03,TX-300,158,Supplier B,0,0.026,4719,FL,2.05,0.73
2022-03-07,TX-300,402,Supplier B,9,0.077,1850,TX,2.55,0.04
2020-03-17,TX-200,50,Supplier E,17,0.079,3823,IL,2.5,0.94
2020-02-28,TX-400,231,Supplier D,26,0.049,2445,IL,2.97,0.63
2021-03-06,TX-500,223,Supplier A,21,0.015,1560,IL,1.74,0.17
2021-09-29,TX-400,218,Supplier E,7,0.006,4673,FL,5.71,0.12
2020-04-18,TX-300,297,Supplier A,19,0.027,1308,IL,2.04,0.56
2022-10-04,TX-400,157,Supplier C,2,0.073,3895,IL,4.66,0.06
2023-07-25,TX-100,419,Supplier D,18,0.06,2608,IL,3.91,0.16
2020-03-08,TX-500,346,Supplier E,18,0.072,2581,FL,3.99,0.95
2022-12-28,TX-400,313,Supplier B,1,0.047,1767,NY,1.97,0.74
2023-04-03,TX-100,465,Supplier C,16,0.075,1596,NY,2.59,0.61
2020-10-31,TX-200,79,Supplier B,15,0.048,2943,IL,5.01,0.21
2021-11-04,TX-400,351,Supplier A,20,0.008,4816,NY,3.59,0.22
2020-12-30,TX-500,410,Supplier C,9,0.008,1531,IL,3.56,0.45
2022-03-31,TX-100,485,Supplier E,20,0.083,2020,FL,3.96,0.75
2023-11-03,TX-400,401,Supplier B,15,0.063,1029,IL,3.45,0.0
2020-12-08,TX-200,366,Supplier B,4,0.028,4582,CA,5.13,0.04
2022-08-04,TX-400,274,Supplier A,19,0.076,3512,TX,4.87,0.87
2022-06-17,TX-100,446,Supplier A,2,0.014,2040,FL,2.93,0.81
2023-10-09,TX-400,138,Supplier D,27,0.065,4409,CA,5.15,0.69
2023-12-10,TX-500,283,Supplier D,2,0.099,691,CA,3.83,0.5
2023-02-06,TX-300,217,Supplier A,1,0.015,465,TX,4.32,0.15
2022-01-31,TX-100,280,Supplier D,20,0.014,2321,CA,5.4,0.1
2020-12-06,TX-100,175,Supplier B,3,0.047,372,TX,3.64,0.91
2022-07-30,TX-100,110,Supplier A,21,0.064,3721,IL,4.9,0.38
2021-01-17,TX-100,169,Supplier C,17,0.003,3742,FL,4.33,0.7
2022-09-30,TX-400,477,Supplier A,1,0.05,4685,FL,3.42,0.46
2020-10-26,TX-500,239,Supplier E,23,0.008,701,FL,5.05,0.73
2020-05-18,TX-200,170,Supplier E,5,0.024,3242,TX,1.97,0.19
2020-12-24,TX-500,477,Supplier A,2,0.071,711,TX,4.12,0.48
2022-04-15,TX-100,97,Supplier C,20,0.074,426,CA,1.71,0.38
2023-11-09,TX-400,251,Supplier A,2,0.073,1806,FL,2.2,0.25
2023-07-27,TX-400,108,Supplier C,26,0.007,4542,CA,4.19,0.6
2021-04-27,TX-100,234,Supplier B,1,0.079,4361,IL,2.88,0.54
2022-06-27,TX-400,272,Supplier B,2,0.043,3027,CA,2.68,0.5
2023-02-08,TX-100,60,Supplier C,16,0.048,4947,FL,5.8,0.59
2022-05-15,TX-500,330,Supplier D,13,0.042,2208,TX,3.15,0.14
2020-05-18,TX-300,238,Supplier B,6,0.086,2064,CA,4.04,0.37
2022-09-22,TX-400,351,Supplier E,21,0.068,1309,CA,3.9,0.32
2021-03-10,TX-100,359,Supplier A,20,0.05,4559,TX,1.78,0.77
2021-05-23,TX-100,286,Supplier D,5,0.083,1123,TX,4.53,0.04
2020-09-29,TX-400,83,Supplier E,7,0.081,1854,FL,3.81,0.28
2023-01-27,TX-200,389,Supplier A,18,0.001,2181,IL,3.22,0.92
2020-04-13,TX-100,184,Supplier E,18,0.048,4600,FL,1.8,0.3
2023-05-22,TX-400,111,Supplier D,11,0.004,3044,CA,2.82,0.15
2022-01-31,TX-100,362,Supplier C,4,0.031,1985,FL,5.48,0.76
2022-02-25,TX-200,276,Supplier A,4,0.08,2175,FL,2.28,0.05
2020-06-13,TX-300,142,Supplier E,13,0.094,4128,TX,2.49,0.43
2022-09-25,TX-200,165,Supplier E,26,0.024,4301,IL,2.42,0.86
2021-06-03,TX-500,381,Supplier D,16,0.002,3969,IL,5.51,0.95
2023-07-31,TX-400,182,Supplier D,15,0.04,1922,FL,4.65,0.25
2021-05-31,TX-200,381,Supplier D,3,0.034,3278,TX,5.47,0.3
2021-10-18,TX-300,468,Supplier C,24,0.068,1356,TX,5.61,0.57
2021-09-04,TX-100,342,Supplier B,7,0.05,295,CA,5.68,0.23
2020-06-12,TX-400,493,Supplier E,2,0.04,3156,NY,3.69,0.15
2020-03-04,TX-200,242,Supplier C,20,0.023,4397,CA,3.64,0.43
2023-01-19,TX-300,449,Supplier E,4,0.083,2256,CA,5.23,0.07
2023-02-14,TX-200,79,Supplier C,22,0.025,4738,CA,2.99,0.89
2020-09-23,TX-500,347,Supplier A,23,0.005,140,NY,1.6,0.33
2023-03-09,TX-400,110,Supplier B,24,0.056,3914,TX,2.99,0.34
2020-09-02,TX-100,353,Supplier E,6,0.032,781,TX,4.72,0.79
2021-01-29,TX-300,495,Supplier D,17,0.071,2959,IL,2.06,0.34
2021-04-20,TX-200,389,Supplier B,23,0.008,2562,IL,5.03,0.76
2022-09-03,TX-400,398,Supplier E,7,0.097,2137,FL,5.17,0.18
2023-04-22,TX-200,497,Supplier A,10,0.019,2519,FL,1.95,0.53
2022-11-09,TX-400,490,Supplier E,28,0.036,1774,FL,1.94,0.77
2021-07-11,TX-500,373,Supplier E,13,0.048,2951,IL,2.39,0.45
2022-10-14,TX-200,351,Supplier E,17,0.089,463,IL,3.1,0.07
2022-06-01,TX-500,418,Supplier B,12,0.072,2618,CA,3.9,0.74
2020-05-26,TX-300,77,Supplier E,5,0.014,599,TX,3.68,0.49
2021-10-27,TX-500,126,Supplier D,12,0.044,3153,IL,5.34,0.32
2023-08-20,TX-400,170,Supplier C,25,0.054,2570,NY,2.14,0.99
2021-09-11,TX-300,52,Supplier D,0,0.07,678,CA,4.64,0.88
2022-03-30,TX-200,86,Supplier A,10,0.057,3964,NY,3.97,0.04
2022-05-13,TX-200,481,Supplier B,6,0.046,1357,NY,4.82,0.59
2021-08-04,TX-400,196,Supplier C,9,0.077,3072,TX,3.04,0.35
2022-10-19,TX-100,141,Supplier B,1,0.038,4085,NY,3.62,0.04
2021-11-25,TX-100,388,Supplier B,15,0.099,3088,NY,1.63,0.01
2023-06-05,TX-200,322,Supplier E,4,0.095,1624,NY,2.02,0.58
2023-01-30,TX-400,426,Supplier D,15,0.071,4553,NY,3.19,0.32
2023-12-11,TX-100,136,Supplier C,29,0.088,4321,CA,3.67,0.7
2023-05-24,TX-500,89,Supplier E,22,0.039,351,CA,1.89,0.45
2021-02-10,TX-200,227,Supplier C,25,0.058,481,TX,5.21,0.77
2021-02-02,TX-500,378,Supplier D,15,0.027,1904,TX,5.76,0.81
2021-12-15,TX-400,334,Supplier E,26,0.089,2087,NY,4.18,0.66
2021-12-04,TX-500,484,Supplier C,14,0.047,4912,FL,1.74,0.42
2022-01-30,TX-100,91,Supplier E,8,0.054,2599,NY,4.82,0.99
2021-05-13,TX-100,334,Supplier B,29,0.086,2742,NY,2.48,0.31
2022-08-31,TX-300,115,Supplier A,0,0.08,123,TX,4.8,0.51
2020-03-22,TX-200,173,Supplier C,8,0.032,452,IL,3.45,0.52
2021-08-26,TX-400,194,Supplier D,10,0.009,4890,TX,1.74,0.43
2022-02-10,TX-200,169,Supplier C,4,0.016,4188,CA,2.75,0.12
2022-06-21,TX-500,158,Supplier A,5,0.034,4710,TX,3.42,0.35
2020-12-30,TX-400,464,Supplier C,29,0.031,870,IL,4.81,0.22
2020-06-11,TX-400,141,Supplier C,7,0.004,4853,NY,2.1,0.9
2022-12-07,TX-100,417,Supplier C,14,0.043,2981,IL,2.79,0.66
2021-05-25,TX-500,357,Supplier D,26,0.011,1847,TX,1.88,0.29
2023-09-14,TX-100,472,Supplier A,15,0.022,1150,FL,4.27,0.57
2020-04-25,TX-100,109,Supplier A,29,0.079,721,CA,3.63,0.85
2022-07-29,TX-300,399,Supplier D,17,0.049,118,IL,5.68,0.93
2020-12-02,TX-100,276,Supplier C,11,0.037,2675,TX,4.83,0.08
2022-05-30,TX-200,289,Supplier C,22,0.019,893,NY,5.0,0.79
2022-01-06,TX-400,484,Supplier A,27,0.087,3441,TX,2.24,0.97
2022-04-19,TX-100,261,Supplier C,3,0.09,3839,NY,2.7,0.47
2020-05-26,TX-200,449,Supplier B,24,0.052,2002,FL,3.81,1.0
2023-09-08,TX-500,147,Supplier C,21,0.092,4737,CA,1.56,0.96
2021-03-18,TX-400,63,Supplier C,15,0.046,4812,IL,5.42,0.66
2022-04-16,TX-500,267,Supplier E,22,0.011,2040,TX,5.0,0.85
2022-11-02,TX-200,219,Supplier A,10,0.002,1306,TX,1.76,0.3
2022-07-31,TX-500,356,Supplier A,21,0.013,4180,IL,5.32,0.92
2020-10-13,TX-500,329,Supplier B,26,0.062,264,NY,1.52,0.59
2021-12-20,TX-500,412,Supplier B,23,0.032,3857,CA,2.01,0.51
2023-02-11,TX-100,259,Supplier B,21,0.065,3011,FL,1.75,0.84
2021-04-24,TX-100,305,Supplier A,6,0.051,3265,IL,3.66,0.89
2020-01-22,TX-100,220,Supplier E,23,0.033,1311,CA,5.03,0.7
2023-10-04,TX-400,122,Supplier E,14,0.022,3259,TX,2.3,0.03
2021-11-13,TX-200,196,Supplier D,16,0.008,1581,CA,4.97,0.6
2022-06-24,TX-100,389,Supplier A,14,0.078,1595,FL,2.33,0.82
2020-11-15,TX-500,366,Supplier D,9,0.082,1892,CA,5.96,0.55
2020-05-05,TX-500,155,Supplier C,27,0.054,2519,TX,5.34,0.93
2020-10-03,TX-500,143,Supplier B,3,0.016,3827,FL,4.82,0.9
2023-05-12,TX-500,112,Supplier D,21,0.026,464,FL,4.16,0.53
2020-07-12,TX-300,203,Supplier D,16,0.096,4314,FL,2.59,0.4
2021-11-26,TX-400,304,Supplier A,3,0.023,508,TX,2.04,0.06
2023-08-02,TX-200,400,Supplier B,21,0.006,462,NY,3.57,0.63
2020-02-26,TX-200,84,Supplier B,22,0.055,3540,TX,3.31,0.27
2023-08-19,TX-100,372,Supplier E,28,0.026,4518,NY,4.54,0.67
2023-04-01,TX-300,361,Supplier D,21,0.096,857,NY,2.27,0.8
2020-01-19,TX-200,345,Supplier E,10,0.057,3465,TX,4.03,0.41
2023-10-25,TX-400,302,Supplier D,3,0.097,3651,CA,4.62,0.02
2020-09-20,TX-500,206,Supplier A,11,0.079,3091,TX,2.85,0.87
2022-03-04,TX-100,183,Supplier A,28,0.072,547,FL,5.01,0.55
2020-04-22,TX-400,485,Supplier C,22,0.083,3301,CA,3.44,0.31
2023-09-12,TX-200,178,Supplier D,9,0.06,2851,IL,2.23,0.63
2021-06-25,TX-300,485,Supplier D,13,0.001,1891,IL,2.38,0.67
2021-10-08,TX-100,329,Supplier B,17,0.039,2489,IL,2.76,0.15
2021-08-01,TX-200,407,Supplier B,5,0.022,4670,FL,2.21,0.65
2022-12-24,TX-100,467,Supplier E,4,0.043,390,FL,4.03,0.29
2023-08-08,TX-200,420,Supplier C,1,0.047,271,NY,5.77,0.8
2020-01-25,TX-500,301,Supplier A,24,0.013,400,FL,5.53,0.94
2020-01-01,TX-300,184,Supplier D,12,0.002,3266,NY,2.96,0.1
2022-06-29,TX-500,380,Supplier E,22,0.014,4076,IL,5.39,0.92
2020-05-20,TX-200,60,Supplier C,13,0.086,3114,TX,5.79,0.9
2021-10-09,TX-400,341,Supplier B,2,0.076,2404,TX,2.82,0.34
2020-07-06,TX-500,197,Supplier C,22,0.08,1846,FL,5.57,0.03
2023-02-25,TX-400,368,Supplier E,10,0.028,614,IL,5.99,0.66
2020-07-19,TX-200,129,Supplier A,26,0.024,778,IL,5.09,0.34
2023-02-24,TX-300,240,Supplier B,21,0.004,4079,NY,3.26,0.19
2020-09-13,TX-400,393,Supplier B,22,0.047,3521,NY,4.24,0.11
2021-06-30,TX-200,79,Supplier A,3,0.038,2352,IL,3.14,0.2
2020-07-12,TX-400,463,Supplier B,12,0.084,4885,FL,5.98,0.24
2021-12-03,TX-500,408,Supplier E,28,0.068,443,FL,1.81,0.8
2023-02-01,TX-200,417,Supplier B,25,0.014,128,IL,5.52,0.78
2023-07-12,TX-500,278,Supplier D,28,0.099,3547,TX,1.84,0.49
2022-03-12,TX-100,133,Supplier C,7,0.077,2252,TX,1.69,0.55
2022-07-30,TX-200,199,Supplier E,7,0.072,206,NY,5.73,0.92
2023-11-08,TX-400,410,Supplier A,22,0.022,4297,IL,5.4,0.91
2023-07-07,TX-100,238,Supplier E,12,0.091,2699,TX,3.13,0.83
2021-02-17,TX-500,70,Supplier D,22,0.047,3460,FL,5.81,0.37
2023-10-13,TX-500,86,Supplier B,9,0.03,589,CA,5.38,0.37
2023-01-03,TX-400,295,Supplier B,12,0.065,3860,CA,5.56,0.89
2023-10-10,TX-100,332,Supplier E,12,0.021,4262,IL,4.18,0.93
2022-06-28,TX-300,151,Supplier B,23,0.091,3322,NY,5.81,0.8
2020-07-06,TX-400,468,Supplier B,16,0.085,377,CA,5.14,0.76
2023-08-06,TX-500,343,Supplier D,5,0.046,4176,FL,5.73,0.56
2020-02-14,TX-200,281,Supplier A,1,0.019,1473,FL,2.77,0.34
2020-03-23,TX-100,365,Supplier C,16,0.05,727,FL,3.89,0.24
2023-02-20,TX-300,375,Supplier E,11,0.015,2795,CA,5.4,0.14
2020-12-23,TX-200,337,Supplier A,25,0.027,1270,TX,4.11,0.73
2022-12-25,TX-100,385,Supplier C,22,0.048,4560,FL,5.1,0.78
2022-07-24,TX-400,460,Supplier A,5,0.002,777,NY,5.88,0.36
2021-01-09,TX-400,294,Supplier E,4,0.077,3817,IL,5.12,0.01
2020-06-10,TX-100,436,Supplier D,4,0.02,3461,IL,2.92,0.94
2023-11-04,TX-300,226,Supplier D,24,0.087,3501,IL,2.03,0.44
2023-10-13,TX-100,262,Supplier D,8,0.002,2542,TX,2.73,0.97
2023-04-26,TX-200,407,Supplier A,27,0.053,654,IL,4.48,0.68
2020-11-17,TX-200,151,Supplier E,27,0.078,902,IL,1.55,0.12
2021-03-25,TX-400,335,Supplier B,21,0.024,1262,CA,2.35,0.33
2022-11-02,TX-100,71,Supplier B,28,0.071,523,TX,2.97,0.66
2020-07-02,TX-400,68,Supplier D,2,0.072,1376,TX,5.44,0.65
2020-04-20,TX-300,336,Supplier A,22,0.064,515,CA,1.73,0.23
2021-05-22,TX-200,325,Supplier B,19,0.036,3092,NY,1.72,0.18
2023-08-06,TX-500,196,Supplier A,4,0.079,2105,IL,3.98,0.28
2020-10-21,TX-500,435,Supplier E,6,0.063,2844,NY,2.3,0.79
2022-06-22,TX-100,89,Supplier D,11,0.059,4772,CA,2.59,0.24
2023-05-23,TX-100,216,Supplier C,6,0.082,2963,CA,2.33,0.7
2022-08-31,TX-500,140,Supplier D,9,0.024,2112,CA,4.12,0.87
2021-09-23,TX-100,121,Supplier C,7,0.023,4375,CA,1.75,0.39
2022-11-16,TX-200,414,Supplier B,16,0.039,1930,FL,5.73,0.01
2022-01-02,TX-300,487,Supplier C,4,0.007,4409,CA,2.05,0.14
2023-06-08,TX-300,332,Supplier A,14,0.034,4348,NY,5.78,0.31
2020-11-16,TX-400,384,Supplier C,27,0.041,4040,CA,5.0,0.19
2022-07-01,TX-200,189,Supplier B,8,0.05,3971,NY,5.23,0.29
2023-06-10,TX-100,288,Supplier B,22,0.025,1717,CA,2.28,0.54
2021-03-12,TX-100,127,Supplier D,10,0.091,1743,CA,4.51,0.02
2022-02-19,TX-400,248,Supplier B,27,0.029,2899,FL,5.18,0.06
2023-11-27,TX-400,66,Supplier A,12,0.085,1903,CA,4.01,0.86
2022-12-12,TX-100,267,Supplier C,17,0.044,1053,IL,3.98,0.52
2023-08-29,TX-100,278,Supplier E,16,0.072,3414,FL,2.22,0.94
2023-07-28,TX-200,389,Supplier B,23,0.011,4983,FL,3.36,0.0
2021-12-26,TX-400,187,Supplier C,8,0.054,3307,IL,2.18,0.0
2020-01-31,TX-200,196,Supplier D,9,0.096,1282,FL,5.88,0.74
2020-12-02,TX-100,259,Supplier E,4,0.067,4347,CA,4.58,0.48
2020-07-01,TX-500,207,Supplier D,29,0.082,1008,IL,1.72,0.91
2022-11-12,TX-500,463,Supplier A,10,0.026,3725,CA,3.65,0.79
2021-06-27,TX-100,202,Supplier D,21,0.08,4529,FL,4.37,0.5
2023-01-02,TX-400,393,Supplier C,14,0.035,562,TX,1.93,0.48
2022-10-30,TX-500,379,Supplier E,1,0.049,1592,IL,4.49,0.81
2021-10-21,TX-400,432,Supplier D,26,0.019,1149,NY,2.3,0.8
2020-06-08,TX-500,499,Supplier D,20,0.049,3337,FL,3.34,0.28
2022-11-03,TX-400,407,Supplier A,27,0.052,3537,TX,4.31,0.67
2023-04-16,TX-500,401,Supplier C,19,0.062,4634,FL,3.14,0.64
2021-02-15,TX-400,212,Supplier D,23,0.087,4589,CA,3.21,0.86
2022-10-08,TX-200,356,Supplier C,23,0.03,3638,CA,5.3,0.87
2020-02-22,TX-400,150,Supplier B,13,0.098,366,CA,2.89,0.27
2021-02-11,TX-200,376,Supplier A,4,0.085,1658,TX,4.45,0.88
2022-04-26,TX-200,376,Supplier A,26,0.04,2268,CA,5.32,0.92
2022-11-11,TX-100,204,Supplier A,23,0.023,1984,FL,2.19,0.11
2022-11-19,TX-200,59,Supplier C,5,0.007,4838,FL,1.71,0.57
2021-12-03,TX-300,402,Supplier D,25,0.023,3639,FL,5.21,0.44
2020-09-16,TX-200,476,Supplier D,21,0.088,2966,IL,3.98,0.4
2023-05-13,TX-400,232,Supplier C,28,0.029,4378,FL,5.22,0.7
2022-12-18,TX-200,183,Supplier C,14,0.014,2646,CA,2.46,0.13
2022-02-14,TX-400,55,Supplier B,28,0.002,3618,IL,5.25,0.82
2022-11-01,TX-400,382,Supplier E,3,0.03,3348,IL,1.93,0.03
2023-08-06,TX-300,481,Supplier E,9,0.022,2217,IL,5.47,0.58
2022-04-29,TX-200,382,Supplier A,27,0.01,1899,IL,5.2,0.23
2020-12-19,TX-200,307,Supplier D,26,0.095,222,TX,4.05,0.67
2023-01-03,TX-500,260,Supplier A,18,0.027,491,FL,4.24,0.53
2022-05-22,TX-500,100,Supplier D,8,0.001,3398,TX,3.06,1.0
2022-09-17,TX-100,494,Supplier D,20,0.094,2515,NY,2.41,0.86
2023-06-18,TX-400,196,Supplier B,25,0.058,4653,TX,3.55,0.34
2022-10-14,TX-300,426,Supplier C,9,0.008,4140,IL,4.46,0.53
2023-03-23,TX-500,177,Supplier C,3,0.003,3243,FL,5.99,0.32
2023-01-24,TX-200,307,Supplier C,21,0.011,2659,FL,5.18,0.73
2020-10-20,TX-100,100,Supplier E,29,0.059,1195,CA,3.45,0.42
2020-07-27,TX-300,203,Supplier C,3,0.006,2871,TX,4.84,0.12
2023-09-28,TX-200,119,Supplier E,5,0.057,4241,FL,1.99,0.66
2023-01-16,TX-200,325,Supplier A,25,0.065,4788,NY,3.37,0.01
2022-03-28,TX-400,328,Supplier E,7,0.015,3087,NY,3.41,0.3
2021-01-24,TX-400,359,Supplier D,15,0.049,872,TX,5.99,0.91
2020-11-20,TX-500,448,Supplier B,7,0.096,4677,CA,3.26,0.09
2022-07-28,TX-500,183,Supplier B,27,0.084,1298,NY,1.87,0.5
2022-06-07,TX-200,269,Supplier D,15,0.072,1550,CA,1.8,0.8
2023-03-26,TX-200,212,Supplier A,5,0.052,4850,TX,4.64,0.9
2021-10-29,TX-500,185,Supplier B,16,0.039,2384,FL,2.8,0.56
2021-09-24,TX-500,106,Supplier D,28,0.045,3138,CA,5.41,0.15
2021-07-30,TX-200,483,Supplier B,0,0.076,1263,NY,3.67,0.94
2020-05-16,TX-300,226,Supplier E,29,0.055,163,CA,2.99,0.75
2021-03-03,TX-200,164,Supplier B,18,0.076,2426,FL,4.92,0.4
2021-09-03,TX-300,198,Supplier E,17,0.097,149,FL,3.38,0.28
2022-06-29,TX-300,290,Supplier E,16,0.064,4410,NY,4.82,0.05
2022-03-29,TX-200,172,Supplier B,16,0.06,1774,CA,4.71,0.19
2020-05-20,TX-100,341,Supplier B,27,0.041,2578,CA,4.75,0.78
2023-01-11,TX-500,376,Supplier E,11,0.02,604,IL,5.36,0.11
2020-06-25,TX-400,118,Supplier B,11,0.037,1691,NY,5.32,0.13
2020-07-16,TX-200,363,Supplier A,5,0.052,4444,CA,4.49,0.2
2021-09-15,TX-300,112,Supplier C,6,0.003,833,TX,5.81,0.4
2021-11-21,TX-200,270,Supplier C,7,0.048,2952,IL,1.59,0.19
2023-12-15,TX-500,65,Supplier D,2,0.086,567,NY,5.69,0.9
2021-02-04,TX-300,439,Supplier C,16,0.098,2908,FL,2.17,0.26
2021-04-15,TX-400,127,Supplier A,20,0.086,609,NY,2.45,0.92
2020-08-05,TX-400,171,Supplier C,7,0.017,2873,TX,5.18,0.98
2022-07-17,TX-400,485,Supplier C,27,0.016,2957,TX,3.3,0.75
2021-09-23,TX-100,307,Supplier A,26,0.039,3329,FL,3.41,0.01
2022-08-08,TX-300,266,Supplier E,29,0.023,3265,FL,2.68,0.24
2022-06-24,TX-300,163,Supplier C,10,0.068,1609,FL,2.51,0.27
2020-06-23,TX-100,419,Supplier D,19,0.008,4169,IL,1.98,0.54
2020-01-23,TX-300,429,Supplier C,17,0.044,3610,TX,2.39,0.16
2020-08-22,TX-100,195,Supplier C,15,0.028,265,FL,4.05,0.08
2022-11-02,TX-200,286,Supplier A,24,0.06,3626,TX,4.68,0.18
2023-01-29,TX-500,468,Supplier A,27,0.08,3541,IL,4.82,0.33
2022-07-17,TX-400,135,Supplier D,12,0.092,1501,IL,3.17,0.05
2021-06-06,TX-100,216,Supplier B,8,0.096,4103,TX,5.65,0.2
2021-03-06,TX-100,178,Supplier A,18,0.035,1514,FL,2.98,0.17
2022-03-03,TX-100,214,Supplier B,6,0.086,1475,NY,2.0,0.77
2021-06-16,TX-200,326,Supplier D,28,0.059,3253,CA,5.75,0.17
2022-09-05,TX-100,306,Supplier C,16,0.069,3159,TX,3.93,0.79
2023-08-09,TX-500,181,Supplier C,7,0.085,162,IL,5.87,0.51
2022-03-20,TX-500,107,Supplier B,7,0.013,2849,FL,3.27,0.76
2022-07-01,TX-400,306,Supplier D,28,0.095,4074,CA,4.91,0.45
2023-01-29,TX-200,190,Supplier D,2,0.055,4750,TX,1.99,0.9
2023-08-20,TX-500,223,Supplier A,15,0.034,3957,NY,5.34,0.28
2022-05-20,TX-300,224,Supplier B,11,0.034,2295,NY,2.27,0.77
2021-06-23,TX-300,258,Supplier A,14,0.075,1642,IL,1.81,0.16
2022-10-20,TX-300,253,Supplier B,20,0.068,4503,IL,1.94,0.88
2023-10-10,TX-100,56,Supplier A,3,0.073,1928,IL,4.01,0.03
2023-08-19,TX-100,100,Supplier A,22,0.025,197,TX,2.81,0.46
2020-08-14,TX-300,308,Supplier D,26,0.017,1425,NY,5.82,0.42
2023-06-13,TX-400,227,Supplier D,6,0.072,4949,NY,5.34,0.62
2022-05-22,TX-400,459,Supplier C,10,0.03,3555,IL,5.11,0.44
2022-06-10,TX-100,80,Supplier C,23,0.022,3275,IL,5.14,0.59
2022-11-02,TX-300,405,Supplier D,4,0.021,2737,FL,5.51,0.86
2020-07-28,TX-400,367,Supplier D,12,0.015,2124,NY,5.39,0.14
2022-01-10,TX-100,203,Supplier A,10,0.043,3081,IL,5.68,0.24
2021-01-31,TX-300,413,Supplier C,4,0.026,778,IL,5.7,0.8
2023-01-28,TX-200,104,Supplier D,7,0.089,1405,IL,2.84,0.23
2020-01-31,TX-300,205,Supplier B,20,0.069,3201,FL,2.49,0.91
2022-06-16,TX-300,93,Supplier B,28,0.074,1889,NY,4.39,0.54
2021-10-10,TX-500,130,Supplier C,29,0.04,4074,NY,2.05,0.08
2020-11-24,TX-500,215,Supplier B,28,0.06,3066,NY,2.45,0.02
2023-04-04,TX-200,79,Supplier A,16,0.05,2996,FL,4.98,0.76
2022-08-09,TX-200,371,Supplier C,10,0.017,3320,TX,4.42,0.86
2023-01-28,TX-300,185,Supplier D,18,0.005,1199,FL,4.43,0.24
2021-09-12,TX-400,63,Supplier B,17,0.068,4602,CA,5.78,0.24
2023-04-11,TX-200,406,Supplier A,27,0.012,3752,FL,4.5,0.95
2020-06-10,TX-300,155,Supplier D,9,0.006,4744,CA,3.44,0.66
2022-02-14,TX-100,408,Supplier E,4,0.044,1770,IL,2.76,0.17
2023-07-10,TX-500,367,Supplier A,28,0.074,3302,CA,3.02,0.45
2020-09-30,TX-400,124,Supplier B,23,0.077,612,FL,2.75,0.91
2022-10-23,TX-300,496,Supplier A,24,0.087,1183,TX,1.66,0.62
2022-11-17,TX-100,128,Supplier E,24,0.02,1962,NY,2.68,0.41
2020-11-21,TX-500,243,Supplier E,0,0.099,3714,FL,5.26,0.15
2022-07-28,TX-100,412,Supplier A,16,0.076,1899,NY,4.78,0.73
2023-03-18,TX-300,145,Supplier D,16,0.016,4058,CA,4.3,0.28
2021-06-23,TX-200,89,Supplier D,0,0.084,4202,IL,5.56,0.57
2021-05-02,TX-500,305,Supplier E,24,0.05,4108,IL,2.69,0.6
2022-04-01,TX-100,446,Supplier C,0,0.007,2076,FL,4.1,0.56
2022-12-24,TX-200,156,Supplier C,22,0.013,1258,CA,1.64,0.25
2020-12-21,TX-400,66,Supplier D,21,0.043,1557,CA,5.51,0.71
2023-06-29,TX-300,64,Supplier C,8,0.053,753,NY,3.51,0.57
2020-08-22,TX-300,466,Supplier D,26,0.095,3893,CA,2.3,0.4
2020-08-14,TX-500,321,Supplier B,24,0.022,582,TX,2.58,0.05
2023-08-29,TX-100,62,Supplier D,3,0.047,1760,IL,5.32,0.33
2020-02-18,TX-400,296,Supplier B,8,0.023,2638,TX,1.99,0.35
2020-04-27,TX-500,263,Supplier E,13,0.056,3492,TX,5.66,0.79
2020-02-23,TX-500,200,Supplier C,14,0.091,1050,NY,3.18,0.51
2021-07-18,TX-100,341,Supplier E,15,0.057,511,CA,2.63,0.93
2022-12-03,TX-400,92,Supplier A,15,0.051,453,NY,2.99,0.75
2020-02-22,TX-100,483,Supplier A,12,0.075,2579,IL,3.34,0.54
2021-07-11,TX-300,163,Supplier E,13,0.015,4198,NY,3.97,0.17
2023-01-30,TX-200,379,Supplier D,21,0.091,4180,TX,4.14,0.22
2022-05-17,TX-300,130,Supplier D,20,0.058,4326,NY,3.52,0.16
2021-02-01,TX-300,399,Supplier C,8,0.069,1198,CA,3.51,0.44
2023-03-07,TX-500,190,Supplier E,22,0.082,1447,NY,2.78,0.72
2021-11-05,TX-300,79,Supplier A,8,0.064,3649,CA,3.23,0.76
2021-01-21,TX-400,490,Supplier E,20,0.064,2073,TX,3.6,0.1
2020-04-20,TX-300,79,Supplier E,3,0.073,1123,CA,4.19,0.5
2021-09-05,TX-400,315,Supplier C,9,0.005,4355,CA,2.09,0.48
2020-01-17,TX-100,148,Supplier D,2,0.038,3955,CA,4.94,0.44
2023-04-20,TX-500,499,Supplier A,20,0.096,1518,CA,4.56,0.3
2022-06-02,TX-400,143,Supplier C,8,0.026,4551,IL,2.84,0.48
2021-06-24,TX-300,260,Supplier A,18,0.054,1155,FL,3.57,0.52
2020-06-19,TX-500,344,Supplier A,15,0.018,3036,IL,5.76,0.6
2021-02-12,TX-500,86,Supplier D,15,0.032,2630,NY,1.59,0.38
2022-01-09,TX-400,436,Supplier D,16,0.072,2009,IL,5.15,0.95
2023-11-02,TX-400,138,Supplier C,17,0.064,1747,IL,3.8,0.34
2023-04-26,TX-200,467,Supplier B,9,0.041,2920,CA,4.28,0.9
2022-05-07,TX-200,304,Supplier C,20,0.094,956,NY,4.58,0.8
2020-08-17,TX-500,263,Supplier C,18,0.078,4991,NY,3.55,0.47
2020-04-28,TX-200,471,Supplier B,21,0.027,3109,TX,2.36,0.5
2023-03-25,TX-300,63,Supplier A,14,0.047,901,CA,5.59,0.87
2022-02-22,TX-100,241,Supplier E,14,0.088,441,IL,4.83,0.49
2021-04-09,TX-500,344,Supplier B,10,0.002,4601,TX,4.02,0.68
2020-04-13,TX-100,231,Supplier E,7,0.058,1496,TX,3.52,0.81
2021-11-28,TX-200,179,Supplier A,21,0.023,1409,IL,3.75,0.91
2020-06-23,TX-400,273,Supplier B,15,0.006,676,NY,5.21,0.22
2022-01-14,TX-500,92,Supplier D,9,0.091,4416,CA,1.56,0.98
2023-12-15,TX-200,230,Supplier C,8,0.082,4128,CA,5.39,0.97
2023-03-03,TX-300,436,Supplier B,14,0.019,2294,IL,1.71,0.3
2023-11-15,TX-500,218,Supplier B,21,0.084,4150,CA,4.27,0.61
2021-10-26,TX-500,313,Supplier A,29,0.015,1303,FL,3.0,0.05
2020-02-02,TX-400,145,Supplier D,4,0.048,590,TX,4.55,0.17
2020-02-24,TX-500,252,Supplier B,19,0.073,2228,TX,1.88,0.58
2021-06-02,TX-400,496,Supplier D,1,0.053,2581,FL,4.0,0.65
2022-01-25,TX-200,370,Supplier E,21,0.085,3460,CA,5.35,0.53
2020-01-12,TX-300,384,Supplier B,15,0.062,839,NY,3.73,0.7
2021-12-20,TX-300,437,Supplier D,17,0.043,609,FL,1.88,0.79
2021-07-08,TX-500,117,Supplier C,15,0.093,693,FL,1.67,0.17
2021-01-07,TX-500,141,Supplier A,4,0.004,2627,TX,4.3,0.66
2021-04-28,TX-200,315,Supplier D,0,0.049,3767,NY,1.81,0.56
2022-08-30,TX-400,380,Supplier A,18,0.066,854,NY,1.82,0.12
2023-06-05,TX-300,227,Supplier B,9,0.084,1562,CA,3.41,0.23
2021-09-14,TX-400,200,Supplier B,20,0.054,4159,NY,2.44,0.42
2020-11-02,TX-200,366,Supplier E,28,0.089,4541,CA,2.42,0.86
2021-04-01,TX-300,96,Supplier A,12,0.043,3102,IL,3.66,0.22
2020-06-08,TX-300,52,Supplier C,22,0.032,204,FL,2.76,0.18
2020-11-26,TX-100,152,Supplier C,23,0.097,1692,FL,2.49,0.72
2022-02-14,TX-200,322,Supplier D,22,0.067,4983,CA,3.81,0.98
2020-08-12,TX-200,71,Supplier C,22,0.043,3852,CA,2.81,0.45
2022-09-09,TX-100,165,Supplier A,10,0.088,3922,CA,1.86,0.35
2021-12-29,TX-400,396,Supplier B,14,0.068,2942,FL,4.57,0.25
2022-12-04,TX-100,449,Supplier A,1,0.064,492,CA,4.14,0.05
2023-05-22,TX-200,153,Supplier A,5,0.073,2132,FL,2.45,0.18
2022-12-18,TX-400,308,Supplier B,20,0.074,4413,FL,4.12,0.09
2021-10-05,TX-300,357,Supplier A,10,0.049,2300,TX,5.8,0.49
2021-09-07,TX-100,416,Supplier C,14,0.042,789,TX,5.8,0.98
2020-07-13,TX-400,466,Supplier D,8,0.091,4907,IL,3.89,0.79
2021-05-03,TX-400,347,Supplier D,11,0.05,1760,IL,1.94,0.6
2020-06-05,TX-400,179,Supplier A,25,0.022,3846,NY,3.56,0.49
2021-09-01,TX-100,344,Supplier B,26,0.052,4062,CA,1.62,0.62
2023-06-03,TX-300,351,Supplier E,3,0.003,1502,FL,3.37,0.38
2021-02-15,TX-400,97,Supplier A,27,0.072,2772,NY,5.59,0.18
2023-05-13,TX-100,76,Supplier A,22,0.013,4024,TX,3.6,0.59
2023-01-07,TX-200,64,Supplier E,26,0.011,4287,FL,3.98,0.53
2023-02-21,TX-100,312,Supplier D,23,0.095,3352,NY,2.21,0.94
2021-04-15,TX-100,414,Supplier D,13,0.077,3449,TX,1.57,0.65
2023-05-26,TX-100,490,Supplier E,21,0.041,3430,IL,5.97,0.77
2021-05-30,TX-400,347,Supplier B,2,0.024,2449,CA,3.02,0.09
2023-02-01,TX-100,314,Supplier A,26,0.084,4683,CA,2.76,0.76
2021-01-27,TX-200,410,Supplier C,20,0.097,3925,NY,4.07,0.98
2021-09-22,TX-400,183,Supplier D,16,0.051,4679,TX,4.85,0.66
2021-08-30,TX-200,490,Supplier D,29,0.058,4843,NY,2.63,0.74
2022-09-06,TX-500,125,Supplier D,12,0.024,650,TX,3.86,0.98
2021-03-09,TX-100,79,Supplier B,7,0.059,2044,TX,3.0,0.39
2023-09-16,TX-400,488,Supplier E,11,0.04,402,CA,3.66,0.82
2023-03-12,TX-400,389,Supplier B,11,0.085,517,IL,2.23,0.4
2021-06-23,TX-100,175,Supplier D,11,0.038,2215,IL,3.8,0.43
2020-10-04,TX-300,133,Supplier A,26,0.065,2204,FL,1.71,0.66
2020-08-20,TX-300,103,Supplier D,1,0.02,4396,TX,5.28,0.26
2023-01-18,TX-200,415,Supplier A,28,0.009,2746,CA,4.32,0.99
2023-05-07,TX-100,332,Supplier A,9,0.004,929,TX,5.74,0.33
2020-12-27,TX-100,389,Supplier D,22,0.042,3210,FL,4.2,0.12
2020-01-26,TX-500,492,Supplier D,8,0.016,1237,CA,2.32,0.32
2022-11-14,TX-300,312,Supplier A,0,0.099,1839,TX,3.68,0.86
2023-11-18,TX-300,473,Supplier B,28,0.08,2282,IL,4.49,0.31
2021-05-21,TX-100,409,Supplier B,3,0.069,3010,IL,3.18,0.61
2023-08-17,TX-200,271,Supplier B,22,0.08,4969,FL,3.99,0.94
2023-09-24,TX-100,377,Supplier C,13,0.026,4154,IL,2.23,0.26
2020-09-23,TX-200,51,Supplier A,15,0.088,2742,TX,5.0,0.13
2021-04-05,TX-300,447,Supplier C,24,0.1,886,FL,5.59,0.1
2021-03-31,TX-500,443,Supplier C,17,0.029,2649,NY,2.92,0.44
2023-10-15,TX-400,355,Supplier A,1,0.098,3346,FL,5.07,0.1
2022-12-27,TX-300,195,Supplier C,5,0.032,4366,IL,1.91,0.45
2022-10-03,TX-200,67,Supplier A,2,0.001,2567,CA,2.61,0.86
2022-05-12,TX-100,65,Supplier E,19,0.037,3708,FL,3.58,0.78
2023-12-06,TX-300,357,Supplier E,18,0.1,2168,TX,3.24,0.58
2021-05-05,TX-500,485,Supplier A,12,0.064,2437,FL,4.29,0.85
2022-12-08,TX-200,208,Supplier A,16,0.07,2769,IL,4.03,0.1
2021-07-17,TX-100,389,Supplier A,13,0.024,1916,FL,1.89,0.61
2023-01-30,TX-400,456,Supplier B,29,0.015,2254,TX,2.09,0.12
2020-08-03,TX-200,401,Supplier A,21,0.089,1902,TX,1.73,0.48
2021-07-12,TX-100,347,Supplier D,10,0.041,1910,IL,5.79,0.46
2020-06-07,TX-400,258,Supplier E,15,0.0,3092,TX,4.4,0.27
2021-05-03,TX-100,495,Supplier E,10,0.029,2021,IL,5.35,0.83
2021-11-16,TX-400,254,Supplier A,28,0.02,4816,FL,3.94,0.23
2023-06-19,TX-400,162,Supplier E,17,0.06,2930,FL,2.37,0.55
2022-03-04,TX-400,227,Supplier A,1,0.076,3502,NY,4.32,0.48
2020-01-05,TX-100,258,Supplier A,22,0.05,827,IL,3.77,0.43
2020-12-26,TX-400,173,Supplier E,20,0.019,4327,CA,3.34,0.03
2021-04-03,TX-200,64,Supplier E,7,0.006,4534,IL,3.17,0.7
2020-09-04,TX-500,395,Supplier D,13,0.031,320,FL,4.43,0.01
2022-08-03,TX-500,477,Supplier C,1,0.081,4977,FL,4.28,0.82
2021-02-25,TX-400,347,Supplier D,12,0.042,2996,TX,2.18,0.27
2020-01-15,TX-500,94,Supplier D,9,0.025,3947,NY,5.17,0.12
2022-01-05,TX-500,143,Supplier E,7,0.002,4272,CA,4.36,0.42
2023-02-19,TX-400,156,Supplier D,6,0.05,2752,NY,3.91,0.56
2020-10-03,TX-400,468,Supplier E,12,0.068,4050,IL,4.87,0.31
2021-03-28,TX-200,327,Supplier B,25,0.019,4787,IL,2.19,0.12
2023-11-14,TX-300,177,Supplier A,29,0.054,1466,FL,5.64,0.02
2023-08-10,TX-100,87,Supplier C,23,0.042,431,TX,2.72,0.7
2021-08-20,TX-400,146,Supplier B,26,0.07,2825,CA,2.68,0.89
2021-03-21,TX-400,247,Supplier A,18,0.086,1504,TX,5.17,0.1
2020-07-28,TX-500,241,Supplier A,23,0.031,1057,CA,3.0,0.23
2021-12-14,TX-200,406,Supplier C,14,0.09,3611,NY,5.24,0.02
2020-10-28,TX-500,56,Supplier D,21,0.071,2468,FL,2.98,0.89
2023-05-31,TX-400,93,Supplier A,1,0.004,628,TX,3.98,0.44
2020-01-03,TX-400,381,Supplier C,21,0.079,967,IL,2.54,0.93
2022-09-16,TX-500,56,Supplier E,4,0.049,2036,FL,4.79,0.47
2023-01-21,TX-400,243,Supplier A,18,0.095,840,CA,2.25,0.86
2021-06-03,TX-300,365,Supplier A,0,0.032,1406,FL,5.55,0.95
2023-12-22,TX-100,50,Supplier D,6,0.059,3516,IL,3.17,0.34
2021-05-07,TX-100,111,Supplier D,17,0.096,1857,IL,3.62,0.64
2023-06-12,TX-100,392,Supplier E,0,0.027,1356,CA,1.61,0.67
2021-09-11,TX-300,138,Supplier A,0,0.047,4041,FL,5.89,0.02
2023-03-30,TX-400,67,Supplier D,6,0.075,1475,TX,5.16,0.44
2020-11-26,TX-500,157,Supplier C,27,0.069,815,FL,3.51,0.86
2020-11-28,TX-200,184,Supplier A,16,0.084,532,IL,5.64,0.95
2020-02-19,TX-400,420,Supplier C,24,0.052,3485,CA,5.69,0.9
2022-05-12,TX-300,359,Supplier B,5,0.032,3149,NY,3.9,0.97
2020-09-28,TX-300,116,Supplier E,19,0.054,2117,NY,2.55,0.65
2021-08-02,TX-100,142,Supplier D,11,0.035,356,FL,3.69,0.23
2023-06-29,TX-400,187,Supplier B,19,0.018,2936,IL,2.96,0.58
2021-07-13,TX-100,238,Supplier D,14,0.055,2404,FL,3.52,0.42
2021-11-26,TX-200,108,Supplier B,12,0.005,2306,CA,5.6,0.26
2023-01-18,TX-100,236,Supplier D,11,0.004,3942,TX,2.77,0.77
2021-03-21,TX-200,284,Supplier E,29,0.006,4398,NY,5.28,0.63
2022-10-13,TX-300,118,Supplier A,20,0.067,2137,FL,5.71,0.79
2023-09-17,TX-100,496,Supplier C,1,0.041,4883,IL,5.12,0.27
2023-03-08,TX-100,147,Supplier B,20,0.049,4277,NY,3.87,0.9
2020-12-22,TX-500,57,Supplier C,17,0.034,1569,NY,4.04,0.24
2020-09-30,TX-300,360,Supplier C,27,0.025,1148,TX,5.19,0.6
2022-11-08,TX-500,183,Supplier D,3,0.036,4213,FL,1.7,0.06
2020-11-06,TX-200,434,Supplier A,9,0.019,3668,TX,4.81,0.54
2022-05-19,TX-200,105,Supplier D,10,0.068,1060,IL,3.88,0.1
2022-06-04,TX-300,409,Supplier C,29,0.01,4216,IL,3.29,0.33
2020-06-02,TX-200,163,Supplier E,20,0.052,1271,FL,4.95,0.86
2023-11-14,TX-300,137,Supplier A,5,0.048,2785,NY,2.7,0.89
2023-07-07,TX-200,187,Supplier A,5,0.03,3084,CA,5.53,0.77
2021-09-11,TX-400,157,Supplier C,8,0.01,835,TX,4.6,0.37
2022-06-01,TX-100,72,Supplier D,19,0.07,732,NY,4.25,0.58
2022-03-07,TX-400,193,Supplier E,12,0.057,4641,IL,3.85,0.22
2020-05-04,TX-300,406,Supplier B,29,0.081,386,IL,2.46,0.68
2023-10-09,TX-300,193,Supplier D,4,0.024,4860,NY,4.28,0.35
2023-07-20,TX-400,105,Supplier A,5,0.079,1448,NY,4.76,0.22
2021-09-10,TX-100,157,Supplier D,3,0.029,4343,IL,1.55,0.58
2020-09-01,TX-100,400,Supplier B,5,0.011,2368,TX,3.15,0.11
2022-04-27,TX-500,55,Supplier E,17,0.013,4423,TX,5.25,0.69
2021-03-25,TX-200,79,Supplier E,27,0.022,4501,NY,4.34,0.19
2022-07-18,TX-500,496,Supplier B,12,0.068,278,FL,4.27,0.55
2023-06-24,TX-100,434,Supplier B,22,0.024,2011,IL,2.53,0.39
2021-06-03,TX-400,356,Supplier C,2,0.06,1599,CA,4.34,0.57
2023-03-10,TX-200,411,Supplier A,29,0.026,2097,IL,5.04,0.25
2020-12-27,TX-400,394,Supplier C,9,0.037,4612,TX,3.31,0.31
2020-01-08,TX-500,176,Supplier D,3,0.089,2757,TX,2.32,0.14
2021-04-22,TX-300,351,Supplier B,24,0.05,2775,CA,1.85,0.78
2023-10-07,TX-400,170,Supplier C,14,0.06,2270,TX,3.78,0.07
2021-05-09,TX-500,454,Supplier A,11,0.019,2432,CA,4.58,0.38
2022-04-12,TX-500,148,Supplier A,14,0.013,4089,TX,2.23,0.45
2023-12-21,TX-500,215,Supplier B,28,0.041,2854,CA,3.4,0.2
2022-11-28,TX-300,374,Supplier C,20,0.086,2150,FL,4.06,0.38
2021-08-15,TX-300,368,Supplier E,24,0.024,361,IL,2.2,0.42
2020-07-05,TX-300,290,Supplier B,25,0.062,1594,TX,2.71,0.22
2022-01-23,TX-200,99,Supplier D,28,0.087,431,NY,4.24,0.64
2020-04-02,TX-300,317,Supplier C,25,0.093,4456,CA,4.76,0.03
2020-03-26,TX-300,374,Supplier C,9,0.099,2919,CA,4.36,0.2
2022-12-03,TX-300,122,Supplier B,11,0.076,4642,CA,4.71,0.62
2020-05-16,TX-400,349,Supplier C,25,0.008,4968,TX,4.12,0.63
2021-02-24,TX-300,101,Supplier C,21,0.087,2716,IL,5.26,0.27
2020-03-14,TX-200,314,Supplier D,7,0.089,2742,NY,5.22,0.68
2023-03-25,TX-500,276,Supplier D,20,0.056,4395,CA,5.08,0.47
2023-07-02,TX-400,242,Supplier E,20,0.007,4863,CA,4.09,0.53
2020-06-19,TX-100,423,Supplier D,2,0.048,1258,CA,5.97,0.33
2020-06-18,TX-300,288,Supplier E,6,0.021,393,CA,1.68,0.98
2022-05-21,TX-500,59,Supplier D,17,0.044,3024,NY,2.38,0.74
2020-11-17,TX-500,351,Supplier E,26,0.072,4280,CA,5.14,0.25
2021-03-31,TX-400,408,Supplier D,27,0.067,392,NY,5.22,0.24
2022-08-01,TX-100,277,Supplier D,2,0.078,1261,NY,5.18,0.77
2022-02-28,TX-200,491,Supplier B,14,0.048,510,CA,5.43,0.39
2021-09-04,TX-500,342,Supplier D,1,0.051,608,FL,3.4,0.09
2023-03-24,TX-500,101,Supplier E,14,0.094,4055,NY,5.69,0.04
2022-06-07,TX-500,289,Supplier B,12,0.063,3389,FL,2.44,0.41
2020-12-14,TX-500,148,Supplier E,23,0.075,4813,NY,5.72,0.41
2023-04-11,TX-400,130,Supplier D,19,0.066,2239,TX,4.01,0.71
2020-01-10,TX-100,62,Supplier D,9,0.064,4979,CA,2.24,0.57
2022-01-09,TX-500,439,Supplier E,23,0.091,1493,TX,4.81,0.77
2023-07-12,TX-200,491,Supplier C,23,0.036,2718,NY,2.83,0.32
2023-06-24,TX-200,406,Supplier B,23,0.043,4966,TX,2.49,0.62
2021-10-28,TX-300,177,Supplier B,23,0.038,2076,CA,2.27,0.89
2021-06-29,TX-500,353,Supplier D,7,0.077,806,CA,1.63,0.07
2020-05-08,TX-500,465,Supplier B,15,0.087,1398,NY,4.94,0.71
2021-08-23,TX-500,60,Supplier E,27,0.036,3051,NY,3.69,0.72
2021-08-27,TX-500,130,Supplier D,24,0.014,3958,FL,5.9,0.79
2020-11-22,TX-500,310,Supplier B,15,0.049,3207,IL,3.48,0.27
2022-09-06,TX-200,55,Supplier A,1,0.098,4819,TX,5.3,0.42
2021-02-07,TX-100,422,Supplier B,8,0.02,840,FL,5.86,0.24
2021-09-20,TX-100,271,Supplier E,7,0.045,4392,TX,1.6,0.31
2023-10-14,TX-300,454,Supplier B,10,0.027,3999,CA,1.97,0.97
2021-12-18,TX-200,347,Supplier C,25,0.092,2437,NY,3.07,0.45
2022-11-06,TX-500,130,Supplier C,0,0.055,4961,TX,5.42,0.85
2020-09-30,TX-100,460,Supplier D,29,0.058,1534,IL,5.27,0.79
2021-11-15,TX-400,52,Supplier C,20,0.001,1421,CA,3.15,0.44
2020-04-25,TX-400,109,Supplier E,10,0.065,1110,CA,2.4,0.99
2022-05-10,TX-400,270,Supplier A,17,0.031,4283,FL,5.11,0.84
2021-11-23,TX-500,499,Supplier A,25,0.051,275,IL,4.19,0.48
2023-01-19,TX-500,398,Supplier D,20,0.053,2425,CA,1.64,0.31
2023-01-10,TX-300,98,Supplier D,28,0.059,1420,IL,5.12,0.08
2020-11-19,TX-300,277,Supplier C,14,0.082,2571,NY,5.81,0.46
2022-08-18,TX-300,339,Supplier E,23,0.03,1539,IL,1.69,0.36
2020-04-23,TX-400,342,Supplier C,8,0.026,4228,FL,2.79,0.71
2022-12-17,TX-500,347,Supplier E,8,0.08,308,FL,5.19,0.02
2020-06-02,TX-400,242,Supplier E,0,0.072,347,TX,4.13,0.83
2023-11-28,TX-300,493,Supplier A,6,0.023,3549,NY,5.95,0.42
2023-07-13,TX-500,306,Supplier E,11,0.0,2994,NY,5.62,0.47
2020-11-10,TX-200,492,Supplier B,26,0.067,3874,IL,2.3,0.18
2022-11-30,TX-100,437,Supplier E,23,0.016,889,FL,4.53,0.94
2020-04-14,TX-100,152,Supplier A,9,0.096,4180,FL,4.44,0.4
2023-05-01,TX-300,447,Supplier C,18,0.06,4213,FL,2.0,0.84
2023-11-25,TX-400,415,Supplier E,28,0.085,2360,NY,1.9,0.24
2023-07-25,TX-200,195,Supplier B,15,0.081,1846,FL,4.06,0.1
2020-12-19,TX-500,339,Supplier D,5,0.056,2661,TX,3.31,0.64
2022-10-12,TX-400,306,Supplier C,10,0.044,1217,CA,3.95,0.98
2022-01-02,TX-300,358,Supplier D,18,0.05,956,FL,2.57,0.65
2021-12-09,TX-400,327,Supplier B,24,0.08,3069,TX,4.0,0.61
2023-07-03,TX-300,238,Supplier A,28,0.064,2954,TX,3.23,0.44
2021-10-12,TX-100,455,Supplier A,18,0.021,1140,CA,5.49,0.28
2022-04-03,TX-100,227,Supplier C,17,0.061,3302,NY,2.88,0.43
2022-08-04,TX-400,65,Supplier E,24,0.04,397,FL,5.42,0.15
2021-10-22,TX-200,461,Supplier E,14,0.006,1097,TX,3.25,0.26
2020-04-08,TX-500,424,Supplier D,26,0.038,2944,TX,4.1,0.49
2021-08-10,TX-300,135,Supplier A,28,0.023,3301,CA,2.79,0.14
2020-10-08,TX-500,297,Supplier E,15,0.084,2763,TX,5.14,0.79
2021-02-06,TX-100,266,Supplier E,13,0.01,3441,FL,5.3,0.01
2023-02-06,TX-200,91,Supplier A,7,0.036,2415,NY,5.14,0.32
2021-11-30,TX-200,243,Supplier A,7,0.07,4695,TX,4.38,0.52
2020-07-17,TX-500,376,Supplier B,1,0.09,3658,NY,2.87,0.93
2023-08-19,TX-100,422,Supplier D,5,0.034,1013,TX,4.36,0.57
2020-11-22,TX-500,212,Supplier A,12,0.061,4412,TX,5.82,0.29
2020-06-02,TX-400,325,Supplier B,12,0.037,3528,FL,4.42,0.35
2021-07-05,TX-200,413,Supplier A,20,0.02,4841,NY,5.8,0.34
2021-02-08,TX-200,179,Supplier C,29,0.033,1104,IL,2.87,0.18
2021-04-06,TX-400,312,Supplier C,11,0.064,1409,FL,5.31,0.14
2020-05-11,TX-100,226,Supplier C,1,0.072,2693,NY,4.73,0.48
2022-03-01,TX-200,314,Supplier A,20,0.037,2870,NY,5.19,0.27
2022-05-23,TX-300,76,Supplier E,19,0.015,3502,NY,4.7,0.09
2020-03-24,TX-300,435,Supplier E,24,0.014,2840,IL,3.66,0.22
2023-11-23,TX-100,134,Supplier C,11,0.081,4979,FL,4.59,0.52
2022-01-23,TX-400,245,Supplier D,16,0.065,1021,IL,5.69,0.26
2021-09-19,TX-500,365,Supplier B,5,0.073,1820,TX,3.38,0.24
2023-02-06,TX-100,292,Supplier C,6,0.049,3168,CA,5.78,0.62
2020-08-08,TX-500,417,Supplier B,27,0.046,3283,IL,1.72,0.69
2021-07-06,TX-100,391,Supplier B,5,0.021,1615,TX,1.56,0.24
2023-10-23,TX-300,226,Supplier C,20,0.017,3709,IL,3.72,0.47
2023-03-16,TX-400,179,Supplier E,27,0.015,2409,NY,5.32,0.76
2020-04-21,TX-300,194,Supplier D,3,0.099,4842,CA,2.62,0.69
2021-09-06,TX-400,132,Supplier C,20,0.082,3952,CA,4.62,0.07
2022-07-12,TX-500,409,Supplier B,8,0.063,2836,TX,3.96,0.36
2021-04-19,TX-100,137,Supplier A,4,0.021,1233,IL,2.81,0.72
2022-04-15,TX-200,69,Supplier A,9,0.034,1602,IL,2.79,0.18
2020-09-27,TX-200,279,Supplier B,14,0.035,4819,IL,1.83,0.2
2021-02-24,TX-400,175,Supplier C,7,0.048,1736,TX,3.91,0.63
2021-12-07,TX-400,403,Supplier E,22,0.042,1909,IL,3.53,0.28
2023-10-22,TX-300,465,Supplier C,3,0.093,366,CA,2.8,0.32
2023-07-27,TX-200,100,Supplier D,25,0.072,4973,CA,5.87,0.52
2023-07-30,TX-300,137,Supplier A,4,0.008,767,FL,5.18,0.75
2020-02-09,TX-500,219,Supplier B,6,0.036,153,IL,3.86,0.5
2020-07-07,TX-200,112,Supplier E,5,0.013,2921,IL,3.85,0.89
2023-04-02,TX-500,138,Supplier C,12,0.028,4045,CA,2.37,0.11
2022-09-20,TX-100,238,Supplier D,18,0.096,4590,CA,4.42,0.75
2021-06-19,TX-300,239,Supplier C,9,0.071,4707,NY,5.79,0.54
2022-10-24,TX-400,436,Supplier D,14,0.001,900,NY,5.54,0.82
2020-10-16,TX-200,138,Supplier C,2,0.033,4520,FL,1.88,0.32
2021-03-08,TX-300,397,Supplier E,17,0.044,4291,CA,1.74,0.48
2021-04-15,TX-400,381,Supplier E,13,0.06,2126,FL,5.83,0.82
2023-04-19,TX-100,75,Supplier B,2,0.05,273,IL,2.4,0.83
2023-06-25,TX-200,225,Supplier E,10,0.007,4539,IL,3.98,0.38
2021-09-19,TX-500,413,Supplier D,9,0.052,154,CA,1.84,0.82
2020-10-05,TX-100,313,Supplier B,28,0.013,809,TX,5.29,0.68
2022-05-26,TX-400,438,Supplier E,16,0.052,1740,FL,2.03,0.41
2021-08-03,TX-200,444,Supplier A,12,0.025,1914,TX,4.4,0.97
2022-05-12,TX-200,91,Supplier D,24,0.014,1813,IL,1.75,0.03
2020-09-10,TX-100,168,Supplier B,1,0.029,2449,FL,2.21,0.38
2020-06-29,TX-200,218,Supplier D,27,0.01,3376,IL,3.8,0.31
2021-11-11,TX-400,157,Supplier B,12,0.028,4415,NY,1.71,0.94
2022-04-04,TX-100,196,Supplier D,18,0.087,4623,CA,2.38,0.1
2021-11-30,TX-500,225,Supplier A,4,0.031,4336,NY,2.11,0.63
2021-07-19,TX-100,486,Supplier E,15,0.047,2602,FL,1.68,0.72
2023-09-11,TX-100,488,Supplier C,9,0.052,4353,NY,5.87,0.18
2023-10-12,TX-500,425,Supplier C,11,0.018,204,FL,3.53,0.15
2021-11-10,TX-400,238,Supplier C,19,0.044,2889,TX,5.37,0.05
2021-01-25,TX-300,209,Supplier B,12,0.085,2049,CA,3.11,0.16
2023-01-13,TX-300,351,Supplier E,20,0.008,4484,TX,1.69,0.81
2023-09-02,TX-500,397,Supplier B,15,0.092,4827,IL,4.63,0.94
2020-07-30,TX-400,469,Supplier B,21,0.087,1308,CA,1.67,0.9
2021-01-18,TX-200,451,Supplier B,20,0.086,4474,NY,3.99,0.37
2020-12-07,TX-500,123,Supplier B,25,0.02,3095,FL,2.13,0.73
2022-04-23,TX-300,401,Supplier E,0,0.048,4420,CA,4.52,0.83
2022-11-27,TX-400,67,Supplier C,21,0.062,2006,IL,5.52,0.81
2021-02-23,TX-100,189,Supplier D,8,0.01,3993,TX,5.8,0.06
2022-01-20,TX-400,164,Supplier B,15,0.056,1810,IL,3.87,0.21
2023-04-07,TX-400,377,Supplier E,18,0.084,3348,NY,3.9,0.94
2023-09-28,TX-300,274,Supplier A,14,0.094,4279,FL,1.67,0.74
2020-11-01,TX-300,95,Supplier D,17,0.028,1691,FL,4.96,0.83
2021-12-02,TX-200,488,Supplier B,21,0.029,2239,NY,5.8,0.51
2022-05-18,TX-200,87,Supplier B,11,0.027,107,FL,3.47,0.39
2021-06-20,TX-500,255,Supplier D,13,0.015,3833,CA,5.07,0.65
2023-02-09,TX-100,435,Supplier D,2,0.043,3745,CA,5.09,0.47
2023-12-05,TX-200,58,Supplier B,3,0.078,1754,NY,5.04,0.37
2020-07-24,TX-300,302,Supplier E,5,0.071,578,NY,4.91,0.35
2023-04-23,TX-400,157,Supplier A,15,0.09,4303,IL,2.47,0.16
2023-11-06,TX-500,438,Supplier E,27,0.036,4027,FL,4.88,0.53
2021-05-10,TX-200,147,Supplier C,12,0.057,3797,TX,2.15,0.52
2023-11-03,TX-400,324,Supplier C,11,0.077,2384,NY,4.71,0.59
2022-12-06,TX-400,120,Supplier C,21,0.09,2114,IL,1.52,0.12
2021-05-18,TX-200,88,Supplier B,11,0.087,2676,NY,5.63,0.91
2022-11-11,TX-100,347,Supplier A,1,0.047,1727,NY,5.22,0.74
2020-07-31,TX-100,450,Supplier A,28,0.091,4824,CA,4.57,0.13
2020-11-05,TX-500,496,Supplier B,12,0.044,1510,FL,1.93,0.08
2021-10-22,TX-100,139,Supplier B,2,0.09,1342,NY,5.21,0.64
2022-01-22,TX-500,479,Supplier B,12,0.078,1272,FL,5.44,0.34
2020-09-28,TX-300,268,Supplier A,24,0.022,2201,IL,4.6,0.32
2022-07-26,TX-200,156,Supplier B,1,0.093,1981,NY,5.89,0.84
2023-05-10,TX-400,453,Supplier D,18,0.024,3284,TX,1.92,0.35
2020-02-01,TX-500,441,Supplier D,8,0.091,526,CA,4.69,0.63
2021-03-18,TX-100,145,Supplier D,19,0.062,2645,TX,3.86,0.54
2020-06-10,TX-500,452,Supplier B,0,0.067,1415,CA,2.16,0.26
2022-02-05,TX-500,81,Supplier D,26,0.011,610,NY,4.46,0.33
2020-09-10,TX-100,175,Supplier B,12,0.007,540,NY,5.1,0.94
2021-06-04,TX-100,196,Supplier D,1,0.097,1755,FL,2.24,0.33
2022-09-03,TX-200,329,Supplier B,14,0.034,3774,CA,5.07,0.78
2020-01-10,TX-400,73,Supplier E,18,0.084,2869,IL,1.92,0.86
2021-12-26,TX-200,489,Supplier C,24,0.07,3144,TX,4.16,0.07
2021-05-19,TX-200,258,Supplier E,24,0.06,2757,IL,5.09,0.66
2022-02-23,TX-100,169,Supplier C,15,0.069,4985,CA,2.16,0.75
2021-03-11,TX-100,323,Supplier C,10,0.009,3707,IL,4.07,0.43
2023-02-08,TX-400,189,Supplier D,14,0.041,495,CA,3.41,0.57
2020-06-01,TX-500,346,Supplier C,5,0.061,3246,FL,4.23,0.16
2022-07-05,TX-200,392,Supplier C,13,0.087,927,FL,3.41,0.32
2022-05-18,TX-400,481,Supplier E,26,0.071,3690,IL,2.63,0.71
2023-01-30,TX-200,131,Supplier C,5,0.025,3104,IL,2.64,0.6
2022-01-22,TX-500,497,Supplier B,18,0.098,4760,CA,5.39,0.14
2023-04-29,TX-200,449,Supplier B,4,0.064,891,FL,2.2,0.99
2021-07-16,TX-300,257,Supplier D,10,0.05,602,IL,2.05,0.94
2023-01-09,TX-400,456,Supplier E,3,0.078,3992,CA,1.94,0.22
2021-05-03,TX-100,472,Supplier A,25,0.06,4976,CA,1.83,0.88
2022-06-13,TX-200,82,Supplier E,25,0.071,4529,IL,1.57,0.27
2023-01-16,TX-400,73,Supplier A,27,0.062,4686,TX,2.22,0.56
2023-05-02,TX-400,110,Supplier C,8,0.018,2148,NY,2.37,0.78
2020-04-13,TX-200,360,Supplier A,8,0.054,2774,CA,2.71,0.34
2023-01-24,TX-100,238,Supplier C,16,0.028,3508,FL,2.06,0.56
2023-12-17,TX-100,133,Supplier E,7,0.057,2334,NY,1.92,0.45
2023-05-06,TX-200,274,Supplier E,14,0.013,4121,CA,3.94,0.76
2022-10-21,TX-400,217,Supplier D,8,0.023,3602,TX,4.73,0.48
2022-10-03,TX-100,235,Supplier D,4,0.081,3710,NY,4.34,0.57
2021-02-10,TX-200,424,Supplier C,3,0.041,4144,FL,4.01,0.85
2023-11-02,TX-200,121,Supplier C,25,0.067,2270,NY,3.48,0.7
2020-06-15,TX-200,123,Supplier B,19,0.05,4747,IL,4.35,0.53
2021-05-23,TX-400,434,Supplier B,17,0.034,1342,CA,5.56,0.46
2020-11-08,TX-100,390,Supplier B,8,0.05,1539,IL,4.32,0.13
2023-12-12,TX-400,202,Supplier E,20,0.081,3937,TX,1.77,0.06
2022-02-01,TX-300,145,Supplier A,26,0.028,1309,NY,4.07,0.95
2021-11-11,TX-100,102,Supplier C,2,0.042,3735,IL,3.86,0.19
2021-04-21,TX-400,494,Supplier D,21,0.02,3376,TX,3.53,0.28
2020-03-13,TX-100,223,Supplier C,8,0.035,4531,IL,4.06,0.61
2023-03-10,TX-300,159,Supplier A,8,0.089,3973,FL,4.53,0.83
2021-08-04,TX-500,365,Supplier C,27,0.079,489,IL,1.67,0.83
2020-09-18,TX-200,100,Supplier D,28,0.037,1802,CA,3.66,0.83
2023-09-25,TX-400,426,Supplier D,20,0.013,1635,IL,5.18,0.98
2023-08-24,TX-300,302,Supplier A,23,0.042,2097,IL,3.89,0.06
2020-09-01,TX-300,122,Supplier D,3,0.077,1897,IL,1.81,0.4
2023-09-22,TX-100,261,Supplier E,20,0.004,4421,IL,4.99,0.91
2021-07-14,TX-100,481,Supplier D,6,0.075,1944,IL,5.74,0.47
2023-01-04,TX-200,261,Supplier A,6,0.068,2660,NY,5.33,0.87
2020-06-23,TX-100,300,Supplier A,28,0.006,128,NY,3.13,0.02
2020-04-18,TX-400,217,Supplier C,22,0.064,4799,FL,3.91,0.5
2020-07-01,TX-400,312,Supplier D,7,0.03,1080,NY,4.16,0.92
2020-07-10,TX-400,380,Supplier D,26,0.018,3154,TX,4.72,0.26
2020-03-05,TX-500,279,Supplier A,20,0.038,3683,CA,4.5,0.93
2022-08-20,TX-400,288,Supplier C,0,0.021,1758,IL,2.4,0.01
2023-01-28,TX-100,324,Supplier C,26,0.082,4920,IL,5.29,0.08
2022-05-13,TX-100,192,Supplier E,8,0.074,4884,IL,5.32,0.48
2023-02-25,TX-400,119,Supplier E,24,0.098,2704,FL,3.32,0.11
2021-01-03,TX-300,494,Supplier A,22,0.053,4061,FL,2.09,0.23
2022-04-30,TX-300,361,Supplier C,11,0.009,2426,TX,4.24,0.3
2020-02-12,TX-300,443,Supplier C,5,0.037,939,IL,3.11,0.48
2023-12-13,TX-200,223,Supplier E,12,0.084,2514,FL,4.84,0.39
2021-05-02,TX-500,385,Supplier E,28,0.04,4526,IL,2.92,0.92
2020-03-18,TX-400,158,Supplier A,4,0.046,496,NY,2.68,0.89
2022-04-05,TX-200,252,Supplier C,20,0.041,484,IL,5.4,0.75
2023-07-17,TX-300,234,Supplier A,18,0.024,3682,TX,4.27,0.66
2021-11-04,TX-400,340,Supplier E,25,0.007,4078,TX,1.89,0.2
2021-12-01,TX-200,377,Supplier D,0,0.018,2705,FL,4.6,0.6
2022-01-28,TX-100,141,Supplier E,21,0.036,4458,IL,4.89,0.15
2021-12-28,TX-300,308,Supplier C,23,0.025,3266,TX,2.56,0.45
2023-08-31,TX-200,371,Supplier A,29,0.057,1043,NY,5.85,0.46
2022-07-13,TX-100,486,Supplier C,17,0.061,1885,FL,3.18,0.69
2022-06-20,TX-300,255,Supplier E,7,0.057,946,NY,5.73,0.84
2022-06-07,TX-500,101,Supplier E,23,0.008,1581,TX,2.82,0.32
2022-09-19,TX-300,398,Supplier B,25,0.067,3215,FL,4.24,0.04
2023-04-06,TX-500,230,Supplier E,7,0.038,1486,IL,3.83,0.05
2020-12-04,TX-500,487,Supplier C,25,0.088,2305,CA,5.96,0.87
2020-07-11,TX-500,352,Supplier A,14,0.053,1380,IL,3.34,0.49
2020-10-09,TX-400,52,Supplier A,18,0.008,1698,IL,2.31,0.25
2023-09-21,TX-400,498,Supplier B,9,0.001,2082,NY,5.25,0.03
2021-01-24,TX-500,448,Supplier C,23,0.07,412,IL,1.69,0.53
2022-09-26,TX-100,133,Supplier E,15,0.04,3959,CA,5.48,0.14
2021-06-08,TX-500,263,Supplier D,10,0.029,2264,FL,2.0,0.42
2023-06-17,TX-200,83,Supplier A,11,0.045,1799,FL,4.07,0.52
2021-10-20,TX-500,99,Supplier C,15,0.007,3168,CA,4.71,0.23
2021-12-16,TX-400,338,Supplier B,15,0.039,1878,NY,3.01,0.2
2022-06-09,TX-400,378,Supplier D,27,0.031,4369,CA,5.3,0.02
2023-01-17,TX-200,308,Supplier C,29,0.08,3802,FL,4.17,0.59
2023-01-23,TX-200,307,Supplier E,19,0.017,848,CA,3.28,0.2
2021-03-27,TX-300,437,Supplier A,2,0.076,1907,NY,2.96,0.88
2021-03-03,TX-100,321,Supplier E,26,0.05,1633,IL,2.0,0.6
2023-03-20,TX-100,231,Supplier B,8,0.008,3896,IL,4.38,0.56
2023-10-31,TX-100,82,Supplier A,7,0.097,2381,FL,3.14,0.5
2022-11-11,TX-400,314,Supplier D,9,0.073,3522,NY,2.94,0.22
2022-06-01,TX-100,362,Supplier A,28,0.026,2309,IL,5.77,0.97
2020-11-08,TX-300,89,Supplier E,12,0.058,3762,IL,2.73,0.97
2022-04-19,TX-300,357,Supplier C,17,0.09,2838,IL,5.44,0.32
2021-06-02,TX-100,259,Supplier C,12,0.093,391,TX,5.89,0.78
2023-05-14,TX-200,321,Supplier C,12,0.073,4322,IL,5.2,0.12
2021-01-09,TX-300,185,Supplier B,14,0.073,2840,TX,1.59,0.78
2021-03-26,TX-200,136,Supplier B,12,0.028,2050,CA,5.41,0.29
2022-10-11,TX-400,109,Supplier C,29,0.099,2535,FL,2.46,0.29
2021-08-17,TX-300,213,Supplier D,15,0.024,2927,FL,3.09,0.51
2023-04-17,TX-200,52,Supplier E,7,0.009,280,TX,5.96,0.39
2023-05-18,TX-100,64,Supplier D,26,0.098,1270,NY,3.32,0.12
2021-05-14,TX-400,151,Supplier C,26,0.015,2843,TX,4.45,0.59
2021-04-08,TX-500,304,Supplier E,18,0.052,1235,IL,2.9,0.21
2023-02-21,TX-500,274,Supplier B,9,0.047,1810,NY,3.16,0.44
2020-04-22,TX-100,259,Supplier A,11,0.085,2444,FL,4.19,0.23
2022-11-01,TX-400,72,Supplier A,13,0.04,4886,CA,5.77,0.86
2023-02-23,TX-400,284,Supplier E,5,0.05,4757,CA,2.77,0.34
2020-11-26,TX-400,180,Supplier D,20,0.004,4074,TX,2.61,0.89
2023-07-30,TX-400,207,Supplier E,23,0.021,3603,TX,1.62,0.33
2020-05-19,TX-500,222,Supplier D,8,0.083,4050,TX,2.41,0.18
2023-11-25,TX-200,66,Supplier D,26,0.048,2458,TX,2.68,0.58
2022-06-20,TX-400,419,Supplier A,6,0.023,489,FL,1.78,0.56
2023-01-25,TX-200,491,Supplier B,5,0.037,3158,IL,4.04,0.62
2021-05-31,TX-400,363,Supplier C,21,0.029,4725,FL,2.07,0.3
2021-07-22,TX-300,415,Supplier B,0,0.056,258,CA,3.8,0.32
2022-04-25,TX-300,234,Supplier C,20,0.005,1779,CA,2.35,0.24
2022-12-28,TX-300,440,Supplier A,13,0.022,3650,CA,5.71,0.93
2020-04-27,TX-400,472,Supplier C,23,0.035,329,IL,2.88,0.68
2022-06-06,TX-200,383,Supplier D,5,0.093,1825,IL,1.92,0.76
2022-12-18,TX-500,491,Supplier E,11,0.062,3508,NY,5.26,0.19
2022-11-22,TX-100,233,Supplier C,16,0.05,4887,IL,3.31,0.66
2023-09-03,TX-500,192,Supplier B,4,0.019,4328,CA,5.19,0.76
2020-02-19,TX-400,93,Supplier A,28,0.056,1780,IL,2.91,0.34
2020-01-19,TX-300,61,Supplier A,10,0.093,1395,IL,3.75,0.16
2021-12-26,TX-300,57,Supplier E,27,0.057,2680,IL,3.5,0.7
2020-07-15,TX-200,129,Supplier D,4,0.016,3976,TX,4.01,0.61
2021-07-12,TX-400,346,Supplier D,11,0.1,3084,IL,3.31,0.58
2021-03-27,TX-500,211,Supplier A,2,0.05,1923,TX,3.74,0.18
2020-10-15,TX-400,351,Supplier D,23,0.032,2428,CA,4.56,0.26
2023-03-10,TX-400,265,Supplier E,8,0.05,458,NY,3.37,0.62
2023-01-12,TX-300,297,Supplier A,5,0.026,1112,FL,4.58,0.61
2021-01-25,TX-500,78,Supplier D,21,0.003,2994,NY,4.71,0.55
2020-08-02,TX-100,321,Supplier C,1,0.089,2795,FL,4.87,0.77
2020-08-02,TX-300,182,Supplier C,25,0.043,4196,CA,3.62,0.81
2023-11-27,TX-500,54,Supplier D,1,0.075,4141,TX,1.52,0.28
2020-05-07,TX-200,293,Supplier C,21,0.097,2462,IL,4.89,0.16
2022-01-29,TX-300,79,Supplier E,11,0.063,1369,TX,5.59,0.2
2021-02-07,TX-200,166,Supplier B,7,0.069,1363,FL,4.44,0.28
2022-11-18,TX-300,227,Supplier E,1,0.094,3443,IL,3.86,0.95
2020-12-03,TX-400,310,Supplier E,8,0.052,947,FL,4.02,0.14
2022-04-10,TX-500,284,Supplier D,28,0.032,4984,FL,4.38,0.88
2021-12-14,TX-200,190,Supplier E,15,0.092,2461,IL,5.99,0.2
2020-12-26,TX-300,354,Supplier D,27,0.007,3740,NY,1.78,0.35
2021-07-22,TX-200,394,Supplier A,29,0.021,2286,NY,1.6,0.13
2023-11-16,TX-300,99,Supplier D,24,0.034,597,FL,5.84,0.1
2020-08-05,TX-300,319,Supplier D,14,0.078,2268,CA,3.48,0.1
2020-07-20,TX-100,157,Supplier A,13,0.09,2511,TX,4.26,0.34
2020-01-17,TX-100,95,Supplier B,19,0.045,1621,NY,4.89,0.52
2020-11-17,TX-100,131,Supplier A,3,0.029,4356,IL,4.84,0.2
2021-06-01,TX-200,175,Supplier D,3,0.035,763,FL,4.41,0.93
2023-09-10,TX-400,133,Supplier C,10,0.066,1066,TX,3.62,0.59
2023-12-06,TX-300,339,Supplier D,20,0.016,649,TX,4.09,0.89
2023-09-03,TX-500,120,Supplier A,23,0.055,1173,FL,4.78,0.15
2021-11-11,TX-100,224,Supplier D,17,0.059,4942,TX,5.33,0.14
2023-01-10,TX-200,365,Supplier A,26,0.071,2236,CA,2.07,0.85
2021-02-28,TX-200,379,Supplier E,4,0.06,992,FL,2.75,0.57
2023-05-12,TX-200,386,Supplier B,29,0.01,2868,TX,3.29,0.94
2022-10-15,TX-500,444,Supplier B,1,0.069,1348,TX,4.49,0.15
2021-01-21,TX-500,403,Supplier A,14,0.002,2533,NY,3.28,0.03
2022-02-16,TX-100,140,Supplier B,10,0.039,1290,TX,2.57,0.92
2020-04-07,TX-500,400,Supplier C,26,0.042,1837,TX,1.65,0.7
2023-09-30,TX-100,483,Supplier C,23,0.012,753,NY,5.29,0.81
2020-07-26,TX-500,298,Supplier B,16,0.001,436,FL,3.39,0.3
2021-08-08,TX-500,181,Supplier A,15,0.007,4785,NY,2.98,0.0
2020-06-14,TX-500,218,Supplier C,14,0.045,534,IL,3.89,0.48
2020-01-22,TX-100,492,Supplier B,22,0.024,1371,IL,2.05,0.99
2020-06-02,TX-300,109,Supplier D,2,0.007,4682,CA,3.29,0.91
2023-08-11,TX-100,418,Supplier C,19,0.026,1931,TX,4.88,0.07
2020-08-06,TX-300,386,Supplier E,29,0.053,1600,IL,4.81,0.19
2021-10-30,TX-200,290,Supplier C,14,0.074,2256,FL,4.97,0.31
2020-08-17,TX-200,239,Supplier B,23,0.041,1867,FL,3.6,0.83
2020-01-20,TX-100,389,Supplier B,18,0.061,4738,IL,3.16,0.82
2021-07-06,TX-300,330,Supplier B,27,0.06,904,NY,5.24,0.19
2022-08-07,TX-300,281,Supplier A,28,0.09,2092,CA,2.28,0.53
2020-05-27,TX-300,338,Supplier A,12,0.018,4878,NY,4.76,0.5
2023-02-05,TX-200,324,Supplier D,15,0.048,3280,CA,5.5,0.41
2021-02-06,TX-100,362,Supplier D,22,0.063,2411,IL,2.79,0.54
2021-08-18,TX-400,64,Supplier C,11,0.052,4485,NY,2.39,0.29
2021-01-01,TX-300,90,Supplier B,16,0.045,4340,IL,3.81,0.53
2023-12-08,TX-300,257,Supplier D,15,0.097,628,CA,2.47,0.69
2023-08-25,TX-400,109,Supplier B,8,0.094,2485,FL,5.42,0.06
2022-03-12,TX-100,414,Supplier C,28,0.061,1688,NY,2.6,0.97
2022-07-06,TX-300,289,Supplier A,5,0.044,4082,IL,2.91,0.17
2023-03-03,TX-100,145,Supplier D,18,0.076,1744,CA,5.5,0.36
2023-07-30,TX-300,327,Supplier E,22,0.051,1692,FL,2.43,0.47
2020-03-13,TX-500,476,Supplier E,12,0.1,3831,NY,5.48,0.04
2021-04-25,TX-300,209,Supplier E,20,0.069,3708,CA,2.44,0.55
2023-10-07,TX-500,446,Supplier E,23,0.007,177,NY,5.6,0.87
2021-07-13,TX-100,471,Supplier E,7,0.04,4294,NY,2.93,0.9
2023-09-11,TX-300,331,Supplier E,11,0.073,2793,TX,2.61,0.33
2022-01-14,TX-200,258,Supplier E,8,0.084,1438,IL,3.65,0.56
2020-04-09,TX-200,182,Supplier D,21,0.081,3394,TX,3.16,0.78
2022-12-18,TX-400,430,Supplier E,3,0.098,3123,NY,2.41,0.25
2021-05-22,TX-200,482,Supplier E,12,0.049,2920,CA,3.02,0.53
2020-09-14,TX-500,146,Supplier C,1,0.014,4974,IL,4.71,0.37
2021-02-16,TX-200,268,Supplier D,2,0.065,4025,CA,5.24,0.38
2022-12-24,TX-200,438,Supplier C,4,0.007,2187,CA,5.19,0.09
2021-08-17,TX-200,120,Supplier B,23,0.097,4671,FL,4.91,0.41
2023-03-23,TX-300,481,Supplier E,27,0.076,1237,NY,1.52,0.16
2020-09-22,TX-400,323,Supplier A,25,0.098,778,CA,3.42,0.3
2022-03-31,TX-100,400,Supplier E,17,0.038,4727,NY,2.26,0.33
2023-01-07,TX-400,183,Supplier E,20,0.002,329,TX,1.83,0.43
2023-08-31,TX-500,115,Supplier C,13,0.052,2928,TX,4.81,0.92
2021-10-23,TX-300,176,Supplier B,24,0.012,2223,CA,5.07,0.63
2022-08-04,TX-300,254,Supplier C,1,0.068,2412,NY,5.17,0.97
2021-07-13,TX-200,347,Supplier D,14,0.05,3432,FL,5.51,0.59
2022-07-05,TX-200,166,Supplier B,7,0.075,1492,IL,4.16,0.81
2022-06-09,TX-500,485,Supplier B,15,0.029,3835,TX,5.99,0.83
2023-06-25,TX-300,316,Supplier B,2,0.083,2124,TX,3.68,0.74
2022-05-17,TX-100,331,Supplier C,23,0.065,4277,FL,5.48,0.67
2021-09-01,TX-400,198,Supplier E,19,0.099,1760,CA,2.01,0.42
2021-02-17,TX-300,243,Supplier E,19,0.018,329,TX,2.17,0.57
2020-01-25,TX-100,217,Supplier E,27,0.005,2793,TX,4.16,0.19
2020-10-10,TX-100,361,Supplier E,22,0.085,1721,IL,2.06,0.62
2022-05-30,TX-400,423,Supplier E,4,0.034,1678,FL,1.84,0.51
2020-10-27,TX-100,228,Supplier D,3,0.043,3887,FL,2.38,0.8
2022-12-27,TX-500,197,Supplier A,22,0.093,380,NY,5.04,0.9
2022-10-27,TX-100,106,Supplier B,11,0.044,2615,FL,5.67,0.13
2022-03-27,TX-500,54,Supplier A,18,0.03,4725,IL,3.0,0.69
2023-03-06,TX-100,63,Supplier D,14,0.006,2555,FL,5.89,0.95
2023-04-02,TX-200,329,Supplier E,24,0.044,4418,NY,5.14,0.92
2020-03-23,TX-100,373,Supplier D,29,0.065,868,IL,2.52,0.83
2023-12-14,TX-500,485,Supplier D,12,0.027,3186,TX,4.14,0.05
2023-01-01,TX-100,353,Supplier A,4,0.072,645,CA,5.92,0.25
2023-06-14,TX-100,265,Supplier B,11,0.048,3351,TX,5.32,0.15
2020-02-15,TX-100,224,Supplier C,18,0.086,4346,NY,3.14,0.93
2021-09-09,TX-500,365,Supplier C,1,0.016,4962,IL,2.88,0.75
2022-07-16,TX-100,52,Supplier B,6,0.076,113,TX,5.19,0.53
2020-09-18,TX-400,424,Supplier E,27,0.093,1501,NY,3.97,0.98
2020-06-24,TX-400,186,Supplier D,22,0.074,2354,TX,2.24,0.19
2023-04-04,TX-500,149,Supplier E,27,0.041,2766,CA,2.98,0.64
2021-10-18,TX-200,132,Supplier D,28,0.023,2882,TX,4.48,0.61
2022-04-21,TX-400,329,Supplier C,4,0.01,4975,TX,2.19,0.34
2021-01-04,TX-300,181,Supplier B,19,0.064,1198,TX,4.64,0.49
2020-02-23,TX-400,442,Supplier A,28,0.014,3304,NY,4.69,0.24
2021-11-20,TX-300,50,Supplier A,10,0.084,530,IL,2.72,0.68
2023-12-13,TX-500,165,Supplier B,17,0.096,894,FL,3.29,0.42
2023-09-26,TX-200,468,Supplier C,17,0.014,4066,NY,5.71,0.02
2023-02-24,TX-300,251,Supplier D,6,0.038,3607,FL,4.87,0.95
2023-12-03,TX-300,189,Supplier A,9,0.094,307,FL,5.05,0.5
2021-01-01,TX-400,195,Supplier C,22,0.047,2251,TX,3.82,0.71
2023-07-18,TX-300,315,Supplier B,19,0.054,2611,CA,2.46,0.2
2021-10-05,TX-500,251,Supplier E,13,0.075,4665,FL,4.16,0.13
2021-01-13,TX-500,451,Supplier C,19,0.021,679,FL,4.97,0.9
2020-03-13,TX-500,201,Supplier C,19,0.098,4445,TX,1.52,0.59
2022-07-03,TX-400,434,Supplier E,10,0.078,4798,CA,2.01,0.49
2023-06-25,TX-200,271,Supplier C,1,0.016,2930,TX,3.63,0.52
2022-05-09,TX-400,128,Supplier A,12,0.011,4598,FL,3.47,0.24
2020-02-12,TX-500,249,Supplier A,12,0.093,2866,NY,5.92,0.91
2021-01-11,TX-400,299,Supplier A,8,0.069,3088,FL,1.91,0.21
2022-11-30,TX-500,148,Supplier C,16,0.004,4205,NY,2.96,0.16
2020-06-18,TX-100,449,Supplier C,14,0.014,1733,IL,5.17,0.93
2020-07-30,TX-100,262,Supplier C,23,0.005,4194,CA,4.26,0.26
2020-02-08,TX-300,192,Supplier B,21,0.097,1620,IL,4.03,0.86
2021-01-03,TX-200,239,Supplier E,28,0.05,3581,TX,4.84,0.77
2022-01-26,TX-100,438,Supplier C,25,0.046,3448,FL,1.68,0.38
2020-05-30,TX-500,350,Supplier E,22,0.096,195,IL,5.76,0.25
2023-02-08,TX-400,423,Supplier D,27,0.05,3984,CA,2.36,0.76
2023-12-30,TX-400,101,Supplier A,20,0.052,3610,NY,1.87,0.6
2022-12-06,TX-300,161,Supplier B,21,0.098,1631,NY,3.03,0.25
2022-10-20,TX-400,184,Supplier E,21,0.011,4975,TX,4.66,0.89
2022-01-06,TX-100,460,Supplier A,28,0.099,714,TX,2.54,0.72
2023-10-21,TX-400,161,Supplier B,15,0.017,3586,FL,1.72,0.91
2020-03-09,TX-100,62,Supplier A,24,0.047,4326,IL,1.76,0.44
2020-10-25,TX-100,322,Supplier C,9,0.034,2245,FL,2.65,0.13
2022-08-01,TX-200,282,Supplier C,28,0.096,1159,NY,2.11,0.92
2022-03-12,TX-300,93,Supplier A,19,0.049,3117,NY,3.18,0.6
2020-10-22,TX-500,446,Supplier B,27,0.002,1872,IL,2.28,0.61
2020-07-21,TX-100,122,Supplier A,26,0.022,2094,FL,3.05,0.58
2020-03-01,TX-300,310,Supplier D,11,0.043,1766,TX,3.5,0.47
2022-08-03,TX-500,280,Supplier B,28,0.068,2841,IL,4.84,0.26
2022-08-20,TX-400,82,Supplier B,4,0.056,4223,TX,2.52,0.61
2023-08-30,TX-300,437,Supplier A,19,0.085,2816,IL,3.64,0.72
2023-03-30,TX-300,459,Supplier E,16,0.083,621,TX,5.17,0.92
2020-11-26,TX-300,117,Supplier A,9,0.059,1022,CA,5.94,0.07
2020-12-03,TX-400,65,Supplier E,5,0.057,4130,NY,4.01,0.25
2023-08-20,TX-400,199,Supplier B,20,0.028,4304,IL,3.45,0.78
2023-09-23,TX-300,341,Supplier C,19,0.096,2755,CA,4.34,0.78
2021-09-30,TX-200,151,Supplier C,5,0.008,4853,IL,3.69,0.21
2020-10-01,TX-100,235,Supplier A,11,0.04,1304,NY,2.24,0.18
2023-04-02,TX-400,488,Supplier E,20,0.066,4405,NY,3.57,0.37
2020-11-14,TX-200,468,Supplier A,18,0.095,3220,TX,5.91,0.06
2021-08-11,TX-400,74,Supplier D,1,0.05,1596,NY,4.38,0.73
2021-05-18,TX-300,121,Supplier A,12,0.09,4861,NY,2.78,0.67
2021-01-21,TX-200,130,Supplier A,21,0.01,4968,NY,5.76,0.86
2022-05-19,TX-500,110,Supplier A,19,0.053,428,FL,3.25,0.43
2022-04-12,TX-100,67,Supplier A,10,0.032,4091,FL,3.26,0.64
2022-10-11,TX-100,291,Supplier E,14,0.08,1564,NY,4.27,0.95
2021-08-25,TX-400,107,Supplier E,12,0.044,3292,FL,4.06,0.96
2021-11-21,TX-100,381,Supplier E,25,0.048,2134,IL,2.81,0.07
2021-05-08,TX-500,426,Supplier D,2,0.006,3690,CA,3.6,0.0
2021-05-04,TX-200,106,Supplier D,13,0.044,602,CA,3.0,0.96
2021-12-21,TX-200,146,Supplier A,7,0.008,588,FL,4.82,0.54
2023-01-01,TX-300,264,Supplier E,27,0.03,3937,CA,2.05,0.7
2021-05-23,TX-200,368,Supplier D,8,0.013,1526,FL,4.88,0.91
2021-01-24,TX-400,61,Supplier C,14,0.033,1699,TX,2.23,0.43
2020-10-21,TX-500,60,Supplier A,22,0.023,1934,NY,2.88,0.44
2023-10-24,TX-300,446,Supplier B,17,0.029,4860,CA,3.0,0.17
2022-03-06,TX-400,212,Supplier E,7,0.015,1140,NY,5.96,0.91
2022-05-14,TX-400,332,Supplier A,10,0.044,138,CA,4.15,0.65
2021-07-02,TX-400,266,Supplier A,28,0.05,2812,IL,5.0,0.18
2021-10-10,TX-100,409,Supplier B,28,0.084,3014,IL,4.0,0.56
2021-07-21,TX-400,372,Supplier C,26,0.054,138,FL,5.92,0.33
2023-04-25,TX-100,290,Supplier D,4,0.023,286,NY,2.3,0.15
2022-05-02,TX-200,394,Supplier D,14,0.074,849,FL,4.22,0.18
2022-02-08,TX-100,94,Supplier B,14,0.03,2931,TX,5.09,0.56
2021-03-20,TX-400,130,Supplier B,26,0.076,2509,FL,4.33,0.56
2020-12-28,TX-500,304,Supplier D,25,0.039,4657,FL,5.54,0.79
2020-05-02,TX-500,116,Supplier C,6,0.051,768,FL,4.2,0.25
2023-04-26,TX-200,455,Supplier C,20,0.05,2853,CA,5.22,0.92
2022-01-11,TX-400,151,Supplier A,17,0.096,4973,CA,2.29,0.52
2021-11-10,TX-100,140,Supplier B,27,0.015,2149,TX,2.68,0.2
2021-02-23,TX-500,91,Supplier B,11,0.094,3646,NY,3.5,0.41
2023-06-29,TX-300,325,Supplier B,11,0.056,4848,IL,5.33,0.92
2023-09-20,TX-400,353,Supplier D,3,0.099,281,NY,3.42,0.48
2020-04-01,TX-400,323,Supplier D,28,0.057,3341,IL,4.32,0.87
2020-03-03,TX-300,433,Supplier D,10,0.066,1076,CA,3.28,0.16
2021-05-26,TX-500,126,Supplier C,20,0.075,2454,FL,5.13,0.91
2023-03-08,TX-300,283,Supplier D,5,0.082,3023,TX,2.4,0.43
2023-04-23,TX-200,251,Supplier A,20,0.048,2196,TX,4.17,0.94
2023-05-13,TX-100,270,Supplier D,9,0.068,1545,TX,4.1,0.87
2022-02-10,TX-100,311,Supplier C,26,0.061,1408,NY,3.31,0.66
2023-05-22,TX-500,88,Supplier B,14,0.041,479,CA,4.67,0.67
2020-09-12,TX-300,60,Supplier A,0,0.082,1955,CA,1.63,0.21
2020-05-14,TX-400,161,Supplier C,16,0.019,4986,FL,5.29,0.6
2022-05-24,TX-400,458,Supplier E,2,0.017,4699,NY,3.07,0.55
2022-04-01,TX-400,157,Supplier B,24,0.074,4979,FL,5.07,0.33
2020-03-28,TX-200,143,Supplier D,10,0.064,655,IL,2.87,0.51
2022-09-14,TX-200,360,Supplier C,17,0.032,4767,CA,2.35,0.93
2023-05-15,TX-400,133,Supplier E,9,0.064,1322,TX,3.25,0.01
2023-02-26,TX-500,107,Supplier C,20,0.077,208,FL,5.09,0.42
2022-04-02,TX-200,342,Supplier D,8,0.022,164,IL,4.67,0.33
2022-10-23,TX-200,65,Supplier C,6,0.058,3300,TX,3.3,0.96
2022-08-31,TX-100,375,Supplier E,10,0.082,2415,TX,5.72,0.97
2022-07-22,TX-100,142,Supplier C,7,0.041,1532,FL,3.34,0.59
2020-04-30,TX-500,214,Supplier A,1,0.057,2234,FL,3.08,0.55
2023-11-09,TX-200,486,Supplier A,4,0.008,4162,FL,2.15,0.9
2022-11-27,TX-200,264,Supplier D,8,0.083,4027,CA,1.82,0.01
2023-09-26,TX-300,193,Supplier E,0,0.08,3565,NY,3.07,0.56
2022-10-04,TX-500,323,Supplier E,16,0.046,2597,FL,1.91,0.02
2022-07-13,TX-500,452,Supplier E,9,0.012,3076,CA,3.58,0.97
2021-10-06,TX-300,477,Supplier E,7,0.066,840,NY,5.37,0.32
2021-12-14,TX-300,435,Supplier E,17,0.057,570,IL,3.64,0.52
2022-05-09,TX-100,491,Supplier B,24,0.092,1765,NY,3.66,0.42
2020-01-21,TX-500,187,Supplier C,9,0.028,3815,CA,2.64,0.89
2020-08-29,TX-500,253,Supplier E,8,0.003,4090,CA,2.25,1.0
2021-03-30,TX-300,351,Supplier A,3,0.025,4960,NY,2.5,0.07
2022-08-20,TX-400,259,Supplier C,1,0.043,209,NY,4.06,0.73
2021-09-12,TX-400,68,Supplier D,18,0.016,3980,CA,4.16,0.37
2020-10-29,TX-100,343,Supplier D,9,0.098,4489,CA,2.49,0.14
2022-03-13,TX-400,342,Supplier E,16,0.022,2362,IL,3.3,0.41
2022-08-21,TX-400,417,Supplier B,2,0.068,1059,CA,4.06,1.0
2020-03-09,TX-400,350,Supplier B,20,0.045,1659,CA,4.92,0.36
2023-02-26,TX-200,422,Supplier C,18,0.056,1216,TX,2.94,0.28
2020-07-14,TX-100,211,Supplier B,18,0.093,780,TX,2.72,0.85
2020-05-19,TX-300,179,Supplier D,25,0.053,1151,TX,4.79,0.87
2020-10-09,TX-400,93,Supplier E,21,0.031,3873,FL,3.81,0.34
2020-11-07,TX-200,402,Supplier A,18,0.022,4461,FL,5.36,0.3
2022-01-15,TX-400,132,Supplier D,18,0.089,4480,CA,2.45,0.65
2020-10-03,TX-200,429,Supplier D,14,0.099,2050,TX,4.97,0.21
2020-03-01,TX-100,173,Supplier C,24,0.025,4794,IL,2.23,0.48
2023-09-04,TX-400,76,Supplier B,17,0.072,4862,IL,4.13,0.14
2020-02-21,TX-200,353,Supplier A,16,0.051,2028,IL,2.78,0.3
2020-06-01,TX-500,399,Supplier A,9,0.07,2167,CA,1.95,0.3
2023-08-27,TX-500,56,Supplier B,23,0.096,3935,TX,4.28,0.69
2021-06-27,TX-200,460,Supplier E,28,0.028,2008,CA,3.78,0.28
2021-07-20,TX-400,390,Supplier B,13,0.074,1471,CA,3.69,0.9
2023-11-13,TX-400,248,Supplier E,18,0.044,4245,IL,4.17,0.98
2021-09-13,TX-100,161,Supplier A,22,0.065,2214,TX,3.18,0.08
2023-04-15,TX-100,138,Supplier C,17,0.041,3060,FL,4.52,0.4
2023-10-17,TX-300,177,Supplier D,10,0.071,3270,NY,2.09,0.3
2020-11-09,TX-100,279,Supplier A,10,0.034,4856,CA,4.72,0.35
2022-03-17,TX-400,67,Supplier A,11,0.049,2092,TX,4.11,0.27
2022-04-27,TX-300,338,Supplier A,7,0.071,3331,NY,3.69,0.38
2020-04-06,TX-100,210,Supplier D,15,0.004,4223,NY,2.07,0.14
2022-05-30,TX-200,401,Supplier E,24,0.033,2613,FL,2.75,0.28
2023-05-21,TX-500,427,Supplier C,23,0.055,1961,FL,2.83,0.75
2022-04-08,TX-100,330,Supplier C,7,0.007,1321,CA,2.55,0.34
2020-05-16,TX-100,447,Supplier C,23,0.07,2413,CA,5.79,0.21
2022-10-26,TX-200,471,Supplier E,13,0.081,869,TX,5.62,0.11
2022-10-07,TX-400,215,Supplier B,22,0.016,3662,FL,3.96,0.35
2020-04-18,TX-200,309,Supplier B,17,0.073,1532,FL,2.43,0.64
2021-06-30,TX-100,413,Supplier C,23,0.065,2057,TX,5.6,0.25
2022-11-28,TX-400,239,Supplier A,20,0.041,2404,FL,4.87,0.42
2021-10-23,TX-300,387,Supplier A,21,0.016,1459,IL,1.67,0.95
2021-02-28,TX-100,315,Supplier D,3,0.095,1356,NY,3.71,0.55
2021-09-21,TX-200,340,Supplier B,16,0.046,172,IL,4.22,0.53
2020-09-17,TX-300,404,Supplier A,12,0.018,1282,NY,1.8,0.41
2023-12-20,TX-500,409,Supplier C,4,0.072,582,TX,1.72,0.56
2020-03-27,TX-300,328,Supplier D,2,0.061,1339,TX,3.59,0.98
2021-04-09,TX-200,266,Supplier B,8,0.082,2342,NY,1.51,0.25
2020-03-16,TX-300,370,Supplier D,19,0.1,3483,NY,1.71,0.94
2021-04-15,TX-200,387,Supplier A,25,0.004,502,NY,2.24,0.15
2021-02-17,TX-100,256,Supplier C,17,0.074,864,NY,5.59,0.11
2022-04-04,TX-400,202,Supplier C,19,0.099,1935,CA,4.95,0.65
2022-06-13,TX-500,230,Supplier C,18,0.054,2689,FL,3.53,0.25
2021-12-26,TX-400,261,Supplier A,18,0.072,903,FL,3.66,0.44
2021-04-01,TX-400,322,Supplier E,20,0.044,4301,TX,4.59,0.73
2023-08-01,TX-400,490,Supplier C,15,0.036,4317,CA,3.63,0.53
2023-06-16,TX-200,252,Supplier E,0,0.07,3102,NY,1.79,0.01
2021-10-14,TX-200,254,Supplier C,4,0.099,2862,CA,4.82,0.31
2021-11-02,TX-500,453,Supplier E,23,0.009,2919,NY,1.76,0.06
2023-10-27,TX-200,433,Supplier B,14,0.042,3224,FL,3.69,0.93
2021-05-09,TX-200,202,Supplier B,25,0.094,3295,NY,5.38,0.79
2022-12-04,TX-200,219,Supplier C,11,0.011,409,FL,2.03,0.98
2023-11-25,TX-200,478,Supplier D,24,0.065,3927,NY,4.68,0.89
2023-06-24,TX-100,290,Supplier D,27,0.043,4752,TX,1.71,0.48
2021-08-19,TX-500,336,Supplier A,0,0.038,3060,FL,5.97,0.88
2021-03-25,TX-200,294,Supplier B,13,0.021,2356,TX,4.57,0.67
2021-04-29,TX-500,370,Supplier B,17,0.018,534,CA,5.86,0.52
2021-10-07,TX-300,485,Supplier D,17,0.052,3223,NY,4.51,0.37
2021-09-11,TX-100,129,Supplier C,5,0.038,949,CA,2.59,0.68
2022-11-07,TX-200,141,Supplier A,0,0.049,206,NY,5.67,0.59
2021-10-23,TX-100,198,Supplier B,26,0.02,2771,FL,4.32,0.61
2022-01-27,TX-100,79,Supplier A,16,0.035,219,NY,4.09,0.4
2020-10-15,TX-300,172,Supplier B,17,0.1,3134,IL,3.43,0.74
2023-12-08,TX-500,436,Supplier E,14,0.037,4909,IL,2.78,0.08
2021-12-21,TX-100,375,Supplier E,11,0.041,1992,IL,3.89,0.73
2021-09-29,TX-400,476,Supplier A,12,0.002,2261,TX,3.15,0.73
2020-08-22,TX-300,78,Supplier D,19,0.038,3816,IL,5.34,0.52
2021-02-19,TX-400,308,Supplier D,1,0.076,859,NY,1.63,0.26
2022-07-26,TX-300,235,Supplier B,3,0.052,1746,CA,3.89,0.52
2021-05-13,TX-400,466,Supplier E,2,0.066,4649,TX,5.26,0.12
2022-08-31,TX-400,124,Supplier E,18,0.056,331,FL,1.62,0.29
2021-09-25,TX-100,94,Supplier A,24,0.011,1694,TX,2.77,0.42
2022-10-16,TX-100,118,Supplier A,7,0.033,661,CA,1.73,0.67
2020-04-24,TX-300,465,Supplier D,11,0.069,1906,IL,4.18,0.19
2022-07-20,TX-500,416,Supplier D,11,0.055,975,CA,2.93,0.16
2021-11-04,TX-100,259,Supplier D,9,0.067,1738,TX,5.82,0.61
2023-06-11,TX-100,288,Supplier C,24,0.036,1092,TX,4.27,0.68
2022-10-31,TX-200,389,Supplier E,0,0.019,3835,TX,4.03,0.08
2020-07-24,TX-100,357,Supplier E,27,0.083,1656,CA,5.63,0.03
2020-09-03,TX-500,241,Supplier A,4,0.038,4453,NY,2.51,0.15
2022-01-27,TX-200,421,Supplier E,27,0.066,4918,NY,4.03,0.9
2023-02-24,TX-400,152,Supplier A,27,0.038,2576,IL,3.94,0.67
2020-05-26,TX-400,290,Supplier C,19,0.093,3671,FL,1.87,0.92
2020-04-27,TX-200,302,Supplier D,10,0.099,776,CA,5.69,0.66
2023-11-06,TX-200,473,Supplier C,29,0.065,3856,NY,4.65,0.97
2021-02-15,TX-200,269,Supplier D,8,0.06,524,IL,5.5,0.44
2020-12-28,TX-300,446,Supplier D,13,0.084,1700,FL,5.92,0.6
2020-05-16,TX-500,385,Supplier A,2,0.052,1440,IL,3.66,0.6
2023-04-13,TX-500,266,Supplier D,4,0.087,729,IL,5.12,0.0
2023-08-05,TX-400,251,Supplier C,23,0.041,4329,FL,4.1,0.03
2022-08-15,TX-400,78,Supplier B,25,0.003,3108,TX,5.9,0.15
2020-01-19,TX-400,496,Supplier A,20,0.093,2165,NY,2.61,0.51
2020-07-13,TX-100,261,Supplier D,8,0.072,4563,NY,1.56,0.43
2020-11-25,TX-400,203,Supplier D,17,0.051,267,FL,2.34,0.54
2020-06-23,TX-200,280,Supplier E,5,0.094,4105,NY,2.08,0.8
2022-09-28,TX-400,151,Supplier A,20,0.089,4112,CA,3.47,0.82
2021-03-24,TX-200,364,Supplier A,24,0.011,116,CA,1.85,0.98
2022-08-03,TX-300,226,Supplier C,6,0.062,1645,CA,2.49,0.56
2023-10-09,TX-100,230,Supplier B,15,0.054,1630,FL,1.93,0.35
2020-05-20,TX-100,464,Supplier C,7,0.078,3913,IL,3.69,0.31
2022-01-27,TX-500,281,Supplier C,22,0.03,1597,IL,2.7,0.34
2022-07-18,TX-300,61,Supplier C,28,0.001,642,TX,3.62,0.32
2020-04-02,TX-200,235,Supplier B,9,0.019,826,TX,1.9,0.39
2020-08-26,TX-300,298,Supplier C,25,0.021,478,CA,3.83,0.07
2020-07-23,TX-100,469,Supplier A,4,0.029,4535,CA,2.09,0.63
2021-07-13,TX-200,315,Supplier B,10,0.037,4402,FL,1.95,0.57
2023-12-27,TX-300,439,Supplier D,28,0.071,3593,CA,2.9,0.46
2020-09-01,TX-100,184,Supplier E,29,0.007,3563,CA,5.43,0.08
2022-04-11,TX-200,294,Supplier E,20,0.049,945,CA,5.05,0.09
2023-09-02,TX-200,80,Supplier A,12,0.05,3952,NY,5.82,0.55
2022-07-13,TX-100,396,Supplier E,26,0.062,4921,IL,3.57,0.04
2020-10-21,TX-200,308,Supplier E,19,0.031,773,NY,2.91,0.72
2021-10-01,TX-100,153,Supplier E,1,0.026,3620,CA,5.87,0.99
2022-05-05,TX-400,480,Supplier D,13,0.048,3139,CA,3.22,0.6
2023-07-29,TX-400,431,Supplier E,8,0.066,2157,NY,1.54,0.72
2020-01-17,TX-200,50,Supplier C,9,0.004,4545,NY,5.19,0.44
2020-03-11,TX-200,478,Supplier A,9,0.029,837,FL,2.26,0.67
2023-07-16,TX-100,487,Supplier A,27,0.079,4058,FL,4.73,0.65
2023-09-10,TX-200,483,Supplier A,9,0.048,4412,CA,1.57,0.82
2020-10-31,TX-500,256,Supplier D,25,0.095,3549,NY,2.0,0.71
2022-10-27,TX-400,184,Supplier D,18,0.087,1824,FL,3.68,0.75
2023-08-30,TX-200,496,Supplier E,10,0.034,2753,TX,1.81,0.56
2022-03-27,TX-200,320,Supplier C,10,0.073,1161,NY,5.5,0.48
2023-01-31,TX-300,138,Supplier E,2,0.027,4783,IL,4.87,0.46
2022-03-31,TX-200,244,Supplier A,18,0.018,1418,TX,2.98,0.39
2020-07-11,TX-500,463,Supplier C,23,0.088,929,TX,4.19,0.27
2021-06-12,TX-400,171,Supplier A,21,0.035,3685,NY,4.72,0.03
2020-06-19,TX-300,165,Supplier C,0,0.02,3321,CA,4.9,0.67
2020-09-07,TX-100,245,Supplier B,11,0.096,3484,IL,3.28,0.9
2023-11-11,TX-100,85,Supplier D,28,0.003,2247,FL,5.54,0.93
2023-05-15,TX-400,116,Supplier D,14,0.037,1402,FL,5.74,0.58
2021-06-24,TX-100,182,Supplier A,13,0.004,3175,CA,2.38,0.09
2021-02-19,TX-500,330,Supplier A,2,0.05,4905,IL,5.6,0.88
2022-03-04,TX-200,60,Supplier B,19,0.04,2060,IL,4.71,0.75
2023-11-04,TX-400,267,Supplier E,12,0.072,1800,TX,5.5,0.25
2023-03-13,TX-300,371,Supplier C,17,0.095,3120,TX,3.41,0.8
2020-01-25,TX-200,205,Supplier B,15,0.052,1124,IL,4.48,0.47
2021-10-29,TX-100,289,Supplier B,5,0.029,699,NY,2.56,0.89
2023-01-01,TX-100,109,Supplier A,9,0.087,1541,NY,4.88,0.25
2021-09-23,TX-300,187,Supplier A,27,0.06,4205,NY,4.12,0.8
2023-01-21,TX-500,99,Supplier E,16,0.055,2522,IL,3.66,0.71
2021-05-19,TX-300,216,Supplier E,16,0.019,745,FL,4.62,0.01
2020-12-01,TX-400,214,Supplier A,7,0.004,2091,NY,3.99,0.56
2021-02-28,TX-300,368,Supplier D,3,0.046,3296,FL,4.94,0.72
2021-05-13,TX-100,238,Supplier E,14,0.053,3472,NY,5.36,0.16
2023-10-19,TX-500,141,Supplier B,0,0.013,4847,IL,5.1,0.53
2022-08-04,TX-500,343,Supplier A,6,0.006,1746,NY,2.88,0.3
2021-09-21,TX-300,425,Supplier C,24,0.022,3241,FL,5.89,0.7
2023-05-07,TX-400,338,Supplier C,9,0.006,4419,CA,4.42,0.54
2021-12-18,TX-100,124,Supplier D,6,0.006,1854,FL,2.96,0.62
2023-12-07,TX-200,94,Supplier A,0,0.044,850,CA,1.69,0.07
2020-12-04,TX-500,477,Supplier B,16,0.081,942,FL,5.95,0.14
2021-10-20,TX-300,434,Supplier D,11,0.066,3514,NY,4.2,0.55
2022-08-19,TX-400,102,Supplier B,16,0.068,3528,NY,2.52,0.18
2021-03-04,TX-400,224,Supplier C,14,0.026,3610,FL,3.71,0.5
2022-06-17,TX-100,210,Supplier B,23,0.001,2403,NY,3.29,0.69
2020-05-18,TX-500,116,Supplier C,15,0.045,2814,NY,5.78,0.81
2022-07-30,TX-100,448,Supplier E,22,0.038,1605,IL,3.72,0.14
2021-06-25,TX-200,410,Supplier C,13,0.095,1527,TX,3.68,0.74
2020-02-26,TX-200,319,Supplier C,2,0.007,3954,TX,5.08,0.36
2023-06-09,TX-200,456,Supplier D,18,0.078,2842,FL,3.26,0.68
2021-10-19,TX-400,173,Supplier D,11,0.039,4171,TX,2.38,0.15
2021-03-10,TX-500,231,Supplier A,18,0.083,3374,CA,4.96,0.52
2021-01-18,TX-100,425,Supplier A,17,0.049,2708,FL,5.6,0.84
2021-07-13,TX-100,441,Supplier C,29,0.082,2474,FL,1.71,0.11
2020-07-12,TX-200,231,Supplier E,13,0.047,2564,CA,5.37,0.83
2021-06-17,TX-500,85,Supplier A,19,0.04,3905,TX,3.47,0.45
2021-06-01,TX-500,261,Supplier C,22,0.096,4035,CA,2.8,0.82
2021-12-16,TX-300,433,Supplier D,8,0.037,1483,NY,1.68,0.96
2022-01-20,TX-500,485,Supplier A,2,0.081,3720,FL,2.42,0.16
2020-07-03,TX-500,183,Supplier A,25,0.007,3376,IL,3.0,0.67
2020-10-18,TX-100,402,Supplier C,22,0.006,3050,CA,1.82,0.24
2023-09-20,TX-500,461,Supplier C,11,0.044,379,FL,2.35,0.14
2022-01-01,TX-500,227,Supplier B,19,0.059,4078,FL,4.82,0.63
2020-04-25,TX-100,215,Supplier B,16,0.061,2370,CA,4.59,0.11
2022-04-04,TX-500,463,Supplier E,4,0.004,2255,IL,4.96,0.47
2022-12-08,TX-100,386,Supplier A,7,0.07,783,FL,2.24,0.64
2021-11-15,TX-300,378,Supplier B,18,0.013,701,NY,1.69,0.5
2020-03-22,TX-400,487,Supplier C,25,0.096,2143,NY,3.61,0.7
2022-04-13,TX-100,376,Supplier A,3,0.033,1632,NY,3.04,0.8
2020-11-28,TX-100,95,Supplier B,14,0.026,1060,IL,5.0,0.87
2021-07-10,TX-500,205,Supplier E,18,0.029,3177,TX,3.92,0.56
2020-11-30,TX-100,450,Supplier E,14,0.094,606,NY,5.69,0.28
2021-06-15,TX-200,481,Supplier E,25,0.048,1922,CA,1.78,0.51
2020-08-08,TX-200,477,Supplier E,13,0.043,1294,TX,3.14,0.39
2021-09-26,TX-300,285,Supplier C,29,0.057,974,CA,3.32,0.23
2020-11-18,TX-100,365,Supplier E,15,0.093,2415,IL,2.07,0.53
2020-01-03,TX-500,109,Supplier D,23,0.031,4388,NY,4.12,0.02
2020-07-24,TX-500,54,Supplier E,9,0.018,2903,FL,1.68,0.61
2020-02-09,TX-400,440,Supplier B,23,0.06,2907,NY,4.71,0.82
2020-02-28,TX-300,230,Supplier A,13,0.049,2217,IL,1.67,1.0
2022-08-08,TX-500,194,Supplier B,19,0.006,3290,NY,5.43,0.92
2021-07-27,TX-400,364,Supplier A,10,0.052,3888,NY,1.79,0.09
2021-10-05,TX-500,314,Supplier C,1,0.056,4705,NY,3.55,0.16
2022-04-22,TX-400,272,Supplier A,27,0.069,833,IL,2.2,0.14
2023-02-19,TX-200,455,Supplier D,18,0.1,4655,NY,2.1,0.56
2021-09-10,TX-200,350,Supplier E,2,0.042,1761,FL,4.75,0.05
2020-04-05,TX-500,492,Supplier B,3,0.051,4653,FL,4.98,0.94
2023-12-08,TX-300,385,Supplier A,10,0.008,4762,TX,4.83,0.06
2023-06-12,TX-100,286,Supplier B,12,0.083,4234,TX,3.32,0.39
2022-06-16,TX-300,62,Supplier E,17,0.01,1069,TX,5.96,0.89
2022-12-21,TX-300,388,Supplier C,17,0.093,361,TX,3.03,0.95
2023-07-03,TX-100,317,Supplier E,18,0.035,4379,FL,2.6,0.47
2021-07-14,TX-200,469,Supplier C,11,0.034,4715,TX,5.98,0.49
2022-06-23,TX-200,315,Supplier B,0,0.033,3699,CA,5.9,0.64
2020-12-13,TX-100,65,Supplier C,23,0.095,4059,IL,4.16,0.41
2021-11-01,TX-400,141,Supplier C,5,0.098,485,IL,2.44,0.32
2023-02-21,TX-300,297,Supplier C,2,0.097,4448,FL,2.57,0.74
2020-11-12,TX-500,68,Supplier C,16,0.07,1134,IL,3.84,0.6
2021-12-19,TX-200,409,Supplier C,2,0.011,1639,IL,4.99,0.48
2022-12-07,TX-500,439,Supplier A,0,0.039,1906,NY,1.85,0.1
2023-12-03,TX-100,437,Supplier C,2,0.029,4263,TX,4.59,0.07
2023-03-05,TX-500,463,Supplier C,3,0.071,2574,TX,1.96,0.51
2023-05-09,TX-500,152,Supplier E,5,0.049,2156,NY,5.3,0.62
2020-09-06,TX-300,144,Supplier E,6,0.062,4732,FL,3.89,0.66
2020-11-09,TX-100,479,Supplier E,22,0.001,1700,CA,5.95,0.89
2023-10-23,TX-500,332,Supplier C,24,0.078,3787,FL,4.89,0.82
2023-12-23,TX-200,478,Supplier E,7,0.095,4890,CA,3.74,0.14
2022-03-17,TX-100,262,Supplier A,12,0.067,900,CA,2.14,0.79
2023-08-30,TX-200,86,Supplier B,3,0.085,2169,NY,3.94,0.68
2023-10-10,TX-400,442,Supplier E,5,0.048,3375,FL,2.02,0.83
2021-04-29,TX-500,110,Supplier E,10,0.002,4350,TX,5.57,0.84
2023-05-19,TX-100,340,Supplier A,0,0.099,3694,FL,2.54,0.35
2020-02-13,TX-200,411,Supplier D,7,0.006,2957,FL,5.39,0.26
2021-07-24,TX-500,352,Supplier D,21,0.019,1585,CA,2.87,0.55
2021-08-05,TX-300,293,Supplier A,1,0.005,4273,CA,2.5,0.3
2023-01-20,TX-200,454,Supplier E,7,0.062,4914,TX,2.87,0.35
2023-07-12,TX-200,450,Supplier B,19,0.058,4958,TX,4.68,0.07
2022-06-13,TX-400,360,Supplier E,8,0.021,4252,CA,3.86,0.99
2020-08-07,TX-300,393,Supplier A,3,0.096,438,FL,1.98,0.31
2022-07-13,TX-400,400,Supplier A,16,0.091,373,CA,2.12,0.78
2021-02-04,TX-300,55,Supplier C,6,0.028,4061,IL,3.2,0.99
2023-11-24,TX-200,426,Supplier A,9,0.066,1992,IL,3.02,0.97
2021-12-27,TX-400,468,Supplier C,4,0.086,3856,CA,5.33,0.63
2022-09-17,TX-500,355,Supplier A,9,0.036,4628,TX,4.08,0.54
2022-06-17,TX-300,214,Supplier C,26,0.025,2538,CA,2.34,0.31
2022-05-07,TX-200,62,Supplier C,11,0.026,2021,FL,1.63,0.86
2022-03-14,TX-100,74,Supplier E,20,0.082,3513,IL,1.96,0.34
2021-05-04,TX-300,273,Supplier C,19,0.046,1383,NY,4.65,0.11
2022-07-26,TX-300,172,Supplier D,5,0.072,4191,TX,5.31,0.29
2022-04-23,TX-500,178,Supplier A,0,0.065,2321,NY,5.02,0.32
2023-07-16,TX-300,354,Supplier B,2,0.031,1847,TX,5.05,0.72
2020-09-23,TX-300,171,Supplier A,26,0.021,3366,NY,2.67,0.17
2020-02-23,TX-500,84,Supplier E,27,0.013,3612,NY,5.95,0.32
2021-06-11,TX-500,132,Supplier E,6,0.002,3478,CA,1.89,0.08
2021-09-07,TX-400,358,Supplier C,10,0.008,4503,TX,5.19,0.85
2022-12-18,TX-200,485,Supplier E,23,0.026,2742,IL,1.94,0.72
2022-11-29,TX-200,231,Supplier E,11,0.071,655,NY,2.7,0.44
2023-06-14,TX-400,125,Supplier A,8,0.015,2354,CA,3.73,0.43
2022-08-12,TX-200,153,Supplier D,0,0.052,1240,FL,1.74,0.17
2021-01-20,TX-300,281,Supplier D,3,0.025,3904,TX,3.27,0.38
2022-01-03,TX-400,352,Supplier C,1,0.051,1885,TX,3.08,0.91
2021-12-16,TX-400,92,Supplier E,1,0.075,1213,IL,4.41,0.14
2021-10-11,TX-200,453,Supplier E,16,0.027,3199,NY,4.73,0.77
2020-10-26,TX-100,466,Supplier D,20,0.035,3715,CA,1.91,0.05
2021-01-29,TX-200,142,Supplier C,1,0.072,1340,NY,1.67,0.31
2023-05-15,TX-100,193,Supplier E,3,0.055,3992,CA,4.99,0.85
2023-09-21,TX-400,303,Supplier C,24,0.009,170,IL,3.88,0.44
2021-08-15,TX-100,127,Supplier A,10,0.076,4225,NY,3.91,0.7
2021-05-28,TX-300,312,Supplier E,18,0.028,2968,FL,5.91,0.1
2023-04-16,TX-500,119,Supplier E,23,0.039,4866,IL,3.47,0.68
2021-01-30,TX-100,198,Supplier E,25,0.025,1644,IL,2.38,0.82
2021-01-05,TX-500,341,Supplier D,12,0.054,2470,TX,4.56,0.81
2022-05-07,TX-300,263,Supplier D,21,0.071,2517,CA,5.17,0.44
2022-03-01,TX-500,409,Supplier E,25,0.08,1279,NY,3.76,0.9
2021-10-19,TX-300,359,Supplier E,20,0.092,2813,CA,4.61,0.57
2023-09-03,TX-500,196,Supplier A,17,0.036,1206,IL,3.81,0.82
2022-01-05,TX-500,74,Supplier A,26,0.093,2552,NY,3.33,0.21
2023-10-24,TX-200,372,Supplier C,28,0.062,4808,FL,1.65,0.21
2021-01-18,TX-100,158,Supplier C,18,0.039,3451,CA,2.28,0.75
2020-03-02,TX-500,230,Supplier D,23,0.089,380,CA,3.66,0.65
2021-05-19,TX-400,300,Supplier B,14,0.058,1815,FL,3.28,0.68
2020-08-26,TX-200,252,Supplier A,27,0.045,1213,IL,5.29,0.24
2020-07-13,TX-100,353,Supplier C,11,0.001,2276,CA,1.99,0.4
2021-11-08,TX-200,219,Supplier A,24,0.072,4504,TX,1.73,0.26
2023-05-30,TX-100,224,Supplier A,10,0.008,2087,TX,1.89,0.07
2020-03-01,TX-300,396,Supplier B,26,0.029,4680,NY,4.55,0.2
2023-02-26,TX-500,219,Supplier A,22,0.096,3278,FL,4.18,1.0
2022-09-16,TX-400,51,Supplier B,0,0.016,3121,IL,4.34,0.23
2021-11-15,TX-200,183,Supplier B,15,0.031,3170,TX,2.21,0.16
2020-06-04,TX-200,176,Supplier A,27,0.093,1628,NY,3.82,0.7
2023-11-02,TX-200,95,Supplier A,27,0.034,2939,NY,4.95,0.6
2022-07-11,TX-200,243,Supplier C,12,0.033,4478,CA,4.58,0.75
2022-05-17,TX-500,411,Supplier A,28,0.065,1230,IL,3.47,0.65
2022-06-21,TX-100,258,Supplier A,5,0.013,3504,TX,1.97,0.22
2022-09-25,TX-500,345,Supplier A,22,0.097,4456,FL,5.42,0.5
2022-09-01,TX-300,107,Supplier C,27,0.028,3401,CA,3.87,0.18
2023-05-15,TX-500,127,Supplier B,5,0.079,2029,TX,5.5,0.25
2021-01-22,TX-500,251,Supplier C,9,0.029,4416,NY,3.47,0.99
2022-06-05,TX-300,338,Supplier A,26,0.028,792,FL,2.57,0.73
2022-04-17,TX-500,111,Supplier E,28,0.006,2545,NY,2.88,0.78
2023-09-25,TX-100,317,Supplier A,1,0.012,813,CA,3.38,0.03
2020-12-05,TX-400,175,Supplier C,28,0.052,2944,FL,4.26,0.38
2020-07-22,TX-300,98,Supplier C,24,0.058,4825,FL,4.96,0.56
2020-06-09,TX-200,137,Supplier D,2,0.082,4824,CA,2.59,0.15
2021-01-26,TX-100,383,Supplier E,5,0.006,2856,NY,2.34,0.85
2022-02-07,TX-400,310,Supplier C,15,0.036,1829,FL,2.41,0.14
2021-07-28,TX-100,228,Supplier B,5,0.02,1927,IL,5.71,0.64
2021-06-17,TX-100,118,Supplier A,23,0.036,1621,IL,2.24,0.55
2022-12-29,TX-200,416,Supplier B,12,0.035,400,NY,3.06,0.85
2022-06-11,TX-400,465,Supplier C,3,0.035,4192,FL,3.69,0.31
2021-02-08,TX-100,482,Supplier C,14,0.031,1128,NY,4.0,0.28
2021-08-30,TX-200,109,Supplier B,5,0.076,4018,IL,5.36,0.85
2022-04-07,TX-300,351,Supplier B,0,0.069,1919,FL,2.01,0.22
2023-02-17,TX-200,298,Supplier D,8,0.034,4222,FL,1.99,0.75
2021-11-20,TX-500,218,Supplier A,11,0.015,1810,NY,2.92,0.19
2022-06-20,TX-200,318,Supplier B,24,0.052,3286,FL,3.36,0.88
2023-05-25,TX-200,413,Supplier A,22,0.092,4573,NY,3.18,0.84
2020-02-25,TX-200,161,Supplier E,10,0.012,4292,TX,3.26,0.79
2020-12-31,TX-100,149,Supplier C,12,0.075,1259,TX,5.33,0.49
2021-03-30,TX-400,451,Supplier B,0,0.06,487,IL,5.27,0.03
2020-04-13,TX-200,264,Supplier E,18,0.059,2003,IL,5.12,0.13
2020-03-17,TX-200,162,Supplier C,27,0.093,4359,CA,4.9,0.46
2020-08-17,TX-500,146,Supplier D,20,0.096,1998,TX,1.68,0.04
2023-07-05,TX-500,356,Supplier C,3,0.024,1538,TX,2.17,0.06
2023-07-11,TX-300,167,Supplier B,4,0.081,4876,CA,4.79,0.13
2020-11-26,TX-300,85,Supplier E,22,0.062,1101,NY,4.18,0.26
2023-04-20,TX-500,386,Supplier E,24,0.041,1259,TX,4.53,0.75
2022-06-11,TX-400,408,Supplier E,16,0.067,4353,TX,4.73,0.05
2021-11-18,TX-300,339,Supplier C,4,0.096,912,IL,5.6,0.98
2020-01-27,TX-400,445,Supplier A,18,0.052,1489,CA,4.36,0.27
2023-07-23,TX-500,438,Supplier A,2,0.094,3110,CA,2.74,0.32
2020-10-25,TX-300,353,Supplier C,10,0.064,2496,IL,1.87,0.25
2022-08-14,TX-200,409,Supplier B,1,0.048,4589,TX,3.44,0.6
2022-03-09,TX-500,396,Supplier C,21,0.064,1447,FL,4.69,0.02
2023-01-19,TX-300,173,Supplier A,13,0.06,3095,CA,2.77,0.09
2021-04-24,TX-400,89,Supplier C,5,0.042,1637,TX,2.04,0.1
2021-07-26,TX-400,190,Supplier E,18,0.056,1586,NY,5.99,0.66
2021-04-02,TX-300,75,Supplier B,0,0.07,3246,CA,3.38,0.33
2020-12-30,TX-400,191,Supplier B,6,0.084,1882,IL,2.47,0.44
2022-05-08,TX-300,401,Supplier D,1,0.03,2648,CA,2.24,0.95
2020-12-16,TX-300,444,Supplier C,23,0.001,1850,IL,5.38,0.2
2023-11-24,TX-400,471,Supplier E,18,0.055,2113,NY,5.19,0.07
2020-09-09,TX-100,385,Supplier C,0,0.049,2335,TX,4.26,0.44
2022-02-19,TX-200,106,Supplier D,25,0.005,3664,IL,3.96,0.16
2022-03-13,TX-500,199,Supplier D,8,0.063,4560,IL,5.78,0.14
2022-10-08,TX-200,416,Supplier C,20,0.094,2648,NY,2.53,0.41
2021-04-03,TX-500,449,Supplier C,16,0.04,2324,FL,3.37,0.67
2022-07-05,TX-500,254,Supplier C,9,0.089,4824,CA,1.61,0.24
2021-05-13,TX-200,125,Supplier A,26,0.081,1069,FL,3.38,0.88
2022-08-07,TX-300,334,Supplier D,5,0.016,372,CA,3.23,0.36
2021-05-22,TX-400,259,Supplier B,25,0.079,1686,NY,5.77,0.93
2023-08-20,TX-100,435,Supplier A,2,0.052,2924,NY,3.11,0.49
2021-05-15,TX-100,487,Supplier E,26,0.092,3618,FL,5.26,0.73
2022-03-13,TX-100,307,Supplier B,19,0.019,2488,NY,4.95,0.85
2021-08-20,TX-200,308,Supplier B,23,0.013,4120,TX,2.16,0.53
2020-06-14,TX-200,233,Supplier B,14,0.024,4700,FL,5.83,0.85
2023-12-09,TX-300,377,Supplier D,20,0.006,3920,IL,4.34,0.38
2021-04-06,TX-100,60,Supplier E,27,0.032,2884,IL,4.18,0.36
2022-07-08,TX-300,209,Supplier A,21,0.028,728,NY,1.55,0.79
2020-04-23,TX-100,309,Supplier E,25,0.042,4445,NY,4.65,0.24
2023-12-27,TX-200,442,Supplier A,19,0.046,4707,CA,1.75,0.72
2022-09-18,TX-400,137,Supplier D,5,0.014,444,FL,2.33,0.08
2023-10-11,TX-400,418,Supplier E,2,0.062,4742,FL,1.94,0.64
2020-07-25,TX-400,233,Supplier B,9,0.022,655,TX,3.2,0.94
2023-06-12,TX-400,65,Supplier E,11,0.012,4110,IL,5.08,0.46
2023-10-10,TX-500,293,Supplier D,0,0.071,3019,IL,4.68,0.42
2021-05-29,TX-100,135,Supplier D,21,0.002,559,TX,1.98,0.54
2023-05-16,TX-400,248,Supplier D,29,0.037,2888,CA,5.09,0.72
2021-12-09,TX-500,59,Supplier A,28,0.014,2911,TX,3.57,0.36
2023-02-22,TX-500,213,Supplier E,15,0.088,2635,CA,1.65,0.0
2020-05-17,TX-500,73,Supplier B,16,0.082,3215,CA,2.51,0.5
2020-12-04,TX-300,113,Supplier B,9,0.006,2649,CA,5.03,0.42
2021-06-20,TX-300,361,Supplier C,11,0.055,159,NY,4.8,0.53
2020-03-08,TX-500,287,Supplier D,18,0.03,4772,NY,2.35,0.72
2021-01-17,TX-400,394,Supplier B,27,0.019,3285,CA,1.67,0.28
2020-01-19,TX-100,287,Supplier D,7,0.031,1894,TX,2.83,0.51
2021-11-13,TX-200,71,Supplier B,22,0.082,4544,TX,5.08,0.25
2020-03-14,TX-300,229,Supplier E,7,0.006,2064,TX,5.72,0.46
2021-07-26,TX-400,355,Supplier C,9,0.065,4869,NY,4.08,0.34
2022-07-27,TX-400,96,Supplier D,9,0.091,1593,CA,1.91,0.37
2023-07-23,TX-200,328,Supplier A,17,0.045,4871,IL,3.76,0.58
2022-12-07,TX-200,273,Supplier A,9,0.09,2696,TX,5.99,0.69
2020-07-29,TX-400,267,Supplier B,6,0.091,4333,NY,5.72,0.01
2022-05-04,TX-200,286,Supplier E,29,0.061,2765,FL,5.97,0.88
2021-10-12,TX-400,253,Supplier D,3,0.046,4276,CA,4.65,0.36
2022-09-20,TX-200,388,Supplier C,0,0.074,4498,TX,3.42,0.64
2021-11-25,TX-200,68,Supplier E,10,0.092,3169,NY,5.52,0.12
2021-06-23,TX-400,229,Supplier B,18,0.068,2556,FL,5.53,0.57
2023-04-29,TX-500,211,Supplier E,4,0.021,2867,CA,2.15,0.68
2023-08-31,TX-400,334,Supplier C,29,0.082,2512,IL,4.99,0.16
2022-06-19,TX-100,110,Supplier E,25,0.095,3162,CA,5.64,0.91
2022-02-18,TX-200,134,Supplier D,7,0.041,2236,CA,5.54,0.76
2023-02-10,TX-300,84,Supplier B,1,0.07,4440,TX,4.68,0.53
2020-06-18,TX-200,54,Supplier C,1,0.052,1903,CA,3.92,0.17
2022-11-03,TX-100,125,Supplier B,23,0.011,1196,FL,5.0,0.87
2020-10-14,TX-300,302,Supplier D,13,0.035,3848,FL,3.82,0.07
2020-07-07,TX-300,56,Supplier C,8,0.016,310,CA,2.95,0.12
2022-07-02,TX-400,218,Supplier C,9,0.067,633,CA,2.67,0.7
2023-03-24,TX-500,179,Supplier B,12,0.058,1040,FL,3.93,0.25
2021-11-24,TX-400,187,Supplier E,28,0.003,4037,FL,3.55,0.46
2022-06-06,TX-300,407,Supplier E,0,0.006,1365,TX,3.86,0.54
2021-04-15,TX-300,349,Supplier A,13,0.026,111,IL,2.67,0.46
2023-01-03,TX-500,375,Supplier A,1,0.074,2101,FL,4.16,0.08
2020-10-03,TX-200,140,Supplier C,3,0.013,616,IL,4.48,0.74
2022-07-28,TX-500,212,Supplier B,27,0.02,4989,IL,5.13,0.24
2023-09-28,TX-400,367,Supplier C,18,0.091,4542,FL,4.15,0.74
2023-12-19,TX-200,302,Supplier B,0,0.055,2167,TX,4.9,0.87
2021-07-24,TX-400,250,Supplier D,3,0.062,1824,CA,2.26,0.54
2022-05-06,TX-500,69,Supplier A,10,0.046,2283,NY,2.04,0.71
2022-09-27,TX-200,278,Supplier C,12,0.03,4641,CA,2.31,0.04
2023-04-20,TX-500,212,Supplier D,26,0.025,272,NY,5.31,0.04
2021-04-02,TX-100,214,Supplier E,17,0.059,4354,FL,4.0,0.2
2022-07-06,TX-300,281,Supplier A,9,0.047,1914,CA,3.55,0.36
2022-04-12,TX-200,377,Supplier B,4,0.04,1775,CA,4.93,0.18
2022-12-23,TX-300,287,Supplier E,0,0.069,103,NY,2.06,0.63
2022-04-18,TX-100,169,Supplier E,13,0.04,1710,TX,1.53,0.28
2023-07-07,TX-200,487,Supplier D,15,0.004,2893,FL,2.9,0.85
2020-07-11,TX-300,400,Supplier C,23,0.084,2520,FL,2.62,0.56
2021-09-07,TX-300,432,Supplier C,25,0.032,4477,FL,2.88,0.38
2021-02-09,TX-200,418,Supplier D,17,0.095,2890,CA,5.88,0.89
2022-07-31,TX-300,156,Supplier E,26,0.088,2430,IL,4.05,0.83
2021-12-21,TX-300,299,Supplier A,2,0.023,1600,NY,4.15,0.82
2020-04-02,TX-200,385,Supplier E,2,0.097,4430,CA,4.45,0.73
2021-03-05,TX-300,333,Supplier D,3,0.085,1825,TX,3.29,0.61
2021-10-15,TX-300,247,Supplier E,6,0.099,4028,TX,5.91,0.37
2023-12-28,TX-400,465,Supplier E,12,0.068,4533,CA,5.88,0.42
2023-11-28,TX-400,269,Supplier E,8,0.093,555,NY,4.96,0.65
2021-03-09,TX-100,444,Supplier E,2,0.069,4069,FL,2.45,0.17
2023-02-09,TX-400,475,Supplier A,16,0.086,2018,FL,5.46,0.83
2021-01-09,TX-400,200,Supplier B,14,0.061,1482,IL,1.95,0.94
2022-12-18,TX-100,335,Supplier B,26,0.093,4605,CA,4.33,0.1
2022-12-02,TX-300,314,Supplier C,9,0.052,2088,IL,3.56,0.02
2020-07-25,TX-300,269,Supplier B,14,0.074,657,TX,1.68,0.14
2022-02-18,TX-400,265,Supplier B,0,0.092,4657,FL,5.57,0.76
2023-08-12,TX-100,364,Supplier B,27,0.042,4386,FL,5.82,0.11
2023-02-15,TX-300,205,Supplier E,26,0.003,4090,IL,5.58,0.37
2021-06-15,TX-500,265,Supplier E,21,0.011,1268,CA,2.37,0.06
2023-05-30,TX-200,384,Supplier A,20,0.097,1467,IL,3.0,0.43
2020-06-14,TX-200,408,Supplier E,9,0.087,3787,TX,5.8,0.6
2021-10-04,TX-200,163,Supplier E,6,0.048,1699,CA,1.98,0.63
2023-03-25,TX-400,210,Supplier B,6,0.096,256,TX,4.12,0.52
2023-04-22,TX-200,352,Supplier A,2,0.019,3479,CA,3.68,0.94
2020-03-30,TX-200,147,Supplier A,6,0.011,1147,IL,2.18,0.53
2023-01-22,TX-500,455,Supplier B,8,0.06,1030,NY,5.49,0.86
2020-01-13,TX-300,206,Supplier B,7,0.038,1224,IL,2.1,0.99
2022-08-30,TX-500,211,Supplier A,2,0.034,1381,CA,4.17,0.23
2022-03-15,TX-400,91,Supplier D,25,0.073,4856,TX,2.93,0.27
2022-08-02,TX-200,229,Supplier B,4,0.015,1228,IL,3.38,0.52
2022-01-11,TX-300,352,Supplier B,12,0.078,3752,CA,2.45,0.18
2022-05-25,TX-200,379,Supplier A,12,0.036,2182,TX,4.31,0.56
2023-03-19,TX-200,100,Supplier D,29,0.099,4534,TX,5.95,0.68
2021-10-21,TX-400,301,Supplier D,7,0.081,4915,TX,5.25,0.06
2022-10-28,TX-200,478,Supplier C,17,0.065,1276,CA,4.57,0.68
2022-11-18,TX-100,399,Supplier D,29,0.023,605,TX,4.9,0.16
2020-10-22,TX-300,169,Supplier B,29,0.096,324,TX,5.28,0.3
2022-09-12,TX-300,124,Supplier E,6,0.003,3938,IL,3.63,0.74
2022-07-14,TX-100,211,Supplier A,26,0.022,4152,TX,4.05,0.16
2021-10-01,TX-400,198,Supplier B,9,0.004,279,NY,5.53,0.53
2020-12-05,TX-200,172,Supplier A,9,0.097,4614,CA,4.63,0.59
2021-09-19,TX-200,190,Supplier D,22,0.087,1428,TX,2.11,0.16
2021-03-14,TX-300,231,Supplier A,10,0.095,4851,TX,5.01,0.27
2023-03-13,TX-400,458,Supplier B,11,0.072,841,FL,1.6,0.61
2022-07-30,TX-400,427,Supplier E,29,0.003,4509,IL,5.31,0.46
2022-04-09,TX-400,326,Supplier B,12,0.093,3989,TX,5.05,0.66
2021-06-02,TX-200,306,Supplier C,7,0.042,407,IL,5.24,0.85
2022-09-02,TX-400,491,Supplier A,16,0.037,1366,IL,1.61,0.14
2022-12-04,TX-100,374,Supplier B,23,0.028,1368,NY,5.88,0.07
2022-08-12,TX-500,294,Supplier D,13,0.029,3780,CA,4.26,0.67
2023-06-16,TX-400,135,Supplier D,16,0.08,3128,NY,5.1,0.77
2022-08-09,TX-500,120,Supplier B,18,0.026,4147,CA,4.05,0.45
2022-08-01,TX-200,318,Supplier C,15,0.022,1153,FL,3.03,0.39
2020-06-03,TX-400,229,Supplier A,8,0.07,1743,NY,2.83,0.6
2023-04-19,TX-300,328,Supplier C,19,0.029,2128,IL,1.81,0.55
2023-05-23,TX-200,198,Supplier E,9,0.001,2873,TX,3.94,0.49
2020-03-28,TX-100,55,Supplier B,28,0.093,2125,FL,2.15,0.82
2023-07-03,TX-100,197,Supplier C,8,0.031,2130,CA,4.05,0.17
2023-01-01,TX-500,381,Supplier E,0,0.076,3108,NY,4.31,0.68
2022-07-19,TX-500,217,Supplier C,23,0.047,2763,FL,3.49,0.74
2020-06-27,TX-300,58,Supplier E,2,0.013,2108,NY,2.2,0.9
2020-07-30,TX-300,227,Supplier D,10,0.066,4693,IL,3.45,0.95
2023-06-11,TX-100,333,Supplier D,6,0.023,1762,NY,5.45,0.51
2021-04-09,TX-400,444,Supplier B,17,0.029,3514,CA,3.56,0.43
2023-05-31,TX-100,165,Supplier C,12,0.003,132,CA,3.04,0.5
2021-09-22,TX-100,145,Supplier D,22,0.002,2381,TX,4.33,0.73
2022-04-04,TX-300,380,Supplier A,22,0.051,629,TX,4.28,0.02
2023-07-11,TX-500,393,Supplier D,24,0.006,4623,CA,1.91,0.17
2023-05-15,TX-300,105,Supplier D,17,0.021,1389,CA,2.56,0.91
2021-08-29,TX-300,256,Supplier C,15,0.092,1418,CA,3.72,0.2
2022-06-03,TX-300,154,Supplier E,23,0.008,1563,FL,3.15,0.23
2020-12-31,TX-100,84,Supplier A,15,0.029,1684,NY,2.94,0.94
2020-10-02,TX-400,258,Supplier A,20,0.073,669,FL,3.51,0.29
2021-01-14,TX-100,330,Supplier E,9,0.088,250,IL,2.81,0.29
2023-08-25,TX-200,418,Supplier C,8,0.005,444,TX,3.06,0.92
2023-07-15,TX-300,404,Supplier D,7,0.019,1759,NY,4.98,0.38
2022-08-02,TX-300,196,Supplier E,18,0.039,1033,TX,3.8,0.49
2022-12-23,TX-200,336,Supplier A,2,0.036,4816,IL,5.43,0.56
2022-03-20,TX-300,130,Supplier A,26,0.029,4345,CA,5.77,0.87
2023-10-05,TX-300,99,Supplier D,27,0.024,4940,TX,5.65,0.08
2022-07-13,TX-300,136,Supplier D,25,0.027,4462,CA,2.64,0.26
2021-05-08,TX-200,240,Supplier B,23,0.013,4342,TX,3.63,0.59
2023-01-26,TX-100,352,Supplier E,8,0.016,1608,IL,3.91,0.43
2022-12-30,TX-300,50,Supplier D,1,0.061,3675,TX,5.33,0.28
2020-12-29,TX-400,430,Supplier B,18,0.029,2651,IL,4.02,0.41
2021-07-23,TX-200,491,Supplier C,29,0.04,1111,NY,2.64,0.97
2022-02-01,TX-500,187,Supplier A,29,0.041,4266,FL,3.96,0.02
2020-10-02,TX-200,185,Supplier E,7,0.011,2408,IL,1.7,0.15
2020-02-19,TX-100,411,Supplier C,17,0.082,4891,TX,5.25,0.02
2023-10-13,TX-200,430,Supplier E,7,0.096,960,NY,4.05,0.59
2021-12-28,TX-500,203,Supplier E,4,0.026,1534,IL,4.43,0.01
2022-06-24,TX-400,211,Supplier D,5,0.029,1539,TX,2.4,0.45
2022-07-16,TX-500,68,Supplier B,29,0.069,3516,IL,4.01,0.86
2021-07-17,TX-200,377,Supplier E,9,0.008,4053,IL,3.89,0.1
2022-02-21,TX-500,292,Supplier C,14,0.091,4678,CA,4.29,0.37
2021-04-29,TX-200,178,Supplier E,27,0.012,1561,TX,5.31,0.38
2023-01-12,TX-400,225,Supplier B,3,0.073,261,FL,4.94,0.36
2021-08-06,TX-400,458,Supplier A,2,0.029,738,IL,3.96,0.73
2023-08-12,TX-100,329,Supplier E,23,0.032,1157,NY,5.52,0.0
2020-08-23,TX-400,480,Supplier C,8,0.014,1553,TX,3.11,0.78
2020-02-25,TX-300,133,Supplier A,15,0.065,4926,FL,3.72,0.84
2020-12-25,TX-500,425,Supplier A,28,0.079,2884,TX,4.42,0.43
2020-04-19,TX-500,271,Supplier D,15,0.095,3467,FL,3.48,0.89
2020-07-10,TX-200,374,Supplier D,14,0.033,4367,FL,3.13,0.38
2022-06-22,TX-400,465,Supplier E,23,0.062,3335,IL,2.01,0.69
2023-01-21,TX-100,194,Supplier C,8,0.041,4394,CA,4.36,0.39
2022-05-11,TX-100,494,Supplier D,16,0.056,2197,TX,2.37,0.04
2021-07-21,TX-100,155,Supplier B,20,0.016,1565,NY,2.12,0.08
2022-12-19,TX-300,374,Supplier B,11,0.058,4525,NY,2.32,0.44
2021-10-11,TX-400,60,Supplier A,22,0.085,4489,CA,4.6,0.99
2020-02-08,TX-100,215,Supplier A,7,0.086,2427,NY,2.12,0.18
2022-12-08,TX-300,245,Supplier A,13,0.048,4559,TX,5.89,0.9
2023-12-14,TX-500,280,Supplier B,26,0.024,4141,NY,4.91,0.92
2021-09-28,TX-200,196,Supplier D,17,0.084,2718,TX,3.27,0.41
2022-11-02,TX-400,408,Supplier D,11,0.1,4349,FL,4.17,0.46
2020-02-05,TX-400,287,Supplier E,26,0.038,1854,IL,1.53,0.5
2020-04-10,TX-500,450,Supplier C,13,0.092,797,CA,5.3,0.77
2023-01-14,TX-400,62,Supplier B,19,0.098,4057,CA,2.72,0.12
2023-05-31,TX-400,268,Supplier A,22,0.04,4467,NY,1.82,0.33
2023-09-23,TX-400,306,Supplier C,4,0.072,2590,TX,4.91,0.17
2020-06-14,TX-400,51,Supplier A,0,0.058,612,IL,2.98,0.88
2021-01-17,TX-300,259,Supplier C,12,0.072,908,NY,4.05,0.07
2023-10-31,TX-300,414,Supplier C,13,0.015,1138,IL,5.3,0.75
2022-02-28,TX-200,274,Supplier D,1,0.037,643,TX,4.99,0.44
2020-01-31,TX-400,243,Supplier E,15,0.006,3876,NY,3.02,0.71
2023-10-30,TX-500,245,Supplier E,4,0.061,2401,NY,5.41,0.89
2020-01-11,TX-100,449,Supplier A,21,0.093,4941,IL,3.25,0.34
2023-08-18,TX-200,309,Supplier B,0,0.056,809,NY,3.75,0.23
2020-04-05,TX-100,106,Supplier E,11,0.007,1413,IL,4.26,0.65
2023-04-28,TX-100,162,Supplier B,18,0.093,4501,TX,1.82,1.0
2021-03-28,TX-400,262,Supplier A,21,0.013,4367,IL,4.19,0.73
2020-07-10,TX-500,328,Supplier B,21,0.088,4523,TX,4.1,0.8
2021-04-30,TX-100,293,Supplier C,22,0.071,4348,TX,5.43,0.63
2023-07-13,TX-100,429,Supplier C,9,0.064,2855,FL,3.09,0.37
2023-12-18,TX-200,166,Supplier A,11,0.059,4802,IL,2.59,0.65
2023-02-25,TX-500,435,Supplier B,29,0.013,1872,CA,3.64,0.13
2020-08-25,TX-500,136,Supplier B,29,0.05,1539,FL,4.59,0.49
2023-10-10,TX-100,459,Supplier A,18,0.02,4506,FL,4.03,0.57
2023-02-09,TX-500,430,Supplier E,15,0.057,3415,IL,2.12,0.91
2023-09-28,TX-200,416,Supplier D,16,0.045,508,FL,3.07,0.92
2023-03-14,TX-200,312,Supplier E,12,0.068,4914,FL,1.79,0.06
2022-12-24,TX-200,349,Supplier D,6,0.098,4822,NY,4.83,0.63
2023-06-24,TX-400,466,Supplier B,27,0.036,4433,TX,5.47,0.8
2022-01-04,TX-100,162,Supplier D,26,0.062,2553,CA,1.71,0.54
2022-09-17,TX-500,497,Supplier D,2,0.086,1682,IL,3.86,0.1
2022-04-04,TX-200,213,Supplier B,4,0.009,1321,NY,4.05,0.23
2020-04-15,TX-100,53,Supplier C,3,0.08,662,CA,3.47,0.31
2020-06-29,TX-100,167,Supplier D,27,0.024,3877,CA,3.76,0.66
2020-07-02,TX-400,72,Supplier A,14,0.054,4282,NY,4.7,0.07
2020-08-13,TX-500,458,Supplier E,16,0.099,1855,IL,3.68,0.55
2022-02-15,TX-500,282,Supplier B,11,0.098,2937,TX,5.64,0.11
2022-02-28,TX-200,139,Supplier B,22,0.032,844,NY,3.93,0.4
2023-01-17,TX-200,304,Supplier D,13,0.013,469,FL,1.82,0.43
2021-11-18,TX-100,141,Supplier C,28,0.094,2191,CA,5.79,0.45
2021-06-13,TX-500,204,Supplier C,3,0.089,1420,FL,2.16,0.71
2023-10-26,TX-500,356,Supplier E,16,0.062,565,IL,5.03,0.08
2022-08-29,TX-200,164,Supplier E,10,0.003,3593,TX,3.87,0.27
2022-07-24,TX-300,256,Supplier C,5,0.075,572,TX,4.83,0.64
2023-11-23,TX-100,130,Supplier C,3,0.016,1396,TX,3.81,0.94
2020-04-15,TX-500,152,Supplier C,12,0.094,4368,FL,1.77,0.62
2023-07-18,TX-400,129,Supplier D,19,0.044,335,IL,3.19,0.88
2022-04-10,TX-400,456,Supplier A,14,0.062,3563,FL,4.29,0.97
2021-11-09,TX-300,152,Supplier E,17,0.028,1778,CA,4.33,0.88
2022-04-28,TX-200,289,Supplier B,16,0.048,4428,TX,5.88,0.97
2022-11-21,TX-200,314,Supplier C,18,0.075,365,IL,4.23,0.78
2021-01-27,TX-200,82,Supplier C,9,0.049,2504,FL,2.79,0.89
2020-02-09,TX-400,84,Supplier A,4,0.085,238,FL,1.7,0.49
2021-10-21,TX-200,298,Supplier C,11,0.071,4742,FL,5.05,0.35
2023-05-26,TX-400,99,Supplier E,24,0.008,1465,FL,5.5,1.0
2022-09-07,TX-300,329,Supplier C,29,0.061,2052,FL,4.26,0.1
2023-01-10,TX-100,291,Supplier A,14,0.061,172,CA,3.67,0.96
2022-04-24,TX-500,201,Supplier D,22,0.038,262,TX,5.37,0.43
2020-07-19,TX-300,196,Supplier E,3,0.032,322,FL,2.58,0.02
2021-03-22,TX-400,88,Supplier D,7,0.006,284,CA,3.29,0.8
2023-12-22,TX-300,238,Supplier B,27,0.045,194,IL,3.78,0.44
2022-11-27,TX-500,74,Supplier A,19,0.034,3972,IL,1.72,0.8
2023-05-19,TX-100,293,Supplier B,21,0.095,783,CA,4.6,0.04
2021-03-19,TX-500,272,Supplier B,27,0.067,3480,CA,2.35,0.97
2023-09-12,TX-400,279,Supplier B,16,0.046,1075,CA,3.0,0.67
2022-01-30,TX-500,202,Supplier B,29,0.075,3319,IL,3.37,0.05
2020-08-14,TX-300,460,Supplier A,5,0.078,3793,FL,4.37,0.0
2020-02-17,TX-200,337,Supplier D,15,0.048,2644,TX,1.79,0.59
2022-11-07,TX-300,444,Supplier C,25,0.008,3332,FL,3.03,0.98
2022-06-30,TX-400,157,Supplier B,4,0.078,160,NY,2.73,0.52
2020-07-05,TX-100,82,Supplier C,13,0.009,1560,CA,1.51,0.35
2020-12-10,TX-500,452,Supplier C,1,0.085,581,FL,4.61,0.94
2020-08-11,TX-100,412,Supplier B,16,0.033,4310,TX,2.56,0.98
2022-04-09,TX-400,160,Supplier E,28,0.064,4178,FL,2.25,0.78
2021-05-02,TX-500,170,Supplier C,5,0.074,4749,NY,5.09,0.72
2022-05-26,TX-300,65,Supplier E,10,0.004,3751,NY,1.68,0.0
2022-04-28,TX-300,276,Supplier D,1,0.038,1274,FL,5.55,0.31
2023-06-06,TX-400,60,Supplier C,24,0.06,2695,TX,4.59,0.93
2023-11-14,TX-500,252,Supplier A,24,0.085,4335,FL,2.27,0.37
2022-09-05,TX-300,251,Supplier D,0,0.072,3906,CA,3.08,0.33
2022-10-13,TX-400,147,Supplier D,4,0.09,589,TX,5.77,0.54
2020-07-06,TX-400,165,Supplier E,7,0.008,2030,IL,4.28,0.45
2020-09-26,TX-100,488,Supplier B,3,0.007,996,TX,4.24,0.86
2020-11-05,TX-300,330,Supplier A,18,0.071,4400,FL,4.44,0.08
2023-03-01,TX-500,398,Supplier A,4,0.04,2442,FL,3.58,0.66
2022-12-31,TX-300,281,Supplier E,4,0.048,3008,IL,2.25,0.7
2022-04-24,TX-300,160,Supplier E,23,0.06,2818,NY,2.18,0.88
2023-04-25,TX-300,401,Supplier D,15,0.099,3355,FL,4.59,0.42
2021-04-30,TX-400,467,Supplier E,21,0.007,117,NY,5.48,0.3
2023-04-29,TX-200,61,Supplier B,17,0.011,4006,NY,2.85,0.63
2023-12-16,TX-200,70,Supplier D,10,0.083,4816,CA,3.77,0.72
2020-04-29,TX-100,176,Supplier D,16,0.002,4838,NY,5.97,0.17
2020-08-07,TX-300,334,Supplier D,28,0.045,4176,TX,2.66,0.16
2020-02-22,TX-200,484,Supplier A,2,0.077,641,NY,3.26,0.26
2023-12-06,TX-100,170,Supplier A,17,0.02,297,CA,3.14,0.25
2023-06-14,TX-400,173,Supplier D,3,0.019,1365,FL,1.65,0.75
2022-01-27,TX-300,456,Supplier B,18,0.031,4983,FL,3.79,0.53
2022-01-07,TX-500,82,Supplier C,8,0.015,1076,IL,2.44,0.55
2021-12-20,TX-400,441,Supplier D,4,0.068,708,NY,2.08,0.01
2021-02-09,TX-100,219,Supplier E,3,0.02,564,TX,4.7,0.99
2021-08-30,TX-400,126,Supplier C,15,0.023,1127,IL,4.95,0.83
2022-10-17,TX-500,346,Supplier A,9,0.057,1361,IL,5.5,0.44
2021-02-25,TX-400,379,Supplier A,8,0.097,2699,CA,5.7,0.07
2021-12-12,TX-100,112,Supplier C,15,0.091,3056,FL,5.41,0.69
2020-09-03,TX-500,319,Supplier E,19,0.086,2129,NY,2.05,0.54
2020-03-12,TX-500,265,Supplier A,21,0.053,3500,NY,2.51,0.68
2020-07-03,TX-400,239,Supplier A,29,0.03,1917,FL,2.05,0.68
2020-01-06,TX-500,124,Supplier D,25,0.071,340,CA,3.09,0.15
2023-05-14,TX-400,223,Supplier B,16,0.039,2956,CA,2.06,0.33
2022-06-24,TX-300,116,Supplier E,28,0.078,3981,CA,4.44,0.02
2021-01-21,TX-500,142,Supplier D,17,0.002,1861,TX,4.73,0.98
2021-11-29,TX-400,102,Supplier B,14,0.053,1282,NY,2.22,0.81
2023-01-04,TX-300,485,Supplier A,19,0.034,2190,CA,4.3,0.93
2023-04-15,TX-500,143,Supplier B,8,0.025,2040,CA,1.6,0.04
2022-04-06,TX-300,162,Supplier A,5,0.066,3022,FL,3.45,0.5
2020-12-14,TX-500,278,Supplier D,5,0.066,512,IL,2.78,0.75
2023-07-02,TX-100,299,Supplier A,10,0.004,3323,IL,5.99,0.1
2020-11-03,TX-100,440,Supplier B,24,0.095,1203,IL,5.65,0.78
2023-09-30,TX-400,258,Supplier D,27,0.036,3308,NY,2.16,0.65
2023-02-24,TX-200,231,Supplier B,19,0.092,1509,TX,5.63,0.98
2020-10-13,TX-100,316,Supplier B,2,0.058,264,NY,3.38,0.14
2022-02-04,TX-200,330,Supplier C,22,0.065,4904,FL,4.09,0.63
2021-12-25,TX-300,492,Supplier A,11,0.096,4969,CA,3.9,0.95
2022-01-31,TX-300,499,Supplier A,14,0.082,1171,NY,4.77,0.74
2021-01-17,TX-200,204,Supplier B,6,0.014,1250,IL,3.01,0.34
2023-11-30,TX-400,132,Supplier A,24,0.001,467,TX,1.81,0.12
2021-01-22,TX-500,235,Supplier E,21,0.031,2654,FL,3.38,0.96
2021-06-08,TX-200,398,Supplier A,17,0.049,712,CA,3.95,0.07
2021-09-30,TX-200,188,Supplier D,21,0.073,176,TX,4.0,0.98
2022-07-26,TX-200,104,Supplier A,14,0.066,2854,NY,5.07,0.3
2020-10-02,TX-200,68,Supplier E,7,0.031,3372,NY,1.7,0.86
2021-05-14,TX-200,397,Supplier B,21,0.054,4263,TX,5.95,0.55
2021-12-17,TX-400,472,Supplier A,8,0.065,1151,TX,5.96,0.91
2020-12-02,TX-100,395,Supplier D,14,0.051,3083,CA,1.95,0.43
2022-07-20,TX-500,316,Supplier E,15,0.069,2204,IL,3.05,0.85
2021-04-25,TX-100,191,Supplier C,19,0.049,1326,TX,4.16,0.24
2022-06-29,TX-200,365,Supplier B,2,0.053,4762,CA,3.18,0.47
2023-07-20,TX-100,213,Supplier B,26,0.094,3254,TX,3.69,0.85
2022-12-17,TX-400,301,Supplier B,4,0.039,1374,TX,2.97,0.12
2023-09-13,TX-300,281,Supplier E,2,0.076,2489,IL,4.7,0.73
2020-04-18,TX-100,346,Supplier A,26,0.033,4634,CA,3.14,0.44
2023-07-26,TX-500,435,Supplier A,27,0.033,971,NY,3.43,0.51
2020-11-23,TX-400,490,Supplier A,1,0.093,2061,CA,4.09,0.58
2020-11-10,TX-300,412,Supplier A,1,0.07,2280,CA,5.86,0.28
2023-02-08,TX-400,109,Supplier B,3,0.093,4040,CA,4.39,0.1
2021-11-29,TX-200,453,Supplier C,2,0.099,2576,IL,1.94,0.02
2022-02-19,TX-300,71,Supplier B,8,0.0,1667,IL,2.94,0.43
2023-06-06,TX-500,433,Supplier C,29,0.098,2415,FL,3.39,0.27
2020-06-04,TX-300,175,Supplier C,22,0.01,2254,NY,4.83,0.63
2023-07-19,TX-500,152,Supplier A,21,0.007,4261,IL,3.51,0.72
2022-06-05,TX-200,437,Supplier D,25,0.077,1175,IL,4.47,0.5
2022-10-22,TX-500,489,Supplier E,11,0.035,2135,CA,5.28,0.62
2022-01-27,TX-400,270,Supplier D,23,0.092,489,CA,1.97,0.56
2021-12-22,TX-100,159,Supplier C,8,0.054,4924,TX,4.95,0.0
2022-07-01,TX-400,107,Supplier D,18,0.039,2834,TX,4.86,0.84
2023-08-02,TX-400,114,Supplier C,11,0.007,3056,TX,5.19,0.06
2022-05-20,TX-300,107,Supplier B,15,0.046,3962,IL,5.8,0.41
2020-01-13,TX-200,207,Supplier B,25,0.028,3664,TX,2.89,0.11
2021-08-30,TX-100,125,Supplier A,22,0.008,4177,NY,3.43,0.66
2021-05-12,TX-500,68,Supplier E,24,0.067,2668,TX,2.68,0.33
2020-08-25,TX-300,433,Supplier B,0,0.098,461,FL,2.97,0.07
2023-01-22,TX-200,239,Supplier E,9,0.038,158,FL,2.98,0.05
2023-09-23,TX-100,299,Supplier A,24,0.03,4680,CA,5.41,0.24
2022-02-19,TX-400,409,Supplier E,29,0.009,1224,IL,1.78,0.67
2023-04-09,TX-200,412,Supplier B,22,0.022,1880,FL,2.41,0.72
2021-08-28,TX-200,423,Supplier B,9,0.028,439,NY,4.25,0.13
2021-10-22,TX-200,128,Supplier D,29,0.034,4681,CA,4.94,0.14
2022-04-28,TX-400,133,Supplier D,3,0.063,2836,FL,4.64,0.59
2022-07-24,TX-500,221,Supplier D,28,0.011,1139,TX,1.71,0.96
2021-09-19,TX-300,261,Supplier E,10,0.006,220,FL,3.54,0.55
2020-05-22,TX-500,423,Supplier B,27,0.093,3913,FL,2.33,0.71
2023-05-09,TX-100,494,Supplier A,21,0.08,844,CA,5.95,0.58
2023-04-18,TX-300,198,Supplier C,10,0.028,4581,IL,6.0,0.1
2021-12-14,TX-100,59,Supplier B,10,0.064,4643,TX,1.73,0.95
2023-10-19,TX-400,79,Supplier D,21,0.059,3051,TX,4.5,0.07
2021-04-23,TX-500,329,Supplier D,5,0.074,4054,TX,5.16,0.76
2021-07-18,TX-200,481,Supplier E,14,0.086,1122,TX,2.96,0.98
2021-04-15,TX-300,104,Supplier D,1,0.036,3461,IL,4.62,0.32
2021-01-18,TX-200,409,Supplier E,20,0.066,1875,TX,2.34,0.17
2022-07-14,TX-100,176,Supplier A,22,0.08,2008,IL,2.08,0.57
2021-02-20,TX-200,229,Supplier D,21,0.07,3132,CA,5.66,0.8
2020-11-03,TX-200,281,Supplier E,2,0.092,2755,NY,4.39,0.95
2021-10-10,TX-400,430,Supplier D,26,0.049,687,IL,5.18,0.69
2023-10-22,TX-400,471,Supplier E,27,0.08,2130,TX,3.9,0.34
2022-10-21,TX-500,142,Supplier B,4,0.091,482,CA,2.2,0.49
2022-12-03,TX-100,57,Supplier E,28,0.056,789,CA,3.19,0.76
2022-01-08,TX-400,462,Supplier C,23,0.002,303,FL,5.47,0.79
2023-01-26,TX-400,296,Supplier A,10,0.082,4181,FL,1.57,0.07
2023-07-12,TX-500,443,Supplier B,20,0.085,4221,NY,2.43,0.61
2020-05-19,TX-300,380,Supplier A,11,0.04,1976,NY,2.64,0.97
2023-06-14,TX-500,245,Supplier B,25,0.023,1800,FL,2.68,0.79
2022-08-31,TX-200,482,Supplier D,2,0.098,1690,FL,1.94,0.01
2022-10-13,TX-200,491,Supplier E,8,0.055,967,CA,5.32,0.22
2022-08-10,TX-400,212,Supplier D,26,0.052,4469,IL,2.22,0.45
2022-06-22,TX-400,483,Supplier A,2,0.095,2164,FL,5.23,0.71
2020-03-12,TX-500,89,Supplier A,1,0.041,1587,TX,3.1,0.56
2023-04-28,TX-500,303,Supplier B,5,0.085,2445,IL,3.56,0.08
2023-07-15,TX-100,445,Supplier A,23,0.07,2740,IL,3.58,0.74
2023-09-06,TX-200,134,Supplier E,5,0.097,1150,TX,4.71,0.84
2020-04-16,TX-500,321,Supplier A,16,0.043,2143,TX,4.79,0.21
2023-06-09,TX-300,127,Supplier D,7,0.091,4378,TX,4.38,0.07
2022-12-01,TX-100,262,Supplier E,0,0.057,3687,CA,4.98,0.79
2022-06-01,TX-500,353,Supplier A,24,0.048,3503,FL,1.54,0.64
2020-05-18,TX-400,304,Supplier C,7,0.031,1707,FL,3.77,0.8
2021-09-06,TX-500,140,Supplier C,21,0.055,4615,CA,3.86,0.57
2022-05-12,TX-400,434,Supplier D,14,0.057,4999,IL,2.58,0.43
2020-09-29,TX-400,242,Supplier B,17,0.09,4634,CA,4.0,0.96
2021-02-19,TX-200,302,Supplier B,12,0.07,1120,FL,3.6,0.78
2021-05-20,TX-200,327,Supplier A,24,0.083,622,NY,3.62,0.41
2022-01-02,TX-500,192,Supplier E,7,0.077,670,CA,2.03,0.91
2021-02-27,TX-500,293,Supplier B,28,0.028,4909,NY,3.46,0.99
2023-12-01,TX-300,261,Supplier C,19,0.021,3439,NY,4.95,0.31
2021-01-24,TX-100,244,Supplier B,17,0.026,4308,TX,3.34,0.89
2020-12-07,TX-100,319,Supplier C,12,0.015,2552,TX,3.69,0.05
2022-08-03,TX-500,378,Supplier B,13,0.039,3573,TX,5.85,0.21
2021-09-05,TX-200,68,Supplier D,14,0.065,3285,NY,5.42,0.16
2021-05-07,TX-300,89,Supplier E,5,0.054,946,FL,5.68,0.36
2020-07-10,TX-100,147,Supplier A,0,0.068,3492,TX,1.85,0.56
2021-05-13,TX-500,53,Supplier C,6,0.036,1434,TX,4.28,0.72
2022-04-01,TX-200,82,Supplier B,0,0.021,2997,IL,2.51,0.9
2023-06-10,TX-200,348,Supplier A,14,0.02,2011,NY,3.32,0.16
2020-08-14,TX-200,214,Supplier C,28,0.06,399,NY,4.56,0.58
2023-10-26,TX-400,499,Supplier C,5,0.016,1185,TX,4.11,0.55
2020-05-18,TX-200,76,Supplier D,4,0.04,183,IL,3.78,0.46
2022-05-05,TX-500,222,Supplier B,11,0.021,4156,IL,5.17,0.69
2022-03-27,TX-300,386,Supplier A,25,0.066,1476,CA,4.57,0.51
2023-03-18,TX-500,162,Supplier B,29,0.062,1792,CA,5.19,0.55
2023-02-12,TX-200,483,Supplier B,2,0.038,3674,TX,5.69,0.9
2022-12-22,TX-300,422,Supplier E,21,0.013,1023,NY,4.7,0.86
2020-04-13,TX-100,429,Supplier C,19,0.021,1598,IL,3.28,0.58
2022-05-20,TX-100,144,Supplier C,13,0.047,2126,IL,2.46,0.16
2021-10-29,TX-500,368,Supplier E,27,0.097,4698,IL,2.72,0.96
2020-09-29,TX-300,282,Supplier E,5,0.027,3970,NY,3.28,0.62
2022-10-26,TX-500,183,Supplier B,3,0.019,4889,CA,4.83,0.81
2023-03-16,TX-300,173,Supplier C,14,0.022,2246,TX,1.68,0.06
2020-07-02,TX-300,421,Supplier A,16,0.071,1825,CA,5.16,0.9
2022-11-17,TX-500,400,Supplier D,4,0.091,2910,IL,4.91,0.69
2023-02-16,TX-300,372,Supplier E,23,0.008,2394,IL,3.75,0.69
2020-10-19,TX-200,402,Supplier A,5,0.075,2412,NY,3.3,0.11
2023-10-26,TX-300,165,Supplier A,9,0.049,1692,NY,2.01,0.71
2023-06-21,TX-300,492,Supplier B,8,0.083,524,NY,2.8,0.08
2023-05-26,TX-500,62,Supplier E,3,0.042,4990,TX,1.99,0.06
2020-06-25,TX-100,454,Supplier A,25,0.001,2471,FL,5.18,0.33
2023-08-15,TX-400,369,Supplier D,8,0.068,2939,FL,3.79,0.02
2020-02-27,TX-300,214,Supplier A,7,0.081,161,TX,2.61,0.16
2023-07-16,TX-400,257,Supplier D,2,0.09,3658,TX,1.58,0.73
2020-11-03,TX-300,134,Supplier D,29,0.057,1884,TX,3.86,0.83
2023-08-04,TX-500,297,Supplier D,21,0.012,3016,CA,4.88,0.18
2022-09-03,TX-500,481,Supplier E,19,0.037,3544,TX,4.95,0.82
2023-02-02,TX-300,105,Supplier D,0,0.078,614,CA,2.46,0.48
2023-06-05,TX-500,221,Supplier E,24,0.049,4943,NY,5.98,0.96
2023-06-24,TX-500,190,Supplier A,19,0.07,4812,IL,4.06,0.14
2021-11-30,TX-300,181,Supplier D,26,0.0,198,FL,2.99,0.05
2020-03-23,TX-100,250,Supplier C,29,0.007,422,IL,3.27,0.85
2023-04-24,TX-300,417,Supplier A,4,0.068,2739,FL,2.06,0.36
2020-09-08,TX-100,338,Supplier C,2,0.029,4350,NY,3.72,0.46
2023-10-10,TX-500,470,Supplier C,3,0.039,4737,FL,4.89,0.51
2022-03-06,TX-100,358,Supplier B,28,0.064,3782,NY,3.34,0.83
2022-06-15,TX-500,406,Supplier E,24,0.011,4341,IL,5.4,0.08
2020-07-28,TX-100,457,Supplier B,22,0.083,3073,CA,3.65,0.55
2022-03-26,TX-100,394,Supplier E,23,0.014,1597,FL,5.55,0.43
2021-08-31,TX-300,228,Supplier B,18,0.073,2849,TX,4.66,0.34
2021-03-22,TX-100,474,Supplier A,14,0.029,4984,CA,1.75,0.35
2021-04-04,TX-500,78,Supplier C,18,0.026,2031,CA,1.8,0.93
2022-08-25,TX-300,492,Supplier A,15,0.082,4452,NY,5.1,0.27
2021-04-16,TX-100,473,Supplier E,29,0.055,538,IL,3.11,0.45
2021-01-04,TX-300,356,Supplier C,22,0.021,636,TX,2.35,0.49
2022-06-18,TX-400,355,Supplier C,7,0.0,2322,IL,5.39,0.72
2022-07-11,TX-300,416,Supplier E,13,0.097,812,IL,5.92,0.52
2020-05-16,TX-400,85,Supplier A,4,0.043,2638,CA,5.14,0.62
2021-01-01,TX-400,158,Supplier C,0,0.04,4414,TX,4.76,0.4
2022-06-30,TX-300,365,Supplier A,18,0.005,4252,FL,1.5,0.72
2020-07-02,TX-500,195,Supplier A,4,0.089,4938,TX,1.98,0.47
2023-08-03,TX-500,325,Supplier A,2,0.014,2866,NY,4.52,0.22
2021-04-16,TX-500,438,Supplier C,29,0.034,1089,CA,3.34,0.82
2023-10-30,TX-200,195,Supplier D,16,0.042,4167,TX,1.59,0.77
2021-10-15,TX-400,429,Supplier B,6,0.081,401,NY,4.83,0.63
2022-01-18,TX-300,217,Supplier E,16,0.036,1112,FL,3.38,0.52
2021-06-20,TX-500,306,Supplier A,25,0.053,3750,IL,4.46,0.21
2022-03-12,TX-500,324,Supplier C,12,0.043,346,IL,3.61,0.87
2023-06-27,TX-300,136,Supplier E,21,0.031,2163,NY,1.62,0.1
2022-07-08,TX-400,203,Supplier D,21,0.095,1458,CA,4.36,0.38
2021-05-24,TX-300,334,Supplier D,13,0.08,4406,IL,5.05,0.85
2021-09-21,TX-200,364,Supplier C,22,0.017,1709,CA,2.2,0.6
2022-09-28,TX-200,368,Supplier A,11,0.055,3701,CA,5.51,0.44
2023-01-01,TX-300,147,Supplier D,10,0.08,1145,IL,2.32,0.79
2023-07-29,TX-400,260,Supplier D,0,0.058,4314,FL,3.4,0.99
2022-07-04,TX-500,495,Supplier D,26,0.049,1651,TX,3.87,0.19
2023-10-15,TX-200,97,Supplier C,2,0.007,3355,IL,2.91,0.05
2022-10-30,TX-200,367,Supplier E,11,0.011,1638,TX,3.75,0.46
2023-05-19,TX-400,323,Supplier B,8,0.025,1615,CA,4.73,0.29
2020-05-31,TX-200,243,Supplier C,1,0.051,4701,FL,4.72,0.67
2022-10-25,TX-200,301,Supplier A,13,0.099,3806,CA,5.65,0.49
2023-05-03,TX-400,332,Supplier C,4,0.08,1878,FL,5.38,0.5
2023-07-30,TX-300,311,Supplier C,2,0.011,536,NY,5.93,0.35
2021-04-08,TX-500,492,Supplier B,11,0.072,902,FL,4.18,0.21
2023-02-10,TX-500,311,Supplier B,11,0.081,4298,FL,3.3,0.21
2020-09-27,TX-200,80,Supplier B,28,0.041,4900,CA,2.58,0.39
2023-04-01,TX-500,154,Supplier E,20,0.033,924,IL,2.6,0.68
2021-04-04,TX-300,399,Supplier C,6,0.058,3905,IL,2.18,0.34
2020-04-14,TX-200,361,Supplier A,0,0.052,403,TX,4.77,0.33
2023-07-29,TX-500,487,Supplier B,2,0.027,593,NY,4.44,0.43
2020-06-10,TX-100,218,Supplier B,10,0.04,186,FL,2.82,0.99
2020-12-16,TX-100,285,Supplier C,12,0.054,3397,TX,5.51,0.09
2021-03-09,TX-100,323,Supplier A,21,0.058,3419,FL,3.99,0.29
2022-05-01,TX-100,392,Supplier B,22,0.053,3676,FL,1.81,0.29
2020-05-19,TX-100,279,Supplier C,9,0.085,3920,NY,1.78,0.97
2023-03-01,TX-200,72,Supplier D,18,0.003,1149,NY,2.14,0.41
2020-03-27,TX-400,213,Supplier E,3,0.033,3701,TX,2.45,0.57
2020-07-01,TX-400,330,Supplier C,21,0.075,4326,IL,5.49,0.2
2021-01-02,TX-200,56,Supplier B,4,0.065,4965,FL,5.0,0.01
2020-05-08,TX-200,259,Supplier A,10,0.092,3083,CA,2.41,0.34
2023-06-23,TX-300,302,Supplier D,8,0.059,3220,TX,2.62,0.64
2021-10-31,TX-400,453,Supplier A,12,0.064,627,FL,4.37,0.69
2023-11-02,TX-100,182,Supplier A,27,0.07,133,NY,5.42,0.75
2020-05-28,TX-200,323,Supplier A,16,0.019,2179,NY,2.93,0.86
2022-09-11,TX-100,155,Supplier C,14,0.075,109,NY,3.86,0.12
2022-05-01,TX-400,281,Supplier C,12,0.03,1827,NY,5.51,0.08
2023-12-27,TX-500,82,Supplier E,20,0.042,2878,IL,4.97,0.79
2021-09-19,TX-500,128,Supplier D,10,0.001,3520,IL,5.51,0.44
2021-03-21,TX-200,84,Supplier A,0,0.084,3327,FL,2.75,0.95
2022-06-02,TX-300,159,Supplier B,7,0.095,3198,FL,4.61,0.94
2020-10-20,TX-100,370,Supplier A,22,0.006,4144,TX,2.01,0.14
2023-03-12,TX-200,112,Supplier D,4,0.064,1276,NY,4.27,0.69
2020-09-06,TX-300,377,Supplier A,21,0.096,4823,NY,2.87,0.07
2022-05-27,TX-100,346,Supplier C,15,0.061,1373,CA,4.66,0.4
2022-08-05,TX-400,227,Supplier C,3,0.08,2576,CA,2.14,0.84
2022-09-01,TX-500,433,Supplier D,24,0.012,3677,NY,4.5,0.46
2023-08-18,TX-300,413,Supplier E,29,0.024,2441,CA,4.69,0.03
2022-11-14,TX-100,281,Supplier A,18,0.035,4639,CA,5.36,0.24
2022-02-27,TX-200,153,Supplier D,17,0.098,4483,NY,4.59,0.09
2022-09-10,TX-100,463,Supplier B,22,0.078,2453,IL,3.85,0.41
2022-06-07,TX-200,343,Supplier B,28,0.089,3242,IL,5.03,0.7
2022-06-08,TX-500,84,Supplier E,1,0.049,2310,FL,2.78,0.66
2020-03-10,TX-500,243,Supplier C,12,0.072,2735,IL,4.55,0.72
2021-09-16,TX-100,223,Supplier D,15,0.073,3514,NY,4.76,0.38
2022-05-24,TX-100,441,Supplier A,21,0.057,2127,CA,3.27,0.27
2023-02-09,TX-200,151,Supplier D,26,0.088,4826,NY,5.95,0.06
2023-10-19,TX-200,373,Supplier E,7,0.016,4994,TX,3.1,0.94
2023-08-19,TX-300,342,Supplier D,18,0.006,2099,CA,1.88,0.12
2021-04-15,TX-300,134,Supplier E,2,0.03,4804,NY,2.87,0.18
2020-03-31,TX-300,446,Supplier E,18,0.009,1124,FL,1.95,0.03
2021-06-13,TX-100,250,Supplier E,16,0.006,1721,FL,3.03,0.32
2021-10-22,TX-300,222,Supplier D,8,0.042,4671,CA,2.08,0.82
2022-01-08,TX-100,78,Supplier B,20,0.02,3111,IL,3.48,0.33
2021-12-26,TX-500,346,Supplier A,24,0.079,1010,FL,5.0,0.67
2022-05-21,TX-400,105,Supplier E,20,0.058,714,TX,1.8,0.97
2020-07-10,TX-500,65,Supplier C,22,0.036,4180,CA,4.03,0.89
2023-06-19,TX-100,189,Supplier E,16,0.029,4617,TX,1.7,0.18
2020-05-17,TX-100,115,Supplier D,24,0.056,1104,CA,5.48,0.36
2020-12-10,TX-400,495,Supplier E,0,0.043,3322,IL,5.65,0.75
2023-04-18,TX-200,196,Supplier C,3,0.006,1115,NY,3.72,0.98
2022-10-05,TX-200,207,Supplier B,22,0.067,3586,CA,4.96,0.72
2021-05-17,TX-200,449,Supplier D,26,0.05,106,NY,4.17,0.25
2020-07-21,TX-300,446,Supplier D,14,0.028,3865,CA,3.03,0.13
2021-07-26,TX-200,118,Supplier D,11,0.029,3637,IL,2.6,0.5
2020-07-10,TX-300,72,Supplier C,24,0.045,4299,TX,4.91,0.19
2020-01-05,TX-300,239,Supplier D,16,0.083,4150,NY,3.43,0.23
2023-06-14,TX-200,297,Supplier B,11,0.042,2611,TX,5.64,0.63
2020-11-06,TX-200,464,Supplier A,15,0.084,3735,CA,5.89,0.51
2021-07-02,TX-400,358,Supplier A,29,0.042,2995,CA,2.45,0.12
2020-02-25,TX-400,425,Supplier E,12,0.083,3900,IL,4.02,0.15
2021-03-18,TX-300,194,Supplier A,10,0.093,4005,CA,3.92,0.02
2023-06-14,TX-400,433,Supplier C,14,0.002,2513,IL,5.41,0.22
2022-05-19,TX-300,354,Supplier A,28,0.006,2016,CA,4.61,0.89
2023-05-05,TX-100,226,Supplier C,15,0.013,4377,TX,4.23,0.79
2021-08-07,TX-300,244,Supplier C,5,0.012,2390,CA,4.56,0.41
2022-01-21,TX-300,459,Supplier E,26,0.045,4415,NY,3.25,0.74
2020-12-25,TX-400,62,Supplier A,25,0.076,1991,FL,5.82,0.41
2022-03-29,TX-100,413,Supplier E,10,0.096,4230,NY,1.76,0.79
2020-01-30,TX-500,215,Supplier D,14,0.042,3963,NY,1.63,0.18
2020-04-17,TX-500,199,Supplier B,4,0.069,774,IL,3.37,0.15
2022-04-23,TX-500,390,Supplier A,2,0.064,3009,CA,2.2,0.08
2021-12-17,TX-100,462,Supplier D,25,0.039,2000,TX,3.95,0.24
2022-06-09,TX-200,94,Supplier D,1,0.072,4042,CA,1.54,0.15
2022-08-17,TX-100,223,Supplier E,0,0.059,4603,FL,3.57,0.8
2022-06-11,TX-400,216,Supplier E,14,0.076,4199,CA,2.83,0.24
2022-01-01,TX-300,246,Supplier B,1,0.019,4556,FL,2.41,0.52
2021-08-28,TX-300,255,Supplier B,27,0.036,3137,FL,3.5,0.76
2021-04-01,TX-400,131,Supplier B,28,0.067,689,NY,5.35,0.68
2021-09-06,TX-400,117,Supplier B,19,0.012,1989,FL,4.45,0.2
2021-11-28,TX-300,146,Supplier E,5,0.077,2482,FL,2.22,0.08
2021-11-04,TX-200,216,Supplier C,11,0.013,3462,TX,3.74,0.91
2023-06-24,TX-200,453,Supplier E,20,0.032,2432,IL,5.69,0.62
2021-06-26,TX-200,126,Supplier C,15,0.024,1159,CA,3.48,0.71
2022-05-06,TX-400,286,Supplier E,13,0.006,3495,TX,3.62,0.39
2022-06-15,TX-300,245,Supplier E,3,0.027,494,IL,5.74,0.24
2020-10-04,TX-300,340,Supplier B,7,0.091,666,NY,2.11,0.53
2021-07-05,TX-300,185,Supplier C,11,0.003,1172,TX,4.81,0.08
2020-04-20,TX-100,357,Supplier D,22,0.002,2610,TX,2.85,0.8
2021-01-19,TX-100,345,Supplier D,13,0.07,2502,NY,5.4,0.65
2022-01-30,TX-500,426,Supplier D,19,0.037,2202,FL,1.74,0.76
2023-04-29,TX-100,418,Supplier B,25,0.023,3483,NY,5.96,0.57
2021-11-24,TX-200,416,Supplier D,12,0.051,4455,CA,4.96,0.58
2023-12-20,TX-200,85,Supplier E,28,0.027,1014,NY,2.78,0.6
2021-02-08,TX-200,439,Supplier B,4,0.039,1211,TX,4.92,0.78
2023-09-20,TX-200,297,Supplier D,11,0.072,3561,NY,5.65,0.23
2023-05-17,TX-500,303,Supplier B,9,0.012,4023,CA,2.01,0.68
2020-01-22,TX-200,263,Supplier E,20,0.096,2417,FL,5.61,0.55
2021-11-08,TX-400,301,Supplier B,18,0.004,1065,FL,3.12,0.5
2021-09-02,TX-400,119,Supplier D,12,0.081,3631,IL,1.53,0.54
2023-05-16,TX-400,283,Supplier B,8,0.072,1249,IL,2.01,0.27
2020-01-08,TX-100,378,Supplier A,10,0.028,2332,CA,5.48,0.04
2021-12-02,TX-300,65,Supplier D,4,0.012,464,IL,5.92,0.76
2021-06-12,TX-500,223,Supplier E,27,0.085,3713,FL,5.53,0.92
2021-08-24,TX-400,236,Supplier C,12,0.068,4915,FL,3.49,0.48
2021-10-18,TX-400,343,Supplier B,9,0.029,1131,IL,5.83,0.84
2020-06-14,TX-200,274,Supplier B,17,0.002,753,NY,3.33,0.56
2022-04-28,TX-400,323,Supplier D,28,0.094,3895,FL,2.01,0.93
2021-05-10,TX-200,61,Supplier D,14,0.04,3967,IL,3.03,0.51
2021-08-12,TX-200,359,Supplier A,19,0.018,4186,IL,5.99,0.2
2021-03-04,TX-300,268,Supplier E,11,0.091,3303,CA,4.32,0.87
2022-02-12,TX-100,480,Supplier B,3,0.036,4518,CA,3.03,0.8
2020-06-11,TX-200,50,Supplier B,4,0.046,2249,FL,4.31,0.4
2020-12-31,TX-200,448,Supplier C,7,0.07,4990,TX,3.43,0.84
2023-06-16,TX-300,160,Supplier B,4,0.082,1589,IL,1.72,0.01
2020-03-12,TX-200,326,Supplier B,0,0.01,4939,NY,2.41,0.8
2021-10-16,TX-500,178,Supplier A,17,0.09,3974,TX,1.59,0.69
2020-09-25,TX-100,142,Supplier C,18,0.093,3738,IL,2.65,0.38
2021-02-18,TX-500,445,Supplier B,18,0.026,1377,TX,4.83,0.79
2023-06-22,TX-400,429,Supplier B,9,0.05,4922,IL,2.37,0.13
2022-10-12,TX-100,461,Supplier E,21,0.086,4524,IL,3.88,0.2
2021-11-05,TX-400,88,Supplier B,8,0.049,3470,TX,4.66,0.53
2022-12-19,TX-200,470,Supplier A,25,0.048,2517,CA,3.97,0.88
2020-01-06,TX-300,365,Supplier B,0,0.062,3842,IL,1.57,0.13
2022-09-08,TX-500,208,Supplier B,21,0.077,358,FL,3.14,0.56
2021-07-23,TX-400,235,Supplier D,24,0.067,4572,TX,3.49,0.75
2021-02-10,TX-200,402,Supplier B,19,0.063,244,CA,3.04,0.74
2023-05-25,TX-500,305,Supplier C,25,0.037,3210,NY,3.96,0.63
2020-01-26,TX-500,288,Supplier D,2,0.063,2853,IL,3.81,0.94
2022-10-25,TX-400,153,Supplier C,12,0.01,808,IL,2.34,0.48
2022-09-12,TX-200,444,Supplier C,5,0.041,345,FL,4.88,0.88
2021-01-24,TX-300,415,Supplier A,5,0.019,4528,CA,2.23,0.62
2021-12-10,TX-400,78,Supplier B,28,0.054,1711,IL,3.57,0.74
2021-07-24,TX-500,138,Supplier C,17,0.026,2912,CA,4.9,0.46
2022-01-23,TX-500,424,Supplier B,4,0.051,4473,IL,4.64,0.17
2020-05-25,TX-100,446,Supplier B,16,0.078,1487,NY,3.44,0.11
2023-11-12,TX-200,100,Supplier A,28,0.043,3623,FL,5.05,0.68
2022-02-23,TX-100,413,Supplier A,24,0.022,1834,NY,4.71,0.38
2023-06-26,TX-300,487,Supplier C,24,0.022,351,NY,3.23,0.57
2021-06-09,TX-400,196,Supplier C,2,0.091,3043,TX,5.53,0.75
2020-01-13,TX-500,363,Supplier D,4,0.078,2105,NY,2.14,0.79
2022-06-21,TX-200,85,Supplier B,2,0.004,3413,FL,3.11,0.51
2021-01-18,TX-500,333,Supplier B,22,0.094,1376,FL,4.64,0.31
2021-07-09,TX-100,436,Supplier A,12,0.011,1127,IL,5.43,0.78
2022-06-05,TX-100,150,Supplier A,14,0.065,1496,NY,2.95,0.42
2023-11-23,TX-400,156,Supplier C,16,0.055,1548,CA,4.03,0.94
2020-01-19,TX-200,394,Supplier D,14,0.005,1302,TX,1.55,0.82
2021-07-28,TX-200,474,Supplier D,4,0.03,111,TX,3.17,0.75
2022-01-20,TX-400,340,Supplier A,21,0.078,1416,TX,2.99,0.24
2022-09-30,TX-100,398,Supplier A,13,0.031,869,FL,5.29,0.36
2021-02-22,TX-100,154,Supplier D,10,0.048,2406,FL,1.83,0.85
2023-09-22,TX-100,270,Supplier D,27,0.07,4624,IL,1.78,0.02
2021-02-22,TX-500,125,Supplier C,13,0.007,1456,NY,3.49,0.78
2020-05-01,TX-300,276,Supplier D,6,0.083,3283,FL,3.33,0.4
2021-03-07,TX-100,133,Supplier B,2,0.004,2073,TX,2.23,0.8
2020-02-13,TX-300,125,Supplier D,22,0.026,2353,FL,2.69,0.55
2023-09-02,TX-300,298,Supplier E,19,0.076,2369,NY,5.88,0.53
2021-01-15,TX-200,304,Supplier D,9,0.091,1136,FL,3.81,0.7
2020-05-24,TX-400,99,Supplier A,10,0.076,2652,NY,1.9,0.81
2023-09-12,TX-500,405,Supplier A,29,0.023,2748,IL,1.72,0.69
2020-12-28,TX-300,259,Supplier E,5,0.099,1854,FL,1.69,0.45
2022-12-09,TX-500,207,Supplier B,4,0.041,3386,NY,3.25,0.32
2022-12-24,TX-200,377,Supplier D,19,0.038,4138,NY,5.4,0.85
2020-12-20,TX-100,282,Supplier D,21,0.087,4717,CA,5.25,0.52
2022-03-10,TX-300,420,Supplier E,12,0.007,3900,IL,3.16,0.78
2023-04-02,TX-400,126,Supplier C,11,0.056,1244,FL,4.98,1.0
2023-03-10,TX-200,272,Supplier C,18,0.097,1798,CA,4.89,0.64
2022-04-05,TX-500,170,Supplier B,18,0.01,2452,FL,3.67,0.28
2023-02-25,TX-100,359,Supplier D,20,0.054,319,TX,3.32,0.87
2021-02-01,TX-500,376,Supplier D,26,0.013,1732,TX,2.31,0.27
2022-05-29,TX-400,390,Supplier D,4,0.089,710,NY,2.75,0.26
2021-04-07,TX-300,407,Supplier A,24,0.059,4329,CA,3.02,0.07
2022-03-18,TX-400,156,Supplier C,19,0.023,4342,NY,5.16,0.08
2020-07-05,TX-500,290,Supplier E,20,0.031,3284,NY,3.99,0.86
2022-01-01,TX-500,484,Supplier A,27,0.052,532,NY,2.4,0.23
2023-04-28,TX-400,77,Supplier A,8,0.073,3537,TX,1.93,0.11
2023-11-12,TX-400,241,Supplier C,3,0.049,3205,NY,3.73,0.35
2021-03-04,TX-400,298,Supplier D,28,0.019,161,NY,4.5,0.71
2022-05-07,TX-100,413,Supplier B,14,0.071,4282,NY,5.18,0.34
2023-07-31,TX-500,262,Supplier E,2,0.012,990,NY,5.09,0.31
2020-08-24,TX-200,70,Supplier C,22,0.081,3806,CA,5.21,0.49
2023-05-02,TX-100,204,Supplier B,6,0.04,4021,FL,3.52,0.02
2023-08-03,TX-100,76,Supplier C,23,0.065,3072,CA,5.4,0.49
2022-02-09,TX-100,126,Supplier C,19,0.034,1439,IL,3.5,0.99
2022-01-27,TX-200,355,Supplier C,19,0.067,4594,CA,2.26,0.8
2020-05-15,TX-400,462,Supplier C,13,0.089,2960,IL,3.29,0.07
2022-03-02,TX-500,472,Supplier D,13,0.07,2478,TX,3.03,0.65
2020-06-19,TX-300,106,Supplier A,8,0.067,4958,FL,3.26,0.46
2020-06-07,TX-300,168,Supplier C,25,0.076,2182,NY,4.46,0.83
2020-07-19,TX-500,214,Supplier B,22,0.05,877,IL,4.46,0.1
2022-08-19,TX-200,113,Supplier B,2,0.022,1506,TX,2.51,0.23
2021-08-05,TX-300,97,Supplier B,28,0.082,3857,FL,2.92,0.79
2022-05-25,TX-100,199,Supplier A,8,0.065,2857,IL,4.18,0.85
2021-01-05,TX-300,207,Supplier A,28,0.031,1846,TX,1.88,0.53
2020-04-12,TX-500,205,Supplier B,20,0.028,3667,NY,4.6,0.02
2022-09-28,TX-100,200,Supplier D,3,0.05,2224,TX,2.31,0.89
2023-02-22,TX-300,274,Supplier A,16,0.021,2521,TX,5.33,0.38
2023-08-29,TX-500,309,Supplier A,24,0.088,152,NY,3.31,0.04
2022-09-02,TX-200,436,Supplier D,5,0.079,4453,IL,2.49,0.82
2022-03-08,TX-500,305,Supplier C,15,0.031,2279,TX,4.51,0.42
2023-06-07,TX-200,110,Supplier A,26,0.005,1834,NY,3.99,0.19
2021-10-19,TX-100,401,Supplier B,17,0.005,3566,IL,2.27,0.8
2022-05-31,TX-500,309,Supplier B,12,0.03,4790,NY,5.22,0.46
2023-05-05,TX-400,370,Supplier D,6,0.015,1027,CA,3.54,0.61
2022-01-02,TX-400,445,Supplier B,2,0.087,4444,IL,2.19,0.82
2021-02-26,TX-400,446,Supplier E,5,0.042,4116,CA,5.08,0.52
2021-07-25,TX-400,211,Supplier B,23,0.035,4849,TX,2.1,0.11
2020-06-19,TX-400,429,Supplier D,2,0.022,1546,TX,5.86,0.96
2023-11-06,TX-200,492,Supplier D,28,0.084,2799,TX,3.49,0.29
2020-06-21,TX-500,398,Supplier D,27,0.079,439,IL,4.78,0.99
2021-10-24,TX-100,80,Supplier E,11,0.038,2521,FL,3.53,0.01
2021-03-28,TX-400,120,Supplier A,4,0.017,4046,IL,2.34,0.48
2020-12-15,TX-400,446,Supplier C,29,0.095,2663,IL,4.91,0.7
2021-05-08,TX-100,487,Supplier B,21,0.032,3439,FL,2.8,0.91
2021-09-11,TX-100,51,Supplier A,16,0.077,4099,IL,4.57,0.78
2022-10-24,TX-400,466,Supplier D,9,0.046,1480,CA,2.66,0.26
2023-01-21,TX-200,99,Supplier A,6,0.078,2455,FL,2.58,0.24
2022-07-07,TX-100,184,Supplier A,3,0.048,4038,FL,3.56,0.36
2020-01-06,TX-500,195,Supplier E,9,0.093,701,CA,5.17,0.11
2020-10-14,TX-500,228,Supplier D,26,0.08,1771,FL,4.26,0.67
2023-03-15,TX-200,313,Supplier D,6,0.026,2879,FL,1.79,0.94
2023-12-18,TX-300,360,Supplier B,22,0.043,3865,CA,4.8,0.64
2021-08-30,TX-200,253,Supplier B,10,0.01,2638,NY,4.11,0.53
2021-04-01,TX-400,348,Supplier B,20,0.09,738,NY,4.31,0.5
2023-05-10,TX-300,236,Supplier B,7,0.007,2785,NY,3.09,0.59
2023-05-20,TX-400,79,Supplier A,7,0.002,4175,CA,4.0,0.71
2022-10-26,TX-500,108,Supplier A,4,0.05,4902,TX,3.17,0.79
2021-09-15,TX-100,58,Supplier B,4,0.06,1474,IL,1.87,0.7
2021-01-10,TX-400,373,Supplier B,6,0.022,1826,FL,5.3,0.71
2021-03-22,TX-500,216,Supplier B,21,0.057,756,CA,4.55,0.95
2022-04-14,TX-200,386,Supplier C,3,0.09,3062,IL,4.52,0.9
2023-02-03,TX-400,444,Supplier B,1,0.063,2975,CA,2.37,0.82
2022-03-21,TX-500,428,Supplier C,23,0.046,679,FL,4.49,0.04
2023-11-25,TX-100,435,Supplier B,18,0.014,259,TX,2.54,0.67
2023-01-24,TX-400,328,Supplier D,1,0.017,3672,CA,4.59,0.45
2023-11-12,TX-500,240,Supplier E,15,0.048,1589,IL,3.0,0.62
2022-08-16,TX-400,291,Supplier A,11,0.046,2995,IL,2.21,0.69
2022-04-28,TX-100,327,Supplier D,14,0.052,4028,FL,5.58,0.71
2022-03-19,TX-400,494,Supplier E,9,0.051,2645,NY,1.97,0.87
2022-09-05,TX-400,203,Supplier C,22,0.034,563,FL,4.93,0.91
2021-02-19,TX-500,445,Supplier A,25,0.07,2489,FL,1.96,0.61
2021-12-26,TX-300,209,Supplier C,5,0.021,607,NY,4.58,0.89
2021-03-29,TX-400,314,Supplier C,23,0.085,1407,TX,2.0,0.76
2023-08-07,TX-300,284,Supplier A,12,0.019,1121,CA,3.79,0.2
2023-05-01,TX-200,395,Supplier E,29,0.042,2722,IL,2.35,0.04
2020-05-29,TX-400,248,Supplier A,5,0.021,3033,CA,5.4,0.01
2022-01-28,TX-300,82,Supplier B,22,0.062,3042,CA,3.31,0.59
2022-02-17,TX-200,457,Supplier C,1,0.048,4891,IL,1.57,0.52
2022-08-30,TX-500,138,Supplier B,25,0.037,3493,NY,4.33,0.7
2022-02-01,TX-400,144,Supplier A,13,0.048,2943,IL,3.5,0.84
2022-09-28,TX-500,270,Supplier A,17,0.042,765,NY,5.37,0.16
2023-11-17,TX-200,118,Supplier E,5,0.086,3743,NY,3.45,0.86
2023-09-01,TX-500,343,Supplier C,24,0.012,867,FL,3.35,0.1
2020-03-16,TX-500,286,Supplier D,29,0.079,2330,TX,3.54,0.88
2021-08-21,TX-100,444,Supplier A,18,0.066,483,FL,5.37,0.85
2023-07-17,TX-200,209,Supplier D,26,0.035,4220,TX,4.14,0.7
2020-08-12,TX-500,369,Supplier C,25,0.092,1437,NY,4.51,0.3
2020-04-22,TX-300,377,Supplier B,13,0.018,2185,FL,4.74,0.09
2020-09-07,TX-200,325,Supplier C,29,0.031,4497,CA,5.72,0.78
2023-06-10,TX-100,339,Supplier E,12,0.037,4142,IL,5.27,0.22
2022-04-20,TX-400,416,Supplier D,7,0.065,4159,IL,5.67,0.44
2021-12-14,TX-500,91,Supplier D,4,0.095,1492,IL,3.04,0.53
2023-01-11,TX-300,441,Supplier B,12,0.059,2247,TX,2.47,0.69
2020-05-04,TX-100,115,Supplier B,5,0.086,1511,IL,2.42,0.49
2023-04-13,TX-200,70,Supplier A,21,0.09,2806,TX,5.36,0.69
2022-12-28,TX-500,384,Supplier C,26,0.047,1915,TX,5.24,0.81
2022-12-06,TX-100,119,Supplier E,27,0.047,4250,TX,4.43,0.71
2022-06-02,TX-100,310,Supplier A,25,0.025,2731,CA,1.78,0.3
2023-07-03,TX-300,295,Supplier C,26,0.06,2274,NY,2.93,0.89
2020-01-30,TX-400,372,Supplier B,28,0.012,4151,CA,4.8,0.55
2020-10-07,TX-400,284,Supplier E,18,0.063,3492,NY,2.62,0.47
2022-07-12,TX-400,476,Supplier B,10,0.089,3567,CA,4.31,0.58
2023-06-14,TX-200,321,Supplier B,26,0.076,4348,TX,3.94,0.48
2023-06-25,TX-100,148,Supplier D,15,0.065,1272,NY,2.68,0.76
2021-01-02,TX-200,378,Supplier C,4,0.084,325,IL,5.7,0.42
2021-05-09,TX-100,84,Supplier A,11,0.073,2839,CA,2.66,0.78
2022-11-14,TX-300,388,Supplier D,16,0.053,1433,NY,5.53,0.76
2021-12-18,TX-300,220,Supplier C,1,0.052,518,IL,3.93,0.28
2022-10-13,TX-200,159,Supplier C,9,0.011,4710,FL,1.91,0.1
2023-08-30,TX-200,344,Supplier C,14,0.043,4484,TX,5.25,0.85
2021-08-28,TX-300,59,Supplier E,18,0.052,2348,CA,5.06,0.17
2021-01-09,TX-500,251,Supplier D,19,0.047,2814,CA,5.24,0.03
2021-09-30,TX-400,453,Supplier A,28,0.078,2916,FL,4.37,0.4
2022-11-14,TX-400,306,Supplier D,24,0.016,267,NY,4.7,0.25
2023-09-19,TX-300,311,Supplier B,16,0.079,1798,CA,5.58,0.22
2023-10-10,TX-400,230,Supplier C,18,0.074,1418,CA,2.07,0.17
2020-04-25,TX-500,479,Supplier B,18,0.09,3182,CA,1.87,0.75
2020-02-17,TX-500,115,Supplier D,12,0.037,2504,CA,2.06,0.78
2020-04-08,TX-100,343,Supplier A,12,0.018,2094,FL,5.42,0.05
2021-02-08,TX-200,210,Supplier B,15,0.076,2278,TX,4.03,0.55
2023-05-22,TX-400,116,Supplier B,21,0.059,4799,CA,2.29,0.14
2021-11-15,TX-500,149,Supplier E,20,0.071,3485,FL,2.14,0.5
2022-06-21,TX-200,126,Supplier D,2,0.1,210,IL,3.5,0.35
2021-05-17,TX-200,84,Supplier B,3,0.019,346,CA,5.17,0.2
2022-06-12,TX-100,94,Supplier D,26,0.041,4607,NY,5.12,0.95
2020-09-14,TX-200,199,Supplier A,6,0.019,2720,FL,5.33,0.96
2022-04-23,TX-200,117,Supplier B,2,0.086,4645,NY,4.96,0.56
2020-04-30,TX-300,303,Supplier A,8,0.002,2085,TX,1.78,0.19
2022-03-20,TX-100,66,Supplier B,7,0.014,1544,IL,4.74,0.58
2022-09-04,TX-100,310,Supplier C,28,0.025,1579,NY,3.84,0.93
2020-02-23,TX-400,262,Supplier E,17,0.077,2891,CA,4.77,0.38
2022-10-15,TX-200,362,Supplier E,20,0.063,4320,FL,3.68,0.14
2023-09-16,TX-400,305,Supplier E,13,0.039,3088,IL,3.68,0.69
2022-02-22,TX-500,265,Supplier A,19,0.016,2407,FL,2.07,0.66
2020-08-28,TX-200,400,Supplier D,27,0.032,634,IL,5.57,0.0
2021-04-27,TX-500,473,Supplier E,28,0.074,179,NY,3.19,0.85
2022-10-09,TX-300,335,Supplier B,4,0.038,4467,TX,4.12,0.66
2020-07-05,TX-200,475,Supplier B,2,0.046,3736,FL,2.43,0.2
2021-10-17,TX-400,56,Supplier C,9,0.061,501,CA,3.16,0.0
2020-09-18,TX-400,429,Supplier A,10,0.091,3224,FL,5.42,0.97
2022-08-10,TX-200,248,Supplier B,16,0.025,4467,TX,2.44,0.75
2023-10-19,TX-400,140,Supplier B,7,0.045,995,NY,2.43,0.37
2021-05-05,TX-200,196,Supplier C,8,0.031,3863,CA,2.67,0.43
2021-03-06,TX-100,474,Supplier C,7,0.047,4566,CA,4.09,0.54
2020-08-26,TX-400,467,Supplier D,19,0.07,3996,NY,3.84,0.72
2020-10-30,TX-200,199,Supplier D,27,0.048,2859,FL,2.29,0.17
2020-10-24,TX-200,101,Supplier D,1,0.083,2339,CA,4.61,0.2
2020-03-16,TX-400,292,Supplier B,3,0.055,1079,FL,5.58,0.05
2023-09-18,TX-100,268,Supplier C,29,0.039,3194,FL,2.39,0.99
2022-09-25,TX-400,55,Supplier A,15,0.078,1675,NY,4.53,0.88
2021-10-03,TX-200,158,Supplier D,8,0.043,4081,TX,4.14,0.55
2022-04-06,TX-100,400,Supplier E,25,0.052,1459,TX,2.98,0.43
2020-10-09,TX-500,458,Supplier B,8,0.099,1653,FL,4.28,0.24
2021-08-13,TX-300,115,Supplier A,20,0.079,2635,NY,2.44,0.59
2020-03-12,TX-400,59,Supplier B,4,0.086,1287,TX,5.25,0.69
2023-07-10,TX-200,251,Supplier D,25,0.059,4167,FL,1.6,0.69
2021-12-03,TX-100,331,Supplier B,2,0.035,1483,CA,4.05,0.01
2021-07-28,TX-100,438,Supplier D,13,0.099,3340,CA,2.93,0.7
2022-09-26,TX-500,263,Supplier B,14,0.024,2495,IL,5.47,0.87
2022-06-10,TX-400,117,Supplier D,5,0.087,4961,IL,3.75,0.11
2020-01-12,TX-100,296,Supplier C,15,0.091,3383,IL,5.11,0.76
2020-05-20,TX-500,403,Supplier C,22,0.082,2008,TX,5.66,0.82
2020-01-17,TX-200,376,Supplier C,27,0.011,2724,CA,3.0,0.28
2022-12-22,TX-500,99,Supplier C,9,0.085,2677,CA,5.46,0.71
2020-09-09,TX-400,66,Supplier C,13,0.066,3261,TX,4.77,0.1
2021-04-09,TX-500,60,Supplier E,11,0.068,1137,CA,1.99,0.65
2021-01-10,TX-100,358,Supplier B,8,0.079,118,CA,1.97,0.51
2022-09-07,TX-100,355,Supplier C,22,0.049,720,FL,5.18,0.85
2021-06-03,TX-300,441,Supplier E,18,0.027,3711,CA,3.61,0.45
2020-03-30,TX-500,173,Supplier E,11,0.057,4031,FL,3.73,0.43
2021-12-20,TX-200,274,Supplier B,12,0.011,1613,IL,5.51,0.93
2022-03-14,TX-400,293,Supplier B,22,0.067,2484,NY,5.57,0.93
2022-03-06,TX-300,367,Supplier D,12,0.048,2433,FL,2.01,0.04
2021-09-21,TX-500,381,Supplier D,16,0.05,4449,CA,3.18,0.49
2023-04-13,TX-200,428,Supplier C,1,0.019,2744,IL,5.53,0.16
2020-03-16,TX-300,395,Supplier A,19,0.004,3656,NY,5.19,0.27
2022-07-14,TX-100,78,Supplier D,22,0.061,1401,NY,4.74,0.67
2021-02-03,TX-400,407,Supplier A,8,0.066,3506,IL,1.96,0.13
2022-08-27,TX-500,406,Supplier D,20,0.05,3381,IL,4.3,0.01
2022-12-30,TX-200,415,Supplier E,7,0.077,737,NY,4.12,0.73
2023-04-18,TX-100,477,Supplier E,6,0.056,1363,NY,2.25,0.64
2023-02-21,TX-300,414,Supplier E,4,0.085,1018,CA,4.98,0.9
2023-11-05,TX-400,478,Supplier A,28,0.029,780,FL,2.9,0.54
2023-08-09,TX-300,334,Supplier C,18,0.024,2963,FL,4.29,0.95
2022-03-07,TX-300,108,Supplier D,2,0.026,572,NY,3.13,0.61
2020-07-13,TX-200,192,Supplier D,12,0.003,1892,NY,1.88,0.39
2020-08-15,TX-100,375,Supplier A,5,0.09,2843,TX,3.86,0.61
2023-12-25,TX-500,401,Supplier E,25,0.1,4424,NY,2.88,0.75
2023-12-30,TX-200,349,Supplier C,10,0.082,3579,FL,1.82,0.35
2021-04-05,TX-400,275,Supplier D,3,0.041,3570,CA,2.39,0.37
2021-09-09,TX-300,213,Supplier C,2,0.035,1807,TX,4.28,0.63
2022-11-10,TX-400,133,Supplier C,3,0.077,3764,FL,1.96,0.46
2020-03-04,TX-200,426,Supplier B,2,0.051,4244,CA,1.89,0.53
2020-06-13,TX-200,362,Supplier C,12,0.094,4922,TX,5.75,0.98
2020-01-27,TX-500,166,Supplier B,14,0.028,3111,TX,1.98,0.04
2023-08-27,TX-300,369,Supplier A,11,0.032,3266,TX,3.19,0.65
2022-10-08,TX-200,253,Supplier E,14,0.1,2265,TX,2.1,0.92
2020-10-11,TX-400,404,Supplier B,25,0.098,4805,TX,5.73,0.24
2020-10-07,TX-500,343,Supplier C,10,0.089,1197,TX,3.67,0.21
2022-04-17,TX-400,194,Supplier E,10,0.04,4232,IL,2.0,0.36
2022-04-10,TX-300,76,Supplier C,12,0.084,3501,CA,4.96,0.07
2023-04-02,TX-500,66,Supplier C,11,0.028,1549,FL,5.01,0.56
2022-07-06,TX-500,112,Supplier B,5,0.025,4382,NY,5.56,0.65
2020-08-11,TX-500,316,Supplier A,28,0.055,2606,FL,4.68,0.82
2022-02-22,TX-100,113,Supplier C,22,0.086,3138,IL,1.75,0.07
2023-03-15,TX-500,88,Supplier B,19,0.01,877,IL,3.98,0.44
2022-08-22,TX-400,179,Supplier C,18,0.057,1432,TX,3.23,0.78
2022-08-07,TX-400,164,Supplier E,18,0.061,1549,IL,4.87,0.77
2022-11-19,TX-300,499,Supplier A,26,0.058,3563,FL,4.16,0.07
2020-02-14,TX-200,487,Supplier C,2,0.022,2999,IL,4.76,0.01
2021-04-15,TX-200,462,Supplier A,15,0.006,4603,FL,2.31,0.78
2020-02-03,TX-100,94,Supplier A,8,0.089,4266,TX,3.47,0.14
2021-10-14,TX-500,265,Supplier E,26,0.057,2296,TX,3.44,0.58
2023-12-21,TX-100,137,Supplier E,26,0.077,1560,IL,5.91,0.09
2022-04-09,TX-300,385,Supplier D,13,0.036,3970,NY,1.59,0.3
2020-08-08,TX-300,464,Supplier A,29,0.004,1480,TX,5.17,0.16
2021-06-17,TX-200,226,Supplier C,27,0.026,3056,CA,1.94,0.74
2021-11-22,TX-300,314,Supplier E,2,0.007,1428,CA,1.86,0.67
2023-10-22,TX-500,460,Supplier C,2,0.008,1239,TX,2.98,0.14
2022-07-20,TX-400,489,Supplier A,23,0.021,4916,IL,4.65,0.06
2022-04-20,TX-300,154,Supplier E,19,0.063,3222,TX,4.55,0.47
2022-10-07,TX-100,430,Supplier D,6,0.082,1195,IL,4.33,0.2
2021-08-04,TX-500,383,Supplier A,18,0.082,4094,FL,4.99,0.01
2023-02-13,TX-300,350,Supplier C,23,0.094,1763,NY,2.55,0.26
2020-08-26,TX-300,220,Supplier D,2,0.066,2908,NY,4.35,0.22
2023-09-20,TX-500,157,Supplier A,20,0.002,2973,FL,4.37,0.68
2021-03-16,TX-300,455,Supplier E,0,0.038,4338,FL,4.44,0.86
2020-05-27,TX-400,404,Supplier A,11,0.011,1290,FL,4.18,0.24
2022-10-29,TX-200,210,Supplier B,20,0.078,3241,NY,2.5,0.22
2023-08-04,TX-500,332,Supplier C,5,0.012,3691,TX,5.61,0.39
2021-01-22,TX-100,89,Supplier E,6,0.011,1286,CA,5.89,0.17
2022-12-09,TX-300,75,Supplier E,1,0.003,1698,IL,4.6,0.95
2022-07-04,TX-200,132,Supplier B,17,0.096,3458,CA,3.5,0.24
2021-09-29,TX-100,222,Supplier D,29,0.079,3424,IL,3.92,0.09
2020-10-04,TX-100,222,Supplier E,24,0.033,805,NY,1.99,0.56
2022-09-15,TX-400,331,Supplier D,14,0.038,3980,TX,3.14,0.54
2023-08-16,TX-200,119,Supplier D,14,0.006,4452,CA,5.89,0.63
2021-08-11,TX-500,372,Supplier D,9,0.016,2989,FL,3.96,0.97
2021-10-10,TX-200,55,Supplier A,16,0.031,1629,FL,4.02,0.32
2021-09-09,TX-200,333,Supplier B,17,0.039,4815,FL,5.79,0.36
2020-05-14,TX-100,244,Supplier C,17,0.062,4063,CA,5.49,0.34
2021-08-02,TX-400,62,Supplier B,28,0.035,1948,TX,4.06,0.63
2023-03-16,TX-400,112,Supplier E,14,0.095,3676,TX,2.71,0.6
2021-05-04,TX-200,62,Supplier B,25,0.034,1646,FL,2.03,0.53
2021-04-22,TX-200,298,Supplier C,22,0.094,3901,CA,5.39,0.36
2023-03-28,TX-300,254,Supplier A,5,0.073,2706,FL,5.64,0.43
2021-01-18,TX-100,434,Supplier E,8,0.09,4133,IL,3.72,0.79
2020-06-11,TX-500,302,Supplier A,10,0.07,444,IL,1.93,0.61
2021-03-16,TX-500,89,Supplier E,14,0.057,2526,CA,4.23,0.72
2023-04-27,TX-400,214,Supplier C,22,0.051,4327,IL,3.15,0.28
2021-02-18,TX-100,80,Supplier A,2,0.029,1334,NY,2.21,0.91
2023-09-24,TX-400,66,Supplier C,18,0.03,4912,NY,5.64,0.04
2023-04-19,TX-500,186,Supplier C,0,0.022,1718,NY,2.58,0.6
2020-10-14,TX-200,414,Supplier B,23,0.039,4272,IL,4.7,0.81
2020-07-05,TX-100,369,Supplier E,16,0.013,1263,TX,3.43,0.87
2023-03-07,TX-100,362,Supplier D,10,0.039,3299,NY,5.23,0.32
2020-05-09,TX-300,446,Supplier D,29,0.083,853,FL,4.65,0.46
2020-07-12,TX-200,214,Supplier A,17,0.087,1690,TX,2.05,0.03
2020-11-11,TX-200,447,Supplier C,10,0.064,4262,CA,3.52,0.79
2020-05-23,TX-400,330,Supplier B,27,0.026,4667,IL,2.67,0.12
2020-01-16,TX-100,272,Supplier E,6,0.024,4346,FL,4.71,0.43
2023-08-18,TX-400,171,Supplier A,0,0.028,4199,CA,3.95,0.99
2021-02-26,TX-200,127,Supplier C,11,0.05,3189,IL,3.03,0.92
2020-09-01,TX-300,362,Supplier D,3,0.098,2671,IL,2.98,0.33
2022-07-15,TX-100,376,Supplier D,24,0.011,4451,FL,2.02,0.22
2023-02-04,TX-200,137,Supplier E,7,0.05,3206,IL,2.46,0.25
2023-01-16,TX-300,162,Supplier E,14,0.068,4785,IL,4.71,0.68
2020-05-08,TX-500,149,Supplier E,10,0.025,1986,IL,4.24,0.73
2022-06-25,TX-200,475,Supplier A,29,0.097,4518,TX,3.1,0.22
2022-06-05,TX-500,475,Supplier E,28,0.035,4648,NY,5.26,0.24
2020-12-06,TX-400,352,Supplier A,7,0.093,4003,FL,3.68,0.32
2020-01-04,TX-500,421,Supplier B,11,0.06,3008,TX,5.07,0.43
2023-09-12,TX-200,477,Supplier C,2,0.0,4554,FL,5.02,0.92
2023-12-04,TX-500,474,Supplier D,20,0.031,4228,TX,5.32,0.03
2020-11-01,TX-100,436,Supplier A,3,0.002,1451,IL,5.32,0.64
2022-06-26,TX-200,288,Supplier C,26,0.038,535,IL,4.56,0.86
2021-08-29,TX-300,395,Supplier E,11,0.093,3590,TX,4.87,0.72
2023-06-02,TX-500,160,Supplier D,7,0.078,4087,IL,5.0,0.22
2023-10-03,TX-100,139,Supplier A,26,0.062,2960,NY,2.26,0.48
2022-09-18,TX-400,434,Supplier E,22,0.054,4272,FL,2.85,0.91
2020-11-16,TX-400,188,Supplier C,29,0.037,1173,IL,1.97,0.12
2021-07-12,TX-500,184,Supplier B,22,0.021,2589,CA,2.35,0.99
2023-04-19,TX-400,61,Supplier C,9,0.006,769,TX,5.0,0.14
2021-09-09,TX-300,293,Supplier A,25,0.019,562,TX,5.76,0.14
2021-12-11,TX-200,471,Supplier B,22,0.035,476,IL,4.53,0.81
2023-11-10,TX-100,231,Supplier B,0,0.052,2693,TX,5.49,0.83
2023-02-05,TX-500,244,Supplier E,12,0.02,535,CA,2.93,0.04
2021-06-14,TX-400,411,Supplier C,6,0.097,1120,TX,5.31,0.17
2021-02-13,TX-200,171,Supplier A,19,0.008,823,CA,3.02,0.95
2023-08-12,TX-300,102,Supplier B,27,0.009,3039,TX,5.52,0.28
2022-03-28,TX-400,465,Supplier E,2,0.068,2302,TX,5.09,0.01
2023-04-09,TX-400,405,Supplier B,28,0.076,4464,CA,5.93,0.25
2023-09-16,TX-100,222,Supplier C,15,0.097,3723,FL,5.22,0.74
2021-05-07,TX-300,228,Supplier D,11,0.053,2307,NY,3.29,0.92
2023-05-03,TX-300,342,Supplier A,28,0.017,4315,CA,2.0,0.16
2020-01-12,TX-500,424,Supplier D,4,0.094,3485,NY,5.43,0.22
2020-07-13,TX-100,108,Supplier C,17,0.098,2193,TX,4.07,0.44
2021-05-04,TX-500,103,Supplier D,7,0.092,2616,FL,5.36,0.75
2022-03-05,TX-100,451,Supplier C,11,0.087,3553,CA,3.24,0.66
2022-05-30,TX-300,306,Supplier C,27,0.008,2769,FL,1.63,0.33
2020-06-30,TX-100,294,Supplier E,24,0.085,4126,CA,1.74,0.07
2022-08-19,TX-100,198,Supplier D,20,0.095,1244,IL,4.52,0.25
2021-10-17,TX-100,333,Supplier B,2,0.055,3108,CA,2.02,0.22
2023-09-01,TX-200,417,Supplier C,15,0.077,1412,NY,4.85,0.02
2021-11-24,TX-200,65,Supplier D,9,0.066,2659,IL,3.39,0.98
2020-01-30,TX-300,225,Supplier B,22,0.029,3729,TX,4.03,0.26
2023-01-24,TX-100,77,Supplier A,16,0.059,4761,CA,5.11,0.84
2023-11-05,TX-300,455,Supplier B,9,0.089,1127,NY,2.64,0.48
2022-02-16,TX-200,417,Supplier D,2,0.05,4186,TX,3.36,0.97
2021-03-19,TX-100,178,Supplier D,24,0.059,2036,NY,4.78,0.15
2020-10-24,TX-500,272,Supplier B,1,0.053,4947,TX,5.63,0.11
2022-03-18,TX-200,421,Supplier B,26,0.028,1715,CA,2.81,0.0
2022-04-24,TX-200,293,Supplier C,13,0.064,4396,FL,4.3,0.72
2022-10-12,TX-200,475,Supplier D,8,0.051,4451,TX,5.78,0.31
2023-10-16,TX-100,403,Supplier C,26,0.023,298,FL,4.42,0.87
2023-10-29,TX-400,287,Supplier C,16,0.09,2220,TX,5.52,0.63
2021-07-07,TX-500,281,Supplier A,3,0.095,1050,FL,5.73,0.58
2020-10-29,TX-500,375,Supplier D,27,0.006,2835,CA,5.68,0.49
2021-02-24,TX-300,141,Supplier C,25,0.062,2366,NY,4.91,0.26
2023-06-23,TX-100,52,Supplier A,28,0.042,1859,CA,3.98,0.06
2023-06-14,TX-200,130,Supplier C,21,0.053,1556,TX,1.94,0.44
2020-07-03,TX-400,93,Supplier C,14,0.037,506,IL,2.5,0.1
2021-04-12,TX-100,204,Supplier D,12,0.047,894,NY,2.65,0.91
2022-01-23,TX-100,484,Supplier B,22,0.032,2940,FL,1.65,0.83
2020-12-28,TX-400,73,Supplier B,18,0.012,1216,NY,1.96,0.62
2023-07-30,TX-200,453,Supplier D,8,0.03,1203,NY,2.83,0.45
2020-12-01,TX-100,465,Supplier B,3,0.067,4287,CA,1.91,0.45
2020-06-10,TX-500,148,Supplier E,20,0.005,2679,TX,2.26,0.46
2023-03-29,TX-500,446,Supplier B,7,0.038,2230,CA,1.74,0.75
2023-09-07,TX-400,417,Supplier C,27,0.004,4605,TX,3.37,0.13
2020-01-12,TX-200,220,Supplier C,14,0.036,2591,IL,5.2,0.53
2023-12-18,TX-400,197,Supplier A,13,0.009,2277,CA,5.16,0.81
2023-01-01,TX-100,172,Supplier D,2,0.034,4966,IL,5.57,0.51
2021-08-10,TX-500,161,Supplier A,23,0.084,4042,TX,4.86,0.01
2020-07-19,TX-300,179,Supplier C,29,0.061,4379,NY,2.6,0.24
2021-06-05,TX-400,117,Supplier C,29,0.068,2812,IL,4.66,0.67
2021-05-19,TX-300,396,Supplier A,26,0.05,464,IL,4.89,0.93
2022-02-26,TX-300,365,Supplier E,16,0.092,295,TX,3.94,0.89
2022-11-28,TX-500,266,Supplier B,7,0.054,4405,TX,5.13,0.82
2020-02-29,TX-400,437,Supplier E,13,0.01,4330,CA,1.82,0.95
2021-07-31,TX-300,429,Supplier E,12,0.093,4789,CA,4.18,0.28
2020-11-16,TX-100,145,Supplier E,14,0.013,3754,TX,3.66,0.01
2023-12-29,TX-200,194,Supplier E,10,0.1,4699,IL,5.12,0.35
2023-12-02,TX-200,434,Supplier B,26,0.044,4672,FL,2.08,0.58
2022-07-11,TX-500,82,Supplier D,14,0.007,4639,CA,2.46,0.32
2023-11-10,TX-400,335,Supplier A,11,0.086,2831,TX,4.01,0.04
2021-07-22,TX-400,54,Supplier E,25,0.009,2270,FL,5.76,0.51
2023-01-06,TX-200,167,Supplier E,23,0.017,2085,FL,1.87,0.2
2023-05-02,TX-100,189,Supplier A,21,0.042,2641,FL,4.85,0.73
2023-08-01,TX-200,279,Supplier A,20,0.068,4090,FL,2.42,0.09
2021-06-10,TX-200,209,Supplier D,8,0.012,4585,NY,1.97,0.96
2021-06-07,TX-400,343,Supplier C,21,0.062,2210,CA,3.28,0.88
2021-09-04,TX-300,298,Supplier D,14,0.078,4065,FL,4.12,0.87
2023-03-25,TX-100,322,Supplier C,0,0.012,3580,FL,5.22,0.79
2023-09-25,TX-400,235,Supplier B,11,0.065,2667,TX,4.36,0.63
2020-05-04,TX-200,414,Supplier D,5,0.096,4440,TX,3.71,0.05
2022-05-20,TX-300,89,Supplier B,0,0.097,4479,NY,2.79,0.66
2020-10-06,TX-100,273,Supplier A,21,0.016,3992,FL,2.82,0.75
2022-07-05,TX-500,201,Supplier D,18,0.076,2011,NY,4.97,0.13
2021-09-13,TX-100,189,Supplier A,21,0.085,810,TX,2.01,0.62
2022-04-25,TX-100,416,Supplier E,12,0.089,4190,CA,2.16,0.48
2021-11-04,TX-200,177,Supplier A,5,0.032,1690,IL,4.74,0.47
2023-02-25,TX-200,400,Supplier E,16,0.027,4850,IL,5.82,0.2
2020-11-09,TX-500,196,Supplier C,12,0.005,1440,NY,2.04,0.74
2020-11-27,TX-500,334,Supplier E,8,0.04,921,TX,4.24,0.93
2023-03-19,TX-500,267,Supplier C,7,0.012,2344,IL,2.58,0.79
2020-02-05,TX-400,485,Supplier E,14,0.079,4480,FL,1.62,0.37
2023-12-14,TX-400,269,Supplier E,17,0.014,1716,CA,5.25,0.98
2022-11-11,TX-200,194,Supplier B,1,0.082,3280,TX,3.79,0.36
2020-07-24,TX-200,378,Supplier B,20,0.011,3966,NY,1.61,0.23
2021-09-30,TX-500,326,Supplier A,25,0.048,4310,TX,5.53,0.97
2022-04-27,TX-400,291,Supplier B,1,0.038,852,CA,3.91,0.79
2023-10-11,TX-300,109,Supplier C,10,0.06,2031,TX,4.82,0.76
2021-03-15,TX-400,147,Supplier B,0,0.052,2653,NY,3.41,0.08
2021-12-29,TX-200,380,Supplier A,17,0.06,430,FL,2.33,0.19
2023-01-24,TX-400,424,Supplier D,20,0.0,3143,TX,3.6,0.02
2022-07-29,TX-200,453,Supplier C,26,0.013,4149,NY,2.79,0.78
2020-06-12,TX-500,418,Supplier D,25,0.052,766,FL,2.84,0.28
2020-05-27,TX-500,230,Supplier C,29,0.023,3486,IL,4.4,0.13
2020-10-20,TX-500,163,Supplier A,6,0.008,4777,TX,1.92,0.18
2020-07-13,TX-300,152,Supplier B,20,0.022,790,FL,3.29,0.64
2021-10-24,TX-300,385,Supplier D,16,0.078,1803,IL,3.96,0.43
2021-04-24,TX-200,368,Supplier D,15,0.054,3177,TX,4.69,0.94
2020-05-02,TX-100,106,Supplier B,6,0.019,4966,TX,4.35,0.37
2023-11-24,TX-300,334,Supplier A,21,0.002,4477,CA,5.49,0.83
2021-11-29,TX-200,178,Supplier B,6,0.036,2437,TX,5.97,0.55
2022-08-22,TX-400,429,Supplier E,1,0.036,2352,TX,5.72,0.71
2021-10-22,TX-500,364,Supplier E,4,0.074,3051,FL,4.94,0.17
2023-02-01,TX-500,497,Supplier E,13,0.092,2479,NY,4.59,0.75
2021-12-10,TX-500,135,Supplier D,7,0.037,1356,CA,1.66,0.09
2021-01-30,TX-200,249,Supplier D,28,0.069,131,TX,3.9,0.69
2022-06-30,TX-500,120,Supplier A,11,0.063,291,FL,4.49,0.47
2023-09-22,TX-300,394,Supplier C,6,0.042,4602,FL,3.36,0.23
2022-10-01,TX-400,147,Supplier B,5,0.007,2750,NY,3.23,0.48
2023-03-11,TX-500,349,Supplier C,12,0.047,2182,IL,3.94,0.86
2020-11-12,TX-200,225,Supplier D,21,0.035,4069,TX,5.58,0.15
2023-11-25,TX-400,282,Supplier B,11,0.055,2479,IL,2.67,0.17
2021-11-11,TX-500,421,Supplier D,16,0.013,4212,NY,3.3,0.53
2023-08-26,TX-100,124,Supplier A,15,0.072,953,FL,4.44,0.63
2021-05-09,TX-500,192,Supplier B,0,0.079,2156,IL,2.34,0.42
2021-07-09,TX-300,468,Supplier D,6,0.039,1401,NY,5.26,0.27
2021-09-01,TX-400,72,Supplier E,2,0.018,1927,IL,4.5,0.07
2020-04-18,TX-300,230,Supplier E,5,0.062,4362,FL,3.09,0.05
2021-01-06,TX-100,94,Supplier D,27,0.096,1716,TX,4.75,0.04
2022-05-04,TX-100,141,Supplier C,20,0.07,4222,CA,2.76,0.9
2021-09-07,TX-300,318,Supplier A,2,0.012,217,FL,4.99,0.13
2022-02-06,TX-400,83,Supplier A,21,0.04,2886,IL,1.82,0.3
2020-07-24,TX-100,215,Supplier D,2,0.092,2499,TX,3.42,0.99
2022-04-26,TX-100,119,Supplier A,7,0.063,1396,CA,2.68,0.93
2020-02-12,TX-500,413,Supplier B,13,0.015,416,NY,5.18,0.04
2022-05-14,TX-200,245,Supplier A,22,0.072,3700,TX,4.89,0.55
2023-06-22,TX-100,182,Supplier E,8,0.035,1819,FL,5.29,0.63
2023-08-03,TX-400,296,Supplier D,4,0.049,1171,IL,4.43,0.05
2023-10-10,TX-400,431,Supplier B,27,0.042,1139,CA,5.08,0.73
2022-02-23,TX-500,217,Supplier A,14,0.073,1593,TX,3.47,0.99
2021-04-20,TX-400,326,Supplier E,16,0.022,3876,CA,4.55,0.43
2020-03-23,TX-500,205,Supplier C,26,0.039,1406,CA,1.64,0.45
2023-02-07,TX-100,436,Supplier A,9,0.074,2161,TX,5.46,0.66
2020-07-08,TX-100,72,Supplier E,26,0.07,1471,IL,4.58,0.74
2022-03-10,TX-100,249,Supplier E,7,0.02,466,NY,5.4,0.79
2022-07-24,TX-100,324,Supplier E,17,0.035,4423,TX,4.97,0.08
2020-09-07,TX-200,99,Supplier E,5,0.001,1751,NY,2.79,0.8
2020-10-17,TX-200,235,Supplier C,16,0.053,3544,CA,2.73,0.86
2023-05-09,TX-100,69,Supplier D,21,0.028,3989,CA,5.1,0.05
2020-11-21,TX-400,165,Supplier E,3,0.001,835,IL,2.33,0.04
2023-12-03,TX-500,141,Supplier D,20,0.042,3712,TX,2.0,0.55
2022-04-16,TX-300,398,Supplier C,14,0.093,4148,TX,1.57,0.5
2021-05-22,TX-500,388,Supplier C,9,0.092,3576,FL,2.84,0.98
2021-12-31,TX-300,102,Supplier B,22,0.037,3231,IL,1.95,0.29
2020-03-12,TX-300,172,Supplier B,12,0.045,966,TX,5.11,0.59
2023-06-24,TX-100,390,Supplier E,21,0.024,759,CA,3.68,0.51
2021-10-02,TX-300,387,Supplier D,0,0.007,3223,IL,2.64,0.54
2022-07-28,TX-100,314,Supplier C,24,0.069,1959,FL,4.21,0.66
2021-08-30,TX-200,53,Supplier A,21,0.08,2465,FL,1.82,0.54
2021-07-19,TX-400,218,Supplier B,21,0.088,3832,CA,4.77,0.01
2023-09-29,TX-300,330,Supplier B,8,0.094,4811,TX,3.76,0.84
2020-02-23,TX-400,339,Supplier A,27,0.092,588,CA,1.53,0.2
2021-06-11,TX-100,122,Supplier D,25,0.003,4846,FL,2.94,0.23
2021-09-02,TX-300,186,Supplier D,4,0.098,2079,IL,4.88,0.65
2020-07-11,TX-500,387,Supplier D,10,0.038,2831,TX,2.35,0.48
2020-02-27,TX-200,305,Supplier E,21,0.089,2271,CA,5.83,0.57
2023-02-08,TX-200,190,Supplier E,21,0.044,805,TX,5.53,0.5
2020-05-08,TX-300,442,Supplier A,22,0.042,4654,IL,5.0,0.42
2021-12-06,TX-200,257,Supplier C,24,0.001,4872,FL,1.85,0.48
2022-05-01,TX-500,309,Supplier A,20,0.005,4098,CA,3.09,0.14
2023-09-11,TX-400,467,Supplier C,20,0.067,1511,FL,2.84,0.97
2020-01-08,TX-500,312,Supplier A,3,0.094,2793,CA,2.12,0.57
2020-01-29,TX-200,320,Supplier E,25,0.022,277,TX,6.0,0.29
2023-02-09,TX-400,87,Supplier D,19,0.009,1458,NY,2.16,0.71
2022-08-04,TX-500,252,Supplier B,15,0.021,4731,CA,2.92,0.88
2020-05-10,TX-100,273,Supplier A,27,0.021,3701,CA,5.46,0.3
2020-07-06,TX-100,396,Supplier A,23,0.029,4032,FL,2.15,0.32
2021-12-09,TX-400,101,Supplier B,28,0.009,1795,NY,3.61,0.44
2023-10-19,TX-400,130,Supplier A,17,0.024,3393,NY,5.89,0.22
2023-05-12,TX-400,405,Supplier D,25,0.092,1737,NY,2.61,0.81
2020-07-30,TX-100,260,Supplier B,7,0.089,3005,NY,4.66,0.58
2020-10-02,TX-500,56,Supplier B,1,0.032,2475,IL,1.86,0.06
2023-01-01,TX-400,412,Supplier D,16,0.1,4796,TX,4.2,1.0
2020-08-30,TX-100,94,Supplier D,9,0.03,4865,CA,3.03,0.57
2023-01-30,TX-400,364,Supplier B,12,0.072,3585,TX,4.65,0.89
2022-09-13,TX-400,427,Supplier D,14,0.064,2919,TX,3.45,0.5
2021-11-15,TX-400,326,Supplier D,8,0.006,2436,TX,2.85,0.58
2020-06-19,TX-100,461,Supplier D,26,0.034,3520,TX,3.96,0.45
2021-10-14,TX-500,308,Supplier B,7,0.095,1189,IL,2.13,0.42
2020-07-06,TX-100,191,Supplier A,5,0.005,2261,FL,5.16,0.22
2023-01-14,TX-100,307,Supplier C,3,0.017,4024,IL,4.88,0.96
2020-02-21,TX-400,334,Supplier B,17,0.097,1927,CA,3.95,0.18
2020-04-20,TX-300,451,Supplier C,23,0.004,1719,NY,3.15,0.53
2022-05-26,TX-300,86,Supplier D,2,0.045,2423,FL,5.62,0.09
2022-12-02,TX-300,478,Supplier D,25,0.092,3032,CA,4.36,0.99
2020-07-29,TX-100,94,Supplier A,3,0.094,885,NY,2.78,0.56
2023-05-08,TX-400,457,Supplier D,20,0.098,4036,IL,5.13,0.81
2022-05-07,TX-300,169,Supplier C,12,0.048,3061,TX,4.36,0.56
2021-09-18,TX-200,95,Supplier B,19,0.009,3158,CA,2.07,0.8
2022-11-15,TX-200,189,Supplier B,10,0.077,3762,TX,2.01,0.53
2020-10-25,TX-200,102,Supplier A,7,0.071,3814,TX,5.72,0.44
2023-01-05,TX-500,350,Supplier C,24,0.058,4950,TX,2.8,0.46
2022-07-12,TX-400,337,Supplier D,13,0.089,4675,FL,4.49,0.0
2020-05-16,TX-100,323,Supplier E,13,0.091,3597,NY,1.66,0.37
2022-11-09,TX-100,318,Supplier A,15,0.068,116,TX,4.0,0.95
2021-03-15,TX-400,437,Supplier A,13,0.011,4242,CA,2.54,0.68
2020-07-29,TX-500,328,Supplier E,0,0.01,4587,FL,2.13,0.92
2022-01-21,TX-400,111,Supplier B,1,0.041,1163,NY,4.98,0.2
2021-03-10,TX-500,103,Supplier B,27,0.029,1015,CA,5.14,0.49
2022-02-18,TX-300,488,Supplier B,19,0.013,4015,FL,4.72,0.03
2023-05-15,TX-300,118,Supplier E,0,0.061,1791,FL,1.55,0.68
2021-03-14,TX-500,291,Supplier D,10,0.068,383,NY,2.78,0.78
2021-10-27,TX-400,473,Supplier D,5,0.07,3105,TX,3.12,0.75
2022-12-01,TX-300,319,Supplier C,14,0.018,3501,CA,4.61,0.09
2021-02-14,TX-400,301,Supplier C,11,0.031,1849,IL,4.9,0.25
2022-03-16,TX-300,403,Supplier B,4,0.02,1477,TX,4.33,0.66
2021-09-01,TX-400,333,Supplier E,28,0.06,1932,IL,5.05,0.76
2021-03-02,TX-400,400,Supplier A,22,0.057,4946,CA,3.42,0.27
2023-07-22,TX-200,120,Supplier D,11,0.05,3225,IL,3.94,0.41
2022-06-20,TX-500,372,Supplier E,21,0.03,3953,IL,1.79,0.35
2022-07-30,TX-100,462,Supplier C,13,0.024,3476,NY,3.42,0.0
2022-01-11,TX-500,149,Supplier D,13,0.089,2466,NY,3.45,0.58
2023-10-24,TX-400,110,Supplier D,18,0.005,4916,NY,4.25,0.67
2023-05-28,TX-400,152,Supplier E,4,0.066,1168,IL,3.2,0.28
2023-06-09,TX-500,442,Supplier C,2,0.002,2509,IL,2.57,0.69
2020-11-23,TX-400,168,Supplier E,24,0.019,4202,FL,2.57,0.24
2020-02-21,TX-300,66,Supplier A,17,0.029,4155,FL,2.1,0.72
2021-01-10,TX-400,354,Supplier D,5,0.089,3360,NY,4.65,0.46
2020-09-19,TX-500,240,Supplier E,8,0.014,2602,FL,4.3,0.87
2020-09-23,TX-500,261,Supplier E,25,0.094,4737,TX,4.11,0.54
2020-12-24,TX-500,127,Supplier A,6,0.082,468,FL,3.89,0.18
2023-09-02,TX-200,95,Supplier E,20,0.068,4874,FL,3.15,0.82
2023-09-09,TX-200,142,Supplier D,17,0.041,2533,TX,4.96,0.78
2021-10-13,TX-200,426,Supplier B,1,0.091,4878,TX,5.65,0.08
2023-12-15,TX-200,62,Supplier B,19,0.053,495,CA,3.48,0.05
2020-02-15,TX-200,277,Supplier C,9,0.037,639,IL,3.34,0.14
2021-08-22,TX-200,350,Supplier A,11,0.059,2767,IL,2.23,0.85
2021-12-20,TX-200,486,Supplier C,1,0.023,1270,NY,4.52,0.32
2023-07-16,TX-500,66,Supplier B,27,0.027,1407,CA,4.01,0.5
2021-08-23,TX-100,352,Supplier A,12,0.092,3775,CA,5.95,0.6
2021-01-15,TX-200,111,Supplier E,28,0.079,1630,CA,4.13,0.74
2020-04-27,TX-500,483,Supplier E,7,0.051,1597,CA,2.8,0.83
2020-04-25,TX-100,92,Supplier D,25,0.042,3913,FL,4.03,0.52
2020-09-16,TX-200,117,Supplier B,22,0.081,2857,CA,5.93,0.42
2023-01-03,TX-100,429,Supplier E,6,0.057,4771,NY,4.76,0.2
2020-10-31,TX-100,261,Supplier A,2,0.042,3006,IL,2.08,0.61
2020-01-07,TX-300,252,Supplier E,22,0.052,984,CA,3.04,0.55
2020-12-31,TX-400,263,Supplier C,7,0.023,602,IL,2.84,0.29
2021-06-06,TX-300,158,Supplier C,20,0.02,3084,TX,5.36,0.45
2023-10-03,TX-100,333,Supplier C,0,0.099,4245,NY,4.25,0.74
2023-05-23,TX-500,478,Supplier C,14,0.097,3693,TX,5.15,0.63
2021-03-04,TX-200,474,Supplier C,0,0.042,2093,CA,2.29,0.48
2022-03-01,TX-400,143,Supplier D,11,0.052,324,FL,5.59,0.27
2022-01-16,TX-200,274,Supplier C,10,0.083,2229,FL,1.76,0.67
2021-01-01,TX-500,274,Supplier D,15,0.073,2329,NY,3.19,0.63
2020-11-08,TX-400,288,Supplier D,29,0.01,621,CA,1.56,0.46
2021-06-21,TX-300,167,Supplier E,3,0.037,3531,CA,2.33,0.24
2022-07-09,TX-100,469,Supplier A,1,0.025,3075,CA,5.83,0.17
2022-12-13,TX-500,140,Supplier C,22,0.099,4430,CA,1.85,0.34
2022-05-14,TX-100,389,Supplier A,28,0.075,1590,NY,2.15,0.91
2023-04-02,TX-100,338,Supplier B,2,0.005,4942,NY,5.66,0.75
2022-02-20,TX-200,330,Supplier D,27,0.09,2693,NY,4.7,0.89
2020-11-29,TX-500,68,Supplier B,3,0.093,4238,FL,3.33,0.84
2022-03-08,TX-100,224,Supplier D,24,0.033,4577,CA,1.81,0.46
2020-12-13,TX-300,155,Supplier C,17,0.064,1256,TX,5.03,0.53
2020-09-29,TX-400,338,Supplier B,11,0.068,4598,IL,3.72,0.17
2022-08-20,TX-500,297,Supplier E,23,0.073,3541,NY,2.95,0.72
2021-12-20,TX-200,372,Supplier B,0,0.069,4249,NY,3.12,0.42
2023-12-08,TX-500,191,Supplier D,2,0.056,753,FL,3.77,0.16
2021-05-14,TX-200,466,Supplier D,3,0.095,2708,FL,3.98,0.1
2023-01-21,TX-400,347,Supplier A,29,0.051,4974,IL,5.18,0.7
2021-11-15,TX-300,242,Supplier B,5,0.011,258,FL,4.97,0.48
2020-03-19,TX-100,400,Supplier E,16,0.008,237,NY,4.95,0.01
2021-09-13,TX-500,352,Supplier C,29,0.002,632,CA,4.78,0.82
2023-05-25,TX-200,340,Supplier A,7,0.043,3473,CA,4.91,0.62
2022-08-04,TX-400,422,Supplier B,17,0.027,814,FL,4.55,0.04
2020-12-23,TX-100,465,Supplier A,15,0.09,3790,IL,5.41,0.3
2021-09-09,TX-400,488,Supplier B,20,0.087,3245,CA,4.01,0.72
2021-05-21,TX-300,487,Supplier C,5,0.084,2424,NY,3.84,0.06
2023-04-19,TX-100,381,Supplier C,23,0.087,520,CA,4.66,0.74
2021-07-29,TX-100,484,Supplier E,18,0.03,3144,IL,2.25,0.5
2023-06-23,TX-100,257,Supplier A,27,0.043,2204,FL,5.0,0.78
2020-08-31,TX-200,492,Supplier E,24,0.031,4764,TX,5.71,0.86
2021-05-20,TX-100,297,Supplier B,27,0.009,4264,CA,2.83,0.77
2021-02-25,TX-400,191,Supplier C,20,0.092,3369,NY,4.25,0.08
2023-09-05,TX-200,451,Supplier C,7,0.062,1275,IL,1.65,0.46
2023-01-15,TX-100,433,Supplier D,3,0.013,819,CA,4.95,0.32
2020-08-04,TX-400,360,Supplier D,27,0.021,4383,TX,4.02,0.51
2023-07-25,TX-400,271,Supplier E,8,0.045,1786,FL,4.53,0.97
2022-10-05,TX-500,274,Supplier A,7,0.005,3218,CA,2.14,0.12
2023-04-07,TX-400,403,Supplier B,20,0.027,3671,IL,5.14,0.87
2020-11-25,TX-300,233,Supplier E,18,0.07,279,CA,2.65,0.99
2021-10-11,TX-100,413,Supplier C,0,0.092,1872,FL,4.58,0.99
2021-01-25,TX-100,354,Supplier C,20,0.093,107,IL,4.17,0.8
2021-01-15,TX-100,237,Supplier C,20,0.052,4355,TX,4.44,0.47
2023-08-22,TX-400,162,Supplier B,3,0.031,2617,NY,1.73,0.18
2022-01-11,TX-400,230,Supplier E,9,0.092,4200,FL,4.84,0.61
2022-03-30,TX-100,248,Supplier B,25,0.079,2987,CA,5.08,0.61
2021-11-03,TX-200,439,Supplier C,7,0.059,4576,TX,3.64,0.32
2021-05-27,TX-200,119,Supplier D,2,0.083,2102,IL,3.34,0.62
2022-08-06,TX-300,135,Supplier E,11,0.046,3855,IL,3.04,0.12
2023-04-26,TX-500,441,Supplier D,25,0.011,1072,IL,5.68,0.63
2022-07-18,TX-300,448,Supplier E,8,0.094,4499,CA,4.9,0.9
2022-07-01,TX-100,459,Supplier C,2,0.053,2920,FL,4.64,0.47
2021-10-05,TX-100,88,Supplier D,3,0.07,3135,TX,5.67,0.76
2021-03-02,TX-100,180,Supplier D,5,0.039,3842,IL,3.07,0.64
2021-05-16,TX-500,490,Supplier E,8,0.014,4467,NY,4.34,0.0
2021-12-30,TX-400,59,Supplier D,25,0.027,4318,FL,4.59,0.12
2023-07-07,TX-500,52,Supplier D,1,0.004,4706,TX,5.98,0.77
2020-03-11,TX-300,351,Supplier C,1,0.009,2426,TX,3.42,0.04
2021-04-22,TX-400,199,Supplier E,17,0.02,3538,IL,3.3,0.96
2023-04-16,TX-400,116,Supplier E,20,0.056,2938,NY,1.88,0.89
2021-04-01,TX-300,242,Supplier A,21,0.099,4915,IL,1.94,0.36
2020-07-07,TX-400,146,Supplier E,2,0.084,1973,FL,3.8,0.31
2020-10-17,TX-200,68,Supplier C,2,0.009,496,CA,2.27,0.61
2022-07-08,TX-300,367,Supplier D,17,0.084,2448,FL,1.83,0.61
2020-10-18,TX-300,147,Supplier A,26,0.054,3565,NY,5.84,0.09
2022-01-25,TX-200,106,Supplier D,5,0.066,4798,CA,5.78,0.22
2023-07-30,TX-500,400,Supplier E,0,0.013,4411,TX,2.96,0.64
2021-01-11,TX-500,156,Supplier B,24,0.04,100,IL,5.05,0.8
2023-03-25,TX-500,137,Supplier D,14,0.088,1294,FL,5.43,0.19
2021-05-22,TX-400,190,Supplier E,10,0.043,3140,IL,3.59,0.7
2023-12-07,TX-200,193,Supplier C,9,0.013,1199,FL,2.51,0.87
2021-06-11,TX-300,449,Supplier E,3,0.031,3651,IL,2.08,0.12
2023-10-10,TX-300,420,Supplier A,13,0.022,2771,CA,2.13,0.44
2021-07-12,TX-300,424,Supplier B,1,0.069,861,IL,5.09,0.85
2023-04-25,TX-400,101,Supplier B,12,0.091,4462,NY,3.23,0.37
2022-11-20,TX-400,261,Supplier B,15,0.073,195,NY,4.62,0.27
2020-09-16,TX-500,90,Supplier C,11,0.084,4116,IL,3.92,0.75
2021-02-24,TX-400,353,Supplier B,21,0.081,2900,TX,3.28,0.4
2020-10-30,TX-500,140,Supplier D,4,0.001,1673,NY,2.06,0.71
2022-07-30,TX-500,88,Supplier C,18,0.012,4507,FL,3.0,0.13
2022-11-28,TX-300,62,Supplier E,28,0.042,366,IL,5.28,0.55
2021-06-25,TX-400,437,Supplier A,2,0.011,3764,IL,5.15,0.38
2023-07-25,TX-500,145,Supplier C,20,0.073,1221,NY,1.63,1.0
2023-05-11,TX-200,158,Supplier A,19,0.007,2704,TX,2.13,0.59
2022-12-25,TX-200,153,Supplier C,20,0.042,3305,FL,4.9,0.68
2020-04-17,TX-400,403,Supplier E,1,0.039,4750,NY,3.01,0.13
2020-09-24,TX-300,280,Supplier A,26,0.054,1217,NY,4.4,0.99
2020-08-09,TX-300,92,Supplier C,16,0.063,3351,CA,4.03,0.05
2023-01-18,TX-500,258,Supplier A,20,0.095,1994,NY,4.43,0.07
2021-11-23,TX-400,137,Supplier B,10,0.027,2403,FL,1.74,0.08
2020-09-11,TX-200,142,Supplier B,0,0.067,3105,CA,5.69,0.87
2020-09-09,TX-500,223,Supplier B,18,0.004,2901,TX,1.59,0.73
2020-09-13,TX-500,175,Supplier D,7,0.0,4016,TX,1.54,0.97
2021-01-17,TX-100,158,Supplier B,10,0.003,1752,NY,2.52,0.07
2021-03-17,TX-400,96,Supplier B,7,0.045,4753,FL,5.97,0.69
2021-08-21,TX-500,263,Supplier E,24,0.056,4876,TX,1.83,0.53
2023-01-18,TX-200,141,Supplier A,16,0.001,2537,FL,5.44,0.64
2021-01-24,TX-100,230,Supplier A,19,0.04,2873,FL,2.22,0.51
2021-08-04,TX-200,458,Supplier B,5,0.004,4932,CA,1.99,0.68
2022-12-03,TX-300,90,Supplier A,6,0.065,4145,NY,5.01,0.91
2021-08-20,TX-100,308,Supplier C,20,0.063,2195,FL,5.31,0.59
2020-01-19,TX-100,170,Supplier B,12,0.078,2758,FL,5.06,0.9
2023-01-29,TX-500,126,Supplier B,6,0.055,2942,FL,2.58,0.78
2021-08-29,TX-300,144,Supplier D,10,0.062,3433,NY,5.46,0.86
2023-10-12,TX-500,318,Supplier C,9,0.028,2400,CA,1.82,0.66
2020-02-02,TX-400,410,Supplier B,7,0.009,1826,FL,3.04,0.52
2023-06-06,TX-200,67,Supplier B,9,0.074,612,IL,3.58,0.07
2022-05-11,TX-200,342,Supplier A,21,0.061,895,CA,1.8,0.83
2020-06-03,TX-500,220,Supplier B,10,0.094,4351,NY,4.11,0.24
2023-12-17,TX-200,211,Supplier B,19,0.099,1726,TX,4.02,0.04
2022-06-23,TX-200,360,Supplier B,16,0.085,3381,FL,5.96,0.52
2023-06-23,TX-400,101,Supplier B,10,0.099,4519,IL,4.3,0.63
2021-02-08,TX-300,85,Supplier D,15,0.065,1164,TX,3.29,0.66
2022-04-23,TX-100,487,Supplier C,4,0.009,461,TX,5.06,0.67
2023-03-30,TX-500,236,Supplier D,9,0.009,2519,FL,3.01,0.65
2022-01-16,TX-500,419,Supplier A,25,0.081,3098,FL,3.9,0.81
2023-02-14,TX-400,297,Supplier E,25,0.024,2782,TX,1.75,0.77
2020-09-27,TX-400,101,Supplier B,19,0.006,3833,IL,2.95,0.81
2022-02-08,TX-100,68,Supplier A,4,0.047,851,CA,3.88,0.46
2020-06-20,TX-300,445,Supplier E,19,0.031,1436,FL,4.66,0.06
2020-09-30,TX-500,141,Supplier B,8,0.059,1401,FL,1.95,0.64
2020-09-15,TX-400,188,Supplier B,2,0.06,4517,NY,5.09,0.21
2023-03-04,TX-500,353,Supplier E,2,0.068,2060,FL,5.55,0.86
2021-02-25,TX-200,406,Supplier D,9,0.058,4750,NY,2.76,0.72
2023-12-15,TX-500,269,Supplier E,6,0.038,3205,TX,4.94,0.77
2023-04-24,TX-300,148,Supplier E,1,0.002,4309,IL,2.31,0.29
2020-12-29,TX-300,285,Supplier C,24,0.091,101,NY,3.86,0.63
2021-01-12,TX-500,256,Supplier B,7,0.033,849,NY,5.09,0.53
2021-08-02,TX-200,193,Supplier B,11,0.051,3179,CA,3.24,0.27
2022-06-09,TX-300,248,Supplier D,29,0.056,2948,TX,1.62,0.81
2021-12-22,TX-400,352,Supplier D,21,0.031,3701,NY,3.93,0.55
2023-05-04,TX-500,372,Supplier C,29,0.031,4768,NY,5.3,0.19
2022-05-30,TX-200,336,Supplier C,28,0.026,4278,TX,1.99,0.31
2023-01-26,TX-400,381,Supplier C,8,0.024,1133,FL,1.63,0.23
2021-08-27,TX-500,313,Supplier D,10,0.003,533,IL,5.14,0.31
2020-01-22,TX-200,266,Supplier E,18,0.096,717,TX,2.7,0.19
2023-04-10,TX-400,238,Supplier B,19,0.06,889,CA,3.14,0.37
2021-01-17,TX-300,93,Supplier B,22,0.011,3722,CA,1.89,0.69
2020-05-13,TX-500,483,Supplier A,16,0.059,3017,IL,1.93,0.96
2023-12-20,TX-500,340,Supplier D,12,0.023,4516,CA,4.27,0.21
2022-11-14,TX-300,238,Supplier D,0,0.031,897,TX,3.99,0.3
2021-05-17,TX-100,488,Supplier C,0,0.08,1878,FL,2.82,0.0
2023-04-23,TX-400,243,Supplier A,27,0.089,3026,CA,3.54,0.23
2023-01-13,TX-300,319,Supplier A,7,0.07,3857,TX,3.25,0.42
2020-05-23,TX-500,415,Supplier D,12,0.093,3340,CA,4.63,0.46
2023-12-06,TX-400,309,Supplier C,5,0.091,751,NY,5.38,0.27
2020-08-11,TX-400,450,Supplier B,2,0.055,1396,NY,4.94,0.15
2020-08-07,TX-100,288,Supplier C,15,0.091,2853,FL,1.52,0.56
2020-06-27,TX-500,161,Supplier B,9,0.054,4564,NY,1.95,0.41
2021-03-08,TX-200,118,Supplier D,6,0.01,571,NY,3.43,0.43
2020-09-21,TX-100,457,Supplier C,21,0.083,4951,CA,5.33,0.89
2022-08-11,TX-100,98,Supplier A,20,0.013,1418,CA,2.57,0.56
2021-03-04,TX-200,360,Supplier E,2,0.032,1083,IL,5.46,0.39
2021-02-19,TX-200,200,Supplier A,13,0.038,4843,FL,2.0,0.25
2021-12-27,TX-100,288,Supplier B,15,0.081,2750,NY,1.83,0.43
2020-07-15,TX-400,386,Supplier D,3,0.008,3709,IL,5.61,0.86
2022-12-12,TX-300,445,Supplier C,28,0.044,1711,CA,2.23,0.97
2021-04-24,TX-300,444,Supplier D,12,0.044,2694,IL,3.59,0.38
2023-09-15,TX-100,164,Supplier D,26,0.058,306,NY,2.97,0.21
2023-06-28,TX-400,124,Supplier B,26,0.035,4984,IL,2.16,0.91
2022-06-08,TX-200,147,Supplier D,0,0.058,3336,TX,4.34,0.14
2022-07-13,TX-100,432,Supplier C,24,0.099,223,FL,5.84,0.3
2020-05-02,TX-500,160,Supplier A,4,0.007,4468,NY,4.46,0.2
2023-11-11,TX-400,406,Supplier D,17,0.087,573,TX,3.09,0.57
2023-09-24,TX-500,419,Supplier C,11,0.031,453,IL,4.7,0.41
2022-02-16,TX-500,334,Supplier C,10,0.047,2244,NY,2.14,0.29
2020-12-13,TX-100,305,Supplier B,8,0.074,636,IL,4.11,0.77
2020-01-29,TX-400,367,Supplier D,27,0.091,1184,FL,3.61,0.66
2022-09-01,TX-500,358,Supplier B,6,0.001,1217,FL,3.12,1.0
2020-02-04,TX-400,166,Supplier A,13,0.066,3127,CA,4.83,0.31
2023-11-20,TX-300,225,Supplier A,29,0.007,1061,TX,2.03,0.85
2021-09-14,TX-500,277,Supplier C,23,0.053,857,FL,3.9,0.3
2023-08-10,TX-500,396,Supplier D,28,0.075,3036,TX,5.34,0.01
2021-08-11,TX-400,155,Supplier C,2,0.017,1888,IL,2.41,0.15
2023-10-04,TX-300,391,Supplier D,15,0.076,1419,TX,2.69,0.51
2023-03-16,TX-500,433,Supplier B,29,0.031,781,NY,4.47,0.81
2022-12-26,TX-100,499,Supplier A,6,0.061,951,CA,4.98,0.06
2022-06-22,TX-400,288,Supplier A,26,0.066,4009,TX,2.78,0.83
2021-06-03,TX-400,149,Supplier B,0,0.065,849,TX,3.12,0.72
2020-05-01,TX-500,225,Supplier E,5,0.002,4365,FL,4.83,0.03
2020-12-05,TX-300,399,Supplier E,25,0.015,962,NY,2.78,0.11
2020-06-23,TX-500,492,Supplier E,5,0.086,2446,FL,4.5,0.08
2021-08-19,TX-200,490,Supplier D,26,0.094,807,TX,2.21,0.68
2021-03-26,TX-500,298,Supplier B,9,0.056,4067,IL,3.35,0.56
2021-07-10,TX-200,125,Supplier D,11,0.06,2815,FL,4.6,0.36
2023-03-05,TX-100,52,Supplier D,21,0.076,1019,FL,3.57,0.09
2022-11-05,TX-400,130,Supplier B,18,0.041,2956,NY,1.59,0.39
2023-09-18,TX-400,410,Supplier D,5,0.033,1440,FL,3.33,0.68
2023-05-03,TX-300,337,Supplier B,13,0.077,1774,FL,2.8,0.09
2020-01-09,TX-500,57,Supplier E,2,0.003,363,CA,1.96,0.86
2020-11-29,TX-100,136,Supplier E,9,0.089,3832,TX,1.54,0.06
2023-09-18,TX-200,335,Supplier D,8,0.044,579,NY,1.7,0.61
2022-10-13,TX-300,448,Supplier A,22,0.05,2953,FL,5.77,0.19
2020-11-22,TX-100,123,Supplier B,29,0.063,1219,TX,4.87,0.09
2020-01-15,TX-100,488,Supplier C,28,0.027,1517,NY,5.73,0.35
2022-04-18,TX-200,172,Supplier C,19,0.06,4719,FL,2.02,0.67
2020-08-13,TX-200,426,Supplier D,18,0.069,3526,IL,4.07,0.12
2023-12-19,TX-400,343,Supplier A,21,0.012,501,CA,1.87,0.48
2023-12-02,TX-500,192,Supplier B,14,0.052,1594,NY,1.62,0.41
2020-04-22,TX-300,207,Supplier E,8,0.033,2799,IL,3.6,0.43
2023-12-22,TX-500,479,Supplier D,18,0.056,3950,NY,4.41,0.94
2020-01-01,TX-300,497,Supplier B,7,0.002,4037,NY,1.79,0.35
2020-09-22,TX-100,459,Supplier B,21,0.074,4728,CA,3.14,0.99
2023-05-16,TX-200,420,Supplier B,3,0.017,3858,IL,1.91,0.54
2022-08-09,TX-200,158,Supplier A,4,0.069,3248,FL,3.13,0.84
2023-10-24,TX-100,383,Supplier B,18,0.077,809,TX,3.62,0.35
2020-11-01,TX-100,244,Supplier A,13,0.075,3526,IL,3.02,0.08
2020-01-12,TX-300,85,Supplier A,17,0.082,2039,NY,4.09,0.08
2023-09-30,TX-100,139,Supplier B,24,0.031,1079,IL,4.13,0.57
2023-10-23,TX-300,464,Supplier E,28,0.097,524,TX,3.0,0.93
2022-07-25,TX-500,345,Supplier B,18,0.002,4279,IL,3.25,0.07
2021-02-23,TX-200,379,Supplier E,5,0.048,891,TX,3.48,0.69
2022-06-07,TX-200,250,Supplier D,4,0.027,4852,CA,3.19,0.56
2020-06-19,TX-200,95,Supplier C,25,0.074,3048,NY,4.92,0.65
2020-05-13,TX-500,156,Supplier D,10,0.081,4252,FL,2.13,0.22
2022-08-22,TX-500,219,Supplier A,23,0.082,1735,IL,5.36,0.07
2023-12-21,TX-400,195,Supplier D,4,0.03,3883,CA,2.99,0.07
2022-11-14,TX-300,405,Supplier C,26,0.027,1068,IL,4.76,0.25
2023-04-28,TX-300,469,Supplier C,7,0.068,4596,CA,5.48,0.21
2023-03-10,TX-400,227,Supplier E,26,0.093,1051,TX,5.49,0.13
2021-10-19,TX-200,110,Supplier D,4,0.025,621,CA,3.54,0.26
2023-08-31,TX-300,473,Supplier A,10,0.091,2074,TX,2.65,0.53
2023-09-04,TX-300,52,Supplier A,25,0.059,1982,CA,4.23,0.95
2023-01-20,TX-200,131,Supplier E,12,0.074,4712,IL,2.33,0.92
2020-06-27,TX-100,312,Supplier E,5,0.044,4644,FL,5.06,0.27
2022-12-15,TX-100,336,Supplier D,4,0.081,3231,NY,4.7,0.07
2023-03-24,TX-400,370,Supplier E,17,0.097,3251,FL,5.08,1.0
2020-04-20,TX-500,144,Supplier C,25,0.017,4195,CA,3.45,0.48
2020-05-16,TX-300,113,Supplier A,9,0.039,2753,TX,4.01,0.98
2020-08-19,TX-300,295,Supplier C,15,0.086,2574,IL,1.96,0.54
2022-09-18,TX-400,126,Supplier B,21,0.018,3724,NY,4.59,0.89
2021-04-12,TX-400,308,Supplier C,13,0.041,621,NY,3.69,0.45
2022-01-01,TX-300,142,Supplier A,22,0.017,4421,IL,3.79,0.62
2021-04-25,TX-200,340,Supplier B,14,0.065,4296,CA,5.31,0.54
2022-12-27,TX-200,320,Supplier D,2,0.024,4751,NY,4.98,0.22
2022-03-24,TX-500,70,Supplier B,2,0.038,322,IL,3.91,0.76
2023-06-26,TX-300,111,Supplier E,11,0.049,1849,CA,3.1,0.05
2022-09-20,TX-300,388,Supplier A,22,0.03,2898,IL,3.51,0.36
2020-11-18,TX-300,461,Supplier E,14,0.068,2575,NY,3.08,0.87
2022-07-10,TX-300,309,Supplier C,10,0.011,3236,FL,2.18,0.5
2022-06-22,TX-400,286,Supplier D,9,0.088,3425,NY,4.41,0.08
2023-12-26,TX-100,190,Supplier A,19,0.048,981,NY,4.61,0.21
2021-08-28,TX-300,484,Supplier D,14,0.057,2441,FL,5.87,0.11
2021-03-04,TX-100,481,Supplier A,17,0.062,320,CA,3.55,0.28
2023-07-16,TX-200,216,Supplier E,24,0.006,2460,IL,5.99,0.17
2020-05-27,TX-500,116,Supplier C,13,0.076,4777,CA,2.34,0.71
2023-02-15,TX-200,399,Supplier B,28,0.095,3748,CA,4.45,0.66
2022-04-29,TX-300,107,Supplier D,24,0.052,351,IL,5.98,0.14
2021-01-01,TX-200,261,Supplier A,5,0.039,1887,CA,4.38,0.44
2022-04-29,TX-400,179,Supplier A,13,0.078,379,TX,3.54,0.3
2022-12-25,TX-100,74,Supplier D,15,0.072,4489,NY,3.82,0.34
2022-03-23,TX-300,60,Supplier B,1,0.065,4374,TX,5.3,0.58
2023-10-25,TX-400,306,Supplier C,18,0.097,2336,IL,5.73,0.9
2020-06-23,TX-100,353,Supplier A,4,0.058,2201,FL,3.54,0.9
2021-08-10,TX-400,418,Supplier A,10,0.025,3749,FL,4.98,0.41
2021-05-09,TX-200,481,Supplier D,10,0.002,1750,IL,5.7,0.39
2022-08-30,TX-300,443,Supplier D,20,0.045,2463,IL,2.77,0.52
2023-02-11,TX-200,130,Supplier A,28,0.065,2330,CA,3.72,0.47
2023-02-08,TX-500,335,Supplier A,24,0.017,3431,NY,5.98,0.06
2023-03-16,TX-300,468,Supplier A,25,0.003,123,TX,3.09,0.58
2020-02-04,TX-200,419,Supplier E,18,0.091,355,IL,4.29,0.58
2022-09-25,TX-300,68,Supplier A,17,0.03,1337,FL,4.46,0.45
2023-08-25,TX-100,159,Supplier C,25,0.047,4042,NY,2.19,0.41
2021-06-21,TX-300,486,Supplier C,7,0.009,3667,NY,5.13,0.94
2022-01-19,TX-300,83,Supplier B,22,0.038,1163,CA,3.36,0.6
2022-11-03,TX-100,337,Supplier D,11,0.042,894,FL,3.75,0.82
2021-01-08,TX-200,381,Supplier B,8,0.09,1586,NY,4.39,0.95
2021-07-10,TX-300,304,Supplier A,2,0.087,2583,FL,3.35,0.81
2023-12-22,TX-400,175,Supplier D,5,0.019,1334,TX,2.96,0.94
2020-08-20,TX-300,258,Supplier A,20,0.056,4085,FL,3.96,0.76
2021-12-05,TX-200,183,Supplier D,20,0.073,2954,NY,3.06,0.17
2021-07-16,TX-100,446,Supplier E,25,0.029,2094,FL,3.45,0.23
2022-07-27,TX-200,135,Supplier E,23,0.039,2433,FL,1.99,0.19
2022-06-05,TX-500,124,Supplier E,0,0.098,2391,FL,5.3,0.32
2021-12-26,TX-300,497,Supplier B,16,0.076,861,NY,3.35,0.35
2023-07-22,TX-300,184,Supplier D,2,0.044,4338,TX,1.87,0.81
2020-03-16,TX-100,350,Supplier B,26,0.053,1884,FL,5.06,0.36
2021-03-14,TX-300,222,Supplier D,17,0.063,419,TX,1.59,0.73
2021-11-29,TX-400,262,Supplier A,17,0.05,4092,NY,4.2,0.9
2023-08-05,TX-400,370,Supplier E,1,0.041,4628,IL,4.66,0.11
2022-07-03,TX-200,399,Supplier E,3,0.036,3750,FL,2.36,0.0
2022-06-09,TX-100,68,Supplier D,0,0.017,4317,TX,2.09,0.89
2021-11-22,TX-500,168,Supplier B,9,0.097,4989,FL,2.01,0.24
2020-09-09,TX-200,352,Supplier B,24,0.009,2879,CA,5.97,0.15
2023-02-23,TX-100,351,Supplier C,29,0.06,4945,CA,4.9,0.3
2023-04-15,TX-100,334,Supplier E,4,0.096,3715,NY,2.91,0.19
2022-11-26,TX-200,276,Supplier E,4,0.037,2096,TX,3.01,0.79
2021-02-13,TX-200,261,Supplier B,8,0.025,1396,TX,4.42,0.63
2020-05-06,TX-300,405,Supplier E,13,0.096,3345,FL,3.56,0.17
2023-04-06,TX-500,238,Supplier B,20,0.08,2385,CA,2.72,0.58
2021-08-14,TX-400,370,Supplier C,12,0.066,209,FL,1.76,0.21
2020-10-20,TX-300,200,Supplier D,12,0.061,511,FL,5.03,0.2
2023-09-28,TX-100,272,Supplier D,26,0.036,170,NY,5.5,0.6
2022-10-16,TX-500,177,Supplier C,29,0.064,3827,IL,2.43,0.66
2020-11-05,TX-500,297,Supplier E,23,0.073,817,NY,1.79,0.35
2021-10-23,TX-200,100,Supplier A,26,0.003,2570,NY,2.03,0.76
2021-06-11,TX-500,240,Supplier E,0,0.012,2388,NY,3.36,0.84
2021-06-23,TX-500,286,Supplier B,16,0.032,3774,FL,2.85,0.92
2021-02-22,TX-100,71,Supplier A,19,0.032,818,FL,1.83,0.63
2021-03-19,TX-300,159,Supplier C,7,0.09,226,FL,3.55,0.22
2021-11-15,TX-500,376,Supplier D,2,0.068,525,FL,2.42,0.75
2022-04-19,TX-200,82,Supplier D,16,0.037,2425,CA,1.8,0.11
2020-08-23,TX-300,176,Supplier E,26,0.081,2641,TX,4.46,0.18
2020-08-01,TX-200,414,Supplier D,11,0.032,2535,CA,4.08,0.83
2020-03-25,TX-500,405,Supplier E,24,0.099,2918,TX,5.22,0.91
2022-03-04,TX-300,93,Supplier B,24,0.078,635,FL,2.86,0.07
2020-03-25,TX-500,56,Supplier B,24,0.081,3633,CA,2.11,0.31
2020-03-05,TX-100,177,Supplier C,24,0.026,2434,TX,3.12,0.63
2021-10-24,TX-300,140,Supplier B,17,0.015,2592,IL,5.0,0.94
2021-09-18,TX-200,179,Supplier E,13,0.039,1244,NY,2.59,0.57
2020-03-04,TX-100,66,Supplier D,29,0.033,1821,TX,2.65,0.82
2023-09-28,TX-400,370,Supplier B,10,0.077,3590,CA,2.16,0.92
2022-07-27,TX-200,235,Supplier B,26,0.017,3970,CA,5.94,0.52
2022-07-07,TX-500,159,Supplier E,15,0.053,1879,IL,5.85,0.74
2023-10-07,TX-200,335,Supplier B,26,0.063,3247,TX,4.46,0.66
2023-03-27,TX-400,397,Supplier D,3,0.039,1005,NY,2.47,0.67
2021-05-05,TX-200,459,Supplier D,17,0.02,2231,CA,4.95,0.52
2023-06-02,TX-100,212,Supplier D,6,0.09,3023,FL,4.13,0.62
2020-11-08,TX-200,496,Supplier D,10,0.014,1947,FL,4.87,0.55
2021-09-06,TX-300,124,Supplier A,15,0.03,406,TX,5.37,0.64
2022-07-07,TX-400,248,Supplier D,15,0.076,3616,IL,2.93,0.51
2022-03-23,TX-200,461,Supplier A,2,0.061,3830,NY,5.61,0.22
2022-07-28,TX-400,458,Supplier D,24,0.073,4532,TX,5.54,0.69
2023-01-16,TX-100,494,Supplier D,22,0.081,616,TX,3.96,0.38
2023-08-19,TX-300,410,Supplier E,23,0.09,200,NY,4.58,0.13
2021-11-10,TX-500,336,Supplier D,8,0.03,2247,CA,3.35,0.85
2021-03-10,TX-200,231,Supplier B,7,0.047,2320,FL,4.45,0.18
2021-11-12,TX-100,146,Supplier D,6,0.069,2929,CA,3.97,0.54
2023-03-04,TX-400,100,Supplier C,24,0.079,2008,IL,2.95,0.72
2022-12-09,TX-400,363,Supplier E,26,0.058,127,NY,2.95,0.65
2023-12-26,TX-100,83,Supplier E,16,0.051,4952,CA,4.43,0.16
2020-12-05,TX-200,492,Supplier D,10,0.069,3436,TX,5.8,0.19
2020-12-12,TX-500,70,Supplier C,3,0.038,2462,TX,2.41,0.15
2021-10-07,TX-200,233,Supplier D,3,0.089,4233,IL,3.27,0.07
2023-10-02,TX-300,342,Supplier B,4,0.021,3776,IL,5.13,0.28
2021-10-10,TX-200,113,Supplier E,7,0.088,3324,NY,2.05,0.52
2020-09-01,TX-300,452,Supplier E,9,0.064,2475,CA,5.97,0.17
2020-04-18,TX-400,173,Supplier C,16,0.06,147,TX,4.55,0.97
2021-06-16,TX-300,150,Supplier A,5,0.047,3813,NY,5.6,0.7
2023-01-18,TX-500,168,Supplier C,8,0.015,105,NY,5.27,0.58
2020-10-22,TX-100,390,Supplier B,9,0.086,869,TX,5.0,0.68
2020-04-21,TX-300,127,Supplier C,7,0.005,1462,CA,1.65,0.44
2023-04-15,TX-200,230,Supplier A,14,0.027,3440,FL,3.33,0.47
2020-12-08,TX-300,248,Supplier B,17,0.011,916,IL,2.41,0.89
2020-04-10,TX-400,496,Supplier B,22,0.011,3928,CA,5.42,0.72
2021-09-20,TX-300,409,Supplier A,4,0.039,107,FL,4.56,0.59
2023-11-25,TX-500,239,Supplier D,17,0.016,4972,FL,1.98,0.95
2020-01-28,TX-300,377,Supplier C,26,0.058,4858,TX,3.12,0.66
2022-07-25,TX-500,152,Supplier B,0,0.063,2632,FL,1.81,0.4
2020-02-27,TX-200,382,Supplier C,1,0.088,2859,IL,4.83,0.05
2020-10-23,TX-400,415,Supplier A,26,0.03,428,NY,3.38,0.39
2020-05-13,TX-100,324,Supplier E,9,0.031,4595,CA,2.55,0.92
2023-09-16,TX-200,179,Supplier A,5,0.025,4975,IL,3.83,0.04
2020-09-05,TX-200,290,Supplier C,26,0.078,2012,FL,1.69,0.18
2022-10-17,TX-100,183,Supplier B,27,0.043,2485,NY,2.66,0.81
2021-07-03,TX-300,206,Supplier C,23,0.055,4080,NY,2.29,0.36
2022-06-20,TX-300,474,Supplier E,18,0.037,2566,FL,5.69,0.19
2023-01-03,TX-300,484,Supplier B,20,0.016,3137,IL,3.2,0.82
2022-04-13,TX-400,438,Supplier E,10,0.01,1294,FL,4.13,0.56
2023-04-06,TX-200,474,Supplier D,17,0.087,200,CA,3.76,0.55
2022-02-09,TX-500,367,Supplier A,27,0.027,2561,NY,4.47,0.29
2023-10-10,TX-100,207,Supplier D,15,0.094,422,TX,2.76,0.68
2023-06-02,TX-200,408,Supplier C,7,0.095,4224,NY,2.04,0.86
2020-05-25,TX-300,239,Supplier D,3,0.048,3749,FL,1.87,0.75
2023-06-18,TX-100,149,Supplier A,10,0.096,4946,FL,2.37,0.61
2022-06-11,TX-500,460,Supplier B,9,0.003,3176,TX,3.67,0.35
2020-12-09,TX-200,483,Supplier E,15,0.009,706,TX,2.56,0.85
2022-11-24,TX-200,101,Supplier B,11,0.024,616,NY,3.45,0.57
2021-12-02,TX-400,98,Supplier D,21,0.021,1208,FL,1.63,0.89
2020-01-01,TX-200,495,Supplier C,2,0.025,4435,NY,4.32,0.25
2020-06-01,TX-200,149,Supplier D,10,0.045,938,IL,5.45,0.65
2021-03-04,TX-500,493,Supplier A,23,0.006,1221,FL,1.71,0.94
2021-05-22,TX-500,431,Supplier A,15,0.056,4065,NY,2.48,0.37
2023-02-23,TX-100,300,Supplier C,23,0.031,3441,FL,2.93,0.95
2021-05-05,TX-300,423,Supplier B,2,0.007,1436,FL,2.79,0.39
2020-12-10,TX-500,103,Supplier A,27,0.075,1359,CA,1.68,0.44
2020-08-08,TX-100,424,Supplier A,24,0.065,3380,NY,1.98,0.81
2021-12-23,TX-200,438,Supplier C,9,0.079,1961,FL,5.61,0.26
2022-11-14,TX-100,186,Supplier B,28,0.094,744,TX,4.7,0.71
2021-06-11,TX-100,211,Supplier D,20,0.059,2328,TX,5.81,0.3
2023-04-20,TX-100,403,Supplier E,15,0.079,696,CA,3.48,0.59
2022-04-20,TX-100,341,Supplier C,25,0.02,2910,FL,5.46,0.78
2022-12-01,TX-500,453,Supplier B,24,0.041,4636,NY,5.17,0.03
2021-04-25,TX-300,130,Supplier E,6,0.053,567,NY,5.44,0.09
2022-07-18,TX-100,269,Supplier C,14,0.054,1064,TX,1.68,0.93
2022-05-21,TX-400,134,Supplier D,14,0.072,1737,IL,4.44,0.82
2023-11-26,TX-200,132,Supplier D,9,0.08,2886,FL,4.05,0.88
2020-12-10,TX-200,368,Supplier B,2,0.067,2913,CA,3.95,0.44
2020-02-14,TX-200,116,Supplier B,5,0.005,326,CA,3.77,0.72
2020-01-21,TX-200,463,Supplier D,25,0.035,2908,FL,5.08,1.0
2022-12-29,TX-200,283,Supplier D,17,0.057,1404,FL,5.86,0.43
2022-05-22,TX-100,247,Supplier C,21,0.051,613,CA,5.23,0.85
2020-02-17,TX-300,308,Supplier B,27,0.004,311,CA,5.42,0.08
2021-07-04,TX-400,226,Supplier E,4,0.098,869,NY,3.68,0.54
2020-10-13,TX-500,347,Supplier D,15,0.096,3411,CA,4.61,0.33
2022-09-28,TX-400,329,Supplier E,12,0.077,530,TX,3.37,0.52
2022-10-30,TX-500,349,Supplier B,2,0.006,3358,CA,3.12,0.11
2021-06-25,TX-500,178,Supplier B,29,0.043,359,CA,5.53,0.37
2022-01-25,TX-400,420,Supplier A,14,0.041,1854,TX,5.57,0.08
2020-09-30,TX-100,487,Supplier D,22,0.056,2497,TX,4.57,0.45
2022-08-13,TX-200,229,Supplier B,26,0.006,4902,FL,5.27,0.44
2021-08-22,TX-100,341,Supplier B,19,0.042,145,CA,3.12,0.33
2021-01-15,TX-200,256,Supplier D,26,0.076,976,TX,3.45,0.95
2023-09-14,TX-300,343,Supplier A,29,0.1,3017,NY,5.19,0.08
2021-04-23,TX-500,477,Supplier A,5,0.06,2055,IL,3.29,0.82
2020-01-15,TX-400,387,Supplier A,24,0.094,1700,TX,1.68,0.35
2021-05-30,TX-300,224,Supplier A,27,0.1,2374,IL,3.09,0.2
2020-07-09,TX-200,78,Supplier C,29,0.043,1839,CA,3.29,0.27
2023-04-06,TX-100,228,Supplier D,21,0.067,3290,NY,2.2,0.9
2021-09-12,TX-400,90,Supplier D,3,0.021,433,NY,3.05,0.82
2023-03-06,TX-500,241,Supplier D,14,0.048,1630,FL,5.7,0.02
2020-06-02,TX-300,393,Supplier A,25,0.008,655,FL,5.36,0.15
2023-11-12,TX-500,286,Supplier A,17,0.003,2148,CA,3.51,0.68
2023-05-17,TX-200,353,Supplier B,8,0.089,830,TX,4.69,0.32
2020-09-28,TX-500,274,Supplier C,29,0.086,4923,NY,2.18,0.92
2020-05-22,TX-100,163,Supplier D,19,0.031,4133,CA,4.89,0.79
2022-12-28,TX-300,327,Supplier C,3,0.046,1263,CA,3.64,0.88
2020-09-03,TX-300,404,Supplier D,15,0.049,1399,TX,4.75,0.19
2023-07-08,TX-100,66,Supplier A,17,0.052,4562,NY,4.4,0.15
2022-02-26,TX-500,135,Supplier A,4,0.013,4819,NY,2.55,0.93
2020-03-19,TX-100,438,Supplier D,12,0.078,2120,NY,5.26,0.4
2021-09-14,TX-400,366,Supplier E,5,0.035,3786,FL,4.07,0.42
2021-06-08,TX-100,394,Supplier A,25,0.003,2040,NY,5.03,0.68
2022-02-10,TX-500,439,Supplier B,21,0.068,4496,IL,1.92,0.4
2022-07-26,TX-100,230,Supplier A,18,0.083,3171,TX,4.27,0.88
2023-09-15,TX-200,386,Supplier B,11,0.092,3599,NY,2.81,0.96
2023-04-27,TX-100,400,Supplier C,14,0.067,1310,TX,5.37,0.33
2023-01-23,TX-100,194,Supplier A,29,0.019,4353,TX,5.77,0.21
2021-09-08,TX-500,364,Supplier A,8,0.059,1454,IL,1.75,0.08
2022-10-28,TX-400,274,Supplier C,6,0.091,3428,NY,4.76,0.21
2020-03-07,TX-400,472,Supplier B,28,0.035,2230,TX,1.96,0.14
2020-07-09,TX-500,103,Supplier E,13,0.095,4209,NY,5.36,0.03
2023-10-21,TX-500,431,Supplier B,18,0.01,3367,IL,2.06,0.05
2022-02-06,TX-500,481,Supplier D,19,0.073,1335,FL,2.38,0.51
2021-06-04,TX-200,470,Supplier D,15,0.012,4303,FL,2.63,0.71
2022-09-16,TX-300,353,Supplier D,22,0.08,4826,FL,4.78,0.98
2023-02-14,TX-100,117,Supplier C,26,0.01,2878,FL,2.82,0.16
2020-09-23,TX-500,156,Supplier B,23,0.033,4360,CA,4.18,0.7
2021-04-29,TX-500,383,Supplier A,21,0.078,3008,TX,4.07,0.55
2023-08-14,TX-500,126,Supplier D,3,0.046,4542,CA,3.31,0.48
2023-04-02,TX-400,76,Supplier B,11,0.088,1148,NY,3.93,0.72
2021-01-10,TX-500,393,Supplier A,17,0.04,2059,FL,2.03,0.24
2021-10-14,TX-100,204,Supplier B,25,0.099,1678,NY,5.44,0.31
2023-07-15,TX-500,121,Supplier C,7,0.002,3798,IL,2.43,0.38
2021-07-02,TX-100,496,Supplier D,16,0.07,449,TX,5.46,0.18
2023-01-02,TX-200,229,Supplier E,24,0.092,1578,IL,3.83,0.48
2020-03-13,TX-300,96,Supplier D,23,0.054,1920,TX,4.26,0.13
2020-11-03,TX-400,291,Supplier D,2,0.099,1341,IL,2.66,0.32
2020-07-17,TX-100,408,Supplier C,25,0.071,4030,IL,2.5,0.11
2023-02-27,TX-200,326,Supplier A,3,0.043,975,TX,3.71,0.04
2021-07-25,TX-300,420,Supplier D,9,0.052,3820,NY,2.7,0.36
2022-03-01,TX-300,362,Supplier A,15,0.088,1641,IL,3.4,0.62
2023-03-20,TX-300,154,Supplier A,19,0.096,3805,TX,3.48,0.15
2023-05-14,TX-100,144,Supplier C,1,0.056,3801,TX,2.72,0.99
2020-06-27,TX-200,268,Supplier D,11,0.031,3638,IL,2.81,0.27
2020-07-15,TX-500,219,Supplier C,15,0.024,919,NY,5.88,0.02
2022-01-04,TX-200,415,Supplier C,26,0.048,4009,FL,4.14,0.03
2020-03-29,TX-200,481,Supplier E,9,0.03,4116,CA,5.24,0.67
2022-03-09,TX-200,332,Supplier C,4,0.042,308,FL,1.71,0.67
2023-12-28,TX-100,177,Supplier E,28,0.083,1984,IL,1.51,0.9
2022-02-26,TX-100,249,Supplier A,11,0.047,4602,IL,3.84,0.09
2022-01-17,TX-100,466,Supplier A,2,0.064,2228,TX,5.22,0.38
2023-04-21,TX-200,381,Supplier B,11,0.009,4088,NY,4.25,0.89
2020-07-27,TX-100,84,Supplier B,26,0.076,206,NY,4.28,0.8
2021-05-07,TX-300,403,Supplier A,0,0.048,2795,IL,2.13,0.23
2023-02-27,TX-100,193,Supplier D,1,0.036,2585,NY,5.9,0.89
2021-10-26,TX-400,341,Supplier B,10,0.061,3185,CA,3.88,0.68
2022-11-02,TX-100,115,Supplier C,11,0.01,4886,NY,1.96,0.26
2022-05-20,TX-100,268,Supplier B,6,0.041,4129,NY,3.36,0.04
2022-01-01,TX-100,105,Supplier A,0,0.081,1525,TX,1.82,0.5
2023-02-03,TX-100,194,Supplier D,27,0.026,4705,IL,3.38,0.71
2023-10-30,TX-400,453,Supplier A,12,0.091,1217,NY,4.7,0.27
2021-11-28,TX-500,262,Supplier D,12,0.06,2229,IL,2.96,0.17
2023-01-27,TX-100,143,Supplier B,1,0.054,4156,NY,2.91,0.08
2021-08-16,TX-300,155,Supplier C,29,0.04,340,NY,3.81,0.84
2022-06-04,TX-400,133,Supplier C,9,0.074,264,NY,3.74,0.05
2022-05-01,TX-500,185,Supplier A,22,0.056,1596,TX,3.6,0.61
2023-04-30,TX-100,195,Supplier D,0,0.08,3201,NY,3.83,0.76
2020-11-20,TX-500,298,Supplier B,6,0.033,2606,FL,1.72,0.78
2022-09-05,TX-300,67,Supplier D,12,0.07,403,CA,3.63,0.65
2022-08-13,TX-400,451,Supplier D,23,0.094,4874,NY,5.96,0.65
2022-06-12,TX-400,174,Supplier D,26,0.028,4990,FL,4.94,0.47
2023-10-22,TX-500,51,Supplier B,28,0.098,1011,IL,2.79,0.42
2023-09-03,TX-100,381,Supplier D,29,0.041,3072,TX,4.55,0.14
2020-05-23,TX-200,249,Supplier C,1,0.004,4119,IL,2.98,0.54
2021-01-18,TX-400,484,Supplier A,19,0.036,2861,TX,2.36,0.07
2020-08-03,TX-200,187,Supplier E,6,0.015,705,IL,4.98,0.47
2023-10-16,TX-400,252,Supplier D,16,0.03,1138,IL,2.44,0.73
2020-11-19,TX-100,447,Supplier C,21,0.01,506,CA,5.36,0.44
2022-11-04,TX-100,331,Supplier C,4,0.018,1171,CA,3.21,0.51
2020-08-04,TX-400,352,Supplier A,10,0.013,4309,CA,4.91,0.84
2022-08-08,TX-500,79,Supplier A,21,0.004,4721,IL,2.67,0.65
2020-07-01,TX-100,105,Supplier E,23,0.03,4543,TX,4.44,0.13
2020-09-26,TX-100,168,Supplier E,10,0.094,1552,CA,2.46,0.54
2022-08-02,TX-300,475,Supplier E,10,0.095,2553,TX,1.6,0.36
2022-05-19,TX-100,181,Supplier B,16,0.085,3087,TX,5.17,0.21
2021-04-11,TX-300,280,Supplier B,18,0.001,2889,NY,5.35,0.65
2020-10-31,TX-100,444,Supplier C,26,0.003,3769,FL,5.46,0.39
2023-03-13,TX-100,201,Supplier A,28,0.001,300,IL,1.66,0.77
2020-04-20,TX-500,470,Supplier D,24,0.037,882,FL,4.92,0.59
2022-10-10,TX-500,435,Supplier A,27,0.098,2860,IL,5.26,0.1
2020-08-19,TX-100,445,Supplier B,7,0.09,3813,TX,2.9,0.35
2021-08-17,TX-400,70,Supplier C,19,0.025,1038,FL,3.62,0.27
2023-07-20,TX-400,497,Supplier D,26,0.041,3216,NY,3.34,0.15
2020-06-21,TX-100,117,Supplier E,13,0.082,3717,FL,3.48,0.8
2022-08-30,TX-400,175,Supplier E,9,0.076,2520,FL,5.31,0.38
2022-10-27,TX-100,92,Supplier B,24,0.013,863,NY,3.38,0.61
2023-03-24,TX-500,231,Supplier C,6,0.011,2994,NY,2.86,0.88
2021-06-29,TX-200,149,Supplier A,1,0.054,1354,CA,2.09,0.54
2021-07-01,TX-300,428,Supplier B,16,0.01,4719,IL,4.54,0.26
2021-06-01,TX-400,495,Supplier A,0,0.083,1898,TX,1.88,0.79
2022-07-02,TX-400,398,Supplier D,12,0.025,1369,FL,1.78,0.44
2020-08-02,TX-500,445,Supplier A,18,0.019,4293,FL,4.57,0.56
2020-05-13,TX-400,289,Supplier D,28,0.019,2940,TX,4.62,0.9
2020-10-11,TX-100,434,Supplier C,13,0.005,812,NY,2.4,0.49
2023-02-23,TX-100,249,Supplier B,25,0.064,773,NY,5.81,0.33
2021-11-16,TX-200,466,Supplier A,17,0.016,4704,FL,5.05,0.73
2023-03-21,TX-200,497,Supplier C,19,0.023,1041,FL,4.59,0.13
2020-11-26,TX-200,165,Supplier C,13,0.075,1042,TX,4.89,0.91
2023-11-07,TX-100,164,Supplier A,14,0.006,4571,TX,3.35,0.92
2023-02-12,TX-200,191,Supplier E,13,0.02,3843,IL,3.55,0.58
2022-06-12,TX-200,168,Supplier E,23,0.015,2016,NY,5.42,0.15
2023-07-31,TX-100,142,Supplier D,4,0.0,3936,CA,1.61,0.45
2022-06-17,TX-500,447,Supplier C,15,0.054,2528,CA,5.11,0.42
2023-01-03,TX-400,58,Supplier B,4,0.019,3474,TX,3.51,0.3
2023-04-04,TX-300,122,Supplier B,21,0.063,1289,IL,3.59,0.18
2023-04-27,TX-100,75,Supplier C,12,0.05,4956,FL,2.97,0.26
2020-03-18,TX-100,482,Supplier E,27,0.067,3053,TX,4.23,0.56
2022-08-04,TX-300,288,Supplier C,15,0.098,2413,TX,4.54,0.69
2021-11-18,TX-300,411,Supplier D,14,0.022,3724,TX,2.22,0.98
2020-01-21,TX-200,194,Supplier C,4,0.067,1352,CA,4.05,0.22
2021-07-19,TX-300,117,Supplier A,20,0.083,2009,TX,3.59,0.2
2023-04-22,TX-400,237,Supplier E,29,0.096,2346,IL,5.02,0.12
2023-05-30,TX-400,415,Supplier A,22,0.062,2774,CA,3.95,0.94
2022-04-06,TX-400,180,Supplier A,5,0.013,3424,IL,3.43,0.38
2023-09-13,TX-400,270,Supplier C,28,0.005,2702,CA,3.88,0.92
2020-06-27,TX-400,330,Supplier C,12,0.028,254,IL,3.71,0.89
2023-02-09,TX-200,326,Supplier B,15,0.093,2947,NY,5.71,0.04
2022-12-18,TX-100,189,Supplier A,29,0.054,2774,NY,2.9,0.28
2023-09-12,TX-300,103,Supplier C,9,0.058,3965,CA,1.67,0.3
2022-06-23,TX-100,50,Supplier B,26,0.061,4153,NY,4.48,0.28
2021-10-30,TX-300,177,Supplier A,1,0.033,3741,FL,4.22,0.43
2020-07-09,TX-200,50,Supplier B,12,0.018,2479,IL,5.59,0.5
2023-05-08,TX-200,222,Supplier E,16,0.095,4603,CA,2.03,0.76
2023-08-28,TX-500,479,Supplier D,0,0.076,1627,NY,3.85,0.27
2021-12-08,TX-500,481,Supplier A,3,0.051,725,CA,2.18,0.3
2022-11-24,TX-200,440,Supplier C,17,0.038,785,FL,3.55,0.6
2021-01-13,TX-200,315,Supplier E,5,0.048,1565,CA,5.1,0.18
2021-01-21,TX-300,448,Supplier B,27,0.003,2563,CA,5.36,0.47
2020-08-24,TX-200,345,Supplier D,11,0.025,3571,TX,5.25,0.25
2021-09-07,TX-100,305,Supplier A,24,0.025,4336,TX,3.96,0.2
2020-10-09,TX-300,444,Supplier D,25,0.045,969,TX,4.35,0.8
2020-01-01,TX-200,489,Supplier E,26,0.024,3177,TX,3.98,0.71
2021-04-08,TX-300,223,Supplier D,29,0.019,3913,IL,4.03,0.25
2023-06-07,TX-300,94,Supplier A,25,0.077,2031,FL,5.48,0.42
2022-08-24,TX-400,392,Supplier E,23,0.089,1004,CA,2.44,0.15
2020-06-20,TX-500,190,Supplier B,19,0.007,1950,FL,3.47,0.05
2023-01-15,TX-300,76,Supplier A,12,0.021,2122,CA,4.25,0.59
2023-02-20,TX-300,282,Supplier D,27,0.077,1342,TX,4.94,0.36
2022-04-22,TX-400,258,Supplier A,1,0.082,2726,IL,4.93,0.21
2023-08-14,TX-200,99,Supplier E,16,0.05,2811,CA,2.03,0.11
2021-11-20,TX-300,110,Supplier D,22,0.069,1394,CA,2.5,0.68
2021-07-28,TX-400,292,Supplier B,9,0.008,2885,NY,5.6,0.27
2020-06-13,TX-100,318,Supplier C,18,0.085,4258,IL,3.11,0.91
2021-01-17,TX-400,189,Supplier B,29,0.083,963,IL,1.51,0.19
2020-07-27,TX-500,206,Supplier A,21,0.069,1656,IL,2.4,0.24
2023-12-26,TX-500,134,Supplier C,4,0.092,2660,FL,5.86,0.85
2023-11-13,TX-200,133,Supplier E,20,0.005,2402,TX,2.89,0.57
2020-08-11,TX-200,325,Supplier D,11,0.023,836,NY,4.26,0.11
2020-01-03,TX-500,80,Supplier D,17,0.036,878,FL,4.77,0.55
2021-01-06,TX-500,57,Supplier E,29,0.016,3622,TX,4.41,0.31
2021-09-02,TX-300,329,Supplier A,8,0.081,4815,CA,3.2,0.74
2020-04-25,TX-500,252,Supplier B,10,0.076,4283,NY,3.44,0.08
2023-07-17,TX-200,472,Supplier C,3,0.077,1514,FL,5.27,0.92
2021-03-22,TX-500,82,Supplier E,9,0.029,4884,NY,4.48,0.48
2023-10-23,TX-200,347,Supplier A,0,0.076,4836,TX,1.61,0.73
2023-06-30,TX-100,192,Supplier A,1,0.012,4468,FL,2.42,0.7
2023-09-02,TX-500,498,Supplier C,8,0.011,4832,FL,2.79,0.18
2021-02-18,TX-200,465,Supplier E,22,0.058,621,NY,3.14,0.88
2023-01-23,TX-400,444,Supplier B,25,0.005,2947,CA,4.1,0.23
2022-06-10,TX-300,399,Supplier B,17,0.094,4211,CA,3.15,0.19
2022-11-13,TX-200,86,Supplier E,15,0.033,2515,CA,5.21,0.52
2021-10-24,TX-500,196,Supplier D,22,0.048,4989,TX,3.63,0.98
2022-12-09,TX-500,484,Supplier B,13,0.081,4555,NY,3.76,0.31
2021-12-18,TX-100,277,Supplier D,3,0.04,330,TX,3.42,0.96
2023-09-20,TX-400,83,Supplier E,25,0.043,4807,TX,2.9,0.44
2023-01-07,TX-200,493,Supplier A,1,0.035,3564,CA,4.76,0.83
2022-11-16,TX-400,286,Supplier E,11,0.035,2664,CA,2.53,0.53
2020-09-27,TX-100,261,Supplier A,19,0.047,618,CA,4.6,0.21
2021-07-15,TX-300,358,Supplier E,4,0.095,583,NY,3.88,0.88
2022-03-14,TX-400,189,Supplier D,28,0.094,2212,NY,1.96,0.07
2020-09-03,TX-100,239,Supplier D,29,0.055,2366,CA,1.58,0.68
2021-01-21,TX-200,145,Supplier E,3,0.046,3951,TX,2.26,0.83
2021-12-02,TX-300,243,Supplier A,14,0.081,4371,NY,4.92,0.83
2021-07-12,TX-500,410,Supplier E,2,0.068,3964,FL,3.23,0.66
2022-08-30,TX-100,353,Supplier A,21,0.088,1133,TX,5.12,0.25
2023-10-16,TX-500,345,Supplier D,16,0.073,865,TX,3.76,0.53
2022-09-10,TX-300,201,Supplier C,7,0.095,3460,IL,1.65,0.63
2020-12-17,TX-100,483,Supplier B,11,0.089,1087,NY,5.31,0.89
2023-07-03,TX-100,272,Supplier D,20,0.086,115,FL,5.71,0.16
2023-05-30,TX-300,245,Supplier E,7,0.039,1670,NY,1.83,0.46
2022-01-22,TX-200,137,Supplier E,25,0.039,4527,TX,2.44,0.33
2022-02-19,TX-100,348,Supplier A,19,0.074,178,NY,4.72,0.43
2022-10-21,TX-300,66,Supplier B,19,0.008,3188,TX,5.99,0.18
2021-06-29,TX-400,260,Supplier D,4,0.032,1918,FL,5.44,0.22
2020-03-19,TX-500,281,Supplier B,20,0.093,1144,TX,1.95,0.77
2023-06-13,TX-100,407,Supplier B,26,0.045,1711,CA,4.23,0.48
2020-11-29,TX-400,232,Supplier D,5,0.027,531,TX,4.49,0.51
2022-06-07,TX-100,211,Supplier A,4,0.048,2703,CA,4.34,0.9
2023-10-04,TX-200,416,Supplier A,20,0.029,2175,FL,4.06,0.24
2023-01-26,TX-300,119,Supplier A,28,0.077,712,FL,2.81,0.33
2023-01-10,TX-100,109,Supplier C,7,0.085,4450,TX,4.51,0.31
2021-05-16,TX-300,228,Supplier B,21,0.078,371,CA,4.78,0.66
2022-02-03,TX-100,126,Supplier C,17,0.015,3807,TX,4.09,0.56
2022-07-09,TX-200,84,Supplier A,3,0.034,4757,FL,3.74,0.47
2021-07-03,TX-200,467,Supplier D,3,0.021,4531,CA,2.49,0.67
2020-01-14,TX-400,65,Supplier B,4,0.004,857,IL,3.95,0.48
2021-01-26,TX-200,451,Supplier D,14,0.074,4403,IL,2.08,0.82
2023-10-02,TX-300,343,Supplier E,5,0.043,4230,FL,1.83,0.41
2020-11-05,TX-200,220,Supplier B,26,0.028,213,CA,5.0,0.89
2021-01-20,TX-100,81,Supplier D,20,0.031,2062,TX,4.54,0.12
2023-05-17,TX-200,312,Supplier A,15,0.014,3165,FL,4.42,0.09
2023-10-12,TX-300,264,Supplier C,13,0.083,4048,FL,5.68,0.66
2022-08-31,TX-100,95,Supplier D,13,0.014,933,NY,3.21,0.39
2023-01-22,TX-400,238,Supplier E,15,0.034,1028,TX,3.3,0.46
2023-01-21,TX-400,323,Supplier A,26,0.001,2182,TX,3.36,0.7
2020-12-05,TX-400,120,Supplier E,21,0.044,3015,IL,3.59,0.21
2021-08-19,TX-100,345,Supplier C,23,0.035,1443,NY,3.81,0.04
2022-01-26,TX-400,137,Supplier E,3,0.072,4413,TX,5.0,0.44
2022-11-11,TX-200,383,Supplier D,10,0.072,2191,TX,2.48,0.89
2020-10-17,TX-100,483,Supplier D,18,0.004,1297,IL,3.45,0.45
2020-11-01,TX-100,310,Supplier A,24,0.012,3950,NY,3.77,0.57
2021-09-25,TX-100,231,Supplier C,18,0.09,297,NY,2.26,0.21
2023-02-25,TX-500,391,Supplier C,26,0.079,956,CA,4.66,0.46
2021-09-16,TX-300,491,Supplier B,7,0.039,4497,FL,1.75,0.48
2022-07-27,TX-500,71,Supplier B,9,0.017,2078,CA,4.14,0.24
2023-07-20,TX-500,123,Supplier D,27,0.026,3270,NY,2.41,0.16
2022-04-27,TX-500,139,Supplier E,4,0.066,4600,IL,1.54,0.35
2021-03-17,TX-300,384,Supplier E,15,0.095,1093,CA,2.92,0.04
2021-05-17,TX-500,215,Supplier A,24,0.062,945,IL,3.43,0.17
2020-05-09,TX-400,283,Supplier C,2,0.003,1847,NY,5.18,0.73
2023-03-01,TX-100,424,Supplier D,25,0.065,1667,IL,3.34,0.65
2021-08-19,TX-100,482,Supplier E,9,0.094,445,CA,5.62,0.31
2022-05-11,TX-200,178,Supplier B,23,0.036,255,NY,5.29,0.55
2023-11-14,TX-400,383,Supplier D,29,0.093,3910,NY,2.37,0.83
2021-08-15,TX-300,341,Supplier A,28,0.067,241,CA,2.2,0.84
2022-09-25,TX-100,144,Supplier D,12,0.019,203,FL,2.6,0.65
2020-11-20,TX-500,77,Supplier E,6,0.015,1338,CA,3.12,0.12
2022-12-28,TX-200,403,Supplier A,11,0.018,4149,CA,4.13,0.16
2021-03-23,TX-200,84,Supplier B,22,0.07,4303,TX,2.06,0.29
2022-03-29,TX-100,493,Supplier B,13,0.059,3631,NY,3.89,0.67
2023-04-03,TX-400,280,Supplier E,26,0.046,3975,TX,4.11,0.26
2021-12-09,TX-200,367,Supplier A,9,0.026,1352,TX,4.47,0.46
2023-12-20,TX-100,392,Supplier B,8,0.091,4822,TX,3.98,0.83
2020-09-21,TX-400,479,Supplier A,11,0.021,307,IL,5.21,0.89
2021-09-03,TX-100,413,Supplier D,23,0.028,4922,CA,4.39,0.84
2023-09-27,TX-100,174,Supplier C,2,0.005,3790,TX,5.66,0.12
2022-04-11,TX-400,128,Supplier C,29,0.028,1862,IL,4.65,0.91
2023-07-25,TX-400,430,Supplier C,12,0.092,817,IL,3.46,0.68
2021-11-04,TX-400,110,Supplier B,5,0.019,4008,NY,2.44,0.62
2020-06-05,TX-100,498,Supplier E,26,0.02,1528,CA,1.55,0.25
2023-12-16,TX-200,266,Supplier C,5,0.06,4376,FL,1.91,0.93
2020-09-07,TX-300,331,Supplier E,20,0.057,740,CA,2.35,0.02
2022-05-27,TX-300,212,Supplier C,18,0.018,1922,IL,2.47,0.08
2021-06-13,TX-100,106,Supplier D,24,0.015,3148,CA,4.84,0.15
2020-11-22,TX-100,240,Supplier C,6,0.012,3327,NY,3.24,0.69
2022-08-18,TX-200,181,Supplier E,3,0.086,2019,CA,2.96,0.62
2022-06-13,TX-400,91,Supplier B,21,0.065,1510,IL,1.74,0.94
2020-04-06,TX-100,222,Supplier D,4,0.095,570,IL,3.92,0.35
2021-05-27,TX-500,216,Supplier E,0,0.017,4199,TX,4.26,0.35
2020-08-03,TX-400,299,Supplier A,17,0.046,2351,IL,5.45,0.67
2023-03-01,TX-100,242,Supplier C,16,0.074,1501,NY,3.76,0.17
2023-07-07,TX-500,327,Supplier D,8,0.021,4778,IL,1.53,0.46
2020-05-04,TX-200,444,Supplier B,8,0.068,4799,CA,1.79,0.02
2023-01-10,TX-500,287,Supplier A,20,0.047,1597,FL,2.72,0.59
2023-07-30,TX-100,279,Supplier C,23,0.043,3562,IL,2.13,0.78
2020-02-28,TX-300,214,Supplier D,9,0.064,1820,NY,4.97,0.2
2020-06-09,TX-100,292,Supplier E,19,0.047,678,NY,1.99,0.31
2020-10-10,TX-300,139,Supplier C,16,0.082,2583,NY,2.22,0.13
2020-04-15,TX-200,228,Supplier D,12,0.093,2210,NY,4.5,0.62
2023-02-02,TX-200,107,Supplier C,28,0.059,2700,CA,2.58,0.56
2020-08-15,TX-400,312,Supplier D,3,0.03,842,TX,5.86,0.83
2020-11-13,TX-400,185,Supplier E,22,0.078,4370,FL,5.38,0.97
2022-03-12,TX-300,287,Supplier C,26,0.017,4004,TX,4.85,0.98
2022-05-23,TX-300,356,Supplier D,17,0.009,2130,TX,3.04,0.11
2021-04-16,TX-200,292,Supplier A,17,0.052,3207,TX,1.76,0.55
2022-12-15,TX-500,200,Supplier B,21,0.065,4360,CA,3.01,0.79
2021-09-16,TX-300,395,Supplier D,8,0.083,2328,FL,3.2,0.66
2020-01-13,TX-300,413,Supplier D,2,0.096,3364,IL,2.07,0.9
2022-11-07,TX-500,296,Supplier D,6,0.087,4498,IL,2.04,0.44
2021-11-24,TX-400,268,Supplier C,25,0.099,1834,FL,4.51,0.43
2022-08-30,TX-400,58,Supplier B,14,0.048,2555,FL,2.55,0.03
2020-04-22,TX-300,479,Supplier C,29,0.032,4209,NY,4.55,0.02
2020-08-16,TX-400,343,Supplier D,8,0.046,1554,TX,3.97,0.69
2020-06-19,TX-400,416,Supplier D,26,0.064,2226,NY,5.56,0.47
2020-10-21,TX-400,62,Supplier B,28,0.051,4055,CA,5.09,0.66
2020-07-07,TX-200,312,Supplier A,8,0.063,100,CA,2.18,0.24
2021-03-01,TX-100,444,Supplier C,26,0.089,746,FL,4.25,0.86
2022-09-03,TX-300,274,Supplier A,3,0.017,2642,CA,4.44,0.9
2023-01-07,TX-300,280,Supplier D,17,0.012,1968,FL,5.38,0.66
2021-10-19,TX-200,227,Supplier D,16,0.05,3286,IL,4.38,0.28
2022-07-07,TX-100,296,Supplier E,21,0.098,2723,TX,2.13,0.22
2023-04-20,TX-100,116,Supplier E,20,0.006,3445,CA,2.66,0.63
2021-05-13,TX-200,346,Supplier A,5,0.099,807,NY,4.37,0.94
2022-01-31,TX-500,206,Supplier E,6,0.097,3495,CA,5.6,0.58
2022-05-15,TX-500,214,Supplier B,24,0.029,702,TX,5.51,0.84
2022-04-05,TX-100,233,Supplier A,9,0.089,2931,CA,3.12,0.57
2020-03-11,TX-500,257,Supplier E,9,0.001,4593,FL,5.24,0.67
2020-09-04,TX-500,65,Supplier E,26,0.045,3761,CA,3.8,0.57
2020-05-25,TX-500,349,Supplier B,5,0.04,4944,IL,3.59,0.58
2023-08-12,TX-100,355,Supplier B,5,0.09,3483,IL,3.08,0.74
2021-08-04,TX-500,290,Supplier A,28,0.047,4209,CA,4.55,0.4
2021-04-14,TX-300,279,Supplier C,18,0.042,2256,NY,4.2,0.9
2020-07-11,TX-100,439,Supplier B,28,0.064,4009,CA,3.19,0.86
2022-12-27,TX-200,67,Supplier E,7,0.038,2190,FL,4.93,0.73
2021-05-08,TX-500,196,Supplier A,8,0.054,2972,FL,3.21,0.74
2020-02-21,TX-400,293,Supplier C,0,0.096,2505,FL,4.13,0.41
2022-05-31,TX-100,100,Supplier A,15,0.02,4670,NY,3.27,0.83
2020-12-28,TX-200,499,Supplier E,5,0.046,1198,IL,2.03,0.93
2022-07-05,TX-300,308,Supplier C,22,0.002,2050,FL,2.23,0.8
2021-04-18,TX-200,287,Supplier C,26,0.084,3478,FL,4.46,0.13
2021-06-04,TX-500,295,Supplier B,7,0.009,3924,CA,5.15,0.79
2023-12-25,TX-400,394,Supplier D,14,0.009,2652,IL,3.61,0.46
2023-08-14,TX-500,359,Supplier E,11,0.088,2982,FL,2.97,0.61
2023-12-29,TX-200,98,Supplier D,9,0.041,2110,FL,3.01,0.99
2021-11-21,TX-100,333,Supplier E,15,0.069,593,CA,4.19,0.36
2023-05-06,TX-400,87,Supplier A,14,0.086,1951,CA,3.6,0.35
2023-02-25,TX-400,333,Supplier D,10,0.037,2258,TX,1.5,0.26
2021-06-15,TX-200,81,Supplier C,23,0.026,4736,CA,4.97,0.13
2023-12-05,TX-500,292,Supplier B,6,0.017,2394,CA,2.14,0.17
2022-04-19,TX-200,90,Supplier E,7,0.061,4941,TX,4.54,0.51
2022-12-24,TX-400,341,Supplier B,10,0.025,3486,FL,3.05,0.91
2020-08-28,TX-200,152,Supplier E,8,0.063,1518,CA,4.1,0.81
2023-10-24,TX-400,341,Supplier C,25,0.032,3926,NY,5.35,0.18
2021-06-19,TX-500,156,Supplier C,6,0.035,4022,TX,2.19,0.56
2023-11-08,TX-100,295,Supplier C,14,0.025,2989,TX,5.0,0.85
2023-12-25,TX-100,431,Supplier C,14,0.042,4889,FL,1.67,0.54
2020-03-23,TX-200,136,Supplier C,15,0.016,340,CA,5.65,0.91
2022-09-08,TX-400,115,Supplier B,2,0.032,4891,NY,2.41,0.91
2022-08-08,TX-100,187,Supplier A,15,0.078,3002,FL,5.07,0.35
2021-09-02,TX-400,375,Supplier D,14,0.022,2500,CA,1.8,0.87
2021-07-27,TX-500,249,Supplier B,24,0.095,193,FL,2.97,0.59
2020-10-12,TX-200,384,Supplier D,0,0.049,3498,TX,4.35,0.48
2022-09-15,TX-400,142,Supplier A,13,0.011,1843,TX,4.46,0.77
2021-04-03,TX-200,496,Supplier E,23,0.094,4110,CA,4.64,0.79
2023-05-20,TX-400,397,Supplier A,21,0.046,4248,FL,3.08,0.68
2020-05-05,TX-400,327,Supplier A,10,0.056,4565,CA,4.5,0.81
2023-12-07,TX-500,69,Supplier E,2,0.019,4068,IL,3.43,0.95
2021-02-28,TX-200,338,Supplier D,8,0.033,2757,CA,4.05,0.87
2021-07-07,TX-300,448,Supplier C,5,0.07,1568,IL,3.96,0.07
2021-09-01,TX-400,440,Supplier E,22,0.012,2777,TX,2.26,0.85
2023-03-27,TX-400,139,Supplier E,15,0.057,3461,NY,5.31,0.78
2020-04-21,TX-100,99,Supplier A,10,0.069,2505,TX,5.4,0.93
2021-02-05,TX-200,59,Supplier E,17,0.0,2208,NY,2.42,0.74
2020-05-01,TX-300,128,Supplier B,16,0.084,1375,FL,3.37,0.88
2020-09-29,TX-500,86,Supplier C,16,0.006,4955,NY,3.59,0.01
2023-08-10,TX-300,108,Supplier A,2,0.025,4971,FL,3.97,0.98
2021-02-01,TX-500,137,Supplier D,26,0.096,4761,IL,1.6,0.19
2021-04-15,TX-300,153,Supplier D,18,0.008,1169,FL,4.91,0.86
2022-09-11,TX-300,368,Supplier D,23,0.083,1241,CA,5.38,0.93
2023-05-15,TX-200,326,Supplier D,22,0.065,1666,CA,2.14,0.0
2023-02-07,TX-100,153,Supplier D,14,0.06,2626,CA,5.53,0.91
2023-07-25,TX-300,303,Supplier A,9,0.058,1015,TX,5.33,0.83
2021-07-22,TX-400,279,Supplier B,7,0.017,4473,CA,3.94,0.92
2023-02-11,TX-400,384,Supplier B,16,0.067,4636,FL,2.74,0.18
2022-06-15,TX-400,86,Supplier D,3,0.095,3956,FL,2.43,0.78
2022-03-30,TX-100,350,Supplier B,7,0.008,3004,FL,3.7,0.49
2022-05-02,TX-300,191,Supplier C,25,0.033,1915,CA,3.78,0.26
2021-12-10,TX-500,92,Supplier B,1,0.047,3029,IL,4.43,0.76
2020-11-16,TX-500,165,Supplier E,22,0.023,1901,IL,5.11,0.47
2020-06-27,TX-200,390,Supplier D,7,0.074,2951,TX,5.71,0.9
2022-06-15,TX-100,133,Supplier E,29,0.069,3917,FL,5.08,0.71
2020-08-06,TX-300,466,Supplier E,24,0.012,3893,FL,5.59,0.14
2022-02-27,TX-400,308,Supplier D,6,0.057,1760,TX,3.75,0.25
2021-05-06,TX-100,409,Supplier A,27,0.037,1718,FL,1.67,0.26
2020-03-01,TX-100,136,Supplier B,8,0.023,693,NY,1.73,0.34
2022-12-13,TX-300,477,Supplier C,17,0.085,2170,TX,2.71,0.67
2021-06-21,TX-200,416,Supplier A,26,0.005,747,FL,4.26,0.89
2022-04-27,TX-200,392,Supplier C,16,0.047,1429,TX,3.01,0.59
2022-09-14,TX-200,396,Supplier D,0,0.048,1523,NY,2.25,0.75
2020-03-05,TX-400,340,Supplier B,26,0.057,980,NY,5.33,0.32
2021-08-08,TX-400,458,Supplier A,11,0.02,1334,CA,5.93,0.52
2020-06-19,TX-300,145,Supplier D,3,0.087,1717,FL,1.57,0.5
2023-07-20,TX-200,304,Supplier A,16,0.097,2243,NY,1.9,0.7
2021-06-18,TX-300,391,Supplier E,6,0.055,1556,NY,3.75,0.52
2023-11-15,TX-200,185,Supplier B,23,0.026,2930,NY,3.02,0.33
2021-11-23,TX-100,297,Supplier B,2,0.088,1172,CA,5.02,0.24
2023-09-12,TX-500,421,Supplier D,29,0.099,3832,FL,4.44,0.25
2020-04-17,TX-500,495,Supplier D,0,0.074,1178,TX,1.81,0.98
2023-03-31,TX-200,451,Supplier D,18,0.033,4718,CA,3.95,0.36
2022-03-24,TX-300,141,Supplier B,1,0.024,2068,FL,3.01,0.81
2022-10-01,TX-400,461,Supplier E,5,0.016,187,NY,5.84,0.07
2021-03-27,TX-200,445,Supplier B,10,0.023,4551,CA,3.64,0.09
2023-05-14,TX-200,497,Supplier D,22,0.023,1188,IL,5.67,0.69
2021-08-12,TX-400,296,Supplier C,24,0.097,2338,IL,1.64,0.46
2022-11-05,TX-200,307,Supplier E,20,0.064,753,NY,1.96,0.88
2020-11-22,TX-100,236,Supplier B,3,0.017,3209,FL,3.24,0.86
2021-08-30,TX-400,470,Supplier C,0,0.049,1497,FL,5.49,0.76
2021-10-20,TX-100,173,Supplier E,10,0.018,4860,CA,3.95,0.82
2020-01-02,TX-500,309,Supplier B,15,0.061,2527,IL,5.21,0.87
2022-10-30,TX-400,218,Supplier D,29,0.034,2184,FL,2.78,0.78
2021-03-09,TX-400,478,Supplier B,5,0.02,838,CA,2.0,0.53
2020-05-04,TX-300,414,Supplier E,10,0.024,3099,CA,2.61,0.26
2023-01-09,TX-300,160,Supplier D,7,0.068,4050,IL,4.4,0.79
2021-04-29,TX-400,339,Supplier A,19,0.041,3306,NY,5.42,0.32
2021-10-13,TX-500,136,Supplier C,0,0.051,4206,CA,3.55,0.24
2023-03-19,TX-200,62,Supplier D,13,0.082,4529,NY,2.37,0.17
2022-03-10,TX-300,312,Supplier D,29,0.066,2566,IL,4.37,0.63
2022-05-22,TX-500,337,Supplier E,20,0.046,980,CA,2.39,0.24
2023-09-25,TX-500,72,Supplier E,25,0.095,2455,TX,4.07,0.37
2020-05-08,TX-300,482,Supplier C,20,0.021,4776,IL,1.96,0.71
2021-03-13,TX-200,249,Supplier E,1,0.029,4365,IL,5.15,0.79
2022-01-20,TX-300,291,Supplier D,5,0.091,3320,TX,5.12,0.31
2021-05-15,TX-500,288,Supplier C,25,0.085,1636,IL,3.94,0.84
2022-12-17,TX-100,352,Supplier C,8,0.013,4078,TX,1.67,0.06
2023-05-06,TX-300,214,Supplier B,13,0.093,4717,TX,2.76,0.99
2020-07-29,TX-500,275,Supplier D,21,0.001,539,IL,2.12,0.42
2022-06-20,TX-300,225,Supplier D,7,0.082,2146,TX,3.86,0.32
2020-02-14,TX-500,78,Supplier E,25,0.028,2294,TX,1.96,0.92
2023-01-25,TX-200,214,Supplier D,2,0.019,985,IL,5.41,0.13
2023-07-26,TX-500,72,Supplier E,9,0.045,397,TX,5.33,0.36
2021-06-18,TX-400,343,Supplier D,17,0.09,2956,NY,2.2,0.36
2023-12-04,TX-100,432,Supplier B,19,0.079,993,IL,4.63,0.42
2021-04-05,TX-500,93,Supplier D,27,0.097,759,IL,4.63,0.85
2021-01-25,TX-300,310,Supplier B,8,0.054,223,NY,3.29,0.85
2022-12-03,TX-300,229,Supplier D,8,0.051,3582,FL,2.19,0.59
2020-01-27,TX-500,345,Supplier D,18,0.001,3951,CA,2.09,0.99
2022-03-04,TX-400,188,Supplier A,27,0.018,347,TX,4.83,0.84
2023-01-25,TX-500,383,Supplier D,12,0.05,1585,TX,2.49,0.68
2022-09-01,TX-200,297,Supplier B,0,0.075,1505,CA,4.22,0.2
2021-07-01,TX-400,290,Supplier C,16,0.082,1229,TX,5.4,0.55
2021-09-12,TX-500,155,Supplier B,3,0.028,3029,TX,4.17,0.21
2021-07-20,TX-100,435,Supplier D,3,0.071,4873,NY,5.88,0.3
2021-12-04,TX-400,468,Supplier E,26,0.083,1573,NY,4.4,0.69
2023-05-27,TX-500,222,Supplier A,15,0.037,2627,NY,2.92,0.18
2020-07-03,TX-100,98,Supplier E,27,0.07,568,NY,5.34,0.09
2022-12-28,TX-500,172,Supplier A,15,0.044,2926,IL,2.9,0.53
2023-02-27,TX-200,84,Supplier A,14,0.099,2018,TX,5.87,0.0
2022-04-27,TX-300,155,Supplier E,25,0.001,438,CA,3.65,0.61
2021-08-21,TX-500,377,Supplier D,5,0.041,3797,TX,5.79,0.9
2022-03-16,TX-400,465,Supplier B,4,0.026,3933,IL,2.33,0.19
2023-09-19,TX-500,245,Supplier E,21,0.085,4550,IL,1.55,0.38
2023-03-23,TX-500,158,Supplier C,9,0.029,2152,TX,2.38,0.92
2020-03-19,TX-500,174,Supplier A,6,0.054,345,TX,1.94,0.7
2021-08-01,TX-500,376,Supplier B,6,0.074,1086,NY,4.8,0.14
2021-02-16,TX-400,344,Supplier C,9,0.05,746,IL,2.69,0.38
2021-06-29,TX-400,481,Supplier B,29,0.041,543,TX,4.38,0.76
2020-06-17,TX-500,396,Supplier D,9,0.004,386,CA,4.51,0.66
2021-11-11,TX-300,86,Supplier C,24,0.002,4407,CA,4.6,0.16
2021-08-05,TX-500,237,Supplier E,14,0.096,3708,NY,5.25,0.06
2021-05-29,TX-400,386,Supplier B,5,0.064,948,NY,2.17,0.68
2023-08-30,TX-200,437,Supplier E,23,0.083,1608,TX,1.73,0.61
2020-02-01,TX-500,72,Supplier E,1,0.048,434,CA,1.63,0.06
2020-10-13,TX-500,447,Supplier B,7,0.026,986,IL,1.97,0.97
2021-08-16,TX-500,310,Supplier B,24,0.029,4141,FL,3.21,0.25
2022-12-02,TX-500,243,Supplier A,19,0.004,4367,CA,5.85,0.39
2021-09-08,TX-100,415,Supplier A,14,0.079,974,IL,3.09,0.18
2022-10-21,TX-500,201,Supplier C,20,0.058,2666,CA,3.54,0.83
2020-09-26,TX-400,67,Supplier C,20,0.048,3786,TX,5.16,0.96
2023-04-18,TX-400,76,Supplier C,17,0.085,1430,FL,5.63,0.21
2021-06-01,TX-100,73,Supplier A,4,0.044,2300,FL,5.87,0.28
2023-01-31,TX-500,78,Supplier E,24,0.095,4682,TX,5.22,0.71
2022-10-30,TX-300,188,Supplier D,3,0.001,1873,TX,3.76,0.53
2021-08-05,TX-500,195,Supplier D,9,0.098,2127,NY,2.53,0.11
2023-01-18,TX-400,172,Supplier B,18,0.082,3853,IL,4.19,0.93
2020-08-13,TX-200,177,Supplier A,13,0.035,4606,IL,2.39,0.61
2021-10-31,TX-200,417,Supplier B,22,0.06,1544,NY,1.75,0.3
2022-07-05,TX-300,166,Supplier D,23,0.086,4695,IL,5.64,0.49
2020-05-05,TX-500,181,Supplier B,12,0.048,667,FL,3.68,0.5
2022-08-13,TX-100,338,Supplier A,28,0.005,1797,CA,3.79,0.53
2023-05-17,TX-500,255,Supplier A,9,0.09,4864,FL,4.24,0.5
2023-01-25,TX-300,285,Supplier A,21,0.052,3243,NY,3.53,0.56
2020-03-14,TX-300,91,Supplier D,5,0.055,1200,IL,3.5,0.39
2023-04-29,TX-300,209,Supplier A,12,0.001,145,IL,5.62,0.15
2020-02-25,TX-200,301,Supplier C,20,0.01,2952,CA,5.17,0.66
2021-12-20,TX-500,228,Supplier C,10,0.078,2906,CA,2.46,0.79
2021-07-06,TX-500,174,Supplier A,21,0.043,1638,CA,2.81,0.84
2020-02-01,TX-100,309,Supplier C,24,0.1,2883,FL,4.47,0.02
2021-07-27,TX-300,325,Supplier A,14,0.07,860,NY,4.07,0.4
2021-10-28,TX-300,262,Supplier D,1,0.095,1612,NY,4.95,0.98
2020-10-10,TX-400,373,Supplier C,25,0.028,760,NY,4.77,0.06
2020-07-05,TX-400,239,Supplier D,26,0.018,797,FL,4.69,0.79
2021-05-12,TX-200,107,Supplier C,14,0.038,1130,TX,5.46,0.13
2020-05-09,TX-500,480,Supplier E,18,0.026,924,IL,4.95,0.82
2021-09-30,TX-100,252,Supplier E,16,0.061,2439,FL,2.59,0.67
2023-08-08,TX-100,129,Supplier D,19,0.074,1078,NY,5.43,0.73
2020-04-23,TX-300,492,Supplier C,17,0.04,1403,FL,3.01,0.98
2023-05-07,TX-100,277,Supplier E,5,0.009,2683,FL,5.6,0.94
2020-01-13,TX-300,439,Supplier A,14,0.003,4507,TX,5.21,0.3
2023-07-18,TX-500,144,Supplier B,28,0.022,3896,CA,1.83,0.38
2023-05-23,TX-100,473,Supplier E,16,0.073,1824,NY,4.97,0.41
2021-03-19,TX-300,456,Supplier E,23,0.022,2638,FL,3.75,0.18
2021-03-22,TX-500,485,Supplier A,25,0.091,2431,CA,5.9,0.38
2022-09-12,TX-500,53,Supplier E,21,0.065,3929,IL,3.56,0.98
2022-09-19,TX-300,214,Supplier E,8,0.086,656,IL,1.8,0.49
2021-12-15,TX-300,475,Supplier E,11,0.039,1222,IL,2.82,0.95
2020-03-14,TX-200,349,Supplier C,21,0.098,2215,FL,3.44,0.07
2021-06-20,TX-500,430,Supplier E,25,0.068,2225,FL,4.16,0.04
2020-04-10,TX-300,91,Supplier B,22,0.036,3317,TX,2.18,0.58
2020-06-24,TX-500,334,Supplier C,4,0.021,174,NY,3.82,0.74
2021-03-02,TX-100,278,Supplier C,13,0.087,613,CA,3.68,0.22
2023-02-14,TX-400,452,Supplier D,23,0.032,4961,IL,5.26,0.5
2023-04-04,TX-400,292,Supplier E,7,0.004,4329,CA,2.86,0.87
2020-02-10,TX-300,261,Supplier B,25,0.028,3190,TX,3.52,0.76
2021-03-04,TX-300,465,Supplier B,24,0.018,2839,IL,3.25,0.23
2020-12-09,TX-500,349,Supplier D,27,0.032,2976,CA,4.35,0.33
2023-12-18,TX-300,104,Supplier B,21,0.061,2131,NY,5.26,0.31
2020-12-31,TX-500,385,Supplier C,16,0.05,3291,NY,4.54,0.72
2023-02-17,TX-300,438,Supplier A,8,0.071,3506,TX,3.59,0.97
2021-08-31,TX-500,418,Supplier C,2,0.033,4090,CA,4.37,0.28
2021-10-18,TX-300,479,Supplier A,24,0.012,630,TX,2.95,0.59
2021-12-28,TX-200,222,Supplier B,6,0.016,4265,TX,2.15,0.99
2020-08-16,TX-500,326,Supplier E,29,0.08,533,TX,2.94,0.16
2022-04-04,TX-200,383,Supplier A,11,0.01,1729,FL,3.5,0.66
2023-02-27,TX-200,278,Supplier C,28,0.08,3833,NY,3.48,0.33
2023-10-07,TX-200,455,Supplier C,2,0.021,3807,FL,4.82,0.99
2022-06-07,TX-200,79,Supplier C,8,0.068,3393,FL,5.71,0.11
2023-09-03,TX-100,72,Supplier C,13,0.062,166,NY,3.25,0.45
2022-09-10,TX-400,54,Supplier D,22,0.01,2954,TX,1.89,0.25
2022-04-15,TX-100,112,Supplier B,22,0.067,2378,CA,1.65,0.03
2023-09-22,TX-300,270,Supplier E,22,0.045,767,TX,1.52,0.96
2023-07-20,TX-300,364,Supplier D,17,0.071,4068,TX,5.72,0.57
2020-04-26,TX-400,131,Supplier B,10,0.084,249,FL,5.98,0.7
2022-03-28,TX-400,291,Supplier A,3,0.004,1232,CA,1.73,0.62
2021-01-02,TX-400,302,Supplier D,25,0.065,4810,NY,3.11,0.15
2023-01-22,TX-200,101,Supplier D,7,0.01,639,IL,4.51,0.17
2020-06-16,TX-100,370,Supplier D,27,0.038,1921,NY,2.31,0.63
2022-08-11,TX-300,88,Supplier D,17,0.001,574,CA,4.17,0.78
2023-09-26,TX-100,308,Supplier A,12,0.033,2401,NY,5.16,0.61
2021-10-22,TX-100,475,Supplier C,3,0.017,3724,FL,5.36,0.57
2021-11-25,TX-100,376,Supplier D,9,0.056,2640,CA,4.68,0.75
2022-07-13,TX-400,460,Supplier B,7,0.051,2812,IL,1.87,0.24
2020-05-31,TX-400,461,Supplier C,11,0.079,2718,IL,3.07,0.73
2021-08-08,TX-300,487,Supplier A,18,0.064,2949,CA,5.85,0.41
2022-07-01,TX-300,320,Supplier E,11,0.071,3338,NY,2.37,0.67
2020-09-30,TX-300,486,Supplier A,21,0.009,2256,IL,3.54,0.27
2021-05-10,TX-100,121,Supplier E,27,0.003,3588,CA,3.0,0.14
2020-04-10,TX-400,119,Supplier B,1,0.097,2903,CA,2.42,0.03
2021-07-10,TX-200,269,Supplier E,23,0.043,4473,CA,2.96,0.8
2023-01-10,TX-100,53,Supplier D,7,0.039,3582,TX,2.35,0.2
2020-03-13,TX-500,399,Supplier C,27,0.004,2814,NY,5.45,0.36
2022-11-03,TX-100,450,Supplier C,12,0.012,349,CA,2.28,0.77
2023-12-27,TX-400,339,Supplier D,0,0.094,658,CA,4.31,0.45
2020-06-05,TX-500,429,Supplier C,2,0.069,1685,TX,5.74,0.22
2022-01-04,TX-100,439,Supplier A,29,0.041,3546,FL,5.79,0.19
2020-05-11,TX-400,341,Supplier D,1,0.09,3794,TX,4.2,0.41
2023-09-23,TX-400,404,Supplier D,22,0.059,2431,CA,2.72,0.57
2022-10-15,TX-200,280,Supplier C,22,0.075,4939,NY,2.62,0.39
2023-11-28,TX-100,472,Supplier E,19,0.043,1824,TX,4.86,0.9
2023-10-31,TX-400,129,Supplier B,27,0.043,1686,CA,5.91,0.0
2021-07-12,TX-300,115,Supplier E,27,0.007,4936,NY,1.85,0.4
2020-04-16,TX-400,185,Supplier A,7,0.073,2005,TX,5.05,0.74
2020-09-21,TX-200,448,Supplier D,2,0.01,2892,IL,2.05,0.89
2023-05-13,TX-400,240,Supplier D,29,0.076,516,NY,2.84,0.36
2023-01-07,TX-100,396,Supplier A,24,0.019,2678,CA,4.05,0.67
2020-06-03,TX-100,385,Supplier B,20,0.025,3713,NY,2.84,0.58
2022-09-14,TX-500,498,Supplier D,29,0.092,903,NY,4.43,0.2
2022-09-23,TX-100,108,Supplier E,28,0.047,3050,CA,3.38,0.68
2020-09-03,TX-500,315,Supplier A,14,0.013,4311,IL,2.49,0.25
2021-06-14,TX-300,56,Supplier D,29,0.091,3278,NY,3.89,0.78
2022-05-07,TX-200,417,Supplier E,1,0.045,1669,CA,1.61,0.87
2021-06-21,TX-300,251,Supplier A,24,0.013,3349,NY,4.83,0.48
2021-12-29,TX-500,381,Supplier A,16,0.039,397,FL,3.85,0.05
2023-03-23,TX-400,286,Supplier A,26,0.059,3332,IL,5.76,0.74
2020-06-02,TX-400,317,Supplier B,23,0.036,881,FL,1.96,0.47
2020-04-01,TX-300,128,Supplier A,5,0.092,3132,NY,4.8,0.09
2023-12-27,TX-400,95,Supplier C,27,0.027,4607,IL,2.85,0.33
2020-12-03,TX-500,292,Supplier C,0,0.018,4821,CA,3.18,0.29
2023-02-28,TX-200,337,Supplier A,29,0.022,522,FL,3.07,0.73
2021-03-25,TX-100,209,Supplier D,3,0.008,1217,IL,3.11,0.42
2022-03-20,TX-500,164,Supplier C,18,0.045,4738,IL,3.44,0.59
2022-02-25,TX-500,163,Supplier E,6,0.088,4950,NY,1.59,0.5
2020-09-29,TX-100,175,Supplier E,22,0.031,4071,FL,5.31,0.72
2021-08-10,TX-100,139,Supplier D,21,0.026,2985,CA,5.47,0.72
2020-06-25,TX-200,110,Supplier E,13,0.084,635,TX,1.68,0.45
2022-04-10,TX-200,366,Supplier D,25,0.031,2365,NY,4.99,0.14
2021-10-04,TX-200,151,Supplier E,13,0.048,1477,IL,1.83,0.41
2022-12-08,TX-400,163,Supplier A,9,0.003,3748,FL,5.14,0.16
2021-07-20,TX-500,223,Supplier E,27,0.029,1223,TX,4.26,0.96
2021-10-27,TX-100,141,Supplier A,23,0.013,520,IL,2.88,0.95
2023-10-10,TX-500,232,Supplier E,6,0.011,2462,FL,4.26,0.46
2023-08-24,TX-500,434,Supplier E,15,0.043,414,FL,3.78,0.03
2022-05-17,TX-200,254,Supplier E,3,0.028,2586,TX,4.36,0.37
2022-12-05,TX-200,412,Supplier A,6,0.017,1700,IL,3.64,0.9
2020-10-28,TX-500,244,Supplier E,14,0.051,3248,TX,4.98,0.29
2022-05-17,TX-200,354,Supplier E,16,0.078,2717,CA,1.7,0.62
2022-06-30,TX-400,74,Supplier B,2,0.073,199,NY,3.05,0.18
2021-02-11,TX-100,283,Supplier A,15,0.025,990,NY,4.02,0.83
2023-04-27,TX-500,65,Supplier C,1,0.026,911,CA,4.15,0.89
2022-04-01,TX-100,190,Supplier D,6,0.073,3632,IL,2.26,0.62
2023-02-26,TX-400,485,Supplier B,24,0.056,1521,TX,1.84,0.62
2021-07-14,TX-200,157,Supplier E,15,0.074,4143,NY,1.59,0.38
2023-07-13,TX-300,469,Supplier C,20,0.0,344,CA,3.36,0.71
2023-02-15,TX-400,349,Supplier C,8,0.009,3552,FL,2.99,0.48
2021-04-08,TX-300,388,Supplier E,11,0.08,2199,NY,4.06,0.75
2020-05-23,TX-100,352,Supplier E,28,0.085,3362,NY,3.52,0.97
2021-03-17,TX-500,429,Supplier B,23,0.034,2269,CA,3.27,0.82
2023-05-08,TX-200,129,Supplier A,0,0.096,3582,TX,5.29,0.52
2023-03-26,TX-400,125,Supplier B,13,0.03,1113,NY,4.3,0.98
2021-05-01,TX-200,325,Supplier A,10,0.089,4489,TX,4.41,0.61
2022-05-09,TX-300,451,Supplier C,17,0.042,345,CA,3.22,0.06
2023-03-03,TX-300,487,Supplier D,21,0.056,4167,FL,5.0,0.73
2020-05-27,TX-500,317,Supplier E,4,0.064,1307,NY,2.18,0.82
2023-09-21,TX-300,161,Supplier B,14,0.013,3620,TX,3.31,0.13
2022-12-30,TX-500,458,Supplier C,26,0.004,2493,TX,1.71,0.68
2023-06-10,TX-400,365,Supplier B,6,0.043,3339,IL,2.02,0.92
2023-09-19,TX-500,124,Supplier A,24,0.016,1739,TX,1.87,0.25
2022-03-21,TX-300,263,Supplier E,13,0.055,3576,TX,3.49,0.59
2021-10-27,TX-100,415,Supplier A,19,0.045,2748,CA,4.64,0.27
2020-03-30,TX-500,83,Supplier A,7,0.012,3695,TX,2.91,0.77
2023-09-19,TX-200,190,Supplier A,3,0.067,2183,IL,1.62,0.58
2020-07-17,TX-100,215,Supplier C,2,0.002,1139,FL,4.68,0.43
2023-03-30,TX-500,445,Supplier E,11,0.013,2821,IL,2.43,0.03
2021-06-21,TX-200,280,Supplier D,17,0.07,2859,FL,4.75,0.94
2023-02-18,TX-100,341,Supplier B,23,0.053,1086,NY,1.53,0.5
2020-10-27,TX-500,77,Supplier A,14,0.028,2570,FL,2.91,0.8
2021-12-24,TX-400,344,Supplier E,10,0.018,1059,FL,4.3,0.39
2022-08-20,TX-200,382,Supplier B,23,0.064,2352,IL,5.42,0.85
2023-12-30,TX-400,476,Supplier E,10,0.021,4352,CA,4.89,0.16
2020-03-08,TX-300,409,Supplier B,11,0.098,398,CA,3.52,0.23
2021-04-03,TX-500,140,Supplier E,18,0.087,118,FL,4.73,0.33
2021-02-01,TX-500,164,Supplier D,16,0.013,1622,IL,3.92,0.09
2021-09-11,TX-200,208,Supplier E,28,0.086,2285,CA,5.16,0.44
2023-08-02,TX-500,307,Supplier E,5,0.035,799,CA,4.97,0.49
2023-03-09,TX-300,422,Supplier A,20,0.049,4238,IL,5.89,0.11
2021-12-30,TX-500,387,Supplier A,7,0.014,724,FL,1.97,0.43
2021-07-09,TX-100,139,Supplier A,14,0.012,2516,NY,3.03,0.2
2022-02-19,TX-400,294,Supplier E,21,0.087,4174,IL,2.37,0.88
2022-06-12,TX-300,347,Supplier D,19,0.063,1252,IL,4.34,0.51
2021-09-01,TX-300,80,Supplier B,25,0.046,1398,IL,4.49,0.95
2022-01-17,TX-400,366,Supplier A,9,0.004,475,FL,2.42,0.34
2020-10-08,TX-400,407,Supplier C,27,0.092,4092,FL,3.4,0.34
2021-10-22,TX-300,361,Supplier E,14,0.038,1482,IL,4.21,0.34
2022-07-12,TX-400,277,Supplier D,11,0.042,951,CA,4.47,0.27
2022-09-22,TX-200,388,Supplier D,10,0.029,1407,NY,1.96,0.78
2022-01-15,TX-400,177,Supplier A,17,0.089,3278,TX,5.64,0.28
2020-03-27,TX-100,319,Supplier A,23,0.034,582,IL,1.65,0.29
2023-01-07,TX-100,319,Supplier C,4,0.017,1147,IL,5.88,0.05
2023-05-13,TX-200,462,Supplier C,11,0.05,1018,FL,2.92,0.97
2022-03-01,TX-400,258,Supplier A,23,0.078,2628,FL,2.92,0.89
2023-09-22,TX-100,227,Supplier B,4,0.037,4183,TX,3.51,0.29
2023-07-01,TX-500,355,Supplier A,21,0.065,2465,FL,4.63,0.52
2020-10-30,TX-400,240,Supplier A,28,0.03,2290,FL,2.22,0.48
2023-11-04,TX-200,406,Supplier D,9,0.072,4711,CA,2.65,0.09
2020-05-09,TX-400,498,Supplier A,13,0.067,2147,NY,5.83,0.53
2021-08-18,TX-300,117,Supplier A,15,0.068,1834,CA,5.45,0.11
2023-07-23,TX-300,376,Supplier A,4,0.065,1636,IL,2.46,0.43
2021-07-11,TX-100,316,Supplier B,10,0.016,2472,CA,4.08,0.09
2022-06-17,TX-300,319,Supplier D,18,0.089,1649,TX,2.42,0.59
2023-04-21,TX-200,411,Supplier E,25,0.059,1345,CA,3.98,0.05
2023-07-15,TX-100,409,Supplier E,7,0.038,2633,FL,3.15,0.63
2023-09-07,TX-200,436,Supplier E,18,0.017,1914,TX,3.13,0.71
2020-03-18,TX-200,177,Supplier E,19,0.078,3626,TX,4.36,0.57
2022-02-22,TX-300,313,Supplier D,21,0.051,1231,IL,2.63,0.47
2023-09-24,TX-300,270,Supplier A,17,0.015,4565,IL,3.32,0.06
2021-11-04,TX-200,291,Supplier E,29,0.092,3059,FL,5.66,0.01
2020-08-25,TX-300,293,Supplier A,22,0.011,4588,NY,4.9,0.34
2023-03-03,TX-300,476,Supplier E,20,0.052,4314,TX,3.22,0.77
2023-04-30,TX-300,442,Supplier B,11,0.061,1873,FL,2.54,0.65
2023-10-11,TX-400,68,Supplier A,25,0.1,4549,IL,4.47,0.13
2020-10-04,TX-200,445,Supplier D,12,0.014,865,IL,5.13,0.69
2022-11-07,TX-500,204,Supplier B,20,0.061,3104,NY,5.37,0.57
2021-06-07,TX-200,278,Supplier B,20,0.048,1680,TX,4.04,0.17
2020-06-28,TX-100,417,Supplier D,28,0.026,1761,TX,3.83,0.76
2020-05-02,TX-300,107,Supplier B,28,0.094,1770,FL,4.74,0.83
2023-06-23,TX-300,330,Supplier A,17,0.079,1187,NY,2.29,0.23
2023-10-28,TX-500,94,Supplier C,26,0.078,4047,CA,5.33,0.64
2022-12-10,TX-100,151,Supplier C,28,0.09,3589,FL,1.83,0.38
2022-12-30,TX-400,97,Supplier E,14,0.073,4477,TX,4.21,0.06
2021-04-24,TX-200,99,Supplier E,14,0.051,2700,FL,4.15,0.86
2022-11-08,TX-400,130,Supplier A,11,0.039,2589,FL,2.9,0.82
2020-03-24,TX-100,349,Supplier D,25,0.07,3481,FL,1.66,0.32
2023-03-24,TX-500,108,Supplier A,8,0.06,1536,FL,4.73,0.53
2021-07-18,TX-100,210,Supplier E,18,0.054,915,TX,1.61,0.51
2021-09-10,TX-500,152,Supplier B,11,0.059,331,NY,2.31,0.18
2020-12-22,TX-400,383,Supplier A,22,0.066,1584,NY,3.95,0.15
2022-03-26,TX-400,461,Supplier A,4,0.097,3755,IL,5.73,0.84
2021-10-08,TX-100,323,Supplier D,25,0.075,1578,IL,1.8,0.87
2021-03-18,TX-100,232,Supplier E,25,0.018,4584,CA,4.1,0.73
2022-12-28,TX-300,466,Supplier A,20,0.047,1431,NY,2.98,0.07
2021-06-06,TX-500,165,Supplier B,19,0.068,1380,FL,4.51,0.91
2020-05-22,TX-300,411,Supplier B,9,0.018,2521,IL,5.79,0.98
2020-07-10,TX-200,448,Supplier C,21,0.093,3723,FL,2.71,0.78
2023-11-11,TX-200,494,Supplier E,6,0.008,2339,CA,5.8,0.35
2021-01-12,TX-100,316,Supplier B,22,0.061,3694,NY,5.42,0.41
2021-08-03,TX-400,213,Supplier D,10,0.098,1505,TX,4.23,0.87
2021-06-18,TX-200,192,Supplier E,27,0.073,1987,CA,4.91,0.28
2023-08-09,TX-200,486,Supplier B,7,0.068,2282,TX,5.39,0.14
2022-10-29,TX-300,367,Supplier A,20,0.1,278,NY,5.12,0.82
2023-07-18,TX-300,353,Supplier E,6,0.079,650,TX,2.97,0.19
2023-11-11,TX-200,143,Supplier B,15,0.097,4751,NY,5.16,0.91
2020-04-02,TX-100,299,Supplier A,27,0.07,4174,FL,2.91,0.6
2021-06-12,TX-300,448,Supplier C,15,0.067,3466,CA,5.4,0.56
2023-03-23,TX-200,496,Supplier E,13,0.076,4352,FL,2.65,0.78
2021-02-08,TX-400,392,Supplier E,14,0.019,300,NY,4.08,0.02
2022-04-19,TX-300,476,Supplier B,19,0.081,3995,NY,4.62,0.71
2023-03-18,TX-200,355,Supplier C,8,0.097,1446,FL,3.42,0.6
2022-06-07,TX-500,365,Supplier D,15,0.061,4540,FL,5.02,0.52
2023-07-14,TX-300,289,Supplier B,15,0.001,2563,FL,5.66,0.22
2021-02-25,TX-500,108,Supplier B,4,0.007,2244,CA,2.34,0.83
2021-04-16,TX-300,64,Supplier D,2,0.023,720,CA,1.65,0.25
2022-06-11,TX-300,334,Supplier D,20,0.049,1877,NY,4.32,0.49
2021-06-30,TX-500,252,Supplier D,24,0.041,3980,IL,4.21,0.16
2021-09-22,TX-100,286,Supplier D,12,0.098,1232,FL,3.04,0.97
2022-11-03,TX-200,345,Supplier D,28,0.095,1054,TX,5.03,0.19
2022-02-16,TX-100,336,Supplier A,26,0.039,231,TX,5.22,0.8
2020-12-29,TX-100,122,Supplier A,7,0.079,704,TX,2.99,0.26
2020-04-28,TX-200,263,Supplier D,16,0.064,4761,FL,4.57,0.26
2023-06-15,TX-400,60,Supplier C,4,0.024,1500,IL,4.39,0.42
2021-06-29,TX-100,386,Supplier C,5,0.093,3366,IL,3.04,0.85
2023-04-07,TX-100,274,Supplier D,28,0.026,4453,CA,5.86,0.69
2021-06-05,TX-100,367,Supplier A,25,0.087,4175,IL,3.06,0.87
2021-09-25,TX-400,252,Supplier C,28,0.064,4039,TX,4.29,0.05
2022-08-20,TX-300,280,Supplier A,26,0.062,2993,TX,3.21,0.96
2022-08-15,TX-500,441,Supplier B,1,0.084,2648,FL,1.55,0.08
2022-06-01,TX-500,100,Supplier A,29,0.049,3983,CA,1.91,0.72
2022-02-18,TX-400,106,Supplier D,21,0.085,1985,NY,2.55,0.21
2022-05-20,TX-100,181,Supplier E,13,0.055,438,CA,5.15,0.84
2021-05-30,TX-500,469,Supplier D,24,0.098,2166,NY,3.49,0.86
2022-07-26,TX-400,452,Supplier B,29,0.066,1010,CA,4.15,0.55
2023-11-21,TX-200,329,Supplier A,3,0.037,4096,IL,5.75,0.4
2022-05-15,TX-500,346,Supplier C,2,0.076,4918,CA,2.16,0.79
2020-04-15,TX-200,354,Supplier D,8,0.051,953,FL,5.38,0.87
2023-01-13,TX-100,274,Supplier C,17,0.081,4370,NY,3.21,0.74
2020-08-01,TX-500,223,Supplier A,11,0.083,4186,IL,3.02,0.91
2023-02-18,TX-400,341,Supplier B,8,0.062,4714,IL,4.31,0.63
2023-03-01,TX-300,315,Supplier D,26,0.087,996,CA,5.54,0.67
2022-04-29,TX-500,296,Supplier C,25,0.04,332,IL,3.07,0.57
2020-07-15,TX-500,127,Supplier D,26,0.006,2858,TX,4.93,0.49
2020-01-19,TX-500,184,Supplier D,26,0.066,4729,TX,1.59,0.65
2021-10-03,TX-500,189,Supplier C,17,0.076,924,TX,4.3,0.56
2022-11-01,TX-400,391,Supplier B,29,0.007,224,CA,4.34,0.73
2023-01-09,TX-400,302,Supplier D,12,0.077,3756,NY,4.0,0.93
2020-11-25,TX-300,225,Supplier B,26,0.064,797,CA,5.72,0.37
2022-05-15,TX-400,470,Supplier B,13,0.012,1161,FL,5.72,0.41
2022-02-12,TX-400,469,Supplier A,9,0.054,347,IL,3.04,0.02
2021-01-26,TX-100,109,Supplier C,2,0.011,4195,TX,3.55,0.53
2021-09-28,TX-100,401,Supplier A,28,0.032,2106,CA,5.07,0.13
2020-11-02,TX-200,303,Supplier E,6,0.08,2019,CA,5.3,0.72
2023-07-14,TX-300,57,Supplier A,17,0.01,1711,IL,3.38,0.78
2022-06-13,TX-100,440,Supplier D,15,0.046,240,CA,3.07,0.72
2021-10-13,TX-300,156,Supplier D,16,0.061,4292,TX,5.19,0.55
2022-04-20,TX-300,220,Supplier D,24,0.094,3763,IL,3.2,0.53
2022-10-22,TX-500,107,Supplier E,5,0.074,3427,NY,3.32,0.65
2021-06-03,TX-300,386,Supplier B,24,0.014,1477,TX,2.11,0.55
2021-09-27,TX-500,391,Supplier D,11,0.097,4140,FL,3.94,0.75
2023-08-25,TX-200,479,Supplier A,18,0.048,2963,FL,2.97,0.89
2022-01-09,TX-200,339,Supplier B,2,0.037,1650,IL,4.16,0.54
2021-04-13,TX-200,133,Supplier A,25,0.013,2117,TX,3.52,0.11
2020-07-30,TX-500,166,Supplier A,27,0.093,907,TX,4.87,0.13
2023-02-09,TX-500,249,Supplier D,2,0.059,2945,TX,2.75,0.38
2022-10-28,TX-200,71,Supplier A,17,0.099,3539,FL,2.27,0.5
2022-03-14,TX-500,268,Supplier E,28,0.017,4730,IL,4.66,0.23
2021-04-21,TX-400,275,Supplier B,10,0.055,2412,FL,3.23,0.45
2022-05-23,TX-400,454,Supplier D,5,0.011,771,CA,4.04,0.14
2021-04-04,TX-500,320,Supplier D,18,0.052,404,NY,5.73,0.24
2020-09-09,TX-500,438,Supplier A,4,0.089,2576,FL,3.68,0.73
2022-01-21,TX-100,151,Supplier A,12,0.011,4979,IL,2.19,0.99
2022-09-07,TX-100,194,Supplier C,26,0.027,1411,FL,3.42,0.19
2022-05-03,TX-300,196,Supplier C,4,0.068,2940,CA,3.65,0.34
2020-08-23,TX-300,310,Supplier D,25,0.008,4033,CA,4.95,0.35
2023-08-22,TX-300,328,Supplier D,2,0.045,4232,CA,2.38,0.22
2021-04-22,TX-200,388,Supplier A,18,0.033,4496,CA,3.06,0.2
2021-11-09,TX-400,63,Supplier E,16,0.084,235,NY,1.73,0.13
2022-11-09,TX-200,315,Supplier E,21,0.005,3412,TX,4.66,0.91
2020-08-03,TX-500,336,Supplier A,2,0.086,4370,CA,4.85,0.65
2022-05-04,TX-100,190,Supplier C,14,0.07,2951,NY,3.56,0.29
2020-05-14,TX-500,432,Supplier C,16,0.03,3132,FL,3.92,0.26
2022-06-23,TX-500,455,Supplier E,12,0.02,2506,CA,4.87,0.59
2023-02-26,TX-100,342,Supplier D,13,0.095,4077,FL,2.71,0.7
2021-02-13,TX-500,472,Supplier A,29,0.055,2404,FL,4.23,0.25
2023-12-16,TX-300,443,Supplier D,28,0.034,3165,IL,5.84,0.35
2023-08-10,TX-100,80,Supplier C,25,0.004,1341,NY,4.46,0.29
2023-06-23,TX-500,220,Supplier E,15,0.017,3267,NY,1.85,0.09
2020-03-26,TX-300,404,Supplier D,24,0.06,3770,CA,2.81,0.39
2021-07-09,TX-300,254,Supplier C,10,0.051,230,CA,3.84,0.53
2023-10-30,TX-400,469,Supplier C,16,0.076,726,CA,1.83,0.66
2021-01-12,TX-300,340,Supplier C,4,0.083,387,NY,4.54,0.42
2023-11-14,TX-200,160,Supplier D,20,0.04,2807,FL,4.44,0.98
2022-12-10,TX-100,117,Supplier B,14,0.01,2203,FL,5.44,0.63
2020-08-29,TX-100,232,Supplier E,17,0.079,2147,CA,3.75,0.89
2023-08-10,TX-100,422,Supplier C,15,0.055,2481,FL,4.61,0.92
2022-07-08,TX-500,245,Supplier D,13,0.098,1734,CA,2.32,0.82
2020-09-22,TX-500,175,Supplier A,13,0.08,1695,TX,1.51,0.27
2023-02-17,TX-200,224,Supplier E,12,0.033,3355,FL,2.28,0.43
2021-12-12,TX-300,311,Supplier A,0,0.043,786,NY,1.78,0.0
2023-06-25,TX-500,424,Supplier A,5,0.024,2811,IL,3.42,0.45
2020-03-10,TX-300,461,Supplier D,22,0.051,4199,NY,3.61,0.29
2020-02-26,TX-300,335,Supplier B,10,0.071,1711,NY,4.4,0.11
2023-11-06,TX-500,204,Supplier D,10,0.061,2582,IL,2.13,0.84
2020-02-08,TX-500,118,Supplier D,24,0.034,4977,CA,2.47,0.67
2022-03-11,TX-200,157,Supplier E,15,0.082,4162,FL,5.09,1.0
2022-11-07,TX-400,472,Supplier D,23,0.011,1094,NY,4.09,0.5
2022-01-01,TX-100,84,Supplier E,25,0.014,1501,FL,1.63,0.33
2022-04-04,TX-500,408,Supplier C,2,0.04,1653,IL,5.32,0.26
2022-01-25,TX-500,93,Supplier E,24,0.07,2975,IL,4.33,0.44
2020-12-17,TX-300,192,Supplier D,16,0.069,3327,FL,2.34,0.31
2023-08-14,TX-400,260,Supplier C,28,0.037,3670,FL,2.63,0.99
2020-10-09,TX-500,465,Supplier C,21,0.07,759,IL,3.99,0.18
2020-04-19,TX-400,334,Supplier B,28,0.006,1064,CA,4.02,0.02
2022-10-13,TX-100,496,Supplier D,13,0.029,2174,FL,5.12,0.13
2023-04-18,TX-300,55,Supplier A,25,0.069,1087,TX,3.11,0.89
2021-06-27,TX-200,267,Supplier D,1,0.018,712,TX,3.97,0.69
2020-01-25,TX-100,76,Supplier A,25,0.021,2230,FL,4.12,0.78
2022-04-22,TX-400,276,Supplier B,24,0.009,3314,NY,4.01,0.32
2022-03-01,TX-400,333,Supplier D,8,0.036,1376,IL,1.83,0.62
2022-01-07,TX-100,438,Supplier B,7,0.082,2244,CA,3.35,0.71
2020-02-26,TX-400,474,Supplier A,28,0.084,3606,TX,3.02,0.33
2020-06-28,TX-200,105,Supplier E,10,0.086,328,TX,5.97,0.72
2020-08-19,TX-200,417,Supplier D,6,0.004,1118,NY,3.6,0.63
2020-12-08,TX-400,359,Supplier C,29,0.099,1320,FL,3.46,0.3
2021-04-21,TX-400,385,Supplier C,21,0.05,2979,NY,3.68,0.05
2021-07-29,TX-200,154,Supplier B,1,0.087,3457,CA,5.64,0.24
2021-03-30,TX-400,67,Supplier E,29,0.091,3204,FL,4.25,0.62
2023-06-09,TX-500,254,Supplier C,3,0.051,4972,TX,3.25,0.6
2020-10-15,TX-300,92,Supplier C,25,0.005,1646,TX,5.61,0.51
2023-05-21,TX-500,138,Supplier D,22,0.06,1711,IL,5.68,0.25
2020-09-14,TX-400,123,Supplier C,13,0.033,4077,CA,2.69,0.44
2021-06-13,TX-400,206,Supplier A,12,0.021,4249,TX,3.27,0.14
2021-11-17,TX-300,315,Supplier B,21,0.018,2478,NY,5.85,0.66
2022-07-17,TX-400,183,Supplier C,24,0.056,4700,TX,3.93,0.87
2020-08-16,TX-300,138,Supplier D,12,0.01,4343,NY,3.44,0.46
2023-06-03,TX-200,285,Supplier A,12,0.082,4712,NY,2.38,0.21
2021-08-18,TX-300,181,Supplier C,4,0.023,2427,FL,3.23,0.83
2021-03-10,TX-300,278,Supplier B,27,0.055,4611,FL,4.34,0.31
2022-05-31,TX-500,83,Supplier B,11,0.013,655,TX,1.67,0.59
2022-10-17,TX-400,132,Supplier B,5,0.086,305,TX,1.87,0.08
2021-02-05,TX-200,466,Supplier C,25,0.069,1101,NY,1.52,0.72
2021-09-13,TX-100,181,Supplier A,21,0.021,3963,FL,2.49,0.46
2020-03-28,TX-300,477,Supplier E,13,0.072,217,TX,2.32,0.42
2021-08-06,TX-100,403,Supplier B,7,0.008,2627,FL,5.33,0.93
2020-11-04,TX-400,253,Supplier A,23,0.077,3951,CA,2.33,0.49
2022-06-24,TX-300,336,Supplier D,21,0.049,3861,NY,4.48,0.02
2020-12-08,TX-100,385,Supplier D,7,0.012,3000,FL,2.03,0.96
2021-03-11,TX-500,499,Supplier A,6,0.055,1558,TX,4.17,0.01
2020-06-25,TX-100,491,Supplier D,16,0.02,2801,NY,3.46,0.54
2020-05-18,TX-500,365,Supplier D,20,0.067,4736,IL,3.34,0.63
2020-07-12,TX-200,307,Supplier B,10,0.071,1148,NY,5.35,0.89
2023-04-24,TX-400,341,Supplier C,25,0.076,3100,CA,2.25,0.68
2023-05-26,TX-100,174,Supplier C,9,0.089,2325,NY,4.18,0.81
2023-04-02,TX-300,493,Supplier C,12,0.065,2287,FL,5.2,0.77
2023-03-30,TX-400,200,Supplier C,9,0.049,1205,FL,4.71,0.21
2022-07-31,TX-100,408,Supplier A,20,0.085,4627,TX,5.93,0.7
2021-06-08,TX-300,296,Supplier B,25,0.09,3093,TX,1.51,0.64
2022-12-01,TX-300,224,Supplier A,13,0.078,630,NY,5.48,0.24
2022-07-03,TX-300,421,Supplier D,8,0.094,4563,NY,4.26,0.13
2020-07-28,TX-300,406,Supplier B,6,0.098,4962,NY,1.51,0.75
2022-01-10,TX-100,351,Supplier E,6,0.025,2200,FL,3.59,0.97
2022-05-11,TX-200,129,Supplier C,25,0.018,4742,FL,4.95,0.74
2023-07-22,TX-500,156,Supplier D,17,0.045,3540,IL,2.32,0.75
2022-08-11,TX-500,349,Supplier C,15,0.1,4862,IL,4.55,0.17
2023-07-26,TX-500,452,Supplier C,7,0.009,3750,IL,2.13,0.25
2023-06-28,TX-200,354,Supplier C,15,0.071,2096,TX,5.12,0.59
2023-08-26,TX-300,393,Supplier E,18,0.085,841,FL,4.06,0.03
2022-04-12,TX-300,107,Supplier D,14,0.1,1174,NY,1.65,0.67
2020-05-19,TX-400,140,Supplier C,24,0.062,3062,NY,1.91,0.14
2022-03-02,TX-500,184,Supplier C,14,0.038,2803,IL,5.39,0.41
2021-06-29,TX-500,399,Supplier B,5,0.017,966,TX,1.65,0.32
2022-10-13,TX-300,218,Supplier C,8,0.098,3882,TX,2.84,0.11
2020-02-26,TX-500,383,Supplier B,14,0.092,2232,IL,4.05,0.58
2020-04-21,TX-300,171,Supplier D,24,0.08,1292,NY,2.46,0.36
2020-01-05,TX-300,285,Supplier D,6,0.094,4121,TX,2.51,0.04
2023-12-04,TX-300,448,Supplier D,25,0.006,2177,CA,4.99,0.44
2023-12-08,TX-100,125,Supplier B,27,0.063,1270,IL,2.81,0.59
2023-04-20,TX-100,358,Supplier E,7,0.027,4283,NY,1.67,0.13
2022-11-02,TX-100,72,Supplier E,17,0.077,690,CA,4.75,0.58
2023-09-24,TX-100,382,Supplier C,20,0.01,3591,FL,5.79,0.3
2023-07-06,TX-200,122,Supplier D,15,0.026,2324,NY,5.24,0.26
2020-03-30,TX-400,137,Supplier A,14,0.085,4977,CA,3.97,0.8
2021-09-07,TX-400,152,Supplier C,2,0.075,2739,FL,3.41,0.47
2022-06-09,TX-300,143,Supplier E,0,0.099,4945,TX,5.66,0.38
2021-11-28,TX-500,498,Supplier E,12,0.064,1716,NY,4.95,0.81
2023-06-27,TX-100,365,Supplier D,21,0.03,3368,NY,4.07,0.91
2023-07-02,TX-400,315,Supplier B,28,0.055,4998,TX,5.46,0.32
2022-06-16,TX-400,302,Supplier C,11,0.094,2595,NY,4.21,0.05
2022-08-28,TX-100,407,Supplier B,8,0.065,1304,IL,5.88,0.54
2023-02-05,TX-200,107,Supplier E,1,0.088,264,CA,5.36,0.72
2021-10-29,TX-200,480,Supplier D,8,0.002,2583,FL,3.98,0.59
2021-08-16,TX-400,448,Supplier E,7,0.037,3701,FL,5.65,0.69
2021-08-11,TX-200,58,Supplier D,26,0.094,3960,CA,3.04,0.65
2021-04-29,TX-100,62,Supplier A,24,0.004,3427,IL,4.65,0.96
2022-09-08,TX-400,456,Supplier B,4,0.052,1956,NY,2.27,0.87
2022-08-29,TX-100,466,Supplier C,12,0.035,2100,TX,5.53,0.13
2023-07-05,TX-200,442,Supplier D,1,0.065,4672,TX,2.62,0.45
2021-09-30,TX-100,180,Supplier A,9,0.016,4552,NY,5.77,0.45
2022-09-23,TX-200,271,Supplier A,25,0.065,2464,FL,1.58,0.46
2020-10-08,TX-200,378,Supplier B,5,0.099,1310,CA,4.57,0.93
2022-09-12,TX-100,421,Supplier D,6,0.027,3113,CA,2.18,0.33
2023-01-16,TX-200,202,Supplier C,2,0.046,1898,FL,4.97,0.61
2023-05-12,TX-300,430,Supplier C,13,0.003,646,CA,3.71,0.9
2020-01-16,TX-100,416,Supplier C,15,0.043,141,FL,5.59,0.05
2023-03-20,TX-300,120,Supplier E,5,0.041,1848,IL,4.72,0.88
2022-07-24,TX-100,469,Supplier E,21,0.056,3326,NY,4.96,0.76
2020-09-10,TX-200,394,Supplier D,7,0.026,1660,FL,2.04,0.21
2023-04-26,TX-200,69,Supplier C,0,0.033,3877,IL,1.93,0.33
2020-11-24,TX-400,130,Supplier A,19,0.061,2666,FL,5.33,0.31
2021-06-27,TX-400,487,Supplier C,14,0.091,4391,IL,2.52,0.22
2022-02-21,TX-300,277,Supplier D,16,0.024,1867,IL,5.4,0.64
2022-09-23,TX-200,395,Supplier C,23,0.068,1420,IL,2.14,0.98
2023-11-21,TX-400,68,Supplier B,17,0.052,4630,NY,2.89,0.17
2023-09-15,TX-200,493,Supplier C,23,0.01,4044,FL,5.68,0.23
2022-04-24,TX-100,214,Supplier A,2,0.057,1855,FL,5.28,0.29
2023-04-07,TX-400,417,Supplier D,23,0.071,3963,FL,1.74,0.94
2020-12-31,TX-300,436,Supplier D,5,0.06,4676,IL,3.52,0.63
2023-04-16,TX-400,156,Supplier A,16,0.01,382,CA,5.59,0.21
2021-10-16,TX-200,426,Supplier D,22,0.085,4792,CA,1.57,0.8
2023-10-17,TX-500,397,Supplier C,12,0.004,3910,FL,1.98,0.92
2022-01-29,TX-500,263,Supplier D,22,0.024,926,CA,4.4,0.4
2021-09-30,TX-200,288,Supplier C,21,0.062,4103,CA,1.97,0.17
2022-11-29,TX-100,196,Supplier D,16,0.022,389,CA,3.52,0.31
2022-07-12,TX-400,230,Supplier C,20,0.01,663,IL,3.79,0.22
2021-02-19,TX-500,479,Supplier C,15,0.051,4697,FL,5.37,0.2
2023-10-10,TX-100,385,Supplier A,16,0.072,753,FL,5.81,0.17
2020-09-11,TX-200,489,Supplier A,0,0.041,3230,TX,3.81,0.88
2023-03-12,TX-100,247,Supplier E,15,0.07,1180,TX,3.8,0.09
2021-12-10,TX-200,336,Supplier A,5,0.086,1755,CA,4.77,0.41
2021-07-30,TX-400,102,Supplier C,7,0.096,3208,FL,2.37,0.01
2022-06-18,TX-100,418,Supplier C,0,0.023,3869,CA,5.73,0.29
2020-01-11,TX-400,289,Supplier D,1,0.061,566,IL,1.51,0.71
2020-01-26,TX-100,339,Supplier D,14,0.027,4995,FL,1.51,0.2
2022-08-14,TX-200,336,Supplier E,4,0.087,3959,IL,4.32,1.0
2021-02-24,TX-200,237,Supplier C,23,0.089,3634,IL,3.04,0.05
2023-05-29,TX-100,444,Supplier E,26,0.032,2127,FL,3.29,0.14
2021-05-10,TX-200,55,Supplier C,19,0.065,3356,CA,2.5,0.79
2023-06-14,TX-300,332,Supplier A,14,0.089,3792,TX,3.34,0.98
2020-08-24,TX-300,312,Supplier D,29,0.051,3515,CA,5.23,0.95
2022-10-05,TX-400,98,Supplier E,20,0.072,3000,TX,4.65,0.8
2020-08-06,TX-300,401,Supplier B,9,0.08,2067,NY,1.93,0.97
2021-04-05,TX-300,249,Supplier C,4,0.087,2760,TX,1.76,0.84
2021-10-24,TX-500,109,Supplier A,2,0.052,2352,FL,3.78,0.06
2021-09-26,TX-500,82,Supplier B,5,0.094,2126,TX,4.79,0.85
2023-03-13,TX-500,352,Supplier A,20,0.063,4653,NY,4.49,0.48
2022-09-16,TX-500,293,Supplier A,14,0.015,2834,TX,5.39,0.46
2020-07-07,TX-200,221,Supplier C,17,0.061,1354,CA,2.1,0.0
2020-09-11,TX-400,256,Supplier A,13,0.03,1391,TX,4.23,0.62
2020-03-08,TX-400,424,Supplier E,9,0.037,1045,FL,4.95,0.67
2021-09-07,TX-300,332,Supplier B,29,0.081,1886,FL,5.72,0.79
2020-12-01,TX-400,71,Supplier A,3,0.097,588,IL,1.95,0.33
2021-11-01,TX-300,96,Supplier A,10,0.087,4235,CA,2.58,0.13
2022-03-31,TX-400,398,Supplier D,19,0.033,4925,CA,3.1,0.44
2022-05-23,TX-100,481,Supplier D,6,0.045,847,TX,3.93,0.36
2023-12-03,TX-100,207,Supplier E,14,0.098,1722,TX,3.34,0.75
2020-10-26,TX-400,307,Supplier D,22,0.092,455,FL,5.38,0.23
2020-12-22,TX-200,192,Supplier A,8,0.098,2839,IL,5.78,0.14
2020-09-12,TX-300,96,Supplier A,14,0.043,1715,NY,1.82,0.44
2022-10-04,TX-400,76,Supplier B,25,0.08,3690,TX,4.65,0.63
2020-12-18,TX-300,76,Supplier D,11,0.087,2910,CA,2.01,0.28
2021-06-07,TX-500,446,Supplier C,17,0.004,3248,TX,5.54,0.11
2022-08-07,TX-400,488,Supplier D,5,0.027,815,IL,2.14,0.44
2022-01-25,TX-200,194,Supplier A,17,0.088,4030,CA,5.96,0.96
2020-10-10,TX-500,124,Supplier B,24,0.039,4866,IL,3.42,0.97
2023-08-28,TX-400,236,Supplier D,17,0.028,4596,CA,3.22,0.71
2020-04-08,TX-100,59,Supplier B,21,0.027,4425,TX,4.14,0.78
2020-07-15,TX-400,170,Supplier D,23,0.038,3493,IL,3.27,0.2
2021-04-26,TX-100,338,Supplier E,5,0.024,4262,FL,2.56,0.37
2022-05-27,TX-100,214,Supplier A,27,0.0,1782,CA,4.33,0.6
2023-06-03,TX-400,431,Supplier A,14,0.017,3393,IL,4.78,0.75
2021-09-06,TX-400,313,Supplier C,18,0.088,1546,IL,5.75,0.17
2021-09-09,TX-100,210,Supplier A,4,0.008,1619,NY,3.34,0.46
2023-10-20,TX-300,440,Supplier C,3,0.041,4410,NY,4.68,0.16
2021-01-02,TX-500,467,Supplier A,16,0.046,2637,TX,5.25,0.63
2021-07-23,TX-200,376,Supplier D,20,0.078,439,FL,5.24,0.77
2021-08-12,TX-400,440,Supplier D,9,0.025,211,FL,1.65,0.83
2023-01-03,TX-500,346,Supplier E,11,0.031,4577,IL,3.1,0.73
2022-12-01,TX-500,167,Supplier D,4,0.001,3837,IL,1.56,0.16
2021-02-25,TX-300,360,Supplier B,6,0.09,4281,IL,4.02,0.83
2022-04-15,TX-500,312,Supplier D,11,0.069,4556,CA,5.39,0.33
2023-04-19,TX-400,133,Supplier C,22,0.026,583,TX,5.17,0.84
2021-06-28,TX-500,195,Supplier E,1,0.089,4669,TX,5.15,0.25
2020-03-11,TX-400,220,Supplier B,29,0.009,980,NY,3.08,0.48
2023-02-02,TX-400,383,Supplier B,19,0.037,3202,IL,1.71,0.58
2023-05-08,TX-100,473,Supplier A,16,0.056,267,IL,2.28,0.03
2023-01-29,TX-300,358,Supplier C,12,0.051,3391,CA,4.52,0.9
2022-02-06,TX-200,63,Supplier D,4,0.065,1835,IL,2.1,0.51
2020-11-02,TX-100,198,Supplier D,4,0.03,4562,IL,2.06,0.19
2021-01-11,TX-200,418,Supplier A,19,0.076,1648,TX,3.09,0.16
2021-10-16,TX-400,300,Supplier D,25,0.041,4767,IL,1.93,0.69
2021-11-08,TX-100,106,Supplier B,11,0.013,946,CA,2.98,0.08
2021-02-02,TX-500,396,Supplier D,11,0.074,3052,CA,5.86,0.44
2020-08-08,TX-500,351,Supplier D,6,0.091,987,FL,1.59,0.54
2020-06-30,TX-200,459,Supplier B,5,0.036,2016,FL,5.24,0.23
2020-11-02,TX-400,396,Supplier C,28,0.059,1411,NY,5.97,0.13
2021-06-05,TX-200,457,Supplier C,9,0.069,4153,CA,3.46,0.49
2023-11-20,TX-300,182,Supplier B,18,0.083,3226,CA,5.74,0.34
2022-10-10,TX-500,219,Supplier B,15,0.02,3414,TX,2.68,0.14
2020-01-04,TX-100,151,Supplier E,1,0.057,2300,FL,5.92,0.21
2022-05-12,TX-100,155,Supplier E,3,0.074,4364,NY,5.38,0.47
2022-04-27,TX-100,220,Supplier D,8,0.02,1917,TX,5.48,0.13
2022-03-14,TX-500,177,Supplier D,25,0.047,3280,TX,2.09,0.94
2023-07-28,TX-400,299,Supplier E,4,0.046,3043,FL,5.42,0.78
2020-08-02,TX-500,81,Supplier D,0,0.084,4036,TX,5.74,0.33
2022-08-29,TX-500,265,Supplier C,10,0.078,3845,FL,5.19,0.26
2023-12-14,TX-100,311,Supplier C,18,0.023,3945,CA,1.91,0.87
2020-04-10,TX-500,379,Supplier A,24,0.023,3842,CA,1.88,0.43
2022-08-20,TX-100,293,Supplier E,22,0.072,1862,FL,3.11,0.86
2021-07-26,TX-400,440,Supplier C,2,0.074,1283,IL,4.67,0.74
2023-08-25,TX-300,334,Supplier A,0,0.018,2957,IL,1.56,0.09
2021-10-19,TX-100,339,Supplier B,3,0.041,3996,NY,5.78,0.81
2022-07-27,TX-200,312,Supplier C,8,0.083,2476,IL,3.86,0.54
2022-12-22,TX-300,386,Supplier A,27,0.008,2705,NY,3.11,0.68
2020-08-13,TX-400,382,Supplier D,15,0.037,443,FL,4.03,0.22
2020-04-14,TX-300,363,Supplier A,6,0.064,734,FL,4.72,0.0
2022-02-10,TX-100,134,Supplier C,4,0.077,1337,FL,2.73,0.33
2023-12-19,TX-400,464,Supplier D,12,0.065,3329,NY,2.81,0.19
2023-07-02,TX-200,378,Supplier D,10,0.04,4359,TX,3.61,0.44
2021-03-04,TX-100,94,Supplier A,13,0.099,4477,NY,4.51,0.09
2021-03-09,TX-100,352,Supplier A,21,0.004,2277,TX,4.68,0.9
2023-05-15,TX-400,382,Supplier C,16,0.049,3023,CA,2.96,0.12
2022-11-17,TX-400,249,Supplier D,22,0.051,1428,CA,2.95,0.76
2021-11-12,TX-300,250,Supplier E,11,0.024,2193,TX,3.69,0.94
2023-09-21,TX-200,378,Supplier A,20,0.056,1336,TX,3.94,0.15
2021-08-10,TX-300,217,Supplier E,22,0.022,1533,IL,4.42,0.35
2022-12-28,TX-300,289,Supplier E,20,0.044,4187,TX,4.28,0.73
2022-05-15,TX-100,421,Supplier D,20,0.043,2101,TX,3.18,0.71
2022-01-15,TX-400,335,Supplier C,18,0.077,1956,FL,2.84,0.04
2023-04-05,TX-100,239,Supplier E,4,0.094,1632,NY,2.89,0.07
2022-05-13,TX-200,120,Supplier C,23,0.02,2149,TX,4.4,0.12
2021-01-02,TX-300,194,Supplier A,29,0.099,4937,FL,3.45,0.57
2020-09-07,TX-200,408,Supplier D,7,0.094,1970,TX,2.1,0.06
2022-05-08,TX-400,438,Supplier B,1,0.011,1827,IL,1.53,0.59
2022-05-05,TX-400,258,Supplier D,26,0.091,2400,TX,1.63,0.34
2023-04-08,TX-500,409,Supplier B,16,0.056,1595,TX,5.4,0.67
2023-01-18,TX-200,427,Supplier A,1,0.088,2975,FL,3.56,0.78
2021-07-14,TX-100,434,Supplier C,26,0.095,188,TX,4.46,0.79
2020-10-20,TX-200,257,Supplier A,22,0.086,2028,FL,5.68,0.04
2022-07-07,TX-300,271,Supplier D,2,0.04,1138,NY,2.07,0.95
2023-03-19,TX-400,336,Supplier B,23,0.064,3336,FL,3.51,0.59
2023-03-01,TX-400,212,Supplier B,19,0.046,1967,NY,3.93,0.9
2021-03-08,TX-200,414,Supplier D,25,0.037,4095,TX,5.29,0.62
2020-02-28,TX-200,121,Supplier D,25,0.025,4813,NY,5.97,0.48
2022-08-26,TX-200,289,Supplier A,23,0.044,1542,CA,4.7,0.73
2022-04-15,TX-300,463,Supplier E,29,0.081,4005,CA,4.39,0.22
2020-07-17,TX-300,176,Supplier B,17,0.084,3873,FL,5.64,0.1
2020-08-02,TX-100,134,Supplier D,28,0.096,568,IL,5.27,0.09
2022-06-16,TX-200,64,Supplier A,29,0.029,740,TX,5.39,0.85
2021-04-16,TX-100,297,Supplier E,14,0.065,4031,CA,1.51,0.91
2020-09-03,TX-500,361,Supplier C,4,0.069,536,IL,3.81,0.81
2021-01-16,TX-300,493,Supplier D,21,0.019,4400,FL,5.02,0.9
2022-09-17,TX-400,332,Supplier E,16,0.037,1055,NY,2.32,0.98
2023-06-16,TX-500,51,Supplier C,13,0.034,4717,TX,4.88,0.53
2022-07-15,TX-400,123,Supplier C,0,0.099,3792,NY,1.54,0.15
2023-10-22,TX-500,113,Supplier A,13,0.096,1785,TX,4.09,0.61
2023-04-06,TX-100,310,Supplier B,8,0.082,384,CA,5.33,0.35
2021-07-13,TX-100,396,Supplier D,4,0.047,2584,IL,3.44,0.35
2022-12-10,TX-300,373,Supplier E,29,0.026,1262,FL,4.83,0.73
2021-11-19,TX-400,288,Supplier C,3,0.092,4854,TX,3.89,0.09
2021-01-14,TX-500,446,Supplier B,29,0.027,3062,CA,4.41,0.04
2021-04-18,TX-200,386,Supplier C,0,0.052,1537,FL,3.83,0.7
2023-01-08,TX-200,390,Supplier D,2,0.025,1671,TX,3.64,0.26
2021-11-27,TX-300,328,Supplier D,28,0.097,4109,CA,5.29,0.39
2023-10-22,TX-400,402,Supplier A,19,0.004,4972,FL,1.92,0.31
2022-06-29,TX-200,483,Supplier D,10,0.017,4842,NY,4.13,0.61
2022-08-17,TX-300,429,Supplier D,15,0.077,489,IL,2.02,0.15
2021-04-22,TX-300,250,Supplier D,10,0.015,2345,IL,4.03,0.72
2022-09-30,TX-400,342,Supplier B,20,0.098,656,NY,5.84,0.92
2022-07-14,TX-200,335,Supplier E,29,0.032,2100,IL,1.76,0.84
2023-12-14,TX-200,270,Supplier E,9,0.092,2604,IL,3.4,0.91
2021-12-07,TX-200,456,Supplier D,11,0.066,3625,TX,5.11,0.94
2023-05-22,TX-100,211,Supplier E,29,0.063,1210,CA,3.16,0.37
2023-10-24,TX-200,497,Supplier D,4,0.092,4419,NY,3.84,0.8
2022-05-03,TX-500,232,Supplier E,9,0.051,1376,CA,2.02,0.49
2023-02-11,TX-100,422,Supplier E,23,0.04,3366,IL,2.5,0.27
2022-10-13,TX-100,314,Supplier C,12,0.022,1500,CA,4.59,0.75
2022-01-23,TX-100,181,Supplier B,28,0.014,4325,FL,5.23,0.24
2021-05-17,TX-100,371,Supplier C,18,0.079,2135,NY,4.41,0.11
2022-03-27,TX-300,169,Supplier C,6,0.013,1556,NY,5.27,0.7
2021-08-10,TX-500,429,Supplier E,29,0.039,4734,NY,4.23,0.29
2023-08-27,TX-400,268,Supplier A,15,0.041,1452,TX,5.15,0.31
2021-12-08,TX-200,466,Supplier A,28,0.066,1031,CA,5.92,0.88
2022-12-03,TX-100,209,Supplier B,5,0.028,1984,CA,1.87,0.14
2023-12-09,TX-400,349,Supplier D,9,0.084,3047,TX,3.66,0.76
2023-06-23,TX-300,158,Supplier E,26,0.021,4280,NY,2.35,0.39
2023-01-12,TX-400,287,Supplier B,9,0.079,4402,TX,3.59,0.89
2020-07-25,TX-100,342,Supplier C,25,0.085,511,TX,3.75,0.44
2020-05-30,TX-500,116,Supplier E,10,0.019,4093,IL,4.3,0.41
2021-10-29,TX-400,365,Supplier C,21,0.081,220,NY,3.48,0.43
2021-06-11,TX-100,236,Supplier B,9,0.071,1580,FL,2.96,0.84
2020-06-13,TX-100,85,Supplier A,24,0.087,108,IL,1.69,0.01
2022-07-05,TX-200,98,Supplier B,13,0.051,4507,NY,1.66,0.7
2023-03-14,TX-200,305,Supplier E,14,0.023,3375,NY,2.29,0.21
2022-10-06,TX-500,484,Supplier E,6,0.091,599,NY,3.52,0.88
2020-02-06,TX-200,156,Supplier D,12,0.079,2797,CA,3.38,0.38
2020-11-28,TX-500,57,Supplier A,10,0.002,4340,NY,2.36,0.34
2021-02-06,TX-300,285,Supplier E,6,0.094,4596,NY,5.2,0.71
2021-02-17,TX-300,227,Supplier A,10,0.095,3074,FL,4.58,0.72
2020-02-14,TX-200,291,Supplier E,13,0.036,785,NY,3.04,0.63
2023-11-26,TX-300,90,Supplier A,16,0.001,854,TX,5.09,0.33
2020-07-24,TX-400,406,Supplier B,15,0.055,4678,NY,5.95,0.61
2020-03-02,TX-400,294,Supplier A,0,0.091,2247,NY,2.6,0.05
2021-02-23,TX-400,162,Supplier C,8,0.012,2752,NY,3.13,0.96
2022-05-17,TX-300,414,Supplier B,8,0.059,4981,CA,5.97,0.45
2022-03-30,TX-400,305,Supplier E,27,0.073,2414,IL,2.12,0.3
2020-01-19,TX-500,215,Supplier E,26,0.013,4701,CA,1.85,0.86
2020-12-30,TX-100,391,Supplier D,9,0.051,4156,FL,3.84,0.32
2023-08-16,TX-200,127,Supplier C,18,0.009,2397,FL,3.61,1.0
2022-10-27,TX-500,256,Supplier D,14,0.056,4634,TX,1.85,0.69
2021-03-03,TX-400,360,Supplier B,15,0.044,3779,TX,2.81,0.65
2023-02-14,TX-100,415,Supplier D,10,0.026,486,FL,3.39,0.15
2021-08-02,TX-200,245,Supplier B,26,0.085,1585,IL,5.2,0.61
2021-06-29,TX-500,451,Supplier D,23,0.038,2643,IL,4.69,0.16
2020-11-20,TX-200,370,Supplier A,24,0.07,4811,FL,5.62,0.78
2020-02-24,TX-300,113,Supplier B,16,0.079,4851,NY,3.0,0.14
2022-02-16,TX-400,189,Supplier B,27,0.018,236,CA,2.89,0.36
2022-09-18,TX-500,423,Supplier A,29,0.012,2727,CA,3.58,0.48
2020-02-11,TX-500,474,Supplier A,18,0.001,4368,NY,1.53,0.81
2023-08-13,TX-100,91,Supplier C,12,0.031,2149,IL,2.43,0.63
2020-08-18,TX-100,422,Supplier A,5,0.082,956,CA,2.45,0.75
2021-03-28,TX-100,493,Supplier D,14,0.077,4693,CA,1.77,0.24
2021-01-28,TX-200,355,Supplier A,15,0.087,1243,TX,3.55,0.24
2023-10-13,TX-400,258,Supplier A,3,0.076,2937,IL,5.57,0.38
2023-02-25,TX-200,469,Supplier B,7,0.002,248,FL,1.52,0.02
2021-11-21,TX-400,353,Supplier B,24,0.039,2366,FL,4.33,0.83
2023-11-29,TX-500,122,Supplier A,6,0.001,2663,NY,5.46,0.37
2021-01-26,TX-200,441,Supplier C,26,0.004,669,CA,1.98,0.07
2023-05-01,TX-200,202,Supplier B,16,0.048,297,FL,5.63,0.87
2021-08-26,TX-200,184,Supplier D,15,0.036,3545,NY,5.18,0.97
2022-05-30,TX-300,411,Supplier D,29,0.056,3197,TX,2.47,0.65
2023-01-06,TX-400,313,Supplier A,1,0.007,2605,IL,5.57,0.36
2020-03-25,TX-400,265,Supplier A,16,0.059,2856,CA,5.12,0.41
2022-11-19,TX-200,258,Supplier C,24,0.007,4106,CA,2.0,0.26
2020-02-18,TX-300,253,Supplier A,3,0.042,811,NY,5.24,0.71
2023-03-14,TX-200,159,Supplier E,25,0.035,1026,CA,3.94,0.36
2020-03-09,TX-400,80,Supplier E,13,0.022,3869,IL,5.17,0.03
2022-12-17,TX-500,61,Supplier A,7,0.031,4370,FL,4.28,0.05
2021-11-27,TX-300,176,Supplier E,4,0.0,4474,NY,3.26,0.61
2021-04-23,TX-300,362,Supplier D,4,0.032,307,IL,4.21,0.29
2022-03-30,TX-200,243,Supplier A,4,0.008,4970,CA,4.36,0.17
2023-08-12,TX-500,189,Supplier D,26,0.092,2452,FL,4.95,0.55
2023-04-09,TX-400,76,Supplier D,4,0.007,2875,IL,5.24,0.28
2020-05-26,TX-100,95,Supplier E,2,0.095,1091,FL,4.48,0.07
2023-08-22,TX-400,184,Supplier C,5,0.049,3526,FL,5.95,0.19
2022-10-12,TX-400,366,Supplier D,29,0.051,2178,NY,5.0,0.78
2021-08-31,TX-500,491,Supplier E,0,0.079,224,CA,5.6,0.85
2021-03-21,TX-300,107,Supplier C,7,0.07,4626,TX,2.94,0.87
2020-08-08,TX-400,62,Supplier E,12,0.024,960,TX,2.92,0.53
2023-11-02,TX-300,486,Supplier E,19,0.003,807,TX,3.13,0.95
2023-07-13,TX-500,149,Supplier A,5,0.078,1414,IL,3.48,0.15
2020-04-04,TX-500,498,Supplier B,17,0.013,4654,TX,5.83,0.68
2020-09-18,TX-200,98,Supplier C,17,0.06,1157,CA,1.83,0.7
2022-06-15,TX-100,340,Supplier E,15,0.094,3698,TX,3.74,0.05
2022-12-30,TX-500,143,Supplier D,7,0.055,4536,FL,2.23,0.28
2020-08-06,TX-500,144,Supplier D,29,0.029,2986,FL,5.15,0.95
2020-04-01,TX-300,194,Supplier B,16,0.018,1460,FL,1.64,0.76
2020-05-06,TX-500,121,Supplier C,7,0.003,1269,TX,3.55,0.05
2020-03-20,TX-400,428,Supplier A,14,0.062,1673,CA,3.28,0.54
2023-06-15,TX-200,59,Supplier C,25,0.056,419,CA,1.91,0.65
2022-09-09,TX-200,211,Supplier D,9,0.046,4569,TX,3.2,0.97
2023-10-27,TX-400,263,Supplier D,0,0.019,470,CA,5.14,0.72
2022-07-04,TX-500,53,Supplier A,8,0.024,1908,TX,2.12,0.64
2021-04-30,TX-100,273,Supplier A,16,0.096,2563,CA,5.93,0.91
2021-11-24,TX-500,430,Supplier D,19,0.002,1716,NY,1.76,0.66
2020-01-25,TX-200,78,Supplier E,24,0.036,4113,NY,2.8,0.93
2020-06-04,TX-100,351,Supplier E,0,0.004,4778,CA,4.99,0.49
2021-09-23,TX-300,252,Supplier A,8,0.019,4000,FL,3.11,0.72
2022-12-16,TX-300,479,Supplier E,13,0.093,970,NY,3.66,0.63
2020-01-19,TX-500,126,Supplier A,23,0.015,399,IL,2.34,0.55
2023-11-08,TX-500,108,Supplier C,4,0.06,2369,TX,4.72,0.32
2023-05-01,TX-100,494,Supplier C,5,0.035,1033,IL,2.31,0.9
2020-08-24,TX-100,245,Supplier C,4,0.063,3787,CA,5.32,0.27
2023-11-11,TX-500,371,Supplier A,3,0.085,4428,CA,3.93,0.16
2023-12-20,TX-200,467,Supplier A,27,0.029,2325,FL,3.97,0.71
2020-10-03,TX-300,156,Supplier E,15,0.008,173,NY,5.7,0.55
2023-06-04,TX-100,391,Supplier E,15,0.02,1469,NY,4.98,0.26
2022-01-14,TX-200,438,Supplier E,9,0.044,4248,IL,4.84,0.87
2021-07-05,TX-500,58,Supplier B,13,0.052,1555,NY,5.36,0.29
2023-09-08,TX-400,69,Supplier A,12,0.094,2612,CA,1.91,0.06
2023-03-22,TX-100,198,Supplier C,27,0.002,2916,FL,4.77,0.02
2021-09-30,TX-400,432,Supplier C,3,0.076,1994,TX,2.55,0.92
2020-08-24,TX-200,66,Supplier B,13,0.007,4313,IL,2.76,0.4
2022-09-24,TX-300,61,Supplier B,25,0.008,2365,IL,1.57,0.21
2020-02-24,TX-200,131,Supplier C,23,0.065,1900,TX,5.52,0.57
2023-12-30,TX-300,116,Supplier A,23,0.091,2948,CA,4.83,0.49
2021-11-14,TX-200,182,Supplier C,8,0.029,381,IL,2.13,1.0
2020-04-18,TX-100,493,Supplier C,2,0.027,3469,NY,2.98,0.89
2023-04-22,TX-100,102,Supplier B,9,0.062,813,NY,3.66,0.27
2023-10-23,TX-400,485,Supplier B,14,0.078,1037,NY,3.72,0.7
2023-05-06,TX-200,255,Supplier E,23,0.087,915,FL,4.18,0.39
2023-10-26,TX-200,481,Supplier B,18,0.025,1875,TX,3.62,0.36
2021-01-07,TX-400,452,Supplier C,1,0.074,2327,CA,4.42,0.37
2022-08-30,TX-500,282,Supplier E,1,0.031,1278,NY,5.48,0.64
2020-07-19,TX-200,450,Supplier C,8,0.054,2062,NY,3.29,0.54
2022-04-28,TX-200,103,Supplier A,3,0.019,3893,FL,5.45,0.76
2021-05-23,TX-200,117,Supplier A,4,0.015,2531,NY,2.49,0.15
2023-09-07,TX-500,340,Supplier B,1,0.094,3014,FL,2.05,0.43
2020-10-01,TX-100,393,Supplier E,24,0.055,2431,TX,2.58,0.86
2020-07-29,TX-400,218,Supplier D,6,0.0,1901,IL,2.43,0.0
2021-05-18,TX-500,446,Supplier A,18,0.079,2598,NY,5.93,0.62
2023-02-15,TX-300,210,Supplier A,5,0.069,4672,NY,3.21,0.79
2021-12-03,TX-300,64,Supplier A,22,0.033,1267,TX,4.43,0.38
2020-02-11,TX-500,240,Supplier A,15,0.046,356,IL,4.63,0.88
2020-11-10,TX-500,64,Supplier B,13,0.045,2535,FL,3.5,0.74
2022-02-26,TX-100,336,Supplier E,11,0.027,1848,IL,2.51,0.61
2020-11-24,TX-300,412,Supplier A,5,0.098,231,NY,3.47,0.2
2022-11-06,TX-400,461,Supplier B,25,0.054,2774,TX,3.63,0.67
2020-10-09,TX-200,59,Supplier E,26,0.09,2551,CA,5.79,0.83
2022-07-31,TX-200,106,Supplier E,25,0.059,4514,TX,4.06,0.73
2020-09-14,TX-100,248,Supplier D,21,0.069,4662,FL,5.86,0.57
2021-07-28,TX-100,210,Supplier C,12,0.003,902,FL,4.1,0.71
2021-07-27,TX-300,312,Supplier A,14,0.051,2263,NY,2.15,0.98
2021-09-03,TX-400,438,Supplier B,23,0.072,912,TX,3.23,0.01
2022-11-08,TX-400,430,Supplier E,13,0.012,4859,CA,5.07,0.66
2022-04-16,TX-500,302,Supplier D,7,0.068,597,TX,3.4,0.79
2021-02-26,TX-100,168,Supplier C,20,0.008,2652,FL,1.95,0.64
2023-10-28,TX-200,129,Supplier E,29,0.081,251,TX,1.93,0.27
2022-01-27,TX-200,173,Supplier E,19,0.098,3383,NY,2.57,0.82
2022-02-01,TX-300,362,Supplier A,10,0.063,1449,FL,4.04,0.91
2023-01-09,TX-200,121,Supplier C,20,0.008,1225,TX,5.24,0.68
2021-02-27,TX-400,217,Supplier C,8,0.059,1497,TX,3.9,0.51
2021-03-04,TX-400,333,Supplier B,11,0.074,2912,NY,4.86,0.37
2023-11-12,TX-100,85,Supplier D,25,0.093,380,NY,4.41,0.33
2020-07-22,TX-300,361,Supplier B,5,0.005,4660,TX,3.86,0.72
2020-07-14,TX-200,224,Supplier D,18,0.078,1576,CA,2.47,0.61
2021-12-28,TX-100,248,Supplier B,2,0.013,372,FL,5.47,0.16
2020-10-11,TX-500,165,Supplier D,29,0.079,4087,TX,2.74,0.14
2020-07-14,TX-500,473,Supplier A,0,0.089,620,NY,2.64,0.07
2020-11-02,TX-200,364,Supplier D,14,0.086,1826,FL,2.66,0.68
2020-01-14,TX-200,476,Supplier B,14,0.065,4299,NY,1.93,0.31
2023-03-15,TX-200,269,Supplier C,4,0.05,1206,FL,3.74,0.02
2022-12-16,TX-400,428,Supplier E,21,0.087,1575,TX,2.97,0.34
2021-12-23,TX-200,115,Supplier D,23,0.052,1016,IL,3.85,0.83
2022-02-18,TX-500,314,Supplier D,10,0.019,2082,IL,3.54,0.25
2023-05-18,TX-200,183,Supplier C,24,0.094,4412,FL,3.84,0.63
2021-06-12,TX-300,168,Supplier A,22,0.037,2433,NY,2.84,0.44
2022-03-08,TX-500,171,Supplier B,0,0.062,4021,NY,5.17,0.55
2020-12-09,TX-300,370,Supplier A,22,0.02,760,NY,3.9,0.6
2023-07-26,TX-500,436,Supplier D,9,0.011,3834,TX,2.44,0.45
2020-07-27,TX-100,470,Supplier D,24,0.055,2145,FL,5.56,0.06
2021-10-02,TX-500,432,Supplier A,19,0.055,769,TX,1.99,0.57
2023-09-20,TX-500,136,Supplier B,10,0.037,2079,IL,4.8,0.4
2023-08-04,TX-300,338,Supplier D,27,0.031,2421,IL,4.55,0.2
2020-09-08,TX-300,186,Supplier D,6,0.037,3927,NY,1.83,0.9
2023-07-12,TX-500,102,Supplier A,24,0.08,2832,NY,5.56,0.74
2020-09-27,TX-500,254,Supplier E,16,0.036,1952,FL,2.92,0.28
2022-07-08,TX-400,397,Supplier C,11,0.092,2206,IL,4.83,0.54
2021-02-22,TX-100,100,Supplier D,25,0.011,1745,FL,2.75,0.96
2022-03-05,TX-100,376,Supplier B,24,0.093,1529,IL,3.87,0.25
2023-05-19,TX-200,459,Supplier E,3,0.069,3541,CA,5.88,0.95
2023-10-20,TX-500,449,Supplier A,11,0.034,1019,FL,4.25,0.68
2023-01-04,TX-500,89,Supplier A,23,0.001,2212,CA,2.83,0.54
2023-09-06,TX-500,299,Supplier B,2,0.08,4051,TX,3.56,0.98
2021-12-25,TX-500,267,Supplier E,17,0.097,4195,IL,4.54,0.33
2021-03-08,TX-100,228,Supplier B,28,0.098,511,CA,3.5,0.28
2020-04-18,TX-300,88,Supplier D,11,0.042,4493,TX,5.6,0.34
2021-10-02,TX-400,232,Supplier E,23,0.007,3399,FL,5.4,0.75
2022-12-06,TX-300,273,Supplier C,23,0.031,2958,CA,2.16,0.34
2021-01-13,TX-300,213,Supplier C,18,0.031,1320,CA,5.03,0.1
2023-01-24,TX-100,283,Supplier B,12,0.01,2390,TX,5.74,0.64
2022-08-15,TX-400,426,Supplier C,15,0.052,2850,CA,2.93,0.22
2020-04-12,TX-500,242,Supplier B,7,0.06,853,TX,2.57,0.0
2022-06-10,TX-100,134,Supplier D,26,0.073,1586,IL,1.54,0.2
2022-05-03,TX-100,292,Supplier D,26,0.005,4453,IL,2.02,0.82
2023-03-15,TX-400,222,Supplier B,5,0.028,4346,IL,5.82,0.94
2022-11-16,TX-200,442,Supplier D,9,0.036,1540,CA,3.26,0.66
2021-06-13,TX-100,86,Supplier C,24,0.089,3471,CA,3.24,0.31
2021-11-09,TX-300,136,Supplier D,9,0.09,2306,NY,2.7,0.44
2022-09-15,TX-300,178,Supplier C,28,0.026,2030,NY,2.24,0.19
2023-01-10,TX-500,243,Supplier C,5,0.049,2469,TX,3.79,0.88
2021-03-03,TX-100,368,Supplier A,7,0.042,1871,CA,4.75,0.67
2022-04-01,TX-500,92,Supplier D,17,0.053,3870,TX,3.98,0.08
2023-03-31,TX-100,461,Supplier D,16,0.029,2352,FL,1.66,0.37
2022-07-20,TX-400,405,Supplier B,25,0.046,2262,CA,5.12,0.54
2023-11-26,TX-100,208,Supplier B,9,0.015,1191,FL,5.69,0.8
2022-11-27,TX-200,154,Supplier E,1,0.071,2569,CA,3.48,0.92
2021-05-25,TX-300,278,Supplier C,11,0.037,1510,IL,3.15,0.13
2021-01-27,TX-400,266,Supplier A,19,0.054,943,TX,2.53,0.83
2021-12-13,TX-300,313,Supplier C,9,0.06,1762,NY,2.86,0.07
2021-05-08,TX-500,467,Supplier D,8,0.084,4865,IL,4.4,0.24
2023-05-08,TX-400,98,Supplier E,15,0.008,977,NY,4.97,0.02
2023-07-02,TX-200,401,Supplier C,6,0.048,4142,CA,2.99,0.06
2023-04-17,TX-300,491,Supplier E,8,0.089,4795,FL,3.03,0.03
2021-06-30,TX-100,172,Supplier C,24,0.033,3731,FL,3.53,0.15
2021-08-16,TX-100,352,Supplier D,24,0.044,2950,IL,2.27,0.88
2021-01-23,TX-100,74,Supplier D,23,0.009,4007,NY,5.67,0.28
2023-11-22,TX-400,180,Supplier C,5,0.075,1661,TX,4.67,0.48
2020-06-06,TX-200,478,Supplier A,29,0.009,1211,TX,3.45,0.49
2022-10-24,TX-200,419,Supplier D,26,0.063,2254,TX,2.05,1.0
2020-06-15,TX-200,485,Supplier B,9,0.037,4432,NY,5.32,0.36
2022-08-17,TX-300,273,Supplier A,6,0.034,303,FL,3.68,0.27
2021-02-12,TX-400,148,Supplier C,17,0.059,4776,FL,5.09,0.96
2023-12-06,TX-100,401,Supplier A,10,0.057,2739,IL,1.65,0.59
2023-05-12,TX-300,339,Supplier B,0,0.041,963,NY,2.73,0.29
2020-07-12,TX-200,246,Supplier D,28,0.028,3809,CA,4.3,0.29
2020-08-22,TX-100,158,Supplier D,20,0.051,3121,CA,3.7,0.09
2021-12-18,TX-400,397,Supplier D,23,0.027,4732,TX,2.83,0.56
2023-03-19,TX-500,269,Supplier B,18,0.01,633,FL,2.41,0.72
2023-03-28,TX-200,313,Supplier A,22,0.08,839,FL,2.86,0.47
2023-07-26,TX-200,460,Supplier C,4,0.07,1938,NY,4.84,0.88
2022-03-26,TX-200,257,Supplier C,27,0.008,4506,NY,2.33,0.48
2021-02-07,TX-200,368,Supplier A,25,0.016,2412,IL,4.17,0.35
2022-06-11,TX-100,131,Supplier D,28,0.01,3029,NY,3.41,0.25
2021-11-08,TX-400,74,Supplier C,23,0.079,473,IL,4.93,0.24
2023-08-27,TX-300,235,Supplier D,5,0.077,4048,TX,2.41,0.32
2020-03-08,TX-100,481,Supplier E,21,0.041,2758,TX,2.72,0.99
2020-03-28,TX-400,434,Supplier E,6,0.082,3594,FL,3.29,0.36
2020-08-04,TX-300,57,Supplier C,22,0.097,4415,FL,2.25,0.52
2020-01-01,TX-200,173,Supplier A,3,0.097,1600,FL,3.58,0.27
2023-03-04,TX-400,198,Supplier A,25,0.098,619,CA,3.37,0.14
2023-10-06,TX-200,147,Supplier A,15,0.085,462,IL,5.96,0.65
2020-05-19,TX-400,265,Supplier D,27,0.022,1576,TX,4.17,0.55
2021-09-09,TX-500,150,Supplier E,9,0.006,4819,IL,1.81,0.07
2020-05-12,TX-200,267,Supplier D,25,0.081,2112,CA,3.57,0.88
2020-06-26,TX-200,416,Supplier B,14,0.031,3424,CA,5.45,0.51
2022-03-20,TX-200,462,Supplier B,12,0.034,2052,TX,5.4,0.34
2023-10-13,TX-100,463,Supplier C,7,0.007,4408,TX,5.83,0.78
2021-01-14,TX-300,308,Supplier B,21,0.071,630,FL,5.52,0.11
2022-06-26,TX-200,440,Supplier A,26,0.043,4643,CA,2.29,0.47
2021-10-19,TX-200,405,Supplier C,12,0.02,4247,FL,1.52,0.55
2021-03-25,TX-100,60,Supplier E,23,0.065,2802,TX,4.27,0.78
2021-08-08,TX-100,465,Supplier E,6,0.098,1677,CA,4.66,0.37
2021-04-07,TX-500,108,Supplier B,16,0.05,1731,CA,2.09,0.85
2022-09-16,TX-400,299,Supplier B,3,0.061,2486,NY,2.25,0.7
2023-02-05,TX-200,189,Supplier E,6,0.016,946,CA,5.83,0.77
2020-05-01,TX-400,384,Supplier B,15,0.016,995,FL,5.75,0.97
2020-01-17,TX-100,87,Supplier B,24,0.046,1940,NY,2.21,0.84
2023-05-04,TX-100,171,Supplier D,1,0.084,1456,CA,2.61,0.35
2020-11-22,TX-500,457,Supplier E,20,0.091,1719,NY,5.51,0.65
2020-11-13,TX-300,114,Supplier E,24,0.064,1970,CA,3.46,0.87
2022-03-19,TX-100,195,Supplier B,24,0.036,2346,IL,5.09,0.53
2023-06-29,TX-200,351,Supplier A,21,0.075,1562,FL,3.28,0.68
2021-05-17,TX-500,174,Supplier D,22,0.029,2297,FL,4.81,0.17
2020-04-28,TX-300,361,Supplier A,24,0.022,2062,NY,3.29,0.82
2021-12-10,TX-500,240,Supplier B,13,0.08,1463,IL,5.55,0.76
2020-02-14,TX-100,312,Supplier E,13,0.075,4831,NY,2.97,0.89
2020-11-09,TX-300,410,Supplier A,25,0.088,3702,NY,3.85,0.71
2023-04-17,TX-400,499,Supplier C,7,0.058,958,TX,3.85,0.88
2021-02-21,TX-300,345,Supplier A,29,0.09,3317,NY,4.42,0.16
2021-07-09,TX-200,231,Supplier E,25,0.003,877,CA,2.88,0.81
2023-01-06,TX-400,208,Supplier B,5,0.025,149,TX,4.39,0.95
2020-11-21,TX-400,402,Supplier A,21,0.08,2708,TX,2.13,0.82
2023-10-12,TX-200,357,Supplier B,6,0.042,3782,NY,5.52,0.62
2023-12-10,TX-400,336,Supplier D,6,0.024,475,TX,2.15,0.93
2021-05-29,TX-100,211,Supplier C,1,0.08,122,FL,5.28,0.09
2020-08-01,TX-300,312,Supplier E,24,0.082,2772,TX,4.62,0.02
2020-03-14,TX-300,266,Supplier E,3,0.046,4478,TX,3.03,0.97
2021-05-23,TX-200,449,Supplier B,12,0.047,1129,CA,2.97,0.68
2020-11-27,TX-100,455,Supplier C,28,0.078,4475,FL,5.85,0.11
2023-01-21,TX-400,230,Supplier E,9,0.077,2745,TX,2.38,0.34
2021-11-18,TX-300,140,Supplier A,8,0.087,492,CA,4.75,0.75
2021-10-18,TX-300,66,Supplier E,14,0.065,3617,FL,2.33,0.75
2023-07-16,TX-300,174,Supplier A,11,0.019,1193,TX,5.57,0.17
2023-10-31,TX-300,309,Supplier E,26,0.055,1597,NY,4.84,0.47
2022-10-24,TX-500,494,Supplier A,9,0.038,583,TX,5.7,0.81
2023-03-07,TX-200,427,Supplier D,18,0.003,2957,FL,5.46,0.97
2023-06-08,TX-400,404,Supplier B,20,0.02,4022,TX,3.97,0.62
2021-08-22,TX-400,263,Supplier D,4,0.021,2323,FL,2.19,0.64
2022-12-11,TX-200,288,Supplier A,6,0.008,330,NY,2.5,0.47
2020-11-20,TX-100,229,Supplier B,27,0.045,186,TX,2.41,0.54
2022-09-18,TX-200,468,Supplier C,19,0.051,4584,FL,2.49,0.1
2021-12-17,TX-300,221,Supplier A,10,0.034,1743,CA,3.64,0.35
2021-12-23,TX-300,192,Supplier E,15,0.041,818,TX,5.41,0.51
2020-10-03,TX-200,366,Supplier E,12,0.055,4932,NY,1.6,0.27
2021-06-19,TX-200,293,Supplier C,27,0.012,2329,CA,2.57,0.36
2020-05-31,TX-400,281,Supplier D,3,0.056,2569,TX,4.19,0.97
2022-08-12,TX-400,221,Supplier A,15,0.071,2348,FL,5.39,0.01
2020-09-15,TX-500,326,Supplier E,12,0.087,682,IL,2.84,0.3
2020-11-19,TX-500,126,Supplier B,28,0.03,4219,CA,3.22,0.58
2022-10-13,TX-300,352,Supplier C,0,0.075,972,FL,3.18,0.28
2022-05-18,TX-500,380,Supplier D,21,0.061,2483,CA,2.82,0.68
2023-04-06,TX-500,98,Supplier D,3,0.05,3821,TX,4.64,0.3
2021-11-18,TX-100,486,Supplier B,26,0.092,1592,NY,4.45,0.64
2020-11-05,TX-200,297,Supplier B,14,0.062,4336,NY,5.29,0.85
2022-03-13,TX-400,332,Supplier C,25,0.037,3418,CA,5.63,0.66
2022-12-15,TX-500,336,Supplier B,25,0.071,1194,IL,5.55,0.05
2021-09-11,TX-400,477,Supplier E,20,0.096,4107,TX,3.93,0.8
2021-04-17,TX-500,81,Supplier D,29,0.092,4587,FL,2.34,0.21
2023-08-12,TX-500,207,Supplier B,26,0.098,2395,TX,2.5,0.63
2021-04-05,TX-300,67,Supplier A,24,0.01,1228,IL,4.16,0.65
2023-09-09,TX-100,430,Supplier B,15,0.044,2405,FL,5.63,0.8
2022-03-24,TX-200,112,Supplier D,3,0.043,505,IL,3.89,0.51
2022-04-25,TX-200,177,Supplier E,16,0.038,1754,TX,5.71,0.38
2023-03-10,TX-300,65,Supplier B,10,0.018,3175,TX,2.68,0.52
2021-10-28,TX-300,212,Supplier E,24,0.083,1687,CA,1.89,0.55
2020-09-18,TX-200,495,Supplier A,4,0.067,2154,IL,5.08,0.82
2023-12-14,TX-200,300,Supplier D,25,0.061,4196,NY,5.46,0.21
2023-06-18,TX-100,186,Supplier C,12,0.045,4534,IL,3.52,0.85
2020-12-20,TX-500,367,Supplier D,11,0.039,3869,IL,1.96,0.37
2022-02-08,TX-100,344,Supplier C,28,0.079,3873,FL,1.69,0.74
2020-06-28,TX-200,228,Supplier C,26,0.053,4545,FL,1.78,0.34
2020-03-06,TX-500,278,Supplier D,22,0.061,2202,CA,3.48,0.71
2022-03-30,TX-200,420,Supplier C,2,0.01,3952,NY,2.56,0.8
2023-10-03,TX-100,443,Supplier E,3,0.047,895,TX,3.58,0.56
2020-06-19,TX-100,229,Supplier A,27,0.013,3046,NY,3.7,0.62
2021-04-18,TX-100,445,Supplier B,9,0.005,2419,NY,3.56,0.71
2021-06-17,TX-500,121,Supplier C,8,0.069,3004,NY,4.29,0.69
2023-10-22,TX-400,367,Supplier C,9,0.027,1553,CA,4.56,0.73
2023-02-04,TX-400,436,Supplier D,12,0.097,978,CA,3.28,0.85
2021-03-14,TX-200,132,Supplier E,0,0.061,4572,NY,3.02,0.22
2022-04-14,TX-500,428,Supplier B,11,0.065,486,TX,3.16,0.21
2020-08-14,TX-300,444,Supplier C,10,0.02,3781,TX,1.82,0.97
2021-03-17,TX-400,185,Supplier E,20,0.013,2534,TX,2.95,0.85
2021-01-30,TX-500,267,Supplier B,7,0.053,1280,CA,2.4,0.59
2021-12-28,TX-500,158,Supplier D,25,0.093,4619,FL,2.81,0.01
2020-03-24,TX-400,427,Supplier C,22,0.006,886,TX,4.71,0.85
2022-11-02,TX-500,456,Supplier D,13,0.051,4472,FL,5.95,0.75
2021-11-23,TX-500,168,Supplier D,13,0.02,3319,NY,5.66,0.96
2021-05-07,TX-400,443,Supplier C,19,0.078,1938,TX,5.2,0.01
2023-07-15,TX-100,67,Supplier E,22,0.068,1873,NY,4.82,0.03
2023-02-17,TX-200,381,Supplier E,16,0.01,3285,NY,5.75,0.52
2022-08-27,TX-300,472,Supplier D,21,0.062,2142,IL,4.88,0.86
2020-12-18,TX-200,203,Supplier D,24,0.098,1724,NY,3.62,0.99
2022-12-16,TX-100,60,Supplier A,18,0.053,3672,NY,4.21,0.32
2020-02-09,TX-100,187,Supplier B,19,0.029,1348,CA,2.88,0.04
2023-09-21,TX-500,436,Supplier D,23,0.015,4342,NY,1.51,0.2
2021-10-01,TX-200,111,Supplier D,27,0.099,1725,TX,3.09,0.88
2020-06-21,TX-100,120,Supplier B,20,0.056,1571,CA,3.32,0.47
2020-09-15,TX-200,110,Supplier C,20,0.037,3852,IL,4.8,0.85
2021-05-31,TX-100,181,Supplier E,16,0.021,1446,IL,5.37,0.44
2021-12-30,TX-300,110,Supplier C,5,0.095,1214,NY,5.83,0.05
2021-06-06,TX-100,441,Supplier B,13,0.063,113,FL,3.08,0.62
2022-04-18,TX-200,407,Supplier B,17,0.006,1271,IL,5.81,0.44
2020-04-26,TX-500,318,Supplier A,16,0.006,1926,IL,5.1,0.49
2020-07-02,TX-200,61,Supplier A,5,0.094,3642,IL,1.64,0.95
2023-02-13,TX-400,84,Supplier E,4,0.071,508,TX,4.18,0.46
2020-06-10,TX-200,487,Supplier D,12,0.01,4579,FL,3.15,0.8
2021-06-26,TX-300,100,Supplier B,15,0.062,4252,NY,1.65,0.06
2023-06-14,TX-300,92,Supplier A,20,0.042,2661,NY,3.89,0.48
2022-04-18,TX-300,277,Supplier C,8,0.079,3749,CA,4.13,0.59
2022-12-25,TX-100,160,Supplier A,11,0.027,2492,TX,2.64,0.11
2022-12-29,TX-300,371,Supplier C,9,0.038,2002,FL,5.73,0.3
2021-03-22,TX-200,64,Supplier A,25,0.017,3258,CA,4.25,0.74
2021-02-19,TX-500,226,Supplier C,12,0.025,504,FL,2.29,0.18
2021-06-15,TX-300,211,Supplier A,18,0.019,4440,IL,4.75,0.13
2021-03-16,TX-200,88,Supplier A,15,0.002,958,FL,3.75,0.3
2022-01-07,TX-100,75,Supplier E,16,0.005,2097,CA,3.63,0.86
2021-04-08,TX-100,161,Supplier D,15,0.084,308,TX,5.26,0.76
2021-01-30,TX-500,481,Supplier B,29,0.08,2290,TX,2.12,0.78
2021-12-11,TX-500,100,Supplier D,13,0.014,1922,IL,3.71,0.32
2021-01-29,TX-200,416,Supplier E,15,0.067,645,NY,5.01,0.1
2020-11-21,TX-500,437,Supplier C,23,0.075,903,CA,4.47,0.03
2023-01-19,TX-500,147,Supplier D,14,0.005,1227,NY,1.52,0.59
2022-01-19,TX-100,460,Supplier B,11,0.009,4192,IL,5.04,0.7
2022-12-29,TX-200,424,Supplier B,4,0.056,346,FL,5.75,0.38
2023-04-04,TX-500,219,Supplier C,10,0.037,2677,FL,4.67,0.53
2021-10-03,TX-200,105,Supplier B,4,0.07,564,IL,5.44,0.28
2020-08-01,TX-300,270,Supplier E,23,0.056,719,TX,3.12,0.36
2023-09-20,TX-100,374,Supplier D,23,0.003,2058,CA,3.08,0.73
2021-01-03,TX-100,195,Supplier B,10,0.068,3135,IL,2.94,0.72
2020-02-18,TX-100,494,Supplier D,1,0.02,2515,IL,4.81,0.03
2022-12-11,TX-400,309,Supplier A,18,0.031,1329,CA,5.74,0.94
2023-08-05,TX-200,178,Supplier D,25,0.074,456,TX,5.48,0.27
2023-06-16,TX-300,99,Supplier C,25,0.077,2478,TX,2.18,0.91
2020-05-12,TX-500,389,Supplier E,16,0.035,3451,CA,4.32,0.51
2022-09-25,TX-300,375,Supplier B,18,0.009,984,NY,5.98,0.5
2022-02-24,TX-200,453,Supplier E,11,0.077,4696,FL,2.83,0.45
2023-04-04,TX-100,69,Supplier D,19,0.087,1858,CA,4.36,0.92
2023-10-29,TX-400,223,Supplier B,26,0.096,4939,TX,5.58,0.21
2021-01-07,TX-200,332,Supplier E,22,0.032,3020,NY,5.55,0.61
2021-04-23,TX-200,75,Supplier C,24,0.012,1557,IL,2.95,0.32
2022-04-11,TX-500,209,Supplier A,27,0.094,650,IL,1.92,0.92
2021-10-11,TX-300,59,Supplier A,4,0.04,299,IL,4.41,0.17
2021-11-12,TX-300,131,Supplier C,11,0.009,1490,FL,5.76,0.68
2021-11-18,TX-500,305,Supplier A,15,0.05,3842,TX,3.79,0.42
2023-08-16,TX-400,154,Supplier C,0,0.019,4534,NY,3.56,0.66
2020-03-22,TX-100,189,Supplier D,1,0.036,1543,TX,5.39,0.16
2020-03-27,TX-100,251,Supplier C,9,0.032,4874,FL,3.41,0.39
2020-08-12,TX-400,393,Supplier A,1,0.099,376,FL,4.56,0.11
2020-01-16,TX-500,73,Supplier D,24,0.064,153,CA,3.25,0.97
2022-04-01,TX-200,422,Supplier C,9,0.049,263,TX,3.2,0.21
2023-10-13,TX-300,484,Supplier C,22,0.051,2223,IL,2.35,0.99
2020-06-11,TX-200,471,Supplier D,17,0.06,2889,CA,1.9,0.42
2021-05-28,TX-300,95,Supplier B,0,0.087,4617,TX,5.48,0.07
2020-12-15,TX-200,266,Supplier A,4,0.015,4772,CA,2.32,0.02
2021-11-11,TX-500,441,Supplier B,11,0.06,1353,CA,1.78,0.6
2023-10-30,TX-500,104,Supplier D,16,0.032,1429,NY,4.12,0.61
2023-01-20,TX-400,127,Supplier D,24,0.057,1085,CA,3.96,0.52
2020-06-29,TX-200,208,Supplier E,18,0.052,3288,FL,4.05,0.07
2022-01-12,TX-200,393,Supplier E,17,0.003,1180,IL,3.61,0.33
2023-08-17,TX-400,321,Supplier D,29,0.058,758,NY,2.14,0.36
2021-10-21,TX-400,197,Supplier E,12,0.071,2365,CA,1.59,0.7
2023-04-27,TX-500,87,Supplier C,21,0.025,4741,NY,1.71,0.42
2023-08-30,TX-500,160,Supplier B,2,0.011,2134,IL,5.74,0.57
2021-05-07,TX-200,64,Supplier D,20,0.021,948,IL,3.89,0.29
2022-07-11,TX-500,127,Supplier C,9,0.064,565,NY,3.3,0.73
2020-05-07,TX-500,125,Supplier A,13,0.047,4761,TX,3.35,0.05
2023-12-20,TX-200,467,Supplier A,7,0.087,4699,IL,4.43,0.99
2021-07-18,TX-400,377,Supplier E,9,0.028,1474,FL,3.19,0.64
2023-04-25,TX-200,324,Supplier E,1,0.037,4736,FL,5.08,0.15
2021-07-03,TX-100,246,Supplier C,27,0.053,1906,CA,2.67,0.72
2021-03-28,TX-200,425,Supplier A,12,0.046,2226,TX,3.15,0.79
2021-04-15,TX-100,268,Supplier D,4,0.055,518,TX,5.71,0.79
2022-09-14,TX-200,112,Supplier B,10,0.031,1559,CA,2.67,0.27
2022-01-07,TX-100,410,Supplier E,23,0.017,4632,IL,4.48,0.96
2020-08-11,TX-100,81,Supplier C,0,0.08,2313,NY,3.14,0.02
2020-06-02,TX-200,282,Supplier E,25,0.004,697,TX,3.62,0.38
2021-07-13,TX-500,159,Supplier C,9,0.037,1289,TX,1.7,0.1
2020-12-16,TX-300,214,Supplier A,29,0.009,4006,IL,2.25,0.38
2023-03-16,TX-500,243,Supplier E,26,0.074,4145,NY,1.96,0.06
2020-12-14,TX-100,56,Supplier C,28,0.037,545,FL,5.3,0.64
2020-06-30,TX-200,481,Supplier C,27,0.003,4849,TX,5.83,0.06
2021-09-28,TX-200,188,Supplier E,12,0.008,146,IL,1.81,0.62
2022-10-14,TX-200,392,Supplier B,27,0.02,4028,TX,1.85,0.23
2020-06-27,TX-200,336,Supplier D,3,0.079,1612,FL,3.98,0.18
2022-11-28,TX-300,477,Supplier A,20,0.08,1386,CA,3.77,0.35
2022-02-10,TX-400,350,Supplier E,29,0.1,2801,IL,4.43,0.64
2022-06-12,TX-100,105,Supplier E,9,0.024,2048,NY,4.82,0.58
2022-10-23,TX-300,209,Supplier B,11,0.006,1042,CA,5.09,0.68
2022-10-12,TX-500,198,Supplier A,13,0.028,2801,NY,2.17,0.92
2020-03-04,TX-400,336,Supplier E,26,0.018,2390,FL,1.67,0.2
2020-01-29,TX-400,306,Supplier B,2,0.071,3825,NY,5.5,0.41
2021-01-06,TX-200,188,Supplier D,27,0.097,1003,TX,3.61,0.27
2020-04-06,TX-300,398,Supplier C,1,0.027,2759,FL,5.87,0.59
2023-05-11,TX-500,373,Supplier D,27,0.033,1231,CA,3.9,0.28
2023-12-05,TX-200,341,Supplier D,18,0.035,2468,TX,3.8,0.56
2022-09-19,TX-200,384,Supplier D,10,0.086,4669,TX,4.3,0.82
2020-01-21,TX-100,236,Supplier D,20,0.058,2855,FL,2.27,0.55
2022-01-04,TX-400,372,Supplier C,6,0.097,3644,NY,2.64,0.84
2023-01-30,TX-500,233,Supplier A,17,0.063,566,NY,5.58,0.61
2022-12-05,TX-400,356,Supplier A,28,0.071,4157,CA,2.46,0.87
2020-03-06,TX-300,462,Supplier B,13,0.009,4950,FL,2.55,0.93
2021-08-25,TX-100,435,Supplier B,6,0.095,4134,CA,3.79,0.51
2023-04-02,TX-200,311,Supplier E,21,0.063,1235,IL,4.39,0.79
2023-02-08,TX-100,464,Supplier D,29,0.052,1578,FL,1.5,0.47
2020-12-03,TX-200,359,Supplier D,6,0.039,4483,IL,3.56,0.71
2020-05-02,TX-100,393,Supplier C,22,0.008,440,CA,3.3,0.04
2021-03-22,TX-200,473,Supplier D,8,0.013,759,IL,5.4,0.97
2021-09-02,TX-400,194,Supplier C,22,0.001,285,IL,5.28,0.89
2023-08-07,TX-400,310,Supplier E,29,0.1,2176,TX,5.58,0.89
2021-11-01,TX-400,51,Supplier B,11,0.079,1531,TX,5.29,0.28
2023-12-06,TX-400,363,Supplier B,28,0.08,846,CA,5.04,0.28
2021-09-06,TX-100,61,Supplier E,5,0.073,3934,CA,5.37,0.4
2022-06-15,TX-200,310,Supplier E,25,0.048,632,NY,2.29,0.88
2020-10-07,TX-400,411,Supplier D,23,0.009,3075,IL,3.03,0.86
2022-12-02,TX-100,493,Supplier B,6,0.007,4309,NY,4.58,0.29
2021-08-18,TX-200,218,Supplier A,21,0.092,1221,NY,5.65,0.54
2021-12-03,TX-100,197,Supplier E,3,0.0,3193,FL,4.5,0.48
2022-12-10,TX-400,249,Supplier B,15,0.07,1244,NY,2.44,0.65
2020-07-28,TX-300,434,Supplier B,6,0.063,310,NY,5.75,0.21
2020-05-05,TX-100,361,Supplier C,27,0.05,3873,IL,4.92,0.09
2021-05-06,TX-400,119,Supplier B,7,0.097,2963,NY,4.72,0.03
2022-08-17,TX-500,361,Supplier E,7,0.02,2533,IL,4.93,0.38
2022-08-27,TX-200,103,Supplier D,27,0.079,2023,IL,4.47,0.95
2021-08-03,TX-400,444,Supplier B,27,0.067,3224,NY,1.6,0.68
2022-02-15,TX-500,308,Supplier A,19,0.097,1991,IL,2.64,0.75
2020-09-14,TX-100,400,Supplier E,25,0.093,740,CA,5.8,0.95
2023-04-26,TX-100,77,Supplier D,24,0.013,1714,CA,2.8,0.42
2020-08-17,TX-500,416,Supplier D,2,0.031,1584,IL,4.97,0.47
2020-07-07,TX-500,412,Supplier E,8,0.085,3892,CA,3.41,0.36
2023-12-09,TX-200,169,Supplier D,18,0.023,2025,FL,5.58,0.18
2020-01-10,TX-100,182,Supplier A,12,0.038,1979,TX,4.01,0.77
2023-02-11,TX-500,429,Supplier B,6,0.063,3098,CA,4.34,0.91
2023-01-04,TX-300,139,Supplier E,19,0.056,1431,NY,2.58,0.81
2021-11-06,TX-300,65,Supplier B,20,0.064,2360,CA,1.76,0.05
2021-05-16,TX-500,336,Supplier B,28,0.071,4379,FL,4.9,0.3
2020-03-25,TX-200,333,Supplier D,14,0.073,2240,FL,1.8,0.59
2020-02-18,TX-100,440,Supplier E,18,0.074,1743,FL,4.75,0.33
2022-04-17,TX-300,279,Supplier B,1,0.099,2392,CA,4.0,0.15
2022-10-04,TX-500,186,Supplier C,11,0.036,3810,TX,5.19,0.54
2021-11-19,TX-500,344,Supplier A,7,0.004,1895,NY,2.43,0.52
2021-01-21,TX-400,276,Supplier D,29,0.035,1777,TX,3.94,0.71
2022-08-27,TX-500,476,Supplier E,22,0.091,2852,CA,4.26,1.0
2023-11-13,TX-200,76,Supplier E,22,0.008,1503,TX,1.83,0.65
2022-10-02,TX-300,381,Supplier D,7,0.065,338,IL,4.83,0.32
2020-08-05,TX-400,166,Supplier B,12,0.042,418,NY,3.25,0.96
2022-10-01,TX-300,138,Supplier D,0,0.092,661,IL,2.08,0.57
2023-10-01,TX-300,156,Supplier E,27,0.093,2907,IL,3.24,0.65
2023-06-07,TX-200,270,Supplier C,23,0.079,2477,TX,1.94,0.36
2020-09-11,TX-500,272,Supplier B,9,0.01,3513,IL,5.5,0.45
2020-08-23,TX-200,171,Supplier D,27,0.002,4804,NY,3.56,0.42
2022-11-15,TX-500,431,Supplier E,29,0.014,4138,IL,2.12,0.94
2023-07-08,TX-400,403,Supplier E,29,0.032,2759,CA,2.63,0.81
2020-09-27,TX-200,82,Supplier E,20,0.024,1607,NY,4.76,0.09
2020-05-02,TX-200,140,Supplier C,23,0.037,2120,CA,5.04,0.31
2021-10-17,TX-100,233,Supplier B,8,0.014,254,CA,1.69,0.06
2023-07-04,TX-200,425,Supplier D,28,0.075,641,FL,1.77,0.52
2023-12-15,TX-100,307,Supplier B,1,0.085,4355,FL,5.63,0.28
2020-09-15,TX-500,447,Supplier E,18,0.049,4985,CA,2.99,0.07
2022-08-05,TX-500,62,Supplier C,21,0.096,1704,IL,2.37,0.77
2020-02-16,TX-500,73,Supplier C,24,0.012,1784,CA,2.05,0.09
2022-05-12,TX-100,374,Supplier E,13,0.011,2636,CA,3.64,0.27
2021-06-08,TX-500,83,Supplier B,9,0.02,1379,FL,4.97,0.77
2022-06-06,TX-300,296,Supplier B,9,0.098,4251,TX,3.85,0.51
2020-07-26,TX-200,392,Supplier C,7,0.042,2999,TX,1.59,0.82
2023-08-27,TX-100,68,Supplier A,13,0.092,968,TX,3.68,0.41
2022-01-16,TX-500,79,Supplier C,12,0.02,3113,CA,2.9,0.81
2020-05-28,TX-300,98,Supplier C,5,0.085,3266,CA,4.57,0.54
2021-03-13,TX-200,476,Supplier D,20,0.031,3410,IL,3.86,0.09
2020-06-03,TX-200,449,Supplier C,29,0.073,782,FL,5.84,0.47
2023-01-18,TX-500,229,Supplier A,12,0.097,2363,CA,4.19,0.55
2020-12-23,TX-300,419,Supplier C,2,0.093,1561,NY,4.35,0.61
2023-04-12,TX-100,421,Supplier B,27,0.083,3929,NY,3.84,0.93
2023-05-25,TX-500,275,Supplier D,19,0.005,245,FL,2.9,0.18
2021-03-31,TX-200,482,Supplier D,28,0.061,2074,NY,4.34,0.61
2022-02-14,TX-200,444,Supplier C,12,0.084,1920,NY,3.0,0.75
2021-09-20,TX-200,127,Supplier D,22,0.04,704,FL,4.73,0.89
2023-05-07,TX-500,480,Supplier D,22,0.073,1706,CA,2.57,0.53
2022-04-11,TX-400,256,Supplier C,18,0.014,4339,CA,3.15,0.21
2021-04-30,TX-400,84,Supplier A,15,0.018,3299,IL,4.13,0.82
2021-06-16,TX-400,299,Supplier C,3,0.064,1647,CA,4.33,0.91
2020-07-18,TX-300,120,Supplier B,2,0.044,2872,NY,4.51,0.11
2021-01-05,TX-500,462,Supplier E,14,0.022,2087,NY,4.65,0.23
2022-10-10,TX-200,413,Supplier A,14,0.028,1485,IL,2.93,0.87
2022-05-02,TX-300,359,Supplier C,17,0.062,3743,FL,5.52,0.48
2020-09-04,TX-400,328,Supplier A,21,0.073,2996,NY,1.63,0.17
2022-02-26,TX-100,201,Supplier E,6,0.021,1919,CA,2.35,0.65
2020-09-20,TX-300,276,Supplier D,19,0.096,2754,CA,1.82,0.46
2022-12-17,TX-300,292,Supplier D,4,0.001,2219,CA,4.52,0.97
2023-08-18,TX-500,59,Supplier E,7,0.07,4817,NY,2.73,0.22
2020-01-31,TX-300,366,Supplier D,24,0.029,1045,TX,2.4,0.36
2023-06-26,TX-500,441,Supplier A,22,0.048,1405,NY,3.66,0.17
2021-08-27,TX-100,97,Supplier D,9,0.057,2001,NY,4.29,0.05
2023-07-18,TX-200,161,Supplier E,29,0.056,3795,TX,4.29,0.27
2023-11-18,TX-200,253,Supplier E,0,0.078,258,TX,4.01,0.82
2021-05-16,TX-400,431,Supplier E,10,0.082,3894,CA,5.96,0.27
2023-01-12,TX-400,206,Supplier B,29,0.007,3422,CA,5.37,0.7
2023-10-20,TX-100,392,Supplier A,2,0.07,1450,CA,2.57,0.53
2022-06-04,TX-200,75,Supplier E,26,0.04,4820,NY,4.91,0.52
2021-07-02,TX-400,470,Supplier A,20,0.082,4533,FL,4.06,0.78
2023-09-27,TX-300,357,Supplier B,2,0.061,1754,IL,1.82,0.62
2022-04-18,TX-500,215,Supplier A,14,0.001,3130,FL,1.72,0.16
2023-12-01,TX-400,298,Supplier C,16,0.067,775,TX,5.1,0.22
2023-12-19,TX-100,311,Supplier B,17,0.093,468,NY,3.95,0.54
2023-01-21,TX-200,313,Supplier B,7,0.008,3275,NY,4.07,0.85
2022-04-27,TX-100,66,Supplier D,22,0.049,1303,IL,3.01,0.15
2021-09-05,TX-500,125,Supplier E,12,0.063,3460,FL,5.69,0.11
2021-02-15,TX-500,495,Supplier B,9,0.02,1571,TX,4.71,0.52
2021-03-07,TX-100,303,Supplier A,2,0.065,1448,IL,5.67,0.19
2021-11-08,TX-400,255,Supplier C,19,0.005,3523,NY,1.95,0.99
2020-06-07,TX-400,83,Supplier A,13,0.091,3116,IL,4.13,0.0
2020-01-14,TX-200,196,Supplier A,12,0.076,769,CA,4.37,0.45
2021-01-07,TX-200,375,Supplier C,2,0.094,1354,FL,2.07,0.16
2020-08-12,TX-300,387,Supplier D,12,0.042,4519,TX,3.06,0.68
2023-01-01,TX-300,277,Supplier E,19,0.003,2108,CA,2.47,0.63
2023-06-26,TX-200,167,Supplier B,23,0.034,926,FL,5.93,0.81
2021-05-25,TX-300,214,Supplier E,24,0.052,2411,CA,3.95,0.56
2021-08-25,TX-100,87,Supplier D,22,0.094,549,IL,2.92,0.19
2020-08-03,TX-400,448,Supplier C,8,0.088,648,TX,4.49,0.05
2022-09-14,TX-300,407,Supplier E,29,0.059,1734,IL,4.47,0.72
2023-05-28,TX-300,345,Supplier A,24,0.073,3769,IL,3.06,0.44
2022-04-19,TX-100,186,Supplier B,15,0.095,2212,FL,5.97,0.22
2021-12-27,TX-500,358,Supplier B,22,0.085,1738,TX,5.14,0.25
2023-05-29,TX-200,295,Supplier D,22,0.066,4819,TX,3.3,0.15
2023-11-13,TX-100,247,Supplier D,7,0.054,4548,IL,4.47,0.28
2021-07-07,TX-500,423,Supplier C,11,0.048,1107,TX,4.7,0.79
2022-12-01,TX-100,115,Supplier D,25,0.076,4331,NY,2.28,0.62
2021-11-06,TX-400,129,Supplier E,27,0.081,3485,TX,5.45,0.99
2022-05-22,TX-100,101,Supplier B,11,0.022,1110,IL,5.22,0.52
2020-10-09,TX-100,178,Supplier C,18,0.047,2873,NY,4.9,0.52
2022-12-17,TX-400,463,Supplier D,23,0.077,2900,NY,2.5,0.19
2022-04-13,TX-200,429,Supplier A,16,0.068,409,FL,2.11,0.59
2021-06-20,TX-500,417,Supplier B,28,0.059,255,IL,2.31,0.61
2023-01-01,TX-300,50,Supplier C,14,0.032,1736,TX,1.92,0.21
2022-07-11,TX-200,216,Supplier B,21,0.061,4561,NY,5.73,0.09
2023-02-26,TX-100,65,Supplier E,17,0.061,3252,IL,5.33,0.37
2022-04-21,TX-300,194,Supplier D,6,0.043,3230,FL,1.91,0.17
2023-12-20,TX-400,161,Supplier D,12,0.096,1360,CA,4.55,0.5
2022-08-05,TX-200,417,Supplier D,18,0.065,4533,CA,2.61,0.53
2021-10-26,TX-500,151,Supplier A,15,0.085,4667,TX,1.58,0.61
2023-02-22,TX-200,131,Supplier E,10,0.013,4484,CA,2.82,0.6
2020-03-07,TX-200,455,Supplier A,25,0.076,4569,NY,3.48,0.67
2020-01-06,TX-300,148,Supplier E,4,0.06,3480,NY,1.59,0.23
2021-09-28,TX-400,208,Supplier E,25,0.031,1730,IL,2.96,0.73
2020-11-09,TX-400,89,Supplier E,1,0.014,1245,TX,4.65,0.52
2023-09-11,TX-200,204,Supplier D,0,0.038,2494,IL,2.53,0.44
2021-07-18,TX-400,85,Supplier D,15,0.044,135,IL,3.68,0.65
2022-04-05,TX-300,430,Supplier D,4,0.014,824,TX,5.49,0.5
2021-05-20,TX-300,296,Supplier A,24,0.067,1576,IL,1.63,0.53
2023-01-10,TX-500,53,Supplier C,24,0.031,2606,CA,5.04,0.02
2022-10-22,TX-400,423,Supplier E,6,0.081,3397,FL,3.23,0.8
2020-07-22,TX-500,330,Supplier A,29,0.065,990,IL,3.94,0.42
2021-10-23,TX-100,400,Supplier D,8,0.031,2949,NY,2.54,0.52
2022-03-15,TX-300,383,Supplier D,3,0.036,1500,NY,4.11,0.39
2021-02-07,TX-200,463,Supplier C,18,0.094,1126,CA,4.79,0.55
2023-01-31,TX-300,480,Supplier D,26,0.095,4201,IL,2.41,0.05
2021-06-19,TX-100,298,Supplier E,19,0.042,2760,IL,3.04,0.38
2023-10-23,TX-200,61,Supplier B,14,0.068,4504,TX,4.05,0.67
2023-05-20,TX-400,332,Supplier D,6,0.098,2506,IL,3.38,0.94
2021-07-30,TX-400,478,Supplier C,23,0.099,3105,IL,2.82,0.85
2023-05-17,TX-300,265,Supplier B,17,0.007,3849,NY,3.53,0.96
2022-02-01,TX-200,368,Supplier E,4,0.055,775,TX,2.81,0.78
2020-04-26,TX-200,360,Supplier E,20,0.073,2949,IL,2.86,0.63
2021-09-19,TX-500,463,Supplier E,28,0.019,617,CA,4.25,0.42
2022-01-18,TX-100,131,Supplier C,24,0.082,4579,IL,3.65,0.12
2020-04-14,TX-400,63,Supplier B,28,0.047,4085,TX,4.55,0.25
2021-05-09,TX-300,105,Supplier E,28,0.05,2686,CA,5.27,0.27
2020-02-15,TX-200,452,Supplier D,12,0.027,4803,CA,5.74,0.43
2022-04-02,TX-400,391,Supplier B,2,0.03,261,CA,2.18,0.61
2023-09-16,TX-300,331,Supplier E,27,0.008,700,NY,4.32,0.62
2023-05-24,TX-400,248,Supplier B,5,0.093,1659,NY,4.12,0.46
2022-09-08,TX-300,397,Supplier D,25,0.038,764,CA,5.4,0.27
2022-08-17,TX-400,215,Supplier A,11,0.016,3881,NY,5.53,0.06
2022-04-24,TX-500,341,Supplier E,20,0.014,2139,CA,4.92,0.99
2021-03-24,TX-100,195,Supplier D,17,0.041,4676,CA,4.18,0.94
2021-06-19,TX-400,490,Supplier C,17,0.063,3890,FL,2.4,0.18
2021-05-25,TX-100,127,Supplier E,3,0.078,4416,NY,2.74,0.61
2021-06-23,TX-400,161,Supplier A,27,0.092,1872,FL,4.21,0.3
2020-01-16,TX-200,72,Supplier D,19,0.064,4705,CA,2.13,0.19
2020-08-30,TX-500,424,Supplier D,22,0.042,1490,CA,2.33,0.68
2023-05-15,TX-500,165,Supplier B,13,0.042,4386,FL,5.6,0.79
2022-06-30,TX-100,191,Supplier E,27,0.057,1817,TX,5.8,0.41
2023-07-18,TX-200,246,Supplier A,13,0.054,2057,CA,1.52,0.06
2022-01-30,TX-300,327,Supplier C,0,0.064,1759,NY,5.38,0.4
2021-12-05,TX-500,77,Supplier B,10,0.05,3188,IL,5.72,0.53
2020-04-24,TX-200,348,Supplier E,21,0.006,2178,IL,3.87,0.89
2023-08-15,TX-200,125,Supplier A,26,0.05,3044,IL,3.52,0.66
2021-01-31,TX-100,67,Supplier B,28,0.002,1927,FL,5.63,0.71
2021-01-28,TX-200,149,Supplier A,8,0.018,2539,CA,1.53,0.2
2023-01-03,TX-200,173,Supplier A,17,0.039,1216,TX,5.28,0.72
2022-09-04,TX-300,414,Supplier B,27,0.055,2105,NY,2.83,0.5
2023-01-31,TX-100,341,Supplier B,4,0.018,1261,IL,4.39,0.82
2020-10-23,TX-100,174,Supplier E,9,0.028,4219,IL,2.95,0.22
2022-09-28,TX-200,56,Supplier B,14,0.037,267,NY,3.85,0.51
2020-06-26,TX-300,72,Supplier E,26,0.02,2100,IL,5.14,0.21
2023-05-23,TX-400,211,Supplier A,9,0.1,388,FL,2.32,0.29
2022-08-24,TX-500,166,Supplier B,15,0.08,1137,CA,4.49,0.83
2020-11-10,TX-100,419,Supplier E,3,0.081,2585,CA,5.54,0.69
2022-11-28,TX-300,401,Supplier E,3,0.057,3464,TX,5.55,0.73
2020-09-15,TX-300,70,Supplier C,7,0.096,4923,FL,5.52,0.07
2020-01-07,TX-200,301,Supplier E,29,0.073,2231,TX,3.83,0.73
2020-02-18,TX-500,375,Supplier E,5,0.033,4564,IL,4.95,0.49
2020-06-09,TX-100,480,Supplier C,22,0.061,4073,CA,3.51,0.46
2020-06-24,TX-400,358,Supplier D,10,0.054,1284,TX,3.57,0.41
2022-10-22,TX-200,133,Supplier B,27,0.058,2453,TX,2.78,0.85
2022-09-27,TX-100,411,Supplier C,24,0.082,1582,FL,2.78,0.18
2021-03-30,TX-100,90,Supplier E,12,0.051,3767,IL,1.67,0.81
2020-10-02,TX-300,252,Supplier E,18,0.073,4905,NY,3.89,0.93
2021-05-12,TX-500,465,Supplier B,10,0.025,299,FL,2.89,0.17
2021-11-06,TX-400,177,Supplier A,1,0.093,434,FL,2.34,1.0
2022-11-17,TX-500,191,Supplier C,2,0.009,3513,IL,2.05,0.99
2023-09-18,TX-300,393,Supplier D,14,0.099,278,NY,3.06,0.62
2022-10-21,TX-400,152,Supplier B,23,0.063,549,FL,5.55,0.27
2023-04-26,TX-400,156,Supplier B,12,0.047,1824,TX,3.82,0.43
2020-02-25,TX-200,66,Supplier C,24,0.031,1279,TX,4.01,0.17
2021-06-30,TX-400,74,Supplier E,9,0.041,4935,TX,1.74,0.12
2023-02-09,TX-100,113,Supplier E,4,0.078,967,TX,3.84,0.7
2023-08-26,TX-500,391,Supplier D,23,0.014,1077,NY,4.5,0.58
2020-02-05,TX-500,424,Supplier C,29,0.025,3740,IL,2.18,0.56
2021-03-14,TX-200,286,Supplier B,10,0.012,765,IL,5.93,0.25
2021-08-17,TX-400,225,Supplier C,22,0.043,2172,NY,5.62,0.23
2023-09-10,TX-300,340,Supplier A,27,0.039,2623,IL,5.97,0.99
2020-11-02,TX-100,342,Supplier B,13,0.065,882,TX,3.12,0.63
2021-09-10,TX-200,360,Supplier D,27,0.1,4397,NY,5.2,0.82
2023-02-06,TX-400,450,Supplier D,28,0.089,4805,TX,2.98,0.38
2023-10-27,TX-300,205,Supplier B,24,0.088,1587,IL,4.87,0.84
2020-12-22,TX-400,434,Supplier E,19,0.065,4632,FL,5.77,0.72
2020-06-29,TX-200,102,Supplier B,14,0.027,3650,NY,2.2,0.35
2023-10-11,TX-300,122,Supplier B,12,0.038,3550,CA,2.13,0.72
2020-03-08,TX-300,232,Supplier A,25,0.025,2258,CA,1.97,0.93
2020-10-18,TX-300,418,Supplier B,2,0.014,222,TX,5.09,0.21
2021-11-22,TX-300,238,Supplier C,8,0.044,2582,IL,4.5,0.55
2020-06-29,TX-400,62,Supplier C,7,0.09,4173,TX,3.85,0.97
2021-03-09,TX-300,96,Supplier D,14,0.074,1059,CA,4.98,0.82
2022-07-02,TX-400,497,Supplier E,22,0.098,1506,NY,5.32,0.62
2020-03-06,TX-300,209,Supplier D,0,0.019,3645,TX,5.77,0.07
2022-11-10,TX-300,333,Supplier A,1,0.05,4704,IL,2.41,0.41
2021-01-18,TX-200,102,Supplier B,8,0.079,663,CA,3.49,0.65
2020-02-08,TX-400,336,Supplier D,20,0.046,824,NY,5.65,0.41
2023-08-01,TX-400,57,Supplier B,16,0.036,346,TX,3.58,1.0
2022-04-01,TX-500,121,Supplier D,8,0.082,2728,NY,3.69,0.75
2021-08-24,TX-200,429,Supplier B,0,0.043,504,FL,5.74,0.19
2022-02-23,TX-400,147,Supplier D,7,0.091,2653,CA,4.81,0.49
2023-09-21,TX-200,136,Supplier C,4,0.027,1347,TX,3.98,0.38
2023-04-26,TX-200,379,Supplier A,29,0.09,2494,NY,3.11,0.59
2021-11-01,TX-200,150,Supplier D,10,0.028,1327,TX,5.62,0.45
2023-06-20,TX-100,330,Supplier C,27,0.029,732,IL,1.54,0.24
2023-01-01,TX-400,420,Supplier E,5,0.042,3480,IL,2.94,0.72
2021-04-23,TX-200,338,Supplier D,16,0.052,4449,TX,5.76,0.11
2021-07-14,TX-100,286,Supplier B,17,0.042,758,CA,3.74,0.53
2020-04-10,TX-100,245,Supplier A,22,0.086,2150,TX,4.31,0.31
2021-05-28,TX-300,440,Supplier C,17,0.08,3521,TX,3.9,0.97
2020-06-24,TX-300,146,Supplier C,4,0.031,1223,TX,3.29,0.3
2020-08-25,TX-400,499,Supplier A,26,0.051,4652,TX,4.49,0.34
2022-06-28,TX-300,417,Supplier D,24,0.043,983,CA,4.95,0.71
2022-12-18,TX-400,479,Supplier B,4,0.006,796,FL,3.14,0.13
2023-01-27,TX-100,145,Supplier E,27,0.075,4524,FL,4.16,0.32
2022-05-20,TX-100,310,Supplier D,18,0.018,814,NY,1.87,0.7
2021-05-09,TX-400,170,Supplier A,26,0.093,4089,CA,3.96,0.03
2022-08-04,TX-300,415,Supplier D,12,0.04,341,CA,4.86,0.31
2022-01-24,TX-300,322,Supplier D,21,0.062,4374,CA,4.13,0.01
2023-08-13,TX-400,381,Supplier A,6,0.082,2327,IL,5.45,0.15
2020-07-29,TX-500,101,Supplier A,25,0.018,3105,CA,2.79,0.6
2023-02-20,TX-300,445,Supplier E,13,0.054,4946,IL,3.71,0.46
2023-06-06,TX-200,367,Supplier A,26,0.024,1439,FL,1.89,0.16
2023-11-12,TX-300,212,Supplier A,25,0.051,1843,FL,4.65,0.08
2020-05-19,TX-500,239,Supplier A,26,0.058,2778,IL,3.49,0.06
2021-06-24,TX-100,326,Supplier C,7,0.017,1560,TX,3.89,0.09
2023-11-15,TX-100,134,Supplier A,2,0.058,4544,FL,2.08,0.1
2020-09-26,TX-100,243,Supplier A,26,0.045,4714,TX,5.99,0.09
2022-11-01,TX-300,230,Supplier A,3,0.052,486,NY,4.97,0.06
2023-11-13,TX-100,70,Supplier E,9,0.09,1541,IL,3.3,0.7
2023-09-22,TX-500,448,Supplier D,3,0.048,900,NY,4.06,0.94
2021-05-20,TX-500,252,Supplier A,17,0.048,706,IL,4.28,0.86
2023-02-03,TX-300,251,Supplier A,22,0.047,4539,NY,5.82,0.27
2020-02-01,TX-200,200,Supplier E,11,0.062,2017,NY,4.96,0.2
2023-01-02,TX-300,433,Supplier D,19,0.037,3209,CA,3.07,0.05
2023-04-09,TX-100,208,Supplier E,19,0.08,465,FL,5.9,0.16
2022-12-28,TX-300,359,Supplier B,14,0.029,4576,IL,2.86,0.57
2022-03-23,TX-500,488,Supplier B,12,0.03,4141,FL,4.1,1.0
2020-12-27,TX-300,75,Supplier B,11,0.059,1084,CA,4.65,0.86
2023-12-27,TX-300,358,Supplier A,7,0.026,1224,FL,2.72,0.51
2022-07-17,TX-200,115,Supplier E,21,0.009,590,IL,5.8,0.42
2020-04-09,TX-500,472,Supplier A,21,0.021,3744,CA,2.47,0.15
2020-01-09,TX-400,312,Supplier B,26,0.091,4324,TX,3.49,0.42
2021-11-27,TX-400,216,Supplier D,8,0.001,4170,CA,2.31,0.59
2022-11-18,TX-500,337,Supplier D,19,0.013,2126,IL,5.44,0.6
2023-02-11,TX-400,203,Supplier E,8,0.076,120,NY,2.5,0.56
2021-04-06,TX-100,392,Supplier D,16,0.098,127,FL,1.66,0.82
2022-07-09,TX-400,255,Supplier B,26,0.069,2597,NY,1.68,0.51
2023-03-12,TX-100,462,Supplier E,24,0.092,3663,TX,3.36,0.47
2021-01-24,TX-500,202,Supplier E,0,0.086,4847,NY,3.85,0.31
2021-09-23,TX-400,233,Supplier B,22,0.048,1553,FL,1.69,0.18
2021-11-12,TX-400,208,Supplier B,5,0.033,2382,NY,1.92,0.0
2020-06-05,TX-100,243,Supplier B,6,0.063,2571,CA,1.94,0.32
2020-11-30,TX-100,51,Supplier B,8,0.053,2229,IL,4.51,0.63
2020-09-16,TX-300,264,Supplier E,9,0.003,2512,NY,2.85,0.56
2020-03-22,TX-200,224,Supplier D,3,0.096,4960,IL,4.03,0.53
2022-01-23,TX-400,124,Supplier B,15,0.057,4935,IL,1.83,0.77
2023-04-10,TX-200,334,Supplier C,11,0.087,4595,IL,5.51,0.23
2023-06-08,TX-200,176,Supplier E,8,0.073,1575,CA,2.87,0.68
2021-12-20,TX-400,98,Supplier A,2,0.034,1035,IL,5.0,0.61
2020-03-15,TX-100,81,Supplier D,25,0.09,334,NY,5.22,0.34
2023-07-17,TX-300,207,Supplier E,26,0.079,134,IL,5.95,0.22
2021-09-17,TX-500,64,Supplier B,26,0.043,4834,CA,4.83,0.56
2020-03-02,TX-400,367,Supplier C,8,0.084,438,IL,3.49,0.95
2022-05-23,TX-400,383,Supplier A,28,0.027,4127,NY,2.19,0.08
2020-11-15,TX-500,292,Supplier D,16,0.067,3625,CA,1.72,0.95
2020-04-11,TX-200,66,Supplier B,13,0.011,1602,TX,5.49,0.46
2023-12-23,TX-300,71,Supplier E,4,0.087,3224,TX,3.51,0.71
2022-05-23,TX-200,293,Supplier E,25,0.073,3783,NY,4.87,0.8
2022-08-11,TX-500,463,Supplier D,20,0.015,2590,FL,3.73,0.15
2020-09-11,TX-500,130,Supplier C,0,0.002,4615,IL,5.46,0.04
2021-07-23,TX-300,193,Supplier B,0,0.039,805,FL,4.87,0.13
2020-04-21,TX-500,485,Supplier D,2,0.068,4947,CA,1.88,0.34
2022-09-11,TX-500,57,Supplier D,8,0.028,4444,IL,4.88,0.96
2023-08-29,TX-300,497,Supplier E,22,0.097,2440,FL,2.7,0.04
2022-09-24,TX-400,216,Supplier D,5,0.093,4402,NY,4.98,0.92
2021-04-05,TX-200,336,Supplier A,8,0.06,1224,CA,5.77,0.56
2021-12-08,TX-400,317,Supplier A,3,0.032,1699,IL,5.69,0.1
2022-06-05,TX-400,338,Supplier B,19,0.09,4630,TX,2.06,0.15
2023-01-20,TX-200,235,Supplier D,18,0.08,338,IL,1.75,0.69
2022-12-11,TX-400,61,Supplier E,4,0.009,1247,CA,5.0,0.61
2021-06-03,TX-300,330,Supplier B,4,0.048,4713,TX,4.69,0.17
2022-03-22,TX-200,471,Supplier C,27,0.098,4008,NY,2.29,0.9
2023-01-26,TX-100,353,Supplier E,13,0.045,4344,IL,4.58,0.13
2020-08-23,TX-400,132,Supplier C,9,0.093,2204,FL,1.57,0.51
2023-10-29,TX-500,104,Supplier B,22,0.098,2303,FL,4.34,0.53
2022-07-15,TX-200,180,Supplier A,15,0.039,3768,NY,5.25,0.87
2021-07-10,TX-100,174,Supplier E,22,0.096,4731,CA,4.39,0.02
2021-10-10,TX-500,374,Supplier E,5,0.014,2262,NY,1.79,0.14
2020-08-21,TX-100,468,Supplier B,19,0.016,3705,CA,5.96,0.17
2022-11-21,TX-400,100,Supplier E,22,0.028,4561,TX,3.1,0.06
2023-08-05,TX-500,76,Supplier E,13,0.047,3665,CA,3.21,0.63
2021-08-01,TX-400,214,Supplier B,17,0.018,3717,TX,1.88,0.23
2021-06-25,TX-500,449,Supplier D,28,0.034,3033,IL,2.25,0.58
2020-04-23,TX-200,330,Supplier B,27,0.01,3208,IL,2.72,0.78
2020-07-22,TX-300,82,Supplier E,8,0.043,564,NY,5.1,0.41
2022-11-18,TX-300,111,Supplier B,6,0.083,2134,NY,4.61,0.77
2021-10-04,TX-100,194,Supplier E,17,0.06,2994,IL,4.13,0.78
2021-04-18,TX-500,220,Supplier C,9,0.081,2885,FL,5.39,0.26
2021-11-27,TX-400,335,Supplier C,1,0.014,3020,TX,5.99,0.02
2020-09-09,TX-200,346,Supplier A,12,0.04,910,IL,3.23,0.1
2022-06-23,TX-200,166,Supplier B,5,0.004,498,FL,3.26,0.82
2021-01-20,TX-200,53,Supplier B,26,0.037,1175,CA,4.81,0.41
2020-03-02,TX-300,115,Supplier C,22,0.061,2919,IL,4.4,0.84
2021-05-29,TX-400,109,Supplier C,8,0.057,1962,FL,1.56,0.55
2021-03-05,TX-200,442,Supplier C,19,0.006,3379,IL,4.45,0.2
2021-08-02,TX-200,336,Supplier A,7,0.006,985,CA,4.74,0.71
2023-03-10,TX-100,394,Supplier A,29,0.031,2666,CA,5.94,0.56
2022-01-12,TX-500,278,Supplier D,9,0.077,3340,TX,4.14,0.35
2023-08-16,TX-500,149,Supplier B,15,0.002,1773,CA,4.58,0.09
2021-11-05,TX-500,168,Supplier A,14,0.062,2849,CA,5.05,0.1
2020-11-06,TX-100,118,Supplier E,12,0.018,2084,TX,1.93,0.19
2021-04-15,TX-300,201,Supplier B,17,0.094,1791,IL,4.81,0.67
2023-11-17,TX-100,329,Supplier D,5,0.043,4253,IL,3.96,0.73
2022-03-19,TX-200,270,Supplier C,19,0.005,3867,TX,1.95,0.63
2020-06-20,TX-400,478,Supplier D,23,0.071,757,IL,4.51,0.34
2021-07-29,TX-200,272,Supplier B,8,0.048,3356,IL,2.56,0.44
2020-01-31,TX-200,214,Supplier C,17,0.088,4154,FL,3.92,0.71
2020-02-16,TX-400,491,Supplier D,6,0.065,1610,TX,2.76,0.66
2020-05-09,TX-500,260,Supplier D,22,0.069,1168,TX,1.97,0.77
2020-12-17,TX-100,328,Supplier B,23,0.077,1485,NY,2.63,0.24
2022-09-04,TX-300,468,Supplier A,28,0.042,2714,FL,3.47,0.0
2020-02-27,TX-200,112,Supplier E,4,0.079,871,IL,3.72,0.27
2023-02-03,TX-200,423,Supplier D,10,0.005,2674,NY,2.17,0.35
2022-03-22,TX-300,419,Supplier E,12,0.077,2296,FL,2.94,0.96
2023-09-15,TX-100,311,Supplier B,2,0.064,4815,IL,5.37,0.22
2022-02-06,TX-200,55,Supplier B,0,0.057,2097,FL,5.6,0.83
2021-11-13,TX-300,297,Supplier A,3,0.032,2182,CA,3.91,0.62
2023-11-07,TX-200,278,Supplier C,18,0.011,2528,IL,3.71,0.17
2023-03-31,TX-500,335,Supplier E,17,0.065,871,FL,4.12,0.4
2022-09-23,TX-500,306,Supplier D,5,0.047,2374,FL,2.47,0.51
2020-10-12,TX-200,112,Supplier C,22,0.022,1263,NY,5.97,0.34
2022-12-30,TX-200,441,Supplier E,9,0.004,3737,FL,4.85,0.23
2022-06-04,TX-500,77,Supplier E,6,0.054,4982,CA,2.57,0.25
2021-01-31,TX-200,394,Supplier C,11,0.013,4531,CA,2.72,0.59
2020-01-26,TX-100,466,Supplier C,7,0.093,3793,FL,4.42,0.69
2020-11-08,TX-100,102,Supplier A,12,0.015,3450,IL,2.95,0.47
2020-05-05,TX-400,301,Supplier D,29,0.003,2479,NY,3.1,0.94
2023-12-02,TX-100,87,Supplier D,17,0.026,872,IL,5.01,0.73
2023-05-06,TX-200,357,Supplier D,13,0.017,823,FL,2.7,0.89
2022-03-21,TX-200,383,Supplier C,10,0.079,1318,CA,4.67,0.48
2020-07-06,TX-300,188,Supplier A,27,0.029,4826,TX,5.71,0.01
2021-11-28,TX-100,435,Supplier B,9,0.025,805,NY,2.06,0.59
2022-03-20,TX-500,102,Supplier A,28,0.099,1381,IL,2.15,0.82
2021-12-16,TX-500,143,Supplier C,5,0.015,2835,CA,5.74,0.54
2021-03-25,TX-400,143,Supplier A,12,0.008,4637,IL,2.42,0.57
2021-06-06,TX-300,312,Supplier C,21,0.031,710,FL,1.59,0.97
2023-10-09,TX-500,372,Supplier E,9,0.041,1831,IL,5.41,0.37
2022-09-12,TX-400,186,Supplier E,11,0.076,1752,NY,2.77,0.8
2021-10-19,TX-100,421,Supplier B,0,0.096,1001,TX,2.84,0.51
2021-08-19,TX-300,496,Supplier E,17,0.076,4146,TX,2.52,0.46
2020-04-09,TX-300,305,Supplier B,12,0.073,3296,FL,5.63,0.15
2021-09-07,TX-200,444,Supplier D,24,0.099,4996,NY,4.98,0.75
2022-08-05,TX-100,86,Supplier C,23,0.077,3631,TX,4.19,0.82
2021-07-09,TX-300,191,Supplier D,27,0.014,270,CA,3.54,0.43
2020-10-04,TX-400,196,Supplier D,28,0.046,4505,IL,2.15,0.76
2021-05-05,TX-500,57,Supplier B,3,0.05,2499,FL,5.67,0.58
2020-09-11,TX-100,300,Supplier C,5,0.03,4063,CA,4.87,0.26
2021-01-15,TX-100,184,Supplier B,17,0.016,1474,FL,2.75,0.92
2022-06-10,TX-300,108,Supplier A,27,0.071,1696,NY,5.76,0.7
2021-06-25,TX-300,172,Supplier D,4,0.028,1095,FL,5.71,0.88
2023-07-11,TX-300,496,Supplier C,17,0.062,3396,TX,4.47,0.28
2022-04-04,TX-400,312,Supplier D,28,0.032,845,NY,5.93,0.92
2022-05-28,TX-200,169,Supplier A,4,0.051,1909,FL,2.34,0.36
2023-09-14,TX-300,488,Supplier A,6,0.034,842,CA,4.79,0.01
2023-02-12,TX-200,308,Supplier C,22,0.041,3420,NY,2.18,0.08
2023-07-23,TX-200,372,Supplier C,8,0.073,1593,NY,4.61,0.09
2020-10-07,TX-100,67,Supplier A,2,0.088,3620,FL,5.64,0.21
2023-07-22,TX-500,350,Supplier D,11,0.051,3522,FL,3.91,0.19
2022-02-11,TX-500,402,Supplier E,19,0.061,3255,NY,4.93,0.06
2022-04-22,TX-400,141,Supplier D,24,0.086,2823,IL,2.14,0.9
2021-12-19,TX-400,213,Supplier E,13,0.014,2100,IL,4.35,0.83
2020-11-23,TX-500,193,Supplier B,7,0.016,4368,TX,1.78,0.76
2020-07-29,TX-500,384,Supplier C,11,0.036,2028,NY,1.67,0.48
2021-12-27,TX-100,462,Supplier A,6,0.031,4340,IL,4.35,0.43
2022-07-11,TX-100,364,Supplier B,23,0.099,4957,CA,4.08,0.43
2021-07-05,TX-500,451,Supplier D,8,0.056,3622,NY,2.98,0.26
2020-01-26,TX-300,482,Supplier E,11,0.052,2468,IL,3.81,0.61
2020-01-27,TX-300,287,Supplier C,3,0.058,1271,FL,4.58,0.06
2021-12-02,TX-100,223,Supplier E,4,0.088,2853,CA,4.4,0.66
2023-01-11,TX-200,132,Supplier D,8,0.024,3059,TX,1.83,0.51
2021-11-12,TX-500,206,Supplier D,6,0.051,1764,IL,4.55,0.82
2021-02-16,TX-400,158,Supplier A,13,0.027,2822,FL,4.47,0.97
2020-06-15,TX-300,227,Supplier B,19,0.078,3300,CA,4.51,0.88
2020-06-17,TX-200,299,Supplier C,21,0.078,782,CA,5.31,0.72
2020-08-16,TX-300,302,Supplier A,26,0.096,4008,TX,4.1,0.43
2021-01-01,TX-200,104,Supplier E,16,0.045,1609,FL,5.72,0.21
2021-06-11,TX-500,204,Supplier B,0,0.016,2363,IL,5.91,0.66
2022-03-01,TX-500,440,Supplier C,24,0.09,2384,NY,4.88,0.2
2021-06-07,TX-500,140,Supplier E,14,0.089,2243,CA,3.11,0.02
2022-12-31,TX-100,388,Supplier C,23,0.023,3059,IL,2.14,0.57
2020-04-15,TX-200,175,Supplier C,14,0.028,1756,NY,5.19,0.39
2022-01-01,TX-400,386,Supplier B,28,0.031,3366,IL,2.16,0.88
2022-08-22,TX-400,218,Supplier E,0,0.045,1373,IL,2.16,0.65
2023-07-29,TX-500,188,Supplier A,28,0.083,3618,CA,5.64,0.65
2020-05-12,TX-400,54,Supplier A,14,0.014,2115,CA,4.02,0.79
2021-06-17,TX-300,115,Supplier A,26,0.07,1017,IL,2.82,0.34
2022-09-01,TX-200,160,Supplier C,1,0.035,1051,IL,5.83,0.96
2020-09-25,TX-200,233,Supplier D,28,0.02,3124,TX,4.68,0.22
2023-12-06,TX-200,317,Supplier B,3,0.034,254,NY,3.91,0.87
2021-11-03,TX-300,219,Supplier A,16,0.053,4515,FL,2.98,0.91
2022-03-01,TX-100,411,Supplier B,15,0.092,400,FL,4.54,0.04
2020-01-18,TX-300,293,Supplier C,17,0.063,294,TX,4.79,0.63
2020-04-26,TX-200,380,Supplier B,20,0.061,1537,IL,4.7,0.75
2022-03-08,TX-200,187,Supplier A,15,0.011,832,IL,2.38,0.95
2023-03-13,TX-200,77,Supplier A,7,0.008,3144,TX,4.64,0.25
2021-07-04,TX-400,56,Supplier C,5,0.013,1551,FL,4.12,0.56
2022-07-17,TX-100,447,Supplier C,21,0.01,4809,CA,5.33,0.77
2022-01-22,TX-300,382,Supplier E,19,0.058,1388,CA,4.31,0.15
2021-02-25,TX-200,366,Supplier C,1,0.045,3347,IL,2.16,0.85
2023-10-24,TX-500,100,Supplier D,18,0.0,1475,NY,2.93,0.4
2021-10-07,TX-100,475,Supplier D,12,0.035,4379,FL,4.85,0.64
2021-07-11,TX-500,185,Supplier A,21,0.013,4073,NY,4.83,0.04
2020-02-19,TX-100,227,Supplier C,21,0.099,4694,IL,2.5,0.22
2021-11-08,TX-200,178,Supplier D,20,0.046,3364,FL,3.1,0.48
2020-04-15,TX-100,246,Supplier D,5,0.043,1099,CA,1.57,0.29
2023-05-24,TX-100,316,Supplier E,26,0.064,2142,CA,2.99,0.96
2021-10-19,TX-200,156,Supplier C,5,0.036,1144,NY,1.62,0.79
2023-12-19,TX-500,97,Supplier E,12,0.072,3505,FL,5.43,0.86
2022-12-31,TX-500,187,Supplier B,0,0.09,4993,IL,4.5,0.47
2022-09-14,TX-400,448,Supplier E,21,0.05,1178,TX,5.86,0.47
2022-04-21,TX-500,152,Supplier B,20,0.038,4499,TX,5.51,0.81
2021-03-21,TX-500,96,Supplier B,23,0.052,1657,TX,4.22,0.39
2023-04-24,TX-100,202,Supplier C,8,0.06,2236,IL,3.76,0.48
2020-03-10,TX-400,417,Supplier B,29,0.085,3027,TX,5.48,0.53
2020-05-29,TX-200,55,Supplier B,21,0.039,1934,NY,2.84,0.61
2023-06-23,TX-200,60,Supplier E,28,0.005,4500,CA,2.51,0.65
2022-02-12,TX-300,66,Supplier C,11,0.063,3919,TX,3.35,0.68
2023-01-27,TX-400,192,Supplier C,11,0.099,4479,CA,1.74,0.44
2023-07-25,TX-100,321,Supplier B,25,0.085,2143,NY,2.86,0.3
2022-08-01,TX-300,361,Supplier E,3,0.076,540,FL,1.88,0.92
2021-03-30,TX-300,115,Supplier E,18,0.018,4054,FL,1.74,0.83
2023-02-01,TX-200,469,Supplier E,15,0.075,1568,IL,3.98,0.0
2022-08-03,TX-500,388,Supplier E,25,0.008,2062,CA,4.69,0.51
2021-08-23,TX-100,471,Supplier A,11,0.049,3548,IL,3.92,0.27
2021-10-14,TX-400,380,Supplier B,0,0.037,3667,TX,1.82,0.64
2021-12-25,TX-300,305,Supplier B,22,0.091,2994,IL,3.28,0.5
2020-08-20,TX-100,176,Supplier B,20,0.016,4035,NY,2.0,0.02
2023-11-18,TX-200,180,Supplier C,3,0.079,3110,IL,4.43,0.73
2020-09-07,TX-300,67,Supplier C,8,0.005,3963,TX,5.22,0.28
2020-03-19,TX-300,256,Supplier E,6,0.07,3555,TX,2.03,0.26
2022-12-11,TX-200,138,Supplier C,9,0.029,844,NY,1.8,0.03
2022-06-16,TX-200,487,Supplier D,12,0.098,656,CA,3.33,0.83
2022-07-09,TX-200,292,Supplier B,7,0.067,3900,FL,2.87,0.58
2022-02-19,TX-100,399,Supplier B,19,0.031,4825,NY,2.67,0.48
2020-08-13,TX-100,66,Supplier A,9,0.024,1951,FL,2.45,0.68
2022-12-10,TX-100,272,Supplier A,27,0.064,2519,NY,2.93,0.35
2023-04-24,TX-500,419,Supplier D,9,0.027,2456,NY,5.84,0.57
2022-11-23,TX-300,412,Supplier A,7,0.019,3964,IL,5.36,0.25
2022-03-13,TX-100,259,Supplier E,19,0.065,4297,IL,4.21,0.06
2022-01-11,TX-500,148,Supplier E,14,0.072,1983,IL,5.1,0.56
2020-05-10,TX-300,62,Supplier B,0,0.024,4397,NY,1.57,0.22
2022-10-19,TX-100,368,Supplier E,26,0.054,3943,IL,2.0,0.75
2021-09-23,TX-200,319,Supplier A,14,0.066,4228,NY,2.82,0.45
2022-04-17,TX-400,236,Supplier D,23,0.094,117,IL,4.4,0.25
2022-01-28,TX-100,469,Supplier E,16,0.08,771,FL,5.48,0.61
2023-12-26,TX-400,323,Supplier B,12,0.042,1238,CA,2.54,0.12
2021-12-04,TX-100,182,Supplier B,11,0.084,307,IL,2.13,0.76
2021-05-11,TX-200,63,Supplier A,2,0.044,260,TX,5.32,0.45
2023-11-27,TX-400,330,Supplier E,22,0.013,3461,CA,3.34,0.81
2020-11-18,TX-500,93,Supplier A,18,0.034,4514,TX,4.65,0.14
2023-05-18,TX-200,426,Supplier B,28,0.08,4657,CA,3.97,0.38
2021-09-06,TX-400,344,Supplier D,23,0.096,1682,IL,2.29,0.18
2020-11-24,TX-400,445,Supplier E,4,0.098,2085,FL,4.65,0.06
2023-10-27,TX-200,153,Supplier D,2,0.064,3056,IL,3.39,0.96
2020-05-12,TX-200,494,Supplier E,20,0.048,151,NY,2.79,0.73
2022-04-14,TX-200,111,Supplier B,4,0.016,2765,TX,5.56,0.33
2021-10-12,TX-300,102,Supplier E,23,0.01,4805,CA,1.53,0.25
2020-04-30,TX-500,358,Supplier B,27,0.052,1844,FL,3.32,0.2
2021-08-28,TX-100,461,Supplier C,8,0.073,1063,TX,2.85,0.04
2022-08-22,TX-400,468,Supplier B,5,0.032,4418,FL,1.75,0.1
2020-05-08,TX-100,167,Supplier B,15,0.067,3810,TX,1.86,0.1
2023-01-19,TX-200,370,Supplier E,9,0.057,1249,IL,2.28,0.67
2020-01-29,TX-500,180,Supplier D,15,0.094,2659,NY,3.77,0.59
2021-12-22,TX-500,348,Supplier B,2,0.021,2277,TX,2.77,0.57
2020-11-28,TX-300,355,Supplier E,17,0.059,2855,FL,5.27,0.73
2023-08-13,TX-200,248,Supplier B,10,0.041,1167,IL,2.58,0.25
2023-02-27,TX-400,442,Supplier A,18,0.026,1929,CA,4.74,0.34
2023-08-09,TX-300,85,Supplier A,24,0.036,4383,CA,2.45,0.13
2023-04-11,TX-200,328,Supplier A,22,0.029,4439,IL,1.69,0.59
2022-08-01,TX-300,265,Supplier A,14,0.053,1022,CA,2.69,0.93
2022-11-13,TX-100,123,Supplier D,10,0.056,1650,FL,5.27,0.86
2023-01-27,TX-200,355,Supplier B,26,0.087,3082,NY,1.87,0.55
2023-11-30,TX-400,104,Supplier A,24,0.078,2144,IL,3.05,0.64
2020-12-21,TX-400,430,Supplier E,28,0.03,3081,NY,1.54,0.99
2020-05-18,TX-200,61,Supplier A,21,0.093,4514,NY,4.34,0.52
2023-04-12,TX-300,132,Supplier C,23,0.087,1697,IL,5.74,0.87
2020-01-29,TX-500,81,Supplier C,9,0.063,2421,TX,3.23,0.5
2022-07-19,TX-200,457,Supplier D,26,0.002,4958,FL,4.1,0.05
2021-05-10,TX-400,135,Supplier C,8,0.021,2121,IL,3.54,0.93
2022-10-10,TX-100,281,Supplier E,2,0.079,1417,FL,5.88,0.11
2021-10-16,TX-400,460,Supplier A,22,0.045,3575,NY,4.81,0.7
2022-04-07,TX-500,494,Supplier C,8,0.013,3655,NY,1.7,0.24
2020-12-16,TX-400,324,Supplier C,17,0.041,4397,TX,1.99,0.9
2021-07-07,TX-500,250,Supplier D,11,0.021,1657,NY,3.62,0.2
2020-10-25,TX-200,100,Supplier C,22,0.089,3898,IL,4.34,0.14
2023-04-30,TX-400,369,Supplier A,20,0.089,1169,FL,2.81,0.44
2020-03-04,TX-300,305,Supplier B,23,0.039,597,TX,4.54,0.5
2022-01-24,TX-300,290,Supplier A,15,0.014,204,IL,4.09,0.82
2022-02-08,TX-400,254,Supplier C,3,0.036,3853,FL,3.46,0.76
2023-05-23,TX-400,435,Supplier C,0,0.013,4135,FL,4.12,0.33
2022-04-13,TX-100,469,Supplier C,26,0.03,1947,CA,5.62,0.38
2020-06-14,TX-400,433,Supplier D,12,0.077,3248,CA,2.59,0.58
2023-06-09,TX-100,444,Supplier E,25,0.029,1677,IL,5.06,0.55
2023-05-03,TX-100,245,Supplier A,7,0.054,2672,TX,1.55,0.86
2021-05-20,TX-100,293,Supplier C,5,0.012,1083,FL,1.88,0.47
2023-09-19,TX-100,369,Supplier B,28,0.035,2160,FL,5.77,0.89
2022-03-03,TX-200,50,Supplier D,7,0.004,4729,IL,4.64,0.21
2023-08-20,TX-300,138,Supplier E,18,0.055,4747,TX,4.35,0.87
2022-04-12,TX-100,331,Supplier C,23,0.035,1599,NY,3.0,0.3
2023-09-08,TX-300,188,Supplier A,23,0.087,226,TX,2.33,0.79
2022-05-07,TX-100,136,Supplier B,11,0.039,1857,NY,3.21,0.57
2023-11-17,TX-300,51,Supplier D,0,0.056,2369,FL,4.19,0.88
2022-03-16,TX-400,398,Supplier A,3,0.098,1714,CA,4.35,0.23
2023-03-18,TX-400,217,Supplier A,22,0.064,2544,CA,2.26,0.7
2022-01-30,TX-300,168,Supplier D,12,0.05,198,IL,3.5,0.85
2022-04-12,TX-100,437,Supplier A,29,0.01,1606,TX,4.05,0.78
2023-11-29,TX-200,129,Supplier B,26,0.082,3575,TX,5.82,0.57
2020-10-09,TX-300,160,Supplier B,16,0.064,3357,NY,3.97,0.68
2023-10-17,TX-500,214,Supplier A,18,0.011,4474,IL,4.11,0.2
2021-01-13,TX-200,431,Supplier C,18,0.025,475,TX,4.94,0.22
2020-07-16,TX-500,494,Supplier A,21,0.054,3574,IL,3.39,0.27
2022-10-11,TX-300,268,Supplier C,4,0.005,335,NY,3.23,0.83
2022-10-20,TX-100,54,Supplier A,27,0.072,4853,FL,4.16,0.17
2021-07-09,TX-500,448,Supplier E,10,0.023,4263,IL,5.02,0.3
2020-12-21,TX-300,264,Supplier B,6,0.049,2080,CA,4.37,0.92
2023-12-23,TX-200,244,Supplier A,2,0.024,1299,FL,2.34,0.76
2022-11-06,TX-100,331,Supplier B,10,0.049,716,TX,3.29,0.73
2021-09-30,TX-500,55,Supplier D,16,0.019,2053,NY,3.81,0.46
2021-01-13,TX-300,428,Supplier E,10,0.059,917,NY,3.86,0.7
2021-11-10,TX-100,349,Supplier C,14,0.091,152,CA,3.03,0.57
2021-05-20,TX-100,107,Supplier D,18,0.081,3129,IL,3.85,0.07
2022-06-17,TX-400,386,Supplier E,7,0.024,4911,CA,4.53,0.58
2020-03-16,TX-100,351,Supplier D,15,0.05,4587,IL,3.61,0.45
2020-08-18,TX-300,151,Supplier B,20,0.042,3203,CA,3.53,0.11
2022-08-19,TX-200,475,Supplier E,14,0.097,290,CA,5.11,0.34
2023-06-25,TX-400,97,Supplier D,2,0.08,1818,NY,4.91,0.89
2020-10-28,TX-300,419,Supplier C,29,0.011,930,IL,3.4,0.8
2021-12-26,TX-300,460,Supplier E,23,0.017,3572,CA,5.98,0.91
2020-08-02,TX-300,325,Supplier E,5,0.07,2198,TX,1.8,0.72
2023-03-27,TX-500,420,Supplier D,2,0.016,3460,NY,2.97,0.63
2020-03-09,TX-500,212,Supplier A,29,0.095,2685,NY,1.67,0.14
2021-01-27,TX-200,381,Supplier C,4,0.099,2425,NY,5.28,0.11
2023-01-13,TX-300,481,Supplier C,0,0.078,550,NY,4.9,0.25
2020-09-23,TX-500,245,Supplier D,21,0.003,4529,CA,4.58,0.31
2022-12-28,TX-500,426,Supplier B,13,0.048,864,CA,2.47,0.61
2021-09-02,TX-500,485,Supplier B,11,0.041,2653,NY,4.68,0.88
2023-10-02,TX-200,414,Supplier A,12,0.08,581,CA,3.1,0.89
2022-10-05,TX-200,373,Supplier A,13,0.029,2507,CA,5.41,0.68
2022-08-19,TX-300,181,Supplier D,24,0.039,4748,IL,2.4,0.57
2021-12-28,TX-400,472,Supplier B,11,0.009,175,TX,2.48,0.24
2021-11-03,TX-300,454,Supplier C,22,0.034,4868,IL,5.82,0.94
2021-02-26,TX-500,115,Supplier B,26,0.097,2435,FL,3.83,0.67
2023-04-12,TX-500,449,Supplier D,12,0.094,1560,IL,3.51,0.53
2020-04-24,TX-100,440,Supplier B,23,0.075,3348,TX,3.08,0.1
2020-08-07,TX-300,132,Supplier E,5,0.091,2098,TX,5.24,0.83
2020-01-31,TX-500,314,Supplier D,26,0.021,2690,IL,3.09,0.35
2023-09-28,TX-500,278,Supplier E,20,0.062,1983,IL,3.1,0.9
2023-11-01,TX-400,322,Supplier D,14,0.05,298,FL,2.06,0.17
2023-02-27,TX-100,268,Supplier C,27,0.042,2567,NY,3.84,0.05
2021-09-08,TX-300,274,Supplier D,21,0.032,1197,TX,5.66,0.43
2021-06-22,TX-200,162,Supplier D,22,0.087,3594,NY,5.81,0.08
2022-01-08,TX-300,189,Supplier D,15,0.048,4306,FL,5.98,0.06
2022-10-22,TX-300,234,Supplier D,8,0.072,4065,CA,3.63,0.71
2022-05-20,TX-400,222,Supplier A,7,0.071,2241,CA,4.99,0.26
2020-04-10,TX-300,425,Supplier E,4,0.014,396,NY,3.99,0.64
2022-12-17,TX-400,60,Supplier D,14,0.005,2408,IL,3.97,0.57
2023-11-13,TX-400,446,Supplier D,6,0.084,2872,TX,5.13,0.14
2021-11-22,TX-500,208,Supplier A,23,0.049,3945,NY,5.26,0.39
2022-07-29,TX-200,254,Supplier B,16,0.081,417,IL,1.59,0.07
2020-12-06,TX-400,279,Supplier A,15,0.03,371,FL,5.74,0.42
2022-05-10,TX-100,75,Supplier A,23,0.086,1467,IL,5.2,0.18
2022-11-09,TX-100,368,Supplier A,10,0.083,2550,FL,4.74,0.1
2023-07-02,TX-200,208,Supplier D,6,0.038,3411,NY,5.33,0.32
2023-09-02,TX-400,327,Supplier A,10,0.041,1758,CA,3.92,0.0
2020-02-07,TX-200,439,Supplier A,27,0.035,542,TX,4.98,0.76
2021-10-21,TX-500,197,Supplier A,27,0.003,708,NY,4.19,0.16
2023-11-10,TX-100,315,Supplier D,1,0.069,1192,CA,3.94,0.63
2022-07-16,TX-300,132,Supplier C,1,0.027,3884,FL,2.45,0.83
2022-11-15,TX-100,468,Supplier C,27,0.088,2957,TX,5.31,0.92
2021-03-29,TX-400,75,Supplier B,5,0.09,2044,IL,5.48,0.56
2023-09-08,TX-200,120,Supplier D,2,0.072,2971,NY,5.87,0.79
2022-01-06,TX-100,86,Supplier A,0,0.018,1042,IL,2.04,0.45
2022-03-29,TX-300,441,Supplier A,23,0.009,1557,TX,2.81,0.49
2022-02-11,TX-300,182,Supplier A,22,0.082,1464,NY,4.58,0.55
2020-01-13,TX-200,477,Supplier C,19,0.089,2238,NY,5.35,0.67
2022-07-03,TX-200,175,Supplier A,15,0.035,388,IL,4.88,0.67
2022-07-09,TX-100,164,Supplier A,13,0.035,3444,IL,3.55,0.79
2022-04-04,TX-400,141,Supplier C,16,0.039,4786,CA,4.77,0.62
2021-01-05,TX-500,291,Supplier A,17,0.083,2730,IL,1.82,0.88
2023-08-07,TX-300,249,Supplier B,24,0.071,4743,FL,4.48,0.71
2020-11-27,TX-200,256,Supplier E,3,0.012,4753,CA,1.54,0.93
2020-09-17,TX-500,166,Supplier B,2,0.063,323,IL,1.71,0.75
2023-05-13,TX-500,268,Supplier D,7,0.001,3750,NY,4.91,0.74
2021-11-27,TX-500,354,Supplier B,3,0.071,2918,IL,3.65,0.86
2021-11-17,TX-400,292,Supplier B,22,0.076,1621,TX,1.77,0.66
2022-08-07,TX-200,341,Supplier C,14,0.081,1754,CA,3.67,0.18
2021-01-21,TX-300,331,Supplier D,12,0.063,3728,NY,1.78,0.08
2022-03-31,TX-200,350,Supplier B,13,0.018,4872,IL,3.06,0.32
2021-04-12,TX-100,366,Supplier E,29,0.079,3958,TX,2.21,0.81
2023-12-09,TX-300,221,Supplier B,13,0.09,2192,CA,2.49,0.02
2020-03-09,TX-200,437,Supplier A,4,0.063,4563,CA,2.38,0.15
2023-02-01,TX-300,125,Supplier C,4,0.028,836,CA,3.17,0.11
2023-03-30,TX-100,258,Supplier A,26,0.018,245,NY,1.99,0.04
2020-07-18,TX-300,363,Supplier D,21,0.023,2497,IL,3.87,0.81
2020-08-03,TX-500,154,Supplier D,27,0.002,4994,NY,3.33,0.28
2020-07-30,TX-400,75,Supplier C,12,0.001,3577,FL,5.28,0.73
2021-05-22,TX-100,400,Supplier B,3,0.03,1133,IL,5.22,0.14
2020-01-16,TX-300,128,Supplier D,17,0.092,2381,FL,5.21,0.41
2022-06-02,TX-100,177,Supplier E,5,0.062,4719,IL,3.61,0.12
2020-11-27,TX-500,462,Supplier C,28,0.039,1827,CA,2.81,0.0
2021-12-17,TX-400,186,Supplier A,4,0.001,3100,NY,3.37,0.61
2021-07-04,TX-100,383,Supplier E,2,0.099,485,FL,4.59,0.48
2022-07-30,TX-500,85,Supplier C,19,0.046,2420,CA,3.88,0.42
2020-09-12,TX-500,437,Supplier E,2,0.099,4119,CA,4.31,0.08
2022-09-18,TX-500,108,Supplier C,2,0.072,2474,FL,4.62,0.59
2021-12-28,TX-300,279,Supplier A,19,0.005,613,IL,5.63,0.78
2022-05-29,TX-200,470,Supplier B,1,0.086,126,FL,5.75,0.07
2022-03-25,TX-100,173,Supplier C,19,0.053,764,NY,5.28,0.41
2023-04-10,TX-200,137,Supplier D,25,0.045,2287,TX,1.79,0.31
2021-10-10,TX-500,386,Supplier A,26,0.076,4084,IL,5.91,0.89
2022-09-26,TX-200,190,Supplier A,17,0.077,1640,CA,4.67,0.26
2021-04-15,TX-500,453,Supplier E,29,0.08,1855,FL,4.62,0.94
2023-11-08,TX-500,322,Supplier D,9,0.076,4223,TX,1.6,0.83
2021-11-20,TX-400,100,Supplier E,23,0.064,3932,FL,3.66,0.1
2021-11-30,TX-400,104,Supplier A,25,0.068,2731,TX,4.32,0.48
2021-05-21,TX-200,466,Supplier C,20,0.086,407,IL,2.75,0.65
2022-09-18,TX-100,454,Supplier D,28,0.069,3569,FL,1.87,0.59
2022-10-06,TX-200,386,Supplier A,6,0.01,4329,FL,3.9,0.68
2022-03-14,TX-100,199,Supplier D,26,0.065,2933,TX,3.51,0.43
2022-04-10,TX-200,202,Supplier C,19,0.017,3464,NY,1.7,0.9
2023-09-10,TX-300,268,Supplier B,25,0.001,2093,CA,3.84,0.27
2020-08-01,TX-300,268,Supplier E,21,0.021,803,TX,1.98,0.09
2023-05-16,TX-100,415,Supplier E,28,0.015,454,FL,3.41,0.98
2020-06-17,TX-400,445,Supplier A,27,0.01,646,TX,2.72,0.65
2023-09-15,TX-100,448,Supplier A,13,0.021,209,TX,5.87,0.66
2023-07-27,TX-200,391,Supplier C,9,0.056,1598,FL,1.66,0.82
2022-09-04,TX-500,307,Supplier A,19,0.015,3771,FL,4.02,0.42
2023-08-21,TX-300,437,Supplier A,15,0.028,662,NY,2.18,0.39
2020-05-25,TX-500,94,Supplier A,5,0.085,3283,NY,2.94,0.95
2021-05-30,TX-300,318,Supplier D,16,0.089,1687,NY,2.33,0.39
2023-01-18,TX-200,360,Supplier D,5,0.033,565,FL,5.98,0.08
2021-03-28,TX-300,209,Supplier B,21,0.09,276,IL,1.65,0.31
2020-02-29,TX-100,327,Supplier D,17,0.059,3298,NY,3.94,0.87
2023-08-27,TX-500,394,Supplier E,27,0.023,4180,CA,4.24,0.09
2021-06-11,TX-500,104,Supplier B,9,0.075,3027,IL,4.97,0.72
2023-06-04,TX-200,194,Supplier A,9,0.092,994,NY,4.32,0.27
2022-10-20,TX-500,284,Supplier E,8,0.066,1582,CA,2.54,0.75
2021-04-18,TX-200,228,Supplier B,21,0.02,4220,FL,4.19,0.51
2022-01-26,TX-400,257,Supplier B,27,0.009,1308,CA,5.89,0.64
2022-02-20,TX-100,185,Supplier E,14,0.023,526,NY,5.32,0.24
2023-01-07,TX-300,494,Supplier B,10,0.034,1627,TX,3.54,0.17
2021-03-08,TX-300,402,Supplier E,28,0.033,2894,TX,3.65,0.06
2023-03-22,TX-300,443,Supplier B,6,0.05,3284,CA,2.1,0.83
2021-02-04,TX-400,324,Supplier B,17,0.051,2006,FL,4.06,0.71
2023-07-26,TX-100,433,Supplier B,1,0.047,2719,IL,2.76,0.29
2020-02-26,TX-500,447,Supplier E,1,0.034,2673,TX,1.99,0.84
2022-09-29,TX-500,372,Supplier B,25,0.011,186,IL,3.63,0.83
2020-07-04,TX-100,232,Supplier D,12,0.042,3667,FL,1.7,0.14
2021-02-01,TX-100,110,Supplier D,10,0.099,492,TX,2.04,0.71
2021-08-27,TX-300,489,Supplier D,24,0.065,855,FL,2.49,0.29
2022-02-26,TX-500,112,Supplier D,18,0.044,4413,NY,5.96,0.47
2020-06-06,TX-100,410,Supplier D,28,0.008,1544,IL,5.14,0.43
2023-10-14,TX-500,264,Supplier A,19,0.021,882,NY,3.94,0.6
2021-08-11,TX-100,409,Supplier B,0,0.057,4741,FL,2.55,0.35
2021-04-10,TX-200,188,Supplier C,16,0.05,2173,FL,3.84,0.07
2021-03-21,TX-300,480,Supplier A,19,0.002,590,CA,4.42,0.67
2022-03-11,TX-100,183,Supplier E,29,0.009,4089,CA,1.52,0.96
2023-01-01,TX-400,83,Supplier A,17,0.036,3568,TX,5.95,0.67
2022-07-17,TX-100,242,Supplier C,7,0.014,1148,NY,4.32,0.54
2020-01-17,TX-200,404,Supplier A,12,0.096,298,NY,5.95,0.16
2021-12-31,TX-400,369,Supplier B,3,0.003,470,FL,3.61,0.63
2020-11-21,TX-400,136,Supplier D,18,0.097,4286,CA,4.31,0.61
2022-09-21,TX-100,259,Supplier B,2,0.066,498,IL,3.58,0.62
2021-09-04,TX-200,130,Supplier A,5,0.041,559,FL,1.54,0.89
2021-06-29,TX-400,371,Supplier C,27,0.054,2704,NY,5.32,0.72
2021-08-18,TX-300,464,Supplier E,28,0.041,3346,NY,3.52,0.78
2022-07-09,TX-300,388,Supplier B,5,0.057,4768,FL,3.62,0.31
2022-04-21,TX-500,239,Supplier C,21,0.015,1393,FL,3.12,0.27
2023-05-10,TX-500,487,Supplier E,5,0.012,2859,FL,3.45,0.21
2020-12-09,TX-200,397,Supplier D,23,0.053,2491,NY,4.76,0.78
2022-05-08,TX-400,282,Supplier B,7,0.007,3759,IL,4.65,0.7
2023-11-24,TX-300,441,Supplier B,24,0.029,1298,NY,5.14,0.34
2023-05-26,TX-300,475,Supplier D,16,0.093,569,FL,5.89,0.14
2021-03-20,TX-200,218,Supplier D,9,0.088,2064,CA,3.26,0.85
2020-08-09,TX-400,492,Supplier A,23,0.083,2685,IL,3.03,0.38
2023-11-07,TX-200,300,Supplier E,4,0.051,2377,TX,3.72,0.19
2021-08-14,TX-100,217,Supplier C,18,0.003,1829,NY,2.19,0.14
2022-10-27,TX-300,280,Supplier D,10,0.012,1273,IL,4.91,0.92
2023-07-19,TX-200,199,Supplier A,9,0.092,2774,IL,4.12,0.13
2022-10-14,TX-200,201,Supplier E,2,0.084,265,FL,2.45,0.36
2020-01-16,TX-100,87,Supplier E,21,0.038,2829,IL,5.39,0.63
2023-12-18,TX-500,435,Supplier B,23,0.073,1791,NY,4.29,0.41
2021-06-07,TX-300,430,Supplier A,9,0.085,2722,CA,1.65,0.48
2022-03-13,TX-200,346,Supplier A,1,0.062,4438,IL,2.38,0.8
2020-01-21,TX-300,324,Supplier B,27,0.085,2515,NY,5.51,1.0
2020-08-15,TX-500,154,Supplier C,8,0.024,726,FL,3.21,0.47
2022-10-04,TX-200,435,Supplier D,4,0.046,2405,IL,5.93,0.38
2023-08-04,TX-100,397,Supplier B,20,0.058,3506,TX,3.88,0.41
2022-03-19,TX-300,401,Supplier D,16,0.063,1231,TX,2.44,0.37
2023-03-03,TX-100,111,Supplier A,5,0.099,4055,CA,4.17,0.47
2023-07-30,TX-500,65,Supplier B,28,0.085,1744,FL,1.96,0.33
2021-02-07,TX-500,399,Supplier C,10,0.006,2394,NY,5.13,0.46
2022-12-25,TX-300,199,Supplier D,26,0.017,4373,IL,4.33,0.95
2021-03-12,TX-500,191,Supplier D,4,0.066,3317,NY,5.84,0.29
2022-04-08,TX-400,165,Supplier D,6,0.024,2185,TX,4.61,0.65
2022-07-22,TX-300,361,Supplier A,6,0.016,4587,FL,1.72,0.49
2020-09-15,TX-400,114,Supplier D,3,0.067,4787,NY,3.64,0.73
2020-04-12,TX-500,478,Supplier E,20,0.054,2941,IL,3.89,0.47
2022-09-19,TX-300,359,Supplier D,9,0.081,1030,FL,5.63,0.16
2022-02-07,TX-400,243,Supplier A,29,0.032,4316,IL,3.45,0.87
2023-01-29,TX-500,391,Supplier B,23,0.033,436,IL,4.17,0.68
2023-05-06,TX-200,479,Supplier D,17,0.015,2831,FL,2.34,0.53
2022-03-23,TX-200,210,Supplier D,0,0.065,2282,FL,2.6,0.83
2020-08-13,TX-100,355,Supplier B,13,0.071,1359,IL,3.97,0.98
2022-07-31,TX-200,410,Supplier E,5,0.014,1158,TX,4.64,0.41
2021-04-07,TX-400,327,Supplier A,10,0.025,3548,IL,3.46,0.35
2020-08-24,TX-200,345,Supplier B,13,0.015,2516,FL,3.45,0.75
2022-11-15,TX-300,88,Supplier A,19,0.075,153,CA,2.65,0.45
2023-02-18,TX-300,410,Supplier B,28,0.021,1252,NY,4.64,0.09
2021-05-20,TX-300,218,Supplier C,25,0.015,4476,IL,1.52,0.35
2023-04-20,TX-200,117,Supplier E,2,0.007,4444,NY,3.81,0.81
2022-03-24,TX-200,56,Supplier C,15,0.083,1906,IL,1.52,0.71
2022-02-05,TX-100,134,Supplier B,15,0.012,686,IL,4.17,0.86
2021-09-25,TX-500,248,Supplier B,6,0.003,4552,CA,1.64,0.15
2023-08-31,TX-100,181,Supplier A,7,0.006,586,FL,5.73,0.24
2022-09-17,TX-400,125,Supplier B,26,0.037,1808,TX,3.65,0.21
2021-09-09,TX-300,299,Supplier A,27,0.06,4106,FL,4.58,0.97
2020-09-29,TX-200,396,Supplier A,3,0.04,4727,NY,5.34,0.17
2020-08-19,TX-500,492,Supplier B,11,0.046,3130,NY,2.56,0.6
2023-12-14,TX-500,258,Supplier A,11,0.092,4402,IL,3.93,0.63
2022-02-06,TX-200,133,Supplier E,9,0.076,1990,FL,5.39,0.62
2021-05-10,TX-100,272,Supplier C,11,0.034,4480,CA,3.92,0.69
2022-11-13,TX-500,302,Supplier B,10,0.015,1911,TX,3.27,0.48
2023-02-06,TX-100,459,Supplier A,10,0.075,1037,FL,3.16,0.08
2021-05-16,TX-200,80,Supplier A,14,0.057,1970,IL,3.23,0.7
2020-01-25,TX-100,404,Supplier A,5,0.096,2131,NY,4.27,0.28
2023-04-25,TX-300,250,Supplier A,28,0.091,2971,FL,1.71,0.08
2020-10-14,TX-200,101,Supplier E,26,0.056,982,NY,3.37,0.17
2020-12-03,TX-200,417,Supplier B,10,0.007,2108,IL,4.02,0.29
2022-11-26,TX-500,121,Supplier B,1,0.003,3736,NY,5.04,0.43
2020-05-16,TX-500,70,Supplier E,23,0.084,2657,IL,3.88,0.86
2021-05-22,TX-500,65,Supplier E,21,0.07,3963,TX,5.67,0.54
2020-08-14,TX-300,484,Supplier E,26,0.056,160,CA,3.5,0.47
2020-11-15,TX-300,65,Supplier B,8,0.069,2236,NY,4.43,0.19
2022-07-04,TX-400,451,Supplier D,10,0.054,2117,FL,1.58,0.96
2023-04-20,TX-200,224,Supplier C,15,0.058,3249,TX,2.57,0.91
2020-03-26,TX-500,361,Supplier E,12,0.023,3911,CA,5.17,0.82
2022-07-14,TX-200,461,Supplier E,12,0.046,169,FL,4.14,0.32
2020-02-22,TX-100,387,Supplier B,21,0.001,4880,FL,5.76,0.56
2022-05-09,TX-300,127,Supplier B,21,0.067,2771,IL,4.89,0.39
2022-05-16,TX-400,489,Supplier C,27,0.033,1695,CA,3.52,0.4
2023-06-12,TX-100,289,Supplier A,17,0.066,1354,FL,5.0,0.07
2021-03-08,TX-200,86,Supplier B,20,0.093,2613,FL,3.61,0.14
2022-09-25,TX-300,281,Supplier C,24,0.059,1121,FL,2.99,0.96
2020-04-09,TX-500,449,Supplier B,0,0.033,4627,TX,1.71,0.61
2022-09-16,TX-100,262,Supplier B,19,0.021,4469,CA,5.4,0.01
2021-08-21,TX-300,242,Supplier B,9,0.025,3276,IL,3.39,0.81
2021-02-06,TX-200,109,Supplier D,25,0.099,332,TX,4.58,0.09
2021-01-30,TX-200,238,Supplier D,29,0.062,1287,TX,2.19,0.71
2021-02-18,TX-100,316,Supplier E,18,0.044,4998,TX,5.23,0.62
2022-07-27,TX-100,175,Supplier D,16,0.023,4905,IL,5.21,0.06
2021-11-07,TX-100,252,Supplier C,0,0.077,948,IL,3.67,0.53
2021-04-07,TX-400,371,Supplier B,0,0.039,1729,TX,4.52,0.05
2021-06-24,TX-500,431,Supplier D,16,0.03,1750,TX,3.85,0.06
2023-10-19,TX-300,81,Supplier B,14,0.022,1971,NY,3.99,0.05
2023-02-27,TX-200,452,Supplier A,28,0.019,2401,IL,5.5,0.26
2020-03-24,TX-200,361,Supplier E,1,0.027,791,FL,5.85,0.8
2020-09-27,TX-500,310,Supplier D,10,0.063,107,CA,3.15,0.36
2020-08-31,TX-100,436,Supplier B,20,0.024,2182,CA,2.99,0.64
2021-01-22,TX-100,461,Supplier A,1,0.006,4997,CA,2.87,0.12
2020-08-01,TX-200,395,Supplier E,19,0.036,1261,TX,4.97,0.93
2022-03-28,TX-500,143,Supplier E,8,0.058,1803,IL,4.75,0.5
2023-04-04,TX-200,377,Supplier A,18,0.006,3479,NY,1.7,0.02
2020-02-28,TX-100,149,Supplier D,1,0.045,239,NY,1.9,0.54
2022-06-01,TX-300,334,Supplier D,15,0.005,3532,CA,4.41,0.18
2022-04-22,TX-100,364,Supplier B,19,0.077,2302,FL,2.74,0.2
2022-07-12,TX-300,74,Supplier C,8,0.087,758,FL,1.91,0.6
2020-05-02,TX-400,455,Supplier B,19,0.096,4508,FL,3.36,0.23
2023-12-07,TX-500,402,Supplier B,27,0.069,4761,FL,5.45,0.21
2023-03-08,TX-400,406,Supplier B,20,0.063,3537,NY,3.15,0.54
2023-06-06,TX-100,166,Supplier A,3,0.069,2848,NY,4.63,0.24
2023-07-21,TX-500,248,Supplier E,28,0.085,501,IL,5.55,0.11
2021-03-14,TX-100,328,Supplier E,23,0.081,951,NY,2.26,0.41
2022-10-18,TX-500,119,Supplier C,29,0.044,2808,IL,4.24,0.05
2021-07-15,TX-500,384,Supplier D,12,0.065,3968,IL,5.58,0.91
2020-04-27,TX-100,128,Supplier B,14,0.016,3278,TX,2.37,0.45
2022-06-23,TX-100,473,Supplier A,19,0.069,882,NY,5.95,0.01
2021-01-29,TX-500,403,Supplier A,1,0.073,442,FL,3.14,0.22
2022-05-25,TX-500,63,Supplier B,27,0.08,1886,CA,2.48,0.96
2022-07-23,TX-100,78,Supplier A,19,0.082,3003,IL,5.27,0.5
2023-01-06,TX-100,193,Supplier A,17,0.044,4771,CA,3.61,0.36
2022-08-09,TX-200,392,Supplier B,24,0.09,881,FL,4.52,0.32
2023-12-06,TX-200,59,Supplier C,26,0.098,3848,IL,3.7,0.42
2020-03-15,TX-200,96,Supplier A,29,0.098,1438,IL,4.4,0.21
2020-10-21,TX-400,309,Supplier E,23,0.059,3896,NY,1.66,0.75
2020-01-21,TX-500,61,Supplier E,8,0.056,2970,TX,3.08,0.51
2023-04-09,TX-300,347,Supplier E,19,0.046,791,CA,4.46,0.75
2022-11-04,TX-400,275,Supplier B,0,0.03,3978,FL,3.08,0.25
2023-05-19,TX-500,309,Supplier E,2,0.033,4016,TX,4.99,0.0
2021-07-13,TX-300,133,Supplier D,22,0.022,758,TX,5.82,0.97
2023-01-14,TX-200,397,Supplier A,16,0.096,283,NY,1.67,0.51
2023-03-18,TX-300,397,Supplier C,10,0.062,1303,IL,5.35,0.08
2021-01-06,TX-100,55,Supplier E,23,0.093,2244,FL,2.26,0.1
2022-03-28,TX-100,447,Supplier B,24,0.039,1803,TX,5.63,0.43
2023-03-20,TX-500,296,Supplier C,7,0.03,4531,TX,5.76,0.7
2023-03-10,TX-400,84,Supplier B,20,0.013,3352,CA,4.06,0.4
2022-12-28,TX-200,224,Supplier C,11,0.03,502,FL,3.66,0.82
2023-07-07,TX-500,491,Supplier C,10,0.089,335,FL,4.91,0.33
2022-04-25,TX-200,114,Supplier A,29,0.058,705,TX,5.63,0.05
2021-06-04,TX-100,196,Supplier C,27,0.045,322,IL,2.55,0.01
2021-01-05,TX-400,106,Supplier D,12,0.057,4110,FL,3.22,0.86
2023-12-13,TX-400,242,Supplier D,14,0.089,722,FL,3.38,0.98
2020-04-10,TX-100,62,Supplier D,24,0.019,3434,CA,5.31,0.13
2021-10-22,TX-300,441,Supplier B,19,0.097,1933,CA,2.12,0.06
2022-08-25,TX-400,67,Supplier A,24,0.067,2209,CA,4.3,0.91
2020-08-30,TX-300,295,Supplier B,16,0.086,1352,IL,3.08,0.1
2022-01-22,TX-200,212,Supplier E,11,0.053,338,IL,5.48,0.23
2021-05-26,TX-400,392,Supplier D,26,0.024,3941,FL,3.03,0.8
2022-04-28,TX-100,163,Supplier A,18,0.057,1673,IL,5.9,1.0
2021-07-08,TX-300,331,Supplier D,19,0.007,4802,CA,1.57,0.49
2023-01-23,TX-200,282,Supplier A,10,0.085,2532,IL,2.58,0.21
2020-08-13,TX-200,215,Supplier B,9,0.065,1264,FL,3.56,0.85
2020-08-01,TX-400,371,Supplier B,16,0.028,4767,TX,2.65,0.39
2021-12-18,TX-400,75,Supplier D,27,0.027,1076,NY,4.82,0.27
2020-03-07,TX-500,175,Supplier C,21,0.09,1059,IL,5.17,0.49
2021-01-30,TX-500,362,Supplier A,12,0.084,3278,TX,4.64,0.86
2021-09-03,TX-400,330,Supplier E,15,0.076,2434,FL,5.87,0.23
2022-11-01,TX-500,335,Supplier C,19,0.041,4186,TX,3.55,0.42
2023-06-14,TX-100,440,Supplier B,19,0.087,3524,TX,5.91,0.44
2022-02-08,TX-100,332,Supplier A,16,0.025,3384,TX,2.06,0.83
2023-11-23,TX-500,188,Supplier C,4,0.002,986,CA,5.31,0.68
2021-02-10,TX-400,150,Supplier E,8,0.043,793,IL,1.67,0.78
2022-07-13,TX-100,441,Supplier C,21,0.092,280,TX,3.89,0.69
2021-10-08,TX-200,60,Supplier E,23,0.057,1288,FL,3.68,0.59
2020-08-09,TX-400,431,Supplier B,26,0.023,3267,NY,5.35,0.13
2023-03-25,TX-300,265,Supplier A,3,0.065,3174,NY,4.65,0.83
2021-10-15,TX-300,79,Supplier B,8,0.074,1612,NY,3.48,0.61
2021-03-03,TX-400,143,Supplier A,15,0.055,3376,CA,5.53,0.7
2023-03-27,TX-500,165,Supplier C,6,0.084,2542,IL,5.49,0.78
2022-09-03,TX-100,320,Supplier B,13,0.059,4493,NY,1.61,0.31
2023-12-10,TX-100,489,Supplier A,13,0.01,1289,CA,5.42,0.44
2022-10-02,TX-400,340,Supplier E,6,0.081,3835,FL,3.87,0.54
2023-09-11,TX-200,88,Supplier A,23,0.015,4076,FL,5.28,0.34
2021-01-05,TX-500,73,Supplier B,15,0.088,3573,CA,2.32,0.26
2023-09-29,TX-200,313,Supplier B,17,0.052,4178,IL,2.18,0.78
2023-07-09,TX-400,92,Supplier C,27,0.073,2287,FL,4.75,0.75
2023-07-30,TX-400,219,Supplier E,5,0.097,3474,IL,2.74,0.83
2022-04-29,TX-200,389,Supplier A,6,0.043,2897,CA,4.01,0.7
2022-05-05,TX-300,218,Supplier B,18,0.046,1334,FL,4.6,0.31
2020-08-16,TX-400,352,Supplier A,7,0.083,1752,FL,4.25,0.33
2020-10-06,TX-500,75,Supplier D,0,0.011,109,TX,4.65,0.53
2023-08-06,TX-200,229,Supplier E,16,0.003,3671,FL,4.29,0.84
2022-12-06,TX-300,199,Supplier E,25,0.06,4266,NY,3.21,0.35
2022-09-01,TX-200,182,Supplier D,18,0.017,3802,TX,1.91,0.77
2023-05-22,TX-300,192,Supplier E,21,0.026,2407,CA,5.35,0.31
2022-01-27,TX-300,213,Supplier D,6,0.098,4423,NY,5.31,0.34
2022-11-13,TX-500,150,Supplier A,17,0.065,877,NY,1.53,0.75
2020-11-16,TX-400,112,Supplier D,29,0.086,4575,IL,5.28,0.68
2020-09-30,TX-300,142,Supplier C,5,0.09,2479,TX,2.18,0.21
2021-07-09,TX-400,256,Supplier D,27,0.012,1025,IL,3.0,0.83
2022-04-23,TX-500,482,Supplier A,20,0.093,3740,TX,3.36,0.78
2023-08-29,TX-400,360,Supplier E,5,0.087,2564,TX,4.56,0.8
2023-10-18,TX-100,121,Supplier C,0,0.005,264,NY,1.92,0.47
2021-10-29,TX-300,109,Supplier D,29,0.098,2997,FL,5.22,0.33
2022-09-26,TX-500,490,Supplier A,9,0.046,3367,IL,5.74,0.85
2021-01-14,TX-200,78,Supplier C,22,0.097,4434,IL,5.79,0.59
2021-12-11,TX-500,68,Supplier C,7,0.082,2426,NY,1.91,0.93
2022-01-15,TX-300,122,Supplier C,29,0.044,4189,FL,5.64,0.25
2021-11-05,TX-500,443,Supplier D,6,0.051,2217,TX,4.06,0.98
2020-04-25,TX-200,406,Supplier A,8,0.028,1898,TX,4.77,0.38
2021-08-27,TX-100,443,Supplier A,0,0.049,4214,FL,5.69,0.38
2022-12-01,TX-300,295,Supplier A,25,0.011,2385,TX,4.47,0.24
2021-01-13,TX-300,362,Supplier B,24,0.091,3544,IL,3.56,0.97
2023-05-14,TX-500,487,Supplier E,10,0.071,3486,IL,3.86,0.04
2021-04-10,TX-400,489,Supplier A,26,0.081,2217,IL,4.58,0.47
2020-10-06,TX-400,373,Supplier B,28,0.053,297,NY,5.75,0.37
2021-09-09,TX-200,136,Supplier B,2,0.013,3433,TX,5.5,0.16
2020-04-27,TX-100,408,Supplier C,17,0.054,2991,NY,4.1,0.71
2023-06-14,TX-100,232,Supplier E,5,0.033,293,TX,2.45,0.9
2020-11-04,TX-500,246,Supplier C,10,0.001,231,IL,3.06,0.24
2020-04-09,TX-500,293,Supplier E,4,0.062,1193,IL,3.13,0.5
2020-09-17,TX-400,377,Supplier C,19,0.085,866,FL,2.8,0.58
2022-09-19,TX-100,434,Supplier D,3,0.071,3868,TX,4.86,0.39
2023-08-21,TX-100,167,Supplier E,7,0.022,2893,CA,5.26,0.92
2023-10-09,TX-100,445,Supplier B,9,0.082,1568,NY,2.94,0.46
2020-10-12,TX-200,468,Supplier B,28,0.031,2518,IL,5.31,0.98
2020-11-23,TX-200,421,Supplier E,2,0.022,329,FL,4.8,0.3
2023-01-31,TX-500,131,Supplier C,12,0.096,4950,FL,3.49,0.07
2020-03-03,TX-400,296,Supplier D,16,0.002,3744,IL,4.64,0.57
2021-11-17,TX-300,283,Supplier D,4,0.017,3499,TX,4.96,0.82
2023-07-29,TX-400,466,Supplier A,7,0.047,3384,FL,4.02,0.39
2023-08-09,TX-200,414,Supplier E,18,0.017,2330,TX,3.49,0.19
2022-01-07,TX-200,202,Supplier D,17,0.017,2502,FL,1.96,0.74
2022-10-27,TX-500,321,Supplier C,0,0.063,4760,NY,1.51,0.27
2021-09-30,TX-300,441,Supplier C,28,0.082,1718,TX,5.72,0.77
2022-07-24,TX-100,84,Supplier B,3,0.066,913,FL,2.7,0.26
2023-01-20,TX-300,262,Supplier D,26,0.01,3348,IL,4.48,0.56
2023-04-28,TX-300,260,Supplier D,17,0.09,4646,CA,5.75,0.89
2021-04-20,TX-300,479,Supplier C,13,0.092,586,IL,5.18,0.2
2020-02-22,TX-500,188,Supplier B,23,0.028,1790,TX,2.05,0.82
2022-01-23,TX-200,238,Supplier D,10,0.055,3420,IL,5.11,0.27
2021-04-30,TX-100,349,Supplier C,28,0.049,2100,IL,4.77,0.66
2023-10-19,TX-300,444,Supplier B,25,0.067,4402,CA,2.98,0.24
2023-02-09,TX-100,301,Supplier B,27,0.098,1367,IL,4.6,0.11
2021-02-12,TX-300,444,Supplier C,8,0.099,778,FL,5.22,0.66
2022-10-27,TX-200,199,Supplier B,12,0.051,2361,NY,2.81,0.59
2021-10-29,TX-100,390,Supplier B,25,0.009,1207,CA,5.41,0.4
2023-05-05,TX-400,268,Supplier A,16,0.033,3206,TX,1.85,0.04
2022-04-14,TX-200,131,Supplier B,14,0.041,2962,FL,3.87,0.48
2022-05-25,TX-100,239,Supplier D,1,0.053,4264,TX,2.55,0.15
2021-01-01,TX-300,283,Supplier B,5,0.096,2341,CA,4.78,0.36
2022-09-28,TX-300,225,Supplier D,28,0.026,2444,CA,2.29,0.59
2020-09-06,TX-200,281,Supplier C,25,0.054,656,IL,3.04,0.94
2023-06-17,TX-200,407,Supplier B,27,0.029,3447,CA,2.07,0.51
2021-01-14,TX-300,112,Supplier C,6,0.092,1755,TX,5.15,0.19
2022-05-21,TX-100,484,Supplier E,1,0.099,1066,CA,2.1,0.95
2022-04-14,TX-400,478,Supplier B,23,0.087,391,NY,4.75,0.03
2022-02-13,TX-500,286,Supplier C,12,0.034,4798,IL,4.68,0.64
2022-07-07,TX-200,82,Supplier E,9,0.028,4521,CA,2.14,0.26
2021-03-30,TX-300,262,Supplier D,15,0.043,1275,NY,4.05,0.76
2020-12-31,TX-100,109,Supplier D,8,0.075,775,TX,3.74,0.33
2023-08-06,TX-200,428,Supplier D,7,0.001,3383,TX,4.18,0.43
2021-02-06,TX-100,51,Supplier D,24,0.1,280,NY,5.72,0.77
2020-02-27,TX-200,446,Supplier D,14,0.088,460,NY,1.86,0.9
2021-06-04,TX-300,499,Supplier A,21,0.002,2571,CA,5.19,0.18
2023-08-20,TX-100,106,Supplier C,26,0.038,709,IL,5.38,0.3
2023-02-12,TX-300,476,Supplier E,6,0.069,429,IL,2.07,0.0
2020-07-28,TX-100,350,Supplier E,21,0.024,1349,FL,4.45,0.86
2022-11-30,TX-200,336,Supplier B,22,0.014,4358,NY,4.66,0.95
2022-03-26,TX-500,187,Supplier C,18,0.063,1955,TX,3.97,0.28
2020-06-21,TX-500,328,Supplier A,3,0.09,912,FL,3.76,0.38
2020-08-21,TX-400,263,Supplier A,8,0.096,592,NY,2.93,0.43
2022-03-03,TX-400,288,Supplier C,18,0.001,1929,NY,4.6,0.41
2022-03-03,TX-300,334,Supplier D,1,0.087,570,FL,2.78,0.39
2023-11-27,TX-100,80,Supplier D,27,0.056,1480,IL,3.57,0.48
2022-11-28,TX-400,255,Supplier C,28,0.024,4536,NY,5.36,0.15
2020-04-28,TX-200,323,Supplier E,26,0.062,2302,FL,1.9,0.06
2020-11-30,TX-500,60,Supplier D,6,0.1,4955,CA,3.88,0.72
2023-09-21,TX-100,408,Supplier B,21,0.028,3364,CA,3.69,0.85
2023-01-02,TX-500,96,Supplier A,18,0.028,2732,TX,3.2,0.81
2023-04-29,TX-100,52,Supplier D,5,0.07,3430,IL,4.19,0.63
2020-11-19,TX-400,179,Supplier E,14,0.004,3401,FL,1.57,0.97
2022-10-07,TX-400,487,Supplier D,6,0.082,4421,IL,3.72,0.0
2023-03-16,TX-300,121,Supplier D,5,0.065,3393,IL,3.69,0.32
2020-10-10,TX-100,208,Supplier A,0,0.084,1139,FL,3.82,0.31
2020-07-31,TX-200,441,Supplier B,27,0.023,3968,NY,2.46,0.35
2022-07-17,TX-400,476,Supplier B,13,0.085,2089,CA,2.43,0.8
2022-01-21,TX-300,481,Supplier E,0,0.045,2865,TX,4.41,0.35
2023-11-18,TX-400,179,Supplier C,24,0.013,2605,NY,1.92,0.53
2020-12-04,TX-500,71,Supplier C,5,0.09,2363,IL,2.88,0.61
2022-11-11,TX-400,429,Supplier C,27,0.071,711,IL,5.24,0.85
2020-04-14,TX-100,438,Supplier E,17,0.017,2683,FL,1.97,0.62
2023-12-26,TX-300,184,Supplier D,26,0.025,1898,CA,3.61,0.38
2022-02-08,TX-100,69,Supplier B,16,0.027,4628,CA,4.51,0.69
2021-12-16,TX-200,269,Supplier B,26,0.096,4435,TX,2.14,0.52
2022-02-01,TX-200,382,Supplier D,27,0.089,4171,NY,2.91,0.53
2023-05-29,TX-400,179,Supplier B,1,0.035,201,TX,4.01,0.34
2021-01-13,TX-300,81,Supplier B,7,0.047,764,IL,2.97,0.0
2023-05-30,TX-300,139,Supplier C,20,0.029,3214,IL,1.99,0.36
2023-07-05,TX-300,308,Supplier C,22,0.074,1690,CA,2.55,0.3
2021-12-13,TX-300,474,Supplier A,22,0.016,2468,IL,1.99,0.1
2023-10-22,TX-400,347,Supplier A,1,0.034,4608,NY,5.93,0.2
2023-10-04,TX-100,382,Supplier B,15,0.061,1027,NY,2.56,0.98
2020-08-12,TX-400,298,Supplier C,3,0.088,4136,TX,3.89,0.28
2022-01-07,TX-100,222,Supplier A,1,0.064,4229,NY,3.43,0.52
2020-08-23,TX-500,406,Supplier A,22,0.094,1950,IL,4.06,0.55
2020-07-01,TX-500,450,Supplier C,4,0.093,544,FL,3.74,0.56
2021-12-12,TX-100,433,Supplier A,16,0.072,4375,CA,4.77,0.05
2021-03-19,TX-400,96,Supplier D,1,0.028,1954,CA,5.43,0.77
2021-09-14,TX-200,246,Supplier D,21,0.068,1789,CA,2.78,0.73
2022-10-26,TX-400,457,Supplier C,13,0.019,816,FL,2.33,0.98
2023-06-13,TX-200,428,Supplier C,19,0.033,1068,IL,5.93,0.18
2023-02-24,TX-400,83,Supplier A,6,0.076,4507,NY,5.4,0.55
2023-02-01,TX-300,303,Supplier B,14,0.085,4201,IL,3.14,0.8
2022-01-18,TX-300,297,Supplier E,17,0.042,2695,TX,5.53,0.12
2020-06-03,TX-500,483,Supplier D,12,0.052,737,IL,4.52,0.79
2020-09-13,TX-500,91,Supplier D,11,0.039,4653,IL,3.47,0.27
2020-08-22,TX-100,338,Supplier C,1,0.048,1864,CA,5.43,0.28
2021-05-14,TX-200,172,Supplier B,11,0.051,2718,IL,4.54,0.95
2020-10-15,TX-300,76,Supplier C,5,0.069,3651,FL,5.22,0.31
2021-05-24,TX-400,108,Supplier A,23,0.075,2215,CA,3.38,0.58
2021-12-09,TX-100,196,Supplier B,28,0.098,219,TX,5.09,0.44
2022-02-23,TX-400,164,Supplier A,0,0.044,947,FL,3.15,0.08
2022-06-12,TX-300,436,Supplier D,20,0.008,974,FL,4.81,0.95
2022-02-14,TX-300,248,Supplier C,0,0.069,3094,TX,3.46,0.21
2020-10-24,TX-300,177,Supplier C,14,0.05,3157,NY,3.32,0.27
2020-05-16,TX-300,425,Supplier E,26,0.084,3416,IL,5.08,0.38
2021-01-10,TX-400,202,Supplier B,15,0.015,3751,IL,2.06,0.5
2020-03-27,TX-100,418,Supplier D,21,0.064,1964,NY,5.68,0.14
2023-12-13,TX-300,320,Supplier E,6,0.046,1420,TX,3.79,0.63
2023-05-07,TX-500,388,Supplier E,21,0.042,1838,NY,4.36,0.51
2021-03-12,TX-100,493,Supplier C,13,0.056,4120,CA,3.32,0.3
2023-08-26,TX-500,132,Supplier B,28,0.068,1033,CA,4.41,0.69
2023-07-28,TX-400,72,Supplier C,24,0.085,2775,CA,4.69,0.51
2023-09-08,TX-300,60,Supplier B,18,0.024,3776,NY,5.41,0.84
2022-02-02,TX-100,236,Supplier E,23,0.029,2761,FL,5.34,0.86
2021-12-02,TX-300,165,Supplier A,18,0.055,1471,CA,3.11,0.98
2022-07-30,TX-300,211,Supplier D,26,0.035,374,NY,4.27,0.07
2020-05-31,TX-100,152,Supplier E,27,0.057,2777,CA,5.01,0.41
2023-08-18,TX-300,292,Supplier C,28,0.02,3236,CA,4.94,0.5
2023-07-25,TX-300,56,Supplier D,28,0.031,168,IL,5.51,0.23
2022-10-28,TX-200,411,Supplier E,22,0.032,2874,NY,5.24,0.92
2022-03-17,TX-200,221,Supplier B,29,0.099,4504,IL,4.73,0.09
2020-08-22,TX-100,305,Supplier C,12,0.085,2294,TX,4.87,0.43
2021-11-05,TX-100,296,Supplier E,20,0.084,677,CA,5.13,0.19
2021-07-14,TX-300,241,Supplier B,11,0.051,4371,CA,5.27,0.68
2023-08-18,TX-500,163,Supplier B,28,0.047,2348,IL,3.09,0.7
2020-02-07,TX-100,72,Supplier B,0,0.007,3507,NY,5.02,0.87
2023-03-05,TX-300,407,Supplier D,26,0.02,3298,FL,5.77,0.41
2022-04-01,TX-500,363,Supplier C,11,0.09,1274,FL,2.55,0.78
2021-02-24,TX-200,325,Supplier B,3,0.053,1284,TX,1.72,0.55
2023-05-27,TX-100,460,Supplier E,29,0.099,329,NY,1.83,0.81
2020-12-13,TX-300,422,Supplier B,28,0.059,2045,NY,2.48,0.09
2023-01-07,TX-200,493,Supplier C,26,0.038,4084,IL,5.64,0.46
2022-01-17,TX-400,185,Supplier D,14,0.027,1304,CA,2.07,0.15
2020-09-29,TX-200,406,Supplier B,24,0.092,945,CA,4.86,0.79
2023-03-30,TX-300,244,Supplier E,15,0.037,3888,NY,5.4,0.15
2020-11-03,TX-500,307,Supplier C,14,0.015,526,FL,5.45,0.01
2023-10-29,TX-400,327,Supplier B,7,0.028,3253,TX,3.38,0.93
2022-09-02,TX-400,119,Supplier D,18,0.065,1527,IL,3.73,0.48
2022-01-02,TX-400,408,Supplier A,14,0.013,577,NY,2.95,0.99
2022-10-29,TX-100,409,Supplier E,17,0.009,2054,TX,2.16,0.45
2021-03-19,TX-300,85,Supplier B,10,0.046,1156,NY,2.45,0.59
2023-02-10,TX-400,157,Supplier B,8,0.008,4945,TX,2.11,0.74
2023-05-13,TX-200,73,Supplier A,0,0.039,2740,TX,3.33,0.28
2021-02-08,TX-500,189,Supplier C,8,0.032,3014,CA,2.27,0.13
2022-05-02,TX-300,71,Supplier A,27,0.039,3631,IL,3.32,0.66
2023-05-05,TX-200,388,Supplier C,22,0.049,613,IL,5.33,0.51
2022-02-16,TX-100,378,Supplier B,11,0.019,3589,CA,4.45,0.83
2020-04-24,TX-400,253,Supplier A,1,0.044,4527,FL,4.48,0.05
2023-02-18,TX-200,429,Supplier B,10,0.036,1539,IL,5.15,0.54
2020-03-05,TX-300,273,Supplier A,20,0.08,632,CA,1.69,0.19
2023-07-23,TX-200,272,Supplier B,13,0.069,2152,TX,5.08,0.62
2022-04-04,TX-100,130,Supplier B,1,0.087,4026,TX,2.38,0.76
2020-08-26,TX-500,456,Supplier B,14,0.067,4499,IL,3.06,0.26
2020-10-28,TX-400,379,Supplier D,20,0.012,3011,TX,2.89,0.48
2023-11-16,TX-300,240,Supplier A,22,0.051,3368,IL,1.98,0.42
2022-08-26,TX-400,335,Supplier D,20,0.074,1377,NY,2.28,0.75
2021-01-03,TX-400,196,Supplier B,17,0.084,966,CA,5.8,0.6
2020-08-20,TX-400,331,Supplier E,26,0.018,2985,FL,4.2,0.12
2020-07-13,TX-200,433,Supplier C,13,0.022,2153,IL,3.63,0.98
2022-06-25,TX-200,60,Supplier A,20,0.086,4337,FL,4.91,0.91
2022-11-01,TX-500,325,Supplier A,27,0.049,4570,CA,5.16,0.58
2022-07-09,TX-100,423,Supplier C,11,0.045,1806,CA,2.0,0.78
2021-11-19,TX-300,105,Supplier D,9,0.049,2256,NY,4.83,0.02
2020-06-25,TX-200,222,Supplier C,13,0.017,2357,CA,5.7,0.2
2020-08-04,TX-400,352,Supplier E,21,0.063,1325,TX,4.13,0.77
2022-10-31,TX-100,253,Supplier B,14,0.081,1533,FL,4.26,0.11
2021-09-21,TX-300,394,Supplier C,4,0.084,2149,CA,5.42,0.04
2020-06-12,TX-300,297,Supplier C,1,0.003,1921,CA,4.56,0.62
2020-02-22,TX-300,363,Supplier B,21,0.072,2890,FL,5.98,0.03
2020-08-05,TX-300,315,Supplier A,5,0.009,2913,FL,2.77,0.18
2022-09-25,TX-500,71,Supplier E,11,0.097,1234,NY,5.3,0.08
2022-04-03,TX-300,376,Supplier C,1,0.048,2076,CA,4.26,0.53
2023-10-15,TX-100,73,Supplier C,28,0.078,1356,TX,3.15,0.68
2021-01-19,TX-200,243,Supplier A,28,0.062,2334,TX,5.47,0.18
2020-02-25,TX-100,145,Supplier E,3,0.095,3113,NY,5.98,0.47
2020-04-27,TX-400,494,Supplier B,6,0.097,4406,CA,1.76,0.02
2022-06-18,TX-500,312,Supplier B,15,0.028,2469,FL,5.66,0.26
2023-06-30,TX-500,121,Supplier D,0,0.048,306,TX,2.41,0.18
2022-03-08,TX-400,292,Supplier E,0,0.05,4078,CA,2.42,0.17
2022-02-18,TX-100,432,Supplier E,13,0.018,1213,NY,1.69,0.23
2022-10-12,TX-100,87,Supplier C,10,0.09,4260,NY,5.65,0.81
2022-03-13,TX-400,454,Supplier D,11,0.035,1122,FL,4.92,0.95
2022-04-24,TX-300,441,Supplier B,10,0.009,2624,NY,1.74,0.71
2023-04-18,TX-300,426,Supplier E,5,0.015,1564,NY,4.35,0.07
2023-12-09,TX-200,138,Supplier E,22,0.051,469,NY,2.04,0.63
2023-06-12,TX-100,77,Supplier A,11,0.088,2820,TX,4.88,0.73
2022-05-04,TX-100,141,Supplier B,20,0.063,2801,FL,3.34,0.11
2021-12-08,TX-400,103,Supplier A,11,0.021,4627,FL,1.73,0.29
2023-01-08,TX-400,208,Supplier D,9,0.03,2386,FL,5.23,0.43
2020-01-22,TX-300,421,Supplier E,7,0.098,4488,NY,4.08,0.31
2022-04-22,TX-100,277,Supplier D,26,0.005,1941,NY,4.98,0.52
2023-01-21,TX-100,421,Supplier A,19,0.099,4896,TX,4.54,0.13
2020-07-10,TX-500,425,Supplier B,18,0.091,424,NY,3.45,0.44
2022-10-15,TX-200,90,Supplier E,6,0.068,4625,TX,4.64,0.73
2023-01-31,TX-200,86,Supplier B,13,0.094,4549,FL,1.57,0.46
2021-01-30,TX-300,174,Supplier D,3,0.015,1778,TX,3.03,0.21
2022-10-27,TX-100,471,Supplier C,0,0.094,1619,CA,5.0,0.8
2021-10-01,TX-500,228,Supplier B,26,0.021,4488,IL,4.93,0.39
2022-10-15,TX-100,381,Supplier B,7,0.055,2942,NY,5.49,0.43
2021-07-20,TX-400,86,Supplier B,4,0.049,2771,FL,4.25,0.36
2020-08-18,TX-300,150,Supplier E,28,0.051,1380,IL,5.74,0.29
2022-05-23,TX-200,80,Supplier D,7,0.027,4576,IL,4.01,0.6
2021-07-27,TX-100,239,Supplier D,7,0.078,324,FL,3.75,0.19
2020-08-27,TX-300,195,Supplier E,27,0.074,1002,IL,2.39,0.77
2020-03-30,TX-200,139,Supplier B,20,0.095,4866,TX,5.0,0.48
2020-08-19,TX-100,55,Supplier B,23,0.051,706,FL,4.61,0.88
2021-04-01,TX-500,442,Supplier C,6,0.055,4638,FL,3.57,0.94
2020-08-20,TX-300,188,Supplier B,28,0.09,4377,TX,1.89,0.38
2020-12-19,TX-100,144,Supplier A,18,0.092,3671,CA,2.07,0.16
2022-10-01,TX-200,168,Supplier B,3,0.065,541,CA,2.02,0.51
2023-09-18,TX-200,415,Supplier C,26,0.082,2755,IL,3.19,0.27
2021-03-14,TX-500,169,Supplier A,27,0.051,4462,FL,2.22,0.43
2023-10-30,TX-300,435,Supplier C,28,0.039,3706,TX,5.37,0.38
2023-08-08,TX-300,172,Supplier C,22,0.086,3077,FL,5.55,0.45
2020-12-10,TX-100,334,Supplier D,19,0.078,900,TX,5.36,0.5
2021-10-25,TX-200,415,Supplier E,5,0.024,2612,CA,4.24,0.63
2023-12-22,TX-200,426,Supplier C,11,0.005,1092,CA,4.18,0.0
2021-10-18,TX-500,228,Supplier B,17,0.057,2279,IL,5.51,0.26
2020-05-09,TX-500,374,Supplier D,11,0.084,1024,TX,3.33,0.17
2020-05-20,TX-300,456,Supplier A,17,0.025,2125,CA,1.78,0.71
2021-02-18,TX-200,56,Supplier E,2,0.077,1874,NY,3.62,0.83
2023-01-21,TX-100,433,Supplier D,9,0.041,2250,CA,3.99,0.73
2021-09-17,TX-400,361,Supplier C,6,0.034,4877,FL,3.97,0.97
2020-10-10,TX-100,176,Supplier D,2,0.017,3126,TX,2.22,0.08
2020-08-10,TX-500,126,Supplier B,27,0.093,3356,NY,5.03,0.46
2022-01-13,TX-100,283,Supplier B,18,0.023,2213,CA,4.79,0.9
2021-04-07,TX-200,367,Supplier B,12,0.028,2282,CA,2.53,0.32
2023-07-23,TX-300,123,Supplier E,29,0.033,4252,TX,3.98,0.8
2023-03-09,TX-400,320,Supplier D,3,0.028,889,NY,5.06,0.56
2020-12-22,TX-300,358,Supplier D,9,0.016,793,TX,1.53,0.98
2022-11-12,TX-400,476,Supplier C,5,0.035,1783,CA,2.74,0.37
2023-07-17,TX-400,169,Supplier A,0,0.047,4007,IL,3.62,0.42
2022-05-08,TX-200,84,Supplier B,5,0.055,3046,TX,5.3,0.16
2021-10-26,TX-200,256,Supplier A,7,0.016,4661,CA,5.1,0.16
2023-09-18,TX-500,319,Supplier A,27,0.078,1123,TX,2.18,0.86
2022-10-11,TX-500,142,Supplier B,14,0.031,1565,CA,3.58,0.41
2020-03-25,TX-400,427,Supplier B,7,0.092,126,TX,2.87,0.62
2021-09-12,TX-500,226,Supplier C,21,0.033,871,CA,3.31,0.75
2022-11-20,TX-200,323,Supplier E,5,0.086,4414,NY,3.93,0.44
2020-08-27,TX-500,228,Supplier B,28,0.035,3903,FL,3.75,0.95
2020-12-28,TX-400,178,Supplier A,18,0.051,1977,FL,2.14,0.94
2022-04-01,TX-300,174,Supplier C,13,0.037,1293,TX,2.05,0.68
2023-11-13,TX-100,76,Supplier D,1,0.039,1536,CA,2.09,1.0
2021-10-29,TX-500,113,Supplier C,6,0.062,1715,FL,5.29,0.0
2023-08-15,TX-200,109,Supplier B,7,0.069,2566,FL,1.59,0.01
2023-10-26,TX-300,268,Supplier B,9,0.087,3958,TX,2.41,0.07
2020-04-08,TX-200,266,Supplier E,12,0.057,3287,TX,5.8,0.94
2020-02-16,TX-500,218,Supplier C,29,0.022,2098,TX,1.8,0.6
2022-04-18,TX-400,198,Supplier B,21,0.099,3116,IL,1.66,0.93
2021-02-25,TX-100,319,Supplier A,20,0.068,2608,NY,3.24,0.13
2020-03-02,TX-100,165,Supplier A,19,0.037,1102,NY,2.18,0.03
2023-02-06,TX-300,294,Supplier C,0,0.097,248,NY,4.05,0.54
2023-02-16,TX-100,197,Supplier E,8,0.096,2001,CA,3.02,0.18
2022-10-06,TX-400,141,Supplier C,26,0.008,2340,CA,2.44,0.86
2021-08-20,TX-200,134,Supplier E,9,0.002,3404,NY,5.99,0.42
2023-11-06,TX-400,136,Supplier A,19,0.004,1840,TX,3.03,0.77
2021-01-26,TX-300,444,Supplier B,1,0.069,4357,IL,4.38,0.52
2022-09-03,TX-300,169,Supplier D,19,0.071,3123,NY,5.43,0.53
2022-12-11,TX-100,499,Supplier B,28,0.072,4748,TX,5.65,0.68
2021-08-25,TX-400,389,Supplier A,10,0.063,4516,FL,3.35,0.34
2023-08-05,TX-200,73,Supplier A,4,0.029,479,IL,5.89,0.95
2020-12-02,TX-400,424,Supplier B,17,0.017,2910,CA,4.76,0.4
2022-03-20,TX-200,138,Supplier B,6,0.093,1913,FL,4.12,0.4
2023-05-12,TX-200,86,Supplier A,2,0.091,800,FL,4.62,0.71
2023-06-15,TX-400,391,Supplier B,29,0.024,1249,FL,3.12,0.64
2023-11-06,TX-500,432,Supplier D,15,0.017,680,TX,3.41,1.0
2022-01-21,TX-400,457,Supplier D,14,0.038,1645,NY,4.14,0.85
2023-03-05,TX-200,320,Supplier C,7,0.005,4134,FL,2.97,0.28
2023-12-01,TX-300,61,Supplier D,19,0.016,1369,NY,4.96,0.1
2023-10-17,TX-300,144,Supplier A,27,0.038,511,FL,2.63,0.11
2023-11-05,TX-100,497,Supplier A,26,0.024,1896,TX,5.09,0.36
2022-05-30,TX-300,80,Supplier C,4,0.074,2703,NY,2.18,0.48
2021-09-26,TX-500,486,Supplier E,2,0.09,4544,CA,2.48,0.64
2020-09-10,TX-200,399,Supplier C,28,0.091,1920,IL,4.89,0.86
2023-02-11,TX-400,282,Supplier E,26,0.06,1585,FL,2.68,0.99
2020-01-20,TX-400,389,Supplier E,4,0.07,1415,FL,5.08,0.41
2021-06-11,TX-500,377,Supplier B,8,0.049,3462,TX,5.03,0.55
2023-03-14,TX-300,349,Supplier D,26,0.015,4564,IL,2.66,0.6
2023-05-16,TX-200,335,Supplier E,15,0.064,1395,NY,1.83,0.56
2021-01-10,TX-300,84,Supplier B,28,0.035,2291,FL,2.25,0.09
2020-06-14,TX-100,70,Supplier C,13,0.001,1676,CA,4.89,0.12
2023-04-19,TX-300,160,Supplier C,17,0.057,4715,CA,5.31,0.89
2022-05-10,TX-100,368,Supplier E,6,0.02,1433,TX,3.22,0.68
2021-09-08,TX-400,397,Supplier B,14,0.089,2523,FL,2.24,0.68
2021-09-03,TX-200,194,Supplier A,25,0.093,2924,TX,1.84,0.81
2023-09-17,TX-100,61,Supplier D,7,0.016,3145,IL,2.47,0.08
2021-05-17,TX-300,293,Supplier E,2,0.003,3365,CA,5.91,0.42
2022-07-01,TX-300,195,Supplier A,10,0.0,610,CA,2.27,0.25
2020-03-19,TX-400,288,Supplier D,19,0.091,2468,TX,1.89,0.66
2021-08-07,TX-500,141,Supplier A,28,0.015,1599,IL,5.03,0.21
2021-11-18,TX-500,365,Supplier B,26,0.044,955,NY,4.27,0.69
2021-01-30,TX-300,372,Supplier E,25,0.006,2050,IL,3.91,0.39
2023-01-31,TX-500,164,Supplier A,17,0.037,4127,TX,3.52,0.44
2021-02-05,TX-200,64,Supplier A,14,0.079,3416,TX,4.66,0.82
2022-09-01,TX-500,321,Supplier A,9,0.041,686,IL,4.64,0.35
2020-08-11,TX-200,71,Supplier E,28,0.078,461,TX,3.41,0.26
2021-06-01,TX-300,167,Supplier B,24,0.069,1772,CA,2.55,0.85
2021-09-25,TX-300,418,Supplier B,2,0.052,4911,TX,5.29,0.69
2020-08-23,TX-300,144,Supplier A,14,0.074,1106,NY,2.24,0.4
2023-12-21,TX-400,496,Supplier B,24,0.088,4768,CA,3.9,0.5
2020-04-25,TX-500,464,Supplier D,28,0.079,4147,FL,4.62,0.35
2023-04-01,TX-100,306,Supplier B,22,0.069,3433,CA,4.37,0.55
2020-08-13,TX-100,380,Supplier A,5,0.07,4496,CA,4.28,0.14
2020-08-17,TX-300,311,Supplier D,10,0.016,2696,CA,4.48,0.89
2020-06-30,TX-500,136,Supplier E,27,0.095,1981,IL,5.44,0.55
2023-06-26,TX-200,442,Supplier C,10,0.021,3372,FL,3.14,0.39
2023-09-03,TX-100,485,Supplier B,18,0.035,4809,NY,4.32,0.57
2020-07-28,TX-300,367,Supplier D,26,0.052,4166,CA,4.64,0.16
2023-11-16,TX-100,107,Supplier C,22,0.013,4092,IL,4.16,0.08
2020-04-05,TX-100,279,Supplier E,26,0.059,2709,TX,5.56,0.55
2022-06-12,TX-100,157,Supplier C,29,0.018,4703,FL,4.45,0.07
2022-01-25,TX-300,68,Supplier E,2,0.092,990,NY,3.41,0.66
2023-01-14,TX-300,414,Supplier A,12,0.089,2946,FL,5.31,0.8
2021-02-18,TX-400,190,Supplier A,26,0.054,1795,NY,3.7,0.99
2021-01-28,TX-400,428,Supplier E,21,0.045,915,NY,3.89,0.77
2021-11-26,TX-400,209,Supplier C,7,0.01,598,TX,4.12,0.97
2022-04-23,TX-100,149,Supplier B,20,0.082,1780,NY,2.95,0.02
2021-08-26,TX-500,314,Supplier C,10,0.038,3360,TX,4.75,0.56
2021-08-04,TX-300,287,Supplier C,10,0.025,1436,CA,1.94,0.16
2020-05-12,TX-400,287,Supplier B,12,0.1,4649,FL,5.41,0.25
2022-03-01,TX-500,98,Supplier C,2,0.067,348,NY,4.9,0.73
2021-10-10,TX-400,214,Supplier C,5,0.007,1796,TX,3.09,0.25
2023-08-30,TX-400,336,Supplier D,23,0.08,758,CA,2.52,0.18
2020-08-08,TX-500,464,Supplier E,9,0.075,4870,FL,3.25,0.37
2022-09-02,TX-400,108,Supplier A,18,0.04,788,CA,5.12,0.08
2022-12-05,TX-100,232,Supplier E,11,0.012,2377,IL,1.64,0.15
2023-04-30,TX-100,196,Supplier C,28,0.05,1799,FL,3.61,0.15
2023-11-03,TX-100,496,Supplier B,13,0.076,323,TX,2.64,0.23
2022-02-26,TX-200,435,Supplier B,10,0.008,1859,NY,5.44,0.87
2021-11-21,TX-400,350,Supplier A,26,0.016,3915,TX,3.36,0.3
2023-09-19,TX-200,145,Supplier A,20,0.062,153,TX,4.64,0.27
2020-02-08,TX-300,92,Supplier A,24,0.056,799,TX,3.11,0.13
2023-08-09,TX-500,403,Supplier B,29,0.091,685,FL,2.98,0.02
2021-11-20,TX-300,306,Supplier C,29,0.081,3471,FL,2.97,0.16
2020-06-10,TX-200,262,Supplier A,25,0.092,4484,IL,4.55,0.72
2023-09-16,TX-100,238,Supplier A,9,0.047,1551,CA,5.84,0.97
2023-02-01,TX-400,180,Supplier B,2,0.079,410,TX,2.44,0.74
2020-06-09,TX-400,396,Supplier C,12,0.005,2605,IL,4.4,0.85
2022-12-13,TX-100,349,Supplier A,27,0.029,1222,IL,2.69,0.79
2022-11-23,TX-400,440,Supplier C,26,0.064,441,FL,3.97,0.3
2020-08-29,TX-500,338,Supplier D,17,0.076,4758,CA,3.94,0.73
2022-08-24,TX-500,186,Supplier A,26,0.057,1082,IL,3.53,0.75
2022-06-08,TX-500,79,Supplier A,12,0.048,3818,NY,3.74,0.26
2020-04-22,TX-300,195,Supplier B,29,0.023,3896,IL,5.46,0.92
2022-10-10,TX-100,361,Supplier D,23,0.017,1508,FL,1.9,1.0
2020-11-13,TX-500,154,Supplier D,13,0.088,556,TX,5.24,0.56
2020-01-23,TX-200,336,Supplier D,29,0.014,1749,FL,3.58,0.32
2022-04-03,TX-500,240,Supplier E,13,0.044,1810,FL,3.0,0.36
2023-02-15,TX-300,227,Supplier B,6,0.089,1682,CA,2.3,0.58
2021-12-01,TX-200,394,Supplier B,11,0.015,464,NY,5.17,0.01
2022-10-15,TX-100,288,Supplier A,24,0.013,1268,NY,4.16,0.31
2023-05-20,TX-100,50,Supplier B,3,0.069,244,CA,4.78,0.05
2023-12-12,TX-500,159,Supplier A,15,0.033,1166,CA,2.92,0.62
2023-02-10,TX-200,387,Supplier A,18,0.044,1071,IL,3.27,0.6
2022-12-03,TX-200,324,Supplier E,9,0.063,1676,NY,5.61,0.59
2020-05-07,TX-500,420,Supplier B,15,0.038,4324,FL,5.83,0.15
2022-05-25,TX-500,431,Supplier B,4,0.08,4253,IL,4.83,0.94
2020-06-06,TX-400,283,Supplier E,26,0.097,4249,NY,4.87,0.53
2022-04-06,TX-400,113,Supplier E,15,0.093,1347,TX,4.62,0.56
2023-11-18,TX-500,293,Supplier B,0,0.055,3886,FL,4.14,0.54
2022-05-01,TX-300,102,Supplier B,4,0.035,232,FL,4.18,0.52
2021-05-26,TX-400,311,Supplier A,12,0.043,3745,IL,5.84,0.94
2020-02-14,TX-500,66,Supplier C,12,0.033,1366,NY,4.88,0.6
2023-02-05,TX-200,351,Supplier A,2,0.044,309,CA,4.45,0.49
2020-08-06,TX-400,423,Supplier D,16,0.001,4437,TX,2.35,0.77
2021-03-18,TX-300,283,Supplier D,18,0.006,3381,FL,5.9,0.25
2020-11-10,TX-100,122,Supplier C,4,0.077,3415,CA,3.84,0.19
2020-06-25,TX-200,406,Supplier E,4,0.033,913,CA,5.75,0.44
2020-08-15,TX-300,488,Supplier D,14,0.079,3620,CA,4.71,0.02
2020-09-23,TX-300,140,Supplier E,9,0.048,3549,CA,1.68,0.29
2022-05-19,TX-300,55,Supplier E,11,0.081,2231,IL,3.93,0.42
2022-04-17,TX-200,247,Supplier A,23,0.066,1548,FL,5.52,0.58
2023-11-03,TX-300,414,Supplier E,10,0.02,1795,CA,1.73,0.54
2021-05-03,TX-100,245,Supplier C,0,0.045,1609,CA,5.4,0.37
2021-12-02,TX-400,345,Supplier A,22,0.07,2058,NY,4.26,0.34
2021-11-17,TX-200,396,Supplier C,20,0.033,2236,FL,1.7,0.0
2023-08-06,TX-300,371,Supplier E,2,0.019,3155,TX,3.18,0.88
2022-09-22,TX-500,186,Supplier D,3,0.054,4374,CA,1.64,0.23
2020-12-22,TX-400,316,Supplier E,18,0.027,1328,IL,1.51,0.36
2022-05-21,TX-200,453,Supplier C,23,0.059,1654,CA,5.53,0.02
2020-07-22,TX-500,165,Supplier B,19,0.027,2662,CA,4.87,0.96
2023-05-21,TX-500,92,Supplier B,2,0.091,4311,CA,2.8,0.49
2021-07-05,TX-300,280,Supplier D,17,0.034,3518,FL,2.01,0.02
2020-11-18,TX-200,107,Supplier C,2,0.091,2548,FL,1.74,0.25
2021-08-16,TX-300,255,Supplier D,6,0.028,4494,CA,5.63,0.88
2020-06-29,TX-100,459,Supplier A,21,0.06,4864,IL,4.32,0.38
2021-05-13,TX-500,343,Supplier E,25,0.013,4705,TX,2.22,0.69
2023-09-05,TX-100,143,Supplier A,27,0.078,3279,NY,4.57,0.61
2020-03-23,TX-300,85,Supplier B,28,0.02,3983,TX,6.0,0.47
2020-10-29,TX-400,279,Supplier E,20,0.086,1107,IL,5.05,0.83
2020-09-18,TX-500,276,Supplier A,23,0.045,639,IL,3.51,0.04
2022-02-22,TX-400,232,Supplier B,26,0.009,311,TX,5.16,0.91
2023-05-08,TX-200,311,Supplier A,0,0.036,4170,TX,4.85,0.72
2023-06-17,TX-500,180,Supplier E,18,0.078,3993,CA,1.9,0.86
2022-07-02,TX-100,114,Supplier A,17,0.008,1493,TX,5.67,0.02
2021-11-22,TX-400,429,Supplier E,1,0.063,2879,TX,5.48,0.08
2022-08-01,TX-200,497,Supplier A,27,0.051,2676,CA,4.16,0.21
2021-11-13,TX-500,235,Supplier D,26,0.031,1363,IL,3.79,0.59
2023-08-11,TX-200,166,Supplier A,11,0.076,3573,FL,2.52,0.09
2021-11-19,TX-100,235,Supplier A,16,0.005,1112,CA,5.26,0.93
2021-01-30,TX-500,323,Supplier D,20,0.05,895,TX,3.44,0.75
2023-03-07,TX-200,200,Supplier B,20,0.051,1303,NY,4.11,0.81
2022-04-18,TX-300,401,Supplier E,2,0.009,3443,TX,2.27,0.58
2022-05-27,TX-500,462,Supplier C,11,0.014,4280,NY,2.46,0.63
2022-04-02,TX-500,200,Supplier B,27,0.041,3472,CA,5.93,0.22
2023-02-26,TX-500,433,Supplier E,24,0.054,520,FL,3.72,0.91
2020-02-18,TX-500,85,Supplier A,11,0.005,2357,FL,5.17,0.65
2022-02-27,TX-300,375,Supplier B,5,0.001,161,NY,5.23,0.42
2020-10-19,TX-100,144,Supplier A,29,0.019,4200,IL,5.92,0.88
2021-06-19,TX-300,183,Supplier B,9,0.049,4691,NY,5.92,0.86
2020-11-06,TX-300,211,Supplier B,29,0.004,3278,NY,3.56,0.0
2021-06-20,TX-200,93,Supplier C,21,0.073,1646,CA,5.78,0.92
2021-09-30,TX-400,349,Supplier D,25,0.015,1850,TX,3.14,0.36
2020-08-21,TX-400,332,Supplier B,5,0.077,830,IL,4.23,0.42
2023-05-17,TX-200,405,Supplier A,13,0.02,278,NY,5.2,0.09
2021-08-27,TX-300,289,Supplier C,1,0.035,628,CA,5.61,0.88
2020-04-03,TX-200,101,Supplier B,10,0.048,1510,IL,3.86,0.54
2020-11-22,TX-500,475,Supplier D,14,0.035,2699,FL,3.38,0.91
2020-08-12,TX-200,330,Supplier A,25,0.002,435,FL,4.78,0.78
2022-08-24,TX-200,123,Supplier C,25,0.091,2735,CA,3.55,0.9
2022-06-08,TX-500,344,Supplier E,7,0.029,4953,IL,4.52,0.95
2020-01-11,TX-400,287,Supplier D,21,0.014,1174,TX,5.12,0.89
2023-09-14,TX-500,216,Supplier E,12,0.013,4836,CA,5.29,0.21
2022-11-01,TX-100,189,Supplier E,29,0.097,4916,TX,2.64,0.07
2020-02-04,TX-200,188,Supplier C,18,0.012,310,NY,4.07,0.62
2021-03-22,TX-200,418,Supplier C,9,0.035,1767,TX,1.61,0.16
2023-05-28,TX-400,284,Supplier C,8,0.007,1554,CA,5.09,0.86
2021-03-16,TX-300,52,Supplier E,17,0.074,4244,IL,2.06,0.95
2021-10-14,TX-500,305,Supplier A,6,0.06,540,TX,5.42,0.12
2021-08-17,TX-300,420,Supplier C,2,0.053,650,NY,3.33,0.24
2020-08-16,TX-100,327,Supplier D,11,0.086,551,IL,2.25,0.63
2020-12-09,TX-500,53,Supplier C,14,0.057,3316,FL,5.08,0.73
2023-01-08,TX-100,441,Supplier C,21,0.096,754,FL,2.4,0.51
2023-10-08,TX-100,319,Supplier C,20,0.062,4442,IL,3.27,0.37
2023-11-20,TX-100,261,Supplier E,12,0.035,767,CA,4.05,0.31
2023-08-06,TX-500,265,Supplier A,5,0.004,2537,TX,3.12,0.67
2022-09-15,TX-500,319,Supplier C,7,0.073,2100,TX,2.31,0.74
2023-02-25,TX-400,65,Supplier E,13,0.037,4476,IL,3.33,0.29
2022-06-27,TX-200,465,Supplier D,2,0.06,3722,TX,2.15,0.33
2023-10-14,TX-300,113,Supplier A,15,0.088,4340,FL,4.74,0.46
2021-06-10,TX-300,288,Supplier E,17,0.001,2610,IL,2.27,0.45
2023-08-29,TX-100,65,Supplier B,23,0.076,1493,TX,3.67,0.84
2020-03-15,TX-500,101,Supplier D,16,0.044,1655,NY,4.02,0.44
2020-07-14,TX-500,68,Supplier D,17,0.012,3514,CA,5.75,0.98
2020-01-29,TX-100,374,Supplier B,9,0.058,3489,NY,1.85,0.31
2021-12-06,TX-200,445,Supplier E,16,0.053,1994,NY,5.69,0.69
2022-10-17,TX-300,142,Supplier E,15,0.084,4463,TX,2.44,0.76
2020-01-16,TX-400,310,Supplier D,20,0.052,3126,IL,5.28,0.63
2023-12-17,TX-200,347,Supplier E,23,0.083,1011,FL,1.91,0.37
2022-03-15,TX-500,66,Supplier B,1,0.054,4197,IL,5.95,0.26
2023-11-29,TX-100,160,Supplier E,19,0.045,1071,TX,5.13,0.6
2022-07-28,TX-300,377,Supplier D,3,0.037,216,TX,1.78,0.66
2022-08-24,TX-100,409,Supplier E,10,0.017,3947,FL,2.46,0.26
2023-01-05,TX-500,143,Supplier A,26,0.058,536,NY,3.97,0.34
2020-08-16,TX-100,59,Supplier B,6,0.054,3387,NY,3.86,0.86
2022-08-19,TX-300,261,Supplier B,16,0.098,1684,IL,4.33,0.81
2023-08-13,TX-100,286,Supplier C,24,0.041,4412,CA,3.59,0.18
2021-12-15,TX-300,303,Supplier E,18,0.042,4766,TX,4.8,0.93
2022-09-10,TX-100,65,Supplier B,5,0.016,1695,FL,3.07,0.63
2021-07-26,TX-100,193,Supplier E,9,0.06,2225,IL,2.29,0.5
2021-09-06,TX-300,91,Supplier A,29,0.085,3290,FL,1.65,0.2
2020-11-21,TX-100,52,Supplier D,20,0.025,4039,NY,2.96,0.73
2023-10-18,TX-200,456,Supplier D,3,0.001,1442,NY,3.42,0.92
2022-05-24,TX-400,426,Supplier C,24,0.069,1762,IL,4.47,0.06
2020-12-24,TX-200,205,Supplier C,26,0.003,3378,CA,5.13,0.52
2020-11-19,TX-400,222,Supplier B,27,0.041,3843,NY,2.58,0.88
2023-09-11,TX-200,73,Supplier B,29,0.061,2744,FL,3.72,0.95
2020-06-13,TX-400,324,Supplier B,24,0.039,3175,TX,2.55,0.07
2022-03-08,TX-100,124,Supplier A,0,0.026,768,TX,5.78,0.79
2021-03-30,TX-300,89,Supplier C,6,0.08,2457,CA,4.41,0.28
2023-03-22,TX-300,351,Supplier C,25,0.03,2040,IL,4.55,0.54
2023-02-24,TX-500,89,Supplier D,24,0.018,3251,CA,3.89,0.78
2020-07-11,TX-400,111,Supplier C,20,0.039,4239,FL,2.77,0.55
2021-09-18,TX-500,287,Supplier C,15,0.013,552,CA,2.4,0.11
2021-06-13,TX-500,294,Supplier A,16,0.069,1107,TX,4.45,0.59
2022-10-30,TX-400,67,Supplier B,23,0.071,4925,NY,5.65,0.12
2020-04-01,TX-300,189,Supplier A,4,0.001,1322,NY,2.46,0.35
2020-05-18,TX-400,447,Supplier E,21,0.069,3379,IL,4.07,0.56
2021-04-25,TX-100,131,Supplier D,22,0.03,293,FL,3.88,0.99
2021-03-24,TX-500,238,Supplier D,9,0.066,1135,IL,4.39,0.73
2023-09-18,TX-500,157,Supplier D,6,0.071,1249,CA,4.15,0.3
2022-05-18,TX-400,283,Supplier B,12,0.028,539,CA,2.73,0.88
2020-12-05,TX-500,317,Supplier B,29,0.019,831,CA,4.61,0.23
2022-12-11,TX-300,153,Supplier B,27,0.083,4497,FL,2.73,0.38
2021-04-10,TX-500,460,Supplier D,6,0.074,3755,NY,4.44,0.65
2021-12-18,TX-400,183,Supplier D,14,0.084,4316,TX,2.85,0.41
2022-03-09,TX-300,393,Supplier D,16,0.044,885,TX,1.87,0.73
2021-04-19,TX-300,420,Supplier E,22,0.046,2702,CA,2.07,0.65
2021-02-04,TX-500,82,Supplier E,26,0.034,4403,CA,5.25,0.67
2021-08-27,TX-400,286,Supplier D,2,0.05,4409,CA,2.05,0.42
2022-07-20,TX-500,423,Supplier B,4,0.065,1458,FL,2.99,0.06
2022-09-23,TX-100,385,Supplier B,9,0.081,2224,TX,2.79,0.87
2022-07-10,TX-100,227,Supplier E,4,0.018,1273,IL,1.76,0.07
2022-03-31,TX-300,61,Supplier E,23,0.041,2719,NY,4.2,0.46
2021-10-18,TX-500,400,Supplier D,6,0.046,312,IL,5.09,0.3
2021-08-20,TX-100,490,Supplier D,6,0.049,4693,NY,5.97,0.3
2023-03-22,TX-200,278,Supplier B,21,0.054,4900,FL,5.71,0.23
2021-05-28,TX-100,358,Supplier C,22,0.08,128,NY,1.72,0.27
2022-10-26,TX-500,318,Supplier B,13,0.089,3044,FL,2.66,0.96
2021-05-14,TX-500,427,Supplier B,22,0.016,4063,TX,3.35,0.97
2021-12-17,TX-100,407,Supplier D,14,0.071,888,NY,5.44,0.57
2023-02-15,TX-500,180,Supplier C,4,0.048,2353,CA,3.12,0.52
2021-08-23,TX-500,298,Supplier C,4,0.042,3839,CA,4.07,0.05
2021-10-27,TX-200,497,Supplier D,3,0.011,1102,FL,4.47,0.8
2021-04-12,TX-300,107,Supplier A,29,0.006,2774,TX,2.84,0.17
2020-06-09,TX-500,53,Supplier D,19,0.098,1349,FL,4.12,0.14
2020-09-26,TX-400,285,Supplier E,20,0.064,1723,IL,1.73,0.42
2022-12-15,TX-300,222,Supplier C,25,0.045,4506,IL,3.66,0.35
2020-08-15,TX-300,371,Supplier D,8,0.076,2738,IL,3.2,0.1
2022-04-28,TX-400,420,Supplier B,29,0.009,3612,CA,3.1,0.15
2020-05-28,TX-100,85,Supplier B,26,0.061,2803,IL,2.56,0.99
2022-12-05,TX-200,328,Supplier B,11,0.066,184,NY,5.18,0.73
2023-03-13,TX-500,286,Supplier D,15,0.045,4966,IL,5.47,0.6
2021-09-23,TX-100,324,Supplier A,21,0.025,4600,CA,5.5,0.3
2023-09-25,TX-400,345,Supplier E,7,0.095,3214,NY,3.28,0.43
2021-02-16,TX-200,377,Supplier B,8,0.03,3772,TX,2.67,0.63
2021-06-03,TX-200,449,Supplier D,11,0.012,4428,FL,1.94,0.78
2023-09-29,TX-200,107,Supplier A,29,0.063,4703,FL,4.53,0.95
2021-01-21,TX-400,412,Supplier C,19,0.057,1473,NY,2.99,0.12
2020-10-01,TX-100,67,Supplier C,27,0.075,1563,NY,2.74,0.19
2020-12-18,TX-500,85,Supplier E,28,0.075,1674,FL,3.17,0.57
2022-12-25,TX-200,457,Supplier D,6,0.062,3133,FL,4.0,0.94
2023-01-07,TX-200,178,Supplier D,20,0.021,4216,NY,2.23,0.45
2021-08-20,TX-100,50,Supplier B,3,0.089,2192,FL,5.83,0.63
2023-05-10,TX-200,113,Supplier A,27,0.025,2752,TX,4.8,0.29
2021-07-11,TX-200,111,Supplier E,22,0.009,2190,IL,1.71,0.81
2020-04-22,TX-400,415,Supplier A,2,0.03,3351,IL,2.88,0.61
2023-01-19,TX-300,469,Supplier E,0,0.048,396,TX,1.73,0.38
2020-05-20,TX-100,380,Supplier D,6,0.021,1230,IL,2.53,0.54
2023-08-05,TX-100,195,Supplier D,8,0.033,3084,IL,2.79,0.69
2021-12-30,TX-100,321,Supplier E,1,0.051,816,IL,4.73,0.21
2021-08-11,TX-400,66,Supplier A,6,0.032,4083,CA,4.73,0.34
2021-02-14,TX-400,329,Supplier C,9,0.009,4831,TX,1.7,0.25
2021-01-11,TX-500,147,Supplier C,1,0.02,3284,FL,4.15,0.96
2023-11-08,TX-400,276,Supplier B,12,0.079,4242,NY,5.82,0.04
2023-03-21,TX-100,435,Supplier B,28,0.095,1407,TX,4.33,0.06
2022-01-20,TX-500,292,Supplier A,2,0.015,4526,TX,5.82,0.36
2021-09-18,TX-300,250,Supplier D,12,0.068,4431,CA,3.21,0.54
2023-09-04,TX-200,443,Supplier A,9,0.091,961,CA,3.57,0.33
2023-10-24,TX-200,486,Supplier E,29,0.03,4911,IL,3.73,0.86
2022-09-21,TX-500,228,Supplier C,11,0.083,2584,CA,5.66,0.17
2021-12-03,TX-300,319,Supplier B,25,0.09,1197,FL,3.21,0.36
2021-04-06,TX-200,283,Supplier A,2,0.03,670,FL,5.93,0.49
2020-01-12,TX-500,161,Supplier A,27,0.006,1414,IL,3.94,0.2
2023-03-25,TX-400,115,Supplier E,28,0.092,1047,CA,2.48,0.29
2021-04-21,TX-100,387,Supplier D,19,0.033,4253,IL,1.97,0.95
2022-07-27,TX-300,398,Supplier D,5,0.001,4695,NY,2.28,0.52
2021-02-04,TX-200,486,Supplier C,2,0.047,830,CA,1.68,0.87
2022-03-18,TX-100,294,Supplier B,28,0.012,2943,CA,4.62,0.27
2020-06-25,TX-500,294,Supplier D,24,0.09,4677,CA,3.83,0.61
2023-09-26,TX-200,497,Supplier D,1,0.015,425,CA,4.82,0.76
2020-02-26,TX-100,121,Supplier D,22,0.03,4426,FL,5.02,0.42
2021-03-23,TX-400,406,Supplier A,21,0.079,4029,IL,5.69,0.62
2020-07-21,TX-300,98,Supplier D,13,0.081,3335,FL,2.03,0.86
2022-01-07,TX-500,395,Supplier E,14,0.09,1483,IL,2.34,0.14
2020-07-20,TX-200,239,Supplier C,17,0.05,3381,NY,3.97,0.35
2023-09-15,TX-400,342,Supplier D,26,0.099,4173,CA,2.08,0.82
2020-12-28,TX-300,226,Supplier B,18,0.052,654,TX,1.92,0.23
2022-06-10,TX-300,210,Supplier A,21,0.079,2570,FL,4.5,0.56
2021-03-29,TX-400,199,Supplier E,9,0.036,3304,TX,4.76,0.44
2020-12-21,TX-200,119,Supplier C,19,0.094,302,NY,5.3,0.66
2020-08-03,TX-300,82,Supplier A,16,0.069,4885,TX,5.62,0.67
2022-08-29,TX-500,333,Supplier E,16,0.008,4979,NY,3.49,0.58
2021-07-08,TX-100,393,Supplier A,18,0.011,1687,FL,5.91,0.95
2022-06-05,TX-500,309,Supplier C,23,0.089,552,NY,1.67,0.18
2020-01-23,TX-300,371,Supplier C,26,0.081,3174,FL,5.42,0.84
2020-06-03,TX-100,126,Supplier D,3,0.033,1212,FL,2.95,0.49
2023-04-24,TX-400,159,Supplier B,10,0.052,1174,TX,5.65,0.66
2020-09-05,TX-100,354,Supplier D,16,0.085,3624,IL,2.5,0.27
2022-01-18,TX-100,433,Supplier A,23,0.01,4867,IL,4.83,0.09
2022-03-15,TX-100,188,Supplier D,9,0.014,579,IL,3.41,0.78
2020-05-13,TX-300,84,Supplier C,21,0.072,3304,CA,3.22,0.25
2020-11-16,TX-200,472,Supplier C,16,0.008,3418,TX,1.77,0.39
2021-01-24,TX-300,443,Supplier C,11,0.035,3033,NY,4.68,0.05
2021-03-09,TX-200,284,Supplier D,9,0.025,3894,IL,2.29,0.65
2022-11-11,TX-400,379,Supplier E,9,0.076,2543,TX,3.58,0.69
2022-05-22,TX-400,249,Supplier D,5,0.0,4354,CA,2.14,0.9
2023-02-22,TX-400,374,Supplier D,16,0.012,2612,TX,4.22,0.89
2023-01-07,TX-400,200,Supplier D,25,0.01,1273,NY,2.54,0.71
2022-05-07,TX-400,83,Supplier D,25,0.032,3161,IL,4.17,0.32
2020-02-20,TX-500,173,Supplier C,18,0.023,4754,NY,5.76,0.37
2020-06-24,TX-300,416,Supplier B,1,0.023,1996,CA,5.64,0.38
2022-05-19,TX-200,81,Supplier D,3,0.037,2394,NY,2.4,0.13
2020-09-09,TX-400,321,Supplier D,17,0.021,2846,CA,1.95,0.95
2022-08-23,TX-500,373,Supplier B,26,0.011,1455,NY,1.69,0.82
2023-06-23,TX-500,359,Supplier D,28,0.058,1294,CA,5.23,0.15
2022-01-08,TX-500,173,Supplier B,20,0.095,1598,TX,2.62,0.95
2023-02-03,TX-300,461,Supplier C,3,0.061,2989,TX,2.78,0.84
2023-05-01,TX-400,417,Supplier E,5,0.076,1128,TX,2.52,0.92
2023-09-01,TX-500,365,Supplier D,13,0.097,615,TX,5.28,0.29
2020-10-28,TX-500,127,Supplier E,6,0.015,4682,NY,5.91,0.34
2021-07-01,TX-400,125,Supplier D,11,0.046,997,FL,4.9,0.47
2021-12-16,TX-300,109,Supplier A,1,0.058,4507,CA,5.21,0.22
2022-02-17,TX-500,134,Supplier A,17,0.032,1771,CA,4.29,0.47
2020-09-24,TX-200,417,Supplier C,23,0.061,2871,FL,3.88,0.01
2023-04-08,TX-100,129,Supplier E,12,0.062,4958,CA,4.75,0.88
2022-10-06,TX-100,423,Supplier E,12,0.084,3142,CA,1.66,0.16
2021-07-04,TX-100,221,Supplier B,24,0.083,793,TX,1.78,0.5
2023-08-08,TX-300,307,Supplier B,4,0.014,4945,CA,4.59,0.93
2023-03-10,TX-500,328,Supplier D,6,0.017,258,CA,3.01,0.82
2023-03-15,TX-100,270,Supplier B,28,0.022,3703,IL,3.7,0.78
2023-12-19,TX-100,95,Supplier B,11,0.026,4588,CA,5.02,0.61
2020-11-09,TX-400,122,Supplier E,24,0.056,343,FL,4.1,0.44
2020-07-02,TX-500,103,Supplier A,13,0.033,3845,CA,5.12,0.45
2021-12-13,TX-500,376,Supplier E,0,0.095,4939,FL,3.39,0.09
2020-05-07,TX-400,270,Supplier B,23,0.012,3049,CA,2.79,0.06
2023-08-03,TX-500,430,Supplier D,9,0.025,390,FL,2.56,0.84
2023-06-30,TX-200,386,Supplier A,25,0.087,230,CA,2.09,0.41
2021-11-30,TX-300,58,Supplier B,24,0.058,1514,CA,1.67,0.05
2021-01-20,TX-400,375,Supplier B,8,0.055,3505,IL,1.74,0.66
2023-06-07,TX-100,221,Supplier D,9,0.059,4473,IL,2.72,0.68
2020-09-27,TX-500,133,Supplier D,6,0.025,2289,CA,2.75,0.23
2022-03-21,TX-200,379,Supplier B,15,0.076,4028,IL,3.22,0.41
2021-02-18,TX-200,378,Supplier B,27,0.05,3880,NY,4.16,0.57
2020-07-16,TX-300,61,Supplier E,27,0.004,492,NY,4.92,0.6
2023-09-08,TX-200,81,Supplier C,11,0.018,2656,TX,2.39,0.51
2022-12-15,TX-500,467,Supplier D,11,0.082,4172,TX,4.92,0.36
2022-04-10,TX-500,388,Supplier D,25,0.035,3273,NY,2.13,0.07
2023-05-11,TX-200,338,Supplier E,18,0.077,2184,TX,5.95,0.02
2021-09-19,TX-500,369,Supplier A,28,0.066,696,CA,2.78,0.46
2021-08-26,TX-500,353,Supplier A,12,0.03,2581,CA,5.27,0.2
2023-03-07,TX-100,321,Supplier A,20,0.013,2643,TX,2.36,0.94
2023-12-16,TX-400,227,Supplier D,28,0.081,1659,NY,5.78,0.64
2022-12-16,TX-500,163,Supplier C,17,0.064,3153,FL,5.22,0.59
2022-10-06,TX-500,456,Supplier C,26,0.03,3297,CA,3.12,0.41
2020-03-11,TX-300,75,Supplier E,25,0.052,2452,IL,3.4,0.33
2022-06-29,TX-400,286,Supplier A,2,0.061,4451,FL,1.52,0.18
2021-08-16,TX-400,359,Supplier A,25,0.0,1515,IL,2.63,0.06
2023-10-27,TX-400,221,Supplier B,6,0.067,4782,CA,2.8,0.63
2021-08-22,TX-200,282,Supplier E,0,0.066,2769,TX,3.54,0.78
2021-05-28,TX-100,86,Supplier E,2,0.008,1129,IL,2.13,0.86
2020-03-24,TX-100,314,Supplier D,20,0.079,948,NY,3.65,0.72
2022-09-20,TX-300,62,Supplier D,26,0.083,3097,IL,4.51,0.9
2022-12-02,TX-400,365,Supplier E,13,0.029,1430,NY,3.17,0.98
2022-04-18,TX-400,155,Supplier C,3,0.016,1125,FL,2.54,0.96
2021-08-28,TX-500,175,Supplier E,18,0.069,3329,FL,3.96,0.59
2022-03-20,TX-200,385,Supplier C,21,0.012,917,TX,1.63,0.22
2020-05-12,TX-200,433,Supplier D,27,0.086,1322,NY,3.03,0.11
2023-11-19,TX-300,179,Supplier E,5,0.048,1523,TX,3.87,0.99
2022-12-24,TX-100,365,Supplier C,19,0.091,4278,IL,3.01,0.31
2020-10-16,TX-400,305,Supplier B,8,0.064,3122,TX,3.05,0.03
2021-01-10,TX-300,490,Supplier B,10,0.029,3610,IL,5.32,0.39
2022-02-07,TX-200,164,Supplier E,21,0.047,3633,FL,5.7,0.75
2021-04-11,TX-200,348,Supplier A,14,0.053,3216,TX,5.22,0.89
2023-05-21,TX-200,452,Supplier E,8,0.082,4370,FL,1.94,0.48
2023-03-17,TX-400,173,Supplier D,28,0.086,1668,IL,2.8,0.29
2021-04-15,TX-400,305,Supplier D,10,0.068,4579,NY,4.7,0.78
2020-05-28,TX-400,188,Supplier B,25,0.029,4037,CA,5.88,0.5
2020-03-28,TX-500,255,Supplier C,9,0.053,507,IL,2.59,0.09
2023-09-09,TX-100,96,Supplier B,1,0.013,1208,IL,5.54,0.89
2021-01-30,TX-200,266,Supplier C,21,0.023,3003,CA,4.83,0.66
2022-02-28,TX-200,368,Supplier E,13,0.03,3784,CA,5.93,0.04
2023-11-28,TX-500,440,Supplier A,3,0.007,2611,FL,1.92,0.01
2023-01-10,TX-200,399,Supplier D,1,0.088,4916,IL,3.28,0.09
2023-08-02,TX-200,172,Supplier E,4,0.012,3445,IL,3.65,0.82
2023-11-06,TX-400,80,Supplier B,13,0.07,3357,TX,4.52,0.48
2022-05-14,TX-400,104,Supplier E,14,0.051,1171,CA,4.44,0.34
2023-07-17,TX-100,202,Supplier A,18,0.083,4462,NY,5.58,0.25
2023-08-08,TX-200,335,Supplier C,5,0.074,3317,IL,5.27,0.51
2020-01-24,TX-300,85,Supplier A,26,0.076,1139,TX,1.75,0.08
2022-08-13,TX-200,355,Supplier B,14,0.042,3468,NY,3.69,0.62
2020-11-06,TX-200,447,Supplier A,13,0.083,2596,FL,3.33,0.38
2023-05-16,TX-100,334,Supplier D,7,0.009,3726,TX,5.99,0.86
2021-10-25,TX-300,460,Supplier A,19,0.044,3598,NY,3.42,0.75
2021-03-13,TX-200,422,Supplier E,11,0.099,446,IL,4.57,0.02
2021-12-06,TX-300,305,Supplier C,3,0.095,3455,TX,2.78,0.17
2023-09-21,TX-400,227,Supplier D,20,0.008,3734,CA,4.27,0.47
2021-02-25,TX-400,85,Supplier D,5,0.057,476,NY,2.43,0.66
2020-11-16,TX-300,303,Supplier D,10,0.032,3551,IL,4.22,0.72
2021-08-09,TX-200,211,Supplier B,22,0.073,2569,TX,5.41,0.82
2022-08-04,TX-300,70,Supplier B,21,0.074,1031,NY,1.59,0.05
2023-04-01,TX-300,343,Supplier E,6,0.0,1951,FL,3.77,0.02
2023-04-03,TX-400,124,Supplier C,24,0.085,863,FL,5.92,0.6
2022-04-28,TX-300,256,Supplier A,3,0.022,4940,CA,2.22,0.72
2023-08-11,TX-500,227,Supplier E,25,0.097,2366,TX,2.33,0.79
2020-02-11,TX-500,431,Supplier B,14,0.091,4252,TX,3.62,0.16
2023-08-01,TX-400,86,Supplier E,0,0.019,4882,CA,5.42,0.97
2022-07-27,TX-200,169,Supplier C,8,0.064,4309,TX,4.03,0.23
2021-01-21,TX-200,452,Supplier E,22,0.03,3417,FL,3.79,0.25
2023-03-07,TX-400,167,Supplier D,19,0.01,2451,FL,1.89,0.15
2023-04-25,TX-200,50,Supplier A,25,0.087,3145,CA,5.83,0.04
2022-06-28,TX-100,258,Supplier B,7,0.018,3486,IL,3.06,0.81
2021-12-16,TX-500,473,Supplier B,11,0.042,1199,CA,2.63,0.01
2021-03-06,TX-100,360,Supplier C,6,0.092,2450,FL,3.35,0.46
2021-07-07,TX-100,257,Supplier C,27,0.008,3058,CA,3.36,0.09
2023-12-10,TX-100,203,Supplier C,17,0.055,1747,FL,3.56,0.04
2022-03-10,TX-400,299,Supplier B,0,0.057,2881,IL,4.6,0.93
2021-03-01,TX-100,220,Supplier D,8,0.076,3755,FL,5.41,0.83
2023-12-10,TX-300,364,Supplier A,6,0.083,1599,TX,1.76,0.39
2020-01-26,TX-200,356,Supplier C,13,0.042,101,NY,3.71,0.46
2023-10-26,TX-400,156,Supplier B,25,0.074,2204,IL,3.36,0.87
2021-01-19,TX-300,192,Supplier D,0,0.091,557,NY,1.55,0.8
2020-02-25,TX-300,57,Supplier C,12,0.089,4886,IL,5.17,0.69
2023-06-30,TX-500,143,Supplier C,19,0.05,640,IL,1.97,0.54
2021-09-25,TX-500,447,Supplier A,14,0.061,3263,IL,2.02,0.61
2020-04-15,TX-300,146,Supplier A,4,0.067,1920,IL,1.72,0.39
2023-02-27,TX-500,56,Supplier E,4,0.082,2486,FL,2.4,0.53
2022-04-28,TX-200,323,Supplier C,13,0.051,3542,TX,2.3,0.54
2021-10-31,TX-200,61,Supplier E,13,0.011,2906,FL,3.07,0.86
2021-01-10,TX-500,51,Supplier B,13,0.039,4451,FL,4.47,0.22
2022-01-12,TX-100,483,Supplier A,4,0.072,4080,TX,1.74,0.25
2022-08-24,TX-300,398,Supplier D,10,0.062,1182,IL,5.37,0.21
2020-11-03,TX-200,454,Supplier C,18,0.075,475,TX,2.97,0.58
2020-03-31,TX-500,56,Supplier C,4,0.05,1636,NY,4.23,0.7
2023-11-17,TX-500,61,Supplier E,3,0.017,486,TX,1.55,0.24
2022-03-12,TX-200,389,Supplier A,14,0.012,911,FL,3.15,0.68
2020-04-19,TX-200,106,Supplier E,20,0.048,282,IL,1.51,0.63
2021-08-07,TX-100,127,Supplier C,6,0.021,2463,FL,2.24,0.32
2020-12-05,TX-500,123,Supplier A,4,0.098,1570,NY,3.52,0.23
2022-09-05,TX-500,282,Supplier C,29,0.02,3842,IL,3.91,0.88
2020-12-21,TX-400,328,Supplier A,14,0.057,1883,CA,2.19,0.57
2020-06-16,TX-100,79,Supplier C,29,0.0,3399,FL,4.85,0.7
2021-07-10,TX-200,416,Supplier D,13,0.025,2976,FL,2.35,0.93
2022-06-23,TX-200,363,Supplier E,23,0.026,2959,TX,2.02,0.21
2020-04-14,TX-300,144,Supplier A,23,0.074,1922,IL,3.0,0.35
2020-05-29,TX-200,357,Supplier E,2,0.05,3092,FL,3.98,0.43
2020-05-25,TX-500,105,Supplier A,4,0.001,4497,NY,5.95,0.23
2021-12-16,TX-200,59,Supplier A,11,0.038,4919,IL,3.38,0.84
2022-05-23,TX-500,452,Supplier A,19,0.064,2798,IL,3.42,0.08
2020-10-25,TX-500,196,Supplier C,13,0.064,1188,TX,1.77,0.24
2023-04-05,TX-100,413,Supplier B,29,0.005,1592,FL,4.95,0.19
2021-10-07,TX-200,136,Supplier C,4,0.093,2519,FL,2.32,0.95
2021-12-23,TX-100,302,Supplier B,23,0.025,1453,CA,4.85,0.63
2022-12-07,TX-500,236,Supplier C,3,0.089,2156,CA,5.6,0.72
2021-09-29,TX-200,477,Supplier B,20,0.021,1527,IL,4.96,0.11
2020-08-26,TX-200,282,Supplier A,15,0.057,742,FL,4.39,0.19
2022-10-27,TX-100,302,Supplier A,6,0.041,747,TX,4.22,0.81
2021-04-08,TX-100,492,Supplier B,2,0.058,1013,FL,3.54,0.57
2021-03-28,TX-500,273,Supplier B,28,0.05,3969,TX,2.15,0.05
2022-02-22,TX-500,389,Supplier E,21,0.0,4716,CA,5.0,0.57
2022-06-15,TX-200,53,Supplier A,24,0.035,2425,NY,3.65,0.48
2021-01-05,TX-200,402,Supplier C,26,0.001,1005,FL,4.32,0.15
2021-05-01,TX-400,161,Supplier E,3,0.068,2649,CA,3.18,0.59
2023-05-19,TX-400,242,Supplier B,19,0.085,1092,NY,2.4,0.17
2020-06-13,TX-300,190,Supplier C,21,0.038,4691,NY,5.13,0.81
2023-02-22,TX-500,372,Supplier D,5,0.052,3658,CA,3.04,0.62
2023-09-22,TX-300,189,Supplier D,2,0.007,2470,CA,5.4,0.87
2020-07-10,TX-300,398,Supplier D,29,0.039,1332,CA,5.85,0.42
2021-12-30,TX-100,488,Supplier C,0,0.014,1426,TX,5.23,0.51
2020-08-01,TX-100,494,Supplier B,2,0.006,3463,IL,2.08,0.76
2021-07-27,TX-400,144,Supplier C,23,0.017,4112,IL,5.35,0.55
2023-09-13,TX-300,90,Supplier E,7,0.087,4022,IL,3.84,0.57
2022-08-14,TX-400,469,Supplier E,15,0.098,2820,TX,2.59,0.55
2021-01-15,TX-500,51,Supplier D,21,0.088,2211,CA,1.92,0.49
2021-11-03,TX-200,327,Supplier B,6,0.097,1890,IL,2.75,0.81
2022-03-08,TX-100,199,Supplier E,17,0.073,509,TX,2.12,0.49
2020-08-26,TX-500,90,Supplier A,8,0.016,1754,TX,1.62,0.9
2021-11-30,TX-500,400,Supplier A,2,0.056,4287,CA,5.94,0.81
2023-01-10,TX-100,165,Supplier D,17,0.073,3689,NY,5.24,0.69
2023-10-18,TX-100,169,Supplier D,15,0.051,4078,TX,4.83,0.9
2021-05-19,TX-300,286,Supplier D,20,0.055,1169,FL,2.37,0.54
2020-07-20,TX-400,319,Supplier E,0,0.059,2772,TX,1.62,0.82
2022-07-08,TX-500,398,Supplier B,20,0.047,4651,NY,3.68,0.24
2020-02-06,TX-300,340,Supplier D,25,0.029,1040,NY,4.84,0.07
2021-10-05,TX-300,483,Supplier C,19,0.064,2757,FL,5.83,0.69
2023-11-26,TX-500,58,Supplier D,15,0.005,2103,IL,5.3,0.3
2022-02-03,TX-500,288,Supplier E,11,0.017,2854,TX,5.52,0.63
2021-12-06,TX-200,167,Supplier B,5,0.093,3583,CA,2.57,0.08
2023-04-14,TX-400,401,Supplier D,27,0.049,3585,CA,2.2,0.96
2021-06-28,TX-500,364,Supplier A,20,0.082,760,FL,2.62,0.52
2023-05-09,TX-100,361,Supplier D,8,0.073,3043,NY,2.12,0.01
2021-06-23,TX-200,59,Supplier D,20,0.032,405,IL,5.09,0.48
2022-10-13,TX-400,74,Supplier B,12,0.08,956,TX,5.56,0.79
2021-01-28,TX-100,222,Supplier C,23,0.009,3041,TX,2.88,0.87
2022-04-12,TX-100,274,Supplier D,11,0.087,548,TX,5.45,0.46
2022-12-01,TX-400,60,Supplier D,12,0.068,3022,CA,1.75,0.13
2021-08-19,TX-200,150,Supplier E,17,0.093,4968,IL,4.55,0.91
2021-01-27,TX-100,314,Supplier B,18,0.09,2950,FL,3.87,0.98
2021-11-30,TX-300,440,Supplier E,18,0.038,2894,CA,2.75,0.06
2021-03-16,TX-400,376,Supplier D,18,0.086,1330,NY,4.96,0.08
2022-07-06,TX-400,467,Supplier D,5,0.056,2875,IL,2.45,0.57
2020-11-15,TX-500,132,Supplier A,15,0.016,581,NY,3.37,0.53
2021-07-06,TX-200,325,Supplier E,6,0.083,3168,TX,4.69,0.59
2023-05-23,TX-300,419,Supplier B,6,0.091,3527,CA,3.02,0.32
2022-12-30,TX-300,394,Supplier D,27,0.008,1260,IL,5.35,0.05
2021-07-21,TX-500,310,Supplier A,22,0.093,1292,CA,5.39,0.58
2022-07-07,TX-100,417,Supplier A,27,0.06,4425,IL,2.41,0.15
2020-08-23,TX-100,270,Supplier C,18,0.003,1617,TX,3.48,0.34
2023-07-28,TX-300,360,Supplier B,15,0.054,2124,IL,3.44,0.58
2022-09-13,TX-200,268,Supplier A,16,0.08,588,TX,3.35,0.21
2023-03-31,TX-100,138,Supplier B,21,0.053,1808,CA,3.76,0.54
2023-04-29,TX-400,64,Supplier D,18,0.071,1399,CA,1.83,0.71
2022-10-29,TX-500,295,Supplier C,15,0.088,4192,CA,5.42,0.07
2020-02-29,TX-200,225,Supplier B,28,0.087,3823,TX,2.8,0.62
2022-06-11,TX-100,53,Supplier C,15,0.018,2819,NY,1.51,0.51
2020-08-12,TX-300,383,Supplier B,18,0.043,1185,NY,4.58,0.1
2021-11-30,TX-500,425,Supplier B,14,0.011,3304,IL,4.43,0.71
2021-08-04,TX-100,418,Supplier E,2,0.06,2267,CA,5.92,0.31
2023-08-03,TX-300,70,Supplier C,14,0.095,2959,NY,4.74,0.18
2022-09-20,TX-100,257,Supplier B,24,0.018,1280,FL,3.0,0.28
2020-06-17,TX-500,186,Supplier E,27,0.04,3630,CA,5.79,0.55
2022-12-21,TX-400,371,Supplier E,15,0.095,2559,FL,3.14,0.58
2023-10-04,TX-400,412,Supplier C,19,0.075,3678,NY,5.2,0.17
2020-01-14,TX-300,468,Supplier D,4,0.007,4426,TX,3.01,0.94
2020-06-12,TX-400,265,Supplier C,18,0.043,1701,FL,1.72,0.33
2023-12-14,TX-500,417,Supplier B,9,0.099,2375,FL,4.8,0.27
2022-01-26,TX-300,166,Supplier D,12,0.045,4625,CA,3.08,0.19
2022-11-17,TX-100,228,Supplier C,14,0.063,244,IL,3.02,0.12
2021-03-21,TX-200,295,Supplier C,11,0.07,2308,TX,4.72,0.98
2023-05-16,TX-100,177,Supplier C,16,0.066,388,CA,2.95,0.67
2021-12-16,TX-500,407,Supplier C,14,0.052,4279,CA,2.03,0.79
2022-09-02,TX-300,127,Supplier D,27,0.013,633,NY,3.32,0.4
2022-03-29,TX-100,278,Supplier B,3,0.071,280,IL,5.21,0.41
2020-04-13,TX-300,342,Supplier E,14,0.093,3132,IL,2.09,0.99
2022-01-11,TX-400,311,Supplier C,16,0.094,3664,TX,4.0,0.2
2021-03-01,TX-200,131,Supplier E,26,0.059,1167,TX,2.1,0.33
2023-01-29,TX-500,391,Supplier E,10,0.049,2990,IL,1.72,0.2
2021-09-30,TX-100,387,Supplier E,22,0.033,4565,FL,3.2,0.28
2022-04-29,TX-200,356,Supplier C,22,0.01,1029,FL,4.46,0.66
2023-02-03,TX-500,115,Supplier C,14,0.088,4614,CA,2.74,0.31
2022-02-07,TX-500,145,Supplier C,19,0.014,1063,IL,3.51,0.88
2020-10-03,TX-400,194,Supplier C,20,0.029,3449,CA,3.71,0.05
2022-12-24,TX-300,114,Supplier A,25,0.074,3616,FL,5.29,0.35
2022-06-18,TX-300,58,Supplier B,6,0.07,3256,TX,5.19,0.86
2020-07-06,TX-200,446,Supplier A,12,0.068,2940,IL,1.51,0.62
2023-09-02,TX-400,406,Supplier D,21,0.074,2226,NY,3.36,0.77
2023-03-07,TX-500,235,Supplier A,12,0.054,3998,CA,4.45,0.32
2023-09-28,TX-400,207,Supplier A,19,0.015,1859,IL,5.34,0.37
2020-04-14,TX-400,80,Supplier A,19,0.1,1579,NY,1.72,0.89
2021-06-29,TX-200,200,Supplier B,1,0.089,4902,CA,4.33,0.75
2021-01-14,TX-300,368,Supplier E,9,0.043,1076,FL,5.29,0.38
2020-04-19,TX-400,291,Supplier D,17,0.053,1060,CA,2.65,0.22
2021-06-28,TX-400,205,Supplier D,27,0.039,3527,TX,2.42,0.11
2020-12-19,TX-400,108,Supplier B,19,0.064,3999,CA,3.61,0.86
2022-01-12,TX-100,59,Supplier A,4,0.073,180,CA,5.83,0.7
2020-11-12,TX-400,394,Supplier E,19,0.023,4765,IL,4.62,0.61
2023-07-13,TX-400,173,Supplier C,29,0.043,2959,IL,3.41,0.78
2022-12-24,TX-500,405,Supplier B,18,0.064,1756,FL,1.59,0.91
2020-11-28,TX-100,395,Supplier E,26,0.099,2649,TX,4.01,0.76
2023-03-02,TX-400,331,Supplier B,1,0.032,1171,TX,3.07,0.42
2021-08-14,TX-400,286,Supplier B,3,0.075,1760,FL,2.34,0.18
2022-02-21,TX-200,382,Supplier C,29,0.035,2812,NY,3.75,0.71
2021-06-23,TX-200,66,Supplier E,15,0.009,2556,CA,3.04,0.25
2022-01-04,TX-100,473,Supplier A,26,0.077,924,IL,1.67,0.78
2021-09-12,TX-500,373,Supplier E,20,0.065,3184,FL,4.76,0.34
2021-09-10,TX-100,72,Supplier E,15,0.051,1968,FL,4.8,0.16
2023-10-24,TX-100,468,Supplier A,16,0.068,3951,IL,4.28,0.25
2022-06-27,TX-200,58,Supplier C,14,0.088,4422,IL,5.28,0.27
2022-09-18,TX-200,256,Supplier E,12,0.076,1087,NY,2.41,0.38
2020-04-08,TX-500,94,Supplier A,0,0.086,290,TX,2.79,0.26
2020-11-12,TX-400,470,Supplier B,21,0.029,1123,IL,3.56,0.23
2020-05-02,TX-500,452,Supplier B,4,0.08,4663,FL,1.77,0.39
2023-09-05,TX-400,380,Supplier A,26,0.036,4223,CA,5.48,0.87
2022-03-09,TX-300,76,Supplier B,19,0.002,3394,NY,3.71,0.07
2021-04-01,TX-200,446,Supplier E,0,0.004,3213,CA,2.96,0.3
2021-06-05,TX-300,490,Supplier A,11,0.073,3763,CA,3.65,0.56
2021-06-03,TX-300,237,Supplier E,29,0.027,2185,TX,2.96,0.87
2022-07-05,TX-200,189,Supplier D,22,0.031,1256,CA,2.79,0.28
2021-12-17,TX-300,58,Supplier C,14,0.062,1811,FL,3.52,0.35
2020-11-10,TX-100,283,Supplier C,3,0.074,4705,FL,3.67,0.8
2021-12-09,TX-400,141,Supplier C,18,0.056,262,IL,3.45,0.37
2021-12-10,TX-500,126,Supplier A,29,0.071,4499,TX,3.97,0.85
2022-11-09,TX-200,389,Supplier D,15,0.094,2894,IL,5.03,0.46
2021-07-13,TX-100,293,Supplier C,22,0.085,4977,CA,1.76,0.57
2022-08-26,TX-500,382,Supplier E,17,0.024,153,FL,5.15,0.56
2023-02-27,TX-500,204,Supplier C,25,0.091,473,IL,2.53,0.12
2023-08-09,TX-500,267,Supplier D,16,0.03,976,FL,2.63,0.35
2023-03-01,TX-300,496,Supplier E,10,0.066,2875,IL,4.2,0.24
2020-12-21,TX-300,334,Supplier E,19,0.087,3829,NY,5.89,0.68
2022-12-13,TX-300,199,Supplier A,12,0.062,2965,TX,1.58,0.93
2022-06-08,TX-300,378,Supplier A,23,0.081,2784,IL,4.53,0.21
2022-03-03,TX-100,137,Supplier B,28,0.093,2808,CA,4.64,0.09
2023-11-11,TX-300,155,Supplier D,21,0.097,3388,FL,4.08,0.51
2020-09-21,TX-200,452,Supplier E,8,0.041,139,FL,1.54,0.39
2022-09-08,TX-500,343,Supplier D,16,0.099,1754,TX,4.23,0.04
2023-05-23,TX-100,144,Supplier C,16,0.027,897,TX,2.02,0.92
2022-03-12,TX-300,302,Supplier C,26,0.046,809,NY,1.85,0.94
2020-02-12,TX-500,88,Supplier B,4,0.076,4824,IL,4.63,0.85
2022-05-11,TX-100,448,Supplier E,21,0.097,124,NY,4.65,0.28
2023-07-25,TX-500,304,Supplier E,7,0.005,4153,IL,5.5,0.12
2023-02-27,TX-100,103,Supplier B,2,0.095,2214,IL,1.52,0.59
2020-12-15,TX-400,465,Supplier C,5,0.1,2844,TX,3.2,0.28
2023-02-03,TX-100,292,Supplier E,2,0.091,2450,TX,1.56,0.2
2022-06-30,TX-300,159,Supplier D,7,0.011,4673,IL,3.14,0.64
2020-01-01,TX-500,303,Supplier E,11,0.084,4300,TX,3.71,0.75
2021-08-06,TX-500,161,Supplier C,26,0.064,2804,IL,3.88,0.53
2021-03-07,TX-500,223,Supplier E,26,0.001,1556,TX,3.1,0.32
2023-08-22,TX-200,238,Supplier E,3,0.098,1173,CA,4.76,0.51
2020-02-22,TX-200,270,Supplier A,1,0.015,1335,IL,3.37,0.6
2022-07-28,TX-300,298,Supplier E,27,0.04,4797,FL,3.83,0.05
2021-06-03,TX-400,101,Supplier B,24,0.003,4584,CA,5.1,0.44
2023-09-15,TX-200,211,Supplier B,9,0.031,3466,NY,2.28,0.6
2023-09-10,TX-100,84,Supplier D,14,0.057,4624,TX,2.94,0.13
2023-02-11,TX-300,86,Supplier E,12,0.093,2164,NY,3.85,0.45
2020-05-26,TX-400,383,Supplier D,23,0.099,4638,FL,4.95,0.35
2023-04-04,TX-100,366,Supplier C,14,0.042,3526,TX,3.41,0.87
2023-11-03,TX-500,160,Supplier C,21,0.043,1116,NY,1.83,0.49
2023-03-08,TX-200,419,Supplier A,18,0.016,2117,CA,5.95,0.43
2021-09-20,TX-100,226,Supplier A,17,0.05,3523,NY,4.69,0.24
2020-10-25,TX-400,58,Supplier E,12,0.094,2525,TX,4.75,0.96
2023-07-23,TX-300,324,Supplier E,19,0.017,4587,CA,3.59,0.96
2022-02-27,TX-100,170,Supplier D,19,0.027,4225,FL,3.96,0.37
2022-04-29,TX-300,154,Supplier D,0,0.089,4326,NY,5.97,0.93
2020-06-26,TX-500,205,Supplier E,24,0.063,4596,IL,4.18,0.62
2022-04-21,TX-400,385,Supplier E,15,0.033,4318,TX,2.49,0.78
2023-10-09,TX-400,75,Supplier A,25,0.081,1019,IL,5.84,0.09
2023-03-23,TX-200,471,Supplier A,7,0.011,3934,IL,3.92,0.02
2023-05-09,TX-400,345,Supplier A,22,0.086,4151,NY,1.59,0.51
2022-05-27,TX-100,74,Supplier E,5,0.052,4269,IL,4.08,0.08
2023-02-12,TX-100,404,Supplier D,2,0.076,3643,CA,1.82,0.89
2022-01-28,TX-100,423,Supplier B,19,0.052,210,FL,3.87,0.82
2022-12-27,TX-500,118,Supplier B,15,0.025,3882,FL,5.21,0.71
2021-03-20,TX-400,376,Supplier D,1,0.064,2324,IL,3.92,0.03
2023-09-11,TX-400,200,Supplier D,22,0.015,3191,TX,3.18,0.46
2021-12-08,TX-100,394,Supplier D,1,0.023,2352,IL,5.47,0.08
2021-08-24,TX-200,114,Supplier A,29,0.055,3693,TX,5.67,0.93
2023-10-14,TX-200,199,Supplier C,14,0.039,3180,FL,3.06,0.61
2020-05-24,TX-400,369,Supplier E,9,0.075,2090,CA,3.75,0.16
2020-10-01,TX-400,294,Supplier A,0,0.058,4047,TX,5.92,0.56
2021-05-23,TX-300,107,Supplier B,21,0.038,3746,FL,2.3,0.12
2023-04-17,TX-400,205,Supplier E,19,0.033,2227,NY,2.84,0.15
2022-01-22,TX-100,161,Supplier D,14,0.091,1667,IL,3.43,0.08
2021-04-21,TX-500,172,Supplier B,23,0.004,3687,TX,1.95,0.87
2023-12-08,TX-400,402,Supplier D,0,0.069,2273,CA,2.72,0.55
2023-03-22,TX-400,411,Supplier D,24,0.039,4703,IL,3.95,0.33
2023-02-01,TX-100,252,Supplier D,21,0.038,2522,FL,2.53,0.0
2023-01-03,TX-300,53,Supplier E,15,0.065,4729,FL,4.59,0.47
2023-02-25,TX-400,178,Supplier B,29,0.085,4346,FL,3.06,0.51
2021-10-27,TX-200,75,Supplier B,17,0.072,4413,TX,1.9,0.34
2021-07-21,TX-200,338,Supplier D,23,0.067,4477,NY,4.94,0.48
2023-09-30,TX-200,76,Supplier A,4,0.05,4500,NY,4.05,0.1
2021-06-14,TX-500,91,Supplier C,20,0.047,3855,FL,5.21,0.92
2020-06-07,TX-500,120,Supplier A,4,0.046,4857,IL,3.12,0.26
2023-12-20,TX-400,113,Supplier E,22,0.015,1318,CA,1.59,0.95
2021-11-11,TX-400,74,Supplier C,22,0.056,1549,IL,1.71,0.49
2020-01-23,TX-400,121,Supplier A,9,0.032,1687,TX,5.08,0.86
2022-12-06,TX-500,410,Supplier B,26,0.062,4084,NY,3.35,0.58
2021-06-08,TX-400,437,Supplier A,22,0.053,4849,CA,5.89,0.84
2021-12-29,TX-100,317,Supplier D,11,0.094,3235,FL,5.24,0.01
2020-05-23,TX-300,363,Supplier E,9,0.043,2320,FL,1.57,0.19
2021-10-29,TX-200,144,Supplier A,1,0.066,496,TX,5.41,0.35
2023-12-13,TX-200,444,Supplier A,23,0.059,3837,TX,2.46,0.3
2021-11-11,TX-100,406,Supplier C,0,0.068,843,TX,3.69,0.95
2022-08-30,TX-400,413,Supplier D,15,0.027,1553,TX,3.78,0.39
2022-03-09,TX-500,364,Supplier C,28,0.026,2117,FL,1.77,0.97
2020-03-25,TX-400,166,Supplier E,29,0.056,4246,FL,2.07,0.65
2021-02-19,TX-400,213,Supplier E,17,0.085,3386,TX,3.4,0.84
2021-11-24,TX-200,414,Supplier D,26,0.072,1925,FL,4.39,0.39
2021-04-26,TX-200,327,Supplier C,6,0.049,2767,TX,2.69,0.19
2021-03-31,TX-500,114,Supplier D,3,0.026,3711,CA,3.87,0.05
2022-04-06,TX-200,355,Supplier C,26,0.076,2422,TX,3.21,0.66
2020-10-23,TX-400,309,Supplier B,9,0.093,4883,TX,4.34,0.97
2023-02-09,TX-100,277,Supplier D,9,0.021,2731,CA,3.41,0.12
2023-06-07,TX-500,249,Supplier E,24,0.08,2053,NY,5.33,0.77
2023-01-24,TX-100,269,Supplier C,10,0.017,461,IL,5.93,0.36
2022-08-07,TX-400,229,Supplier B,24,0.09,499,TX,5.61,0.99
2021-11-10,TX-500,407,Supplier E,29,0.064,3754,CA,2.26,0.87
2021-01-12,TX-100,277,Supplier C,2,0.018,894,CA,3.56,0.23
2023-03-25,TX-500,301,Supplier B,28,0.004,662,FL,3.56,0.77
2021-02-24,TX-400,348,Supplier E,13,0.069,3255,TX,5.28,0.73
2020-04-14,TX-500,410,Supplier E,12,0.061,2374,CA,3.11,0.76
2020-11-25,TX-400,479,Supplier B,18,0.061,2164,NY,3.97,0.08
2021-03-14,TX-500,53,Supplier E,24,0.048,319,NY,4.24,0.81
2023-03-01,TX-500,190,Supplier C,28,0.061,2731,IL,2.0,0.26
2021-01-16,TX-200,215,Supplier C,9,0.087,2599,FL,4.01,0.59
2020-05-17,TX-400,303,Supplier E,14,0.095,2116,FL,2.61,0.12
2022-07-31,TX-300,478,Supplier A,27,0.034,725,FL,2.43,0.56
2022-04-22,TX-500,202,Supplier B,7,0.049,1764,TX,2.63,0.91
2020-09-26,TX-100,116,Supplier A,16,0.027,3441,NY,1.95,0.18
2021-01-30,TX-200,104,Supplier C,5,0.041,1002,TX,1.81,0.86
2022-07-01,TX-200,145,Supplier E,6,0.08,163,CA,4.41,0.44
2021-04-08,TX-500,216,Supplier D,13,0.042,2091,IL,5.73,0.32
2021-03-25,TX-300,370,Supplier D,26,0.039,2027,IL,4.6,0.06
2023-09-16,TX-200,380,Supplier A,29,0.085,1049,TX,2.9,0.53
2023-06-30,TX-400,435,Supplier A,7,0.0,538,IL,3.01,0.2
2023-08-01,TX-500,425,Supplier A,11,0.085,996,TX,3.94,0.94
2023-07-21,TX-500,391,Supplier C,27,0.018,4776,FL,5.4,0.24
2020-01-20,TX-300,111,Supplier C,17,0.027,2179,CA,2.41,0.59
2020-08-26,TX-400,223,Supplier E,13,0.036,100,FL,3.61,0.56
2023-07-17,TX-400,302,Supplier C,0,0.088,4901,IL,3.75,0.34
2021-02-21,TX-300,161,Supplier E,3,0.091,4109,CA,5.69,0.85
2023-08-26,TX-100,264,Supplier E,16,0.066,3153,NY,3.91,0.18
2022-11-20,TX-400,288,Supplier A,17,0.044,2863,TX,5.01,0.82
2023-02-01,TX-100,464,Supplier D,18,0.052,2733,CA,1.9,0.21
2020-07-04,TX-100,276,Supplier A,3,0.058,4347,TX,2.97,0.04
2023-02-25,TX-500,279,Supplier C,27,0.095,3532,CA,4.25,0.94
2023-05-18,TX-500,282,Supplier B,27,0.097,2517,IL,4.55,0.64
2023-12-08,TX-200,212,Supplier C,5,0.085,1782,FL,5.48,0.63
2023-07-28,TX-500,175,Supplier D,7,0.058,662,IL,4.16,0.27
2020-09-09,TX-400,478,Supplier C,24,0.039,357,NY,2.8,0.14
2020-01-19,TX-400,302,Supplier D,14,0.023,1064,IL,3.93,0.71
2021-12-12,TX-100,382,Supplier B,19,0.053,4841,CA,4.7,0.52
2023-03-05,TX-400,487,Supplier B,0,0.035,4385,NY,5.03,0.32
2020-08-10,TX-500,248,Supplier E,29,0.007,4773,CA,5.75,0.32
2020-01-03,TX-500,246,Supplier C,4,0.048,1941,FL,2.36,0.89
2023-06-13,TX-500,171,Supplier E,15,0.057,3975,TX,4.47,0.89
2022-05-03,TX-300,462,Supplier A,20,0.061,4193,FL,2.4,0.27
2020-08-15,TX-400,313,Supplier A,24,0.007,2754,FL,2.93,0.79
2022-07-01,TX-200,103,Supplier A,5,0.048,4084,FL,2.14,0.23
2021-05-13,TX-400,184,Supplier A,20,0.066,4700,CA,4.98,0.81
2021-06-04,TX-400,388,Supplier A,9,0.096,2129,TX,5.61,0.13
2021-12-02,TX-300,408,Supplier C,9,0.003,3915,CA,1.63,0.76
2022-07-05,TX-400,200,Supplier E,4,0.068,1969,NY,5.16,0.56
2023-03-08,TX-100,149,Supplier E,7,0.006,477,CA,2.59,0.12
2023-07-23,TX-500,283,Supplier D,26,0.016,2492,FL,3.69,0.62
2020-10-17,TX-500,81,Supplier A,0,0.017,2958,IL,4.87,0.19
2022-12-12,TX-300,111,Supplier B,4,0.033,948,IL,3.78,0.19
2023-02-07,TX-500,478,Supplier D,0,0.083,879,CA,2.54,0.45
2021-12-15,TX-100,245,Supplier D,6,0.086,3511,FL,5.58,0.96
2022-08-05,TX-300,79,Supplier C,29,0.037,965,FL,4.17,0.89
2021-10-09,TX-200,292,Supplier D,14,0.043,3739,IL,5.69,0.83
2022-10-24,TX-500,155,Supplier B,22,0.022,2030,TX,5.31,0.85
2021-11-14,TX-400,344,Supplier E,28,0.043,638,TX,5.44,0.5
2022-05-19,TX-100,182,Supplier D,25,0.027,4129,FL,3.13,0.37
2022-12-06,TX-100,71,Supplier C,23,0.017,1205,NY,5.94,0.88
2020-04-03,TX-500,205,Supplier A,13,0.016,1865,NY,5.34,0.08
2022-07-28,TX-200,455,Supplier B,22,0.078,1855,NY,3.02,1.0
2021-07-13,TX-400,433,Supplier A,26,0.012,333,NY,5.53,0.55
2020-07-31,TX-200,263,Supplier D,8,0.062,3363,NY,4.9,0.54
2021-03-11,TX-200,275,Supplier E,7,0.017,3835,IL,4.76,0.29
2022-05-01,TX-500,334,Supplier C,7,0.084,3784,FL,1.53,0.17
2021-05-22,TX-400,220,Supplier B,2,0.027,4985,CA,1.6,0.68
2022-04-15,TX-500,91,Supplier E,25,0.004,4724,IL,4.63,0.36
2021-10-12,TX-500,109,Supplier B,19,0.045,996,IL,2.75,0.3
2020-07-23,TX-100,424,Supplier C,3,0.1,3695,FL,1.76,0.16
2021-01-15,TX-500,126,Supplier C,16,0.081,375,TX,2.79,0.54
2023-01-01,TX-300,251,Supplier D,5,0.057,502,IL,5.27,0.59
2023-01-04,TX-400,269,Supplier B,1,0.019,2401,IL,3.62,0.44
2020-03-17,TX-100,236,Supplier D,8,0.012,3148,CA,4.27,0.01
2022-03-26,TX-400,145,Supplier B,13,0.084,2684,NY,5.1,0.49
2022-02-06,TX-100,391,Supplier B,0,0.079,4358,IL,2.96,0.27
2021-02-13,TX-300,261,Supplier A,16,0.046,2210,NY,1.55,0.14
2020-04-15,TX-500,417,Supplier D,10,0.042,342,FL,2.95,0.58
2021-07-04,TX-100,389,Supplier B,28,0.075,2450,IL,5.81,0.67
2022-04-05,TX-100,311,Supplier B,25,0.054,1062,CA,3.67,0.52
2023-07-22,TX-100,378,Supplier C,26,0.04,1239,CA,4.06,0.61
2020-03-28,TX-300,461,Supplier A,5,0.025,2467,FL,4.92,0.61
2022-05-30,TX-400,126,Supplier C,28,0.012,1145,NY,2.02,0.12
2023-01-05,TX-300,80,Supplier D,0,0.059,1586,TX,4.8,0.22
2023-01-05,TX-100,88,Supplier D,27,0.083,1064,FL,2.84,0.01
2021-06-23,TX-100,355,Supplier B,18,0.075,2765,TX,3.25,0.98
2020-09-01,TX-500,383,Supplier E,15,0.07,2111,CA,2.71,0.21
2021-07-31,TX-300,263,Supplier C,25,0.093,3507,CA,2.19,0.81
2023-11-06,TX-300,175,Supplier D,17,0.039,469,IL,3.13,0.78
2022-09-08,TX-200,214,Supplier B,28,0.014,1494,CA,1.93,0.71
2021-12-17,TX-400,295,Supplier B,10,0.01,928,NY,5.3,0.45
2020-05-21,TX-200,158,Supplier C,8,0.096,2175,CA,2.88,0.58
2022-06-11,TX-200,137,Supplier B,20,0.059,2996,IL,4.44,0.19
2023-10-23,TX-400,249,Supplier A,5,0.081,4645,FL,2.84,0.11
2023-01-12,TX-500,320,Supplier E,1,0.054,4722,IL,2.45,0.35
2023-03-12,TX-500,100,Supplier C,7,0.04,282,FL,4.71,0.83
2020-12-17,TX-400,247,Supplier C,21,0.02,475,IL,4.31,0.56
2021-06-28,TX-400,72,Supplier C,15,0.086,1929,CA,2.48,0.76
2022-07-01,TX-300,202,Supplier B,26,0.006,4090,TX,4.25,0.89
2020-05-31,TX-300,272,Supplier B,27,0.09,309,NY,1.52,0.56
2023-03-27,TX-300,479,Supplier C,7,0.021,4227,TX,2.3,0.37
2021-10-14,TX-300,270,Supplier C,7,0.001,2191,NY,4.77,0.86
2022-08-15,TX-100,200,Supplier A,13,0.01,985,CA,3.35,0.23
2022-02-01,TX-100,315,Supplier D,0,0.088,3806,IL,2.42,0.02
2023-08-19,TX-500,122,Supplier A,6,0.007,4567,IL,3.78,0.05
2021-09-15,TX-100,418,Supplier C,1,0.036,1094,FL,3.59,0.58
2021-10-17,TX-100,126,Supplier B,14,0.025,2589,TX,4.35,0.89
2021-03-25,TX-300,81,Supplier B,26,0.004,2761,NY,1.83,0.56
2021-12-21,TX-300,418,Supplier C,23,0.053,3615,IL,5.19,0.41
2023-06-01,TX-400,484,Supplier D,27,0.1,4162,CA,1.76,0.58
2020-02-12,TX-300,474,Supplier E,17,0.085,4433,IL,3.54,0.67
2020-09-20,TX-400,114,Supplier E,3,0.017,1454,FL,4.7,0.76
2022-10-23,TX-400,498,Supplier A,17,0.088,2919,IL,3.05,0.35
2023-07-15,TX-100,406,Supplier D,28,0.045,4498,CA,5.6,0.39
2021-08-18,TX-300,473,Supplier E,22,0.027,2026,IL,4.9,0.02
2022-11-05,TX-100,67,Supplier D,4,0.064,328,NY,3.42,0.65
2023-09-19,TX-300,213,Supplier B,28,0.022,3311,NY,2.33,0.78
2022-12-18,TX-100,336,Supplier B,26,0.088,4010,IL,1.7,0.51
2022-10-09,TX-100,103,Supplier D,15,0.062,4249,CA,5.11,0.38
2020-06-25,TX-100,112,Supplier C,12,0.014,2739,CA,2.37,0.33
2020-03-03,TX-500,306,Supplier E,26,0.057,1394,IL,2.71,0.65
2022-08-15,TX-100,288,Supplier E,8,0.051,4325,CA,1.55,0.33
2022-09-29,TX-200,485,Supplier B,4,0.047,1648,NY,1.58,0.6
2021-07-14,TX-200,490,Supplier A,26,0.036,616,NY,2.54,0.93
2023-08-23,TX-200,58,Supplier E,7,0.047,3588,NY,5.43,0.33
2023-06-23,TX-400,169,Supplier B,17,0.059,3155,FL,5.01,0.07
2023-08-05,TX-100,397,Supplier B,2,0.073,4707,TX,4.96,0.87
2022-08-12,TX-200,139,Supplier D,5,0.092,3109,NY,5.22,0.27
2023-09-17,TX-400,421,Supplier D,10,0.004,2080,IL,2.34,0.99
2022-04-29,TX-200,361,Supplier D,22,0.057,324,FL,5.91,0.84
2023-07-02,TX-300,224,Supplier A,13,0.075,2350,IL,2.54,0.43
2021-08-26,TX-500,52,Supplier E,25,0.012,3002,CA,2.17,0.63
2021-08-28,TX-100,179,Supplier A,23,0.091,3081,TX,2.83,0.28
2022-04-09,TX-500,103,Supplier A,18,0.024,235,FL,3.89,0.08
2023-05-07,TX-500,342,Supplier D,6,0.083,3975,CA,2.06,0.53
2023-07-18,TX-300,233,Supplier B,23,0.066,1152,CA,4.82,0.42
2022-01-15,TX-300,464,Supplier C,9,0.056,1474,NY,3.17,0.97
2021-07-11,TX-300,402,Supplier B,14,0.087,3137,IL,4.06,0.6
2020-03-04,TX-400,273,Supplier B,5,0.097,1451,CA,4.8,0.75
2023-06-07,TX-200,61,Supplier B,19,0.1,4029,CA,5.56,0.14
2022-07-30,TX-100,491,Supplier B,28,0.068,1493,CA,5.19,0.72
2020-09-05,TX-300,244,Supplier A,5,0.034,470,TX,3.92,0.06
2023-06-23,TX-100,296,Supplier D,15,0.087,4833,FL,5.96,0.61
2022-07-28,TX-100,417,Supplier D,8,0.065,1759,NY,3.88,0.84
2020-06-05,TX-100,203,Supplier B,18,0.032,1021,FL,3.91,0.48
2022-01-04,TX-300,127,Supplier C,17,0.093,3543,CA,2.21,0.22
2022-09-11,TX-300,189,Supplier E,4,0.075,1376,TX,2.17,0.44
2023-01-16,TX-200,139,Supplier B,15,0.045,4042,CA,2.26,0.84
2023-08-29,TX-300,193,Supplier B,6,0.045,2586,IL,4.16,0.71
2022-12-25,TX-300,486,Supplier C,18,0.1,701,FL,3.37,0.61
2021-10-23,TX-100,121,Supplier A,4,0.037,2165,NY,3.24,0.69
2022-11-09,TX-200,482,Supplier B,19,0.009,318,TX,2.07,0.83
2020-02-02,TX-500,226,Supplier C,10,0.054,4707,FL,3.21,0.15
2021-07-11,TX-300,397,Supplier A,22,0.088,1301,CA,3.2,0.84
2020-03-13,TX-300,312,Supplier A,17,0.058,308,NY,4.29,0.81
2022-04-04,TX-500,320,Supplier B,27,0.079,1936,TX,3.25,0.48
2023-09-28,TX-100,154,Supplier A,26,0.005,3306,CA,3.38,0.4
2023-03-02,TX-200,469,Supplier B,28,0.067,310,CA,2.73,0.93
2022-12-14,TX-100,121,Supplier B,6,0.008,3838,FL,2.09,0.82
2020-03-01,TX-400,123,Supplier D,27,0.056,3723,CA,2.85,0.99
2020-09-28,TX-300,192,Supplier E,17,0.05,372,CA,1.69,0.64
2020-09-02,TX-400,111,Supplier E,2,0.095,1826,TX,2.42,0.03
2023-04-14,TX-300,195,Supplier D,4,0.013,3679,CA,2.96,0.15
2021-09-19,TX-400,95,Supplier B,22,0.001,2881,IL,2.16,0.82
2023-09-02,TX-500,278,Supplier C,12,0.014,601,IL,4.49,0.64
2021-12-05,TX-300,154,Supplier A,15,0.017,3925,NY,2.76,0.2
2021-10-23,TX-300,158,Supplier D,21,0.025,4044,IL,4.27,0.01
2023-02-28,TX-400,366,Supplier D,11,0.082,1973,IL,4.4,0.26
2023-01-30,TX-200,170,Supplier D,6,0.038,1209,FL,3.51,0.14
2020-11-05,TX-400,92,Supplier D,26,0.084,2327,IL,3.52,0.88
2023-08-08,TX-300,477,Supplier E,21,0.027,3164,CA,4.12,0.88
2021-05-09,TX-300,148,Supplier B,12,0.086,3251,FL,2.68,0.84
2023-10-16,TX-200,243,Supplier D,27,0.001,1449,IL,1.6,0.09
2020-12-03,TX-100,360,Supplier D,0,0.093,4950,CA,4.4,0.14
2021-08-01,TX-200,263,Supplier D,14,0.075,108,NY,4.24,0.14
2020-01-10,TX-100,278,Supplier C,20,0.041,3599,FL,3.64,0.26
2020-02-18,TX-300,472,Supplier C,11,0.058,4387,CA,5.44,0.07
2021-09-14,TX-500,438,Supplier A,16,0.093,1213,FL,3.79,0.98
2023-09-06,TX-500,234,Supplier B,22,0.058,3591,NY,2.87,0.86
2021-12-31,TX-400,161,Supplier D,19,0.023,3576,NY,4.71,0.07
2022-03-05,TX-200,448,Supplier A,4,0.057,4687,FL,5.83,0.14
2022-08-28,TX-200,396,Supplier A,16,0.087,776,CA,4.82,0.26
2020-05-12,TX-500,321,Supplier B,23,0.099,2872,TX,5.59,0.78
2020-03-23,TX-100,362,Supplier C,14,0.058,1483,FL,2.01,0.71
2020-02-26,TX-200,151,Supplier B,19,0.016,2342,TX,2.04,0.63
2021-01-10,TX-100,259,Supplier A,18,0.077,598,CA,2.2,0.91
2020-12-14,TX-100,276,Supplier B,0,0.1,1740,IL,4.66,0.04
2020-09-27,TX-100,330,Supplier C,3,0.047,1954,FL,3.25,0.16
2020-04-20,TX-100,71,Supplier A,2,0.038,4349,NY,3.65,0.19
2022-05-18,TX-400,297,Supplier B,7,0.055,1169,IL,2.68,0.06
2022-06-05,TX-400,208,Supplier D,8,0.016,4376,CA,4.81,0.62
2020-03-16,TX-500,428,Supplier D,11,0.097,1695,NY,5.3,0.21
2023-03-27,TX-400,278,Supplier B,4,0.084,3927,FL,2.22,0.48
2020-11-24,TX-200,467,Supplier B,8,0.011,4421,CA,2.37,0.69
2020-05-01,TX-400,392,Supplier C,0,0.095,3203,FL,3.03,0.6
2020-02-10,TX-200,449,Supplier A,22,0.094,446,IL,2.76,0.29
2023-04-05,TX-200,236,Supplier B,10,0.032,2322,FL,3.89,0.41
2022-07-10,TX-100,192,Supplier A,29,0.062,928,NY,4.89,0.34
2021-10-03,TX-500,387,Supplier D,6,0.011,1729,FL,5.07,0.85
2022-11-12,TX-100,407,Supplier A,21,0.008,3301,IL,2.44,0.42
2020-10-05,TX-100,446,Supplier E,19,0.05,1786,IL,2.29,0.06
2022-02-01,TX-400,73,Supplier C,28,0.005,4447,NY,3.14,0.62
2021-04-13,TX-400,190,Supplier C,26,0.087,1575,TX,2.16,0.2
2023-11-24,TX-200,498,Supplier A,24,0.093,1544,TX,1.91,0.34
2020-01-09,TX-400,289,Supplier C,13,0.007,2798,FL,2.59,0.33
