uuid,Date,Tractor_Model,Warehouse_Location,Supplier,Demand_Units,Backorder_Qty,Production_Plan_Qty,Inflation_Rate,Market_Trend_Index
be1dea3e-69df-b6b2-8851-a0877a072bab,2020-03-01,TX-200,TX,Supplier D,273,20,344,3.22,0.46
2826ef67-c9c8-95e8-484c-08c65c5d80e0,2022-09-03,TX-500,CA,Supplier B,397,32,511,4.26,0.95
b0a9f78c-8f82-1ed1-9a2f-da0289975806,2023-05-02,TX-100,NY,Supplier C,273,21,348,4.14,0.98
a9cfecae-4b27-2eb4-cbad-b843815ddeb4,2020-09-11,TX-200,FL,Supplier C,265,20,338,2.91,0.86
6909d398-28ca-e1e7-9949-8a40f096bbe1,2020-05-09,TX-300,TX,Supplier C,334,30,426,2.99,0.75
50b8fcc0-3e6b-fbc9-832d-11e3a331c18a,2022-09-20,TX-100,FL,Supplier B,295,31,385,4.26,0.66
e2d24fd2-d7a4-ad14-63d4-95e7cfe9c89c,2022-10-22,TX-300,FL,Supplier E,247,12,310,3.97,0.32
735015b7-44b8-ea48-3c58-6e4266c92e0c,2023-11-01,TX-300,FL,Supplier E,225,8,278,4.32,0.8
e5c42351-c768-07f1-9adb-71664ddba42a,2020-05-16,TX-500,TX,Supplier D,376,38,485,2.99,0.37
6f171c72-e6d8-dd85-3436-b38b9b785f41,2021-06-16,TX-200,TX,Supplier E,377,17,468,3.5,0.1
c100f4f5-3ed4-f720-da0e-0fde240069e6,2022-01-17,TX-100,FL,Supplier B,204,14,261,3.7,0.17
01f5407c-a339-2bec-4a31-7d73b5066ff7,2023-12-20,TX-500,IL,Supplier C,224,18,288,4.33,0.66
5938c881-30b1-3854-feb7-2c1581f5f85a,2021-11-17,TX-400,CA,Supplier D,268,19,334,3.9,0.21
eac17d16-7360-2a76-97ae-56e2d5b6fbd8,2023-06-16,TX-300,CA,Supplier C,324,18,399,4.27,0.58
cc567c39-af22-5ae7-6743-8cf441956daa,2020-04-11,TX-500,FL,Supplier B,292,27,373,3.56,0.9
36f775a4-65ef-180f-f517-08cb200260c1,2022-08-24,TX-400,NY,Supplier E,266,24,346,4.49,0.68
ad6c6ce1-d5e7-ddd2-c094-74431fdda7a6,2020-11-02,TX-100,TX,Supplier E,218,17,279,3.1,0.76
0244a9d8-a0f3-105d-b2db-51993aeda2c4,2021-09-09,TX-100,NY,Supplier B,219,21,283,3.71,1.0
fbfbd52d-52f3-39b4-14d0-58eb388d0b07,2023-10-30,TX-100,NY,Supplier A,226,19,291,4.1,0.63
4ab3442f-a9b5-696a-d44c-4d59987542e8,2023-05-31,TX-200,NY,Supplier A,356,19,450,4.14,0.09
378d00a4-3a3c-c8de-6595-3867f0e6a1d9,2022-05-14,TX-100,TX,Supplier E,287,14,355,3.99,0.98
8508ef14-cbe0-9c0a-cb2e-ad43af41814c,2023-06-16,TX-100,IL,Supplier A,359,22,459,4.27,0.58
2142eeac-30f0-7d9d-8046-86b728ca4722,2022-12-08,TX-400,NY,Supplier B,215,16,276,4.43,0.83
08ff8528-3a40-ef29-70fa-05a3f53ab323,2020-08-19,TX-500,FL,Supplier C,389,26,492,2.82,0.18
6680806d-991b-4432-406a-51d609c2d1bb,2022-02-17,TX-200,FL,Supplier D,267,25,345,3.6,0.87
c8a12339-d844-28b1-56a6-bab9c9113f4e,2022-03-28,TX-100,CA,Supplier B,274,16,347,3.78,0.8
a5006d48-d098-54fb-793b-8fa4d182fb9a,2021-03-12,TX-200,IL,Supplier E,272,15,341,3.96,0.47
2380a5c2-516b-16c3-4d37-379575c1e398,2021-12-01,TX-500,CA,Supplier E,278,26,361,3.84,0.26
d64fc1f8-bd3c-d3a5-8c3b-4915a1631fe4,2021-02-14,TX-100,CA,Supplier D,225,16,282,3.82,0.57
3ecd6aa8-95d1-5373-ca3d-9777f389da30,2020-09-22,TX-400,IL,Supplier D,235,26,309,2.91,0.33
41f7aaf8-5a12-27c8-1e3d-b01056233d66,2021-05-08,TX-100,NY,Supplier B,246,17,314,3.79,0.99
70f59e88-11ed-be94-5902-5c6f38d29292,2020-01-16,TX-300,TX,Supplier B,209,17,266,3.17,0.55
64566822-ce6a-7565-1ed3-43f9dc4c075e,2020-08-15,TX-200,FL,Supplier C,313,22,401,2.82,0.5
85142baa-18e1-d413-6cd5-ba4e1f8731cc,2022-06-16,TX-100,NY,Supplier B,293,20,371,4.1,0.85
74253fdb-709c-ce10-fae1-78b835267e18,2020-12-22,TX-200,FL,Supplier E,206,12,260,3.4,0.28
d426061f-a715-db5a-35f7-49333bb922f0,2020-12-11,TX-100,FL,Supplier B,191,14,244,3.4,0.45
ac18aff0-9f72-f39a-deb9-036da2e2ac3c,2021-03-22,TX-400,FL,Supplier B,264,18,336,3.96,0.43
79fac9fd-aac5-be16-18fc-d9da7474fe26,2022-12-24,TX-500,TX,Supplier C,222,25,292,4.43,0.05
6ccf41ba-fae8-aad5-e002-e291c7966621,2022-01-07,TX-100,FL,Supplier D,218,27,293,3.7,0.32
6bd7ee88-6fb0-3286-9f34-e04b535909c4,2021-01-31,TX-200,CA,Supplier B,254,15,321,3.45,0.98
551e3f57-b6dd-30ab-c2ce-51509a40694f,2022-10-21,TX-300,NY,Supplier A,247,20,317,3.97,0.85
86d8bda9-962c-e4a9-2670-3c39cb030df3,2021-04-21,TX-200,IL,Supplier E,283,18,354,3.68,0.96
60de5cfc-f9b4-c74a-420e-d9109991e496,2022-09-14,TX-200,CA,Supplier A,373,26,473,4.26,0.41
0d20dac5-6c77-32a7-90cd-230c9b48a3ba,2021-12-08,TX-300,FL,Supplier A,219,22,282,3.84,0.93
26cc3e07-2289-7f6b-14fb-4aa6304f88b8,2021-02-23,TX-400,NY,Supplier B,205,11,255,3.82,0.51
0fd9d662-cf48-2ed6-230f-d32ab4004ed6,2020-08-23,TX-200,NY,Supplier C,271,24,354,2.82,0.42
5a101193-c0dd-b122-9844-b858c5654567,2023-12-18,TX-100,CA,Supplier B,213,11,264,4.33,0.63
af890db9-c814-95eb-45b1-f7cbe4ea48a0,2023-06-17,TX-500,FL,Supplier D,441,31,555,4.27,0.0
d70f2454-8d0b-b96e-504e-8041ebe52cdb,2023-05-10,TX-500,IL,Supplier B,376,29,481,4.14,0.32
a5bd099b-3a83-38c9-4efc-73e7bd06240d,2023-10-04,TX-500,IL,Supplier D,334,24,424,4.1,0.46
a34efa15-aa1a-e7ca-fb23-67df96f94f2a,2021-02-12,TX-500,IL,Supplier B,249,20,322,3.82,0.78
14fd7df0-6b97-ae76-90c0-900059982aba,2020-12-20,TX-200,CA,Supplier A,225,13,280,3.4,1.0
5da9b36b-8ef3-9599-d8ab-d3c4722e0679,2020-08-29,TX-300,IL,Supplier A,291,19,364,2.82,0.05
32b35add-7c27-e68a-bf71-84ee399954be,2022-01-13,TX-400,IL,Supplier D,179,10,227,3.7,0.08
e35935c0-7e8d-4888-c099-c2de9746a013,2022-04-17,TX-400,NY,Supplier D,291,21,367,3.88,0.13
b84601ce-7227-9480-a56c-8de3f570717c,2020-07-17,TX-200,TX,Supplier C,314,26,404,2.82,0.37
bcf05952-69f5-07ab-73af-8486c06d14cf,2021-12-15,TX-400,TX,Supplier B,259,14,334,3.84,0.92
d7d73117-1bec-87eb-caa7-9c47fb54ec36,2023-08-18,TX-200,CA,Supplier A,339,32,443,4.06,0.08
d492c146-4f14-e6bc-a597-e3e107dd65f3,2022-05-27,TX-500,CA,Supplier C,399,41,517,3.99,0.85
99f689d5-80fc-5c2e-d6bb-47518b0921be,2020-05-08,TX-300,FL,Supplier E,266,17,341,2.99,0.89
56ba6f08-1b13-ed42-dc1e-654544b7d8b8,2022-12-22,TX-400,FL,Supplier B,236,22,308,4.43,0.46
cb59d26a-5bde-1fd3-5d53-fe4cb36f5273,2020-07-03,TX-200,CA,Supplier B,382,25,485,2.82,0.93
9a96b16e-fb54-4f07-8547-5c92484ecf99,2020-04-13,TX-100,TX,Supplier D,272,29,352,3.56,0.55
d0835ab4-f08a-532f-341a-b995809773fa,2023-11-30,TX-300,NY,Supplier C,179,15,227,4.32,0.48
e1c1a1e3-1a6a-1b75-c7c6-a01b367d8882,2021-03-20,TX-500,NY,Supplier C,230,22,295,3.96,0.79
fade641b-1974-d076-11ff-0ffb4fd07f67,2021-03-07,TX-300,IL,Supplier D,235,25,310,3.96,0.22
a8a24b17-b4ae-a7c8-0c55-866918cca5b4,2022-01-12,TX-200,TX,Supplier B,232,21,298,3.7,0.32
0af1334a-8e8f-fb0d-7fee-ad026ea91247,2020-04-07,TX-500,CA,Supplier D,306,34,400,3.56,0.52
88d8d607-ef75-5e71-7b8c-5f41eb2eb7c8,2023-02-28,TX-100,TX,Supplier A,219,11,277,4.02,0.03
79fd8c36-23d1-f6e2-ee62-362db1de3784,2022-11-13,TX-300,IL,Supplier A,207,12,258,4.13,0.82
191d9dda-af18-0ad0-cb08-9ce648c0bf96,2020-12-09,TX-500,TX,Supplier E,224,15,282,3.4,0.69
e4750042-d8e7-ca27-7f0e-564d0c3ddcf0,2022-08-01,TX-100,TX,Supplier C,285,24,366,4.49,0.21
28d7b1f0-87a1-040b-64ac-ea39063052c9,2021-02-12,TX-400,NY,Supplier A,241,14,306,3.82,0.78
8f2dcf24-4644-01cc-f672-d753dddd9b97,2023-06-29,TX-500,NY,Supplier D,311,29,397,4.27,0.88
4ece16b6-7b94-01a7-fa93-dca035830ef4,2021-05-20,TX-500,CA,Supplier E,459,23,581,3.79,0.23
b131aa5d-70ad-4d2d-fc81-9d186977c114,2020-06-09,TX-500,NY,Supplier B,296,24,380,2.68,0.69
7e75c295-3653-88f9-413c-311e03db41da,2023-03-31,TX-500,CA,Supplier E,307,11,380,3.74,0.1
8e61a5fd-43f7-b82d-d095-64cc13ee1524,2023-10-14,TX-300,IL,Supplier B,224,15,279,4.1,0.04
7d8881c2-6b7d-7c27-7a07-db8e14372080,2021-06-27,TX-400,NY,Supplier C,275,21,353,3.5,0.6
cc6db11b-3da5-b7ff-cbaf-96d61856276d,2022-07-30,TX-400,IL,Supplier D,304,20,383,4.71,0.75
e4df3ada-a4cd-2112-7f8c-20e50618f7aa,2021-01-22,TX-500,IL,Supplier A,224,17,287,3.45,0.5
69095d00-4f19-a1cc-862a-1b6938447d86,2020-07-26,TX-200,NY,Supplier D,272,16,340,2.82,0.11
5814a37e-55ad-d8d9-2f69-a072c07a303c,2021-10-24,TX-400,TX,Supplier E,245,15,306,3.51,0.81
78b72eb8-4c99-7b47-7730-991911e4435b,2023-08-06,TX-500,TX,Supplier C,382,26,482,4.06,0.04
4ca01bb1-53f1-f344-5192-244685bfe198,2020-10-05,TX-300,TX,Supplier A,290,22,366,2.74,0.63
cab445c0-c6d9-63db-f2e8-2c38bc554539,2022-05-18,TX-100,IL,Supplier B,275,22,351,3.99,0.3
29c384de-6a80-8784-80c4-495939a27e45,2020-02-15,TX-500,NY,Supplier A,227,17,292,2.91,0.63
aeee446a-fe2e-d741-cdab-165d6f18c7ac,2022-02-12,TX-500,IL,Supplier A,268,10,336,3.6,0.66
3a047fb9-d2be-8534-5ec3-815a9d21c873,2021-08-22,TX-200,CA,Supplier E,350,20,436,3.77,0.03
17fdfa50-f844-bfec-7576-b16761c40a8a,2022-08-09,TX-500,NY,Supplier B,299,10,366,4.49,0.46
d7118fcb-9a3b-868f-2e8f-a1a358666ae0,2020-05-12,TX-500,NY,Supplier C,326,28,417,2.99,0.52
953a6f6a-a84d-0a2b-3eb0-673b30b2b262,2022-08-18,TX-400,TX,Supplier D,343,31,438,4.49,0.66
1ead7033-c77d-caea-907c-175e053b6b2e,2021-12-08,TX-400,IL,Supplier D,191,17,249,3.84,0.93
d1c7d372-5a4b-ecf7-e0b8-ecd874b3c9b3,2020-01-11,TX-400,TX,Supplier B,199,10,250,3.17,0.67
1af13462-27ca-e2c7-bcd1-bf9915100dc0,2020-01-23,TX-400,CA,Supplier A,218,17,276,3.17,0.85
c6a2935b-6506-3750-3ec2-26d430928468,2020-02-26,TX-100,NY,Supplier A,177,12,222,2.91,0.45
be30f1bf-caf5-0a2d-a555-08969dff0a4b,2022-07-15,TX-200,FL,Supplier A,350,24,437,4.71,0.47
f895eb9b-d0a4-2964-eed8-e291972e379f,2021-04-19,TX-200,TX,Supplier D,328,18,413,3.68,0.12
ab3589f9-12fe-50a6-c3a5-cc2a1acb4aa6,2020-01-13,TX-100,TX,Supplier B,229,19,292,3.17,0.57
ccdf8de0-da30-8886-ed6f-417ed6e323c9,2023-08-06,TX-400,CA,Supplier B,379,25,479,4.06,0.04
6a8e33b3-3e4d-7cbc-385e-7fc707f75194,2021-11-13,TX-300,CA,Supplier B,259,17,328,3.9,0.11
0a4ffc3c-a51e-77f8-2922-172c9516fe75,2023-09-16,TX-100,TX,Supplier B,256,20,326,4.06,0.19
6b371077-7fcc-fb28-edbc-c88e2ff73040,2023-11-13,TX-200,FL,Supplier A,254,13,314,4.32,0.18
2739e7e6-5e91-156a-1f86-a92b159082da,2023-11-20,TX-500,IL,Supplier E,276,20,350,4.32,0.17
effbdb08-0737-eec0-1ca4-94cb775b0d4d,2020-02-01,TX-400,IL,Supplier A,228,20,293,2.91,0.41
2bf84f1d-1631-cea9-984c-79d0ac048bb2,2021-10-24,TX-500,TX,Supplier D,274,18,346,3.51,0.81
97c3e962-9830-020b-745e-ff77950467b2,2020-08-29,TX-200,NY,Supplier D,291,25,375,2.82,0.05
e5002bac-e21f-be1f-5cca-fae5de6233d1,2021-10-08,TX-400,CA,Supplier D,310,38,408,3.51,0.74
c3ed967c-5c5e-7486-313a-23033509a503,2022-10-13,TX-300,FL,Supplier E,231,17,292,3.97,0.4
a2300909-6a39-a397-32e0-57081e83ef63,2020-05-30,TX-200,NY,Supplier E,327,15,398,2.99,0.78
1eeec378-13d5-e203-cec7-032be35f0ad7,2020-10-21,TX-100,CA,Supplier A,259,14,320,2.74,0.78
aba17718-7757-c813-bf4b-721211df9cf4,2022-08-16,TX-400,TX,Supplier A,327,23,421,4.49,0.73
c443ef27-1955-e181-8819-53ce0daacb3f,2022-11-15,TX-300,FL,Supplier B,253,28,330,4.13,0.17
13924625-7c1f-d6b4-e330-5032a52ce704,2023-02-21,TX-100,IL,Supplier B,232,17,294,4.02,0.66
f640a0d8-4d3f-f818-a609-bfad5e07cc14,2021-03-06,TX-200,CA,Supplier A,257,15,326,3.96,0.41
8edf3004-7be7-fe50-b018-38bbdb198823,2020-04-13,TX-400,IL,Supplier B,285,11,347,3.56,0.55
b8223d6c-5f44-fbff-9f5d-913655572a4d,2023-02-12,TX-200,IL,Supplier A,247,24,324,4.02,0.14
ea52fe48-4249-e26a-69ec-8e317d5bfb82,2022-08-20,TX-100,FL,Supplier C,344,31,441,4.49,0.47
710d142c-b7b9-962a-1652-bdeac77d8551,2021-11-22,TX-500,CA,Supplier E,290,21,370,3.9,0.11
f818b3de-1b9d-7b9f-25bf-198988696703,2023-11-11,TX-300,TX,Supplier A,266,15,337,4.32,0.77
338112d2-6a22-6463-5289-c6de10604742,2023-10-21,TX-100,CA,Supplier D,230,19,295,4.1,0.98
98425e4d-882d-190a-6d5e-b4e483588a48,2021-08-25,TX-200,FL,Supplier C,304,15,382,3.77,0.67
89db8b3b-389b-cd10-316c-74c82ff3857b,2022-04-19,TX-100,TX,Supplier A,271,15,335,3.88,0.68
a8dbd407-45fb-b1e4-1382-5e5d66e96dfd,2022-02-05,TX-200,IL,Supplier E,231,14,288,3.6,0.88
7e942a68-89d8-bdb5-d154-55a1fbaa74fd,2020-05-16,TX-400,NY,Supplier A,303,24,392,2.99,0.37
723cd4a9-851d-4a9b-12ca-147df6b482a1,2020-12-24,TX-300,CA,Supplier A,204,9,254,3.4,0.11
53bce9d7-2dcd-338a-fd9b-44a463d9a73b,2023-02-06,TX-100,CA,Supplier E,210,9,259,4.02,0.09
7df9f813-0156-cb26-6bce-c551ec5c2545,2023-01-06,TX-500,FL,Supplier B,253,17,322,4.33,0.88
3943cfcf-b9c7-c214-52d5-793fb6a67fc2,2021-09-25,TX-300,FL,Supplier D,247,23,322,3.71,0.45
67a1908a-982e-96e8-372d-e8af41d3d48f,2021-12-23,TX-300,NY,Supplier C,160,13,207,3.84,0.59
189bd21b-14e0-b42e-9686-1917964703a0,2023-02-14,TX-300,CA,Supplier E,255,11,318,4.02,0.45
8604f7d1-e694-11e8-b2a3-a3bf1d8d2860,2022-10-19,TX-500,NY,Supplier A,274,17,343,3.97,0.44
42ab870a-9b00-1d64-e59f-0cfedb1b51ab,2022-01-14,TX-200,FL,Supplier D,196,19,255,3.7,0.03
96692786-fb57-3198-19e7-72bc457a255f,2023-07-29,TX-200,TX,Supplier E,398,33,512,4.02,0.02
b0a31a55-1ef2-1c9e-0f5a-fe4bbe2bcd77,2023-02-20,TX-500,TX,Supplier E,285,12,353,4.02,0.22
fe5eb1d8-df0f-a48b-9b65-0ba9892e1883,2022-10-10,TX-400,FL,Supplier E,266,18,334,3.97,0.63
ba4042ea-5bcd-37ae-37e4-56fc3354c7fd,2023-11-01,TX-400,NY,Supplier B,263,24,338,4.32,0.8
b72ff738-8991-d2f9-9d2e-a786cc2e0652,2022-11-11,TX-400,NY,Supplier D,189,9,237,4.13,0.41
84f98dfe-2a00-51e9-f91f-7fbf890e7921,2021-11-30,TX-300,TX,Supplier B,189,17,242,3.9,0.84
be944af2-82cb-e398-9d30-48ea8bee0b3d,2021-02-03,TX-200,TX,Supplier D,206,19,262,3.82,0.62
57e91e35-09ae-1b27-1079-55e7f5c23d0a,2023-08-26,TX-500,FL,Supplier D,315,24,410,4.06,0.99
0e2aacdb-18b7-173a-9cda-f73f4c236556,2020-08-07,TX-200,CA,Supplier E,393,19,495,2.82,0.02
8fa5b8f0-52ae-18dc-7106-fc14faae9a08,2022-08-13,TX-400,TX,Supplier E,389,15,471,4.49,0.39
5b4ec723-18e8-0108-724b-a86fab3cdb3a,2022-11-03,TX-100,TX,Supplier D,203,15,255,4.13,0.76
aced8211-03d2-f7c7-c4a5-2783917a0263,2022-12-11,TX-300,NY,Supplier A,166,14,211,4.43,0.55
3ae37c3c-7ef5-e64e-7b4b-3e30cc7a5a5d,2023-01-25,TX-500,FL,Supplier C,278,19,352,4.33,0.39
723b892d-fea9-94cb-6a14-3a02cc5f6292,2020-07-01,TX-400,TX,Supplier D,372,25,469,2.82,0.97
69cdb235-5649-102c-4766-ab09dbe69c11,2021-10-09,TX-500,IL,Supplier B,249,22,318,3.51,0.59
69eaa481-3057-c95e-2779-542b71c62259,2020-12-16,TX-200,CA,Supplier D,244,16,308,3.4,0.3
c7ed7c37-996f-1353-d580-1edc0ebbd223,2020-12-24,TX-300,TX,Supplier D,192,19,250,3.4,0.11
1b59f235-744c-8d8f-c875-8d5dc731f134,2021-07-12,TX-500,CA,Supplier C,407,36,524,3.79,0.73
7c969a13-9212-1ded-b291-a10ff2444cb9,2020-03-18,TX-500,FL,Supplier C,299,31,390,3.22,0.14
a45e7615-a9f3-5fac-c283-9b4c2ff0d8ee,2022-07-26,TX-100,FL,Supplier B,295,20,370,4.71,0.05
1889d973-f54f-e568-5a22-d4307be50272,2021-05-17,TX-400,CA,Supplier E,353,12,438,3.79,0.18
cf99af5c-0a91-222e-4958-e2f391c1c884,2023-05-16,TX-400,FL,Supplier C,352,30,451,4.14,0.41
76adf49b-4ceb-aec6-2e62-0084e420d09c,2020-10-23,TX-200,TX,Supplier E,291,20,369,2.74,0.95
8e2ec8ea-e9bd-cf81-a523-6f684a3cfe9c,2023-02-15,TX-100,IL,Supplier B,224,11,279,4.02,0.39
b583d0a4-522f-9067-6628-fdd188065790,2023-11-11,TX-300,IL,Supplier E,224,24,289,4.32,0.77
836eea9a-ca8c-58c6-3792-6f7e236a5a31,2020-08-04,TX-100,CA,Supplier A,355,27,455,2.82,0.28
f2ba032f-c327-505d-74c2-199f2aebafb0,2020-06-10,TX-100,FL,Supplier D,304,20,384,2.68,0.58
f9aea893-1b01-07c6-3fa8-2a5b8ed8981a,2020-12-19,TX-200,TX,Supplier B,233,19,295,3.4,0.11
21807150-51bf-244e-25fc-22ecd568b8ef,2022-10-13,TX-500,TX,Supplier D,295,19,370,3.97,0.4
c5b97fe2-ed17-5b3d-0e27-e7752f6c3dc7,2021-12-24,TX-200,NY,Supplier D,183,13,232,3.84,0.85
3e7edb6d-6eca-d5a3-503a-b0407542a966,2023-12-23,TX-400,IL,Supplier D,232,20,301,4.33,0.37
b6336165-0ecf-d97e-160f-af950480d066,2023-07-05,TX-300,FL,Supplier B,338,28,438,4.02,0.5
34b157b4-b96c-3cdd-84fe-c89abe8c5e89,2021-02-02,TX-100,TX,Supplier D,240,24,311,3.82,0.05
b6d75247-4e6f-b327-45d3-16dedf4bc5b7,2020-02-24,TX-300,TX,Supplier D,210,17,269,2.91,0.78
921d7d89-d9aa-c453-9d8b-a235ad17ac92,2022-05-18,TX-200,IL,Supplier E,357,14,444,3.99,0.3
e7ee0af6-fd75-b94a-23f7-d712ff6dc559,2023-05-14,TX-200,IL,Supplier A,351,22,441,4.14,0.59
439583b7-c89a-77be-3581-a18f30717939,2023-01-21,TX-100,NY,Supplier B,181,18,239,4.33,0.82
4d78ed35-a985-0782-a89a-27b0e15b4166,2023-07-26,TX-500,TX,Supplier A,357,22,455,4.02,0.28
e2bb1380-3654-5e4d-dcc5-a28ed149b3e6,2023-09-15,TX-300,CA,Supplier D,367,44,491,4.06,0.31
038973c6-35f2-16da-79a0-f93dea870cac,2022-07-12,TX-200,TX,Supplier E,381,21,481,4.71,0.92
a7b94374-cf67-2aae-190a-9dda2bab6e76,2022-06-24,TX-200,FL,Supplier E,356,14,446,4.1,0.89
cb0b801e-4e3e-9dfa-67b9-de6cc3e5a5d0,2021-09-03,TX-300,TX,Supplier E,300,13,374,3.71,0.89
c772fabd-c2f7-c067-20b6-968ab65b0a1b,2020-10-08,TX-500,FL,Supplier C,303,20,378,2.74,0.2
a8fcbca2-0331-c16c-7b80-0152e0e3065b,2020-04-03,TX-400,IL,Supplier B,252,22,323,3.56,0.57
2564a44f-8301-8526-bf5a-55eb3d753cce,2022-10-31,TX-400,NY,Supplier B,199,11,247,3.97,0.98
2e70c2ef-eb9e-9dbb-dc72-913cb3555f9c,2022-02-11,TX-500,TX,Supplier D,235,15,297,3.6,0.29
6122fd65-dc43-a1f9-4aa6-0ff6aa9d3c30,2022-09-23,TX-200,CA,Supplier A,302,21,392,4.26,0.2
d269c693-9ac6-5f32-c80a-49460a6b876b,2020-06-24,TX-400,IL,Supplier E,337,9,410,2.68,0.92
012205db-b093-918e-a6a3-da6415eb09fc,2022-01-11,TX-300,CA,Supplier A,237,16,305,3.7,0.41
a49e11ab-bdc8-45f1-d320-06c6fa63143d,2020-08-23,TX-400,IL,Supplier A,330,22,422,2.82,0.42
7250eaa6-2e5e-b233-7614-d01d198f1dcc,2022-11-09,TX-300,NY,Supplier D,195,15,248,4.13,0.26
5d54aaa9-e1b6-0d1b-8015-375bf154bb6b,2020-03-05,TX-500,CA,Supplier D,257,22,328,3.22,0.18
024ba58f-69e0-7de0-597c-946bd25a59d8,2020-04-10,TX-400,TX,Supplier D,313,16,392,3.56,0.83
c868857d-7f31-6ccb-2020-fab1719de1c9,2020-11-10,TX-400,FL,Supplier C,234,18,297,3.1,0.66
0a403a27-f853-7609-cdba-c3a4c8e7153b,2021-06-16,TX-300,TX,Supplier C,334,25,430,3.5,0.1
5a52c5d0-eeb6-3091-f57f-42aa57c94f13,2023-08-18,TX-400,NY,Supplier A,349,30,450,4.06,0.08
41b38649-7980-4657-8fec-ab3b53441045,2022-10-10,TX-200,IL,Supplier A,223,13,280,3.97,0.63
c207fc81-d1f5-0f15-c12d-db8f533b416c,2023-08-15,TX-200,TX,Supplier D,379,38,488,4.06,0.4
8ba2e267-da06-1e16-434f-1c1a47617747,2020-06-12,TX-400,FL,Supplier C,326,24,416,2.68,0.8
36dca3ab-bd73-dd44-e14d-e52d7545af92,2023-06-22,TX-500,FL,Supplier C,447,38,570,4.27,0.74
597e713b-4ce0-3701-dae1-f2cf47ea7056,2023-02-26,TX-200,CA,Supplier D,285,28,369,4.02,0.83
f706dcd2-f630-5ad2-cd9d-c5380b872aba,2021-10-25,TX-300,FL,Supplier D,256,17,325,3.51,0.9
77d32e09-b42a-9e55-12a8-8e8aec4cdf0c,2020-10-04,TX-400,NY,Supplier D,253,19,323,2.74,0.53
9dd2d8fd-857c-23aa-3ef9-c334830d3909,2021-02-25,TX-500,IL,Supplier C,278,17,347,3.82,0.47
879dfbef-c294-209a-6387-43e12acbf6c5,2021-11-25,TX-500,NY,Supplier C,218,15,275,3.9,0.51
ad4dcf2e-bfd7-bea3-fc8b-60fa36f7b3d8,2020-10-23,TX-300,TX,Supplier A,254,14,318,2.74,0.95
ceec2770-f414-9750-4fd4-304aee9131e2,2020-01-23,TX-200,IL,Supplier A,223,12,284,3.17,0.85
282c75b6-5a65-3a31-9598-632d926c6a06,2020-11-10,TX-400,CA,Supplier E,268,17,334,3.1,0.66
4f9abc5d-867a-93c1-4a17-f5ee9f8b1ef2,2023-02-28,TX-500,IL,Supplier A,266,19,341,4.02,0.03
90727879-4d93-db20-27b3-c5b1c3ad88b3,2022-05-04,TX-400,IL,Supplier B,303,22,385,3.99,0.96
5e28ad4a-2b0f-d07b-41e9-7902f6b817ab,2022-05-03,TX-400,NY,Supplier D,317,35,417,3.99,0.48
23491bbc-b2b0-cf27-fe31-cd0d32a1c7da,2023-09-11,TX-400,CA,Supplier C,358,34,468,4.06,0.4
e9bcd7da-59e0-20a7-8609-da83faca5d67,2020-10-09,TX-300,NY,Supplier E,230,17,294,2.74,0.69
71d3508d-8bd8-2a9e-2ce2-2d6497dce880,2022-02-21,TX-500,TX,Supplier D,249,16,317,3.6,0.4
b3589355-bd93-4eaf-e6a3-c08ba1c877de,2020-04-16,TX-300,NY,Supplier E,219,8,268,3.56,0.28
cbf106e3-b3ca-a4f6-7da4-e193db6727db,2022-03-28,TX-500,TX,Supplier D,277,24,353,3.78,0.8
d53a562b-995e-128d-b9bc-db730705e4c4,2023-10-28,TX-200,CA,Supplier E,281,9,343,4.1,0.91
b39344cb-18af-7cfe-c511-c578d2467e52,2023-06-19,TX-300,IL,Supplier D,309,25,395,4.27,0.68
41c094af-cf0c-a7a6-db4d-b35d5fe2d636,2022-09-14,TX-500,IL,Supplier B,361,16,442,4.26,0.41
5cefe8dd-2d6b-a763-2823-d4df0fbf65a5,2020-06-11,TX-200,TX,Supplier A,388,41,503,2.68,0.2
3923df09-fb5a-852d-153f-0766c4c2c282,2020-12-24,TX-400,IL,Supplier A,205,16,259,3.4,0.11
10779d72-dcce-b6cd-b571-4cba3ccd24c8,2022-01-12,TX-300,IL,Supplier E,191,10,238,3.7,0.32
11e413bc-fd7c-bb3f-8996-7a466358296f,2021-11-27,TX-100,IL,Supplier A,213,17,272,3.9,0.33
6ddba8e5-80f3-63bb-81d1-52e6243b3644,2022-10-18,TX-200,NY,Supplier B,249,18,316,3.97,0.61
8061ccfa-ca6d-8290-9ce9-78ae81de21c6,2022-12-28,TX-400,NY,Supplier B,179,10,225,4.43,0.83
b73041e8-0ef2-731e-5ec7-107c9a9abb36,2020-05-01,TX-100,TX,Supplier A,312,19,395,2.99,0.52
15ecb9a6-2683-ca6c-d0f2-caf3cbaa2056,2020-04-15,TX-100,CA,Supplier C,316,28,414,3.56,0.67
f877860f-d0ff-3776-9c9c-bbd3cdddfb33,2021-03-03,TX-100,IL,Supplier E,218,10,277,3.96,0.61
7bf18387-1a79-f7c7-10c7-a503bfa76456,2020-02-23,TX-500,FL,Supplier B,282,23,359,2.91,0.97
5cd778d2-876d-72af-e980-6ba0388f7ffd,2023-03-03,TX-300,IL,Supplier E,242,21,308,3.74,0.49
8f6a4a41-8559-9c2b-ba2f-328335193ea5,2020-12-31,TX-500,CA,Supplier E,253,10,317,3.4,0.24
43c8c5aa-8618-c900-64e7-5f6cf7c1c772,2023-08-08,TX-200,TX,Supplier B,384,37,499,4.06,0.52
71563489-f52a-11ac-c131-efd37ffd7955,2022-12-02,TX-200,TX,Supplier A,224,14,285,4.43,0.14
79a66ea2-ae6f-6da2-2329-2d64b0cc4a61,2020-02-24,TX-500,FL,Supplier E,247,9,304,2.91,0.78
e7421664-7739-17a8-f66b-4ae2cec19d87,2020-08-23,TX-100,CA,Supplier A,291,24,371,2.82,0.42
4d9ef6cb-c4c0-2531-31e6-9206185b2e78,2023-11-11,TX-200,NY,Supplier B,216,19,286,4.32,0.77
e9896f39-bf60-ee2a-6147-f466914ffa59,2022-12-05,TX-200,NY,Supplier A,180,12,228,4.43,0.88
491470a4-6f3f-d217-cc69-632a962ba736,2022-02-15,TX-500,IL,Supplier A,279,18,354,3.6,0.6
366e4724-0a9d-1f92-8022-c25abe8d532b,2023-02-22,TX-100,CA,Supplier B,283,27,369,4.02,0.29
92596802-b87b-c932-db88-19f5bd25899d,2020-03-07,TX-400,IL,Supplier B,220,24,292,3.22,0.76
57453d70-c596-3174-04ef-9b33440e9ce9,2023-06-30,TX-200,CA,Supplier D,360,26,455,4.27,0.37
0d934021-aa13-b065-16dc-531bdda820c7,2023-08-30,TX-500,TX,Supplier B,426,35,542,4.06,0.3
88cf1e67-2122-b119-2dac-0f39c6cf206c,2020-01-07,TX-500,TX,Supplier C,263,23,335,3.17,0.46
57de69e1-f7db-7bcf-dcd0-8d006f501862,2022-08-01,TX-300,IL,Supplier E,330,24,420,4.49,0.21
364ac598-b229-5469-7efc-d5f7e20b38f9,2022-04-22,TX-200,NY,Supplier C,310,25,397,3.88,0.24
62c1fa4a-38d4-c6b9-4a22-fa3ae00bedf7,2021-07-15,TX-300,TX,Supplier A,316,18,403,3.79,0.65
80e68c02-f104-8ac3-1ea7-5ec4c6563d11,2020-09-17,TX-400,TX,Supplier B,350,24,443,2.91,0.48
572d8e4a-105b-2e53-077b-0f6b106ada84,2021-05-22,TX-200,CA,Supplier E,310,17,385,3.79,0.49
3cd8420d-3240-b2ac-a6e3-8f53061c6781,2022-08-28,TX-400,NY,Supplier E,302,19,381,4.49,0.89
3d715a7d-9ce8-e2a3-53d0-011ab43f44d8,2023-04-24,TX-100,FL,Supplier A,249,15,315,3.94,1.0
760501ed-0fc9-d7e4-0db9-9e201c6530d4,2022-09-02,TX-300,NY,Supplier E,273,13,341,4.26,0.3
3def59d2-801d-8f90-a4ba-b876f927f081,2020-05-10,TX-500,TX,Supplier E,388,24,497,2.99,0.89
0ebd16c7-a2c2-9f73-419b-134e9cbb6345,2020-11-12,TX-400,FL,Supplier E,207,11,257,3.1,0.77
3ae11349-83c4-53fe-bd69-04dbe83accaa,2020-01-25,TX-400,CA,Supplier B,253,7,313,3.17,0.06
20eb6d4b-9f2f-4be0-c0a4-b3bc7f03228e,2020-11-08,TX-300,IL,Supplier D,190,17,244,3.1,0.12
4b76c34f-7829-2a71-595a-93f16c58f61f,2021-05-11,TX-400,FL,Supplier E,317,18,402,3.79,0.39
ba24c928-ecb9-81da-cd4e-8944bd54d820,2020-09-01,TX-400,IL,Supplier E,253,19,321,2.91,0.84
0e0c3292-688a-f4c7-d60d-bb68a568563a,2021-06-02,TX-100,NY,Supplier C,244,16,314,3.5,0.37
7b94c832-5c63-ba0c-0ba2-f00dddbebfa2,2021-01-19,TX-500,TX,Supplier D,275,20,346,3.45,0.04
c498e716-b271-c0fa-c715-036bc2eddac1,2021-07-18,TX-300,CA,Supplier C,355,22,438,3.79,0.29
a558190e-4cc3-7a4e-df64-a63326de645f,2021-09-15,TX-200,FL,Supplier A,273,23,354,3.71,0.7
3054d3bf-d50f-874d-7e92-16efb588ec54,2022-11-26,TX-200,IL,Supplier B,195,13,246,4.13,0.15
148f81d4-07e4-df9a-8c1f-a878a131ecdd,2021-03-04,TX-100,NY,Supplier C,225,13,285,3.96,0.63
5250efbd-bb85-ca97-4477-1449738b4091,2020-08-08,TX-200,TX,Supplier A,335,34,443,2.82,0.06
a55afd2d-7a36-4070-5e57-3b0b4c722995,2020-11-14,TX-500,IL,Supplier B,230,16,293,3.1,0.33
1c652a55-36c2-8f15-3e75-51ed5974ea8e,2021-08-02,TX-200,FL,Supplier B,343,26,444,3.77,0.8
6103d227-3e12-464b-4eb8-ac37574b6ae0,2020-03-23,TX-500,IL,Supplier C,239,21,309,3.22,0.58
34ae1adc-978f-6ca0-f7f1-32087764d791,2021-01-17,TX-400,FL,Supplier A,234,19,296,3.45,0.7
1c07690c-8418-dfb3-18e2-df7759008469,2023-06-29,TX-300,CA,Supplier B,399,39,513,4.27,0.88
11df8685-bb7f-7ce3-fabf-f1df6849e9b5,2021-08-13,TX-100,IL,Supplier C,280,17,356,3.77,0.74
4aeb00a4-5059-5a56-8996-8ef20898a635,2021-03-12,TX-500,TX,Supplier D,330,26,413,3.96,0.47
6bb60886-fcd3-1247-9272-880c1a950481,2020-04-06,TX-400,IL,Supplier B,261,21,332,3.56,0.33
e03e9139-8087-fe30-46e7-adf02979ad39,2021-01-12,TX-100,TX,Supplier A,222,15,281,3.45,0.85
f20d4bfc-b3ef-59c7-dc14-b7e3c0b8c830,2020-08-20,TX-300,FL,Supplier E,264,15,334,2.82,0.24
d723feb7-b4af-97c1-f1b6-4268f32c683a,2021-02-28,TX-300,CA,Supplier A,291,17,364,3.82,0.28
c9c5177c-dcec-291a-f47d-22339f26a417,2022-09-27,TX-500,IL,Supplier E,290,14,360,4.26,0.67
45a024cf-659e-8c61-8d38-6e65bc708b0d,2022-08-13,TX-300,IL,Supplier B,337,26,434,4.49,0.39
3af702d6-a0f1-e770-9adf-94bee9bd26b6,2020-10-31,TX-300,NY,Supplier A,177,11,223,2.74,0.47
b3756451-9432-f9be-17a8-2d89bd939f81,2020-05-30,TX-100,FL,Supplier D,320,28,414,2.99,0.78
e4843668-5266-0991-abe0-7a6d0b1b9817,2020-09-06,TX-300,IL,Supplier C,242,27,317,2.91,0.64
076b99f1-792f-e528-c403-dbbf056e41e7,2020-06-27,TX-500,IL,Supplier C,305,31,393,2.68,0.63
c1f9c140-f8ab-38d6-0a3a-c1e3eaa4a73b,2021-12-29,TX-300,TX,Supplier C,234,21,297,3.84,0.77
0214c5ec-dd6f-483a-53da-3d3750955587,2020-05-01,TX-100,IL,Supplier C,283,21,359,2.99,0.52
5d881fa3-11f1-c869-9c06-e5e9940fec77,2023-11-21,TX-200,IL,Supplier B,218,22,282,4.32,0.94
0aa6896b-0c1f-5cd8-36ff-5d2e126af26c,2020-05-01,TX-200,TX,Supplier E,315,9,393,2.99,0.52
7f6768c8-fd46-fb8b-d49c-469681846840,2021-08-17,TX-400,TX,Supplier B,381,24,474,3.77,0.62
87afb834-bf80-39ac-2e05-1c4fac105ebb,2021-09-11,TX-300,FL,Supplier B,323,13,395,3.71,0.41
5d1e56a8-525e-b8a8-bf07-428d5e97d5d5,2021-09-30,TX-200,NY,Supplier A,281,16,354,3.71,0.75
e733f993-4051-691d-0b1a-a55550fe0f22,2023-09-28,TX-500,TX,Supplier E,369,21,464,4.06,0.55
e02aa3e0-e6d1-1c0b-13ed-bfdbaeef0a03,2023-08-15,TX-100,CA,Supplier C,293,25,373,4.06,0.4
3c112932-225d-5d69-7f2c-2ca782d3cd01,2023-03-09,TX-200,CA,Supplier C,279,10,345,3.74,0.39
9d6e9541-538a-281e-1405-baa28b4f1c40,2023-10-06,TX-300,FL,Supplier C,244,22,310,4.1,0.36
cc794ab0-5a1d-7c22-c0b4-525c545a4b0b,2020-08-20,TX-300,NY,Supplier D,272,18,341,2.82,0.24
f1ed0402-da65-b92c-70a7-ebbbb6a83666,2023-02-20,TX-400,IL,Supplier D,221,21,289,4.02,0.22
953db826-3e60-03ec-5503-7f7c7de1177f,2023-07-20,TX-200,CA,Supplier D,376,35,486,4.02,0.42
d2c648c4-e46a-21f3-4bf7-b3610c304742,2023-07-17,TX-400,CA,Supplier E,408,26,514,4.02,0.56
879bd972-8cab-a16d-cd89-67d6a6064ade,2020-03-21,TX-200,IL,Supplier A,250,16,317,3.22,0.17
19767588-8cc0-445b-8ca0-c567b08fafe3,2023-05-11,TX-400,IL,Supplier E,300,20,380,4.14,0.19
0aa53e38-f658-bcde-4726-e6a10d3ab52d,2021-04-03,TX-400,TX,Supplier A,332,17,411,3.68,0.49
67840ae7-6338-0e7f-5c1b-c650b78098f3,2020-04-30,TX-200,CA,Supplier C,301,27,389,3.56,0.29
181931fc-59c8-62d6-6549-bb38635c7bed,2020-02-16,TX-400,CA,Supplier C,272,19,344,2.91,0.36
c9daf519-be67-eee4-5923-c50482614c80,2021-10-10,TX-400,IL,Supplier B,275,24,359,3.51,0.65
f0ab44b8-e9bf-5da9-5114-f0c5885f602e,2023-06-13,TX-200,FL,Supplier D,382,33,496,4.27,0.95
750766ed-c8cc-caf2-070b-f1bb4aa0abb5,2021-08-29,TX-500,CA,Supplier E,382,15,472,3.77,0.85
bb628a77-6720-dfe2-2620-242cd5f57c60,2021-05-09,TX-300,IL,Supplier B,297,21,368,3.79,0.14
f7cd49af-2f1a-b58e-f183-cbb68b5e977c,2023-02-15,TX-100,CA,Supplier D,214,17,273,4.02,0.39
09a143ce-8927-6052-900a-79a89a062c95,2020-08-09,TX-500,FL,Supplier D,399,38,512,2.82,0.17
bef0a1bf-3725-9b99-1698-b7b078854a2f,2022-10-07,TX-500,FL,Supplier A,283,22,365,3.97,0.95
978bb6c6-591a-a18f-b33f-f52da47cf164,2021-09-27,TX-300,NY,Supplier A,251,18,317,3.71,0.34
16b35ce5-5060-3a57-1b67-a2ce16ff1a22,2021-06-09,TX-100,TX,Supplier C,353,19,449,3.5,0.5
6db971ef-695a-9a5c-3668-19bbe0766bd4,2021-01-09,TX-200,FL,Supplier A,224,12,284,3.45,0.61
f49ad203-039c-9887-9a3e-119e7813c034,2023-01-24,TX-500,FL,Supplier A,253,17,320,4.33,0.09
d78d9696-7de1-f8ee-d72c-d3565c52bac3,2023-12-24,TX-400,FL,Supplier C,208,9,262,4.33,0.43
fb60f919-8fc0-ab52-1612-eaa284a769a0,2020-02-03,TX-400,CA,Supplier B,209,18,269,2.91,0.17
a390d501-c571-5151-cd25-7563002f6961,2020-07-29,TX-400,IL,Supplier A,302,25,388,2.82,0.15
72451d5c-6924-a80e-11b1-82745386e0ac,2021-04-18,TX-500,FL,Supplier A,311,25,396,3.68,0.6
32268a3a-ea47-e876-c8fc-9bca3de286f1,2021-10-10,TX-100,CA,Supplier A,248,21,316,3.51,0.65
5c3d9969-ad7c-162f-917a-1377e0d6b830,2023-03-05,TX-200,FL,Supplier A,285,19,369,3.74,0.42
51c9e3dc-f845-6115-fe98-5608e9a3d6a9,2023-10-03,TX-400,TX,Supplier C,326,27,413,4.1,0.48
0aea3123-038e-4733-bb8e-af49806c5e04,2022-09-19,TX-100,CA,Supplier A,262,20,336,4.26,0.66
d4925eed-1736-f94a-9b86-3a885f33030c,2023-09-05,TX-400,TX,Supplier E,305,16,382,4.06,0.06
581cd0ac-586a-d5db-3238-b3353eb14740,2023-11-23,TX-500,IL,Supplier B,255,14,321,4.32,0.11
2cecf3ca-4a41-aaf7-f265-28591ce5c091,2022-03-27,TX-100,FL,Supplier A,278,23,354,3.78,0.87
4ebf15e1-6406-ff24-baa7-9a4c1e338724,2023-01-31,TX-300,NY,Supplier E,180,9,226,4.33,0.46
e643fab5-d434-bdbc-6b80-f7e261223768,2021-06-26,TX-500,NY,Supplier A,389,22,491,3.5,0.31
f28d35bd-a04d-c215-4cce-131b24d99084,2021-05-07,TX-400,NY,Supplier D,339,32,441,3.79,0.84
f52e5489-b1f3-21c0-1d1d-8a69d930c7bb,2022-11-22,TX-300,FL,Supplier B,235,19,297,4.13,0.12
cb08e70c-f5e2-586f-65cd-03567a8dd825,2022-04-16,TX-300,IL,Supplier E,289,21,372,3.88,0.39
d4dbc21a-eaa8-75fd-cdf1-63a1abe47d64,2020-08-25,TX-100,CA,Supplier D,354,30,452,2.82,0.37
0542a0bd-749d-b612-2450-3ed25601a807,2022-07-31,TX-500,CA,Supplier D,403,29,512,4.71,0.79
f5519894-e7b9-c0d2-94b3-7f0e44566536,2020-09-02,TX-100,NY,Supplier D,265,21,340,2.91,0.9
3a256a2e-6d06-cf4f-a7ef-47f170e0f897,2022-02-08,TX-200,FL,Supplier B,201,14,251,3.6,0.27
e83dc4de-d8bb-61b0-c495-7cab04e6abbc,2022-03-08,TX-300,FL,Supplier B,211,19,270,3.78,0.68
49ddb2e0-991e-ca17-c2d7-488d5d39af17,2022-12-13,TX-300,NY,Supplier D,199,12,253,4.43,0.69
a5e4db2b-7c60-c1ae-e642-b69cb964f0a4,2023-12-05,TX-300,CA,Supplier A,218,17,279,4.33,0.64
121c6883-9d54-7095-a780-96f4c3573f2b,2022-05-03,TX-400,IL,Supplier B,311,27,402,3.99,0.48
a2a95ef8-93cc-0d4b-c40b-f9fecc1676d6,2023-01-11,TX-300,NY,Supplier E,184,12,237,4.33,0.05
d28edc41-a901-dcb0-049a-1728daca3495,2020-06-25,TX-200,NY,Supplier C,276,27,360,2.68,0.02
22095bd3-6e35-a241-8941-220de6c7204d,2023-02-08,TX-200,NY,Supplier C,239,24,305,4.02,0.18
03d9255e-7673-8eb7-61df-0d860e420b55,2021-12-08,TX-400,NY,Supplier A,183,6,221,3.84,0.93
b412a3f4-0fda-4beb-5ffd-71a01b4d0859,2020-11-01,TX-300,NY,Supplier D,219,18,279,3.1,0.52
b3f15aed-2e39-6152-405d-f7d871ca0b6a,2020-11-23,TX-500,FL,Supplier C,248,22,318,3.1,0.44
2a6639a0-5a6f-b90d-2a35-85441996efa1,2022-10-12,TX-500,TX,Supplier C,301,22,389,3.97,0.98
96dab71e-d56c-8f26-7c5d-c2960d7675a1,2023-07-04,TX-100,FL,Supplier E,310,17,393,4.02,0.77
463a9bd8-a8cd-0639-28be-c92e43378ae8,2023-01-12,TX-400,FL,Supplier D,205,21,269,4.33,0.0
cd0e777d-722e-a5d8-94d9-a39f959f8fab,2023-11-14,TX-200,TX,Supplier D,263,24,341,4.32,0.32
4bc42d63-7ce0-13d7-727e-09f1f4c3a537,2022-03-07,TX-100,TX,Supplier B,221,17,280,3.78,0.4
67144de8-a143-5cc8-b88e-665534992e0a,2022-05-15,TX-300,FL,Supplier C,331,33,435,3.99,0.95
cc73050d-46bd-b15d-2dfe-7ebf165f940d,2023-11-09,TX-500,NY,Supplier E,213,12,267,4.32,0.95
85720da1-9b48-e5a5-3555-0fec76c694ea,2022-09-03,TX-200,IL,Supplier D,297,32,394,4.26,0.95
4af06c5e-112f-3b49-44b6-13b2c3821072,2023-06-04,TX-500,CA,Supplier B,419,39,537,4.27,0.21
0e8d1e76-949a-e345-8133-2dbad23cd65d,2023-11-18,TX-300,NY,Supplier A,186,8,231,4.32,0.23
e88e9792-4f7a-9408-a3b1-30121053279c,2022-01-18,TX-400,FL,Supplier A,222,13,285,3.7,0.73
dde2e795-fc2f-c134-8006-957a43bcbb65,2022-01-09,TX-300,NY,Supplier D,203,18,258,3.7,0.6
cf5d55f1-29b2-1e0c-1c88-fd6b3d964ec1,2020-05-31,TX-300,CA,Supplier C,323,32,425,2.99,0.97
e23a418e-0ed0-41f1-b982-f32f8849ce04,2023-05-14,TX-500,FL,Supplier E,358,21,454,4.14,0.59
89ab8dc1-71b8-615e-c1a4-a359a5d3d1a6,2023-07-20,TX-100,FL,Supplier D,291,28,378,4.02,0.42
5e2ecd5f-0e3e-07cf-292f-1f1450ce9fb3,2020-12-02,TX-200,FL,Supplier C,192,14,246,3.4,0.72
2fd3533f-af42-cbaa-8231-5c1ca3be3a77,2021-02-18,TX-400,FL,Supplier B,241,12,301,3.82,0.58
eb9c38b8-6042-3fb3-38fa-79203387ab3b,2021-01-28,TX-400,TX,Supplier C,199,10,252,3.45,0.19
ef654bcb-1357-3d20-9c8e-f298f214f527,2020-02-01,TX-100,IL,Supplier B,203,18,266,2.91,0.41
3c892f3e-097e-a629-1f76-0eec85ac4135,2020-04-11,TX-400,TX,Supplier E,291,12,357,3.56,0.9
0979e2de-1a8c-46f5-92d5-7f2979caeea6,2023-05-11,TX-100,FL,Supplier A,315,20,399,4.14,0.19
8a1f7b79-15ef-6581-4874-0fe600ba6842,2023-08-15,TX-400,FL,Supplier B,362,28,464,4.06,0.4
68bed3d9-64ee-dd6c-e94b-1a165d5bd372,2021-08-26,TX-300,TX,Supplier D,354,30,453,3.77,0.24
918581e1-dfb2-0f53-a55d-301ec5be7527,2021-12-16,TX-100,IL,Supplier D,166,10,209,3.84,0.01
1510f78d-983a-60e7-b6e6-b0ce10f1fc28,2022-05-25,TX-400,CA,Supplier A,434,37,551,3.99,0.25
9f658f8c-92e4-7278-11be-2edd347e8706,2023-10-30,TX-300,IL,Supplier D,263,29,351,4.1,0.63
6d8c3b6f-44a9-0c2f-01ec-fb219332dd3e,2021-12-08,TX-100,TX,Supplier A,200,21,261,3.84,0.93
fb0e0e67-ce98-096f-42c2-a2f83def3278,2023-03-01,TX-300,FL,Supplier C,219,19,283,3.74,0.05
7d6eb81e-7e62-db22-1dfc-daf53c94d17e,2023-08-18,TX-400,IL,Supplier A,352,15,439,4.06,0.08
a0953842-93f9-046e-6418-5636bf81db87,2020-10-17,TX-300,TX,Supplier C,245,15,307,2.74,0.14
084c7c21-ec3d-4fb2-ccd1-89ef5808dcee,2023-09-30,TX-300,TX,Supplier A,304,16,377,4.06,0.9
4c479f99-557f-3e0b-1303-ace8ca467ca3,2022-09-21,TX-400,CA,Supplier A,307,14,386,4.26,0.02
05dfbc11-d099-1b4c-b4b7-3f3769e7161f,2022-04-14,TX-200,TX,Supplier C,346,38,450,3.88,0.2
b4b085de-1553-3635-5f54-e11b1563de32,2021-02-05,TX-400,FL,Supplier D,222,24,288,3.82,0.88
03a84776-c0f1-38df-c66f-11a77bbe0639,2021-03-08,TX-500,IL,Supplier B,231,12,287,3.96,0.59
eeb4e6ee-7238-afbf-2449-9c21276eb7c8,2020-08-31,TX-300,NY,Supplier E,255,17,325,2.82,0.1
51c8c9b5-844f-04a4-0a6b-467155cdec4a,2020-07-23,TX-400,IL,Supplier E,303,20,386,2.82,0.24
82985473-e698-5469-ec74-26e7df80197d,2023-11-22,TX-500,NY,Supplier B,218,19,278,4.32,0.19
88818c0d-b3ff-962e-a79f-af93b181b72b,2021-07-22,TX-400,CA,Supplier D,373,31,474,3.79,0.12
cfdd13d3-8a3c-d208-57ce-32588646dd32,2021-11-16,TX-100,FL,Supplier E,210,14,265,3.9,0.7
acfa4b44-1be2-0eb3-7acf-9661a8113fad,2020-07-18,TX-200,CA,Supplier D,352,31,461,2.82,0.43
3127acf5-8203-a90c-be3a-dbc204457fb5,2020-11-01,TX-500,IL,Supplier D,214,17,269,3.1,0.52
e1b34335-e1a8-154d-ea6e-3fec6f5f022f,2022-12-01,TX-400,IL,Supplier A,247,16,310,4.43,0.07
e8cacbb8-da9b-7315-11c1-1e4464f7bf03,2023-12-01,TX-300,FL,Supplier B,209,13,265,4.33,0.42
8bc43064-06c2-856d-c4ef-21c38ca8519c,2021-07-25,TX-100,CA,Supplier A,388,30,498,3.79,0.49
bc785eb3-d93e-1658-3339-8eccbc942f47,2021-02-10,TX-500,FL,Supplier D,241,20,311,3.82,0.98
8daa074d-5f34-7e02-2da0-ba05fe4f9855,2021-04-12,TX-500,IL,Supplier C,339,25,431,3.68,0.74
099e38a9-4bca-cf93-e73a-9bf605990644,2023-01-21,TX-500,CA,Supplier D,265,26,344,4.33,0.82
8739fcc0-c736-e68a-812a-99f4c19f7ac8,2020-10-26,TX-500,IL,Supplier C,236,18,301,2.74,0.1
6c0e700c-862b-a6c4-d1a9-94b861783890,2023-08-28,TX-400,TX,Supplier A,377,27,479,4.06,0.04
bfcc8955-d20e-1f03-67ab-3f72798a2600,2020-02-10,TX-400,FL,Supplier B,260,18,331,2.91,0.15
eef5b140-00b9-d97a-9181-ed4d6895c596,2020-11-02,TX-200,NY,Supplier A,230,14,291,3.1,0.76
0616344a-4ff2-2479-66b1-c7a1bb57ec0e,2020-06-13,TX-200,NY,Supplier D,314,17,390,2.68,0.72
ebf60c5d-2ef5-0748-7fa1-4ca9934f156e,2023-11-02,TX-100,NY,Supplier B,186,12,237,4.32,0.62
0b09c708-2655-baf3-8861-b89ccf6eeb38,2020-08-27,TX-500,CA,Supplier B,379,38,487,2.82,0.1
0384d8f6-cf18-2e61-1f92-7ec383e858d5,2021-12-04,TX-100,NY,Supplier E,184,8,228,3.84,0.48
2f927c2a-ca56-049a-59cc-8a1723f7f0c9,2021-12-21,TX-200,TX,Supplier C,199,16,256,3.84,0.24
9f20d4f7-ff1b-f114-a59e-2baf557daa98,2020-07-04,TX-200,FL,Supplier B,309,19,391,2.82,0.8
746ceb1c-8889-0523-3082-40630540ec21,2022-06-08,TX-400,NY,Supplier D,308,23,394,4.1,0.1
d69c1930-e1a7-1cd4-5efd-680aa5f994ab,2023-11-24,TX-300,CA,Supplier D,236,16,297,4.32,0.5
c6df2d6c-1262-9cd6-eeea-0756cb831732,2021-03-10,TX-300,CA,Supplier C,226,11,280,3.96,0.04
b8170efe-3f17-b4c2-5979-2cd71bc0c035,2022-11-09,TX-100,TX,Supplier C,230,19,298,4.13,0.26
68f20bee-72ce-0844-7eed-97c236a7cdae,2020-12-20,TX-400,TX,Supplier E,244,11,306,3.4,1.0
95b57c5d-df48-e60a-f1c3-3afb941fc30b,2020-11-23,TX-100,CA,Supplier A,221,20,284,3.1,0.44
f9f5a642-dc2b-4ef0-ca8a-21992270986b,2023-10-06,TX-200,CA,Supplier C,299,32,391,4.1,0.36
160991b9-e7fa-6f0c-51f8-cc705e391068,2023-11-06,TX-100,NY,Supplier E,175,13,221,4.32,0.09
35dad96d-8400-fecb-829b-b58c901bc1d3,2020-07-17,TX-300,IL,Supplier E,282,18,355,2.82,0.37
15453df0-0df7-4d8f-9880-1f5dc2b9e6e7,2023-01-21,TX-100,IL,Supplier E,178,17,232,4.33,0.82
b70dd0fb-553e-d75f-9889-c89f7c5a53cf,2022-01-31,TX-300,FL,Supplier C,212,14,272,3.7,0.02
fe23eb3a-1f1f-cd86-5bce-4313451ec284,2022-04-26,TX-500,NY,Supplier A,343,22,426,3.88,0.28
1385c0c3-21ae-f32c-ac83-ef3997c9e5a3,2022-02-23,TX-200,NY,Supplier B,189,11,237,3.6,0.73
a3ad8642-9cf1-0b26-3bb8-6f0677da9478,2021-07-11,TX-500,CA,Supplier A,458,33,582,3.79,0.11
435f7027-cf8d-462a-b2f7-af2647f130ae,2020-01-22,TX-300,IL,Supplier E,169,13,211,3.17,0.41
00b4eda1-1efd-4f18-41e0-8ccdeecfa1e6,2021-02-09,TX-400,NY,Supplier A,238,14,304,3.82,0.18
230a371a-3484-9888-4ac4-6ca98082af0d,2022-02-16,TX-300,TX,Supplier A,239,20,304,3.6,0.23
76fa0f42-25c3-1dca-1cf9-c54ee88cfcc8,2022-12-19,TX-200,NY,Supplier E,217,8,270,4.43,0.73
1048d214-2188-d309-5b55-8b9e7421bcf6,2021-04-12,TX-500,TX,Supplier E,306,25,393,3.68,0.74
41b62eae-9b5d-0eee-2d0f-c27b354b12e8,2022-03-07,TX-200,CA,Supplier E,254,10,315,3.78,0.4
70d532df-2ca3-0200-36bc-96c549b36935,2022-10-24,TX-300,FL,Supplier A,259,15,325,3.97,0.49
d7e6e8ba-fdcc-4f3c-7ae6-6e5aef973ce6,2022-08-30,TX-200,NY,Supplier D,252,23,324,4.49,0.99
2c67e874-7409-0eba-306d-bbc7dfb2b3da,2022-03-15,TX-500,NY,Supplier D,280,30,364,3.78,0.21
a0b3e9ea-4384-c8f5-4b60-7f3ab54a529a,2021-07-09,TX-200,IL,Supplier D,301,21,385,3.79,0.78
c8331697-a2ba-306a-0902-6a72930f29ee,2022-10-07,TX-400,NY,Supplier B,225,23,295,3.97,0.95
8d9d6e67-7f6a-938a-e4a9-c491a2bf6a69,2021-01-08,TX-200,TX,Supplier D,247,24,320,3.45,0.05
1ab608a1-6998-da92-1f32-3c24b52146db,2020-11-01,TX-300,IL,Supplier C,219,23,287,3.1,0.52
95b0bde3-d7f9-6335-a70a-29cfe879ca75,2020-06-06,TX-400,FL,Supplier D,373,26,479,2.68,0.68
be7fcb2a-f274-10a7-830a-076b873ecdf6,2022-04-30,TX-100,IL,Supplier D,248,19,319,3.88,0.47
1ded16b5-aead-4652-6873-5a2566b8958c,2022-07-07,TX-500,IL,Supplier D,385,30,490,4.71,0.55
34879f21-ee5c-ebaa-5eca-4f3b5e07c9d8,2022-09-21,TX-300,TX,Supplier D,279,15,348,4.26,0.02
93fde268-45ed-a769-c5bd-2678e380b5d5,2020-06-28,TX-200,CA,Supplier C,402,36,521,2.68,0.11
c35e2535-1b4f-c7f9-3034-bb803d94a76d,2023-01-07,TX-200,NY,Supplier A,177,13,224,4.33,0.1
15f8ad0b-4753-fbfe-6780-acd38c3b525e,2023-11-05,TX-100,FL,Supplier A,238,18,298,4.32,0.35
92eab611-17cd-022d-ef92-7df32631bea1,2022-08-27,TX-200,FL,Supplier C,353,29,448,4.49,0.45
27eb643d-d5fd-8815-0f9b-fa806f5105e8,2022-01-30,TX-400,FL,Supplier D,223,16,287,3.7,0.0
4c81a155-7826-e0b6-493f-de1f1d0fa1eb,2023-08-10,TX-300,CA,Supplier A,331,21,415,4.06,0.14
4fb65db4-ed1b-2870-77ed-7f86dc0a1556,2023-09-20,TX-500,IL,Supplier D,296,36,390,4.06,0.87
8b24fbb2-e85c-df87-1849-7b558983b8be,2022-07-27,TX-300,IL,Supplier B,359,33,462,4.71,0.34
4ecebc54-eb07-ed73-c4a0-e56d1e32b38e,2021-07-29,TX-200,CA,Supplier E,397,24,503,3.79,0.41
9017d866-6d1b-638d-0617-b47f40b8938c,2023-10-17,TX-200,IL,Supplier D,270,23,341,4.1,0.98
360847e4-3084-bace-1cf0-1eafaed27ae7,2023-04-13,TX-200,NY,Supplier E,293,15,366,3.94,0.89
0c77aadc-21b3-52a2-e3bb-09f7bb17ee60,2022-07-15,TX-400,CA,Supplier C,366,31,466,4.71,0.47
aab35ca0-7bef-f4d2-63fe-ce6f8d4b6d20,2023-06-24,TX-500,CA,Supplier D,459,29,577,4.27,0.5
7226e461-160e-604c-1adb-9b941db0e844,2021-03-17,TX-100,FL,Supplier C,266,18,335,3.96,0.65
bdd26976-35bd-845b-1764-6c75fa76693e,2021-06-29,TX-400,FL,Supplier C,331,21,420,3.5,0.28
b17fdff3-97a5-635f-e98d-a306125a3aaf,2020-06-27,TX-200,NY,Supplier B,259,17,333,2.68,0.63
0094bf99-3693-74ac-f9d3-92ec75fc85a9,2023-09-07,TX-300,IL,Supplier E,267,19,337,4.06,0.16
cca9a409-54ed-867d-a589-c4dce2f43deb,2020-11-08,TX-200,CA,Supplier E,233,10,291,3.1,0.12
0a832832-9123-914b-d60d-6fc87ad8227d,2021-07-25,TX-500,TX,Supplier C,406,42,524,3.79,0.49
e00be75f-b0e3-0ac6-038a-725d773c92e5,2022-01-08,TX-400,CA,Supplier E,231,16,298,3.7,0.8
7d878712-4d2c-ac65-59f6-ebf622448fd8,2023-11-29,TX-300,TX,Supplier D,211,16,276,4.32,0.49
79e93535-8d4c-fc42-3012-f5e4da8b8309,2023-01-18,TX-500,FL,Supplier A,223,20,290,4.33,0.17
7892a6ea-bd35-b9d9-f042-8af6d67fa343,2022-03-03,TX-500,FL,Supplier D,274,21,351,3.78,0.52
4dbbbfab-0274-548c-73ed-f97dc7e0bde0,2023-09-24,TX-300,CA,Supplier D,353,26,452,4.06,0.84
8c999059-ed01-1699-bdb5-7d14ebd08263,2023-02-07,TX-100,NY,Supplier B,211,14,269,4.02,0.18
e4181fa4-f325-fdf0-f677-72abe5f84514,2023-12-23,TX-100,CA,Supplier B,236,17,300,4.33,0.37
3f4f8f8d-862b-40a7-9cbd-a78a6d99767a,2022-11-02,TX-500,NY,Supplier E,268,19,338,4.13,0.76
e8bbaf18-774b-d70a-70b8-7057ff441573,2020-04-23,TX-400,IL,Supplier D,274,26,357,3.56,0.04
1d6943d3-7d4d-7980-e87f-b16289963747,2022-09-10,TX-500,CA,Supplier E,365,23,467,4.26,0.91
6c814f2e-c80e-3859-0679-144934330426,2023-04-07,TX-400,CA,Supplier D,334,30,430,3.94,0.36
c9fd4802-a62b-70bc-56cb-f57e6c41d4b7,2021-02-04,TX-400,TX,Supplier E,258,16,323,3.82,0.04
9a406c99-803d-54c1-6016-c9bc7c886093,2020-09-21,TX-100,CA,Supplier A,253,16,316,2.91,0.37
a5772d38-661d-f6be-a85a-8d1e9e61f3ef,2022-11-08,TX-400,FL,Supplier E,223,15,283,4.13,0.29
e58d04f7-49d1-b0d7-2b38-35781ec14dfe,2022-02-04,TX-500,FL,Supplier B,278,18,349,3.6,0.9
09b04d7f-8e17-e609-e957-3e34e6cdf869,2023-03-03,TX-300,FL,Supplier C,278,24,359,3.74,0.49
e046c0b6-34df-4ac1-978f-fd412cc3dab6,2022-05-07,TX-300,IL,Supplier E,335,22,422,3.99,0.11
effce87d-f461-dfb2-8eed-26b99b4a6b7c,2022-03-19,TX-100,TX,Supplier D,263,21,337,3.78,0.38
8437dc82-d78b-05aa-66d1-411940b65682,2023-05-28,TX-500,NY,Supplier A,332,20,422,4.14,0.32
0649ee2a-316c-fa6e-ede2-ea915c57de43,2020-05-21,TX-300,CA,Supplier C,329,29,428,2.99,0.24
0817b266-9f95-cb42-de79-7fcf84858d41,2021-04-13,TX-500,IL,Supplier A,345,22,434,3.68,0.01
33ed643d-61a9-f894-8bb9-8e7f2b30c316,2022-08-29,TX-500,IL,Supplier D,382,29,481,4.49,0.75
532f2340-167c-7698-9e4c-a2371e7ef460,2021-05-01,TX-400,CA,Supplier A,389,21,490,3.79,0.53
cbd7c07b-6c70-086b-c793-17f85fcb69e2,2020-11-21,TX-300,NY,Supplier A,194,9,245,3.1,0.15
2f931be6-77c7-be4f-9e98-057e4739b93c,2022-07-01,TX-500,CA,Supplier E,376,22,482,4.71,0.13
5ada2529-f3b2-0f05-1eb8-6d0e821a5120,2020-09-18,TX-300,IL,Supplier D,272,19,343,2.91,0.42
6af1ec81-de9e-9005-111a-255ec98f3d2d,2022-09-23,TX-500,NY,Supplier A,254,8,309,4.26,0.2
df572189-4b23-f691-fe3c-2500e4534ebc,2020-01-07,TX-400,TX,Supplier D,233,15,293,3.17,0.46
e7b846aa-eb2d-0716-1c3d-fcec6c9b46ed,2023-03-13,TX-500,FL,Supplier C,335,27,426,3.74,0.56
21cff0a1-e121-1887-003e-020e1b5f15d5,2023-11-15,TX-500,NY,Supplier B,252,23,322,4.32,0.65
43ac0028-ba0b-273c-f769-9172d265cd07,2020-10-31,TX-100,NY,Supplier B,172,8,210,2.74,0.47
fa67813d-a25c-4faa-e1cc-32a55006a3b4,2022-02-22,TX-200,IL,Supplier E,202,11,253,3.6,0.68
f1fb6152-0a7b-01ce-7ce0-c91298036072,2020-09-08,TX-100,TX,Supplier D,270,22,344,2.91,0.13
9ce23221-ef8d-49f7-3bc1-f705c65af3cc,2021-08-19,TX-400,FL,Supplier E,296,14,365,3.77,0.0
70e15135-d0a2-478c-585c-169e5034e1d3,2022-07-02,TX-500,CA,Supplier E,430,27,542,4.71,0.13
d16004e1-0ff4-431a-a8f7-29e1b0a5fccd,2020-10-17,TX-100,CA,Supplier D,261,22,334,2.74,0.14
2f7adbde-b73a-f968-3c37-ec49ce60a58d,2021-10-10,TX-400,FL,Supplier B,237,19,306,3.51,0.65
6fea1dc3-b4e9-c3e0-3b79-cfa19235d67e,2023-07-02,TX-200,FL,Supplier C,372,31,480,4.02,0.27
febd03a5-80f6-16e1-d329-7993bb347682,2023-07-11,TX-500,TX,Supplier D,373,29,474,4.02,0.59
f2772c09-06d6-7cf4-08ce-57503fe9193f,2022-09-15,TX-400,NY,Supplier A,291,17,369,4.26,0.44
04d3db60-b7c4-7890-37dc-5f19ef8a2934,2023-06-14,TX-200,CA,Supplier D,414,36,539,4.27,0.39
1786525b-0173-e293-4a39-2efbb9fda5fd,2023-04-15,TX-100,IL,Supplier C,238,20,303,3.94,0.1
185f6f88-76b2-071b-726a-436e176ed41e,2021-01-12,TX-300,FL,Supplier C,179,17,232,3.45,0.85
ffcd3760-6fbd-1a26-9690-be2d8a34bad9,2021-10-10,TX-400,CA,Supplier D,313,19,394,3.51,0.65
1aa8ee03-16c2-5843-2baa-7bbb914194ab,2020-01-30,TX-200,NY,Supplier C,208,20,271,3.17,0.78
2c7fbdf6-6967-9480-a4ad-cb2668bd39e6,2023-03-21,TX-100,CA,Supplier A,294,12,365,3.74,0.89
c2ff2be1-021c-989d-6ee4-3f5e30881b2d,2022-07-03,TX-200,NY,Supplier A,309,19,394,4.71,0.95
b4960657-7ef7-38b7-dfc5-2e693f72dc87,2023-11-08,TX-400,FL,Supplier B,225,18,283,4.32,0.44
feb127fd-d729-d621-feec-6020f5b4f9f5,2023-02-27,TX-400,NY,Supplier A,249,22,322,4.02,0.71
ad9abd9c-d45d-427b-f725-885c7095922d,2020-02-20,TX-500,TX,Supplier D,293,22,374,2.91,0.91
ea3afbe7-ca2f-3486-651c-4ee72b2a829f,2022-11-01,TX-300,NY,Supplier E,184,18,242,4.13,0.74
a32ee106-61f3-2d17-753e-b688ce75dc25,2021-09-27,TX-100,FL,Supplier A,266,22,341,3.71,0.34
3eb26517-605f-9fd0-1d5b-1ff7eca88a5f,2023-02-01,TX-100,CA,Supplier D,211,18,272,4.02,0.37
b5f384c9-2da7-9824-d5b0-bbf072ec1a95,2023-01-20,TX-500,CA,Supplier E,245,19,312,4.33,0.86
50b7d065-7ada-22e7-2f8d-a9ca809ed1da,2022-09-18,TX-400,FL,Supplier B,266,25,341,4.26,0.67
362f64dc-d0f8-e280-7976-4f9b19bb16c1,2021-12-03,TX-100,NY,Supplier C,178,17,232,3.84,0.24
000f3246-b9ad-0110-8d12-45f56041aea5,2020-07-03,TX-300,NY,Supplier C,289,24,370,2.82,0.93
cb1378d9-b2bb-1958-1cf6-da5e62d01395,2023-07-09,TX-400,CA,Supplier C,450,34,575,4.02,0.86
d046bd08-bb66-dbb3-f0b1-524a14aa2ad3,2020-08-11,TX-500,TX,Supplier D,346,24,442,2.82,0.59
5ac04376-64f1-8b90-c68f-036bd946d48a,2020-07-31,TX-500,IL,Supplier C,305,25,394,2.82,0.31
c1f3fa27-548b-fa49-1519-74b99c737eda,2022-12-06,TX-500,FL,Supplier B,234,13,297,4.43,0.66
1b5ce948-2b9f-57f3-2dc8-382a76077656,2021-04-26,TX-400,NY,Supplier B,250,22,323,3.68,0.71
32d895f1-a14d-396a-7686-1e273ae15a53,2020-08-12,TX-500,FL,Supplier A,330,12,403,2.82,0.68
9c355472-ff54-85af-e889-12a6c37516e6,2022-11-01,TX-500,NY,Supplier D,267,15,338,4.13,0.74
eb4be6a8-864c-3e70-fa5f-94e33a77c286,2022-02-24,TX-500,IL,Supplier C,234,15,298,3.6,0.57
f0e6ea26-d93f-0fde-b206-9a9fb78f3c72,2022-07-08,TX-100,NY,Supplier C,277,18,354,4.71,0.21
08f1abf4-e882-01e1-e1c0-67196a2d8d94,2021-01-23,TX-400,NY,Supplier E,210,10,265,3.45,0.75
1547583c-a23f-a82e-30dc-cfc6be0ae347,2023-12-15,TX-200,IL,Supplier E,221,9,275,4.33,0.43
ca983d3a-cd46-0d8a-b7aa-f96993e01e37,2021-10-03,TX-200,CA,Supplier E,267,12,331,3.51,0.9
2098325f-67cf-8a86-3975-a3234b327054,2023-04-07,TX-100,IL,Supplier B,267,21,341,3.94,0.36
93fe1f73-83fb-d982-6a24-926b49865940,2022-12-16,TX-300,NY,Supplier E,187,7,229,4.43,1.0
0b6b390a-e040-6e37-0e3d-4a05e3cb2ebc,2021-11-29,TX-400,IL,Supplier A,195,14,250,3.9,0.78
9f9e9fa1-df51-285c-fbec-74e2a469389b,2022-10-14,TX-500,FL,Supplier D,324,24,408,3.97,0.69
24d4eb82-b721-563c-dabb-ef351999d29b,2021-07-16,TX-500,FL,Supplier C,419,34,533,3.79,0.97
78e5c933-711e-dea9-1b1b-c4bfd7898e14,2020-06-15,TX-100,TX,Supplier A,319,26,403,2.68,0.13
193ba47f-19d7-e46b-f433-d58cc8b9d613,2022-12-31,TX-500,IL,Supplier C,201,15,258,4.43,0.32
12922e39-b58e-2e1b-c243-d95665f2cdd6,2021-08-29,TX-100,NY,Supplier A,228,22,290,3.77,0.85
42a1556f-e97c-92dc-39ca-20afaaa8a833,2020-10-06,TX-200,NY,Supplier E,233,17,298,2.74,0.29
eec46827-73f3-a35c-7b52-e2e9e2d3faf2,2023-12-20,TX-100,FL,Supplier D,176,7,219,4.33,0.66
f537a918-78a0-6b43-81ae-babef5ccad2e,2021-01-26,TX-400,CA,Supplier D,225,15,288,3.45,0.16
9679a73e-08bd-a532-8901-f4e1d8d0fd2a,2021-10-06,TX-200,TX,Supplier E,247,13,314,3.51,0.91
4461848c-a33a-f062-0d60-3a54b05fb3b8,2021-03-09,TX-500,IL,Supplier A,302,22,388,3.96,0.32
38d0d5a5-8da7-4a0b-5077-b69d323526c0,2021-08-15,TX-100,CA,Supplier A,297,28,386,3.77,0.05
5d81d1e4-2d96-7e6f-06b5-329e73bcfe3a,2021-05-11,TX-300,TX,Supplier E,326,20,409,3.79,0.39
b4b440ed-b394-5038-f8f4-aa8806d15a31,2023-07-09,TX-100,IL,Supplier A,271,16,341,4.02,0.86
70a0f54d-891c-9db0-c1f2-05599bfcc524,2020-10-10,TX-300,FL,Supplier B,257,21,334,2.74,0.86
26526783-c71c-e39c-fc4b-89650c8222d3,2021-01-30,TX-500,FL,Supplier D,250,24,322,3.45,0.71
ff76cb2f-0760-290e-dc54-7ea59b74ef1f,2020-02-04,TX-300,IL,Supplier C,218,18,274,2.91,0.02
7039fe6a-d296-53bf-c05a-13025f4d9ffe,2022-04-04,TX-500,IL,Supplier E,281,22,364,3.88,0.72
5d68f2de-693b-f88f-3cee-50ae4308b657,2023-09-24,TX-500,CA,Supplier C,383,21,478,4.06,0.84
653348d1-319a-4b58-ff14-0dc8f9450117,2021-08-21,TX-300,TX,Supplier A,310,19,394,3.77,0.68
0dabf9fb-56e6-0a84-75cb-0a2fcde45893,2022-08-16,TX-500,TX,Supplier C,439,32,554,4.49,0.73
f1e0c5e9-ca69-d91a-ed7f-d513eacd3c13,2022-07-30,TX-200,CA,Supplier B,358,20,453,4.71,0.75
6fb9bb3f-6a89-5da1-d733-8af3d1f32bd4,2020-01-04,TX-300,CA,Supplier D,214,10,271,3.17,0.66
3f826603-5c87-a4b9-560b-b0af96118dd4,2020-01-06,TX-400,IL,Supplier C,188,15,242,3.17,0.78
7b571dae-e4b9-c70a-fc26-b88e44386c56,2023-02-02,TX-400,CA,Supplier E,234,12,292,4.02,0.22
5a1598d8-8c6e-93ee-5c4f-1123aba5c1a6,2021-11-18,TX-500,IL,Supplier C,204,15,261,3.9,0.3
6f2e38eb-28cf-c15e-4eb1-81cd8f73c790,2023-02-23,TX-100,CA,Supplier A,227,14,286,4.02,0.73
1cd412dd-92e3-96a3-ff00-d9551d565769,2021-11-19,TX-200,IL,Supplier C,193,10,236,3.9,0.39
205d5a06-a71a-7163-6e8c-c48bc9ce0512,2020-07-04,TX-400,IL,Supplier E,324,18,402,2.82,0.8
bbc77bb2-0fe5-be1a-1c78-440c72494048,2022-11-21,TX-400,FL,Supplier B,262,27,339,4.13,0.77
3f6b4fe9-5912-c0ed-3c18-ec296c34f596,2021-03-31,TX-100,IL,Supplier C,246,29,325,3.96,0.8
f1c0a61b-2e0c-1c64-bee9-b98bd6a138ba,2023-09-22,TX-200,IL,Supplier B,244,12,304,4.06,0.83
5776394e-ad2c-f7a0-ef3d-d2f478bbbefe,2023-01-03,TX-400,IL,Supplier E,222,16,283,4.33,0.49
18124bc6-9b29-fe21-0ab2-5e0016e28b8c,2023-01-12,TX-100,TX,Supplier B,210,18,277,4.33,0.0
f3bcc7ee-9599-dedc-251f-548c3e0a63d7,2023-05-04,TX-500,TX,Supplier C,435,30,554,4.14,0.49
2d5209b3-7230-cb33-cd6b-a32ee435c16e,2020-03-14,TX-200,FL,Supplier B,245,14,308,3.22,0.42
170efcc2-8452-b690-ee6f-7a39beb1306e,2021-05-06,TX-500,TX,Supplier A,339,24,431,3.79,0.56
df9801a4-b21a-b6b8-1152-25f5eb313c41,2021-01-30,TX-500,IL,Supplier B,249,13,307,3.45,0.71
2751bf1e-f7b9-26e9-f598-5bf2bad92428,2023-03-31,TX-100,NY,Supplier D,247,13,311,3.74,0.1
b9dc3649-7b9d-5d77-b1f9-24d2b3601e1b,2021-07-27,TX-300,IL,Supplier C,354,45,477,3.79,0.46
6683291f-aa7c-9ce0-6e89-d3042580e770,2023-05-25,TX-100,FL,Supplier A,324,24,418,4.14,0.46
aa922303-a4ab-7eb3-d8e5-5bb5898a89f7,2022-03-12,TX-400,NY,Supplier B,220,27,291,3.78,0.2
7613868c-9aa0-3f2f-724c-b1045541e04a,2023-06-29,TX-100,CA,Supplier A,372,25,467,4.27,0.88
ce10946a-3bf9-4fc8-15d8-f9f83d89380c,2020-07-19,TX-200,IL,Supplier D,296,27,380,2.82,0.65
8fdda3be-2d2f-7783-cb61-ef83acba953f,2023-10-24,TX-200,CA,Supplier E,266,9,334,4.1,0.15
657ebaf1-db11-727b-e101-d8a1fe5c146d,2020-04-16,TX-100,IL,Supplier B,217,15,277,3.56,0.28
099f8ce9-b786-1e87-0e08-f0f6d0668bae,2023-10-06,TX-300,CA,Supplier C,312,26,402,4.1,0.36
689620f9-8c26-34b3-f35b-cccffc6d5ec1,2023-08-28,TX-500,CA,Supplier C,382,18,484,4.06,0.04
213e4199-af91-ce81-a5d3-fdde023d908a,2020-12-20,TX-100,NY,Supplier C,188,16,239,3.4,1.0
c82b0343-4556-b3d5-3de9-b1752d012390,2020-05-18,TX-100,FL,Supplier A,323,24,410,2.99,0.75
d315b5a4-5aef-3e0b-c43f-5f939e3bd10a,2023-09-01,TX-100,IL,Supplier A,311,24,395,4.06,0.05
3fa4b931-68f1-e033-b053-6a3c35be850d,2020-05-11,TX-300,IL,Supplier C,281,22,362,2.99,0.89
d17fe0ad-7dd0-b5a7-3009-97a471969f60,2020-03-31,TX-500,NY,Supplier E,311,16,397,3.22,0.49
5c34182b-d6a1-bfbe-c11b-e55fdefcedef,2020-04-20,TX-500,CA,Supplier A,329,27,429,3.56,0.11
0bdd9532-5080-db5c-f2d1-b7a4a4d58537,2023-02-07,TX-500,CA,Supplier A,310,18,400,4.02,0.18
92609717-d848-f4ef-59e8-37c646439583,2020-09-12,TX-100,FL,Supplier D,251,17,325,2.91,0.46
dfbf1e41-0861-7cce-94ae-e7724000d165,2021-09-13,TX-100,TX,Supplier A,326,25,414,3.71,0.57
2b5ee540-0de6-8345-3eb8-5c919dde00ef,2023-02-12,TX-300,NY,Supplier B,224,13,285,4.02,0.14
ee39de8c-90a1-b15c-b822-fdb83f18cf85,2022-06-12,TX-100,CA,Supplier A,382,43,505,4.1,0.41
8e763a07-eb21-431d-072b-1fb67b2fc3ec,2023-01-03,TX-500,CA,Supplier B,229,21,297,4.33,0.49
d80f4768-fb1e-2d57-1676-301297a1a891,2023-03-31,TX-200,FL,Supplier A,266,21,345,3.74,0.1
4d0d5882-8f83-a70e-2270-dbb5253400db,2023-09-28,TX-400,TX,Supplier D,279,22,357,4.06,0.55
280c43cd-8c37-5fa2-1017-19dd4f33fecf,2020-06-01,TX-300,NY,Supplier D,283,26,360,2.68,0.5
b1f57d89-51f5-2a89-9611-3073649f6bad,2020-03-20,TX-200,TX,Supplier D,259,26,338,3.22,0.59
ac4fbcfa-2f95-dd14-0eb2-cdb712b2dfd9,2020-06-03,TX-400,NY,Supplier D,289,25,373,2.68,0.01
99c215da-0785-5cca-9cb3-806f1cdd85c6,2021-03-14,TX-500,CA,Supplier E,336,19,430,3.96,0.57
d4dad034-3d84-a506-0fb6-2c2c2e178301,2023-12-29,TX-200,CA,Supplier C,242,18,305,4.33,0.22
37ec8951-5d5f-c19e-cf30-12ee5b97e422,2023-12-06,TX-200,CA,Supplier E,253,15,324,4.33,0.05
3e7f7433-8869-cfbc-7f02-f34737d5b150,2021-01-01,TX-200,NY,Supplier D,172,17,223,3.45,0.14
d4b8661f-1d9a-431c-4cd5-273af9b51bf8,2022-08-28,TX-200,TX,Supplier D,354,28,453,4.49,0.89
5e93ca0e-8c20-a5cf-13ff-813ddd79122b,2023-06-27,TX-500,CA,Supplier C,474,39,611,4.27,0.79
dc925a31-08fb-c0f5-02d3-5ece0db87cea,2021-02-15,TX-400,NY,Supplier A,210,16,265,3.82,0.15
79877422-bbdd-70b1-340b-2002825c5e4e,2022-10-09,TX-400,CA,Supplier D,291,17,364,3.97,0.26
b67839dc-f9d0-66de-ede4-55678adbce90,2020-09-20,TX-300,NY,Supplier E,270,9,332,2.91,0.37
8b5bc821-3c04-e88f-01fb-fc7effbb5c5c,2020-09-23,TX-400,IL,Supplier D,256,20,329,2.91,0.38
9be13143-26e0-a32a-c785-13b5da311791,2022-08-27,TX-400,NY,Supplier B,330,18,421,4.49,0.45
a89516e4-9daa-9645-83b1-030e4db6c15b,2022-12-31,TX-200,NY,Supplier C,207,18,267,4.43,0.32
7fe906f2-e9c0-9c2d-8996-d4eb57b6d51c,2020-10-27,TX-500,TX,Supplier D,239,28,317,2.74,0.62
319aff93-f8cb-67f2-cd68-c4d7fb078906,2022-02-05,TX-100,IL,Supplier C,211,12,266,3.6,0.88
1de392bb-e65d-48f5-b33e-ececbc906634,2020-08-27,TX-400,NY,Supplier C,248,15,314,2.82,0.1
20b8fdba-627f-21e0-dae1-6b7f6d47494d,2022-01-06,TX-100,CA,Supplier B,235,21,301,3.7,0.81
df0456be-88a6-982e-d59e-4040f32ae193,2022-11-14,TX-100,FL,Supplier D,184,15,237,4.13,0.86
0c9ea01d-ae8b-f249-da58-0132fcd5bfcd,2021-01-28,TX-400,NY,Supplier B,185,15,235,3.45,0.19
5c794231-004e-b1ea-c2fb-60a7a674a408,2020-12-09,TX-100,NY,Supplier E,178,10,223,3.4,0.69
dac339f3-212d-c86e-336a-c98a66288223,2023-06-23,TX-500,NY,Supplier E,406,19,501,4.27,0.85
9c41e923-1e8c-f5b7-d809-89608810688f,2023-10-17,TX-300,FL,Supplier D,281,27,360,4.1,0.98
be4751f2-4510-dfe0-17f0-f6adf09e6445,2021-05-07,TX-300,FL,Supplier B,326,27,418,3.79,0.84
b53e8f20-3473-b7e6-9bfb-ae5569d7d304,2021-08-11,TX-500,NY,Supplier B,295,31,388,3.77,0.77
3ab69bc6-b3b3-b2b8-600d-373360fc042f,2021-08-20,TX-100,FL,Supplier B,266,22,338,3.77,0.51
fa448598-8593-9f7c-6ae4-a30ca1788320,2021-05-14,TX-200,NY,Supplier E,275,13,342,3.79,0.43
da5df3a9-cb21-6133-52b1-c8467829c5f6,2022-01-12,TX-500,TX,Supplier C,218,14,273,3.7,0.32
68c48d78-7835-06d2-1f2c-fc5effe30255,2023-12-06,TX-200,NY,Supplier B,178,16,228,4.33,0.05
60eddea9-6017-9a8a-dd05-d52e541b926f,2021-09-16,TX-100,CA,Supplier D,279,29,365,3.71,0.6
f470f36c-8e04-3d22-5cac-a7d88d5f6937,2023-11-01,TX-200,FL,Supplier B,241,25,311,4.32,0.8
a8cc39db-22bf-e35b-53d5-2f4b2a615265,2022-05-26,TX-100,FL,Supplier E,317,17,397,3.99,0.16
def3d438-656b-7112-c1a3-a75694724291,2022-08-03,TX-100,NY,Supplier B,285,30,369,4.49,0.44
9434bb39-9bed-e7a1-849d-0d7a0e5fc365,2020-09-22,TX-400,TX,Supplier D,333,22,417,2.91,0.33
2bc09069-6d79-15f0-7ead-03085c13446b,2022-10-31,TX-100,TX,Supplier E,216,7,263,3.97,0.98
0ee76368-fac3-134e-1527-63238c979967,2023-06-10,TX-500,CA,Supplier B,449,32,575,4.27,0.6
28961828-ca40-3f9c-6385-7c1b48c19b54,2020-01-02,TX-200,CA,Supplier B,216,15,277,3.17,0.01
f3ff90d5-6291-a792-57e6-256c39b4cad8,2020-01-21,TX-100,IL,Supplier A,202,13,256,3.17,0.21
537951bc-e1c1-10c8-b300-bfd9aecc7905,2022-07-24,TX-400,TX,Supplier D,338,30,439,4.71,0.92
af93d4bf-b183-e00a-598f-17aa375d26ce,2021-03-29,TX-200,TX,Supplier A,328,23,422,3.96,0.5
c2d192b1-94f3-e607-448c-8e98e67555da,2020-01-27,TX-500,TX,Supplier D,230,17,293,3.17,0.29
b5e7e4d8-9935-d5c2-082a-e7f718e47118,2023-03-18,TX-100,CA,Supplier E,317,17,394,3.74,0.89
5f268e7a-bec2-bed2-9767-cfb9aca6d3a8,2022-05-21,TX-300,NY,Supplier D,324,22,411,3.99,0.85
17bc834f-18c1-4f79-9f96-d92d1c20a3d3,2022-04-10,TX-400,NY,Supplier D,289,21,367,3.88,0.41
e2a76fb7-e9e9-4a45-8502-0175721cf9df,2023-12-16,TX-500,TX,Supplier D,274,21,349,4.33,0.64
6d53803b-4b27-f7db-96bb-b5fb0004c802,2020-08-02,TX-200,FL,Supplier D,281,22,356,2.82,0.92
61d052d4-49d9-590d-e841-6cac6a40d064,2022-05-13,TX-300,IL,Supplier D,317,28,408,3.99,0.98
869b18ba-181e-007c-c2b0-ed887ab15b47,2022-03-22,TX-400,FL,Supplier C,258,20,325,3.78,0.73
53844c8e-b2d1-3527-de26-2fd399b75d92,2021-06-19,TX-300,IL,Supplier A,331,29,422,3.5,0.63
6d38f9cb-d6a9-7e8a-1b5d-ec762230cf70,2023-12-14,TX-100,NY,Supplier D,205,18,267,4.33,0.78
c9662ba0-15b0-d5a8-dd5b-772521aba2f8,2023-02-22,TX-200,CA,Supplier A,236,10,296,4.02,0.29
8b5d4354-d310-c0e8-2ab1-38c2ee00359f,2023-12-27,TX-100,CA,Supplier D,247,8,306,4.33,0.74
29d63abb-4e47-75e3-c5d3-a451dc844ada,2022-04-29,TX-400,NY,Supplier C,289,14,361,3.88,0.52
22e65101-2a6e-bf86-7307-a73d10249635,2021-07-23,TX-300,CA,Supplier A,320,36,417,3.79,0.04
e10a6cff-6c5f-a99b-587e-ba7e9a676684,2021-06-09,TX-300,FL,Supplier D,374,19,459,3.5,0.5
cdce4a54-2413-6122-007a-702d79c095ab,2021-09-27,TX-500,TX,Supplier A,370,27,478,3.71,0.34
1e1446cb-bdf6-e91f-99a8-9041ffd91a27,2020-10-06,TX-300,IL,Supplier C,240,22,309,2.74,0.29
e7c97d33-965f-7549-bb89-e9f2b40c2730,2020-12-01,TX-200,NY,Supplier A,178,8,223,3.4,0.99
2df9f4be-6b1f-3e62-8320-fb7782a70562,2021-06-09,TX-300,TX,Supplier B,332,23,418,3.5,0.5
42e0c532-98b4-95a4-f782-a7c4f166ceba,2021-03-28,TX-100,IL,Supplier C,248,13,306,3.96,0.92
35db60fc-1f4f-63ee-9241-1a5f725a78c0,2022-05-28,TX-300,FL,Supplier A,286,18,366,3.99,0.58
25431115-20bd-d598-4e38-1cb9d89dc4ea,2023-04-16,TX-200,FL,Supplier B,320,25,414,3.94,0.11
afabccb0-ec8a-1206-c318-46d3f964942d,2023-07-09,TX-100,CA,Supplier A,334,27,429,4.02,0.86
0393a138-a1b4-0677-764c-98d5b74c0de7,2022-09-21,TX-500,CA,Supplier E,310,20,391,4.26,0.02
c3631b9f-abd2-7901-daac-84a96d71c3be,2021-08-20,TX-400,IL,Supplier E,277,14,350,3.77,0.51
77156864-1c4b-6c91-5827-4509da1e50da,2021-04-08,TX-400,TX,Supplier B,270,24,348,3.68,0.28
757e10e5-deb9-adfa-8c27-99bd80fcffe3,2022-09-05,TX-400,NY,Supplier E,322,15,402,4.26,0.74
e2f30584-b97a-7924-a3a0-ec84ecc5b6ff,2021-01-05,TX-200,NY,Supplier B,168,15,219,3.45,0.66
56815cd9-d2ac-ec02-0e1c-5ef74517afa1,2020-03-26,TX-400,CA,Supplier A,299,23,383,3.22,0.02
c1aa02ba-5c58-2417-a81c-c4946cf835a7,2023-09-30,TX-500,FL,Supplier B,291,20,368,4.06,0.9
c0305198-de94-ea63-36d3-e68c5d4e7277,2022-09-25,TX-400,IL,Supplier A,294,25,378,4.26,0.86
10f1c6a5-469a-27dc-a409-ad69eb177310,2022-07-26,TX-100,CA,Supplier B,376,38,491,4.71,0.05
2762e6b3-8a4d-cb00-5bf5-ed26df034fab,2020-12-10,TX-500,CA,Supplier D,243,17,307,3.4,0.01
37255b14-82f5-7e60-fa14-4785ee82d2ae,2020-08-09,TX-300,NY,Supplier B,241,17,304,2.82,0.17
16221158-3e32-fc4c-d1da-2c362ff87c00,2021-03-20,TX-300,NY,Supplier D,205,26,271,3.96,0.79
ce14d0c1-132b-3140-fc40-831ddf1eca54,2021-12-19,TX-300,TX,Supplier D,215,27,288,3.84,0.11
08827ae1-3c49-57e2-6145-67a0409eed0e,2021-06-13,TX-300,TX,Supplier E,341,20,427,3.5,0.34
730c75a1-7dbe-fb0e-1e6b-d1bc27cf887c,2021-05-22,TX-400,FL,Supplier C,392,24,494,3.79,0.49
faeed1ae-db3e-383b-4bb8-54cf2350cc85,2021-07-20,TX-200,IL,Supplier C,305,27,396,3.79,0.75
84e7209d-818b-7281-27a9-46aea7b9a1f6,2023-03-16,TX-200,TX,Supplier D,304,30,397,3.74,0.0
156ab959-47a3-375c-67cc-2d855651daa2,2020-08-24,TX-500,CA,Supplier C,403,30,504,2.82,0.05
75e063aa-9468-64ba-2832-4c2c736fe310,2020-05-08,TX-200,TX,Supplier E,316,18,396,2.99,0.89
644a81b2-479e-f8f0-4076-2f62104671e3,2021-02-11,TX-200,CA,Supplier C,220,13,278,3.82,0.46
57dc9417-e743-3d9d-e10a-bea10b6ff961,2023-07-30,TX-200,FL,Supplier B,347,22,436,4.02,0.52
9bb68bb4-bbe0-943d-b2ce-16ac62602962,2020-11-13,TX-500,CA,Supplier D,292,22,374,3.1,0.67
2c4c4baf-3c5d-fed2-f658-2690ffd6e893,2020-06-01,TX-500,CA,Supplier E,462,29,587,2.68,0.5
cf4841db-ea79-47a9-d078-6d6053f25cfd,2021-09-10,TX-100,FL,Supplier E,257,16,325,3.71,0.3
52c15ca3-0c7b-65e0-badb-b31cc58163ce,2020-11-13,TX-500,FL,Supplier A,238,11,295,3.1,0.67
d25b6bf1-65e3-d269-231c-7ee0864b3a2d,2021-03-30,TX-200,NY,Supplier B,245,25,322,3.96,0.52
650ccd8e-f4ab-ed04-f47f-d3fe43d9ea1c,2023-09-30,TX-200,TX,Supplier E,311,22,388,4.06,0.9
bf81f56c-2409-3b39-a674-6d82f067efb1,2020-10-27,TX-500,FL,Supplier E,297,23,379,2.74,0.62
4803cfc5-80da-504b-8f5e-e8ae83702f15,2023-01-11,TX-400,NY,Supplier B,211,13,264,4.33,0.05
398d6896-373b-6cf0-f7bd-eb8da354435b,2023-11-24,TX-200,NY,Supplier B,220,14,276,4.32,0.5
cf594310-9056-a2c6-a190-0dd6c75edc1e,2022-10-21,TX-500,IL,Supplier D,258,17,324,3.97,0.85
dfa7322e-cf7b-456c-0859-dbbaa9fbbdf9,2021-08-16,TX-500,FL,Supplier C,343,12,417,3.77,0.23
2015c742-fbb8-d43c-7234-06407b571b09,2021-10-10,TX-200,NY,Supplier C,220,18,282,3.51,0.65
5ea16cb2-8c63-7534-5ea1-b654958dc5f6,2021-10-21,TX-100,TX,Supplier B,212,16,270,3.51,0.48
0a0ca554-087c-08bd-773a-94d8fbd0182a,2021-12-10,TX-300,FL,Supplier B,231,14,294,3.84,0.46
53cfebdc-a38b-88a3-1fd2-6a465b8c9ba3,2021-06-27,TX-300,IL,Supplier D,359,32,465,3.5,0.6
4db54b5e-214d-879e-2bff-0850253e2ce7,2020-09-29,TX-300,IL,Supplier A,212,12,260,2.91,0.33
65e464dd-7925-57c9-6c21-9a9b09b5647c,2022-08-24,TX-500,IL,Supplier E,379,19,482,4.49,0.68
6de999cf-f65a-d4c1-c696-2d40dae45420,2022-08-12,TX-200,FL,Supplier E,348,18,433,4.49,0.63
14d36a23-dc35-4f14-7796-5a79acdad50b,2023-05-31,TX-100,TX,Supplier D,327,29,424,4.14,0.09
f396e44a-ab69-6396-6e11-2be51263d28c,2020-04-24,TX-300,TX,Supplier A,267,18,338,3.56,0.55
516c8043-6463-fec8-04e8-caa76f9b1abd,2020-04-20,TX-100,IL,Supplier D,241,28,314,3.56,0.11
6bd1a584-483e-56dc-b99b-47d65e812b56,2023-02-18,TX-400,TX,Supplier D,267,23,344,4.02,0.87
adf356eb-51a8-fd04-a329-e46670568f18,2022-06-21,TX-100,IL,Supplier C,275,18,345,4.1,0.24
378e8c37-da61-1b25-4483-fc8e79211bc3,2022-01-19,TX-200,TX,Supplier C,208,10,257,3.7,0.71
81f11251-73ac-871a-f1eb-e8bcb4c0301b,2023-08-02,TX-400,FL,Supplier E,324,23,412,4.06,0.16
7434fc63-8288-905f-8c86-4bebcff3e77c,2023-01-02,TX-400,IL,Supplier D,241,20,310,4.33,0.8
6c976a43-3980-564d-82ab-dcecb606faaf,2020-06-17,TX-500,NY,Supplier B,311,17,390,2.68,0.93
b2b55732-08dc-f991-f337-8019ba6e26de,2021-08-06,TX-300,NY,Supplier D,319,19,404,3.77,0.37
236e9fe1-d023-825b-8738-64a42f71e1be,2023-12-06,TX-200,IL,Supplier B,221,14,279,4.33,0.05
8813ab8c-128e-69f9-8173-4684414ae905,2020-08-04,TX-400,TX,Supplier B,372,18,468,2.82,0.28
80a26615-f014-0c67-c143-4cf605a06876,2021-11-15,TX-200,IL,Supplier B,189,15,244,3.9,0.06
dfbd156d-480d-da02-f9c7-62a5c779bcdd,2023-09-22,TX-500,TX,Supplier E,324,15,406,4.06,0.83
c859163a-40dc-91b6-2e80-979dc542af56,2020-11-03,TX-200,IL,Supplier E,216,9,267,3.1,0.8
0d2a9d58-73c7-0436-7e60-11d1125d0551,2022-03-25,TX-200,CA,Supplier D,261,20,333,3.78,0.1
d069be4e-9cee-9b4c-08ed-090595b7c9a0,2022-04-28,TX-500,IL,Supplier D,372,31,482,3.88,0.19
8336ba6a-1b99-bf8a-3923-33814104369a,2020-08-23,TX-200,IL,Supplier B,330,25,417,2.82,0.42
ed07028e-0737-5d1c-96ca-6be0a97dfd19,2020-06-30,TX-100,NY,Supplier A,299,15,373,2.68,0.42
70327846-3570-16e4-de01-88d22e3cf19e,2023-12-03,TX-300,FL,Supplier B,227,15,282,4.33,0.59
621bde84-2c91-d741-0085-e9b79ae77a08,2022-08-19,TX-100,FL,Supplier B,299,18,376,4.49,0.6
1987081d-8406-da53-c99a-04522e429514,2022-04-13,TX-400,NY,Supplier E,279,15,350,3.88,0.47
a1f62746-bc49-cb11-eb10-a925577931bf,2022-10-26,TX-400,FL,Supplier C,236,20,300,3.97,0.33
b355d4f9-63c3-ae8e-62cf-70fc5b8ddd27,2022-11-15,TX-200,NY,Supplier D,228,27,302,4.13,0.17
a01f8961-e52b-d418-c0ae-72b0aa57ad88,2020-08-07,TX-200,TX,Supplier A,313,22,398,2.82,0.02
48d383f9-355a-aba9-7b0a-4d63ae35e647,2021-01-03,TX-400,IL,Supplier C,207,18,269,3.45,0.2
e1cee55b-c1f9-1c8e-509d-73f1700fd919,2020-11-09,TX-200,IL,Supplier C,243,15,311,3.1,0.09
48cd932d-19e3-8fb9-23ca-904a3e5c0437,2020-10-04,TX-500,CA,Supplier A,318,24,417,2.74,0.53
2b598419-0a46-bbe7-4e71-fe171df18db0,2023-05-25,TX-500,FL,Supplier C,414,31,526,4.14,0.46
15f0283e-3f53-57d5-5066-445c16cb6ccf,2023-07-18,TX-500,TX,Supplier E,457,26,570,4.02,0.98
f6c1bfae-d56c-5bdb-07c2-9bab3bf951a0,2023-10-05,TX-300,NY,Supplier A,211,13,271,4.1,0.39
bbe8cfb5-e391-2ed4-9f2b-e321c715ebc5,2023-03-31,TX-300,NY,Supplier D,277,18,350,3.74,0.1
8bf4e289-928e-2b31-0180-84f404b1a8ed,2021-11-06,TX-100,CA,Supplier D,209,16,270,3.9,0.04
d08a0134-7005-1c13-3a40-636c52a7ff89,2022-07-25,TX-100,CA,Supplier A,328,21,423,4.71,0.34
c0b3dfab-afde-784f-0746-325e1e5357ba,2022-06-16,TX-100,TX,Supplier D,374,26,482,4.1,0.85
3cdb0b6a-e2bf-7bac-982d-0a2469e6c287,2022-06-01,TX-200,NY,Supplier E,265,16,333,4.1,0.4
b1a05cbe-d697-ca00-e559-a514c8005115,2021-02-27,TX-500,CA,Supplier A,299,21,382,3.82,0.13
02840fb9-ed80-2d74-8546-9cc55bee1baa,2023-01-20,TX-200,NY,Supplier A,220,17,282,4.33,0.86
4eec6e8e-a779-171c-5c5d-278141a4da73,2020-08-29,TX-400,FL,Supplier A,346,31,448,2.82,0.05
085002aa-778e-5a14-7ca1-07e065c7f0a3,2021-12-19,TX-400,IL,Supplier B,197,18,253,3.84,0.11
e2cd00b8-097c-183e-e567-97731eb98365,2023-05-19,TX-300,TX,Supplier E,362,20,452,4.14,0.93
ccf35e5e-b7a2-5eb2-73d8-bf0117ea3633,2020-08-08,TX-400,TX,Supplier B,341,28,426,2.82,0.06
5f357399-84a5-c94b-d6de-affeccc25d41,2023-08-16,TX-100,NY,Supplier E,264,12,332,4.06,0.81
7bfd87a0-ea8e-1f0b-3be3-2fb7d57f2529,2020-01-21,TX-100,NY,Supplier A,195,23,255,3.17,0.21
4c72e954-def8-62f3-85cc-f0915943a74b,2022-04-30,TX-500,FL,Supplier B,332,12,408,3.88,0.47
e17afefb-01e1-ebe0-1b3b-66edd96593b8,2023-10-03,TX-300,NY,Supplier E,216,21,284,4.1,0.48
6b8940f3-bb1e-d57b-b527-9b5e12e15390,2022-07-18,TX-200,FL,Supplier D,320,31,420,4.71,0.19
244c3f6b-7da6-3a31-9e5d-7b1e4634375d,2021-11-25,TX-300,NY,Supplier B,174,13,221,3.9,0.51
f401d017-f013-c328-c95c-0a56543f1884,2020-01-17,TX-200,TX,Supplier C,206,14,262,3.17,0.56
e57ef8b7-ff3d-941e-c960-71a1791621d0,2020-02-29,TX-500,FL,Supplier C,229,23,297,2.91,0.9
a0c1f9c3-07b1-0f7a-2c02-3e306319e369,2021-09-14,TX-300,CA,Supplier C,335,26,429,3.71,1.0
2aa5a70e-c476-a0bd-cded-377ed48c409d,2020-08-14,TX-300,TX,Supplier C,295,33,387,2.82,0.32
8ae3f73a-a583-bf18-6b8f-61294e82cf0c,2021-09-05,TX-200,CA,Supplier D,360,31,467,3.71,0.08
5e4c3b34-46ba-0332-789e-36a8b88328dc,2021-09-15,TX-200,IL,Supplier D,309,23,390,3.71,0.7
3d9fd9b7-5a42-b604-04b7-1b6df160b3e7,2023-02-24,TX-300,FL,Supplier B,250,20,320,4.02,0.57
72ac4784-487a-49f0-9527-e4500085f28c,2023-05-15,TX-500,FL,Supplier B,338,28,436,4.14,0.36
39a4cda0-8171-8d75-36ef-039802ab1cd4,2020-12-28,TX-400,IL,Supplier A,198,14,251,3.4,0.09
c167ef95-74d7-fc71-d066-f00f2715fdec,2020-11-29,TX-500,CA,Supplier A,275,17,349,3.1,0.48
7ece29dc-61c0-da65-6b8e-668b8711233a,2022-12-27,TX-300,NY,Supplier D,209,15,267,4.43,0.79
1e497903-6483-06cd-d764-76ab2a198d05,2022-04-17,TX-200,IL,Supplier A,262,17,331,3.88,0.13
82de75d1-b3f0-ba99-6e3b-d8460e25e51a,2020-07-05,TX-100,FL,Supplier E,335,26,433,2.82,0.47
4255b69a-6beb-5447-d888-97cd2a31ba62,2020-01-15,TX-500,TX,Supplier B,246,16,312,3.17,0.63
084e2944-3e7f-7b50-9954-b6774720a269,2020-04-16,TX-100,FL,Supplier C,251,16,314,3.56,0.28
b00b4ef2-66e9-7fc3-d681-ffb3b7de40a0,2023-10-28,TX-300,TX,Supplier D,217,22,283,4.1,0.91
7f01a84b-befd-f4e6-8f2c-d8d787096d56,2021-07-15,TX-100,IL,Supplier A,277,17,348,3.79,0.65
a35b321c-de1e-1ca1-0380-23e7722113bd,2023-02-15,TX-100,FL,Supplier C,241,22,314,4.02,0.39
2f4d6de9-34fc-1d8d-f86f-2df216e7c77e,2023-11-08,TX-100,TX,Supplier A,265,21,340,4.32,0.44
ea4427f7-0504-e377-a079-11f3d6bb7ac5,2023-09-24,TX-200,TX,Supplier C,277,26,357,4.06,0.84
f6834400-d532-836b-6ba8-c22976ce0e23,2020-08-04,TX-300,CA,Supplier A,394,25,502,2.82,0.28
17dbbd44-e2a3-6aec-9d2d-495c8c938f16,2020-06-24,TX-200,IL,Supplier A,287,13,354,2.68,0.92
356ad038-9ddd-d4d9-723d-234e8cc98795,2021-02-09,TX-300,FL,Supplier B,198,15,254,3.82,0.18
4602145f-9a32-bb91-363a-155256e42b1d,2021-01-09,TX-500,NY,Supplier A,200,13,253,3.45,0.61
fb9c5344-abf1-1aed-a7f2-0697a3539b29,2022-08-28,TX-500,IL,Supplier A,291,22,372,4.49,0.89
8fd62c5c-1a7f-e046-e59d-6f7a2b4eb218,2022-10-11,TX-400,FL,Supplier D,313,20,396,3.97,0.32
f2f3a525-0c69-2fc4-463d-659f3f8c61e7,2021-01-11,TX-100,CA,Supplier E,204,12,258,3.45,0.24
67a69a6f-56cc-840d-0d11-b7f5c4d62056,2020-01-30,TX-100,IL,Supplier C,185,11,233,3.17,0.78
5f3b1dbb-8bb4-6803-dfeb-1eb348df99de,2022-06-19,TX-100,TX,Supplier C,370,25,465,4.1,0.53
c459d62f-5d11-cbdf-87b9-26ccd5f1e13c,2020-01-29,TX-400,TX,Supplier D,228,16,289,3.17,0.56
3095d40f-82af-2cb5-c241-63b3eec99c91,2023-12-26,TX-200,IL,Supplier C,206,12,255,4.33,0.51
73c9e3fa-ec5e-b3b4-a1b7-65d6f1fddcb0,2020-11-16,TX-400,IL,Supplier A,215,27,285,3.1,0.76
304f3f31-d17b-dc9b-20b7-2a5da9182348,2022-05-01,TX-400,CA,Supplier C,333,21,417,3.99,0.26
f2a0e077-ff52-d9cd-43fa-d65a68f9d278,2022-12-12,TX-400,CA,Supplier A,236,14,301,4.43,0.5
75e74dbc-caab-4872-a559-2c427d9ba71e,2023-09-15,TX-200,TX,Supplier B,356,18,452,4.06,0.31
1a93b271-590d-efef-e76b-a0fe0c103305,2022-05-16,TX-300,TX,Supplier C,325,20,407,3.99,0.07
54529ff1-6397-7c96-22fb-ae0f7e6e14ec,2020-01-03,TX-100,TX,Supplier D,189,20,247,3.17,0.79
93f27339-18a6-80fb-39df-42b83fc5219b,2021-05-17,TX-400,NY,Supplier D,338,20,421,3.79,0.18
cf4a5116-380d-b0b6-bfbb-a509019919b7,2022-07-23,TX-100,IL,Supplier B,340,26,439,4.71,0.15
8fb89ddf-7204-e63f-bb06-fc892cf83051,2021-06-05,TX-200,TX,Supplier B,317,27,405,3.5,0.84
2b851c24-68b4-23a1-93c2-1d442c16b6d5,2020-11-08,TX-200,IL,Supplier D,186,16,241,3.1,0.12
1e6a227b-6f1f-884f-e157-95f2d3c048a4,2020-01-28,TX-400,CA,Supplier E,253,17,325,3.17,0.66
2aca67e0-7fb3-2866-a80e-b57d4b7f5812,2021-02-13,TX-200,FL,Supplier C,234,12,292,3.82,0.64
2a5696a9-cdc2-d275-fc7e-0a6d6adc1a85,2022-03-14,TX-200,CA,Supplier B,304,29,399,3.78,0.91
74d86cff-b2d4-98a7-6de9-3e580d048376,2023-10-17,TX-500,FL,Supplier D,261,14,326,4.1,0.98
736848c3-f602-c107-27f0-d8c8223cf160,2023-06-27,TX-100,TX,Supplier C,336,28,431,4.27,0.79
3e0e5cee-7700-02ad-8f24-b577628d4c0b,2023-09-11,TX-300,CA,Supplier C,356,32,461,4.06,0.4
509e72b3-6abd-457c-3d35-2da23a8756f5,2020-02-29,TX-400,CA,Supplier D,243,26,316,2.91,0.9
106d1d1f-8823-5901-87b5-abf192207c38,2022-01-24,TX-200,CA,Supplier B,252,19,317,3.7,0.13
fcaa3e17-4b81-0bec-d4e3-672dc06f0281,2022-12-03,TX-100,TX,Supplier C,193,17,245,4.43,0.79
d9d823d0-2f3f-70a7-31ef-8f1609cbf879,2020-06-17,TX-400,FL,Supplier C,383,35,495,2.68,0.93
1a362b59-98f5-9452-c469-c2fef0b88f04,2023-01-30,TX-100,CA,Supplier E,212,13,271,4.33,0.75
09935f68-7ea6-9bbe-e083-1a61dd046e13,2020-04-15,TX-300,CA,Supplier A,303,18,384,3.56,0.67
b1634055-b2e9-ae86-01f1-8b102401f64d,2021-01-23,TX-100,FL,Supplier B,219,13,277,3.45,0.75
d5206699-9ee9-24d3-68d8-58c14641d6e6,2022-09-20,TX-200,CA,Supplier C,321,25,413,4.26,0.66
ebaa27f4-ebc4-0b4b-5fcb-5a080ff4d7aa,2020-03-26,TX-500,TX,Supplier A,302,17,386,3.22,0.02
f0293a77-82ed-f303-7955-47668c926437,2021-05-04,TX-100,IL,Supplier C,283,18,355,3.79,0.84
1ca123dc-195f-5357-0fb9-335e37dd4453,2022-12-21,TX-500,CA,Supplier A,240,16,304,4.43,0.32
d6ce64af-4960-7176-8458-5efb71040674,2020-04-28,TX-400,IL,Supplier B,311,22,394,3.56,0.32
cce168a0-8024-ebb3-580b-c51acc3f506b,2021-01-16,TX-500,CA,Supplier C,256,24,332,3.45,0.77
59fff6fa-7960-d1c6-281c-13559d2fc6ff,2020-10-24,TX-200,CA,Supplier D,272,22,351,2.74,0.25
e0737d4c-4cfe-2902-3798-74517bbbd4e7,2022-01-12,TX-300,FL,Supplier D,215,23,279,3.7,0.32
aca8e62c-1ac5-37c4-4da4-e26692cbfc21,2022-07-02,TX-300,TX,Supplier A,371,28,468,4.71,0.13
218f8381-925e-0ecd-0866-49fb4f3b6b10,2023-07-12,TX-100,NY,Supplier A,271,18,346,4.02,0.88
494350ef-c876-0f3f-305c-0ec1c3bfa44b,2023-08-25,TX-200,FL,Supplier C,368,22,466,4.06,0.53
b25e943a-bcfd-8116-92e7-56422b42e8a1,2022-01-09,TX-100,TX,Supplier B,210,21,272,3.7,0.6
078fd134-c027-4f93-4f0f-60dbb5958298,2022-07-25,TX-100,TX,Supplier A,299,20,378,4.71,0.34
e254f95d-a7ad-191a-2552-cf9136b9373e,2020-10-02,TX-200,IL,Supplier E,277,14,341,2.74,0.65
58f63d00-2e4e-8bec-f680-7b50466abf0b,2023-01-14,TX-500,TX,Supplier A,244,15,310,4.33,0.77
3baf519a-dae6-9b8a-fa22-ceea95cf9be0,2020-08-29,TX-200,IL,Supplier C,258,19,325,2.82,0.05
0cfcaada-b36b-e2b9-d5ae-3c111b417701,2022-04-23,TX-500,CA,Supplier E,362,21,458,3.88,0.1
350f6684-2e68-31ad-3ed6-c1aac00bd2b6,2022-03-23,TX-200,CA,Supplier A,267,19,340,3.78,0.78
9440f94c-4ff3-66fc-831f-cfd21af3bc70,2022-04-15,TX-400,FL,Supplier C,274,20,351,3.88,0.38
ecc195da-3ff0-342a-310f-7422f98cdf93,2021-11-24,TX-100,FL,Supplier B,222,16,281,3.9,0.0
e8970ad9-8c69-5f9d-7984-581db3120f25,2020-12-15,TX-200,TX,Supplier C,223,15,279,3.4,0.44
8e048b35-34c1-14a4-70c1-a87ac57fa8dc,2020-12-25,TX-100,CA,Supplier C,237,24,306,3.4,1.0
967cf88e-8d89-70e4-c8f5-039a4d92c564,2023-07-01,TX-300,FL,Supplier E,329,17,409,4.02,0.57
c25a1160-9c26-0c5d-8329-04172e350c3f,2023-09-11,TX-100,NY,Supplier A,240,11,300,4.06,0.4
98b02ecb-16a6-8b74-b58b-d5ecf127112e,2020-02-12,TX-400,CA,Supplier B,246,14,311,2.91,0.45
1b820cbf-bd0a-55bd-3038-a0d3677954dc,2023-05-02,TX-400,IL,Supplier E,343,19,430,4.14,0.98
ebbb3f95-ae49-7a87-db68-5491f0107989,2022-03-10,TX-500,CA,Supplier C,331,21,421,3.78,0.96
cd2058cf-e0a0-08d2-c034-35f93ec91da4,2020-01-26,TX-500,CA,Supplier D,257,34,343,3.17,0.28
83a3e298-b1b6-ed0c-11ae-924337fbacac,2023-04-29,TX-200,TX,Supplier E,317,18,391,3.94,0.58
596373e3-03e9-c375-1363-b79ef09d7e67,2022-12-09,TX-400,CA,Supplier B,220,25,293,4.43,0.18
33426fa0-ebda-5e15-67cb-905cf40b4945,2023-06-30,TX-300,TX,Supplier E,348,16,428,4.27,0.37
f1588cdf-9117-169d-01c6-6fd2c65a1300,2022-09-06,TX-100,CA,Supplier A,280,15,352,4.26,0.4
9ec6cd97-f1bd-5090-d913-00a3be22098b,2021-12-11,TX-500,IL,Supplier E,207,15,265,3.84,0.71
4b426082-0df5-8fb0-1221-1dfc20e22313,2022-11-07,TX-200,NY,Supplier A,242,11,299,4.13,0.64
a4404f39-1d92-62da-dfa6-5156f545f81f,2022-01-10,TX-400,NY,Supplier B,207,17,265,3.7,0.22
d342c460-35b4-b5c6-e975-555807fb3d77,2022-01-01,TX-300,TX,Supplier B,192,11,240,3.7,0.92
fced4ee8-59a3-6f30-2adf-5c42bd87dbd9,2020-05-04,TX-400,IL,Supplier C,316,11,392,2.99,0.16
8f55ace0-4fa4-f7cb-4f5a-22d525414ba0,2022-10-22,TX-400,NY,Supplier C,271,17,346,3.97,0.32
3e71cc09-8779-4f62-1f6c-fad486e1fb7d,2020-05-24,TX-400,NY,Supplier B,322,35,424,2.99,0.15
76e5d314-58b0-06bf-8327-3b9e774230bd,2021-09-26,TX-400,TX,Supplier A,349,15,435,3.71,0.63
84f04fa8-7172-d766-2df9-8addf5c40823,2021-01-14,TX-100,NY,Supplier D,150,15,195,3.45,0.8
f95a918b-3f7d-f8b7-d5b4-114f030ba7eb,2021-02-16,TX-200,CA,Supplier D,280,18,351,3.82,0.95
aa8b04c6-07ba-06c7-f111-2f099a97ff3e,2023-07-02,TX-300,TX,Supplier B,358,20,453,4.02,0.27
3f537f12-b141-e9cc-1840-939ca42db66f,2023-11-22,TX-500,IL,Supplier E,228,12,283,4.32,0.19
492498b8-772e-ffee-c97a-eea5d286621d,2021-07-25,TX-300,CA,Supplier A,317,20,401,3.79,0.49
17793d0a-f97a-7600-fe2d-b88e30cc2861,2021-08-18,TX-500,TX,Supplier C,406,35,523,3.77,0.86
657d3fad-a9b3-43e1-d487-56519f5a5f79,2021-07-18,TX-400,IL,Supplier E,360,16,448,3.79,0.29
01b806fd-7f82-5d2c-b79c-b64e0863bc77,2021-05-07,TX-100,CA,Supplier B,303,24,394,3.79,0.84
b27bb203-774e-1b84-a384-e66832ec8ab2,2021-02-24,TX-100,IL,Supplier D,235,10,292,3.82,0.4
ad3017bd-b693-bf47-4446-b388891b5735,2023-06-12,TX-300,TX,Supplier E,337,19,423,4.27,0.05
c2ff59ad-7970-b9e6-caf5-fc66bdd5b468,2023-11-27,TX-300,TX,Supplier C,253,26,330,4.32,0.44
48a6dbfb-865e-51cb-87ca-0435f9077bd4,2021-01-01,TX-400,CA,Supplier B,246,18,308,3.45,0.14
969f276d-22d0-3bf5-3591-662e0dade833,2021-03-14,TX-400,CA,Supplier A,277,23,359,3.96,0.57
f6c0e7d8-3142-d593-ee03-2e813d119c01,2020-09-30,TX-300,TX,Supplier D,283,39,379,2.91,0.54
9de08138-915b-9823-2639-5062ea972434,2021-06-30,TX-100,TX,Supplier E,310,24,400,3.5,0.7
416f90d8-2dab-845b-e460-22b5cd0a2dbf,2021-07-16,TX-500,CA,Supplier D,389,32,500,3.79,0.97
20dbb0ad-6001-2016-33d2-55733243025d,2020-07-30,TX-500,IL,Supplier D,353,33,456,2.82,0.82
e15f45ee-3210-fc06-10ad-7b028713e627,2022-02-09,TX-500,IL,Supplier B,273,21,347,3.6,0.05
f51d8472-05f4-9f62-c280-1bf7d0395757,2022-09-17,TX-300,NY,Supplier E,253,15,316,4.26,0.09
df99f601-0742-5745-8941-3a62e709f75a,2020-06-30,TX-100,IL,Supplier C,321,34,420,2.68,0.42
2d126bc9-bdf4-a05c-cbd3-1152b56f5274,2023-08-15,TX-500,IL,Supplier E,370,17,458,4.06,0.4
d8073a72-bdd5-0e54-7f93-f3932142323c,2022-12-12,TX-300,CA,Supplier B,253,17,325,4.43,0.5
b771f160-0ec4-4fc1-585b-8e26fa422934,2022-05-17,TX-500,NY,Supplier C,308,28,395,3.99,0.14
0326ca20-fbe0-7f3e-5484-03f80ca31333,2022-11-12,TX-500,FL,Supplier C,234,16,295,4.13,0.22
bcff7828-617c-17e6-d60e-6e4127d5569e,2023-03-31,TX-500,NY,Supplier A,269,24,342,3.74,0.1
c685843d-e012-ae2d-095e-e43648db17c2,2020-12-18,TX-300,IL,Supplier C,194,17,249,3.4,0.78
f49adff7-bdd8-2a86-df46-a85fa582a498,2020-01-10,TX-400,CA,Supplier C,226,22,293,3.17,0.11
3f296946-e8e0-a8f4-e494-d1631dcb03d7,2021-11-30,TX-500,FL,Supplier E,225,8,277,3.9,0.84
8cb12f36-672a-9ae9-d239-ac803d88c4f1,2022-10-07,TX-100,NY,Supplier C,241,20,308,3.97,0.95
642684f7-55a2-969c-ec0f-28e897de5aaf,2020-12-26,TX-300,NY,Supplier D,201,15,256,3.4,0.67
6a6c0aa7-ce7d-1a0b-a887-09696147b8ef,2020-11-03,TX-500,FL,Supplier D,256,13,318,3.1,0.8
d224568f-f2a4-8735-515f-ef62d6a3aeed,2022-06-25,TX-300,TX,Supplier A,315,19,395,4.1,0.78
644114a0-fc3b-1ef5-c1e9-7883cdf42265,2022-02-08,TX-200,IL,Supplier C,244,12,302,3.6,0.27
40bf1d02-63f1-c4f5-7a06-df7e56995b0e,2021-12-05,TX-500,NY,Supplier C,185,12,233,3.84,0.68
0f35f9e8-b5c8-b2d5-3fc0-7b9484392a84,2021-07-20,TX-300,NY,Supplier C,307,20,381,3.79,0.75
13e8bcac-f6a1-70ca-c408-b56d717768aa,2020-06-14,TX-400,CA,Supplier C,367,24,461,2.68,0.74
46b95e56-eca3-a99a-66b0-6ec40c0be392,2022-03-16,TX-300,TX,Supplier C,227,18,291,3.78,0.47
45561e73-5351-1b1b-051d-4f62ddc43781,2023-03-31,TX-300,CA,Supplier E,280,16,352,3.74,0.1
4cee1fb0-23a0-f2b9-be5d-b5a3372a2263,2021-11-25,TX-500,TX,Supplier A,250,16,320,3.9,0.51
bbad4646-353b-0c5d-981c-ee5c257649a1,2021-04-03,TX-400,NY,Supplier C,247,16,309,3.68,0.49
c6a5ebcb-1558-c07d-6013-5f4535b5dd69,2023-05-07,TX-200,FL,Supplier B,364,39,478,4.14,0.4
b1a338db-f938-9543-7bab-ccb15de76d3b,2022-12-16,TX-300,TX,Supplier E,211,10,262,4.43,1.0
ff7247ac-c9b2-0696-ad58-2e8c575adf18,2022-09-24,TX-400,FL,Supplier B,332,34,434,4.26,0.78
21cf8858-ff5a-13cf-4ec3-ddbc6c3cf5c7,2023-03-11,TX-300,FL,Supplier C,223,21,284,3.74,0.52
a2deb1e7-bcac-c530-8104-3b3876636fac,2022-03-05,TX-500,FL,Supplier B,270,24,348,3.78,0.09
801a1c9c-f3be-86b5-7011-82a970dcad75,2020-01-09,TX-200,IL,Supplier D,169,15,216,3.17,0.14
076a6b86-e3f6-808c-812d-d37e16e16c93,2023-07-31,TX-100,CA,Supplier B,354,26,461,4.02,0.46
08d34a48-31bb-79b6-21b6-2dc6aa1cac1e,2022-10-11,TX-100,TX,Supplier D,244,24,318,3.97,0.32
660b2dce-2dbe-cc02-fbcc-5e7be1863fbb,2023-06-27,TX-200,CA,Supplier D,396,40,519,4.27,0.79
0d25a6f2-a72e-45fa-1a19-de62aca1ee83,2021-05-08,TX-500,NY,Supplier A,350,25,442,3.79,0.99
8f219674-2890-411b-9931-4218188c8ded,2023-07-26,TX-300,TX,Supplier A,397,31,513,4.02,0.28
14a878ea-8a23-b58b-6311-e0dd2d1ee627,2023-10-07,TX-300,TX,Supplier E,246,18,313,4.1,0.39
6e05bdff-e542-a297-eacd-27d1dfd58f1e,2020-10-01,TX-200,TX,Supplier C,301,24,384,2.74,0.85
573feb9b-8117-6b36-a5ac-b1eb711e8adf,2022-02-13,TX-200,NY,Supplier A,231,15,296,3.6,0.84
343afb3e-16c8-37a1-3762-1cb72862a93d,2020-05-07,TX-200,FL,Supplier C,271,22,349,2.99,0.99
effad78b-64c9-4189-bfd1-a8cbd01aaca9,2022-03-07,TX-300,FL,Supplier E,243,9,299,3.78,0.4
2769d12a-66cb-6e35-491c-197c44f3bf6b,2021-05-09,TX-200,FL,Supplier D,354,32,456,3.79,0.14
d0cb2e0c-7b47-0eac-6340-6e495594f2c3,2023-02-10,TX-400,TX,Supplier D,284,23,364,4.02,0.4
81cedc62-3f46-c84d-f39e-d301f8008c25,2022-09-19,TX-200,CA,Supplier D,276,17,349,4.26,0.66
c105920f-7aaa-b89d-3a75-0f9a52aef454,2023-01-07,TX-500,CA,Supplier D,299,33,389,4.33,0.1
6d39807d-d482-00e3-88dd-c75f89b1614d,2020-06-04,TX-300,IL,Supplier D,344,20,432,2.68,0.23
b77f57b3-b535-45d5-03e0-747782d6e036,2021-07-13,TX-200,IL,Supplier D,278,20,356,3.79,0.44
11917c0a-73ac-5f1d-a07a-3ffc4c30ea7e,2021-07-22,TX-400,FL,Supplier D,400,37,527,3.79,0.12
3e80b45f-cfda-8696-9f3e-641576f97c52,2020-10-13,TX-200,FL,Supplier C,226,13,284,2.74,0.1
c5e047dd-d0ee-1d8f-4d23-0f82d258e45d,2022-12-21,TX-100,NY,Supplier C,182,15,238,4.43,0.32
73a61a85-65f2-9358-a79a-1822230671ec,2020-05-29,TX-400,NY,Supplier E,321,13,400,2.99,0.31
f6bb7f00-77f0-c992-b7d6-6c87ecbcb86c,2021-12-25,TX-300,NY,Supplier C,185,19,244,3.84,0.0
8e5cb7c6-ad01-3449-b6be-efc465ca268a,2023-04-23,TX-300,NY,Supplier B,234,23,307,3.94,0.53
f9a691cf-f563-0cfb-6569-ad16b9d70791,2022-03-03,TX-200,CA,Supplier C,281,17,348,3.78,0.52
dd8fb461-39d7-1af1-f71c-a3d8fd6fe826,2023-03-15,TX-400,NY,Supplier D,242,19,305,3.74,0.07
f5c58121-14f5-060d-43d9-e1d3d89f7d1a,2022-04-28,TX-100,TX,Supplier E,297,16,373,3.88,0.19
b0a6d3d0-06f2-892f-686d-55ae1e2f164e,2020-05-25,TX-300,IL,Supplier C,299,26,389,2.99,0.18
430d1686-b23a-516b-fdfb-867fd6bd9fb5,2021-05-01,TX-400,TX,Supplier D,296,34,387,3.79,0.53
512b54f8-3924-cb20-410d-d0bc28dce66c,2020-12-30,TX-200,NY,Supplier B,169,11,213,3.4,0.03
4c9c5c53-2575-0ab0-6321-6a5774fbbdf4,2023-04-21,TX-400,TX,Supplier A,316,29,409,3.94,0.75
df12cb31-0b7c-b2c2-cd28-ab452095c925,2022-06-26,TX-300,CA,Supplier C,368,27,474,4.1,0.52
1cfab2d3-13e0-db67-c283-2df708cb2b11,2022-07-18,TX-100,FL,Supplier B,356,33,459,4.71,0.19
11774ae8-481d-b5ca-228f-c5f016a8a496,2023-06-29,TX-400,FL,Supplier E,418,23,524,4.27,0.88
0b1a2b6a-0ea5-9d81-4262-744dab1ce1ec,2023-10-04,TX-500,TX,Supplier B,356,26,457,4.1,0.46
3810a62d-91db-a339-f9c6-8f29f72027f6,2020-03-23,TX-100,TX,Supplier A,292,25,369,3.22,0.58
cd1a7857-76fa-04db-ba93-3da41b4f5572,2021-08-09,TX-400,IL,Supplier A,322,27,413,3.77,0.68
226cd09f-91f6-2a8a-c56a-4eeb82cd7acc,2023-05-12,TX-300,CA,Supplier B,356,31,458,4.14,0.1
326252fa-2abc-2bcb-ba25-7ca5a1e84448,2023-09-06,TX-500,FL,Supplier B,378,28,474,4.06,0.83
456b317a-5aba-2e32-fe19-eb9e033ada09,2023-10-08,TX-200,CA,Supplier C,314,23,402,4.1,0.09
1c3453b0-e526-756c-f4ac-189efc636462,2022-08-02,TX-500,NY,Supplier A,385,22,476,4.49,0.92
6d927af5-bac8-2da0-1b97-10b86c8c1ea9,2023-04-03,TX-200,NY,Supplier D,250,16,311,3.94,0.18
636f0045-2d00-ffc7-0069-a93f7a6e7f80,2022-08-23,TX-200,CA,Supplier C,319,38,422,4.49,0.18
40105188-5b7b-dc11-8fca-f3a483944f4e,2023-07-16,TX-200,CA,Supplier C,423,32,543,4.02,0.48
7ce97004-cf8c-669c-b724-160ccb7c37d5,2022-02-07,TX-400,TX,Supplier E,279,12,349,3.6,0.62
e7fff638-9c2b-8807-0478-777e621b8e4b,2020-06-18,TX-200,CA,Supplier D,425,26,537,2.68,0.4
fce63b87-b4dc-ede6-bdb3-82981108739f,2023-06-14,TX-500,IL,Supplier A,336,19,424,4.27,0.39
ccad9d69-d941-7c74-5e10-9f0f712e8485,2023-03-20,TX-300,TX,Supplier E,299,22,377,3.74,0.17
c1101fc0-a765-a45d-6e20-389c3c5e2a21,2022-04-07,TX-200,NY,Supplier E,295,21,376,3.88,0.32
1b4758f9-a305-1726-5ea1-a58999bb7814,2021-12-31,TX-200,NY,Supplier B,199,18,259,3.84,0.25
2fbdfd59-d5f1-f5ae-6c66-a9af2df97ddd,2020-01-23,TX-400,IL,Supplier B,206,18,266,3.17,0.85
0acc0a3d-96a2-67df-de14-b6246531be41,2021-03-04,TX-100,IL,Supplier A,227,15,290,3.96,0.63
f81db42a-f9db-ee63-3393-fbf734761228,2020-01-28,TX-200,TX,Supplier E,203,14,259,3.17,0.66
081bcb4c-262f-6299-a295-138218801bf2,2021-10-27,TX-500,IL,Supplier C,289,26,382,3.51,0.19
958ef1b6-858c-7010-7042-6fc2b152c57d,2022-03-27,TX-200,IL,Supplier A,270,21,344,3.78,0.87
027229d6-f8b0-512a-f9bd-b88347708fea,2023-08-10,TX-100,TX,Supplier D,305,23,380,4.06,0.14
299ddd94-b4da-6224-045e-e6cf35a5fd3a,2021-02-11,TX-200,FL,Supplier C,256,26,328,3.82,0.46
b7ef8d14-f126-cb0b-daf3-4a712d56214c,2020-06-09,TX-300,FL,Supplier B,303,27,389,2.68,0.69
fe3f698a-c1f5-1ac9-e94f-912550c6657a,2021-11-07,TX-100,CA,Supplier C,266,13,339,3.9,0.25
7b82c610-14cb-8f99-0277-614552c6b7e3,2023-01-28,TX-200,CA,Supplier D,232,13,291,4.33,0.75
54646531-b9f4-4502-cb13-69255ae45d47,2020-01-21,TX-400,CA,Supplier C,244,28,316,3.17,0.21
82960637-94e9-9c9d-00ba-cae4098cb220,2021-04-30,TX-100,IL,Supplier E,249,22,319,3.68,0.21
590a3e24-afa6-a571-9e77-ab9e9bf2679b,2023-05-30,TX-500,CA,Supplier B,377,29,480,4.14,0.38
5eb0d266-9cae-892e-8136-cf37c6bd1b21,2023-02-25,TX-100,FL,Supplier D,245,19,313,4.02,0.55
d6f52911-0810-300b-8a0f-67433749a787,2022-07-11,TX-300,TX,Supplier C,336,34,439,4.71,0.12
04e4146f-a300-44c7-da8f-06c47bab20fb,2023-04-21,TX-100,FL,Supplier D,267,22,347,3.94,0.75
75c6c916-45e7-0a04-31c5-cee8e1c7f4af,2020-01-21,TX-500,NY,Supplier C,184,14,236,3.17,0.21
2514239f-31da-7b1f-587c-22052754f5e5,2023-10-27,TX-200,CA,Supplier C,289,20,369,4.1,0.57
5cb02c78-89e5-bbec-98d0-87b512f1dae3,2022-08-05,TX-200,CA,Supplier A,366,30,467,4.49,0.0
27365ba1-bc2e-f5cf-5858-ed0fdd595ee1,2022-02-18,TX-300,NY,Supplier B,212,16,272,3.6,0.25
c1730feb-5356-4ad0-322f-8d7ed3ce92a3,2022-09-01,TX-500,CA,Supplier D,436,31,556,4.26,0.66
3ff9b51a-e5e8-d977-599d-1a021d6b1ed6,2020-10-30,TX-300,IL,Supplier D,232,12,288,2.74,0.57
3af706a4-3801-26b4-3c21-0da7f39ecab2,2023-09-26,TX-500,IL,Supplier A,285,20,362,4.06,0.13
7819e53a-2b4d-482a-29d7-f50a7251e258,2022-02-18,TX-100,TX,Supplier D,246,20,310,3.6,0.25
a7b1a1df-5eef-8622-5b83-c319b9179568,2022-05-18,TX-500,NY,Supplier E,377,23,472,3.99,0.3
802ef188-bdc5-c278-5afd-6c894c1a33b1,2022-08-27,TX-400,FL,Supplier A,313,27,404,4.49,0.45
8cfd3a5a-1189-727c-dc59-165affda0f9e,2023-08-29,TX-200,TX,Supplier B,333,25,426,4.06,0.71
51c22107-6154-6714-1e9b-9d72ba4d3239,2023-02-04,TX-500,FL,Supplier C,287,20,368,4.02,0.75
cddab891-4466-2252-6903-3b883d63414c,2023-06-30,TX-200,TX,Supplier D,329,27,420,4.27,0.37
53e0251c-07f3-52da-fac0-e94c04916e24,2021-11-18,TX-300,TX,Supplier D,247,22,316,3.9,0.3
d0e67408-1fa0-bcc5-87c4-2c7228373024,2021-10-01,TX-500,FL,Supplier E,330,22,412,3.51,0.54
616896d9-5211-f944-7b43-2f7809a42247,2020-08-03,TX-300,TX,Supplier C,343,19,435,2.82,0.17
1dd1b552-04b2-5578-f8fa-6c875d4800fa,2022-01-17,TX-400,IL,Supplier E,194,18,249,3.7,0.17
0ead524e-4582-06e6-0c83-8753d16b7945,2023-07-15,TX-400,FL,Supplier C,361,26,453,4.02,0.81
ed5b6f2d-a2da-0fc6-0ef7-bec8d0026b74,2021-10-05,TX-200,CA,Supplier A,268,21,344,3.51,0.33
d8e8692a-3214-c492-f822-25cd82cd7d80,2021-02-08,TX-300,NY,Supplier C,182,15,234,3.82,0.09
ae598d33-6f49-f6a4-a514-bec059d671b8,2021-07-22,TX-400,TX,Supplier A,418,32,538,3.79,0.12
a9604097-8902-a0b5-596d-c8549c23f4a6,2022-01-18,TX-200,IL,Supplier B,205,15,262,3.7,0.73
d7da12f5-553c-5317-3104-f406c52d63c8,2023-12-29,TX-400,TX,Supplier E,241,13,301,4.33,0.22
3578e649-302a-ee5f-854b-2613d21cd6af,2020-02-03,TX-300,TX,Supplier A,226,17,292,2.91,0.17
abc5a1ae-8101-827d-fc5e-322b455b35b9,2021-02-04,TX-500,NY,Supplier C,238,20,309,3.82,0.04
8ed15a7c-37ed-a354-16a2-0f3309fd9b06,2023-09-23,TX-200,TX,Supplier A,338,17,430,4.06,0.98
b4452fb8-70d2-f187-04dc-5c369f6fbc86,2021-08-16,TX-200,FL,Supplier B,284,24,364,3.77,0.23
db80ee4e-83a0-82c2-1dba-4a445886105e,2021-01-08,TX-200,NY,Supplier C,202,19,262,3.45,0.05
2de3aa8d-cb30-0c7a-3333-7c746d9985e7,2021-07-26,TX-500,NY,Supplier B,307,19,388,3.79,0.99
767127d1-90e8-4b65-c4cf-156a1888404f,2022-11-07,TX-500,TX,Supplier D,245,21,317,4.13,0.64
2e82eb29-e993-6a9d-614d-cebbff88e65e,2023-11-21,TX-400,IL,Supplier C,248,20,319,4.32,0.94
c9119c3c-60c9-c41a-b1fe-dd7bd067d3b4,2021-11-03,TX-100,NY,Supplier B,192,17,247,3.9,0.04
6d447387-ab6f-058f-940a-788041ff759a,2023-02-27,TX-200,FL,Supplier C,243,24,315,4.02,0.71
b01e3b2e-b644-2b6b-ce34-584e10a5b77c,2023-10-18,TX-200,FL,Supplier C,227,16,287,4.1,0.22
1d3511d8-f7b1-30f1-ff45-6fe99d616931,2021-08-07,TX-300,IL,Supplier D,292,26,380,3.77,0.05
f2d077a6-9990-b291-b625-27c80c385d79,2021-10-31,TX-200,TX,Supplier A,233,20,305,3.51,0.96
c91264f7-62a5-7567-29c7-64505e437d9a,2021-07-24,TX-500,FL,Supplier C,320,26,401,3.79,0.78
cb32177c-545f-ed51-e5ba-5eae28cfc161,2020-10-19,TX-300,IL,Supplier B,196,16,252,2.74,0.8
5b6bce9f-8ae6-edc6-c5a4-4684d0a1029a,2021-06-05,TX-300,IL,Supplier E,307,19,390,3.5,0.84
dfcf8cde-5b60-421a-e368-73e56feb6d7b,2020-01-09,TX-200,NY,Supplier B,174,19,228,3.17,0.14
aa795323-09d3-78e8-7310-76028a8cd678,2023-04-11,TX-100,FL,Supplier D,275,21,351,3.94,0.61
95c5595d-97a9-24e8-6eab-b2b3407fd15d,2022-01-29,TX-300,NY,Supplier C,195,9,245,3.7,0.99
9d98149e-6700-1afc-5c18-893c637b3626,2021-04-19,TX-400,IL,Supplier A,282,28,358,3.68,0.12
7e8ce7d2-25f9-c643-0a26-90f334fb7650,2023-02-03,TX-400,FL,Supplier B,240,15,302,4.02,0.21
6ae3c78b-17a7-fabe-43d8-3147e09479f0,2022-09-02,TX-400,TX,Supplier D,331,22,418,4.26,0.3
d9c13ce3-101a-ed41-1cbf-ac7d2d19b5a5,2020-06-25,TX-300,IL,Supplier D,274,22,347,2.68,0.02
9e1bae06-9a43-1940-716e-af6db273e9bf,2020-10-06,TX-100,IL,Supplier D,249,20,314,2.74,0.29
d0014b44-bc54-da20-fb76-e2e2aa3a3d38,2020-12-27,TX-100,CA,Supplier B,185,16,238,3.4,0.65
16dd0182-e01c-307b-1b3d-8c2ed8878f9a,2022-09-11,TX-100,IL,Supplier A,274,19,350,4.26,0.42
48f054cf-2756-dc50-bbda-4e0ea57cfa21,2021-11-04,TX-300,CA,Supplier C,215,14,274,3.9,0.96
9904c5db-8a6d-462a-f92a-9f5af111a423,2022-06-18,TX-200,NY,Supplier C,284,17,357,4.1,0.34
3564d9c5-b57d-7544-7a88-6d8145883209,2021-08-13,TX-200,CA,Supplier E,370,25,473,3.77,0.74
2c93b8a5-e9bd-f038-3b70-194b7a0aa953,2023-09-25,TX-200,IL,Supplier D,273,22,352,4.06,0.94
0ab56b1b-ee62-3ffd-0c73-9eae607c8491,2023-08-02,TX-200,NY,Supplier E,312,15,390,4.06,0.16
fd15e6fe-f7ed-e015-3375-e25df558f8bf,2020-12-17,TX-100,IL,Supplier D,176,19,231,3.4,0.92
e76443aa-463c-0086-8a00-155400ca3326,2021-04-16,TX-400,IL,Supplier D,301,24,387,3.68,0.37
10a54bfd-dd58-6828-3368-ca52562e9677,2023-05-26,TX-100,FL,Supplier A,273,21,353,4.14,0.66
6f500249-a1c1-a728-5fc6-557fa58e7eda,2021-02-20,TX-300,NY,Supplier C,220,18,282,3.82,0.65
3570b6c6-a027-01e7-faf7-a22e43edff0e,2022-10-16,TX-400,IL,Supplier A,254,13,318,3.97,0.4
7480cd50-07f3-116f-91f2-0fc9d6e3230a,2020-10-12,TX-500,CA,Supplier E,352,20,442,2.74,0.61
cd3cd4be-5c1d-08a2-2478-b4a5d4de6ad7,2020-06-06,TX-300,IL,Supplier D,267,26,344,2.68,0.68
c68c79d1-e25a-b7ee-0bad-3f0f627a33b4,2022-06-29,TX-100,TX,Supplier A,347,29,443,4.1,0.54
47cf1adc-eae7-b414-aefc-e904071c65cd,2023-07-28,TX-300,TX,Supplier D,317,29,406,4.02,0.87
6e406316-6b82-9033-83a8-bf57e7f1d8d9,2020-06-26,TX-100,CA,Supplier B,297,13,367,2.68,0.56
d13b190d-511f-88b2-378e-6f4897b33baa,2023-07-05,TX-500,FL,Supplier E,433,18,538,4.02,0.5
352ecd99-b397-fb04-6d72-dbe1ae135dd8,2020-02-19,TX-300,NY,Supplier E,213,14,267,2.91,0.96
c4fedcf6-ad6c-f61c-b511-11f05393e7f0,2020-07-20,TX-300,TX,Supplier E,370,12,461,2.82,0.87
d528a8d8-1bb7-395b-332a-019567ca288a,2020-07-22,TX-300,TX,Supplier B,374,33,491,2.82,0.25
7153a0e2-61e9-7f7e-6c54-82b0df7d99c9,2023-08-09,TX-500,CA,Supplier C,379,29,488,4.06,0.21
0caa614c-b249-0ee2-bb08-367628b93bd8,2023-08-21,TX-200,NY,Supplier A,278,9,342,4.06,0.63
9999698b-b7e6-2e34-cba5-07fbca7c6830,2020-06-05,TX-500,IL,Supplier C,307,28,391,2.68,0.13
49fca062-7aa6-7f8c-6956-88f63c64e41e,2022-12-25,TX-400,NY,Supplier E,174,9,217,4.43,0.67
82a105ae-1349-f047-27ea-fc5da5010458,2020-05-01,TX-300,TX,Supplier B,323,14,396,2.99,0.52
7c0aa2ab-6d6e-f9d6-135c-1aa60b8f4fed,2023-11-14,TX-300,TX,Supplier C,249,14,312,4.32,0.32
a5d8dfa4-7b5b-fdae-efb8-1a24234bb31e,2021-08-08,TX-400,NY,Supplier C,290,30,371,3.77,0.11
22caca49-ac05-cafb-a0bd-f8fe0d5ef8e0,2021-03-30,TX-500,FL,Supplier C,321,31,408,3.96,0.52
74965b35-70fb-7bd1-4543-9fd793be85e9,2022-04-30,TX-200,IL,Supplier A,281,22,356,3.88,0.47
98e85fbc-0790-dbc9-4536-f6ec1742f5ee,2020-05-30,TX-300,IL,Supplier E,286,21,359,2.99,0.78
31f88897-2c37-a5e9-4815-c3acdf7a3ce1,2022-12-26,TX-500,IL,Supplier D,196,13,247,4.43,0.35
79177e62-6d3e-f5e2-fe0f-42e8523d9652,2022-11-17,TX-100,IL,Supplier A,177,10,221,4.13,0.34
d846e26b-8bab-19a2-0b60-4805922fb8f2,2023-07-25,TX-300,NY,Supplier C,308,20,392,4.02,0.84
771f83ef-936a-3ed3-d2d1-6ef12711cad4,2020-06-19,TX-400,TX,Supplier D,350,36,450,2.68,0.3
ef80885a-8963-1510-11db-6b626a1251b6,2023-12-19,TX-400,IL,Supplier A,218,10,275,4.33,0.35
30a37671-1b49-9e05-aeae-d64765013759,2023-01-30,TX-400,IL,Supplier A,254,17,320,4.33,0.75
f2ebf616-c9d4-00fc-cdb8-8564f9cdd130,2021-12-11,TX-500,FL,Supplier D,209,20,271,3.84,0.71
f3fcb0bc-a160-7b74-c0ff-ea6b54d8e743,2022-05-16,TX-400,FL,Supplier E,303,11,377,3.99,0.07
539e2bc3-f9c5-3e11-72a1-10fb95f9ba1e,2022-09-07,TX-500,FL,Supplier B,355,19,436,4.26,0.56
3e5069e8-836e-f99a-b323-f8f68a2fecf1,2022-03-14,TX-500,IL,Supplier C,298,21,386,3.78,0.91
cc12b25e-db37-23dc-f594-39cc7f918dca,2023-06-06,TX-400,TX,Supplier E,346,18,433,4.27,0.76
26ffee05-5bdd-2ec6-8e67-a20305b3de7f,2021-01-29,TX-300,CA,Supplier B,255,24,328,3.45,0.27
8bf4cfc1-39b7-59ba-aff2-ae91484e3193,2022-06-14,TX-300,IL,Supplier E,343,12,418,4.1,0.25
aeab42b5-cd79-f1b6-b569-d50662e41ce9,2022-07-12,TX-400,CA,Supplier A,340,16,421,4.71,0.92
ccb8580c-ce78-acda-d06b-e49a6578a0e3,2020-10-28,TX-300,CA,Supplier C,286,17,362,2.74,0.17
02a3b84a-47b4-0312-45d6-37daa667ecae,2023-12-25,TX-400,TX,Supplier D,224,15,284,4.33,0.81
c47d3461-5a6e-0bf0-ce84-5a34b81f30e2,2022-03-24,TX-400,IL,Supplier B,297,23,372,3.78,0.57
34e35293-09e6-aa13-6752-e14df14a371a,2020-01-23,TX-100,IL,Supplier C,182,19,235,3.17,0.85
5fa3d94e-1b37-11a3-e99a-3e81a4e9cce8,2020-07-28,TX-300,NY,Supplier B,326,28,411,2.82,0.59
eee7614b-5595-310c-1773-399204c063c2,2022-04-20,TX-500,IL,Supplier B,329,24,427,3.88,0.34
11cc13d1-4ac8-99d8-dc3c-73b39b3c42ec,2020-08-20,TX-100,CA,Supplier E,353,32,461,2.82,0.24
1d3cfa18-919b-c97c-75c5-1eb71109886a,2022-09-22,TX-100,IL,Supplier E,227,11,282,4.26,0.33
0d51df1d-b1af-1550-6563-b9a4629f394a,2022-12-19,TX-400,IL,Supplier A,233,19,301,4.43,0.73
36436e2d-c120-f1c9-c179-36aa9b463743,2023-10-24,TX-100,FL,Supplier E,247,17,312,4.1,0.15
88cdcb3c-fdba-a1b6-5735-985c9a6e1e31,2022-05-17,TX-400,NY,Supplier D,306,28,393,3.99,0.14
2552d59e-debb-f0d0-7dda-627d0fbb992a,2021-02-11,TX-400,FL,Supplier E,220,4,267,3.82,0.46
1f5dfc94-61e9-2d64-9d54-e4dc329ee951,2020-07-02,TX-300,TX,Supplier C,304,19,387,2.82,0.6
04869b13-f50d-4854-c257-ceeb64def439,2023-12-04,TX-500,TX,Supplier E,268,17,337,4.33,0.23
deebb49b-3de0-534d-8bc3-e8cb192e3601,2022-08-08,TX-300,CA,Supplier A,332,29,427,4.49,0.06
36191cd9-ca32-2692-58f2-eb25a5cd537a,2020-11-11,TX-100,CA,Supplier E,200,12,251,3.1,0.42
216aebae-67e8-784d-08ae-c549a86d87ea,2022-07-15,TX-300,FL,Supplier E,379,18,471,4.71,0.47
0bbf2982-dacd-f207-19f4-e1dd548ce5a9,2020-02-27,TX-400,NY,Supplier C,220,6,271,2.91,0.27
48a5a96b-af6e-7a69-7793-d1244db0ea17,2020-02-25,TX-300,CA,Supplier E,251,21,321,2.91,0.72
aa5ef7ed-b428-9b0e-dc23-2dcf980a6ed2,2023-09-02,TX-200,IL,Supplier D,271,21,347,4.06,0.94
d207d04d-85fd-b296-15e5-ff12e0217be5,2023-08-14,TX-100,CA,Supplier E,338,15,413,4.06,0.95
cec5b75f-bbcf-9faf-5930-900a01775bac,2022-10-21,TX-400,NY,Supplier D,204,12,256,3.97,0.85
378a57f7-587c-fea6-c61b-8e6c8d666eca,2020-09-02,TX-500,TX,Supplier A,347,21,442,2.91,0.9
2425a534-348f-0bcd-4399-6b2ba0fd5253,2021-03-25,TX-400,TX,Supplier B,300,26,381,3.96,0.51
77865497-52e8-4f6e-e7d9-f53d8a84bd72,2020-03-24,TX-300,NY,Supplier E,256,12,318,3.22,0.35
f93731d7-175f-9e9d-12f7-cac8cf8df19a,2023-04-17,TX-200,CA,Supplier A,367,14,457,3.94,0.12
b00b2477-aab2-69f9-8f60-af27b27d1649,2022-07-30,TX-100,IL,Supplier A,320,21,400,4.71,0.75
4353f8ea-4506-560e-a360-fc2b887606cd,2022-07-25,TX-500,TX,Supplier C,415,24,521,4.71,0.34
0f54abf8-060e-c023-4ab0-b0948e4dfe8a,2021-09-04,TX-500,IL,Supplier E,315,26,407,3.71,0.19
9a3be909-788f-458e-fdc6-72c0732e6516,2022-12-08,TX-300,IL,Supplier D,190,14,245,4.43,0.83
82793aa9-6fd6-e50d-f798-703156ff60a4,2021-12-16,TX-300,NY,Supplier E,196,9,242,3.84,0.01
d5b2a9d2-ccd9-ac33-e2e8-2cdcc16407a4,2020-02-14,TX-400,IL,Supplier E,198,3,237,2.91,0.3
9386050a-62bc-f3a5-2e53-0a16ce386cf8,2020-07-11,TX-100,TX,Supplier C,353,25,452,2.82,0.23
7c065809-1f12-09e4-f945-7f84089399b2,2020-10-16,TX-100,TX,Supplier B,263,20,333,2.74,0.94
bd6d32e3-1829-e3fe-0c1d-61994c8686bb,2020-10-16,TX-400,IL,Supplier D,227,15,289,2.74,0.94
00c5e1d4-61b7-54ee-13d8-5dc118d99fda,2022-05-08,TX-100,TX,Supplier D,308,21,393,3.99,0.25
1c6c96e8-c7c5-bc67-deb6-9d5492476116,2022-02-06,TX-200,FL,Supplier B,215,18,277,3.6,0.54
49da203c-9d80-ab44-9fc9-dd8709e29df8,2020-11-10,TX-500,NY,Supplier E,253,12,314,3.1,0.66
82259442-4c1d-949e-ffe7-38abb45a2cbc,2023-03-04,TX-200,FL,Supplier B,270,24,346,3.74,0.26
8956c52a-2444-20be-4a28-20bef1e1e620,2020-07-14,TX-200,FL,Supplier E,352,21,452,2.82,0.87
f0cdb7d7-f064-5306-bbd1-39766fc687ce,2022-03-31,TX-200,TX,Supplier B,278,27,356,3.78,0.74
669470f8-13d0-1df2-20aa-a71a731babb9,2021-04-29,TX-500,NY,Supplier A,310,12,382,3.68,0.01
c640815e-55b5-242f-5326-570cfdc94b4e,2020-07-20,TX-300,CA,Supplier E,351,21,436,2.82,0.87
717818f6-d0e3-e013-5450-6ec4046b9d1a,2021-05-05,TX-100,CA,Supplier C,308,27,396,3.79,0.99
703ea36a-3570-0041-e549-2e25b40fb2f2,2023-04-12,TX-200,TX,Supplier B,319,16,407,3.94,0.21
877c6538-1140-cd6d-5561-b2ab29b23635,2022-07-06,TX-100,FL,Supplier D,291,22,371,4.71,0.16
c74b60ee-5eea-9e64-2398-7b4ea487e664,2021-07-28,TX-300,IL,Supplier B,352,25,455,3.79,0.98
372a98c0-0dc9-edaf-907e-ef1829b2ce22,2021-07-10,TX-400,IL,Supplier C,315,24,411,3.79,0.87
b9fdc326-6af0-00ee-268d-19bb3da6602b,2023-11-14,TX-200,FL,Supplier E,250,17,314,4.32,0.32
056bfbb3-af16-476b-8958-98bec0c83383,2020-08-05,TX-100,TX,Supplier B,333,21,419,2.82,0.15
c2d89f8e-8321-6896-7c28-ab7dd50878f8,2021-04-18,TX-300,IL,Supplier A,296,24,384,3.68,0.6
380bc837-ed72-d206-1dc8-5197a0e54164,2021-05-27,TX-500,TX,Supplier C,413,35,533,3.79,0.84
2f095bdc-41aa-2d3f-7285-f2ba8ebcf53d,2021-06-06,TX-300,NY,Supplier E,269,14,336,3.5,0.48
42a0bd65-e049-b5fd-07ee-aa20d655d434,2020-04-09,TX-500,CA,Supplier E,342,14,424,3.56,0.02
520636b2-42a3-464b-92b6-2a4f3b4b986a,2020-02-24,TX-200,CA,Supplier E,253,15,319,2.91,0.78
9ad96cc8-78f4-21c4-9dac-975c86e53f31,2023-02-27,TX-500,TX,Supplier E,291,20,366,4.02,0.71
92c90cfb-79f9-d4b8-777f-b1aab3beb0c2,2022-02-06,TX-300,CA,Supplier A,262,24,339,3.6,0.54
a2c7012f-1c24-c94c-920f-ecc14f4c05d6,2023-02-01,TX-100,NY,Supplier A,163,16,212,4.02,0.37
6c0bc5f8-115b-2238-b269-84f1f765a62d,2020-05-31,TX-500,FL,Supplier C,379,34,496,2.99,0.97
c7f0b0d6-0bf6-d2c0-2ca1-ef9fb159aea5,2023-10-22,TX-400,IL,Supplier A,225,20,292,4.1,0.24
4441fc3f-45e2-4c3b-d85f-6063f4fd6684,2023-08-11,TX-100,NY,Supplier A,295,17,375,4.06,0.19
028dedda-9081-9426-9bec-ba91bdf33081,2021-05-28,TX-100,FL,Supplier C,310,26,393,3.79,0.64
6917400e-3938-f02a-6991-80f51fc77b15,2023-05-25,TX-200,NY,Supplier C,274,28,355,4.14,0.46
ce3a2092-6799-6bb1-23f2-fd6fa666d011,2023-05-12,TX-200,TX,Supplier E,341,18,426,4.14,0.1
dfdc2d6b-4913-e954-e8b0-cf4d16b764e5,2023-05-16,TX-100,FL,Supplier C,294,23,375,4.14,0.41
fd9e4fa2-32a4-0fa3-4929-1bf726167808,2020-11-02,TX-300,NY,Supplier A,210,20,270,3.1,0.76
1ae94134-7a36-936e-b50d-33b449f7f3ce,2020-07-29,TX-500,NY,Supplier B,339,24,428,2.82,0.15
2fb95dee-4729-7c17-d3e1-988ba651affb,2022-11-05,TX-400,IL,Supplier C,219,13,280,4.13,0.46
a97c36b2-70cd-b17b-8e0b-47e51ba7fb7a,2022-03-15,TX-300,FL,Supplier B,245,15,310,3.78,0.21
5bdca977-33aa-f291-13e9-d9d585db20b0,2021-04-08,TX-300,NY,Supplier B,261,18,329,3.68,0.28
f306f9e7-336a-f411-f9e1-e6a26b95328a,2023-11-22,TX-100,FL,Supplier A,197,15,249,4.32,0.19
0ebaaa91-3c1b-64dc-9a01-d0ad08820208,2020-11-28,TX-100,IL,Supplier A,171,9,219,3.1,0.78
79acaaf5-d797-1324-5acf-f02656618d00,2020-05-16,TX-400,CA,Supplier E,374,20,470,2.99,0.37
e4bfbc62-68d3-aee2-9297-3d325f1bf96b,2021-09-08,TX-100,FL,Supplier D,297,30,389,3.71,0.81
e1a026a3-4668-7021-8e4f-128c8c4b83dc,2021-06-11,TX-500,TX,Supplier B,398,34,513,3.5,0.59
a1075927-29ec-2587-070f-f8353bfe0cd0,2020-06-11,TX-100,NY,Supplier E,297,21,382,2.68,0.2
f8275056-3420-a999-3c0a-201093edf788,2021-09-09,TX-400,NY,Supplier A,261,14,332,3.71,1.0
f11fca46-9ad2-60ae-3840-329b3cc1cca4,2020-06-07,TX-100,FL,Supplier E,326,13,398,2.68,0.12
643fef5d-b0fb-5836-a85a-a255278e3703,2020-06-05,TX-500,FL,Supplier C,417,36,540,2.68,0.13
a43545e7-0bba-5152-3294-ec25394a54e6,2021-08-30,TX-100,NY,Supplier E,295,17,371,3.77,0.3
3c383687-10ed-9f54-729a-c69411121161,2020-09-03,TX-100,FL,Supplier C,317,25,408,2.91,0.98
ebf4aa31-2094-fec0-446d-df70ae1c2323,2022-08-14,TX-300,NY,Supplier C,253,25,329,4.49,0.92
df2b9ec5-08fb-8803-5bfc-42c97ffdeb5e,2021-10-23,TX-100,IL,Supplier B,208,17,264,3.51,0.67
98ddbd47-196f-6639-919e-d3a72035cb17,2020-10-28,TX-500,FL,Supplier A,241,16,302,2.74,0.17
ff847994-f8db-5a69-b1f3-7a71228fc0be,2022-03-13,TX-300,NY,Supplier D,258,15,327,3.78,0.86
6f1a09fd-a08f-2a4e-8125-f24663a12f10,2021-07-30,TX-400,IL,Supplier B,374,28,482,3.79,0.79
90e06a2e-5c27-eacc-3212-2280aa052dbd,2020-04-03,TX-400,NY,Supplier C,256,15,321,3.56,0.57
31e6347f-70bf-fc11-e20a-ab0b32278d20,2023-06-10,TX-500,NY,Supplier B,366,25,466,4.27,0.6
92b79d4e-e49d-a370-f3bf-646dc7f1593d,2021-01-20,TX-500,FL,Supplier E,227,9,287,3.45,0.2
6a8d387d-e3e8-1f2f-112e-679d70f11d87,2021-01-21,TX-300,IL,Supplier B,194,17,250,3.45,0.12
ecee6d1c-1dc7-9130-0b1f-60a5fbc7411c,2022-02-04,TX-400,FL,Supplier B,261,20,333,3.6,0.9
8cb45a60-19cd-4c2c-edf3-129617c3e702,2021-01-19,TX-500,FL,Supplier B,225,10,279,3.45,0.04
a644d1ab-1c9c-77ec-9239-d4945020b690,2022-12-23,TX-300,CA,Supplier D,246,20,312,4.43,0.42
ad59e6e4-7f8a-bc46-8d44-aceaa6442ad2,2023-02-12,TX-200,NY,Supplier B,221,16,280,4.02,0.14
28a34cc7-b2cf-32da-6d61-af08a1591a44,2021-12-25,TX-200,CA,Supplier D,243,17,307,3.84,0.0
6fde43a3-3d0f-6de5-6a8b-b5aa245fd9a9,2021-03-25,TX-100,CA,Supplier E,274,17,343,3.96,0.51
3984af7a-afd2-d6d7-f5c4-98ee8acb10b8,2022-08-07,TX-100,IL,Supplier A,326,20,415,4.49,0.28
89292f94-4a6a-39f6-cd7b-570bf940fc0c,2020-11-18,TX-300,FL,Supplier A,214,15,277,3.1,0.36
070f5757-25c2-a4a2-db8b-383b0db443a3,2023-01-29,TX-500,IL,Supplier D,204,16,262,4.33,0.5
7bb2f300-b767-e067-ef98-6526e9695dd2,2020-10-26,TX-100,NY,Supplier A,193,16,243,2.74,0.1
ce2b1b7a-bd88-821f-82c0-f91d399c2535,2023-08-29,TX-500,NY,Supplier B,335,23,425,4.06,0.71
2b87c5f2-2ce8-0312-c9cc-aecc7208d253,2022-06-25,TX-200,TX,Supplier E,356,18,444,4.1,0.78
8ad91838-ba03-f725-62cd-0a8e754050ca,2020-09-07,TX-300,IL,Supplier D,308,23,394,2.91,0.78
6967da99-3565-9a96-9369-9197c55f7641,2020-09-17,TX-300,FL,Supplier B,308,28,397,2.91,0.48
9cfa1b0c-9831-71c6-fb18-d6100d0871ff,2022-01-19,TX-300,FL,Supplier C,190,20,249,3.7,0.71
99f4a7d0-36c1-a5f5-4d53-2459ec52230c,2023-12-01,TX-200,NY,Supplier B,185,9,230,4.33,0.42
c598bd3d-aaa3-1271-e7f7-7fff5e1db903,2023-04-25,TX-300,NY,Supplier C,234,15,296,3.94,0.04
2d51c7fa-6166-7ef7-a520-07c05d520312,2022-12-04,TX-100,CA,Supplier B,207,18,267,4.43,0.27
7da9e7c1-bcc2-e26a-21f6-125a9318012f,2022-11-28,TX-200,CA,Supplier D,234,15,291,4.13,0.62
ec93b736-c397-5207-ed11-9c19fb543b44,2020-09-22,TX-400,CA,Supplier D,304,20,389,2.91,0.33
8da5c216-824d-1386-f8cd-12d970ecb284,2020-11-26,TX-100,TX,Supplier C,234,16,293,3.1,0.55
6c6736a0-7a53-e61b-5edd-fa941a70348f,2022-10-16,TX-100,CA,Supplier D,280,26,365,3.97,0.4
a6822595-3e89-e14a-201b-c38719bf628e,2023-07-23,TX-400,TX,Supplier B,425,15,534,4.02,0.12
ec0ec229-52e2-4918-96bc-7b65d77a9e6b,2020-01-06,TX-200,NY,Supplier B,193,19,246,3.17,0.78
3bc3fecb-44da-9776-0a7a-37bb331f4e49,2020-05-28,TX-400,NY,Supplier C,323,30,420,2.99,0.2
275a8056-d74c-e725-4da0-2c216c7b59f1,2020-12-03,TX-400,NY,Supplier A,199,15,252,3.4,0.95
d09ae78f-8d66-ce20-a429-63b83e961778,2023-07-12,TX-200,NY,Supplier E,324,15,397,4.02,0.88
cf71d0cf-2bbe-b64b-c747-a873175e51fe,2020-06-22,TX-100,CA,Supplier D,323,25,418,2.68,0.96
945581ee-6eed-147f-fd8f-7c78aed4611c,2021-04-29,TX-500,FL,Supplier E,299,13,372,3.68,0.01
33c8641d-a6f5-422a-5314-4d83c93a64c2,2023-12-10,TX-500,NY,Supplier A,239,12,298,4.33,0.48
952275a6-cd78-5e87-f722-91817d03b851,2023-07-19,TX-500,TX,Supplier B,456,33,580,4.02,0.61
0c95de4c-e949-52b2-18a0-1f76a41da954,2021-04-15,TX-100,TX,Supplier B,303,26,388,3.68,0.86
c7ee4c55-0121-a8d0-ea62-9b955938b69e,2022-05-01,TX-300,IL,Supplier A,259,18,324,3.99,0.26
32edb3e2-7a50-efac-612b-6ea45f4602ab,2021-07-27,TX-200,FL,Supplier C,356,26,454,3.79,0.46
72c96401-c0c7-fb25-003a-c8b8df3d957b,2022-08-30,TX-400,CA,Supplier D,350,33,450,4.49,0.99
1e26abfd-ad10-f094-6bc3-b1c10cb6326c,2022-06-17,TX-100,NY,Supplier D,300,23,385,4.1,0.87
0a19040e-003e-07fc-d01f-aaaa0dfa8748,2021-07-13,TX-300,TX,Supplier E,353,27,452,3.79,0.44
49d1339e-b11f-876d-354c-b4bb376080d2,2022-12-26,TX-200,TX,Supplier E,193,9,239,4.43,0.35
6c8bb027-1dd5-b5a4-f905-052fb0aeb3cd,2020-12-23,TX-500,NY,Supplier E,205,17,260,3.4,0.84
1967e2ad-8ee1-6f50-405e-eff1c086abc9,2020-11-22,TX-400,NY,Supplier C,180,17,235,3.1,0.94
fcb0e21a-a2e1-96f5-af23-95f5eee9eef2,2021-09-29,TX-200,NY,Supplier E,256,10,314,3.71,0.96
dc9addba-8a4e-27cb-cff9-1cf36181d0fb,2022-10-08,TX-400,IL,Supplier D,285,30,367,3.97,0.61
ca09738f-73e4-ad0f-ea46-339b29393e5e,2023-12-14,TX-300,IL,Supplier B,194,21,252,4.33,0.78
5b14baa6-40c5-7d78-7327-4b0fffaa3769,2023-05-21,TX-100,IL,Supplier D,297,27,385,4.14,0.39
17976a27-af3b-cc17-5b2e-84ec0cb7cc72,2023-08-09,TX-300,IL,Supplier A,331,17,417,4.06,0.21
491b8548-58fc-348e-a0d4-a61ad87c38cd,2020-03-09,TX-300,FL,Supplier C,207,14,260,3.22,0.43
035e18ba-3ef7-4430-2f05-3b66aff49c12,2023-01-12,TX-100,CA,Supplier B,250,18,316,4.33,0.0
edfa60e3-f4ab-fa85-369f-71f41e845ea8,2023-07-24,TX-500,TX,Supplier C,465,41,598,4.02,0.79
96f4b829-3513-217e-6a53-deec9f4d5773,2020-04-25,TX-200,TX,Supplier E,343,21,424,3.56,0.37
d2f5eb03-bce9-ba90-f1f4-528d6d734b5a,2021-10-19,TX-100,TX,Supplier E,221,6,271,3.51,0.78
417600c3-0c64-97ac-2a37-ec0377036281,2020-10-14,TX-100,IL,Supplier D,204,14,260,2.74,0.73
684ff2fc-4ec9-07b3-9f36-b6c1108fc951,2021-09-15,TX-500,FL,Supplier E,319,10,393,3.71,0.7
71427d7f-49f2-3139-9407-390d4b9474f8,2023-02-15,TX-200,FL,Supplier C,261,25,342,4.02,0.39
aa191b6f-7d6a-e5d9-97ca-e2e90ed98ad7,2022-09-19,TX-400,FL,Supplier A,260,18,329,4.26,0.66
a0dcb882-0093-9e3a-ad81-499048d6d70f,2021-05-11,TX-100,TX,Supplier D,276,27,360,3.79,0.39
3eac4a25-8f9c-2c39-9e30-435f698b5494,2020-09-04,TX-100,TX,Supplier E,275,12,345,2.91,0.8
00540714-b087-118b-dd51-da87589b67ab,2021-10-01,TX-500,TX,Supplier D,360,28,460,3.51,0.54
aca39e6a-59a8-cb36-d140-7c2790664276,2022-09-12,TX-500,CA,Supplier A,389,25,494,4.26,0.65
a659cd8e-8600-c206-ef14-2cf38a3145a1,2022-02-08,TX-400,CA,Supplier C,242,20,310,3.6,0.27
702e31a1-3a0d-b7f8-0dee-15955d2027ef,2021-11-27,TX-100,FL,Supplier A,194,11,243,3.9,0.33
4b380cab-a920-deb3-6931-e452c83457bc,2020-08-17,TX-200,NY,Supplier D,282,26,355,2.82,0.85
834fc110-3420-0002-d383-6781466795c3,2022-02-20,TX-200,TX,Supplier B,237,18,301,3.6,0.55
dc324768-f34f-ddef-80bc-f5ae3f5ae567,2023-09-01,TX-200,IL,Supplier D,274,27,356,4.06,0.05
890c6890-aaf3-8f0f-9b73-0aa07f72f4fb,2022-02-01,TX-400,CA,Supplier A,263,18,333,3.6,0.99
7dff37da-6cf5-e946-10f8-091fa3ed0240,2022-04-25,TX-300,TX,Supplier B,282,20,361,3.88,0.88
5330e884-324c-3401-7a16-7f3bddf90274,2021-02-21,TX-500,NY,Supplier D,222,17,283,3.82,0.94
69ad89be-ce74-927a-f188-a9912a2a2906,2023-09-05,TX-400,NY,Supplier D,291,21,366,4.06,0.06
bdf82e0d-72a3-9b77-0de3-5e125e4ed3f3,2021-12-28,TX-300,TX,Supplier D,182,13,230,3.84,0.16
43912613-9685-9a61-a8eb-a7e3c2e1dadb,2020-07-08,TX-100,FL,Supplier D,275,22,355,2.82,0.11
7e6ff3c0-81d8-836f-f661-f6b26b63f866,2021-01-08,TX-400,NY,Supplier B,180,15,231,3.45,0.05
954173ac-ba56-8f19-deb4-9b73c5ff25d4,2020-02-28,TX-100,NY,Supplier C,209,24,276,2.91,0.1
9b10653e-4c83-f8bf-ec05-7728e4a295eb,2021-12-30,TX-400,CA,Supplier C,252,16,316,3.84,0.86
064fe6e6-f109-6578-9b43-63bef891a4df,2021-07-28,TX-200,NY,Supplier D,319,31,415,3.79,0.98
538d7a38-7bef-09ba-d485-a72e6c370467,2023-01-25,TX-400,TX,Supplier D,226,14,284,4.33,0.39
8a2413ad-02ec-4835-5622-8511452471cc,2023-03-28,TX-500,FL,Supplier E,271,12,337,3.74,0.2
77688dd4-f41d-6124-12b5-2e398686c49d,2022-03-16,TX-100,IL,Supplier A,211,12,263,3.78,0.47
ad8dc855-978d-901e-7d30-c92a73a7b17a,2020-05-25,TX-300,NY,Supplier C,259,24,335,2.99,0.18
a045e75f-4286-d3f9-92e1-4c871637ae9d,2020-02-02,TX-500,FL,Supplier D,266,17,341,2.91,0.81
8e0149c7-7c4c-5130-c901-1c6e6f6d5475,2021-06-13,TX-300,IL,Supplier D,283,29,366,3.5,0.34
477b7d2e-a72f-9e09-e8e7-65c1cf8e512f,2022-06-30,TX-100,FL,Supplier D,323,24,407,4.1,0.43
302a33ed-8027-7707-2c92-db561054bef8,2021-12-09,TX-300,IL,Supplier D,205,18,265,3.84,0.05
ee4e3caf-6061-6fe7-3a8a-4b1976d6c929,2021-06-08,TX-100,FL,Supplier E,321,16,398,3.5,0.85
4b7b7319-7db3-89a5-61dc-3bc6119d45ed,2020-10-02,TX-200,NY,Supplier B,241,17,310,2.74,0.65
aac5c4b4-ad2f-40f8-efe2-f7b78155b7f3,2023-06-12,TX-200,IL,Supplier C,350,27,450,4.27,0.05
ac3c9784-4018-3de8-60a4-6c92b39ed5e3,2020-12-15,TX-300,IL,Supplier C,182,22,246,3.4,0.44
186687d9-706a-f084-b8bc-652c07ae2aef,2022-11-26,TX-500,IL,Supplier D,227,14,282,4.13,0.15
04268f34-b786-4d26-fedc-58dfe06fa790,2022-03-30,TX-200,CA,Supplier E,334,16,414,3.78,0.2
18e3ee36-b1da-f3a5-ccc5-448242f03006,2023-04-17,TX-500,FL,Supplier A,365,21,458,3.94,0.12
8a3663ff-9c20-0d75-0326-a4e60c48644c,2021-08-23,TX-300,NY,Supplier A,275,12,345,3.77,0.4
4cd67a96-1e21-e673-0baf-1d66f4f24c26,2023-01-07,TX-300,CA,Supplier A,216,16,273,4.33,0.1
efb94474-d3a3-c8fa-4e69-205c2fe0ee16,2023-10-17,TX-400,FL,Supplier D,299,27,382,4.1,0.98
f2a9f493-b650-2ee4-a3ba-1d2b0244e78c,2021-08-29,TX-100,CA,Supplier A,310,22,394,3.77,0.85
e02b20e6-aab1-66e0-a440-9e7fef5e0d7d,2022-08-05,TX-200,IL,Supplier D,363,35,465,4.49,0.0
26d3ed89-0ed2-55c0-2ad4-936c3bea0be7,2022-07-30,TX-100,FL,Supplier C,309,26,403,4.71,0.75
685d46fd-a615-8f6f-2395-e81234bee8d8,2020-11-04,TX-400,IL,Supplier E,244,16,308,3.1,0.49
41b2e4c0-9aba-7a6d-207a-b18eb314b970,2020-10-04,TX-200,CA,Supplier C,293,18,371,2.74,0.53
5db9fe27-e7fb-e2c4-2cdb-68f044e3b748,2023-07-01,TX-300,NY,Supplier E,321,13,397,4.02,0.57
edd38b31-5541-9edf-b023-1172bb0c92dd,2023-11-03,TX-100,TX,Supplier B,267,17,336,4.32,0.86
17211ece-65e6-4b8d-98ea-aff004bde825,2021-06-02,TX-200,NY,Supplier D,331,23,420,3.5,0.37
38099c92-22a2-5f6d-5f1b-7dd0656e5453,2022-09-09,TX-200,TX,Supplier A,295,19,376,4.26,0.51
fc4324e7-dabb-bcef-1d70-b6060acc173c,2020-12-27,TX-300,FL,Supplier C,212,15,273,3.4,0.65
c351ff89-996a-b3ae-a0b5-0ae96b8a7564,2021-06-12,TX-500,IL,Supplier E,385,19,476,3.5,0.85
c395de4e-ef8e-c9cf-b2f4-5453f46eae49,2020-01-16,TX-200,IL,Supplier C,177,8,220,3.17,0.55
50ef24b5-86f0-4990-f8c6-f1f4b784c950,2022-07-19,TX-400,FL,Supplier D,342,30,444,4.71,0.99
6d4471ae-c6aa-a7a2-5a66-096ff292af1b,2021-02-13,TX-100,TX,Supplier D,219,14,280,3.82,0.64
234b5aff-b3d8-b40a-2968-af68f2d35da2,2021-12-13,TX-200,NY,Supplier A,189,19,247,3.84,0.05
e9c2f360-3939-d971-262d-117e9c33ea62,2022-08-07,TX-400,IL,Supplier E,341,21,436,4.49,0.28
2ab4a742-da8a-071f-2619-1ea5ce44deef,2022-05-03,TX-300,IL,Supplier D,277,25,353,3.99,0.48
c3f591b0-a439-8296-9970-827d63fc47db,2021-08-07,TX-400,IL,Supplier B,324,32,424,3.77,0.05
bec71db4-aa20-6760-bd58-6cda17677adc,2022-09-11,TX-200,FL,Supplier D,260,13,326,4.26,0.42
70933ca3-638a-70fc-1fe7-38b6cacc9265,2020-09-14,TX-300,NY,Supplier E,259,15,327,2.91,0.64
0ab925f7-7af8-3566-b2c4-ee2be9142222,2021-08-21,TX-300,FL,Supplier B,295,30,385,3.77,0.68
dc1c8c3a-141d-96a6-0114-04fd6a9077d3,2023-01-18,TX-500,CA,Supplier E,239,12,297,4.33,0.17
78868a72-a2d6-57e8-9aa3-d6e5d1304f4e,2020-12-10,TX-100,FL,Supplier A,182,12,230,3.4,0.01
1c43dd5f-7747-71ec-8d7f-4ac834e5b571,2022-05-06,TX-500,TX,Supplier B,416,28,524,3.99,0.5
4dcc52a2-9199-44d0-701d-ada9dd2c4caa,2022-04-23,TX-500,TX,Supplier D,387,33,494,3.88,0.1
5a6b33b6-9e56-8ca2-9880-8123c7f8c468,2023-09-20,TX-100,CA,Supplier D,288,30,370,4.06,0.87
33a7517e-0a4e-bec9-bf4e-c866dbdc5f61,2023-06-10,TX-300,FL,Supplier E,328,14,408,4.27,0.6
55e4544d-a49b-b576-cf49-27a3a878e0a6,2021-05-20,TX-200,TX,Supplier A,350,32,449,3.79,0.23
697afb61-06a9-5d54-883e-22c2a3b31f1d,2021-05-04,TX-400,IL,Supplier A,266,16,336,3.79,0.84
4c37b92f-897f-c303-44a5-f41acf143639,2020-12-10,TX-100,CA,Supplier E,214,15,272,3.4,0.01
88bb8a1f-f3a9-a7e5-50aa-454b23d2da13,2023-12-10,TX-100,TX,Supplier E,234,13,297,4.33,0.48
b4bde3d7-9d62-759a-30be-4a5c3289ae3b,2022-01-08,TX-500,FL,Supplier B,229,10,289,3.7,0.8
c7d3b6d2-ce9a-adfe-f7b0-49852c03c8e5,2021-10-11,TX-200,CA,Supplier C,282,20,360,3.51,0.3
e9a7493d-5299-01e4-a234-941b9d79cddc,2020-06-26,TX-100,NY,Supplier C,246,21,313,2.68,0.56
1c227cc1-c751-cb6a-e8cd-eabf65128ef9,2021-08-21,TX-200,TX,Supplier A,296,17,377,3.77,0.68
dc7c707b-dd11-a44a-6a28-58e1fdbad36f,2021-02-22,TX-100,IL,Supplier C,224,24,292,3.82,0.15
058d6af2-0d17-9519-fecf-1e17d28eab59,2021-12-09,TX-300,CA,Supplier E,245,16,308,3.84,0.05
7adb40a6-806e-aa0b-2b11-ef032a2799dc,2023-10-10,TX-300,IL,Supplier C,273,23,358,4.1,0.78
4cdcd5b3-ab7e-de50-30c8-06d8bb047edb,2020-04-11,TX-300,TX,Supplier B,319,30,416,3.56,0.9
7a1fa937-33cd-0216-57bf-b44b9688fc30,2021-11-12,TX-200,FL,Supplier E,218,8,268,3.9,0.05
7f8f0e7b-6706-e519-fbef-62238ed7d37a,2021-08-30,TX-500,CA,Supplier A,420,30,534,3.77,0.3
299db1ff-90ee-09c0-fa9c-df61d3a7e52a,2022-11-19,TX-300,IL,Supplier E,231,7,287,4.13,0.84
fd424592-ad12-8a58-7b3f-c6d994240588,2020-06-12,TX-300,CA,Supplier B,319,30,414,2.68,0.8
7ae28278-ba12-6d0b-34df-281882920850,2021-07-12,TX-200,TX,Supplier D,362,19,450,3.79,0.73
e9ab5324-3d6a-f065-f536-a942d7ae9563,2022-01-14,TX-400,TX,Supplier A,204,10,254,3.7,0.03
70300f26-07d3-dff7-c9a3-2ce2b2d328c6,2020-12-15,TX-500,IL,Supplier C,199,16,254,3.4,0.44
69a305e9-4731-7cb5-db66-e7c20e847c8b,2022-02-01,TX-400,FL,Supplier A,261,15,334,3.6,0.99
6d2a4412-fb36-5179-1d72-b82eb3c4f4e1,2021-10-04,TX-100,NY,Supplier A,215,15,276,3.51,0.24
5f1bc9f7-40a1-45cf-8aa1-5fcc13a89c06,2022-08-20,TX-500,TX,Supplier A,414,30,530,4.49,0.47
c78ef083-96d2-446f-a860-5016406d2979,2020-07-15,TX-200,CA,Supplier A,355,15,439,2.82,0.6
b2c6eb7b-18a2-aad4-c289-611e4a159b5a,2020-11-13,TX-500,TX,Supplier B,238,15,299,3.1,0.67
e169e5cb-e792-87c8-8bd4-9dc8bfd58ce3,2022-06-21,TX-300,CA,Supplier B,386,30,500,4.1,0.24
3158ccd9-d80f-1abc-e59f-240caca3b764,2020-11-08,TX-500,CA,Supplier B,265,11,328,3.1,0.12
d1a30c72-2093-75af-f8ae-051eeb57fdce,2022-02-06,TX-100,TX,Supplier C,238,23,314,3.6,0.54
dc41ff64-d3c1-9160-8235-ea61c1f1f169,2020-05-10,TX-500,CA,Supplier E,406,22,511,2.99,0.89
5fc0d226-b885-9de8-c0b3-832edc1fbb0f,2021-03-25,TX-500,TX,Supplier E,268,17,340,3.96,0.51
2db95c62-5503-ebe6-2bde-d0dc8bfb4ab6,2022-06-12,TX-100,FL,Supplier D,337,25,429,4.1,0.41
586b58ad-6075-91e5-a270-4b677b6e03b3,2022-08-29,TX-300,IL,Supplier E,292,15,367,4.49,0.75
c9e0dc55-f046-28e6-091e-475cff9ceefc,2020-09-28,TX-500,CA,Supplier A,374,30,476,2.91,0.48
5770aa27-0722-e2a9-0608-d4902ac4a9db,2022-11-24,TX-500,CA,Supplier E,313,20,394,4.13,1.0
b54a9ff2-a145-6ff2-476a-7ec957eaf456,2022-08-27,TX-100,IL,Supplier D,298,28,384,4.49,0.45
9268b926-3957-0957-835b-73908efcb191,2023-09-05,TX-300,NY,Supplier E,242,17,305,4.06,0.06
4a3ab6cd-bae0-b621-809d-f8d7827bf923,2021-10-26,TX-200,NY,Supplier E,249,14,312,3.51,0.79
17b6912c-d291-6283-bea6-940f1169141c,2020-11-06,TX-400,IL,Supplier A,215,14,274,3.1,0.93
1f0cd936-32c5-2a84-fdd8-9345f8047060,2022-03-21,TX-400,IL,Supplier A,295,23,375,3.78,0.74
8125f70e-be2c-1130-2258-2e2fd0981170,2023-11-14,TX-500,TX,Supplier D,303,22,386,4.32,0.32
5e91ee9f-6a88-e7e6-e809-fe0dee4387b8,2021-04-22,TX-500,NY,Supplier A,342,24,443,3.68,1.0
9428a28c-5495-753f-6145-a7cc1c183ab9,2022-09-10,TX-300,FL,Supplier C,330,35,434,4.26,0.91
cdac9d89-45b7-0a88-2f46-6ecf9199dd86,2021-07-04,TX-100,NY,Supplier A,247,21,316,3.79,0.48
92f8f6cd-b707-e39c-d265-bb6abcd3a9b6,2023-06-17,TX-100,NY,Supplier E,253,16,311,4.27,0.0
c124808d-746c-e50b-6dad-9429113160e5,2020-12-27,TX-200,CA,Supplier C,233,13,292,3.4,0.65
72015ec4-1f49-1138-1747-36c90c6f95f0,2023-11-02,TX-200,IL,Supplier B,244,21,315,4.32,0.62
a055bf1c-c38e-2545-15c0-0fbaf9a15cb1,2023-06-25,TX-200,FL,Supplier B,406,35,525,4.27,0.47
6076782f-12f9-16c0-bb0f-551ec6377305,2021-02-10,TX-500,CA,Supplier D,314,21,400,3.82,0.98
cd2bc3f0-e235-4183-9a98-24bb8a963c39,2021-04-02,TX-100,CA,Supplier E,290,11,359,3.68,0.84
d6fca439-0160-5657-92e6-d6f65160fada,2021-03-09,TX-500,FL,Supplier A,298,18,374,3.96,0.32
09fc6ae3-0359-51dc-483a-eadcb536ac8a,2023-03-07,TX-100,CA,Supplier B,268,21,344,3.74,0.83
b6bbbe61-5b98-7580-4439-3ea19a103bf8,2022-06-19,TX-200,CA,Supplier C,400,36,513,4.1,0.53
b56733cc-1231-32f6-394d-59d63cefda42,2022-06-16,TX-500,IL,Supplier C,384,30,488,4.1,0.85
ef58d673-3864-1178-8a3f-4a47bf5f04c7,2023-12-09,TX-100,NY,Supplier A,157,16,205,4.33,0.9
ff1d904a-69c6-b302-7568-96d4765c6ac7,2022-05-30,TX-400,IL,Supplier C,297,24,381,3.99,0.3
5ee843d0-29d2-5616-f6ae-ad356f05f9bb,2021-08-25,TX-200,CA,Supplier B,383,31,492,3.77,0.67
3abc3aa1-074b-6a20-1361-e49624dfef3e,2022-02-20,TX-400,FL,Supplier B,270,22,342,3.6,0.55
6d200d72-7a89-03a0-2086-33dd1bbf7673,2022-11-02,TX-200,IL,Supplier A,225,18,286,4.13,0.76
971bb124-4a43-8aa8-6433-e26bf74aa7d9,2021-06-01,TX-300,FL,Supplier D,338,26,428,3.5,0.06
9f3edaa4-65a2-4da2-a023-fca6d330e724,2020-07-17,TX-200,IL,Supplier E,314,22,402,2.82,0.37
d830a38c-5e1a-9436-b616-4b1eaea8af97,2023-02-25,TX-300,CA,Supplier D,241,17,302,4.02,0.55
09731b95-c95f-fd4a-2fc1-0ac322a7ba44,2021-07-16,TX-200,CA,Supplier D,426,38,550,3.79,0.97
72f07404-6a60-1f77-f1ce-9d0fb8366792,2021-08-07,TX-400,CA,Supplier D,377,40,497,3.77,0.05
b4e74fcb-67cd-e368-6127-5a84ec1c3dc5,2022-11-26,TX-100,CA,Supplier C,205,12,262,4.13,0.15
b143cf46-db56-f20d-bcc4-5af1bec54327,2020-12-26,TX-400,CA,Supplier E,216,12,269,3.4,0.67
dc614dd8-d45c-ff0c-7b64-610b8127f160,2022-09-18,TX-500,NY,Supplier B,265,23,341,4.26,0.67
42815446-4ef6-3cdc-336a-7afbd25e452f,2021-07-09,TX-500,TX,Supplier D,391,29,501,3.79,0.78
62203dd3-ffdd-e8ee-b45e-ab395c40204a,2022-04-23,TX-300,TX,Supplier A,340,20,428,3.88,0.1
a9fa5645-2e5a-90f6-bd53-e3f250cbb15f,2020-01-17,TX-100,IL,Supplier A,208,9,260,3.17,0.56
6be5e5ad-22dc-1330-1318-10a1cfdc37d7,2020-10-16,TX-200,NY,Supplier E,208,15,258,2.74,0.94
82d67707-efbc-f4a1-aedf-94b17efe98b5,2022-01-27,TX-200,CA,Supplier E,267,17,330,3.7,0.17
757feb46-9286-2d67-7376-0b7a3b93e9aa,2021-03-20,TX-500,IL,Supplier D,282,27,371,3.96,0.79
fefaac8d-b750-19b2-6d1f-6657b2946962,2023-12-09,TX-200,FL,Supplier D,196,18,256,4.33,0.9
ecf96f77-e3a1-9948-5b8f-c5436b2ed1a3,2022-02-22,TX-100,TX,Supplier C,236,20,308,3.6,0.68
b13258c4-6feb-a7a6-4b12-36962b7ccb84,2021-08-27,TX-500,NY,Supplier D,351,25,447,3.77,0.85
7e93bcf5-ed04-511e-bb3d-f35cd3117111,2021-01-05,TX-500,IL,Supplier A,227,13,288,3.45,0.66
b00d7e33-20ed-9232-9fb2-f15b0a0e0960,2020-11-14,TX-500,CA,Supplier C,262,23,336,3.1,0.33
62374823-588c-8657-0ac7-6e9b2400cf14,2021-05-12,TX-500,NY,Supplier A,290,20,370,3.79,0.08
62c1e55f-2b7e-bd61-f98a-3d97545c3a46,2020-04-24,TX-200,IL,Supplier A,268,22,343,3.56,0.55
fb10e5f4-cbae-2271-430b-067fb2be5f30,2023-07-14,TX-400,CA,Supplier E,434,21,542,4.02,0.1
e91c20ba-93d3-d1da-22c2-a96140f63027,2021-10-15,TX-500,FL,Supplier A,314,22,399,3.51,0.87
e3dae7ae-4f1e-2505-bd1e-7ecafd6ee5d0,2020-12-02,TX-300,TX,Supplier B,229,17,292,3.4,0.72
bb884e12-b139-f73a-f849-6a07d15e5cd9,2022-02-09,TX-300,NY,Supplier D,211,23,276,3.6,0.05
a0d5330a-d3f3-fd37-9fe9-2f3e0d1e4eb6,2020-09-08,TX-300,FL,Supplier D,310,28,401,2.91,0.13
0a690f5a-b69d-5ffc-0f24-9bd64cbc1e64,2022-05-28,TX-200,IL,Supplier D,316,18,401,3.99,0.58
3c4237fb-b226-cc29-7f20-888fd71261f7,2021-12-24,TX-400,TX,Supplier B,213,19,276,3.84,0.85
79521329-67d1-1d84-3be0-003d946f9895,2020-04-07,TX-100,IL,Supplier C,229,21,295,3.56,0.52
f69f8ea3-24d4-92d4-01d6-639e4b6f3a6b,2020-04-10,TX-300,FL,Supplier B,293,13,368,3.56,0.83
f4d0330a-cf38-ced9-563c-26f0b670aa82,2022-12-19,TX-300,CA,Supplier C,202,14,254,4.43,0.73
912665a8-57d5-4f9b-78e7-6380c8ce91a3,2023-01-31,TX-500,NY,Supplier C,221,18,282,4.33,0.46
fbe5c2de-2dec-4a29-90ec-812178651763,2020-06-29,TX-100,TX,Supplier D,375,32,477,2.68,0.14
866ac4ea-9759-c310-69df-748170d89180,2020-06-11,TX-100,CA,Supplier A,290,18,368,2.68,0.2
5286a959-6d57-1bf4-6905-b801f53b92a6,2023-06-20,TX-500,NY,Supplier C,394,30,504,4.27,0.56
f02a5041-53d1-345e-9e60-cf161dcdb908,2021-01-10,TX-500,TX,Supplier D,259,17,331,3.45,0.8
adcce0d5-fbe8-42ea-10b4-155a77480819,2020-09-25,TX-200,TX,Supplier B,272,29,354,2.91,0.3
e28a566b-c189-b330-17a3-0f8c4d413c65,2020-03-23,TX-500,TX,Supplier B,268,22,341,3.22,0.58
61e2a6c1-81c0-6495-0daf-dddb9d1bd139,2023-06-21,TX-500,IL,Supplier B,357,34,465,4.27,0.03
0ef001cd-ca08-6851-a8cf-362a39f49b0f,2023-06-01,TX-500,IL,Supplier B,423,23,531,4.27,0.17
2da5cc85-a1f8-7442-ef45-0c040e3da7c4,2023-11-20,TX-400,FL,Supplier E,254,13,320,4.32,0.17
d5c5dccd-7047-1281-85a1-ba9b070b5ccb,2020-11-28,TX-400,TX,Supplier B,205,14,258,3.1,0.78
15a4733c-8927-8b7b-0754-13e142116311,2023-11-13,TX-400,TX,Supplier A,252,13,315,4.32,0.18
3b5e96f1-778f-cb0d-9e26-5a33e313bf21,2022-11-11,TX-200,IL,Supplier B,206,18,264,4.13,0.41
8113a543-ab3c-184a-1b2f-68e5571c8485,2021-02-07,TX-300,TX,Supplier B,224,14,284,3.82,0.17
27bc8864-9bc0-6cfe-e5dd-9ad265d90934,2022-03-09,TX-200,CA,Supplier D,308,24,388,3.78,0.15
d1fc98c3-b681-c19d-6530-d95d0645a14b,2020-04-30,TX-300,IL,Supplier C,262,17,332,3.56,0.29
70a3d043-f9af-8263-cf0a-30d9faa64760,2022-01-30,TX-500,IL,Supplier C,217,18,275,3.7,0.0
75930640-e16a-5f8b-03d6-a1a8250bb8a3,2020-12-11,TX-400,FL,Supplier E,195,15,248,3.4,0.45
1082f79d-becf-2674-e078-588ab4d89f3c,2023-10-26,TX-500,CA,Supplier C,285,20,364,4.1,0.2
097d1ccc-7fe7-39f6-b759-ab7b2bdd668d,2020-03-31,TX-400,TX,Supplier B,253,18,321,3.22,0.49
dd9f719e-724a-9930-22b1-6569c743eef1,2023-08-01,TX-300,NY,Supplier B,309,20,397,4.06,0.69
a6d195af-8069-0d90-765f-678694f38fc9,2020-05-15,TX-100,CA,Supplier C,348,24,444,2.99,0.66
09a91fa5-0a4a-be76-1405-b3cbe1df465b,2021-07-12,TX-100,TX,Supplier A,309,31,403,3.79,0.73
5b24d6d4-ff2d-a10a-8008-6695032f3401,2022-03-17,TX-100,IL,Supplier A,245,15,312,3.78,0.73
d55202e8-d086-8217-ef99-c8b6c97ff823,2021-12-07,TX-500,IL,Supplier B,227,17,285,3.84,0.33
80b74595-f060-5e07-b075-4e12d68d1f12,2020-04-26,TX-200,NY,Supplier D,238,16,304,3.56,0.83
68dd19a5-2738-2942-2ec3-ffe596826335,2023-04-29,TX-100,TX,Supplier E,277,20,353,3.94,0.58
9ff988ae-37c4-48bd-113d-fd5e837967e4,2021-06-10,TX-200,CA,Supplier A,324,26,418,3.5,0.91
f6e0f6a3-fc3c-6477-126a-018071808567,2023-02-13,TX-200,FL,Supplier D,225,19,290,4.02,0.65
a30bbf76-d40c-c5d4-ad77-e6ad08e466f2,2022-04-10,TX-400,CA,Supplier E,365,18,459,3.88,0.41
6572d865-cedd-2947-2de0-5d441fbd7b41,2022-09-20,TX-500,FL,Supplier C,338,31,438,4.26,0.66
90b90c94-6f79-c3a3-3fc5-1a2aa759de59,2022-08-08,TX-100,NY,Supplier A,248,17,318,4.49,0.06
b352e8fa-7965-eec8-a749-b559c18e91ab,2021-08-03,TX-400,CA,Supplier C,333,29,428,3.77,0.92
c0767d16-9c2c-a3d7-6335-218e66c0e4f3,2022-04-21,TX-100,IL,Supplier E,276,18,346,3.88,0.95
7fef769b-c33b-d01a-dff4-68c8a4048bd1,2023-09-01,TX-300,FL,Supplier C,341,18,427,4.06,0.05
0aef0486-3947-e362-c036-a05759e5b71b,2020-05-26,TX-100,FL,Supplier B,302,22,390,2.99,0.6
670efc66-b11e-2022-e859-9559a5048062,2022-10-10,TX-100,CA,Supplier D,307,23,395,3.97,0.63
8ad5ad42-6a34-6096-1d74-cd21fc11d9d8,2022-08-22,TX-200,TX,Supplier E,371,22,466,4.49,0.34
c4cc5e30-d5b2-3f5f-7ae7-88e337cad1db,2021-05-21,TX-300,NY,Supplier E,282,22,357,3.79,0.29
ac37b355-e459-be11-f7e0-880ea734a07c,2021-07-29,TX-100,FL,Supplier C,286,24,370,3.79,0.41
9e16d676-2efb-3feb-9f50-7d329a3f2864,2020-02-27,TX-400,TX,Supplier D,269,31,350,2.91,0.27
34dc922e-83be-1e93-cd95-b7bfc26651b6,2020-01-31,TX-500,CA,Supplier C,260,26,345,3.17,0.66
d7b49804-2321-074c-5520-3fc461f7e64c,2023-12-13,TX-200,IL,Supplier B,226,17,295,4.33,0.65
edd32cb9-9df9-de32-66d2-157d2be14cf9,2020-07-05,TX-500,FL,Supplier E,427,26,538,2.82,0.47
5af22e62-b888-8e82-6198-91d524832568,2022-06-27,TX-200,FL,Supplier E,379,29,482,4.1,0.49
dcf21d33-6567-e392-2789-6946d469144e,2022-01-17,TX-200,FL,Supplier A,185,14,235,3.7,0.17
8a5df402-2d7f-7d3c-25b4-4a235bf51ae6,2022-12-02,TX-500,TX,Supplier D,239,29,320,4.43,0.14
bad49218-411e-7883-25a2-da2dfaf82af1,2021-09-03,TX-500,IL,Supplier E,297,14,374,3.71,0.89
4ff353d3-5b85-4ac9-ae3d-0adb70832a10,2020-09-17,TX-200,TX,Supplier C,281,23,361,2.91,0.48
a373ec66-eb00-9e84-818c-d4355adffb1b,2020-06-09,TX-500,TX,Supplier A,332,26,430,2.68,0.69
fddc5577-d3c3-c5e1-675f-0584296203d8,2023-05-07,TX-100,IL,Supplier D,330,35,428,4.14,0.4
a635c706-9ef4-c0b0-2c00-8485aec16b95,2020-11-22,TX-300,NY,Supplier E,162,8,201,3.1,0.94
c7aa56bf-90e3-2bc5-4b2a-5852e681722d,2022-07-15,TX-100,NY,Supplier B,258,16,331,4.71,0.47
8d8644eb-2c88-cc6d-c2f2-748aac3f49b1,2020-04-23,TX-300,TX,Supplier A,263,26,338,3.56,0.04
4a1f04e0-f859-5b2b-193b-2d2048631944,2021-03-22,TX-300,NY,Supplier A,198,11,250,3.96,0.43
36108b54-3ae3-4506-875d-bc5a56ce8b29,2022-02-05,TX-300,NY,Supplier A,175,11,221,3.6,0.88
6ce1608a-4608-b942-2828-2a904610102b,2021-04-10,TX-400,NY,Supplier B,292,25,377,3.68,0.17
3e9d2c3f-9906-5eb4-b165-7c996f95be12,2021-06-20,TX-500,CA,Supplier D,471,37,602,3.5,0.18
18798516-bf2a-4a53-b9c2-41534b69068c,2021-03-20,TX-300,IL,Supplier D,248,13,305,3.96,0.79
45ab69d0-9300-ac80-554e-8c8d89c75882,2021-03-12,TX-200,CA,Supplier B,299,26,389,3.96,0.47
4f6d3e40-303b-30fd-b368-f89e0be75da7,2023-05-28,TX-500,FL,Supplier E,439,22,549,4.14,0.32
3d3611bf-8231-b9ba-de39-3569fd16c263,2023-12-18,TX-200,CA,Supplier B,264,16,335,4.33,0.63
1ff60c26-1458-e96c-4765-35e3e62390b6,2021-03-04,TX-500,NY,Supplier D,275,29,359,3.96,0.63
36e3eb41-9d40-498b-aa2a-47aea449939c,2022-03-15,TX-500,CA,Supplier B,293,31,381,3.78,0.21
56307c49-d4e8-c877-0918-2950d1e18b2d,2020-05-13,TX-500,FL,Supplier D,304,20,388,2.99,0.32
ccf0208c-8d56-5ce4-b3f6-d1d565d6759f,2020-01-10,TX-100,IL,Supplier B,159,13,206,3.17,0.11
bbc07b91-6f14-0055-10b3-f8a51794f382,2023-06-20,TX-300,TX,Supplier D,330,30,427,4.27,0.56
3b46238d-899b-7097-2bb8-67119be0a748,2021-05-11,TX-100,IL,Supplier C,294,17,372,3.79,0.39
7ce51493-aaf9-618b-e119-ce8902962e7c,2022-06-01,TX-100,CA,Supplier C,305,25,392,4.1,0.4
b7b8c67c-7bc7-65f8-3965-48ed831a6b1f,2021-12-04,TX-400,TX,Supplier A,206,16,261,3.84,0.48
a9c216ec-e804-f36d-35c7-5534b16c0b83,2020-12-16,TX-500,IL,Supplier A,243,31,318,3.4,0.3
863b97ce-09a8-e16e-4111-a806d24affa9,2020-12-15,TX-200,NY,Supplier A,203,23,267,3.4,0.44
d13b5730-8cf1-f999-e20e-f20e2108a696,2022-11-26,TX-100,TX,Supplier A,213,17,275,4.13,0.15
10fa551a-d34b-130f-cf1d-5f4634769589,2020-10-28,TX-500,NY,Supplier B,262,15,326,2.74,0.17
77a93b6b-96f5-dd4f-036f-4511e2e5f5ac,2021-09-01,TX-200,TX,Supplier A,304,23,387,3.71,0.4
e2e48a1b-05b8-8612-a5c3-ffb891c3a398,2022-06-24,TX-300,IL,Supplier D,313,25,393,4.1,0.89
f64ba31d-7895-f040-4695-70030b625a09,2022-02-07,TX-500,TX,Supplier C,243,14,304,3.6,0.62
3c5d313a-31d9-3979-0bdd-7376a448c88b,2021-12-05,TX-200,FL,Supplier B,201,19,254,3.84,0.68
04170b0b-66d7-1926-ae7f-8feb8b61dbd4,2022-03-09,TX-500,FL,Supplier D,272,17,342,3.78,0.15
f906333f-94f0-688f-eda8-b8b682eac26d,2023-12-23,TX-400,CA,Supplier C,246,23,316,4.33,0.37
09608019-89de-03b5-51b0-9c8c4f46666b,2022-09-24,TX-300,TX,Supplier A,272,13,339,4.26,0.78
10e2d5c3-8404-e679-07f3-c56dc9afbe9b,2020-06-04,TX-100,CA,Supplier E,302,21,380,2.68,0.23
6f8b582e-be60-c992-b189-daec34d298cc,2020-04-17,TX-300,TX,Supplier E,293,10,362,3.56,0.66
20fa3c88-318d-4495-651c-354462106070,2023-11-07,TX-100,CA,Supplier C,223,16,288,4.32,0.23
b66123b4-8bbe-92ab-ade6-fde6e7076cf0,2022-02-02,TX-100,NY,Supplier E,175,9,220,3.6,0.58
9e446ce5-db46-d720-ac61-7e3da9d640bf,2023-12-15,TX-300,TX,Supplier E,252,14,319,4.33,0.43
fb442693-57c3-6c31-26a7-396e47a74e10,2021-02-24,TX-300,TX,Supplier B,240,14,301,3.82,0.4
b72f35e0-671e-b567-7364-69330c39750d,2020-10-02,TX-500,CA,Supplier C,301,26,382,2.74,0.65
0a2711ef-1a4e-4084-de32-3e2954a3c7f1,2023-01-09,TX-300,TX,Supplier E,237,17,305,4.33,0.53
34de2a0a-72c4-a3cc-9105-899db9706210,2021-04-09,TX-500,IL,Supplier E,323,18,406,3.68,0.33
cd4c7f06-04f2-df24-1ef8-50c1db354bac,2022-06-28,TX-300,IL,Supplier E,350,24,447,4.1,0.53
62a99788-e5bb-c44e-3a36-6ce9e45977d2,2021-10-18,TX-500,CA,Supplier D,296,22,377,3.51,0.79
15d32fdd-3e60-4fce-513d-77a936a90f03,2022-06-22,TX-100,TX,Supplier B,385,29,493,4.1,0.16
789e7cbf-8f20-1535-df10-d4f757f51066,2021-06-21,TX-500,NY,Supplier A,330,24,417,3.5,0.34
f75b61a5-4a9d-7550-431a-fd5bb65ed79b,2021-03-15,TX-300,CA,Supplier E,233,14,292,3.96,0.57
4043cd5c-9bd8-96ea-a760-5de190d96584,2021-03-11,TX-400,FL,Supplier C,237,25,313,3.96,0.42
deeb7487-cb79-9509-9be8-6ad64f852aad,2022-04-13,TX-100,TX,Supplier C,318,19,401,3.88,0.47
eabeeef1-3538-331f-8622-86a046d1bfd7,2021-07-29,TX-300,TX,Supplier E,339,20,420,3.79,0.41
f17d4a76-7854-1312-0a62-8e5538b6b1ce,2023-10-08,TX-100,IL,Supplier B,245,12,303,4.1,0.09
4b15faa4-f207-269f-8595-64e011c1fe16,2022-07-03,TX-400,TX,Supplier C,371,33,476,4.71,0.95
8a6cbed9-94c1-7037-af90-ded30ec3de63,2023-09-19,TX-100,CA,Supplier E,321,13,396,4.06,0.09
d4e685bc-ee07-4a3c-9ed9-180ba1b26443,2022-03-11,TX-400,TX,Supplier A,255,18,324,3.78,0.18
246cf82b-070d-8287-9cb5-5fc20865f472,2023-08-19,TX-400,IL,Supplier B,342,24,436,4.06,0.65
de2aca92-9faa-2491-63b1-2749ffc4650e,2022-08-29,TX-400,FL,Supplier A,286,27,370,4.49,0.75
66d80258-f7c4-e2a2-22f6-3c07bb6c7a11,2021-07-23,TX-400,FL,Supplier D,370,41,487,3.79,0.04
809ada1c-8770-e0a3-23d1-d7d19c693020,2022-08-26,TX-500,TX,Supplier C,330,28,420,4.49,0.04
fed33e3f-2893-82f0-25a5-95b05dfcab35,2020-05-17,TX-300,NY,Supplier D,258,25,340,2.99,0.09
0d0ebca5-728c-48c4-cd39-63ab6f0e8ebc,2020-08-27,TX-100,NY,Supplier E,232,12,289,2.82,0.1
2acf2c40-42d2-34a6-13e8-b8cd749de4dd,2023-09-16,TX-400,NY,Supplier D,301,28,389,4.06,0.19
7b418940-efb7-f5af-c1c3-d394cb55ba33,2021-08-29,TX-500,FL,Supplier E,303,15,379,3.77,0.85
a4bb9464-0592-635c-5133-229ce824de30,2020-11-07,TX-200,CA,Supplier B,218,16,277,3.1,0.12
06b49354-0a49-a1c4-6bb6-c836e1578038,2022-02-13,TX-500,TX,Supplier D,260,26,337,3.6,0.84
f7721518-a835-242d-f007-3f886446d335,2020-12-20,TX-300,CA,Supplier E,190,11,243,3.4,1.0
5ee8caee-fc6c-58fd-a593-a644ed00e555,2021-07-25,TX-100,FL,Supplier D,356,36,464,3.79,0.49
7928a8bb-f7f9-6b26-324c-1c8658940ac3,2021-12-03,TX-200,IL,Supplier B,189,12,239,3.84,0.24
d2d54a13-5354-6644-b47c-9012407e526a,2023-02-23,TX-400,TX,Supplier B,229,25,299,4.02,0.73
bc891433-71b3-8b84-ec99-fa0a3edc4599,2022-01-26,TX-400,CA,Supplier B,236,20,311,3.7,0.69
09e8d826-adf5-7a1c-6e02-178fa9ea0c9a,2023-10-15,TX-300,TX,Supplier D,298,23,383,4.1,0.16
5d341db5-1b61-86d7-2e9d-3aca1fc6a6cb,2023-03-04,TX-300,NY,Supplier D,246,14,311,3.74,0.26
1cd7d754-b698-0742-27c9-f938ae0379bc,2021-01-22,TX-300,TX,Supplier B,222,20,288,3.45,0.5
66934750-e564-cf4d-d56c-d9a602a3754f,2021-10-18,TX-200,TX,Supplier B,291,24,371,3.51,0.79
76c89a90-ad9e-f933-8b37-598fd4c66e5d,2021-06-16,TX-400,TX,Supplier D,390,27,503,3.5,0.1
f3445f0f-9da6-5bc1-0810-9ac6edbc59a6,2020-04-01,TX-300,CA,Supplier D,278,21,358,3.56,0.49
6bd336a3-d9e8-f9d9-ad05-487fb2638690,2022-03-20,TX-300,TX,Supplier E,299,26,379,3.78,0.52
db91dbd1-c1b2-4c50-907f-bb02a00b3a79,2023-09-12,TX-200,IL,Supplier C,315,25,404,4.06,0.45
f1f7a225-b38b-0232-91b3-97b12e37932e,2023-04-11,TX-400,FL,Supplier E,280,22,358,3.94,0.61
d1888389-a98c-e338-5af8-c1c253649087,2022-11-28,TX-400,TX,Supplier B,234,19,303,4.13,0.62
232c4498-db35-806c-e172-130ea4cd0270,2023-11-03,TX-100,NY,Supplier A,181,15,232,4.32,0.86
d8439533-bfca-979f-97b3-c6609f6f77ba,2020-07-19,TX-400,IL,Supplier B,306,18,388,2.82,0.65
5b6dee7b-3435-05f3-dab8-3766043ca8f4,2020-02-26,TX-300,NY,Supplier B,210,13,263,2.91,0.45
bd11d512-226a-9aed-7bc3-8afcaaa0a3ce,2023-09-06,TX-200,FL,Supplier E,302,15,376,4.06,0.83
3db2515a-d4e3-1cf1-0e01-4fbf495cadff,2021-05-19,TX-200,NY,Supplier B,301,19,387,3.79,0.04
2d19f38b-c24b-dc0d-25aa-b7d5e4e04862,2020-10-19,TX-100,FL,Supplier A,223,10,272,2.74,0.8
89edb4a7-b192-67bb-ede6-aec5b3fd1ecb,2023-11-05,TX-400,FL,Supplier B,243,28,321,4.32,0.35
c800db65-140c-8c09-9abf-9ea0dbcec5e0,2023-07-25,TX-100,IL,Supplier B,337,31,433,4.02,0.84
5dd01a27-faca-ad0d-4219-4de6b5a634a0,2021-10-13,TX-400,TX,Supplier D,298,32,388,3.51,0.32
dd422e21-7ca6-d67d-3b82-a7092a36dc94,2020-03-14,TX-500,IL,Supplier A,259,13,323,3.22,0.42
86608b94-f6f4-cb30-f8c6-02bef5ad63fb,2022-04-17,TX-100,FL,Supplier C,259,12,327,3.88,0.13
12fb1f10-a969-a75f-86a6-b71f61d7bcdd,2022-07-22,TX-100,TX,Supplier C,323,16,401,4.71,0.47
cb06db59-70e6-d49b-f564-f371a82be6b3,2023-08-28,TX-400,CA,Supplier C,371,33,482,4.06,0.04
57e70a2c-0c34-7f0e-0e0f-f4851dd8724a,2021-03-29,TX-400,CA,Supplier B,295,24,375,3.96,0.5
14f1575a-b907-dc01-651a-d79fe95df3d2,2021-03-25,TX-300,TX,Supplier B,267,21,345,3.96,0.51
8c28305d-ea49-f64e-066f-283a6ec2894d,2021-01-28,TX-200,TX,Supplier C,200,12,254,3.45,0.19
994e911d-866f-8e4b-8d09-4aa7966de8f8,2021-03-18,TX-200,NY,Supplier D,224,19,288,3.96,0.65
3ff9d782-a698-cb69-522a-44da99bfdeee,2021-03-28,TX-300,NY,Supplier E,242,18,308,3.96,0.92
71b3a7dd-1c71-ad1b-9fde-cfdd08969567,2020-11-30,TX-300,NY,Supplier C,182,6,226,3.1,0.38
b3c4b794-6885-d0ee-98ce-f5f7d5d3ecd0,2023-01-14,TX-500,FL,Supplier B,246,19,312,4.33,0.77
7aba4a7c-1cfb-3219-8700-11e29208c7a7,2020-08-08,TX-200,NY,Supplier A,255,17,325,2.82,0.06
9a08af7e-6807-36fd-bebc-1e2519f2bbee,2020-03-26,TX-200,FL,Supplier A,260,12,328,3.22,0.02
a76fc88f-fa74-04c6-a2c7-fadd196f6f02,2023-04-05,TX-300,NY,Supplier B,236,11,293,3.94,0.86
2202a921-5bda-3a11-e283-90f5ea1a162b,2020-11-18,TX-100,TX,Supplier A,243,14,304,3.1,0.36
5ecb1b8d-4864-a496-4ec3-721acfc8d1ac,2020-01-15,TX-500,IL,Supplier A,221,13,279,3.17,0.63
fb858360-d675-9e26-eba7-47142da65afa,2022-01-10,TX-100,TX,Supplier D,225,21,292,3.7,0.22
597be848-e5ad-23f9-2df8-ad333c630641,2022-03-03,TX-300,CA,Supplier D,293,24,369,3.78,0.52
f7d068f8-d8b3-709e-13b8-34e25285b844,2022-09-15,TX-100,IL,Supplier A,295,19,376,4.26,0.44
44f0f6e0-82c0-c7d1-e1a7-4ba472873eb6,2022-01-01,TX-100,CA,Supplier E,243,16,307,3.7,0.92
fd21b56e-e89a-9aa5-d682-dd7873d8b1bd,2021-07-19,TX-100,TX,Supplier A,370,17,465,3.79,0.73
a757eacd-653d-6915-78fe-e34dfd740915,2021-04-14,TX-300,TX,Supplier A,281,26,362,3.68,0.83
cd1cba8e-4850-0a8d-f281-55f7677de51d,2021-04-21,TX-100,NY,Supplier D,267,28,347,3.68,0.96
fb1e3bce-ca21-af0d-d0ee-9adb919fab3c,2020-07-06,TX-100,IL,Supplier C,336,31,432,2.82,0.78
52a94afa-7b09-3a2e-c139-63ca04555a42,2023-12-26,TX-400,FL,Supplier E,209,17,268,4.33,0.51
101fd068-997c-16a8-77ce-80da12b6091f,2021-09-06,TX-400,FL,Supplier D,331,36,436,3.71,0.34
7e4c068a-d9b0-41af-6bdd-fc4f314b1aba,2022-12-29,TX-100,IL,Supplier B,208,18,263,4.43,0.82
21303815-22d8-a7fa-7f40-f34c81aeacdf,2020-01-22,TX-200,FL,Supplier C,208,22,268,3.17,0.41
74ba81d4-2355-b9a1-3c40-edc88003c6ea,2020-10-20,TX-300,CA,Supplier D,249,14,315,2.74,0.59
ab2f3f0f-e699-47f4-f360-5043992d8882,2023-04-02,TX-300,TX,Supplier A,295,14,368,3.94,0.42
c11e0381-2aab-7cd1-a2a3-98c4ad0310d5,2023-11-10,TX-500,CA,Supplier D,292,28,381,4.32,0.38
0ae9f627-5498-11e3-273b-e16c5ba3dee8,2022-07-30,TX-200,NY,Supplier E,345,19,428,4.71,0.75
1a2b7904-92bc-7890-27ce-5ae3e4f84db2,2021-10-03,TX-400,NY,Supplier D,246,15,310,3.51,0.9
6dc4c2c4-ddb7-345e-8f56-257d7c3623ae,2022-08-19,TX-300,CA,Supplier A,391,26,498,4.49,0.6
8b519b47-1794-73ba-6845-649e25240f90,2022-03-26,TX-300,IL,Supplier E,231,15,291,3.78,0.9
592d1b39-9051-ca83-4d41-a4fa72d6c50c,2022-10-24,TX-200,CA,Supplier B,298,20,381,3.97,0.49
03d39671-af7e-6984-9fa0-6268dd727e17,2021-05-30,TX-400,IL,Supplier E,286,13,358,3.79,0.67
bef0492d-9f5e-0032-256c-425c0a770353,2021-02-26,TX-400,NY,Supplier B,213,26,285,3.82,0.12
42f939e3-ba2f-1e4c-6b12-ba07a1382a20,2023-03-08,TX-300,CA,Supplier C,300,28,385,3.74,0.56
a89bab4b-d198-a558-5b42-19250bf18f79,2022-03-31,TX-100,TX,Supplier D,304,23,390,3.78,0.74
089827af-fa36-9fa6-afa5-4ed27ccd05b9,2022-01-18,TX-400,TX,Supplier A,266,17,332,3.7,0.73
f6e7df03-389e-4093-da25-a0ac98bb0298,2021-12-19,TX-400,TX,Supplier E,231,9,281,3.84,0.11
d3d5670a-e308-9020-7634-964fe9f14bcf,2022-10-27,TX-500,NY,Supplier C,267,18,332,3.97,0.24
2bc50630-d9e1-892e-9472-71be1b7f7320,2020-05-14,TX-300,FL,Supplier B,261,23,336,2.99,0.77
ce2c9546-4549-e7fc-694c-730043b4b738,2021-11-29,TX-100,TX,Supplier E,204,11,255,3.9,0.78
daa60458-1dc7-b475-97d7-5dbb4da30f4a,2023-06-29,TX-400,CA,Supplier E,357,18,440,4.27,0.88
fd2e712e-a19f-7652-d162-6848b9e4ab6a,2021-01-03,TX-500,FL,Supplier E,249,15,311,3.45,0.2
14c66930-3cc4-5ba5-2205-b7b215647850,2020-03-29,TX-400,FL,Supplier A,265,16,333,3.22,0.78
088fa35c-9aea-d1de-8229-80d805564286,2023-04-22,TX-300,NY,Supplier A,296,19,369,3.94,0.82
19a69614-17e0-bc6e-e9df-1691154c5c91,2021-04-27,TX-200,NY,Supplier E,290,11,356,3.68,0.39
3f9399fc-5c39-76aa-af67-64c9ddcda91f,2022-07-29,TX-500,IL,Supplier D,359,25,458,4.71,0.62
849a17e0-489e-0fb9-6346-7e93804526bd,2022-06-02,TX-300,CA,Supplier E,405,25,512,4.1,0.76
785c827a-e8ab-7c64-2b2b-c2e803356754,2023-12-18,TX-200,NY,Supplier A,206,15,257,4.33,0.63
730ab090-6afb-41ff-6573-8895d9e266e8,2023-05-24,TX-200,NY,Supplier E,339,20,430,4.14,0.57
c88ded36-a20d-43a7-7ce2-bc35b1238315,2020-01-15,TX-300,NY,Supplier B,161,7,198,3.17,0.63
f0a6ef50-bf7e-dab5-97d9-ef2ed1a48a43,2021-11-07,TX-500,IL,Supplier D,235,23,302,3.9,0.25
968fe5fd-0eac-baf7-f80d-6a1bcb0a5cbb,2023-09-28,TX-500,NY,Supplier B,278,23,354,4.06,0.55
b53c92a3-2793-45b9-d5f4-2535e0dd2801,2023-12-13,TX-300,NY,Supplier B,214,20,278,4.33,0.65
54483299-821d-a27a-1310-29b87ced4e8e,2022-12-09,TX-100,TX,Supplier A,195,17,250,4.43,0.18
d76e5e14-a8e6-b403-7d7e-b45420a6dd4c,2022-08-30,TX-500,FL,Supplier B,303,20,387,4.49,0.99
6b0dbd82-0bf9-7c1a-b115-19a101986b13,2020-10-11,TX-100,NY,Supplier E,209,4,250,2.74,0.13
0b772bb8-4314-089d-36e4-3c2cf42e4eca,2022-08-02,TX-500,FL,Supplier D,330,24,417,4.49,0.92
5147274e-513a-1233-623c-89f73e0f75a9,2022-05-21,TX-400,CA,Supplier B,423,35,547,3.99,0.85
5c21aa6f-c395-9c51-e6a2-5c19f2324cff,2021-04-14,TX-200,CA,Supplier C,308,20,379,3.68,0.83
cd948b3d-050d-7ec4-fae5-cbc92a2426e5,2023-02-23,TX-300,FL,Supplier D,201,10,254,4.02,0.73
4e1f2936-b321-c133-a183-32aa9a3f448b,2023-10-08,TX-200,FL,Supplier D,260,23,328,4.1,0.09
3a8d6704-70ed-77b4-d99f-cf4a945885d1,2021-02-23,TX-100,TX,Supplier E,251,14,311,3.82,0.51
345d7138-6d50-a919-b24a-9de08b2c2e49,2022-02-08,TX-200,TX,Supplier B,258,17,334,3.6,0.27
989cbd58-1341-d51a-3786-74cb7f6807bc,2020-09-18,TX-200,TX,Supplier E,336,16,422,2.91,0.42
cde80f10-d903-3d08-9521-a5166ca34092,2022-03-02,TX-400,FL,Supplier A,255,17,324,3.78,0.8
30da5828-6c77-a368-dc41-eab3ec8b48ed,2022-07-25,TX-500,NY,Supplier C,341,22,425,4.71,0.34
afe5415a-811b-75df-ca02-29d743405623,2020-01-25,TX-400,TX,Supplier E,213,9,263,3.17,0.06
b8f64ddb-85f7-8704-e6e5-b5d9fa85e4e0,2023-07-27,TX-500,NY,Supplier B,359,28,453,4.02,0.3
1d7a278f-baf0-1524-dddb-b3aeaf73fe5e,2021-11-17,TX-200,NY,Supplier E,196,14,247,3.9,0.21
3be5406d-7964-4395-80e9-984bc0e2fd1b,2022-11-12,TX-100,CA,Supplier D,262,27,344,4.13,0.22
bbc2e035-a8b9-357a-4edd-f8d04c35d5f8,2021-05-09,TX-300,CA,Supplier A,317,22,402,3.79,0.14
44988480-8257-dc30-0484-c21f529b7071,2020-06-11,TX-300,IL,Supplier E,291,12,364,2.68,0.2
554ebf68-599a-161d-4ce9-36aa1ea19b98,2023-06-09,TX-500,TX,Supplier E,473,24,588,4.27,0.93
6507610a-015b-c856-af79-40d1946c016a,2022-12-17,TX-100,IL,Supplier B,213,14,268,4.43,0.52
dc46697b-c737-62b1-012e-ada2ccd557e6,2023-12-03,TX-100,NY,Supplier B,208,13,262,4.33,0.59
802039e5-7051-4637-0088-5fa507d51c63,2023-07-15,TX-500,NY,Supplier E,405,25,519,4.02,0.81
679b21e7-bb4f-0b00-2f13-4259285e69a2,2021-09-01,TX-400,FL,Supplier D,328,28,414,3.71,0.4
586a90a5-3f1c-fe85-d864-46991adf43f0,2020-02-13,TX-500,NY,Supplier E,222,7,276,2.91,0.38
c9f1d854-740a-3c59-195a-d65a1d3d5122,2023-05-04,TX-500,NY,Supplier B,321,27,407,4.14,0.49
6f9de915-dc07-c43e-b41e-ce7fe4b3a307,2023-10-05,TX-300,IL,Supplier C,294,13,359,4.1,0.39
77f84f32-a384-706a-b494-cc529df536f8,2023-06-16,TX-300,NY,Supplier E,267,14,334,4.27,0.58
e07553a9-946c-5888-8a5c-6e778e3ce2a9,2020-06-13,TX-500,FL,Supplier A,414,27,520,2.68,0.72
97518bfd-9962-9fc9-b25c-891eaffd11df,2022-09-09,TX-200,IL,Supplier A,280,22,360,4.26,0.51
f2e8bed8-b4ec-2dc2-c8a7-6ab2bf53a09b,2023-04-03,TX-100,TX,Supplier E,277,13,348,3.94,0.18
2aca4d1f-b7b4-aa2e-c025-91e8758e1486,2023-08-21,TX-100,NY,Supplier C,295,29,384,4.06,0.63
684f5e0d-4e5a-e6ea-cc44-bb2fb41b0711,2020-02-02,TX-300,IL,Supplier B,209,20,272,2.91,0.81
9817c7e4-1d14-ac27-f292-511ec2a429e7,2022-07-20,TX-300,NY,Supplier D,330,30,431,4.71,0.82
95a273e8-200c-bc88-2a55-56d013b3d1c4,2022-11-27,TX-500,FL,Supplier E,269,9,328,4.13,0.42
800d0301-6d79-3fab-4f4c-567b05fb58b8,2021-07-17,TX-300,CA,Supplier A,348,29,448,3.79,0.98
49327b09-5b30-4f75-fd07-1022f3496b2c,2020-01-12,TX-500,TX,Supplier E,272,25,350,3.17,0.47
9fb96f75-3e47-5239-4456-7f422465668a,2020-01-11,TX-500,NY,Supplier E,187,8,234,3.17,0.67
8ffa42df-3456-446b-3e55-8cf3964fe0d6,2022-12-03,TX-300,TX,Supplier A,235,25,308,4.43,0.79
1bf8f9a6-64ca-f19f-0d7f-3fbe9ed6c7fa,2022-06-13,TX-500,FL,Supplier D,415,36,525,4.1,0.45
4c236466-8ea4-6cfd-35fd-83caee192de9,2023-02-04,TX-100,NY,Supplier B,202,15,258,4.02,0.75
25e9bdd2-df74-a623-6da1-f3a423f47e26,2022-03-23,TX-500,TX,Supplier A,310,22,398,3.78,0.78
d4b847a9-034b-4e19-6f23-412efcc5ce8a,2023-01-04,TX-500,CA,Supplier D,229,20,297,4.33,0.89
006a9d2c-e37e-cb7c-deca-04a3b0cf7ca2,2022-05-10,TX-100,CA,Supplier C,348,28,444,3.99,0.76
137c0d33-9712-4e2f-5f95-ad9ff622f5be,2022-11-26,TX-400,FL,Supplier A,255,20,324,4.13,0.15
5a610469-803d-2842-4bf7-fb087ec287e7,2021-11-04,TX-500,NY,Supplier A,213,5,261,3.9,0.96
da7e4b1e-8262-9f90-d5f8-b993a30fa60d,2023-11-28,TX-500,NY,Supplier B,202,14,256,4.32,0.99
e24747e4-a2ba-f13a-47f1-5d10e47222af,2021-11-28,TX-300,IL,Supplier C,207,14,263,3.9,0.43
1e088795-0e19-32f1-8ee3-32687c719312,2020-04-15,TX-400,NY,Supplier E,256,12,316,3.56,0.67
1ca82980-33c6-6cf7-de0c-12bac017b384,2023-12-19,TX-300,NY,Supplier A,204,15,263,4.33,0.35
f16e7167-98e6-01fe-71bc-6a9b3af2c722,2023-01-26,TX-500,NY,Supplier D,245,28,324,4.33,0.74
a7cd28b1-e628-c6f9-4211-912e63416bc1,2023-12-28,TX-200,TX,Supplier C,194,13,246,4.33,0.46
a21f6c80-a0c4-5b05-4252-19b6e6c84cb1,2023-06-02,TX-200,TX,Supplier A,408,36,519,4.27,0.72
6d07e0d0-d3d0-edc8-bbe3-eab02125b7fe,2023-01-08,TX-400,FL,Supplier D,199,21,265,4.33,0.15
89203e6e-62c7-a84d-ea9b-9b9bb0fd0f10,2022-07-27,TX-100,TX,Supplier C,366,25,460,4.71,0.34
6d69b007-b442-e7dc-61f3-e8995c7a87af,2023-06-05,TX-500,TX,Supplier B,445,35,577,4.27,0.56
517acb23-6843-fd78-d1fd-888b763afa11,2020-12-08,TX-300,IL,Supplier B,169,16,221,3.4,0.59
2d969a17-9859-eaf9-43a4-fb704da1a158,2021-02-26,TX-100,CA,Supplier A,237,19,301,3.82,0.12
d64c9ce3-5956-67f2-4f10-ecff3725ae8f,2020-11-03,TX-200,NY,Supplier C,227,15,287,3.1,0.8
c41d8020-45c1-b343-7d13-3207ab44406e,2020-05-16,TX-300,TX,Supplier D,334,30,430,2.99,0.37
ff78d238-b69e-68a9-724b-e9e6d8106cf3,2020-07-25,TX-500,NY,Supplier C,332,25,419,2.82,0.82
6918e3b0-ccbc-8619-f875-e8b49e2eeb91,2020-11-26,TX-200,FL,Supplier A,189,11,238,3.1,0.55
6353dd0a-da15-b5e5-97ce-a71f105f2d82,2021-10-02,TX-500,NY,Supplier C,262,24,337,3.51,0.28
c2a30fce-2637-f6f7-bd83-1fa5b54f7371,2022-04-18,TX-500,TX,Supplier B,357,42,477,3.88,0.16
5bb850d7-8dd1-ca0a-6aad-6b4ed94f90ca,2021-11-08,TX-500,TX,Supplier B,230,23,297,3.9,0.07
65cd2efc-3515-b87f-3112-a20631b7b902,2022-12-09,TX-500,FL,Supplier A,274,12,335,4.43,0.18
41a85bde-2099-27ba-bfec-eb1d9b352107,2020-05-26,TX-100,TX,Supplier B,348,30,439,2.99,0.6
7b2297a3-2928-d169-8253-5a73b1e58fc1,2020-05-06,TX-200,CA,Supplier A,382,41,502,2.99,0.44
3fbf6627-0996-c7fb-b5a2-7c475a227248,2021-06-28,TX-200,TX,Supplier B,408,37,523,3.5,0.01
9b547dd8-4537-8917-d906-cec670955a85,2023-07-18,TX-200,FL,Supplier E,376,12,466,4.02,0.98
fe2b80e4-b48c-462f-498f-3af62fe9585b,2021-07-01,TX-100,IL,Supplier A,298,16,376,3.79,0.63
29881947-ed3d-0f12-6e29-e1120af49faa,2020-02-14,TX-100,IL,Supplier A,203,15,258,2.91,0.3
8ac03d4b-c8d7-e8db-186f-0747a37e7be5,2021-11-25,TX-400,IL,Supplier E,216,15,274,3.9,0.51
2f36b342-e6a1-abe1-7dff-dc1aed0aafd9,2022-06-09,TX-300,CA,Supplier A,346,27,442,4.1,0.26
34a81019-2365-6d58-54f2-68877f6c1cb0,2022-09-06,TX-200,CA,Supplier E,305,21,382,4.26,0.4
96c063e7-25e2-2dd9-a628-57bafd38a6bc,2022-10-07,TX-400,FL,Supplier C,302,27,386,3.97,0.95
d7a15dc2-3124-df1c-f240-35f0ffe685aa,2023-11-28,TX-200,FL,Supplier B,235,21,303,4.32,0.99
859830be-8082-da7a-eb1c-e4a9eee5f334,2022-06-20,TX-500,FL,Supplier E,444,23,547,4.1,0.25
268dfaff-d94a-5438-0504-8648749e98fc,2022-11-28,TX-200,TX,Supplier A,237,23,307,4.13,0.62
dd330590-5a5c-1c88-4d6f-1dc3d2e5a356,2021-03-29,TX-100,CA,Supplier B,315,28,404,3.96,0.5
8c9fe55c-a688-0e39-3793-4985f618574c,2023-10-28,TX-200,TX,Supplier B,283,22,362,4.1,0.91
0734fc75-8fd0-ba45-44a4-6b9bec36835c,2023-07-22,TX-200,CA,Supplier B,393,20,485,4.02,0.42
820b702e-f99a-9641-d3df-8f8ba2571f24,2021-12-13,TX-300,IL,Supplier E,173,5,214,3.84,0.05
801180de-d752-e36d-a18d-74f06dbf777d,2023-10-17,TX-500,IL,Supplier E,257,27,339,4.1,0.98
b9dc77ed-0ca2-689d-1991-b8868e2bfd95,2022-09-20,TX-200,FL,Supplier E,294,15,366,4.26,0.66
2c9303de-a2a6-239c-af9e-f7cfae45f3f4,2021-01-11,TX-200,IL,Supplier D,215,14,276,3.45,0.24
ac5c45cf-fe77-ea30-d8eb-d26fa21a6d1a,2020-05-15,TX-300,IL,Supplier E,294,16,368,2.99,0.66
ea920f0c-e881-b387-2bfe-b39ba695798a,2023-01-19,TX-400,IL,Supplier B,237,19,308,4.33,0.15
6b33cf3d-86cf-433b-fcad-38af2a195d85,2020-01-11,TX-200,TX,Supplier A,185,19,240,3.17,0.67
5ab19d92-c632-87d9-bcb0-67c6c1f24816,2023-01-15,TX-300,IL,Supplier E,202,11,257,4.33,0.03
71547c67-128f-f82b-eff9-aa7f4cf58233,2022-12-12,TX-200,TX,Supplier E,214,19,272,4.43,0.5
d24eb1a3-ef69-e0b5-7479-91d2623c04d6,2021-06-08,TX-100,CA,Supplier E,372,17,459,3.5,0.85
28c2fb70-4528-3ccf-ed90-402798fbe8ec,2023-01-26,TX-100,IL,Supplier A,193,6,234,4.33,0.74
6de5f00f-c72d-d912-a14a-b7e650f09098,2021-02-03,TX-300,TX,Supplier B,224,8,273,3.82,0.62
b9ddcf82-979c-a622-d923-3091d1250d22,2023-05-06,TX-100,FL,Supplier D,261,22,337,4.14,0.38
b9099251-f637-09ab-faf8-7877fcf6f7a0,2021-12-08,TX-500,FL,Supplier C,239,11,292,3.84,0.93
9711bb06-7e2c-141f-1928-4d5a34031a8f,2022-09-20,TX-300,NY,Supplier B,247,26,323,4.26,0.66
0e127d9a-22dd-0ab6-e3dd-929f97cd8633,2022-12-30,TX-400,TX,Supplier C,213,12,271,4.43,0.42
29765537-4784-137a-fe06-5a5cc65d1654,2021-05-11,TX-200,IL,Supplier A,335,23,419,3.79,0.39
5e47de2f-b0ec-1ce3-36d7-14eb5072dc4f,2023-11-17,TX-400,NY,Supplier E,196,7,243,4.32,0.43
3987f851-c601-b442-6a3c-142d05021f53,2023-04-23,TX-300,CA,Supplier D,370,32,478,3.94,0.53
b0e9bdb5-d403-0ed9-f603-92aeeead092f,2020-07-15,TX-500,TX,Supplier B,383,26,483,2.82,0.6
b1f54c9d-78ee-d133-6bce-0040b8f04867,2022-01-02,TX-100,NY,Supplier A,161,17,206,3.7,0.45
fdf3ce43-4975-200d-afe1-8090bbacbb37,2021-04-06,TX-300,NY,Supplier C,264,32,348,3.68,0.84
534bc825-44bb-89d8-9e45-3d4e9fd13ff7,2021-03-06,TX-500,IL,Supplier B,228,18,292,3.96,0.41
bd2f5a81-f074-5b12-9201-936f1536a052,2022-06-12,TX-400,NY,Supplier E,312,15,390,4.1,0.41
b4c329d9-9fb5-1265-f8db-5bf767d0bd82,2020-06-21,TX-300,TX,Supplier C,342,20,424,2.68,0.66
75c39896-68a0-82a2-242b-5276ca42ac31,2023-01-02,TX-300,CA,Supplier B,221,18,281,4.33,0.8
6ef01c59-af95-7e20-17db-6b74a697b189,2021-12-07,TX-100,NY,Supplier B,171,9,217,3.84,0.33
dec1378b-70c0-ee76-7be2-60f6c78fbfea,2021-07-05,TX-200,CA,Supplier E,383,24,483,3.79,0.76
8c88a065-009c-2c73-e66e-307e07eb5b24,2022-05-15,TX-400,FL,Supplier B,345,26,443,3.99,0.95
6a7350db-e115-8fbd-7fdf-415e53ad4263,2023-12-01,TX-500,TX,Supplier C,251,16,314,4.33,0.42
9de5b551-a8a2-6826-51da-964e2cd951a8,2021-07-04,TX-200,TX,Supplier C,410,36,530,3.79,0.48
7b2ff8b8-a7e3-0f2f-b56f-ce0d8d6dd810,2023-11-03,TX-200,TX,Supplier A,246,19,315,4.32,0.86
01ca0cd0-6dea-b1f8-a5cf-c85ef8fd4db7,2022-10-16,TX-300,FL,Supplier E,244,10,301,3.97,0.4
fd0e11df-6962-5973-e1b4-394c993cbaa1,2021-01-06,TX-500,NY,Supplier B,210,18,269,3.45,0.04
96945243-ec81-f1fe-fc8f-f285def9c51a,2023-01-05,TX-400,CA,Supplier A,245,21,314,4.33,0.14
73113063-ee9a-a2b5-7517-f6ccdf36e9d4,2023-11-17,TX-200,NY,Supplier D,181,9,227,4.32,0.43
a9432423-14f4-9ca8-b0d6-66467929c743,2022-05-22,TX-500,IL,Supplier C,397,28,507,3.99,0.62
3d75f718-0fcd-0197-25d5-2faceae7f507,2021-10-20,TX-100,NY,Supplier B,207,17,264,3.51,0.44
1c179dc0-be39-444d-3939-ede011280263,2020-01-05,TX-200,TX,Supplier B,192,14,244,3.17,0.71
ed778619-d2ac-c14c-0631-12d1c0bb1250,2021-10-05,TX-100,IL,Supplier D,219,17,283,3.51,0.33
8f80c567-ffe4-e29f-dda8-d8ffba4d3ea4,2020-06-04,TX-200,IL,Supplier E,357,19,443,2.68,0.23
1fcbacfd-5a15-0a68-fa79-9dafd16f038f,2022-09-27,TX-300,TX,Supplier B,294,20,374,4.26,0.67
f1303c2d-f746-a4a5-956c-062001956061,2021-04-23,TX-400,FL,Supplier D,267,18,336,3.68,0.77
4ddd3352-27fe-6f84-5af8-04ba571f8260,2020-03-01,TX-100,FL,Supplier A,250,19,323,3.22,0.46
1c516a53-7ea6-0c0d-1cc3-93b0ae427bd9,2023-05-07,TX-100,TX,Supplier B,351,38,458,4.14,0.4
68f8b834-52cc-6a0c-5b86-3b46ec863f2e,2020-07-27,TX-300,CA,Supplier C,319,22,396,2.82,0.07
3a5a0d8a-3187-8a27-ae99-56f485fe3917,2022-01-15,TX-100,NY,Supplier B,170,21,225,3.7,0.35
db66c143-72d9-0d1f-e0d4-b3e47eaee98e,2022-06-02,TX-500,TX,Supplier A,411,32,526,4.1,0.76
d19af7ff-d5ab-af23-c5fe-52d16d29b8c2,2020-07-11,TX-400,TX,Supplier E,331,17,413,2.82,0.23
bb6628a8-8cd8-f1be-5d3d-61f22a88b19c,2021-04-21,TX-300,NY,Supplier A,293,25,375,3.68,0.96
7a18345e-17f9-e06c-81df-4c5df463a31d,2023-08-06,TX-200,TX,Supplier E,367,26,468,4.06,0.04
a7d261b6-65af-6e4e-99bf-fd0c3d106c83,2022-04-28,TX-400,NY,Supplier E,301,17,380,3.88,0.19
35576987-ed73-2cd1-2617-8af4124b3481,2020-12-05,TX-100,IL,Supplier A,191,12,240,3.4,0.85
a25206cb-06b9-3a7e-36c3-464e8783e252,2021-07-17,TX-400,CA,Supplier C,433,32,548,3.79,0.98
e1be31e2-3187-45db-557f-f45b17539f01,2020-02-04,TX-300,NY,Supplier B,173,13,220,2.91,0.02
3e9b02e4-0fd4-a4b3-9956-5a68639d8622,2022-05-17,TX-500,FL,Supplier B,391,21,484,3.99,0.14
3c47ae87-5397-1ce4-68a2-6b447cb16b15,2023-01-01,TX-200,FL,Supplier E,195,13,245,4.33,0.75
21c8bc40-f869-c061-f724-38720b1262b4,2020-08-27,TX-200,CA,Supplier D,343,27,439,2.82,0.1
7a6dc9ba-1c15-5df0-0fa7-2d346643d85d,2022-05-19,TX-100,FL,Supplier A,315,19,390,3.99,0.55
2bde3ac7-83d1-3bf2-7d4f-9fc3ea2ed847,2023-03-10,TX-400,CA,Supplier B,337,17,421,3.74,0.27
fb177625-a1e6-155d-3f2b-4646feccec4f,2021-12-05,TX-100,IL,Supplier A,161,7,197,3.84,0.68
9f97a798-8215-a17d-78d6-fcec5f651bed,2023-06-30,TX-200,IL,Supplier D,319,38,417,4.27,0.37
3a2b8760-6eff-3653-99df-0875a4678cde,2022-11-27,TX-100,FL,Supplier B,221,20,288,4.13,0.42
c01f8173-43c3-ab00-8e4f-712bc42ca78f,2020-10-22,TX-500,FL,Supplier A,286,20,359,2.74,0.8
39bbe72b-19f2-912b-181a-375c47732b13,2021-09-11,TX-200,FL,Supplier A,272,15,335,3.71,0.41
75f510f4-f66c-acb0-ef57-965c68c9a91c,2022-05-28,TX-400,TX,Supplier E,378,18,471,3.99,0.58
d9b87cf1-029f-55a8-fda6-b9b09a1609c3,2023-11-26,TX-100,NY,Supplier A,173,9,218,4.32,0.51
eaa28f73-0360-3e25-8e33-047ae739e938,2023-01-28,TX-300,CA,Supplier A,222,15,286,4.33,0.75
062c2da6-300c-6713-9bbd-2c05bfe59b9c,2023-04-13,TX-300,NY,Supplier C,250,13,309,3.94,0.89
60fb092a-bd85-3e92-466b-26cbabb7c40f,2022-11-13,TX-300,TX,Supplier C,202,18,264,4.13,0.82
f3e17b8c-822b-7deb-dd5a-645c09691520,2020-07-04,TX-100,CA,Supplier B,376,26,482,2.82,0.8
9716db2b-f9bc-64b6-e240-ef6260b6d674,2023-11-24,TX-500,NY,Supplier A,229,13,291,4.32,0.5
db24c9b4-7ac7-e31c-e97e-af404fc86b6e,2023-11-30,TX-200,TX,Supplier B,242,19,310,4.32,0.48
8ae2d686-ede1-6d0f-21d6-2fe07893e848,2023-06-20,TX-400,TX,Supplier D,332,32,438,4.27,0.56
ced5b213-0a32-b318-8187-f923241d33a7,2023-11-14,TX-500,FL,Supplier D,293,22,375,4.32,0.32
3580e4d3-28fe-c5d0-3763-856f01b727db,2022-05-28,TX-200,TX,Supplier C,304,21,385,3.99,0.58
f68f629a-4d18-2cce-2959-b84306306cc7,2023-06-04,TX-200,TX,Supplier B,332,17,412,4.27,0.21
b561b7bd-a6ac-65fa-f844-615af1a1de5c,2020-06-17,TX-400,CA,Supplier D,410,51,545,2.68,0.93
25a3d068-c5d7-29dc-98a8-cb3fdcfb7b6f,2020-10-18,TX-500,NY,Supplier C,242,25,314,2.74,0.96
e332ac2f-4d40-1abd-62c1-95ee523431e3,2020-05-21,TX-300,FL,Supplier B,346,26,442,2.99,0.24
66dd825a-b177-75d5-12e6-f1decd111856,2020-03-08,TX-300,TX,Supplier A,275,14,347,3.22,0.72
e55488d8-aab8-c09d-f3cb-c141618caff7,2023-12-22,TX-200,TX,Supplier E,199,10,248,4.33,0.96
b60f884d-50cf-f23c-cc75-2dead1c61a5f,2020-05-24,TX-400,FL,Supplier C,375,34,482,2.99,0.15
4b383cbe-e4cc-01f2-2d3c-64ac20d15f92,2020-04-06,TX-500,FL,Supplier C,316,18,394,3.56,0.33
8251c21c-4af6-4119-c3fb-556a2c15206a,2023-08-12,TX-400,IL,Supplier E,292,22,372,4.06,0.34
0edf51eb-5770-e43e-3cc6-7217d52b8b77,2022-06-08,TX-100,NY,Supplier D,247,18,317,4.1,0.1
c43d765a-c6ae-38ba-3e92-329968442651,2022-01-30,TX-400,NY,Supplier D,198,10,249,3.7,0.0
5de2e84d-c120-eb12-e645-49563f8a0fbb,2023-08-13,TX-400,TX,Supplier D,419,39,544,4.06,0.1
fb928c18-1a81-819e-d0ac-56b295e58a76,2023-08-10,TX-200,TX,Supplier D,361,29,468,4.06,0.14
480a367e-4abc-4710-338f-934e310304f9,2021-08-02,TX-500,NY,Supplier D,365,34,471,3.77,0.8
dc650d8b-6f91-e310-9477-9d9cef95f79a,2020-12-23,TX-500,IL,Supplier B,200,9,254,3.4,0.84
2475ab2e-d905-73be-5668-d5f8b15f2ef0,2020-05-11,TX-100,CA,Supplier C,326,17,408,2.99,0.89
ef0ce420-6d6a-a97b-725f-ef0745da3416,2023-07-02,TX-100,IL,Supplier B,273,19,343,4.02,0.27
99a811f5-359c-4a8a-fe2d-45dbc99956f3,2020-09-27,TX-400,TX,Supplier C,327,30,422,2.91,0.92
8d8b7041-18de-f166-9d0c-2894310ab6c4,2021-01-07,TX-400,IL,Supplier C,183,9,227,3.45,0.01
c236dd3e-59fe-39d7-4540-3235c5a46ef2,2022-11-17,TX-500,NY,Supplier A,254,12,316,4.13,0.34
55388159-6d35-6cee-48e8-c7514a154864,2021-01-08,TX-100,NY,Supplier A,164,19,220,3.45,0.05
85be647a-4468-fb3e-3e73-8de932f3c549,2020-08-18,TX-500,TX,Supplier D,336,21,421,2.82,0.04
2a114ce6-7b97-02d1-defe-6f2afccac74c,2020-11-04,TX-400,NY,Supplier A,208,14,266,3.1,0.49
5a6c3256-b3a9-3341-2265-ed630e2cfbb6,2023-09-14,TX-200,TX,Supplier C,325,22,411,4.06,0.97
161260c6-5414-a954-7fe1-05c65b28a29e,2021-07-15,TX-200,NY,Supplier C,282,16,352,3.79,0.65
d2769f4f-785f-e383-1f5b-504cf2cb7ef5,2023-11-20,TX-100,CA,Supplier A,213,14,273,4.32,0.17
b335f571-6327-c383-3cc7-cfe4557909c6,2020-04-14,TX-300,TX,Supplier D,264,27,344,3.56,0.11
155d779c-6129-94c5-0210-56473cad7632,2023-01-16,TX-500,CA,Supplier E,260,10,317,4.33,0.65
b1acf76d-0dd7-ecfe-79b0-0ef28cff2405,2023-03-13,TX-300,IL,Supplier B,242,14,304,3.74,0.56
9529aede-329d-f170-3bb6-9da478afbbc5,2022-10-15,TX-500,CA,Supplier B,341,42,448,3.97,0.02
f230b454-b8d4-029a-2a14-bf786983f8bf,2023-11-24,TX-200,IL,Supplier D,240,23,305,4.32,0.5
cb51c0e8-27ac-1e67-03a9-f08bce981db4,2023-09-28,TX-500,IL,Supplier A,280,16,358,4.06,0.55
8ae1cd21-738f-b974-00ac-4126917ad0aa,2020-10-28,TX-300,FL,Supplier C,251,15,314,2.74,0.17
fae1cf6f-b2f2-eed1-973e-b16aa73bf269,2021-12-06,TX-300,TX,Supplier C,223,17,287,3.84,0.23
c1fe6f5c-d0f0-3b10-3d8f-93d93e2731ab,2020-10-02,TX-300,IL,Supplier C,248,15,309,2.74,0.65
56f24032-f952-4a52-e1fb-fa53026eee29,2020-06-29,TX-300,IL,Supplier C,350,32,457,2.68,0.14
096faa2e-4480-a764-ba23-4977bd8cf4d7,2022-05-24,TX-400,NY,Supplier B,318,21,404,3.99,0.17
a41e1370-15f6-734e-1757-cd9978002e5e,2021-05-10,TX-400,IL,Supplier B,355,27,457,3.79,0.45
e849bdfd-bff1-86c4-bc63-72babd189241,2021-05-19,TX-400,TX,Supplier E,351,26,457,3.79,0.04
46c45154-5f48-955d-86e2-fa3a6d813b12,2023-08-11,TX-400,CA,Supplier D,333,31,421,4.06,0.19
b4a72313-e9d1-1746-5b0c-5790b9f3455d,2021-10-19,TX-300,NY,Supplier E,203,10,253,3.51,0.78
109f3885-d9f9-5f1d-41fa-e2ed48447c8a,2023-07-24,TX-500,NY,Supplier E,387,12,484,4.02,0.79
8473668d-05df-1432-c954-36c52c47a063,2020-05-05,TX-500,NY,Supplier B,347,19,434,2.99,0.04
5cd4b743-747a-42f3-9a32-55c1c9597c1b,2023-06-03,TX-400,CA,Supplier C,451,31,570,4.27,0.39
8b69dc0e-4b7a-81c0-c2c3-d8bbec3fce25,2020-04-28,TX-200,IL,Supplier C,298,32,395,3.56,0.32
1f1c1cc7-3d39-ce85-4228-00b06c01144d,2022-01-24,TX-300,TX,Supplier A,200,8,250,3.7,0.13
4f9ffec3-9671-c4d3-5f64-61c92157585e,2021-01-07,TX-100,NY,Supplier B,194,18,251,3.45,0.01
da1d2cdc-a76f-b3cc-e8e9-71c9bd610a87,2021-11-20,TX-100,CA,Supplier A,237,30,319,3.9,0.42
4ca5fa28-2738-b072-c6ba-0000e3fef07e,2023-05-12,TX-100,TX,Supplier C,306,22,388,4.14,0.1
7aa009e4-56b3-19b6-51d4-73958dd40c82,2023-06-01,TX-100,CA,Supplier B,352,33,464,4.27,0.17
7d168003-a6fe-9a53-b242-464f61c037e8,2022-04-03,TX-200,IL,Supplier E,242,13,303,3.88,0.38
86c792a2-d92d-f7b0-eb76-e159e995ec31,2020-01-18,TX-400,IL,Supplier A,223,13,282,3.17,0.3
5e7a5962-364a-1dcd-c536-cb6ad5837d85,2023-07-30,TX-500,NY,Supplier D,306,29,402,4.02,0.52
5e8c4e2d-e7c1-2e43-2b78-ffdb086373c4,2020-10-28,TX-100,TX,Supplier C,242,20,307,2.74,0.17
c028546b-973b-ccb2-61c2-8c01585e6730,2022-06-20,TX-300,TX,Supplier E,326,29,418,4.1,0.25
84622512-eb76-af21-ba05-129a79fb6676,2023-04-03,TX-100,CA,Supplier B,279,21,354,3.94,0.18
bd8544ed-5065-3fad-c335-b89aff76f535,2021-07-14,TX-100,IL,Supplier E,273,16,344,3.79,0.55
8ef79f19-cedd-9c96-7d61-03f0435f4327,2022-01-06,TX-400,NY,Supplier A,181,12,228,3.7,0.81
41fed497-8c07-b104-6123-fc9b3eb30c5e,2023-02-04,TX-500,IL,Supplier A,225,18,288,4.02,0.75
38c6ba87-900c-1d30-f83b-e412a24d55d7,2022-01-10,TX-300,CA,Supplier B,226,26,298,3.7,0.22
f0f8eeb8-b527-c00c-0681-71b315c90c0b,2020-06-26,TX-200,FL,Supplier B,340,24,436,2.68,0.56
1beb482d-22ad-123f-6943-84878247feae,2022-08-02,TX-400,CA,Supplier A,396,24,492,4.49,0.92
1e02b23e-52a0-aaab-3b42-ce0f8f7b27ca,2023-06-09,TX-200,TX,Supplier E,426,21,534,4.27,0.93
0df70679-346c-727d-1984-f1f1725c18de,2020-05-11,TX-300,NY,Supplier D,237,17,301,2.99,0.89
f1a314f7-4d2e-8109-a641-6d52b5885930,2022-12-24,TX-300,IL,Supplier C,175,15,226,4.43,0.05
5f17ab5c-0942-56c7-bebe-03c8fe4763e3,2022-09-06,TX-400,NY,Supplier B,330,19,411,4.26,0.4
ca8e9a42-ae01-fcd6-2fab-81cfb235bc2a,2022-05-26,TX-300,TX,Supplier B,311,29,403,3.99,0.16
f2218951-d044-6657-1587-480fcd0f4043,2020-05-17,TX-200,TX,Supplier E,357,20,440,2.99,0.09
ee9fa4ec-984f-7379-f7bb-fc18b759550a,2021-02-23,TX-100,NY,Supplier B,200,14,253,3.82,0.51
d14fc6c4-a2d9-71d0-b490-edfbd305d2ca,2023-05-28,TX-500,IL,Supplier A,360,19,452,4.14,0.32
2a76f3d9-1b49-2cae-da84-5c593f6f2198,2022-08-13,TX-100,FL,Supplier A,298,25,379,4.49,0.39
444e1e6b-a8ac-483f-e087-291d5813c413,2023-04-12,TX-100,TX,Supplier C,269,26,344,3.94,0.21
f1102e08-9f1c-e79f-dcc7-f0abcc21aedd,2023-07-29,TX-200,NY,Supplier B,337,31,433,4.02,0.02
772b01a8-8329-f1f4-1c2e-fc25b9fe0633,2022-06-16,TX-300,TX,Supplier E,340,23,433,4.1,0.85
58efa432-e1bf-335f-df53-1f39e951fe82,2022-09-16,TX-500,NY,Supplier C,284,26,367,4.26,0.13
ad0940ed-36ba-ba25-d964-6c473d62ddce,2022-12-05,TX-500,NY,Supplier A,188,11,241,4.43,0.88
6c952c00-e808-97be-bcab-b6a6365b920a,2021-05-25,TX-200,NY,Supplier C,315,17,393,3.79,0.08
2e666f03-346f-6a9c-8ff8-204d4631fabb,2020-11-26,TX-300,CA,Supplier E,252,13,319,3.1,0.55
82d9998b-5b03-7a4a-ab0c-6448f3c29087,2022-03-08,TX-300,CA,Supplier C,304,29,395,3.78,0.68
79768934-eb2f-468b-c6b1-9c0c579c81d9,2022-01-16,TX-200,CA,Supplier B,213,12,268,3.7,0.02
61eb8ee4-9106-1d3e-2bf1-77455afe8630,2021-11-07,TX-200,FL,Supplier A,203,21,259,3.9,0.25
79390416-00e8-6959-b0cf-41756e288b77,2020-05-17,TX-400,IL,Supplier C,362,34,469,2.99,0.09
3e550b3a-c300-c2bb-0ce7-b1e49c7a3cdb,2021-10-07,TX-500,TX,Supplier C,276,14,345,3.51,0.53
8e3c24e8-fd7f-b36b-a992-472f614d1b3b,2022-01-08,TX-400,TX,Supplier B,225,18,285,3.7,0.8
821d7258-e47d-5fde-2bd1-aa1e8901fc8b,2021-11-27,TX-200,CA,Supplier B,261,21,334,3.9,0.33
6b9d6468-07ea-fd08-3452-da1eb9e9512e,2021-11-06,TX-300,IL,Supplier C,204,14,257,3.9,0.04
2a82a7d2-b08d-133e-afe4-7ccbf63aa688,2020-05-02,TX-500,TX,Supplier C,370,35,474,2.99,0.26
ba7e6a8f-3e6b-ec7e-6086-1862fbff4d3b,2021-04-28,TX-100,IL,Supplier C,237,21,312,3.68,0.64
4a62ffd2-c90f-7ed9-2484-91a2270c0003,2020-09-04,TX-100,FL,Supplier A,299,18,371,2.91,0.8
9d0beedc-9fc9-b157-6718-990d1fff7b52,2022-02-22,TX-200,CA,Supplier E,241,9,300,3.6,0.68
f383d1b8-f179-815c-7db8-05712678536e,2021-01-01,TX-300,IL,Supplier D,204,24,266,3.45,0.14
8b41381f-6352-0432-2737-c1dcf3b14b8c,2021-08-26,TX-400,IL,Supplier A,270,18,342,3.77,0.24
47983ebd-43f3-83d4-0421-ec0cc9a3049e,2023-07-31,TX-100,IL,Supplier D,280,17,352,4.02,0.46
29124c87-19fb-9e62-f8a0-7589a2a38dd7,2022-08-26,TX-100,TX,Supplier A,328,29,413,4.49,0.04
872c6877-8850-1673-326e-6be8a70ea23a,2020-03-22,TX-200,IL,Supplier B,263,17,337,3.22,0.93
ae4a78a1-ae3d-68ce-7d29-71572179c8c0,2022-02-02,TX-400,TX,Supplier D,238,25,315,3.6,0.58
321e06f8-293d-0623-6747-93672976359b,2023-04-14,TX-400,NY,Supplier B,271,23,345,3.94,0.93
55b54354-9dfe-3ff7-18c1-be18c0e8ba6f,2020-02-26,TX-100,TX,Supplier C,240,23,321,2.91,0.45
8969b676-007c-31f0-5f79-e90fe13037dc,2021-04-06,TX-100,NY,Supplier B,236,20,305,3.68,0.84
570e9ae1-aa9d-b8a9-ca0c-6228ca4837d3,2022-12-04,TX-400,CA,Supplier D,272,22,346,4.43,0.27
b4fb838f-c994-1ae4-54fb-9ed818366ff4,2022-10-04,TX-200,CA,Supplier D,273,22,345,3.97,0.2
4b92f416-1ef2-d689-bb03-ee74b402daf7,2022-01-21,TX-100,IL,Supplier E,181,10,230,3.7,0.32
34989d25-3c29-1c3e-98d3-668f7c621af6,2021-06-12,TX-400,CA,Supplier D,351,28,450,3.5,0.85
c185b00f-4b45-fcb6-937e-7af5a226ee3c,2021-09-20,TX-500,CA,Supplier C,372,27,469,3.71,0.13
77238360-9f77-f43c-e1f6-f7a5a5d8e184,2023-04-24,TX-400,NY,Supplier E,324,18,401,3.94,1.0
1aea3f02-97b6-6915-aabe-e8380e87378c,2023-07-01,TX-400,NY,Supplier C,381,27,488,4.02,0.57
b4c012fd-135c-500e-ac10-2386714b5720,2021-07-19,TX-400,NY,Supplier D,341,24,437,3.79,0.73
c21534d1-78fa-e4bc-5321-9a3826611c75,2020-01-08,TX-100,FL,Supplier E,202,17,262,3.17,0.57
7550dab1-9833-3046-16d4-8d2a069af999,2023-08-13,TX-300,CA,Supplier B,360,31,469,4.06,0.1
ab0594f0-37d7-d7cb-827a-bced525a3dab,2021-02-09,TX-500,TX,Supplier C,246,16,313,3.82,0.18
be13c072-fe11-4455-5c98-56eec30a7bf2,2023-11-24,TX-100,CA,Supplier C,244,25,317,4.32,0.5
b500d984-dd91-b5a1-1423-c319bc620419,2020-03-05,TX-200,TX,Supplier E,251,15,313,3.22,0.18
8358eb29-16c9-ea7f-79fc-74ca8947b94f,2021-03-28,TX-500,IL,Supplier D,270,23,346,3.96,0.92
f625b384-6e1e-b506-48f3-7ab3decf1831,2020-06-21,TX-100,FL,Supplier A,292,10,356,2.68,0.66
59c68b0c-59d2-f967-3ef8-3dabfc5a1e17,2021-10-07,TX-200,CA,Supplier A,254,16,324,3.51,0.53
8c58f831-4393-9619-b421-240a57d6256d,2020-11-05,TX-200,CA,Supplier C,264,13,331,3.1,0.6
1ca1e40c-f9e3-92ee-7052-6cd8d0486a82,2020-09-14,TX-200,IL,Supplier B,250,15,317,2.91,0.64
993e2b8f-d7be-e452-8d6e-73657392b1a0,2021-10-30,TX-500,TX,Supplier A,313,25,399,3.51,0.65
0929ddb6-e2d0-013a-6efa-559f919c2c77,2020-11-23,TX-500,TX,Supplier E,249,16,315,3.1,0.44
c1aeab44-01be-f9be-ff5a-e4442fec437c,2020-03-08,TX-300,FL,Supplier D,207,16,266,3.22,0.72
1cea5a04-4363-9ad1-d237-3edde39380a4,2023-04-17,TX-500,TX,Supplier B,403,38,513,3.94,0.12
d03acd9c-6820-8c95-7aa8-bedfd7de9eb1,2022-12-29,TX-300,CA,Supplier E,206,16,259,4.43,0.82
54720dbd-49a2-db3d-c493-198f20764342,2022-12-10,TX-100,NY,Supplier B,152,17,199,4.43,0.42
bd74e4f9-75fd-4a14-17a1-df87b95810f7,2020-09-07,TX-400,IL,Supplier E,266,17,336,2.91,0.78
f4cbaec1-8fed-cf25-6fa4-047e9ead4999,2021-04-20,TX-100,TX,Supplier C,313,25,400,3.68,0.36
1265ec73-b8cd-00bd-0667-7f19a42cf1b3,2023-12-22,TX-500,NY,Supplier E,212,11,267,4.33,0.96
34de855d-4644-b1ce-b114-0846dc1a856e,2022-03-28,TX-100,NY,Supplier E,250,19,322,3.78,0.8
740c4ed0-0df2-d22d-80a9-b271da6df946,2023-05-08,TX-300,TX,Supplier A,335,20,422,4.14,0.58
ecaa3efd-a6e7-385d-d75d-832173bd9b1d,2020-05-19,TX-100,IL,Supplier C,291,31,381,2.99,0.26
d7a5bd75-5e93-0f08-2d18-657e61a555fe,2021-07-03,TX-300,TX,Supplier D,296,34,390,3.79,0.62
0f827bef-2505-e86d-d5fd-760c314dabd4,2022-06-10,TX-400,FL,Supplier E,326,19,409,4.1,0.85
85a5b808-917a-35b8-1697-6650039cabfc,2022-04-18,TX-400,FL,Supplier D,296,15,369,3.88,0.16
ea393329-d09f-7341-eb4e-2446f9ad0527,2023-04-17,TX-300,CA,Supplier B,314,31,412,3.94,0.12
9f0f30dd-fa2e-fe17-7cf6-74e87166513b,2020-01-17,TX-200,IL,Supplier C,177,7,218,3.17,0.56
f4048ebe-eedf-f1c8-1feb-c791951b2569,2021-01-07,TX-300,IL,Supplier E,176,7,217,3.45,0.01
dd2fb5ea-847b-6d4e-2366-8a6ef701405b,2020-02-07,TX-400,FL,Supplier B,219,16,274,2.91,0.46
cc3b24c6-145d-d7d1-c4d3-51a1f2ce5f84,2022-04-07,TX-500,IL,Supplier C,313,20,394,3.88,0.32
07f9bff8-fb9a-72ad-a241-35ea0847ef7b,2023-05-10,TX-200,NY,Supplier C,308,34,405,4.14,0.32
0c86f1c8-e945-96af-e42e-630f49da72d3,2022-09-21,TX-100,TX,Supplier D,286,19,362,4.26,0.02
97cab5a1-9169-0748-771b-705142ba8a30,2021-10-04,TX-200,IL,Supplier D,271,20,347,3.51,0.24
29d10bff-6734-2198-6d68-86df489242cd,2022-07-27,TX-200,CA,Supplier E,416,26,523,4.71,0.34
6955e8f4-663e-481e-0197-2f6eda270699,2021-06-22,TX-100,CA,Supplier D,391,30,504,3.5,0.19
b1b1a100-c4d1-2150-b0a4-41eabfc32aaa,2021-01-10,TX-500,NY,Supplier B,177,11,224,3.45,0.8
b1af4525-00c1-45d0-412b-12b0626194f1,2020-08-06,TX-100,CA,Supplier C,352,24,447,2.82,0.12
8bd0c93d-fa27-641a-7581-b8d5b3ab8aee,2021-10-17,TX-200,IL,Supplier C,248,9,307,3.51,0.56
0dae4c7e-b8fa-cd22-e4b8-b3ddd0d3b42e,2023-07-08,TX-200,CA,Supplier E,399,21,495,4.02,0.96
f5aba857-f6d6-cb47-9923-78c95c2a411b,2023-11-30,TX-100,TX,Supplier E,211,16,270,4.32,0.48
cbfc8fd7-7ae9-7a96-cff2-70b2d80a6fc1,2022-11-04,TX-100,FL,Supplier C,246,22,319,4.13,0.48
b9fe7bdb-2d1b-eb17-9c53-cf6991a8bd93,2020-08-22,TX-300,TX,Supplier B,285,21,363,2.82,0.57
6e704402-2ba2-5320-209b-3138bead124e,2020-03-26,TX-400,TX,Supplier B,285,20,355,3.22,0.02
3eb010ea-c4f7-efff-7f3c-e217a3b2fd96,2022-08-08,TX-300,TX,Supplier C,303,19,384,4.49,0.06
d3e2e137-4871-5606-0eb1-6397823e76d9,2021-08-10,TX-200,NY,Supplier E,288,16,360,3.77,0.71
e76111c9-8adf-e7f4-52f3-d4d09621d3cd,2023-10-14,TX-200,FL,Supplier A,267,15,338,4.1,0.04
4d8b138f-2d62-bf5d-77b0-b09697e37249,2020-07-18,TX-400,NY,Supplier C,285,17,356,2.82,0.43
c356f92e-3298-b64a-595d-9bc89f84b792,2023-07-13,TX-200,IL,Supplier D,358,28,461,4.02,0.37
5b53ed71-388d-e729-9f76-781297cd4415,2023-09-01,TX-200,TX,Supplier E,376,23,479,4.06,0.05
fa125c1d-6bc3-02c8-7e13-b750e344ac97,2021-09-03,TX-200,TX,Supplier A,288,27,370,3.71,0.89
56b37956-0704-3947-41ce-faa72bd44cfe,2023-10-13,TX-500,NY,Supplier B,307,25,395,4.1,0.61
8621376a-f99b-d9eb-0be4-d2a573128f91,2020-11-02,TX-500,IL,Supplier E,272,10,343,3.1,0.76
77afa821-5eb3-077a-0c2d-5fc8eb71cee9,2020-05-16,TX-100,FL,Supplier A,295,15,367,2.99,0.37
fab41da3-d375-f2a9-38ae-99541e237d5d,2021-11-03,TX-500,IL,Supplier A,214,8,263,3.9,0.04
9c5f43cc-1d62-5a8b-6c68-c65e2001dc1e,2023-06-03,TX-500,NY,Supplier D,307,33,405,4.27,0.39
75a2f21b-1fb1-2bb8-55a8-51ff6434ed1e,2020-10-23,TX-300,IL,Supplier E,196,15,253,2.74,0.95
dbd15597-aa56-2122-e744-bf9fc1d31614,2022-09-18,TX-500,CA,Supplier C,399,37,512,4.26,0.67
a2cf7576-41b3-2d95-b4f0-d2a3a1abaf1a,2020-03-22,TX-400,IL,Supplier D,239,20,307,3.22,0.93
84818a2b-ce57-8e6e-a707-4b857efccf25,2021-04-04,TX-400,NY,Supplier B,281,20,358,3.68,0.12
43275f87-5a75-74e9-d5ee-add149389e59,2023-01-03,TX-500,TX,Supplier C,239,10,292,4.33,0.49
39fe1926-562c-e993-6124-823a3f041e15,2020-02-22,TX-400,CA,Supplier C,248,13,307,2.91,0.27
034fe6a3-2b94-33ad-0118-85c0dd04195e,2020-08-25,TX-400,FL,Supplier A,277,14,352,2.82,0.37
c3a4864b-373d-83cd-eb97-5be0c96c8a79,2023-08-01,TX-200,CA,Supplier B,380,27,484,4.06,0.69
75cb9f12-d6b2-c130-cb05-53aecd8dd0ee,2023-06-06,TX-100,NY,Supplier A,280,23,355,4.27,0.76
5f709ad1-bf35-ec0a-e67c-253da3986214,2021-10-01,TX-100,FL,Supplier D,269,20,349,3.51,0.54
916b7c91-ef28-2eb9-df2f-1adb3b4562d5,2021-04-08,TX-200,NY,Supplier E,287,14,360,3.68,0.28
fb758920-f0ef-6b3a-9159-98f0621a66e2,2021-01-18,TX-500,IL,Supplier C,198,13,252,3.45,0.84
a0501547-ad81-c87c-2e99-f61da4e06a89,2021-02-15,TX-100,CA,Supplier E,200,10,251,3.82,0.15
265efd9f-64b3-20ab-66bd-045863e561a6,2021-07-04,TX-400,IL,Supplier E,357,22,455,3.79,0.48
23fb0ded-a8a7-ee06-c5f0-58786d3aad76,2021-11-15,TX-500,FL,Supplier B,246,22,317,3.9,0.06
a3e81fe8-511a-ffe4-5de1-7fb9d6641066,2022-02-03,TX-200,IL,Supplier A,196,8,241,3.6,0.13
225a3d55-b4e9-cad9-a4db-68390c3c9d55,2022-06-18,TX-100,IL,Supplier E,276,9,334,4.1,0.34
14183da4-83ad-3347-b493-71434d172ebc,2021-02-08,TX-400,FL,Supplier C,243,28,318,3.82,0.09
13b3370a-1737-93d4-1867-0bd3f9950edd,2020-05-04,TX-200,FL,Supplier B,354,19,446,2.99,0.16
3320d5cc-f8a7-aeee-f441-4f9c10a000d6,2023-07-04,TX-500,NY,Supplier B,407,36,524,4.02,0.77
5d9de317-9b31-9f3d-6d22-707ce5dd2ea3,2020-07-08,TX-300,NY,Supplier E,251,13,314,2.82,0.11
f16d7e18-6c48-50a7-0dac-b583a1e8a679,2023-05-03,TX-200,CA,Supplier E,354,20,444,4.14,0.5
7fc74057-8828-27c2-01d2-c45c5a600621,2022-12-18,TX-300,CA,Supplier E,203,10,254,4.43,0.1
34591c8c-d55a-0f76-f255-b5c0a1bd4d2c,2022-08-21,TX-300,CA,Supplier C,313,30,404,4.49,0.95
0993f01e-6d1b-5dbf-a153-185354dd3aa3,2022-05-09,TX-100,CA,Supplier E,304,18,383,3.99,0.29
09b50512-385b-18d0-57f2-e72fe4fec785,2023-09-05,TX-300,TX,Supplier B,357,23,450,4.06,0.06
f94d9a19-844e-3e9e-5962-351da7ad932e,2021-04-23,TX-400,TX,Supplier D,329,29,426,3.68,0.77
ccada4c4-84c7-a398-45eb-d823730fb715,2023-01-26,TX-300,IL,Supplier C,205,15,262,4.33,0.74
224d36b4-cc7a-4e8e-215a-13c6775182d2,2020-06-21,TX-100,CA,Supplier B,342,29,439,2.68,0.66
da3e10b4-15f1-0410-6d06-692ccec319df,2023-09-20,TX-200,CA,Supplier A,355,28,456,4.06,0.87
25fa0bcc-4c91-0ea3-2a27-cca9bf2c93ee,2020-01-29,TX-100,IL,Supplier D,180,13,232,3.17,0.56
0b4ab8c3-eeb7-d80c-e017-ae29b848f93c,2020-04-12,TX-300,CA,Supplier B,326,31,428,3.56,0.14
3d4439c2-8e5a-87f8-9310-f4058cf12411,2020-07-07,TX-200,NY,Supplier D,265,24,340,2.82,0.02
a38e30bb-347a-c730-7d79-060c6426bb9c,2022-04-17,TX-100,NY,Supplier E,256,6,308,3.88,0.13
5206cb09-272a-bef6-59f4-3df0d6331685,2022-10-27,TX-400,TX,Supplier D,249,16,319,3.97,0.24
59d5d22a-66c7-f395-7516-4df182698969,2022-07-18,TX-100,NY,Supplier C,259,20,336,4.71,0.19
35b44185-c974-6fd9-5c5f-3dd8206b32ca,2021-03-20,TX-300,CA,Supplier A,272,23,353,3.96,0.79
73dad5cc-510e-c09d-1b08-54136ee3ab58,2021-05-21,TX-400,CA,Supplier E,353,20,444,3.79,0.29
93e7ba3b-318f-8e46-4342-0a8bf0653147,2022-08-27,TX-200,CA,Supplier D,382,35,493,4.49,0.45
c5e0aa6c-6566-d40e-15c4-9050cbf526ce,2021-01-02,TX-500,IL,Supplier B,211,24,276,3.45,0.78
35abdc3e-5f65-72da-fcea-c1c1497d9f1f,2020-10-14,TX-500,IL,Supplier C,292,17,368,2.74,0.73
5783f6f7-087f-7da6-b09c-cf1b7203f527,2022-08-25,TX-200,TX,Supplier B,378,29,493,4.49,0.85
49202d14-77c1-7a49-4ce2-34f10a1aa403,2022-09-05,TX-100,TX,Supplier B,337,27,429,4.26,0.74
5c21ad52-e139-d120-b89f-e5ea97c66436,2023-03-02,TX-400,IL,Supplier D,271,13,342,3.74,0.6
0dc299a6-6856-dc67-8b0a-25ec6bf09ff7,2022-04-30,TX-300,NY,Supplier B,284,21,359,3.88,0.47
f9016921-7481-3479-b1c9-de2624e25d4a,2023-03-17,TX-100,FL,Supplier D,214,18,273,3.74,0.21
1e447a32-156e-bbb2-92ab-2fd6e623c560,2020-10-10,TX-200,TX,Supplier D,283,22,365,2.74,0.86
b7b0608a-5dcd-d787-8596-9a069f627961,2020-12-25,TX-500,CA,Supplier A,220,21,288,3.4,1.0
780d1d2a-b53a-8996-ca39-24d4f0894e33,2020-07-25,TX-100,TX,Supplier B,335,25,435,2.82,0.82
55bf13d0-9e05-4786-f09e-2c2c40165131,2023-10-24,TX-200,NY,Supplier E,200,11,255,4.1,0.15
e08033af-8bfb-35e6-be3b-57d2f63d5c19,2022-11-15,TX-300,TX,Supplier A,249,16,311,4.13,0.17
4cef0ec5-e970-1f8d-622f-d095e00d1fd8,2021-07-18,TX-500,FL,Supplier A,326,24,417,3.79,0.29
08ccb282-2989-ab49-cbc3-16b06c713ce7,2020-08-31,TX-200,TX,Supplier C,275,19,352,2.82,0.1
2fcd990b-6615-ee3f-5e24-420355b86cec,2021-11-07,TX-500,CA,Supplier C,301,19,376,3.9,0.25
2edc03bc-54af-9b0f-8b85-c5aadf5fdc56,2020-11-06,TX-400,NY,Supplier C,182,13,231,3.1,0.93
255fa1ec-a17c-890a-26d9-f55d5aa4e15b,2021-07-25,TX-400,FL,Supplier B,332,22,416,3.79,0.49
c1116d8d-fe24-7e6f-8d96-049f4a89996c,2021-06-17,TX-500,TX,Supplier A,349,21,435,3.5,0.4
e873035a-fd5c-2602-0262-c9a1794ecd00,2021-11-07,TX-400,FL,Supplier D,259,17,323,3.9,0.25
71eec1f2-75c4-1c31-e714-ed87df9bf1c2,2021-07-07,TX-500,CA,Supplier C,463,36,584,3.79,0.72
3121ba4e-17f4-348b-e6b3-afaf060222a6,2022-08-24,TX-400,CA,Supplier A,420,25,529,4.49,0.68
d697be7e-47a8-3fbc-de23-189f4944da45,2023-09-11,TX-500,FL,Supplier C,354,29,446,4.06,0.4
1dfb4154-e529-12b3-68fe-c148164726d6,2022-05-29,TX-400,TX,Supplier B,398,27,499,3.99,0.74
59626b44-4ab7-53be-8296-6e56fec9a1ca,2023-04-30,TX-400,NY,Supplier B,263,24,344,3.94,0.81
4190a70c-f743-c014-dae8-bd0ca63b2f68,2023-10-08,TX-300,NY,Supplier D,215,20,279,4.1,0.09
0ab61644-7927-bbba-1339-2f00b442bd6c,2022-03-20,TX-300,CA,Supplier D,319,30,416,3.78,0.52
75423a83-a474-8f9c-89d2-83db318fccec,2023-05-11,TX-100,CA,Supplier C,339,19,427,4.14,0.19
ea731994-8ab8-5658-1055-bc70bbddc689,2020-12-06,TX-300,FL,Supplier A,221,17,281,3.4,0.64
a2b112e3-440d-61cd-6924-4111e2b655e8,2022-03-29,TX-200,NY,Supplier D,257,21,325,3.78,0.1
0668a9e7-35ed-962e-7c94-a7133029487c,2022-06-20,TX-500,TX,Supplier D,460,44,597,4.1,0.25
c4ab6ef2-29c3-f7d9-a026-53041a2171da,2022-06-07,TX-500,NY,Supplier B,357,27,449,4.1,0.9
73bcb2af-d503-a974-051b-980490806349,2023-12-07,TX-300,TX,Supplier A,217,11,271,4.33,0.98
6c42f939-5585-6486-cfc7-7e75db29ec25,2023-06-12,TX-500,FL,Supplier B,352,29,451,4.27,0.05
127c333d-9313-8945-d26d-f47be0e1d824,2020-09-12,TX-400,CA,Supplier D,368,34,469,2.91,0.46
1e0fdadf-b691-1a67-b1ab-7c0c974a201b,2023-07-07,TX-100,TX,Supplier C,386,27,486,4.02,0.97
21f60586-4297-077d-5cff-2b00b7790fcc,2023-07-29,TX-500,NY,Supplier E,312,21,398,4.02,0.02
5387f24d-8f8f-f2e1-6e33-70373d303fe4,2023-09-09,TX-200,IL,Supplier E,277,9,346,4.06,0.92
edcb962b-8043-b655-84ba-fed3e2468a92,2023-07-16,TX-400,CA,Supplier C,446,33,565,4.02,0.48
92243542-6876-8afc-a510-c92778df0fdc,2020-03-26,TX-300,TX,Supplier B,242,22,309,3.22,0.02
6daff868-bd55-664e-6755-645598b32d66,2022-11-07,TX-100,CA,Supplier B,234,18,304,4.13,0.64
23f7a2cd-f6ff-99a5-aa02-48789708afb3,2020-08-26,TX-100,NY,Supplier D,250,20,322,2.82,0.52
db6f16e1-536b-95f8-a10e-62e3724d6126,2023-01-08,TX-300,TX,Supplier E,229,11,290,4.33,0.15
b3e169ff-ea7b-43d5-9a12-1b299431f573,2022-07-29,TX-100,NY,Supplier A,279,22,354,4.71,0.62
64574311-9dd4-320c-5475-ca6ec15372e5,2021-09-10,TX-400,IL,Supplier B,312,22,391,3.71,0.3
7c8587a2-e1bb-5810-3473-b053868ba7a7,2022-03-17,TX-300,TX,Supplier E,290,22,372,3.78,0.73
6bafa045-2484-6fdc-b24f-c35c0bc9a24f,2021-02-05,TX-100,FL,Supplier C,187,15,237,3.82,0.88
07304b93-5bdb-ecf6-1d40-9bd0078ef32e,2021-01-17,TX-500,FL,Supplier B,206,19,266,3.45,0.7
fc0b9a8f-a136-6c04-a1f7-9a654ff4866f,2021-12-03,TX-200,CA,Supplier A,267,17,341,3.84,0.24
4bff08db-bf7c-d7ba-4a92-b6bc081f8f1f,2020-09-10,TX-300,CA,Supplier E,284,21,364,2.91,0.51
d4640f25-4668-7a7f-572b-ebe1adcead81,2023-07-10,TX-500,IL,Supplier C,356,29,458,4.02,0.19
bd582a84-6ce3-2a85-f070-5d2474f081f8,2021-08-24,TX-400,FL,Supplier D,361,33,461,3.77,0.9
ab6b8aac-2671-3b76-705b-08627199cb5b,2021-03-16,TX-100,TX,Supplier E,285,7,351,3.96,0.7
ddea6fab-c2ab-9597-c22e-a3291af4fdac,2022-01-28,TX-500,NY,Supplier B,205,19,265,3.7,0.51
0dea801e-c1df-7d6a-d481-4c3cbf12d72f,2021-07-24,TX-400,FL,Supplier C,360,21,457,3.79,0.78
8cc917ee-8c5c-259d-4dd1-966d17932869,2022-10-21,TX-100,FL,Supplier D,253,35,340,3.97,0.85
3ab6c7fc-980a-c829-2d1a-9329c201d56e,2023-12-12,TX-300,CA,Supplier D,205,16,267,4.33,0.82
d0a94e19-adb8-dd39-b121-5047985e4bb0,2021-10-27,TX-300,CA,Supplier B,268,20,338,3.51,0.19
7449f49d-997c-f131-24e5-c8890f696ab2,2023-05-01,TX-100,FL,Supplier A,307,29,392,4.14,0.17
72549ad6-c3d2-f2a1-3f9b-c4698098d7c3,2021-04-12,TX-200,TX,Supplier D,295,20,375,3.68,0.74
c2e4fdcd-27c3-3917-8e4a-86534da401fa,2021-08-23,TX-100,FL,Supplier E,332,18,418,3.77,0.4
a2ffab48-e638-7a23-39d0-aac507006b7f,2020-07-12,TX-400,IL,Supplier B,373,23,477,2.82,0.53
5ec10fb7-6bee-da4c-9b34-2300eeeb49c3,2021-10-06,TX-300,TX,Supplier B,234,24,305,3.51,0.91
d0c23d4c-4824-133a-5178-974e4f08056f,2022-10-27,TX-100,TX,Supplier D,219,18,279,3.97,0.24
37026b42-31b4-2505-1e78-19d0303990fb,2023-12-16,TX-200,NY,Supplier C,199,14,254,4.33,0.64
b14519f6-c4fe-07bb-740e-4aa3982efd2e,2022-04-19,TX-500,TX,Supplier C,406,32,514,3.88,0.68
1593c4f5-d1d2-6b5c-4731-7db4a35c4f0e,2023-01-30,TX-100,FL,Supplier A,206,12,257,4.33,0.75
3301c1fe-71d0-41d6-eaf3-880aa89d43f5,2020-05-21,TX-200,FL,Supplier E,297,14,373,2.99,0.24
9aed5f23-c6c0-5de7-6b99-cc5bdaa6aace,2021-01-04,TX-200,TX,Supplier D,197,24,259,3.45,0.91
380ff719-06eb-d40e-be5a-fe211f5d6614,2023-08-14,TX-300,CA,Supplier C,375,34,485,4.06,0.95
12e6d170-f1c4-a8ef-36f7-f14f61b3cccc,2021-09-02,TX-200,FL,Supplier C,302,30,391,3.71,0.27
b99a3795-bc56-89d1-456a-4e6d6d6e34c4,2020-02-29,TX-400,IL,Supplier A,216,15,274,2.91,0.9
621bd06a-31db-20a4-26ec-a347b75f6521,2021-11-09,TX-300,TX,Supplier D,249,18,318,3.9,0.46
2a577ef7-fdb8-082b-5ecf-0f87b7b59e06,2023-12-17,TX-400,FL,Supplier A,202,17,256,4.33,0.86
5015b838-3dae-f9e3-c067-ed5cb124009b,2023-06-05,TX-100,FL,Supplier E,357,17,444,4.27,0.56
6c187af8-16f4-da50-e5b7-8f6f8c914449,2023-07-16,TX-100,FL,Supplier E,281,18,360,4.02,0.48
c57fc6e4-fbcd-c003-9c27-10438923da74,2022-10-05,TX-400,TX,Supplier A,283,13,361,3.97,0.54
0fe707e8-ef17-acbd-6034-542cde09159b,2022-11-12,TX-200,NY,Supplier C,204,18,261,4.13,0.22
afc84be3-8c45-79e8-8136-02de01c50703,2022-11-28,TX-400,FL,Supplier B,219,18,279,4.13,0.62
e3387079-9696-60d9-4d05-efe8e57d9c4d,2022-02-11,TX-500,FL,Supplier C,224,18,287,3.6,0.29
442d7f32-a5b9-d2b8-b5b0-ff3053ea9593,2020-09-22,TX-300,CA,Supplier E,308,16,382,2.91,0.33
43e49857-af00-9a87-dae5-4ab22ae3e3c4,2023-05-29,TX-500,IL,Supplier A,320,17,404,4.14,0.35
3fc6124d-b506-2473-6870-f51cead65db2,2022-01-07,TX-100,CA,Supplier B,208,23,271,3.7,0.32
c9eca8d4-dabb-1614-ef3a-fb23eb8d959b,2020-03-15,TX-300,NY,Supplier D,247,22,316,3.22,0.04
03947468-63e4-4c0a-c605-4b447009361d,2023-10-01,TX-300,IL,Supplier A,229,13,287,4.1,0.97
dd6e631c-176f-5a59-f6b4-39e491c47b6e,2021-02-15,TX-500,TX,Supplier A,298,15,371,3.82,0.15
66994e7f-8e74-1ee9-05af-cb5ca2e9f9e4,2021-11-17,TX-400,NY,Supplier B,227,18,292,3.9,0.21
5f5d2807-f8ad-f563-d368-e5724c69d3dc,2021-11-17,TX-500,FL,Supplier D,213,19,274,3.9,0.21
c5422fa5-c57e-4d8e-92a4-0099efb97472,2021-03-08,TX-500,NY,Supplier D,248,27,323,3.96,0.59
29f810ca-2826-c7c4-0d2b-5814bebe9249,2020-09-10,TX-100,CA,Supplier D,292,24,373,2.91,0.51
62243560-1090-336e-8c26-09f647fc5cfa,2023-10-21,TX-400,IL,Supplier A,234,12,294,4.1,0.98
b4e7bc60-b1d3-663b-907d-ab6ad88e3c4c,2022-10-10,TX-200,FL,Supplier D,232,18,296,3.97,0.63
67b2a530-9076-4299-ed97-62def0e80353,2023-01-09,TX-200,NY,Supplier D,199,15,256,4.33,0.53
18cb22e0-0c88-7e75-f6d9-88770aaab719,2023-11-11,TX-500,NY,Supplier E,266,13,329,4.32,0.77
a90d5c92-7061-f960-d5e1-f60f74d50db9,2021-12-16,TX-200,NY,Supplier C,204,20,267,3.84,0.01
481b5d49-66f5-c6a1-71bc-e0584e07f476,2023-06-18,TX-200,CA,Supplier D,400,40,526,4.27,0.04
e9ccc646-6652-cf2d-a013-447930c39a53,2023-04-06,TX-300,FL,Supplier B,293,27,385,3.94,0.32
81193487-22e4-7d38-856e-1288c88a4415,2022-10-30,TX-300,FL,Supplier C,231,17,297,3.97,0.84
ab2ab0b8-498d-e845-4768-3349ef7d245d,2020-04-22,TX-200,NY,Supplier C,235,15,295,3.56,0.23
9ff2de61-6415-5833-a482-b0597e80f805,2022-03-17,TX-500,IL,Supplier B,242,19,303,3.78,0.73
3931d860-0d89-3eeb-66cb-2933c086fda3,2021-01-12,TX-300,CA,Supplier B,216,21,281,3.45,0.85
f2bbbb6c-7c66-a398-ce77-36092e9fab76,2023-06-01,TX-300,NY,Supplier C,323,25,418,4.27,0.17
fd3aa04f-5054-c623-0cd8-d02d5f7e9f0f,2023-10-08,TX-300,FL,Supplier D,296,19,373,4.1,0.09
74a57907-b3e8-0865-ace8-09ba973a19ff,2022-04-03,TX-300,TX,Supplier A,246,15,310,3.88,0.38
65c8d0bd-6e2a-dee8-ed0e-7bd55acdb982,2023-12-01,TX-200,IL,Supplier C,219,19,280,4.33,0.42
fb1f130f-b43c-9a39-4107-e62a9a13d7f5,2021-11-10,TX-300,CA,Supplier C,227,20,286,3.9,0.52
8630ec79-8dbb-a801-2cf3-8b0181d18026,2021-01-12,TX-500,IL,Supplier D,193,25,257,3.45,0.85
5a03c64e-9c89-dd8b-f5ae-81b9efe7fd09,2022-01-17,TX-200,CA,Supplier E,243,18,304,3.7,0.17
a4e99d20-698e-3ea4-16c5-e64199497a00,2021-08-04,TX-500,FL,Supplier D,367,38,479,3.77,0.82
96e5ceca-9036-c9ed-b24a-b7dcc66ff23b,2023-01-07,TX-300,TX,Supplier D,208,30,279,4.33,0.1
e17bac18-62b4-aa13-0d7b-b250bf71c63f,2023-05-15,TX-300,NY,Supplier A,262,13,324,4.14,0.36
16767d19-bf65-fa48-2be6-541bca690b26,2022-05-05,TX-500,NY,Supplier E,306,22,399,3.99,0.65
bdde2f76-7af3-5198-18ad-4378a72be698,2022-04-20,TX-500,TX,Supplier A,403,29,515,3.88,0.34
f0210af7-2da2-e085-2ff8-f1c5d530681c,2023-11-19,TX-500,TX,Supplier A,243,12,304,4.32,0.72
d1da482f-115b-b54a-c75a-f5c3a753c8d3,2022-03-19,TX-100,FL,Supplier E,228,18,290,3.78,0.38
9809fd82-1b8b-cf89-5586-8c49483a0a41,2021-05-25,TX-400,IL,Supplier B,350,23,441,3.79,0.08
832d90f6-fdc9-3bc4-7a87-8aa1a97daeb3,2022-11-27,TX-300,TX,Supplier D,247,17,315,4.13,0.42
88542e90-b530-9a41-bbba-40c79d524c20,2021-02-22,TX-100,NY,Supplier D,168,15,219,3.82,0.15
4d9414a9-2bc8-8adf-6a93-8bfb44b799f8,2023-01-19,TX-100,FL,Supplier C,210,15,269,4.33,0.15
c305bfa9-863d-98d8-88c0-bcb4d1532472,2021-04-07,TX-200,NY,Supplier A,287,17,366,3.68,0.06
2a831dc7-05b9-e635-bc4d-8a1ede5e125d,2020-01-26,TX-400,NY,Supplier D,207,19,266,3.17,0.28
fe8688a6-f945-6585-d057-b49322678baf,2023-06-15,TX-400,FL,Supplier B,331,29,428,4.27,0.92
f96b0691-8e31-e4ae-1118-1dbb3a2c24a3,2021-09-29,TX-200,IL,Supplier A,282,23,362,3.71,0.96
eea04701-090a-15e6-a04d-a58d70944ad1,2022-11-23,TX-400,TX,Supplier C,254,22,327,4.13,0.39
61a9d4f5-97e6-c509-8e9f-3bfd0ffd2621,2022-03-22,TX-500,FL,Supplier A,327,27,410,3.78,0.73
13427100-b9ca-5f31-7e3d-716fb1659f8e,2021-01-29,TX-100,FL,Supplier E,200,9,248,3.45,0.27
ade2d06e-2259-e184-c1be-33b3f56c68f3,2022-02-12,TX-300,TX,Supplier B,201,16,260,3.6,0.66
4b1f62ff-d5a4-ac19-de39-eddad73ffa7c,2021-09-20,TX-200,NY,Supplier E,259,18,330,3.71,0.13
758d031e-a7ff-e4b6-9251-d8be191eb617,2021-01-19,TX-500,NY,Supplier D,196,17,253,3.45,0.04
1973cb5a-c982-cb6d-7b33-acf7d52c277a,2022-04-06,TX-400,NY,Supplier C,262,19,335,3.88,0.39
9c1fe7f1-72d8-6cf8-2e65-4f8a1ebd16c4,2023-03-27,TX-100,NY,Supplier E,227,9,282,3.74,0.59
4df3c07c-25fe-0796-bf12-688a4f6fede3,2020-01-02,TX-500,TX,Supplier C,249,17,316,3.17,0.01
34092bed-6e21-95e4-4d51-a28ff0ab8487,2021-06-28,TX-200,NY,Supplier D,266,25,338,3.5,0.01
0282f1fc-20bc-bce1-80e0-c32c83156db6,2021-06-28,TX-100,NY,Supplier B,288,20,363,3.5,0.01
c6f93a77-3ae3-d458-72e0-86ad8ea9726b,2020-10-07,TX-500,IL,Supplier E,244,6,297,2.74,0.73
000e8cc5-de36-35d4-9ea2-fa53264d894b,2023-07-14,TX-300,FL,Supplier E,294,13,367,4.02,0.1
d794af9c-769a-c890-b776-9511e51d5c50,2023-06-29,TX-200,CA,Supplier E,403,22,509,4.27,0.88
a3806467-bdf3-c0e5-3fdb-cbc3f38bd62f,2021-10-15,TX-100,FL,Supplier B,204,13,259,3.51,0.87
f3c1e0ca-8515-7731-6b10-25970ea2bc17,2020-06-22,TX-400,NY,Supplier D,278,23,351,2.68,0.96
57e16d24-8c29-b3e1-1a04-b1400c8af72d,2020-09-13,TX-100,FL,Supplier C,287,20,362,2.91,0.39
61c94237-fb8e-daf5-f624-2d676957a2bc,2022-03-12,TX-200,FL,Supplier B,237,19,300,3.78,0.2
8c5f535a-eb0f-6f63-14b2-975ca7532331,2022-04-14,TX-500,IL,Supplier E,270,22,345,3.88,0.2
c0a41a30-8751-402b-f104-86488d2a512a,2020-04-18,TX-400,NY,Supplier E,254,16,317,3.56,0.73
e9b95aa5-c7cc-48e7-0e66-b761aa6981b7,2020-03-10,TX-100,NY,Supplier D,184,6,225,3.22,0.63
82bd2b35-d78c-d014-d4a2-cfdd0999a034,2021-07-13,TX-300,FL,Supplier C,332,21,414,3.79,0.44
08e3fde1-3977-e9dc-f22a-1d613300e8ee,2022-02-04,TX-200,TX,Supplier A,222,13,284,3.6,0.9
077b4fa5-1535-54ab-adf2-cf2958a9a82d,2023-04-08,TX-500,NY,Supplier C,295,22,378,3.94,0.06
68c33c18-b321-5a5e-b68a-aa463176b575,2021-12-25,TX-300,CA,Supplier E,187,9,233,3.84,0.0
5f6d099d-462f-0bde-8cd8-57a7ab737961,2022-08-15,TX-400,FL,Supplier D,311,35,405,4.49,0.32
02211cf6-936d-61e4-7f7a-4504e202cb7c,2021-11-02,TX-300,TX,Supplier B,229,15,287,3.9,0.43
6bef552b-62a8-107e-f155-2095b15ebbb8,2021-06-15,TX-200,FL,Supplier B,378,22,471,3.5,0.53
6341e6c8-f8f3-c191-7c0c-0e80da3a97e3,2021-03-13,TX-100,IL,Supplier A,220,16,279,3.96,0.23
51d496d1-09ad-11a4-92c5-f0914803d171,2022-08-20,TX-400,NY,Supplier B,302,25,386,4.49,0.47
a9f661f1-ed32-0d3e-2b99-61b0e2501cf5,2021-09-02,TX-200,CA,Supplier B,381,26,482,3.71,0.27
5315312c-3362-8e78-f835-ee6a328785fe,2021-09-05,TX-500,TX,Supplier A,382,36,493,3.71,0.08
8440c7fd-4247-0abc-4f2a-ad7a44648452,2022-03-25,TX-400,IL,Supplier C,283,12,356,3.78,0.1
6cda6f66-d6d0-e566-0185-94a1c8c62885,2022-09-09,TX-400,NY,Supplier C,310,23,394,4.26,0.51
24d81e8c-4c0f-1d17-09f2-073f9c806c52,2021-06-21,TX-500,FL,Supplier D,339,23,434,3.5,0.34
22eeb699-73c2-8033-68c0-0e23058f6b15,2020-06-27,TX-500,NY,Supplier C,313,24,399,2.68,0.63
8750e392-d2fe-f2fb-2037-6caa0d86e9dd,2021-11-20,TX-500,TX,Supplier A,280,23,360,3.9,0.42
e1d057e2-f05b-f02d-8875-bf0aeb7f8325,2023-07-02,TX-200,CA,Supplier E,362,14,451,4.02,0.27
53cf8edc-2dff-14b8-3036-fd1ca9683895,2020-09-29,TX-400,FL,Supplier C,319,25,405,2.91,0.33
78e00923-1b0c-c3eb-a73f-5ecfb38aed40,2023-09-09,TX-100,CA,Supplier E,274,20,346,4.06,0.92
ff04132b-f6d9-12f7-5478-fc8fdb197ea1,2023-07-19,TX-300,NY,Supplier A,349,23,440,4.02,0.61
8553da19-50f8-fbe3-584d-4de762c9aeb7,2022-05-25,TX-500,TX,Supplier B,421,27,536,3.99,0.25
2df31171-c938-4cff-34c1-7372dec810dc,2021-12-02,TX-200,CA,Supplier A,210,17,271,3.84,0.32
74398697-4740-39c8-2f8a-ed121c70bdf9,2021-07-13,TX-300,CA,Supplier D,406,34,517,3.79,0.44
22fe57ff-70d7-66a3-0848-61a3d1751370,2023-05-29,TX-300,FL,Supplier C,345,30,438,4.14,0.35
954912bb-7ac9-d546-91cd-4d0b0ffc45ec,2022-03-06,TX-100,FL,Supplier C,215,18,278,3.78,0.89
4d72e2ff-d8e3-ab7e-564e-34919d7e49e5,2020-07-28,TX-500,NY,Supplier D,321,20,408,2.82,0.59
4286772c-eb65-f729-e14e-134f146ed19f,2023-12-22,TX-100,TX,Supplier A,181,13,229,4.33,0.96
6ba815d6-ba4d-c9fe-2b60-831930ee8893,2021-08-28,TX-200,IL,Supplier C,274,20,348,3.77,0.35
1ff63a8c-b31f-d051-2daa-83fe5498ba07,2021-12-30,TX-500,NY,Supplier C,191,13,243,3.84,0.86
7664a398-16f8-66da-d50a-5c84dbfbb0c2,2023-06-02,TX-500,NY,Supplier A,346,26,441,4.27,0.72
73f04f91-d64d-0608-06a4-7952cabb18aa,2021-12-27,TX-300,TX,Supplier C,223,11,279,3.84,0.62
4804a7ba-4ee2-5838-baae-ad52cf7d1c53,2021-10-12,TX-300,TX,Supplier B,225,13,286,3.51,0.24
b0d1afb6-b99d-fbae-0f66-0cddb20b3d33,2021-03-29,TX-400,FL,Supplier A,261,21,336,3.96,0.5
71c02de0-abed-8830-cd60-30ef56e31c12,2023-05-12,TX-200,IL,Supplier B,317,33,413,4.14,0.1
f9adc711-3c31-1d33-57d3-04961fc59bdb,2022-12-07,TX-200,CA,Supplier C,224,16,284,4.43,0.11
14e2d836-00d3-5882-bb04-15f006b0da69,2023-03-13,TX-400,NY,Supplier A,275,20,346,3.74,0.56
b42f6f64-2052-a67d-11f9-8893025339da,2023-08-24,TX-500,NY,Supplier B,311,13,385,4.06,0.04
58eeff1a-ff66-9fc0-40ad-0680730ce242,2023-04-28,TX-300,NY,Supplier A,279,24,360,3.94,0.95
d45cfbb6-f492-d117-7ef7-014f619b6c4b,2022-12-03,TX-400,FL,Supplier D,207,18,265,4.43,0.79
c07dff23-c2f2-2b7b-0d0c-d18cdda0372a,2023-03-08,TX-400,CA,Supplier C,331,27,422,3.74,0.56
f4c45003-9301-4d14-f35d-3e1e66b958c5,2022-05-20,TX-500,CA,Supplier B,452,34,571,3.99,0.1
e5538dd1-aea9-77a8-a902-275c6ff88a3c,2022-06-05,TX-500,CA,Supplier E,424,22,528,4.1,0.94
02c6eb7e-e6be-47cf-c1ed-007f2def8ce1,2023-09-10,TX-400,IL,Supplier B,337,31,433,4.06,0.57
e84d9ded-a2dd-5755-58c8-3830c755485d,2020-10-13,TX-100,IL,Supplier B,205,17,268,2.74,0.1
697e34ef-937e-7cf7-f1de-ef48a1a1ac67,2020-04-06,TX-100,CA,Supplier C,255,22,334,3.56,0.33
4dbee37a-9afc-3bd3-c187-095b7f85e59a,2021-07-29,TX-100,NY,Supplier A,248,12,306,3.79,0.41
b727a885-ef5f-31b0-262f-c3df90d685b7,2021-08-06,TX-500,IL,Supplier C,351,26,453,3.77,0.37
92efbcb4-d23f-496a-aa31-93ec47720dd1,2022-12-28,TX-100,NY,Supplier B,160,9,199,4.43,0.83
379ef0e7-51ef-674f-3542-52c47dd72f50,2021-11-07,TX-500,FL,Supplier D,241,34,325,3.9,0.25
32414a81-ab3a-3cda-ec2a-d47b7732b590,2023-10-03,TX-300,IL,Supplier A,260,17,331,4.1,0.48
1adf8037-b9fa-bbaa-7c28-e1794c4a95bf,2022-02-10,TX-100,FL,Supplier A,221,17,281,3.6,0.59
fc40df6c-38e8-4f61-f4dd-813255eb43b1,2021-08-04,TX-100,FL,Supplier D,326,29,426,3.77,0.82
35368394-3524-b3ad-2c70-92e28dc84008,2022-11-30,TX-200,IL,Supplier E,185,7,230,4.13,0.98
b8bfd91d-892d-948b-039a-5bb7c7ba6e44,2023-11-17,TX-300,NY,Supplier E,227,8,282,4.32,0.43
131d0433-3ff2-6be7-0372-9ca8d65b2f0b,2023-05-13,TX-400,TX,Supplier A,386,29,497,4.14,0.87
fb94a0ca-743d-72e6-8628-f1c41726c266,2020-10-20,TX-300,TX,Supplier E,241,10,297,2.74,0.59
32f44678-5df1-034e-5466-f23f6355e2da,2022-07-07,TX-200,TX,Supplier C,404,26,500,4.71,0.55
221c5060-22a0-81c3-c605-8a14f150b159,2023-06-10,TX-400,CA,Supplier B,361,17,453,4.27,0.6
1bcdd727-7a04-3066-49ff-9943ee2b9317,2023-03-27,TX-500,FL,Supplier E,311,17,397,3.74,0.59
951a042e-4280-e5f4-e8fd-e022832e42fa,2020-07-05,TX-400,FL,Supplier D,378,27,477,2.82,0.47
e3d5f286-52df-2cca-b581-9b7010fdd082,2022-02-09,TX-400,IL,Supplier E,225,16,281,3.6,0.05
31a380f9-4155-50c3-b265-6620567580d3,2020-07-24,TX-400,TX,Supplier B,307,29,402,2.82,0.75
3228cd7f-d4ad-46c6-dcca-53de4f416834,2020-12-25,TX-300,NY,Supplier E,163,9,206,3.4,1.0
b5743f65-21bb-b7c3-5c93-71bbdedc976a,2021-01-25,TX-200,CA,Supplier C,236,15,298,3.45,0.85
5802a2a1-9e38-325b-e7d4-91f5390a21bb,2022-07-13,TX-200,CA,Supplier A,440,29,562,4.71,0.32
38e34543-20a1-d4fb-2508-fdaa4057a3b9,2023-08-02,TX-200,TX,Supplier B,337,25,419,4.06,0.16
fcbe0013-71a3-3aed-5504-01f5d6d3d41a,2023-10-24,TX-400,TX,Supplier C,274,20,346,4.1,0.15
3448dcb5-4837-0640-42b6-04c46344e536,2021-01-03,TX-500,CA,Supplier D,277,25,358,3.45,0.2
52ea8789-f0cd-c613-e337-6c23fd923e26,2020-01-08,TX-100,TX,Supplier A,221,12,278,3.17,0.57
926cde0c-9cf8-c574-9874-9cb60bca1a89,2022-03-04,TX-100,CA,Supplier A,249,17,318,3.78,0.41
f38e2c3d-7906-d3e6-eccc-070b345718a5,2021-12-24,TX-100,CA,Supplier E,234,16,296,3.84,0.85
b747bcd3-76c3-a5b2-5b4d-e01a44658608,2021-08-15,TX-400,IL,Supplier E,279,20,358,3.77,0.05
21feb7bd-fed9-a831-f1f9-60b7fe9c4dbb,2020-12-01,TX-300,NY,Supplier D,186,22,246,3.4,0.99
89490def-6fc9-91e0-768d-0388c34c4e26,2021-06-25,TX-300,CA,Supplier A,396,14,489,3.5,0.45
f8b6ca6e-180f-e266-0878-4bfcfb6d14b6,2023-10-08,TX-400,IL,Supplier A,234,22,302,4.1,0.09
4307bb8a-efbe-040f-412b-e3c0bad3fabc,2021-07-23,TX-100,TX,Supplier E,301,22,386,3.79,0.04
5f35426e-0eaf-b26d-9cbe-202df0962b0f,2022-02-27,TX-300,TX,Supplier C,226,18,287,3.6,0.42
49f0df86-7f8e-a75f-d57b-bb7748b5151d,2020-04-20,TX-500,NY,Supplier E,335,12,415,3.56,0.11
69e68120-6949-3602-98a2-47cd744829c1,2021-11-04,TX-200,NY,Supplier A,196,13,244,3.9,0.96
825806a8-1cce-9869-d852-3c6e989dc6da,2020-11-29,TX-300,CA,Supplier D,231,22,299,3.1,0.48
fb5c120c-ddcc-c22a-8d87-497908e6fdf2,2020-11-20,TX-200,FL,Supplier A,205,18,266,3.1,0.16
cfb86a3e-798e-0505-9a91-059097e5d7c2,2022-10-06,TX-400,TX,Supplier C,322,18,396,3.97,0.7
a0c952fa-9b79-5d18-0011-ad4f15cd8bba,2023-11-15,TX-300,IL,Supplier B,216,25,284,4.32,0.65
ab997520-9264-0af4-27e0-55cd2a005798,2020-02-01,TX-100,NY,Supplier B,201,16,261,2.91,0.41
ad8fb525-e4d6-2988-42e9-29e20bb5a380,2022-08-22,TX-400,FL,Supplier D,289,20,362,4.49,0.34
3975685d-1803-21d1-5617-04f920136c12,2021-01-05,TX-100,CA,Supplier D,186,14,236,3.45,0.66
fb7193d8-a9ca-335a-13d3-8c2b39ea68a2,2021-09-06,TX-200,IL,Supplier B,296,22,374,3.71,0.34
c8c02a79-9247-00c9-6d45-a5be6155a432,2021-09-29,TX-500,NY,Supplier E,272,17,342,3.71,0.96
64c488db-57aa-38fe-276e-db25c141cd86,2020-10-12,TX-500,TX,Supplier B,274,20,352,2.74,0.61
fe7f534a-4190-3115-f0c6-f13cc1d0976a,2021-03-02,TX-100,FL,Supplier A,230,16,291,3.96,0.43
c8c382d2-9150-54f4-82a2-e08ed0be739d,2020-03-21,TX-100,TX,Supplier D,262,22,336,3.22,0.17
3a5f8810-b108-df41-87f6-b6064c93f25d,2022-05-07,TX-100,FL,Supplier C,325,21,417,3.99,0.11
dc78cea8-5b70-6359-470c-e16bcb093079,2021-10-14,TX-300,IL,Supplier C,206,20,265,3.51,0.16
2e4536f3-89fd-877e-1b94-2f15d5a65b92,2023-11-20,TX-200,CA,Supplier B,231,13,294,4.32,0.17
7a05f3d7-8208-65e8-df73-13e0f1cf6fe2,2020-01-18,TX-400,CA,Supplier E,238,21,305,3.17,0.3
151f0a8f-c787-0ba3-f57c-b0f79560c237,2022-05-07,TX-100,NY,Supplier E,279,13,349,3.99,0.11
594ad937-b9cd-1ecb-5e25-f453d28de38b,2020-04-21,TX-200,CA,Supplier E,315,19,402,3.56,0.92
4efb4a8a-5430-543c-1936-5d71668ece91,2022-12-12,TX-500,CA,Supplier B,258,16,323,4.43,0.5
738e2123-4e66-6d95-9173-67eb6eb3571a,2022-01-11,TX-300,FL,Supplier C,217,14,280,3.7,0.41
80728b21-182f-432f-af27-474ee1226999,2021-03-14,TX-200,FL,Supplier E,291,14,364,3.96,0.57
4435e6b3-6adc-3f67-0c05-8e2d58472ec4,2020-02-24,TX-400,NY,Supplier A,236,15,299,2.91,0.78
80a1916e-df0d-e0f9-50d9-12f1c70b478b,2023-12-22,TX-200,NY,Supplier C,209,24,271,4.33,0.96
e64a7c6c-e59b-644d-27dd-e5a7dde1521f,2020-12-02,TX-100,NY,Supplier C,178,14,225,3.4,0.72
5f69a605-93ef-1ce2-d7c2-ebc8104960c8,2020-03-17,TX-400,NY,Supplier C,216,14,270,3.22,0.33
f07cb937-3157-070a-6bd3-81a636f42414,2023-01-21,TX-300,CA,Supplier C,242,20,309,4.33,0.82
fc2a4c71-7654-28ce-6cf4-c5e7a1f27793,2022-05-17,TX-200,CA,Supplier E,343,20,431,3.99,0.14
c8154bd1-6598-d536-03ba-d104a4c25666,2022-05-09,TX-300,IL,Supplier D,303,27,388,3.99,0.29
bd2ca701-fb98-1576-9e57-1ef9f66f6315,2022-07-18,TX-300,TX,Supplier D,312,19,386,4.71,0.19
95bfe29e-28d7-ba4f-7640-b0abd47759f8,2020-08-06,TX-400,FL,Supplier C,313,16,394,2.82,0.12
8969b5bd-5599-4e97-f76e-afc79894ed8f,2021-10-11,TX-100,FL,Supplier A,238,16,305,3.51,0.3
3d35d53e-0e32-2b98-7d20-62d8b62f508b,2022-05-10,TX-100,TX,Supplier C,279,12,348,3.99,0.76
d8608247-0525-62e2-9d38-a848475db3b4,2020-02-14,TX-500,TX,Supplier C,294,28,379,2.91,0.3
5ebfa9b3-6260-599e-8a4f-71202f13a744,2021-10-17,TX-300,NY,Supplier B,200,18,259,3.51,0.56
44cd1fa1-bb9a-6804-8c63-01c96c62fa89,2021-12-02,TX-100,NY,Supplier C,192,11,243,3.84,0.32
ab60f85e-b036-36bb-caf1-81946260af3d,2022-05-31,TX-200,TX,Supplier A,382,28,484,3.99,0.37
cfefb4e5-1238-dac2-c857-eaea634fe8d5,2022-06-19,TX-100,IL,Supplier D,279,30,360,4.1,0.53
12eb45d5-dd46-6481-1d95-094e50174a73,2020-11-06,TX-200,CA,Supplier D,259,27,336,3.1,0.93
32a60875-f52c-fee4-3c61-ae033eee337b,2020-10-07,TX-200,NY,Supplier E,265,17,336,2.74,0.73
d6401685-742e-64ab-12c7-f32db197abd0,2022-10-26,TX-400,IL,Supplier E,275,20,350,3.97,0.33
3e7ff435-fe3b-2b44-3840-b470f6b1362e,2023-10-26,TX-400,CA,Supplier B,304,21,380,4.1,0.2
9743f0a6-e6a3-4918-d150-ac40a94d7ef0,2020-08-17,TX-500,TX,Supplier C,416,31,526,2.82,0.85
4839b8ef-7f3c-d870-300d-fc7cc4ef5475,2020-09-04,TX-300,IL,Supplier C,252,13,311,2.91,0.8
99a69efb-32b8-d88b-efb9-f5b3a157554e,2022-05-02,TX-400,FL,Supplier A,309,25,398,3.99,0.05
0689d2fc-96fa-5a91-c862-99cd5002d52e,2021-05-31,TX-400,FL,Supplier C,353,32,460,3.79,0.76
2b0f84e3-8ffe-43dc-c729-49ce015197bf,2020-04-10,TX-100,IL,Supplier C,227,16,290,3.56,0.83
a77d0a7a-6351-ce08-c25a-58a8b37024f7,2022-08-23,TX-400,FL,Supplier A,341,29,432,4.49,0.18
54c0fe8b-4309-97e9-d4d1-8aa58acb3108,2020-07-14,TX-300,IL,Supplier A,267,14,333,2.82,0.87
e9e39429-ca4b-f3b8-5f42-d605c8f6afd7,2022-10-22,TX-100,FL,Supplier E,255,10,312,3.97,0.32
588af57f-4fdd-ffdf-fd4a-bd8a177a123a,2021-02-17,TX-100,FL,Supplier B,199,8,248,3.82,0.3
cbe0439a-9129-9f70-18f3-12bedeb09379,2023-03-07,TX-200,IL,Supplier D,217,17,276,3.74,0.83
40624225-1862-8fc4-aedb-ffe2a2b7caf3,2020-07-05,TX-400,NY,Supplier E,329,15,411,2.82,0.47
243cfd64-19fa-04bf-c317-34b694392bb5,2022-01-14,TX-400,CA,Supplier C,209,18,271,3.7,0.03
2a37a6a2-20dc-e6b4-5eab-9cf305a987c7,2021-01-15,TX-200,CA,Supplier A,243,13,305,3.45,0.93
58330b6f-fb92-5707-6716-a820a0d2ba72,2021-12-29,TX-400,FL,Supplier E,216,17,276,3.84,0.77
e305740d-4c2f-8075-04b9-bf8fc48496e1,2020-05-22,TX-100,IL,Supplier E,286,10,351,2.99,0.12
822d5fc0-d2c3-88c7-baca-4b0e1f6e7637,2023-06-20,TX-100,TX,Supplier E,352,22,451,4.27,0.56
49096bfa-0d67-36fe-bf1f-e50c18297a92,2020-02-10,TX-400,IL,Supplier A,217,16,277,2.91,0.15
15ca0e45-cb1d-98fd-802f-ecb0bcbec8a4,2021-03-03,TX-100,FL,Supplier D,196,18,256,3.96,0.61
f8201a09-03b5-1c46-919d-31cd05d8c2e1,2021-05-04,TX-100,CA,Supplier A,302,22,383,3.79,0.84
279958cf-d2ce-b32d-5513-806d2637de78,2021-01-08,TX-100,CA,Supplier C,182,12,229,3.45,0.05
c60ab3ad-ed53-1f7b-aa0f-09f45db84cf2,2023-05-03,TX-300,CA,Supplier E,318,19,407,4.14,0.5
26476986-71a7-6e44-c5d6-314fa0fa6ea1,2022-10-24,TX-400,IL,Supplier C,231,16,292,3.97,0.49
3b71c2b0-2df6-353f-cee4-b9102695184f,2021-07-09,TX-200,FL,Supplier A,321,19,404,3.79,0.78
2b3998f5-fcc1-2d3f-ac38-40670e3d8fbf,2021-07-22,TX-100,FL,Supplier C,334,28,425,3.79,0.12
1ed48a9e-d3a5-927a-d24b-efab468c1dba,2022-11-29,TX-300,TX,Supplier B,254,20,327,4.13,0.93
d6abd158-f3b8-b15a-011b-d71c7562eec5,2020-08-07,TX-100,NY,Supplier D,288,28,372,2.82,0.02
9e914c34-0c7f-8fa2-17a5-7c6a11f7271c,2022-05-22,TX-400,NY,Supplier E,350,24,448,3.99,0.62
0ebd157e-9bfd-e15b-fc8a-ac2fd7b8455a,2022-10-17,TX-200,NY,Supplier E,243,9,303,3.97,0.88
ef892fab-7d4b-a061-75db-d45a726cc1cf,2020-11-17,TX-500,TX,Supplier E,251,5,305,3.1,0.27
4738cc46-442c-837c-acb9-450ba87c5135,2022-08-21,TX-200,IL,Supplier D,315,22,398,4.49,0.95
701c82dc-eaca-6092-f669-733306300f6a,2022-03-07,TX-100,CA,Supplier D,259,21,340,3.78,0.4
aa85043c-873a-5cc4-b1b6-eb69481ae8e8,2021-12-02,TX-300,NY,Supplier D,163,6,204,3.84,0.32
989976b2-b7dc-3473-ac1e-0d1c3847979e,2022-06-15,TX-500,CA,Supplier A,401,23,505,4.1,0.71
9adf3bf5-4118-3d6c-048d-6302fd827965,2021-06-19,TX-500,FL,Supplier D,372,34,477,3.5,0.63
18326393-6ee9-5f6a-dacf-e98548a7dab3,2020-04-25,TX-400,IL,Supplier B,289,26,373,3.56,0.37
525116a4-c431-3388-80a8-9c16457828c6,2022-01-25,TX-500,NY,Supplier A,229,20,297,3.7,0.14
8f0d3bf3-e02a-ce74-c7aa-670d0a44b53b,2021-05-23,TX-100,TX,Supplier C,280,22,358,3.79,0.59
949dd752-40b5-994d-bc24-ae57f7f70a7d,2022-12-03,TX-100,FL,Supplier D,174,10,220,4.43,0.79
352d1386-dfc9-370a-8243-c8cc00af4847,2022-10-08,TX-100,CA,Supplier C,278,19,354,3.97,0.61
f33eec38-3a53-b04c-4837-ca6931d74082,2022-01-25,TX-100,IL,Supplier A,163,13,207,3.7,0.14
d6813877-08d4-2e1d-eab5-f162e9e0d254,2023-04-09,TX-300,TX,Supplier B,283,20,363,3.94,0.36
b5bf9bee-93ce-e5e6-d822-6795e0776f41,2023-12-19,TX-400,CA,Supplier D,255,22,333,4.33,0.35
157ce892-77b1-3b99-c1f1-22bd4df6b57e,2023-01-16,TX-500,FL,Supplier D,252,23,322,4.33,0.65
ebbad034-62df-67e0-cccd-96a22b9f10a4,2022-01-10,TX-400,IL,Supplier A,190,11,243,3.7,0.22
35a2b33d-63bd-d174-48d4-441fdcadc937,2021-11-06,TX-100,NY,Supplier B,188,14,240,3.9,0.04
2fddb984-bad4-8d3f-3182-89365675b998,2023-08-23,TX-400,FL,Supplier A,383,35,501,4.06,0.43
26193e71-2108-7e0b-9310-30d48ee74828,2021-12-23,TX-400,IL,Supplier B,197,8,243,3.84,0.59
c79cb9e2-7beb-edc5-820e-f02036504c83,2022-03-27,TX-100,TX,Supplier C,303,19,378,3.78,0.87
bf17a88e-267e-4894-1a93-6ad622b06b35,2022-03-28,TX-100,TX,Supplier E,296,14,368,3.78,0.8
3f053233-8514-2f4f-718e-e90145e8e22e,2020-03-31,TX-400,NY,Supplier D,234,24,305,3.22,0.49
cf41f956-21a9-b918-d23c-02d617b8246a,2021-01-15,TX-500,FL,Supplier A,253,18,324,3.45,0.93
7f341022-0e35-2d8b-bb13-de60e89e0dc3,2023-11-25,TX-100,CA,Supplier A,246,23,326,4.32,0.52
b2cdd8fd-4801-8a65-9bab-7d5597b3ace8,2021-04-16,TX-200,IL,Supplier B,272,20,350,3.68,0.37
44d0ac07-5188-ca97-f942-969e47d0ccf7,2020-12-04,TX-200,IL,Supplier E,187,10,234,3.4,0.12
7c46f85b-4c5c-0be3-f442-b317adeb3863,2020-06-08,TX-500,NY,Supplier E,381,43,494,2.68,0.51
5eef6099-a95e-03b1-1a20-80a685ccbef3,2021-09-24,TX-100,TX,Supplier B,259,29,342,3.71,0.02
c2724ae9-41f7-f610-e030-bd4885c9dea7,2022-12-02,TX-300,FL,Supplier D,184,15,233,4.43,0.14
6f819877-1e9a-9dbb-3768-a378be00ccac,2023-07-01,TX-200,TX,Supplier C,328,32,426,4.02,0.57
e450e66c-6df3-1353-8d0f-5fe3513a781d,2020-01-15,TX-100,IL,Supplier D,195,16,250,3.17,0.63
1ff2fb14-cc00-784d-82ae-f4a1a78526e0,2020-01-11,TX-300,FL,Supplier B,193,7,240,3.17,0.67
ee91d2bb-8987-5df5-87f6-a1c40e2d55af,2022-03-07,TX-400,FL,Supplier E,258,16,327,3.78,0.4
88b2a6cb-1554-58f8-475f-16ab6197aa5f,2023-05-17,TX-200,CA,Supplier E,391,24,491,4.14,0.43
76f851a4-5cbe-565f-04e3-ec3465fd00d8,2022-07-14,TX-100,IL,Supplier B,262,18,332,4.71,0.61
1930f744-a0b9-a186-ef8e-ff202ab3f06f,2022-11-07,TX-400,TX,Supplier A,236,16,301,4.13,0.64
464d479a-a16c-68b8-9149-473f134bffb1,2020-02-16,TX-300,IL,Supplier B,201,10,248,2.91,0.36
956d1f8f-4314-3c37-6901-b2b15d546c15,2020-10-04,TX-100,IL,Supplier A,253,12,318,2.74,0.53
1f2fcbf0-3053-9960-d8dc-b5bc9987091e,2020-11-12,TX-100,NY,Supplier B,171,12,216,3.1,0.77
1ed1e6c6-acec-0237-0d45-38c151d64c65,2022-06-17,TX-400,CA,Supplier E,356,20,448,4.1,0.87
9c9b640b-857f-5801-8808-f868d51cffa5,2021-07-10,TX-300,FL,Supplier B,295,24,380,3.79,0.87
5141d919-2e5e-e415-d016-628ff6578978,2021-12-31,TX-500,FL,Supplier C,231,31,310,3.84,0.25
802261d7-03b1-9982-c0d7-02d45c0d1339,2023-09-07,TX-300,NY,Supplier D,291,23,370,4.06,0.16
740e1cac-ab55-3a43-9bd3-a5331a3d3b5c,2021-06-09,TX-400,FL,Supplier B,385,38,499,3.5,0.5
a5f0cd08-2f93-b48c-2c21-d94fe0f98daa,2022-10-09,TX-100,NY,Supplier E,219,10,270,3.97,0.26
b2f518d7-1157-52bc-6d89-0eb7172df0e2,2022-10-14,TX-300,CA,Supplier A,241,16,308,3.97,0.69
0b5a7fa6-e633-b972-e0cc-1b8c000ccdf7,2022-07-08,TX-300,CA,Supplier E,347,15,428,4.71,0.21
9244c8f1-3743-3a8d-e69e-a00bb44b857f,2023-09-15,TX-500,IL,Supplier E,332,14,417,4.06,0.31
2268f4c6-619d-f818-82d1-b08b5f6593d9,2023-03-14,TX-400,FL,Supplier D,287,29,379,3.74,0.68
743f5c4a-db99-5a90-68c2-8ee55a1f200c,2022-03-19,TX-500,NY,Supplier A,270,19,341,3.78,0.38
e207fc18-5daf-9bd1-6d98-c13e6ea2d5ae,2020-06-30,TX-400,IL,Supplier B,296,18,380,2.68,0.42
e50b20d6-24b5-95a8-deb8-85bb3e7935e2,2023-05-25,TX-200,IL,Supplier E,331,23,416,4.14,0.46
a3febbd8-bd9b-e919-ecd6-35d4bd8354cf,2020-03-19,TX-300,FL,Supplier A,270,25,348,3.22,0.1
ebc677c3-b015-7393-c97c-498c4717bd9a,2021-08-30,TX-400,FL,Supplier C,296,31,386,3.77,0.3
cf57e5a0-8de3-4b55-1852-92b31aab2fe8,2023-10-27,TX-500,IL,Supplier B,265,17,337,4.1,0.57
607f16be-0137-7129-6c03-7b3e33e69e3f,2020-03-07,TX-400,NY,Supplier D,219,22,282,3.22,0.76
d833ac15-eb87-2344-faa8-0815a75ee11f,2022-07-16,TX-400,IL,Supplier B,330,29,422,4.71,0.4
530e2184-e96c-f4c7-ca2d-0c939a325a44,2021-11-13,TX-400,CA,Supplier B,227,27,299,3.9,0.11
adbc504c-ee9c-7251-dca4-d30ba8e46ff1,2021-05-01,TX-200,FL,Supplier C,343,22,433,3.79,0.53
0f6d15fe-a9a7-d3a2-6520-25a0da93ca92,2020-09-01,TX-200,IL,Supplier E,301,11,367,2.91,0.84
d4157b46-a476-3ed4-7cdc-ea10d0f9a016,2021-04-10,TX-100,CA,Supplier C,291,25,368,3.68,0.17
eeb03067-df9c-3932-7640-2db38d28d060,2023-04-02,TX-100,TX,Supplier C,254,17,322,3.94,0.42
bf8723ba-472d-6caa-d1c5-54f20426dfe8,2022-07-03,TX-500,TX,Supplier D,382,31,491,4.71,0.95
04fac640-e9b4-b86f-a1c9-0b4e132913ac,2023-10-10,TX-400,NY,Supplier C,280,16,352,4.1,0.78
5f7e9bd3-4988-3ee0-23c1-56bc0b422346,2020-05-13,TX-100,CA,Supplier C,335,30,430,2.99,0.32
9410c25f-2d5e-3634-47f0-e8d94870f4fa,2023-07-13,TX-500,TX,Supplier A,387,27,492,4.02,0.37
d86cf153-ca6a-fce8-cf0f-2835d6e71313,2021-06-02,TX-300,NY,Supplier E,333,23,423,3.5,0.37
083f8127-a591-ee61-d1a8-c35750ee6316,2023-07-13,TX-200,TX,Supplier B,394,36,517,4.02,0.37
c073c70a-fa2f-f2e3-cbeb-99eb784e05ee,2020-04-20,TX-300,TX,Supplier B,272,19,346,3.56,0.11
27954dd8-a519-e2ea-d248-43439fd42c0b,2023-04-10,TX-400,NY,Supplier E,307,13,378,3.94,0.26
4113a20a-b5db-6df1-d045-56b535230ab4,2023-10-07,TX-200,NY,Supplier D,217,11,276,4.1,0.39
3c43d1d4-ddd0-10ee-9d21-7d5d0e00e63e,2023-03-12,TX-400,IL,Supplier B,291,23,368,3.74,0.31
457236b1-403b-d582-96d5-dc7cffe9532b,2021-05-02,TX-400,FL,Supplier B,285,28,373,3.79,0.16
b7e04cdc-71ef-63b8-f327-53e5e19a3dd3,2023-12-01,TX-500,FL,Supplier E,211,10,260,4.33,0.42
37d80b1a-c2e0-dd3a-5ce3-715315d0af38,2021-11-01,TX-500,TX,Supplier B,272,13,338,3.9,0.51
6ea981d7-3721-0e5c-5802-719f5e1e4a74,2023-10-28,TX-500,TX,Supplier A,269,28,348,4.1,0.91
d1c5df62-bd39-7c1b-2830-359c5c6a98b7,2022-04-25,TX-200,CA,Supplier D,382,34,500,3.88,0.88
3cc6fefc-d4db-9bfb-af65-e53d5d292be9,2021-10-09,TX-100,TX,Supplier E,227,13,289,3.51,0.59
6b066b69-d8f7-5357-04c1-5ada09a6d60f,2022-10-01,TX-400,TX,Supplier A,339,24,427,3.97,0.28
fdcfa9a7-424a-6c45-7ab2-b32673bf619f,2021-05-29,TX-300,NY,Supplier B,263,14,326,3.79,0.65
2b70d877-c1cd-10e9-68db-e6adc0e16871,2022-05-22,TX-500,CA,Supplier B,416,28,528,3.99,0.62
40df0e17-fad8-88f2-76c1-402ddb5c7a24,2023-02-17,TX-200,IL,Supplier C,200,21,265,4.02,0.98
315eb86a-5040-bad2-f47a-86f801851543,2020-03-17,TX-300,CA,Supplier A,287,23,369,3.22,0.33
2b207920-407e-97ce-bb24-fd5377becfa9,2021-10-16,TX-500,TX,Supplier C,269,21,340,3.51,0.28
1f302ff6-609e-a4fc-f47c-80f2a743acb0,2023-08-12,TX-200,FL,Supplier D,307,18,387,4.06,0.34
4dcf2bd9-f41e-d764-295e-e8007f5784d6,2021-10-30,TX-100,FL,Supplier E,190,11,238,3.51,0.65
dd432f57-2fc0-3625-528c-7e867bcb885d,2023-05-10,TX-200,FL,Supplier A,294,13,366,4.14,0.32
67a5a85d-1764-43c2-8dab-5a68eb4a5be2,2021-12-16,TX-300,CA,Supplier E,225,13,281,3.84,0.01
7fecae64-ef90-4a94-d0bc-a4e67146ede3,2023-09-16,TX-300,CA,Supplier E,292,18,370,4.06,0.19
c4f8d98b-aa05-c758-33b3-cf81fdef4e5e,2021-01-26,TX-500,FL,Supplier D,238,26,312,3.45,0.16
05a16c65-b225-89ab-3e2b-070d83144404,2023-04-26,TX-100,NY,Supplier E,296,14,373,3.94,0.4
602a63f9-aeed-372c-91db-d582278db32a,2020-01-19,TX-400,NY,Supplier C,216,20,273,3.17,0.03
cc22a042-2342-c980-3316-71e4f4222dec,2022-02-02,TX-200,CA,Supplier D,236,23,307,3.6,0.58
8daf269e-e22d-5d2b-009f-3e9826f83196,2020-03-16,TX-500,IL,Supplier A,270,14,348,3.22,0.49
9448368e-59bd-b42e-b942-a8ab5f8d1773,2020-05-21,TX-500,IL,Supplier C,332,16,418,2.99,0.24
e5a6fbc6-e5ca-6a90-a184-c0ae0321641b,2020-09-14,TX-300,TX,Supplier A,266,22,336,2.91,0.64
f4de7b15-0bc3-ce6c-d0cf-3a0a5b7ca40c,2020-07-04,TX-300,NY,Supplier E,318,17,399,2.82,0.8
4dcde659-310e-ddaf-e1ce-931bdd885ecd,2021-07-20,TX-500,IL,Supplier D,389,38,511,3.79,0.75
8cf7cd6b-c3dc-ac15-9425-c2d4aead5824,2020-09-17,TX-500,NY,Supplier A,322,19,407,2.91,0.48
57fc15cc-47ff-c31c-07a1-a7df542fb82d,2020-06-11,TX-200,IL,Supplier E,319,12,397,2.68,0.2
5c670b62-7201-7604-ad51-c26126bc5faa,2021-03-26,TX-100,CA,Supplier E,255,16,325,3.96,0.74
92ef2448-8daf-4ee4-6d16-b7a098ef3d8d,2022-04-12,TX-300,CA,Supplier B,334,29,428,3.88,0.94
cd49dfb5-7516-b2d4-6c82-8777913d6eeb,2021-02-23,TX-200,CA,Supplier B,268,16,334,3.82,0.51
ac3b77d9-b5ab-2778-65b9-48b51c11ea86,2022-10-28,TX-200,NY,Supplier A,214,19,272,3.97,0.91
bb4f6fa6-fc7d-31da-00fa-89cf4946031f,2023-03-04,TX-100,CA,Supplier C,295,21,372,3.74,0.26
940f629c-4668-3ba0-7111-ddd06f180532,2022-06-24,TX-500,IL,Supplier D,403,24,501,4.1,0.89
ed16d853-79ee-7564-455f-b2d8274d0173,2020-08-24,TX-100,FL,Supplier C,318,31,408,2.82,0.05
c8958464-aa3f-2f1e-e937-d440a98d72e4,2023-10-15,TX-500,IL,Supplier E,284,16,354,4.1,0.16
8e1a2cdb-70ba-ea7f-bb98-a4d6c5618362,2022-05-31,TX-500,TX,Supplier C,411,26,516,3.99,0.37
fd28f23d-2502-cf39-0f55-46c83ed92903,2022-06-01,TX-100,IL,Supplier D,282,22,363,4.1,0.4
cd9d435e-abdd-4268-bef8-80e865263012,2021-01-22,TX-300,IL,Supplier C,204,8,254,3.45,0.5
11224789-d9c0-9080-6abe-1b710d0be42b,2020-06-20,TX-200,FL,Supplier C,329,22,416,2.68,0.49
3f29ba51-3563-0818-c4f7-cb2243bb71d4,2021-06-14,TX-200,IL,Supplier E,298,13,372,3.5,0.5
bc901f3a-4761-9f1a-8ab7-176fef3cf735,2023-01-05,TX-400,FL,Supplier A,222,14,280,4.33,0.14
4ea652b2-e2dd-b27c-ca27-51ce28136771,2021-10-17,TX-400,NY,Supplier A,218,19,281,3.51,0.56
92649cb6-ba13-3f7f-126e-33f53b8efac2,2022-03-12,TX-200,CA,Supplier A,245,18,307,3.78,0.2
0640ed53-ddae-9782-1c77-e7efb53c06f9,2023-02-12,TX-500,NY,Supplier A,235,19,300,4.02,0.14
08536f08-88f6-331c-0345-48a4282ddd98,2021-11-19,TX-100,NY,Supplier B,193,22,256,3.9,0.39
2cf6f169-91e8-3a89-f8f5-66e2938b42b1,2020-02-25,TX-100,IL,Supplier B,212,15,265,2.91,0.72
53eb89b8-41c4-14d8-ab66-ab100eb12c11,2022-03-21,TX-400,TX,Supplier A,320,24,409,3.78,0.74
4dcb344d-6c53-7070-3e45-f6fdf88e6b94,2022-06-08,TX-100,TX,Supplier B,331,16,417,4.1,0.1
54be1cbd-4614-6472-7acd-dcd2d96a5782,2022-10-23,TX-500,CA,Supplier D,278,25,364,3.97,0.54
c525abf5-902e-34a3-42f4-f49f9593c8dc,2023-10-17,TX-100,NY,Supplier B,234,17,297,4.1,0.98
86c750f9-8c04-00a8-f21f-5cd0b9fccbf8,2021-04-07,TX-400,TX,Supplier B,311,23,393,3.68,0.06
1ddf7b0d-13f0-80bf-2295-02152f616c83,2022-06-29,TX-200,CA,Supplier D,380,33,494,4.1,0.54
94fb0153-ae34-f243-9702-c0827cb96b71,2022-08-01,TX-300,TX,Supplier E,371,19,470,4.49,0.21
3fb94d71-f64a-c6fb-b63b-cabfc9ccc08e,2022-01-25,TX-300,TX,Supplier D,225,14,283,3.7,0.14
53065100-2cc9-ce92-6175-adc8970d3c7b,2022-04-20,TX-500,CA,Supplier C,379,29,483,3.88,0.34
bd39488f-8229-771a-d58e-2fc973d4837b,2020-04-18,TX-100,CA,Supplier B,272,16,347,3.56,0.73
ff0b3ef4-a391-175f-3e8c-932c0f3c582d,2021-02-06,TX-100,NY,Supplier C,172,16,223,3.82,0.71
9b711030-de4b-33db-4631-4ba27574c312,2023-11-20,TX-500,FL,Supplier E,270,21,342,4.32,0.17
a0c31454-8e8a-c4b1-cd33-258f1dd6a297,2023-04-16,TX-200,TX,Supplier C,301,34,394,3.94,0.11
7213d3cf-637b-f3ee-6174-e2fc01efdfc6,2021-01-23,TX-300,TX,Supplier C,211,11,261,3.45,0.75
bfffb101-417d-0485-8d7c-e6c1b81ee3f1,2020-02-18,TX-100,FL,Supplier A,184,9,232,2.91,0.12
c659a42c-ff20-0a5c-316d-8d0e4ab7005d,2020-01-25,TX-400,IL,Supplier A,231,18,295,3.17,0.06
cdc4737e-3782-3d0a-bcea-1c8a9afab8d7,2020-11-11,TX-200,CA,Supplier A,247,20,318,3.1,0.42
4981ab2f-e8be-0084-9fd7-395837d645fc,2022-11-16,TX-200,TX,Supplier D,258,26,336,4.13,0.01
18713380-3264-66b0-2e69-a6469a696ea5,2023-02-06,TX-300,FL,Supplier B,214,18,276,4.02,0.09
567bbddf-342c-98fb-b168-4c5b8037e43d,2021-08-28,TX-300,CA,Supplier D,365,33,471,3.77,0.35
d9a4df05-1e76-6719-e73a-f54fe252176b,2021-08-04,TX-200,FL,Supplier E,341,20,428,3.77,0.82
afbf3f52-0b67-2907-095a-b7e368727309,2023-02-28,TX-500,FL,Supplier B,295,21,366,4.02,0.03
ebcc520e-dd68-6b53-9d4c-7f945f82a611,2021-02-27,TX-400,NY,Supplier D,208,20,268,3.82,0.13
824a6f4e-0f72-2514-e05a-68161dc4e4a3,2023-02-19,TX-100,NY,Supplier B,185,14,234,4.02,0.19
3ae33f0e-3aa5-f43c-0cb1-20ec0fd5ad6f,2023-06-11,TX-500,TX,Supplier A,442,35,569,4.27,0.67
3876361c-80a2-7893-93b0-549596f3361b,2023-03-20,TX-100,IL,Supplier A,223,14,282,3.74,0.17
d602261d-3340-dd60-c393-097aef13dc05,2022-08-21,TX-400,CA,Supplier C,399,29,509,4.49,0.95
b08fa78c-7f74-5644-6850-6fed726bdbe5,2023-04-22,TX-400,IL,Supplier B,341,27,439,3.94,0.82
e73fe82e-934d-7592-56d8-6f6552e80965,2023-10-24,TX-500,CA,Supplier A,315,19,396,4.1,0.15
ef9788cd-275f-9a2a-eee1-039ea4328a60,2022-04-22,TX-100,TX,Supplier E,254,12,314,3.88,0.24
7e293100-1c46-3c01-dade-204667f0463a,2022-09-24,TX-100,NY,Supplier C,275,21,352,4.26,0.78
54c292d0-bc4a-a1f4-6b78-24bd264af79b,2020-06-12,TX-200,NY,Supplier A,315,26,403,2.68,0.8
4b9bc0b2-9fcc-eefb-f1a6-7693b3556144,2020-11-18,TX-300,TX,Supplier E,216,6,265,3.1,0.36
e2dd65a6-b6c8-e4e2-6917-1738ab8f97da,2020-02-17,TX-300,NY,Supplier B,218,20,282,2.91,0.09
260ad5a6-1145-e141-cfa8-f9326a431b68,2022-01-05,TX-400,FL,Supplier A,206,11,259,3.7,0.36
bdd1b326-24bb-3145-a82f-843311f7f95c,2020-05-14,TX-400,TX,Supplier E,374,17,464,2.99,0.77
8b0051d5-9aa0-915d-0603-ec66c4420ddb,2023-01-12,TX-100,NY,Supplier A,196,12,246,4.33,0.0
67769e9c-c0f6-a1e7-4479-0b59cfc553f5,2020-01-29,TX-100,TX,Supplier A,193,9,242,3.17,0.56
2bc5824d-de40-9d2b-9313-cc22ca8298ba,2021-06-01,TX-300,CA,Supplier A,353,21,444,3.5,0.06
a8a8f5cb-71b8-1bad-c3d5-f7b3ee02b480,2021-01-02,TX-400,CA,Supplier A,270,15,337,3.45,0.78
029793fc-d5c4-ce3b-c555-cb94985747e6,2021-01-31,TX-300,TX,Supplier C,188,20,244,3.45,0.98
8182eddf-22c2-b4ed-85f1-46fd50a85a99,2022-08-19,TX-500,IL,Supplier E,303,10,375,4.49,0.6
546ae4e5-cd55-33f7-06a4-6141e51f6142,2020-07-17,TX-300,TX,Supplier D,341,18,429,2.82,0.37
8cdb3abd-66d6-d84a-988c-7dab38efdfd8,2020-02-21,TX-400,FL,Supplier D,260,24,338,2.91,0.7
eda42286-2446-d1e7-c65a-313db384acb7,2022-02-02,TX-200,NY,Supplier D,218,16,273,3.6,0.58
69fbb6a2-ada1-b040-6d3b-76b5574fc1b2,2022-11-06,TX-500,NY,Supplier A,273,19,345,4.13,0.24
7f7f34ec-f27d-0d98-8115-ab019deca551,2023-11-14,TX-400,TX,Supplier D,276,22,345,4.32,0.32
66bfb7e5-7f51-2c93-8c8b-c28f01b08ebe,2023-11-26,TX-300,TX,Supplier B,253,24,326,4.32,0.51
8b83a933-3da0-2e17-d90f-9d7e8a4a9039,2023-08-26,TX-400,TX,Supplier D,408,41,529,4.06,0.99
fd101eba-c709-cf0d-9937-04ac53bbcc79,2021-10-10,TX-100,FL,Supplier A,266,21,341,3.51,0.65
55497e7a-aca1-5f84-5a30-a8ced6c31c00,2023-07-05,TX-100,TX,Supplier B,363,17,450,4.02,0.5
05230440-ecfc-758c-a8ea-88dc4a869142,2022-08-21,TX-500,TX,Supplier D,399,35,510,4.49,0.95
d1bda108-7132-f640-b7fa-b01d3a3e5643,2020-05-25,TX-200,CA,Supplier E,332,13,405,2.99,0.18
3908adfa-8b54-1df4-79e6-65d620767d08,2023-04-17,TX-500,NY,Supplier C,311,21,389,3.94,0.12
fea2419d-44d1-4062-e946-e2dd56cfdd54,2023-09-21,TX-500,NY,Supplier E,298,15,376,4.06,0.71
3fb17ebf-7f31-c399-a057-9e6215c4c2c0,2023-01-07,TX-100,FL,Supplier E,201,15,260,4.33,0.1
0c1250c4-4c7c-04ed-6999-1217294c242f,2023-05-20,TX-100,CA,Supplier C,358,29,459,4.14,0.93
8c7ab420-84d2-6e3d-3aee-be914ae02e01,2023-04-11,TX-200,CA,Supplier B,311,29,403,3.94,0.61
6ff023eb-d23f-2ef7-0b62-c7f04f60741d,2020-12-28,TX-200,FL,Supplier C,200,13,257,3.4,0.09
96986032-c10b-f7aa-20cc-d4bd0d40f044,2021-11-13,TX-200,CA,Supplier D,235,19,303,3.9,0.11
e0d9430f-354f-cf99-eb5f-cb3f8dfd0842,2022-04-20,TX-400,IL,Supplier E,283,16,352,3.88,0.34
d1d06ebd-297c-dbdf-2473-8b32c080fe16,2021-03-19,TX-400,CA,Supplier E,332,20,416,3.96,0.32
1a717e42-7690-5c86-4e1a-f10eedcf140f,2021-05-01,TX-300,FL,Supplier E,342,20,426,3.79,0.53
6507730e-a25c-bbcd-f361-b33d038e38e1,2022-06-06,TX-500,FL,Supplier D,405,35,513,4.1,0.12
8f36664d-e669-349a-94f0-1febbd813f04,2023-11-08,TX-100,FL,Supplier A,209,16,265,4.32,0.44
4ea2ee22-c1af-e3c5-f020-4f3d4623c0fc,2021-03-16,TX-200,NY,Supplier E,207,11,256,3.96,0.7
23364a42-e72a-39ad-0033-7cec4b08db43,2022-03-17,TX-200,IL,Supplier D,249,14,318,3.78,0.73
55ba4498-3b1b-cfb5-452b-ccf09aa16756,2020-10-06,TX-200,FL,Supplier B,233,14,294,2.74,0.29
2c567437-7e07-8d66-9383-1632d9b98813,2022-01-30,TX-400,TX,Supplier C,231,19,293,3.7,0.0
6b8fe119-b5fe-5aea-a714-1d47de4d58a5,2021-06-13,TX-200,NY,Supplier D,297,34,393,3.5,0.34
8b7376ad-d375-290a-f26f-13d56183d7c9,2022-01-30,TX-200,NY,Supplier A,213,14,272,3.7,0.0
d4187211-4e1f-c228-2e9c-110597f27a28,2020-08-04,TX-100,NY,Supplier E,253,17,321,2.82,0.28
b7d8cb3d-8a8f-c289-ab6f-29cf3f3b286c,2022-01-13,TX-200,TX,Supplier B,225,12,285,3.7,0.08
2d2f7d0e-d7b7-98b3-bf2a-f774171199e1,2022-09-15,TX-100,TX,Supplier A,248,19,316,4.26,0.44
4cb5ab29-1627-1537-594d-9aaff6326236,2020-09-30,TX-100,TX,Supplier A,225,24,291,2.91,0.54
cdb328e6-159d-8e08-8664-0151b3161124,2021-07-31,TX-300,IL,Supplier C,293,21,373,3.79,0.08
36cec0e6-151f-85ad-d2ed-44559cdd7be4,2020-02-11,TX-100,FL,Supplier C,202,21,264,2.91,0.7
ec882665-1e92-7127-920b-821b21da5d85,2021-05-18,TX-100,CA,Supplier B,359,28,461,3.79,0.91
e3a70159-f9fd-0a83-13b8-611152085273,2023-09-23,TX-500,NY,Supplier E,259,12,324,4.06,0.98
f46a6ff9-bfe3-d0c4-9fed-6120c4864686,2022-01-26,TX-300,NY,Supplier C,195,11,249,3.7,0.69
4f3307bc-259f-fcb3-8a42-f4e32c746929,2021-04-22,TX-400,CA,Supplier C,321,20,403,3.68,1.0
0ccc9f82-e781-a995-b8a5-abb7b44d94ce,2020-11-18,TX-500,NY,Supplier E,241,17,303,3.1,0.36
67224556-015b-2142-3c9c-37dc7382110c,2022-05-27,TX-400,NY,Supplier B,345,24,440,3.99,0.85
64997632-a971-1661-dec1-ec3471c4bb49,2022-11-13,TX-400,CA,Supplier B,237,27,311,4.13,0.82
ec0255ec-dec8-cced-bb49-7b64b5b08d7b,2020-01-06,TX-300,NY,Supplier A,193,15,247,3.17,0.78
df80b4da-b7bd-d0cb-af4b-d6e66577a010,2023-10-09,TX-200,TX,Supplier A,269,25,349,4.1,0.08
9b8dd848-76c0-38e1-0453-fbe5f3d4cab0,2023-04-12,TX-300,CA,Supplier B,284,38,380,3.94,0.21
32e3d2b9-b1c2-acda-039a-a5cb43db05de,2021-10-20,TX-100,IL,Supplier B,228,18,291,3.51,0.44
e0dadb81-34c6-12a5-99a6-934499549517,2023-08-10,TX-100,FL,Supplier C,321,28,424,4.06,0.14
4907c2ee-6089-2072-f5bd-9d6540949ea8,2022-08-06,TX-500,TX,Supplier D,452,32,575,4.49,0.99
6c4f6d49-4415-780b-aeb6-3dcba9b709d2,2023-01-11,TX-100,NY,Supplier D,186,16,239,4.33,0.05
26675be5-6fae-6e7c-694e-33f6ae26a80d,2021-08-20,TX-200,IL,Supplier C,276,25,361,3.77,0.51
8c928e7d-8c2c-7238-28d0-dfc04fe8f355,2022-09-26,TX-100,IL,Supplier C,280,19,352,4.26,0.25
458e6d57-bf1c-00c3-be1d-93fd8278bf45,2022-12-24,TX-300,NY,Supplier D,166,11,211,4.43,0.05
1b35d5fd-bfae-bb5c-e69f-6c7a148508c5,2021-01-01,TX-400,TX,Supplier E,205,14,259,3.45,0.14
a8b4a4eb-90a2-4e04-068f-392cff7858ed,2021-09-18,TX-200,NY,Supplier D,252,22,324,3.71,0.92
1e208a6b-aa1e-1db8-0fcb-b84e2f7b878b,2020-02-22,TX-300,FL,Supplier D,247,16,309,2.91,0.27
e32f5502-fd18-03ee-8dcd-37e5f9004b26,2020-01-28,TX-300,IL,Supplier C,180,18,235,3.17,0.66
db3f6bf3-0eb8-a322-5964-46d53e4e06e4,2020-10-01,TX-400,TX,Supplier B,299,19,380,2.74,0.85
7824213d-ab98-0f02-f528-75dafbde2f36,2022-08-15,TX-300,IL,Supplier E,332,26,424,4.49,0.32
6027e9e9-a601-b650-ef3f-23a503918d60,2021-02-01,TX-200,TX,Supplier D,205,16,260,3.82,0.61
47498652-afbb-7f7f-d71f-c59869a9b3db,2023-08-31,TX-100,IL,Supplier C,296,21,377,4.06,0.9
dccb60dd-088e-88ad-e8ac-64a28f8383ea,2020-01-26,TX-300,IL,Supplier D,166,15,213,3.17,0.28
8f317865-bbd0-c260-dabc-def1d97bd5d7,2023-06-14,TX-500,CA,Supplier E,394,29,503,4.27,0.39
c6bdcbce-4683-3746-d04a-7781baa1b44c,2022-05-29,TX-200,CA,Supplier C,322,23,412,3.99,0.74
596b9821-ccb7-3756-ad12-803ed2241226,2020-02-28,TX-500,IL,Supplier B,248,17,316,2.91,0.1
f41bdda0-a3ae-6994-758f-c86149de4c13,2021-10-02,TX-400,FL,Supplier A,257,17,330,3.51,0.28
63705ffc-3d5d-4433-5493-d6d797035e91,2021-09-05,TX-200,TX,Supplier D,362,28,469,3.71,0.08
b6451171-f42a-2459-7e67-cf95225ad10b,2023-12-18,TX-400,NY,Supplier B,201,18,261,4.33,0.63
f56ec67c-b29b-91da-fe8f-3dfd99d5ea92,2022-12-08,TX-400,TX,Supplier B,216,22,280,4.43,0.83
4b7a7d18-fb37-1316-38d5-3962d38f006d,2022-10-12,TX-400,CA,Supplier E,262,10,321,3.97,0.98
61f87d29-4eed-8f42-19e1-460ad91f3306,2022-11-20,TX-100,CA,Supplier D,200,18,261,4.13,0.14
ff67e151-759f-2089-c092-3e32ef26af5d,2023-01-03,TX-100,IL,Supplier D,181,15,231,4.33,0.49
25ad02b1-81f7-c0e0-5e5a-1dacf397c3e0,2023-10-29,TX-400,NY,Supplier D,201,20,265,4.1,0.54
d98cccd3-f30a-c843-b4b8-015d952a7cb4,2020-09-26,TX-100,FL,Supplier C,284,18,356,2.91,0.95
93063fc5-2994-2ca1-c50d-afaaee073132,2021-11-20,TX-200,CA,Supplier C,221,21,284,3.9,0.42
483f5f8f-c639-94c5-6063-c0f9632785d5,2021-03-04,TX-300,NY,Supplier E,197,17,258,3.96,0.63
3fbe3c1e-0e1b-8e68-e435-c3746964c406,2021-11-18,TX-200,NY,Supplier C,175,15,223,3.9,0.3
b3f79f30-28c7-6563-65c6-cddf1f1d9b85,2021-01-08,TX-300,IL,Supplier C,187,12,238,3.45,0.05
1420fd78-b666-2ff0-e0ec-32ae6818e383,2023-08-25,TX-400,TX,Supplier D,403,26,507,4.06,0.53
dd86848d-9882-d049-cb38-14ba15d467bf,2021-04-13,TX-500,CA,Supplier C,408,34,516,3.68,0.01
c3938479-8824-f77d-ad27-e86aee178989,2020-07-31,TX-400,CA,Supplier D,321,29,413,2.82,0.31
2b1c2d76-b116-ce09-596a-b06051cef617,2022-01-04,TX-100,CA,Supplier C,189,19,246,3.7,0.98
f67c2bcd-7fc3-d2b0-8bf0-02d482af9b4a,2023-11-05,TX-100,TX,Supplier E,212,11,265,4.32,0.35
57708349-5d36-2e1c-6ee7-26a60864700d,2022-09-07,TX-200,NY,Supplier C,267,19,344,4.26,0.56
42b2a4ab-f1af-5e0e-4815-09ca193332be,2021-02-28,TX-300,NY,Supplier D,231,16,293,3.82,0.28
2bb0c8a0-a53b-d9c1-32cc-6831131b6c69,2020-08-25,TX-300,TX,Supplier C,344,28,439,2.82,0.37
70a650bb-f880-1bf0-a343-8694aa5c6476,2023-10-01,TX-300,NY,Supplier D,282,26,367,4.1,0.97
5b51547e-e4e2-0069-d743-311419f4fcdc,2022-07-07,TX-100,CA,Supplier B,399,27,507,4.71,0.55
f4b584e5-58fe-49f8-cf41-f59ef5c19003,2022-07-04,TX-400,NY,Supplier E,317,19,401,4.71,0.48
5dd1b9f2-3949-3a2c-25c1-0fd66647d4b0,2022-03-12,TX-200,TX,Supplier A,310,20,398,3.78,0.2
6131ade9-564f-98f8-3f14-695ec0acae74,2020-03-30,TX-100,FL,Supplier B,250,8,306,3.22,0.08
516e6e12-b627-b585-d7e0-5fd3e6682dc3,2020-12-02,TX-300,IL,Supplier A,167,7,208,3.4,0.72
cfacf78c-9765-4d2d-8d8f-e35cc80d73df,2020-09-14,TX-400,FL,Supplier D,310,25,401,2.91,0.64
b7b85b2c-60d9-61a1-9731-e4c2a19f97c9,2022-05-03,TX-500,TX,Supplier A,340,16,425,3.99,0.48
ada5aa1f-1555-f2f5-73a8-fb8eae62377a,2020-07-11,TX-300,FL,Supplier E,288,20,360,2.82,0.23
a940d0d9-c271-2f19-9c2d-e6266269bacb,2020-02-17,TX-500,IL,Supplier D,252,25,323,2.91,0.09
bfdc357c-f1b1-86f9-e678-c5498a31fb93,2021-11-07,TX-300,IL,Supplier A,184,12,230,3.9,0.25
6ee39ccb-4c3e-b533-b282-db0283069c1c,2020-10-22,TX-100,NY,Supplier E,220,16,279,2.74,0.8
290f6365-9b67-fb2c-a867-18ab914da0a1,2021-06-08,TX-200,NY,Supplier A,342,23,425,3.5,0.85
0a6f448c-753c-df4e-9179-4660898fc557,2020-05-08,TX-400,CA,Supplier A,318,27,407,2.99,0.89
9d206a1d-9b56-3712-a858-f021ddad52d3,2023-02-10,TX-500,CA,Supplier D,309,19,391,4.02,0.4
fbfdf227-94f9-cdf4-1cb2-2439eb0a6073,2020-07-11,TX-200,CA,Supplier E,347,26,447,2.82,0.23
b74eef38-c381-bc82-65bf-3b999ce3c9e1,2023-11-20,TX-200,NY,Supplier D,204,21,264,4.32,0.17
6e19af3a-19db-e6bb-d529-ad7009ce20e9,2022-05-11,TX-400,TX,Supplier E,338,25,430,3.99,0.88
2f749edf-6236-eab7-18ae-f60e2194432f,2023-07-01,TX-400,IL,Supplier E,399,24,503,4.02,0.57
3ec10709-a598-09d7-5301-aa1f5964ed95,2022-02-19,TX-500,TX,Supplier E,248,11,304,3.6,0.61
f39d2eda-4cbf-5fab-da45-a5a9b33cc24f,2021-10-28,TX-300,FL,Supplier B,243,19,308,3.51,0.56
9df16000-4530-d527-6638-3f520a2e435b,2021-03-07,TX-100,NY,Supplier D,190,16,244,3.96,0.22
e448b9fe-59b1-189a-e8a1-0738cadb7a29,2023-09-27,TX-200,IL,Supplier A,260,21,331,4.06,0.8
d9a996b3-ff83-faeb-d0dd-a231385ad4bb,2022-07-12,TX-300,IL,Supplier A,337,24,425,4.71,0.92
3da0663b-8301-6257-d0ad-0336f4ddadd8,2023-01-06,TX-400,FL,Supplier C,242,16,306,4.33,0.88
ac83b15d-28e5-7d84-64b3-7b1c9e593822,2020-02-25,TX-300,NY,Supplier D,200,20,260,2.91,0.72
fcfce88c-e04a-fc22-5a2b-3b215c282f50,2022-07-30,TX-100,NY,Supplier E,303,30,394,4.71,0.75
cee6016f-2179-3480-9993-6d3f8573ce46,2023-05-21,TX-300,TX,Supplier E,392,19,488,4.14,0.39
24a1870c-544e-fc55-7197-a964864ae868,2021-07-03,TX-200,FL,Supplier B,319,18,407,3.79,0.62
589dc271-d951-d09f-5f8a-8e1c9c6c60af,2022-05-15,TX-400,TX,Supplier C,339,17,424,3.99,0.95
d2057d69-0552-ccb7-b95a-fd3c4e6252b6,2023-06-13,TX-300,FL,Supplier D,368,29,472,4.27,0.95
7af2c916-ccae-34aa-a31e-278ec0cc79f3,2023-12-08,TX-100,NY,Supplier E,204,14,262,4.33,0.47
37f18b66-fc0b-e355-52b1-731c01f19337,2021-10-16,TX-300,FL,Supplier B,232,21,297,3.51,0.28
2637f881-b380-070d-0307-bb2e6c42be2a,2022-02-23,TX-400,CA,Supplier C,265,19,334,3.6,0.73
44cc17cf-d559-94ab-6071-c60ab35ac5b9,2023-12-10,TX-300,CA,Supplier D,210,17,263,4.33,0.48
70baa092-258a-5978-48b6-a177b8acfa2b,2021-12-11,TX-500,NY,Supplier E,215,14,271,3.84,0.71
fbbed215-dd5a-8232-102d-7f82aa49b665,2020-12-23,TX-200,IL,Supplier E,174,8,216,3.4,0.84
e9ade53d-f4cc-58dd-72d0-22d29e0bdba9,2021-05-25,TX-200,IL,Supplier A,359,23,454,3.79,0.08
c7328c1f-def5-532a-abcb-5276efd6e3d4,2021-05-27,TX-300,FL,Supplier E,357,16,437,3.79,0.84
c05d8911-aec5-e2dc-3ebd-d3c2f0ee95e0,2020-11-17,TX-400,IL,Supplier D,230,18,289,3.1,0.27
5d89e616-f70c-926e-275b-9d0afd9def9a,2022-11-18,TX-200,FL,Supplier D,252,24,324,4.13,0.8
06205f30-7ca4-3bf9-b189-5c9ecd10a012,2022-01-12,TX-300,CA,Supplier E,198,14,252,3.7,0.32
25d4f9b1-e834-4c13-fca0-1469b4d3c207,2021-04-08,TX-500,CA,Supplier B,314,25,405,3.68,0.28
210318b8-2a7a-6eeb-8983-24b910111bbe,2021-04-17,TX-300,TX,Supplier A,318,25,408,3.68,0.15
b252979f-588a-d913-76f7-64adb767c884,2023-03-18,TX-300,FL,Supplier B,254,13,313,3.74,0.89
a9e3ace7-1fb4-442c-d544-3a887943a382,2021-05-27,TX-100,TX,Supplier C,294,24,375,3.79,0.84
2d3190b0-db0a-3223-93d4-621fb2debba7,2023-01-03,TX-100,TX,Supplier A,226,13,282,4.33,0.49
35fd7b67-3894-0398-7ac4-6f274019ad8b,2023-03-21,TX-400,CA,Supplier D,278,22,355,3.74,0.89
261b43aa-c705-29d9-8ba4-1e112c7d3aff,2020-11-02,TX-400,IL,Supplier A,230,16,290,3.1,0.76
d567b931-0fbf-b8ac-2ead-27af33d9b211,2023-04-06,TX-200,NY,Supplier C,236,17,302,3.94,0.32
a74d34e7-fff3-ff2e-cde1-91eae7d78988,2022-03-06,TX-500,IL,Supplier C,295,29,390,3.78,0.89
a5a4fdc7-a0dd-d3b6-da65-b019f02721aa,2022-06-14,TX-100,NY,Supplier A,289,15,362,4.1,0.25
3cee8807-0f9e-acfd-6c0a-3263837cfd25,2022-03-18,TX-400,NY,Supplier B,233,13,294,3.78,0.88
a136798d-5484-d40b-8410-d29478c54d9b,2023-04-14,TX-400,TX,Supplier A,355,30,457,3.94,0.93
347f197a-c4b6-92cc-d2f8-63e5eadcfa6b,2021-05-02,TX-400,IL,Supplier A,271,15,342,3.79,0.16
f7275410-10f0-808c-6023-caff629c6c51,2021-12-11,TX-100,FL,Supplier D,204,19,266,3.84,0.71
fc1be110-9e6d-5b49-450d-2ce830e31ad8,2023-08-26,TX-200,FL,Supplier E,361,28,455,4.06,0.99
bdbc4910-92b4-ebd3-f63e-76da28fb769b,2023-09-07,TX-400,TX,Supplier E,361,22,459,4.06,0.16
28aa7640-5b16-f894-6f84-d3b4a8391919,2020-07-09,TX-200,NY,Supplier C,258,24,334,2.82,0.83
5dc02007-2370-5c60-c40c-40d641e3bd8f,2021-01-31,TX-200,IL,Supplier D,236,19,306,3.45,0.98
4fe87d6d-ab52-d4c8-6ada-a0dfc9cc49e2,2020-06-08,TX-400,FL,Supplier E,367,24,461,2.68,0.51
d5ce29a0-aa88-b1ca-1ffe-e0aa98bd9e08,2022-12-29,TX-200,FL,Supplier C,187,10,235,4.43,0.82
d2278c7e-a40a-d602-4e42-aa1ad1452277,2020-06-17,TX-200,TX,Supplier B,385,26,487,2.68,0.93
d3c9fcdf-be22-4934-7dd9-4479a43392f5,2020-03-09,TX-500,NY,Supplier B,274,18,350,3.22,0.43
d79f1013-efed-399f-4ed0-ea2cc6abc373,2021-04-25,TX-300,CA,Supplier E,348,27,441,3.68,0.69
b035b435-86d8-1d9f-7267-a4a5a161ce98,2021-12-02,TX-400,IL,Supplier C,184,18,240,3.84,0.32
5cff391c-0bf6-2628-aaf9-7feb019f03ba,2022-02-13,TX-300,TX,Supplier E,227,9,283,3.6,0.84
6a70115f-cf9c-8239-c00c-fc6df51832d4,2021-02-20,TX-400,IL,Supplier D,256,25,329,3.82,0.65
5d1585a6-7a8b-de35-bc56-d917aad52aa9,2020-10-28,TX-500,IL,Supplier E,257,16,321,2.74,0.17
82e8d6d3-a95b-5aa5-49af-349aeddf76e9,2021-01-30,TX-200,TX,Supplier A,249,23,322,3.45,0.71
0e6ea9ea-baad-bd30-1900-5364f40e6486,2023-04-21,TX-100,TX,Supplier B,308,20,388,3.94,0.75
d0182221-e44a-0cce-18b4-ae8bde679595,2022-07-05,TX-300,IL,Supplier E,284,21,363,4.71,0.95
1a5c6aed-42bd-0e35-1d12-df7e56f1d078,2023-05-30,TX-400,TX,Supplier D,355,39,468,4.14,0.38
90682b25-e95e-254d-565b-fd92d211a14c,2022-08-28,TX-200,NY,Supplier D,260,23,342,4.49,0.89
244c9d03-a0bc-b765-301a-38cd0b2552d9,2021-06-22,TX-500,TX,Supplier E,358,21,451,3.5,0.19
972dd3c7-663b-4bf0-e590-c733486742c3,2020-02-06,TX-400,NY,Supplier A,228,12,288,2.91,0.72
c88317be-fde2-f00b-6229-29bbf980c586,2022-08-28,TX-200,IL,Supplier B,326,22,414,4.49,0.89
db70981b-9c3c-93b5-a235-0520c04d64a4,2023-05-15,TX-100,FL,Supplier D,292,25,372,4.14,0.36
6d1d729b-e780-fc4f-1268-fc55883db6d5,2020-03-02,TX-500,FL,Supplier E,268,10,332,3.22,0.2
f5f0dde4-4be7-f30a-05b0-13a01f49a87e,2023-11-07,TX-400,NY,Supplier A,226,18,287,4.32,0.23
470f086b-1803-bccd-44af-d349cd84eaea,2021-09-29,TX-300,CA,Supplier D,291,21,371,3.71,0.96
930632ed-7ab2-f7cf-5928-76e2a75bd8d8,2021-03-31,TX-200,NY,Supplier E,237,14,299,3.96,0.8
17b3e7e6-a061-18e5-1581-d16828f3d1ad,2023-06-26,TX-200,TX,Supplier C,340,27,438,4.27,0.01
1981da4c-70b9-66f1-17b2-f11a99ac5289,2023-02-18,TX-100,CA,Supplier A,253,24,327,4.02,0.87
1ccc62c2-d9e4-166a-abd9-8e63b2e3a6a3,2023-11-23,TX-300,CA,Supplier C,272,13,344,4.32,0.11
0060dd06-4ab0-3ef9-f02b-b3415c78ed69,2020-12-09,TX-100,IL,Supplier C,183,10,227,3.4,0.69
d85ec833-dc72-e651-c918-944e24ac4c94,2021-11-06,TX-500,FL,Supplier A,253,25,328,3.9,0.04
5ea4b852-ab4f-e4eb-4bd9-547b3d58b74f,2022-07-01,TX-400,TX,Supplier B,358,28,454,4.71,0.13
87262dee-fdc1-f549-6005-4b3d2fbb0b36,2020-09-06,TX-100,IL,Supplier D,273,35,366,2.91,0.64
149111ab-608a-8ddb-e947-e6ab667470fb,2023-07-07,TX-500,CA,Supplier C,393,24,501,4.02,0.97
e39c7a36-08c5-c994-d741-264973bac533,2022-04-20,TX-400,TX,Supplier C,324,24,417,3.88,0.34
0328546a-5dea-81ce-ef21-a71f9254188b,2021-10-22,TX-500,NY,Supplier B,239,14,303,3.51,0.99
790c129d-5eaa-0185-5915-72fac25b958d,2023-10-16,TX-100,IL,Supplier D,259,24,337,4.1,0.21
60147d30-25b5-ec0f-41c9-dca52f945762,2023-04-12,TX-400,FL,Supplier D,318,31,406,3.94,0.21
6bf95278-6fe5-1b27-4a1a-621cd6f02b8d,2020-01-30,TX-400,NY,Supplier B,202,11,253,3.17,0.78
9492f0a7-2bfa-edfa-a750-ba866f4033e4,2020-08-11,TX-300,IL,Supplier A,319,25,410,2.82,0.59
dcaae665-d9f3-77bb-0ba6-586b779ca52f,2021-09-28,TX-400,TX,Supplier A,341,29,437,3.71,0.42
51fe3b51-46d4-acf7-98b2-b039e12119ff,2022-02-21,TX-500,NY,Supplier D,220,28,290,3.6,0.4
1c63c177-1d1e-13d1-a6e8-eacd2ddb747d,2023-08-05,TX-200,IL,Supplier D,309,20,386,4.06,0.62
4f2b28dc-2060-f76c-ef29-d04a2b18d38c,2023-08-19,TX-300,IL,Supplier A,299,17,375,4.06,0.65
523872a3-f37e-716f-4ecd-3581a665443b,2023-10-17,TX-500,TX,Supplier D,345,32,445,4.1,0.98
8a3de6f8-f431-2264-4e38-33946799da88,2022-05-20,TX-100,FL,Supplier B,277,29,369,3.99,0.1
4b8ca8aa-e78e-e350-4ae0-3679096bd4e6,2023-04-24,TX-300,CA,Supplier B,372,21,463,3.94,1.0
ccf71baf-6f6e-e213-b2f1-73dab0fac0b3,2020-03-01,TX-300,CA,Supplier E,272,14,341,3.22,0.46
24c92851-cbd7-95f9-ebcf-a8ba6bbf6b67,2022-06-12,TX-400,TX,Supplier B,419,23,523,4.1,0.41
c8ce9816-a132-cc44-84fa-f83cd5d43fa8,2021-08-08,TX-500,TX,Supplier C,428,21,528,3.77,0.11
d01fe4f2-c44e-57b8-5c20-66b27d216633,2020-11-21,TX-400,CA,Supplier A,251,14,317,3.1,0.15
39fbd4c2-f0fe-eb8c-c0fa-d2717d627912,2022-08-08,TX-300,NY,Supplier B,255,19,326,4.49,0.06
ed288670-6858-b24a-463f-f884158b1062,2021-04-04,TX-400,IL,Supplier D,251,25,327,3.68,0.12
db9af945-a18f-3ac1-543d-58fca7b935b1,2021-05-13,TX-300,NY,Supplier B,280,13,352,3.79,0.76
ab50aa13-6fba-f830-eaed-04be30b0f1c0,2023-10-27,TX-200,NY,Supplier E,256,10,319,4.1,0.57
01002995-dba2-200b-4663-5249a6e2607c,2022-07-23,TX-300,CA,Supplier E,418,19,515,4.71,0.15
917800a0-ed1d-28ea-04e7-ba1aa2eee19d,2020-11-13,TX-200,IL,Supplier D,192,19,247,3.1,0.67
af27f46f-de31-53af-925f-7cd219a8302f,2022-02-01,TX-300,TX,Supplier A,246,17,312,3.6,0.99
fe600f10-c14b-ebde-3d2a-c512d6fe3610,2023-03-08,TX-100,FL,Supplier C,224,22,295,3.74,0.56
d1f711ce-c6d0-54c8-c59e-f2f086536bbe,2022-03-01,TX-400,NY,Supplier A,248,13,305,3.78,0.01
047eca72-8c90-19e6-fc30-5e56df94a965,2020-07-12,TX-500,IL,Supplier C,317,30,419,2.82,0.53
a22da0a0-859b-1c21-1865-a5454b1d3e45,2023-12-28,TX-300,CA,Supplier B,261,26,338,4.33,0.46
629deed1-7afd-71b8-d5b3-0708f4d7e56a,2021-06-21,TX-400,IL,Supplier D,334,22,426,3.5,0.34
9b33397b-fa85-89a6-7075-879fc50984c5,2021-09-15,TX-400,TX,Supplier D,363,28,469,3.71,0.7
e59b2769-8120-cd70-dd34-ecaaffc76b94,2021-07-03,TX-300,NY,Supplier B,280,27,356,3.79,0.62
9225cef7-5bbb-ae61-dba8-80656efe5473,2021-09-17,TX-100,NY,Supplier E,271,16,339,3.71,0.39
b9c9eada-7bad-8616-b334-4b4f88424a5b,2023-11-04,TX-100,NY,Supplier E,179,12,229,4.32,0.95
b5aa9ddb-a87d-d3f5-391c-0a3e59c72317,2022-11-14,TX-200,CA,Supplier A,219,23,284,4.13,0.86
70ca59c7-7148-89a3-4284-2927358de397,2022-03-22,TX-400,CA,Supplier E,327,21,409,3.78,0.73
6f07eff6-7972-4076-4691-2688998bf030,2022-12-12,TX-100,FL,Supplier D,222,16,284,4.43,0.5
f6a9b0a0-235d-442a-903f-02bbed3f73d7,2023-05-14,TX-300,CA,Supplier B,303,22,386,4.14,0.59
5570f1f3-c7ff-2007-6a08-bf49b7b91d7b,2020-09-30,TX-300,NY,Supplier A,249,14,314,2.91,0.54
7e092752-d6c2-c8d6-d518-0cb8718abeb3,2021-10-11,TX-200,TX,Supplier B,237,17,300,3.51,0.3
7ce8ec11-3608-a6ee-6bad-545e93327a0f,2022-05-17,TX-100,CA,Supplier D,337,31,440,3.99,0.14
eabae35a-e330-a6c2-bbfc-d949b0e1a111,2020-08-22,TX-200,CA,Supplier A,339,23,424,2.82,0.57
9ba21a6e-e1ce-e29d-dc8b-6a8e7ce01299,2023-05-24,TX-400,TX,Supplier C,365,22,462,4.14,0.57
b474f496-fd27-ea99-e5c5-0f6a375fdf4a,2022-07-07,TX-300,FL,Supplier C,358,32,462,4.71,0.55
d09799a7-4f3e-22f3-212b-62eb4512daf2,2020-12-16,TX-300,CA,Supplier C,235,15,295,3.4,0.3
85b9007e-86de-92b3-32a0-e7e1716e6636,2022-11-23,TX-300,TX,Supplier D,255,22,329,4.13,0.39
b8c66080-c520-3126-2858-47490bb1e78a,2020-10-12,TX-100,TX,Supplier C,216,11,269,2.74,0.61
986b0475-7dc2-beda-7ee5-e68cce28cd15,2023-06-20,TX-500,CA,Supplier E,459,22,575,4.27,0.56
c4ce77ba-2063-6521-77b8-119273653cce,2021-04-24,TX-200,CA,Supplier B,292,26,375,3.68,0.31
efeedfc9-d67d-8415-47ee-5b59d506550f,2020-11-27,TX-200,FL,Supplier E,227,13,285,3.1,0.94
f1b7de51-a2fe-cc01-12e8-f88e9eb450df,2021-11-23,TX-200,TX,Supplier A,202,16,260,3.9,0.86
af634406-376c-bb78-081a-762807016513,2020-11-19,TX-100,NY,Supplier D,170,20,227,3.1,0.31
4f6e4faf-4ad0-39de-2d69-56ecd964a4fa,2021-07-16,TX-400,IL,Supplier E,371,28,476,3.79,0.97
c4d134ec-ad8a-f15e-4a0c-45247ed50458,2021-08-02,TX-200,TX,Supplier A,302,25,394,3.77,0.8
96d2f507-c96d-6278-489a-1d9ce1c1db48,2020-02-13,TX-200,NY,Supplier D,213,17,269,2.91,0.38
19da7a65-ff08-a3a1-0505-4b0451be2fd1,2021-06-18,TX-500,CA,Supplier E,479,24,599,3.5,0.92
90c501cd-ef45-050f-ace8-bebd7fb44b76,2020-06-19,TX-500,FL,Supplier D,335,19,422,2.68,0.3
dfc6d8af-42d6-c6c5-2f95-70221c4c6f95,2020-07-24,TX-400,CA,Supplier E,371,22,467,2.82,0.75
c94b7b11-6553-8f05-5e51-f5389182f511,2023-04-02,TX-500,CA,Supplier C,370,25,471,3.94,0.42
6720a71f-dec1-2da8-7bd2-6e6f0095b570,2021-08-04,TX-500,TX,Supplier E,398,25,511,3.77,0.82
5bb4ebe4-af04-920f-1537-b8735fee84dc,2022-09-06,TX-300,TX,Supplier E,329,22,414,4.26,0.4
c91c91e5-5a56-98db-0780-0be879b14703,2021-10-06,TX-200,NY,Supplier E,241,16,308,3.51,0.91
67355f1c-553f-f847-776f-dcb862cd8fec,2021-04-29,TX-100,FL,Supplier C,251,18,316,3.68,0.01
eee715ef-7bc8-6da2-cb5b-713956dd8e6d,2020-12-27,TX-200,TX,Supplier B,188,21,248,3.4,0.65
4ab9fbfd-e14b-a9eb-5332-31bd1adec336,2020-02-06,TX-200,IL,Supplier C,186,19,240,2.91,0.72
639413a2-a1ba-40e4-2b56-649625a5bb00,2022-02-15,TX-300,IL,Supplier A,204,21,267,3.6,0.6
e0166022-1cf0-93f4-04a8-992b36e702ab,2020-07-16,TX-200,CA,Supplier D,379,36,483,2.82,0.41
75c59858-a711-79ba-d07a-659aa1ab5628,2023-03-06,TX-500,IL,Supplier D,250,25,327,3.74,0.76
f9d371dc-2bc7-7049-4035-cc81db33aa6a,2022-08-09,TX-200,TX,Supplier C,373,32,479,4.49,0.46
69e3c86a-dd49-a659-a021-96c793db70ab,2022-01-13,TX-400,FL,Supplier D,207,17,264,3.7,0.08
2de2300b-c6b3-2c4f-53cb-5a75a2bb008b,2021-07-18,TX-400,CA,Supplier D,364,27,459,3.79,0.29
d144d0bc-418c-69c5-7d16-d531b3a9b2c2,2023-03-25,TX-300,FL,Supplier A,256,23,336,3.74,0.06
4f0fe8ed-9181-e6d1-8dfa-8125835c110c,2021-08-27,TX-300,NY,Supplier A,310,23,402,3.77,0.85
c2cad29c-08ab-d4ae-28f5-25886ffa092b,2022-04-09,TX-300,CA,Supplier D,332,29,422,3.88,0.58
e89298d0-2b48-f7b1-8784-e5887a620640,2020-05-21,TX-300,NY,Supplier D,321,24,403,2.99,0.24
576fec60-cd4b-5cfc-c7e8-7047f6e1b164,2022-01-09,TX-200,NY,Supplier D,205,19,267,3.7,0.6
8b5ec26b-a530-f4a5-b4a6-785a4256a179,2022-11-21,TX-500,FL,Supplier C,232,17,294,4.13,0.77
5359b642-95c4-02a5-1cdc-8d078956275e,2021-12-04,TX-300,FL,Supplier B,206,13,254,3.84,0.48
7de9e490-c237-2ac4-8221-52240c4ddee1,2022-05-20,TX-400,FL,Supplier A,395,30,496,3.99,0.1
c45df27c-c939-530e-65a4-932f301f123b,2022-04-03,TX-500,IL,Supplier B,334,28,428,3.88,0.38
6c298e28-88b7-6b38-8bc5-61c55c6dbc3a,2023-06-04,TX-100,CA,Supplier C,408,30,523,4.27,0.21
2d19c5dc-2447-54e2-ed9d-0e62e136413a,2022-09-18,TX-100,TX,Supplier E,257,18,327,4.26,0.67
11948d4e-e12a-32ea-19df-26451d7b044e,2023-05-15,TX-500,IL,Supplier D,330,29,419,4.14,0.36
77278866-7219-8390-fe3b-1741bda90a63,2023-03-10,TX-100,TX,Supplier B,276,16,348,3.74,0.27
4a74379f-c5ab-6367-6676-5bf45187a85c,2023-01-15,TX-200,IL,Supplier A,220,9,273,4.33,0.03
83f74016-04e2-e212-8647-8f31693b5eeb,2020-12-27,TX-100,TX,Supplier B,221,20,281,3.4,0.65
68639f1b-c0ec-b9fb-b8d3-c6153282b0e9,2023-03-16,TX-500,FL,Supplier E,278,12,347,3.74,0.0
5df4248d-e38b-1806-c42e-4c6f2b578d24,2020-03-29,TX-300,NY,Supplier E,254,11,315,3.22,0.78
4bf92d51-e6d8-a5e4-a592-629b37414951,2020-10-08,TX-400,NY,Supplier E,266,13,335,2.74,0.2
1bf7617a-3ae3-cd56-7eaa-42b5c8418304,2023-07-22,TX-400,CA,Supplier C,350,29,450,4.02,0.42
1b117bf9-05d2-2bfe-048a-7d00f69c3fb3,2021-05-31,TX-400,CA,Supplier A,393,19,483,3.79,0.76
5d96d20b-23dd-ee8d-f377-0a6d6bdf8253,2023-11-25,TX-100,FL,Supplier B,199,22,256,4.32,0.52
14094570-5509-def1-1f8d-9f6090a8c26e,2020-02-13,TX-400,NY,Supplier B,214,11,264,2.91,0.38
967eab00-a23d-e87e-f401-c530a18262ef,2021-11-09,TX-400,TX,Supplier B,216,13,278,3.9,0.46
5a5f44d9-1386-fc6b-e7d8-8f60480c3ec0,2021-08-31,TX-400,IL,Supplier B,264,21,334,3.77,0.59
1c4133a4-c29b-4c05-c9d8-f02e1df48849,2023-05-14,TX-400,IL,Supplier D,294,25,375,4.14,0.59
507e1e69-d296-0008-dafd-173fb347fba1,2021-04-18,TX-200,TX,Supplier A,309,24,402,3.68,0.6
048ede03-f103-79d3-46b4-84aa835b6720,2023-05-03,TX-200,NY,Supplier A,273,16,340,4.14,0.5
970d32fa-0421-cb25-c266-039ccb32090a,2020-07-09,TX-400,FL,Supplier E,308,18,386,2.82,0.83
a0095bad-5fe3-6cc6-4d8c-ba45be297c5e,2021-05-14,TX-100,CA,Supplier C,341,31,444,3.79,0.43
84e50358-a59a-63f4-5088-b9dfb9f05e2d,2021-12-10,TX-100,IL,Supplier B,197,21,260,3.84,0.46
2f0e9453-a715-26d4-7659-ca4ea642b2bd,2023-11-19,TX-500,NY,Supplier C,208,16,265,4.32,0.72
a35fc86c-a082-ce7e-6980-67637b1a1205,2020-01-31,TX-300,CA,Supplier E,195,7,239,3.17,0.66
360175f2-ab1f-7dba-0987-b5f8e63e686b,2022-12-14,TX-500,TX,Supplier E,248,16,310,4.43,0.65
69868095-937e-6a6c-aad0-9775ae207ab7,2021-10-05,TX-500,IL,Supplier B,296,22,376,3.51,0.33
4756d5d6-f48a-de78-def4-7a5ff74b8931,2021-08-23,TX-500,FL,Supplier B,321,21,402,3.77,0.4
33d1d541-250d-edd0-60ad-de301f62ee9a,2023-03-06,TX-100,NY,Supplier A,218,17,275,3.74,0.76
9ad70573-f6d6-3387-1641-21b59383e6fc,2022-01-02,TX-400,NY,Supplier C,203,16,258,3.7,0.45
c9906097-1cfc-cc52-39f0-81efd5d75e93,2022-09-09,TX-300,NY,Supplier E,287,14,356,4.26,0.51
7bf28c30-4fee-1c42-f8cd-2e5ba971d000,2022-01-14,TX-500,FL,Supplier B,217,19,281,3.7,0.03
bd41f355-6616-4d9b-83ee-065b756853f5,2020-09-24,TX-300,IL,Supplier B,279,23,357,2.91,0.69
c0730c98-292c-ea5c-4d6b-d2077c59d924,2023-06-15,TX-400,IL,Supplier D,386,41,508,4.27,0.92
daf13f0e-b377-1d27-a498-add5e6526e8c,2020-11-05,TX-500,TX,Supplier C,278,25,359,3.1,0.6
e88fae42-c87f-45ca-0eaa-aca673ceaf0a,2022-04-12,TX-500,NY,Supplier C,329,23,412,3.88,0.94
13d75423-8d32-1915-82ce-43e6497cc89b,2020-03-09,TX-300,CA,Supplier C,259,28,338,3.22,0.43
037ecbd5-fbf0-edeb-cd66-ca3409e22baf,2022-08-08,TX-300,FL,Supplier E,300,20,375,4.49,0.06
5b285ee8-58b2-7fab-ee8f-52faf4055778,2021-05-17,TX-500,IL,Supplier D,348,25,443,3.79,0.18
68b3ca35-a169-23f8-bb54-ccef1f5e0bae,2020-03-03,TX-300,IL,Supplier E,234,10,290,3.22,0.31
427c41b6-d656-ea4a-39cc-5fee28637a4c,2020-03-05,TX-500,IL,Supplier B,271,23,350,3.22,0.18
5e357fad-f148-6ff5-cc16-c6fb18786fc7,2021-02-01,TX-200,NY,Supplier E,206,23,272,3.82,0.61
66af28db-ba1a-71cd-0c09-e3dd6de76927,2021-08-28,TX-200,NY,Supplier D,279,23,356,3.77,0.35
8c6097cf-cf85-2073-f7e2-921df7b4f2ea,2022-01-27,TX-500,TX,Supplier E,283,21,364,3.7,0.17
1f1a7168-ec5b-364b-92e4-f3f70a7657e7,2021-09-19,TX-500,FL,Supplier E,330,16,411,3.71,0.5
2d786523-13e4-f54c-8fd6-df1b962d04ab,2022-04-07,TX-100,FL,Supplier B,259,19,330,3.88,0.32
35d8795a-a3ff-f8a6-3668-6c9c26f33bdc,2022-04-27,TX-500,CA,Supplier D,428,37,545,3.88,0.2
ff1b3261-900e-6686-102b-55a66c34953d,2020-09-16,TX-200,NY,Supplier C,242,21,310,2.91,0.14
66dade24-2a7f-e751-d729-c6189479c88e,2022-02-03,TX-100,IL,Supplier E,206,16,265,3.6,0.13
3a75aedb-0944-184d-9e59-43f038c82186,2022-01-06,TX-500,NY,Supplier D,195,17,252,3.7,0.81
645ef097-be79-568c-0c7a-63c43585d362,2023-03-24,TX-300,CA,Supplier A,333,28,428,3.74,0.94
b671b351-f883-fd0c-9319-668e4186cef9,2023-12-28,TX-400,FL,Supplier A,205,14,259,4.33,0.46
72bb25d7-dd03-06cd-febb-31c3c884228e,2021-07-28,TX-200,IL,Supplier E,280,12,347,3.79,0.98
f4c0e963-fd55-9081-5479-4299c7ba7811,2021-05-13,TX-200,CA,Supplier D,373,40,484,3.79,0.76
93653240-4fdb-6329-a235-2202a719b310,2020-10-31,TX-200,NY,Supplier E,207,14,262,2.74,0.47
b21df9db-0d89-21c9-d87f-2c92794c9334,2023-05-12,TX-100,IL,Supplier D,318,31,414,4.14,0.1
7587dfce-c92a-8c69-8b2e-cc133fed9e3a,2021-06-05,TX-500,NY,Supplier B,380,22,477,3.5,0.84
1bcd1eb6-7624-d172-336c-7d895d0e62b2,2022-10-15,TX-400,FL,Supplier C,275,20,354,3.97,0.02
fbc47e49-f5cd-2c70-27f7-429b52a03efc,2021-03-18,TX-200,CA,Supplier A,277,18,353,3.96,0.65
6c4ff8ff-6c0d-8802-5dc5-2eccdc752075,2020-08-06,TX-200,IL,Supplier E,263,15,330,2.82,0.12
2f62b659-e1a2-2b70-5e36-dff98d528c9f,2021-02-22,TX-300,IL,Supplier C,213,16,272,3.82,0.15
14c0bf78-c6f9-cd26-b52d-55a5d204f856,2020-03-21,TX-300,TX,Supplier B,262,24,334,3.22,0.17
55acf661-7e3f-45f6-f6f4-2821f063dd3b,2021-07-21,TX-500,CA,Supplier E,382,10,469,3.79,0.35
b2c49ac4-d4cb-c1ee-be61-13854d080f7a,2023-02-03,TX-300,IL,Supplier B,238,17,300,4.02,0.21
61bccca9-20ef-81e6-d440-a70a62361b4e,2023-06-27,TX-200,NY,Supplier A,337,22,435,4.27,0.79
7d6fdb82-f69d-d5c6-06f8-b89831883fcc,2023-08-02,TX-100,FL,Supplier C,302,21,384,4.06,0.16
cde71ca9-6ba4-46bc-d8a9-927a7581aace,2023-08-08,TX-300,CA,Supplier E,389,14,481,4.06,0.52
4e9fa93b-7b12-de13-07c1-0889c49c59c4,2022-01-28,TX-400,TX,Supplier D,238,17,307,3.7,0.51
c8ec27fd-7220-1923-0389-0106d59a504e,2023-11-27,TX-300,IL,Supplier C,217,23,282,4.32,0.44
f870881d-edbc-3494-6258-515da77eb6ab,2020-04-15,TX-400,IL,Supplier D,298,24,386,3.56,0.67
12bbe64e-b230-4a51-2432-6eefdc3f9887,2023-12-10,TX-100,IL,Supplier B,171,15,216,4.33,0.48
73eb3e1f-efbb-dfa8-66b4-f077d63ab56c,2022-12-12,TX-100,CA,Supplier E,249,7,307,4.43,0.5
dce1f0bc-fc35-ce73-08c4-18a39f558e92,2020-02-16,TX-300,NY,Supplier E,210,14,269,2.91,0.36
8ad044fa-d22f-5502-0c95-0769bbdedd23,2023-06-06,TX-400,FL,Supplier B,349,32,456,4.27,0.76
00dd06fa-fdc8-2f1a-a29e-78cf896c73bb,2021-03-02,TX-400,NY,Supplier D,201,22,260,3.96,0.43
5ce9d520-ef72-9d2e-e126-f003ff8e085f,2022-12-18,TX-300,IL,Supplier E,214,7,263,4.43,0.1
52b6d9ea-0408-7bfa-df97-bd29a4fd37c3,2023-04-24,TX-100,IL,Supplier C,250,22,324,3.94,1.0
39593334-0859-edf2-c45f-2262fca37798,2020-10-10,TX-100,FL,Supplier B,202,17,259,2.74,0.86
d97727d8-61ce-7ad8-6884-3a77c020c5a5,2021-04-08,TX-400,FL,Supplier E,273,12,338,3.68,0.28
64b476f2-37a2-41e7-e7da-1451b1fbbd9d,2022-04-10,TX-500,NY,Supplier E,297,19,380,3.88,0.41
27a51d04-f305-eb51-be09-532152c4b085,2023-12-19,TX-400,FL,Supplier A,224,17,284,4.33,0.35
87d3dd1b-961b-3f39-6880-394b14fdf8a9,2020-08-24,TX-300,FL,Supplier D,333,25,427,2.82,0.05
247f33df-7426-d336-28e5-9cd1bd5ac28d,2023-05-05,TX-500,TX,Supplier B,329,25,415,4.14,0.97
2d57ce3c-0a65-4ca7-29ff-58cc82b82e3b,2020-08-09,TX-500,NY,Supplier E,287,17,361,2.82,0.17
1a6e8280-8569-a17c-9fbd-a00b7dcbc562,2021-08-09,TX-200,CA,Supplier E,377,18,474,3.77,0.68
f8cdf05c-b31c-9f98-dacf-88608a7fb862,2020-03-24,TX-100,TX,Supplier B,231,23,298,3.22,0.35
c6bd02f4-e0f1-a955-f92e-27706eb39f37,2021-04-02,TX-100,IL,Supplier E,211,14,266,3.68,0.84
90a0de57-d501-0d5e-9ad6-6d1a46b7e4b9,2023-09-25,TX-100,FL,Supplier A,301,25,390,4.06,0.94
bdd533a3-831b-217c-636f-b3c0dad4587e,2023-07-03,TX-500,TX,Supplier A,438,42,566,4.02,0.16
43f1afdd-b2f5-7b7a-ea66-3f178762fa0d,2023-09-28,TX-300,CA,Supplier B,316,25,406,4.06,0.55
2c280227-98a4-1201-d71c-36d4b9824c5d,2023-05-28,TX-300,NY,Supplier B,267,26,345,4.14,0.32
6a7a0994-3ca8-7f05-dde2-f56586666092,2022-12-25,TX-300,TX,Supplier D,229,20,292,4.43,0.67
2cd04df7-4c39-628d-d35c-1f3bc5415d2c,2021-07-03,TX-100,TX,Supplier E,289,14,362,3.79,0.62
853471e9-691b-f068-7720-0f0763b5bd24,2023-03-03,TX-400,NY,Supplier D,216,22,283,3.74,0.49
1c47e5a8-4c93-9a75-f1b8-c42db00740d3,2022-03-20,TX-400,NY,Supplier A,221,19,283,3.78,0.52
d2f75144-de47-35bc-5453-743385e514c6,2023-06-24,TX-100,IL,Supplier D,329,24,414,4.27,0.5
594f5a30-e476-a781-64ac-2daf926c3baf,2023-03-16,TX-300,NY,Supplier B,263,26,339,3.74,0.0
22c30737-206a-64f0-0f20-61a5ede99cd5,2020-12-13,TX-300,NY,Supplier D,159,16,205,3.4,0.3
8c0d1e71-5d03-af64-e4bc-bcb312544879,2020-12-11,TX-300,CA,Supplier E,195,11,246,3.4,0.45
653770f0-a1d4-ca90-4207-08cb0789c183,2020-02-15,TX-400,NY,Supplier B,186,8,232,2.91,0.63
391c4ca4-b756-1b1c-6b6b-d22b2d49ca96,2021-03-09,TX-100,NY,Supplier A,199,15,253,3.96,0.32
8ecdd6ae-fb3d-9057-3734-79117f37bce5,2022-06-11,TX-300,FL,Supplier E,340,11,421,4.1,0.18
a6790607-b762-4d23-cfb9-a8d76822d81b,2021-08-23,TX-500,IL,Supplier C,381,32,494,3.77,0.4
156d59d8-8b67-c8cd-c62b-a66d9215c6c8,2023-10-31,TX-400,IL,Supplier C,219,11,269,4.1,0.2
83172d8c-8232-c074-16e6-f63217c5cc2a,2020-12-13,TX-400,TX,Supplier A,217,9,269,3.4,0.3
dbd958ce-f230-9f34-0870-dc8b126913fa,2021-11-05,TX-300,CA,Supplier D,215,12,270,3.9,0.1
baa1f64a-0602-0fd5-b6ca-44295a2910fd,2023-08-21,TX-200,CA,Supplier D,371,35,485,4.06,0.63
5ed7bb88-5dba-3f7b-585b-e9727ad03c66,2021-10-28,TX-400,NY,Supplier C,259,13,319,3.51,0.56
1263dc08-9ba9-0db6-a936-08372ba57892,2021-07-24,TX-400,IL,Supplier D,291,33,382,3.79,0.78
b74f879e-e116-2f2b-d607-c15fd1993d75,2021-04-27,TX-300,TX,Supplier E,294,24,380,3.68,0.39
a0274c9f-34fa-2bdd-6d68-e17e1cdf060b,2020-07-09,TX-500,FL,Supplier B,342,22,433,2.82,0.83
281c2f8c-f93d-9880-63d0-91c63c7cc3db,2021-02-06,TX-400,FL,Supplier B,254,16,325,3.82,0.71
379d8667-5f1e-783f-e2d2-b82ee91db656,2020-04-13,TX-200,FL,Supplier A,260,24,337,3.56,0.55
2348a4bf-e581-9857-537f-a88be3b21152,2021-05-23,TX-300,IL,Supplier C,284,16,357,3.79,0.59
87f21aa9-6d1b-5150-dddd-1f42bb62843e,2021-04-11,TX-300,IL,Supplier E,274,16,352,3.68,0.31
2bad8f4b-29a1-8119-24fb-fbbafafaa7fa,2020-08-20,TX-300,IL,Supplier B,322,23,407,2.82,0.24
e16d7a72-5019-fc06-2dbc-a013c809a8be,2020-12-05,TX-200,CA,Supplier D,251,20,320,3.4,0.85
01dc8e5d-291b-246b-e60e-cbc0bd4ec159,2022-08-13,TX-500,TX,Supplier E,394,41,520,4.49,0.39
2329b452-47a8-09aa-609d-b91643073733,2020-02-07,TX-200,IL,Supplier D,191,22,251,2.91,0.46
75fe10cd-8875-4ca7-3361-a96ed6bd6b71,2023-06-09,TX-300,TX,Supplier B,333,20,423,4.27,0.93
994e7202-ee3a-3f67-ba8a-1c16979972e6,2023-08-25,TX-400,IL,Supplier E,343,20,433,4.06,0.53
58ce5819-9b98-e1bd-a8d9-fdada4e45d90,2022-01-25,TX-200,IL,Supplier E,236,15,297,3.7,0.14
8fe4b86c-1477-83d4-f437-3f1934fbf57d,2022-05-18,TX-400,CA,Supplier B,433,32,550,3.99,0.3
989f1eb0-b9a6-736e-af66-d7c75ab84076,2022-07-02,TX-500,TX,Supplier A,392,23,493,4.71,0.13
3f5cab4d-42b1-c82c-8d05-acbdb7d969ed,2022-02-26,TX-100,TX,Supplier B,242,19,309,3.6,0.98
e74d51a9-af4d-a893-48d5-be9d31089e77,2022-03-15,TX-300,NY,Supplier C,236,22,308,3.78,0.21
da3f2f5e-953f-4bb7-c33e-f650b01d9b68,2020-08-11,TX-200,FL,Supplier B,275,25,354,2.82,0.59
eb8fc9f8-f02e-6133-ecef-4a00e84b35bc,2023-10-28,TX-100,TX,Supplier E,253,14,319,4.1,0.91
0781cadc-d824-278a-a631-4958d1ea3f89,2020-07-23,TX-300,FL,Supplier E,316,11,389,2.82,0.24
d42cbd75-7277-ef86-ca53-ba7e1255822b,2022-01-28,TX-300,IL,Supplier A,191,14,243,3.7,0.51
81d4b415-3664-2c2b-a772-6ed73ad20b05,2020-05-26,TX-400,TX,Supplier D,351,43,461,2.99,0.6
d326a4a5-503b-ecf4-1616-da9661ad5175,2023-10-12,TX-400,IL,Supplier B,272,11,342,4.1,0.93
0645b4f9-e3dd-66e5-576b-3e82970f80f9,2023-01-03,TX-200,IL,Supplier B,221,21,283,4.33,0.49
973d8e7a-4ffd-a0d1-4ece-412c2a7062dd,2020-11-12,TX-200,FL,Supplier D,209,21,272,3.1,0.77
377d44e6-f6d1-f1ec-dd0d-df10114f6412,2021-02-19,TX-100,TX,Supplier A,193,11,240,3.82,0.7
7c4453cd-32e0-d550-e8b3-e9aebb1acfd2,2022-10-07,TX-500,TX,Supplier A,336,15,422,3.97,0.95
0e310cff-c3db-312e-fcb7-d1cd6f925592,2020-09-29,TX-500,NY,Supplier A,271,18,346,2.91,0.33
cb0c8e9f-ba27-47e3-0607-e023584d582c,2020-05-21,TX-200,IL,Supplier D,262,24,341,2.99,0.24
6dd07573-da56-1814-7669-44acf28d9a10,2023-01-02,TX-500,CA,Supplier C,267,21,342,4.33,0.8
d1f8bf9c-71d6-7bb5-fbc9-c1011bf36f4f,2020-08-05,TX-500,CA,Supplier A,435,22,538,2.82,0.15
98d888b5-08cf-7be4-5c34-774ab27afbaf,2021-09-22,TX-400,IL,Supplier D,319,37,424,3.71,0.07
3e540509-9ed8-a39c-9155-0b1dfe7d9c39,2023-04-01,TX-300,CA,Supplier C,272,14,343,3.94,0.21
127320fa-b51f-79fe-b4c5-ad093f9ecdc4,2020-06-27,TX-300,CA,Supplier A,325,25,410,2.68,0.63
56e37e8c-e8c9-e4a4-21a4-8e86180573f0,2022-06-02,TX-200,TX,Supplier B,306,20,388,4.1,0.76
bc24a141-3e69-78a9-dd0f-d0657454203a,2020-10-15,TX-500,TX,Supplier E,330,19,415,2.74,0.08
5e35fdc6-3903-1873-f6e8-1014885b9ef1,2022-12-28,TX-100,TX,Supplier C,182,11,228,4.43,0.83
eab35bdc-77d2-c34b-35ea-2203937024e1,2023-04-12,TX-400,NY,Supplier B,319,24,405,3.94,0.21
9604407e-9cbc-b383-3a9f-96abce83b0f5,2021-04-07,TX-300,NY,Supplier C,277,20,352,3.68,0.06
3a709ba1-cca4-057e-e7a0-4e0e030e0ffd,2020-08-17,TX-100,TX,Supplier D,321,27,408,2.82,0.85
b1fc561f-d204-157a-dd59-3b015a907d51,2021-11-15,TX-500,IL,Supplier E,246,15,312,3.9,0.06
8bc32b03-8d54-1176-0cd2-0e8483169772,2022-04-27,TX-200,CA,Supplier A,377,19,470,3.88,0.2
07f79c80-9344-16c1-7c44-eeaaf00ec4c4,2023-02-13,TX-400,FL,Supplier E,244,23,314,4.02,0.65
146d9a4c-4f52-d32c-1ea1-84f807fee1b6,2022-12-06,TX-400,IL,Supplier A,215,20,281,4.43,0.66
f9fd7bd0-b707-d8d5-fed5-340a394645c8,2022-04-27,TX-300,NY,Supplier B,253,24,327,3.88,0.2
2bc94812-7a0d-40ce-c960-2c8c72e6d616,2022-08-29,TX-300,CA,Supplier C,383,23,485,4.49,0.75
72288dd6-ede5-b045-0d0b-49d4fcb03ef7,2020-05-28,TX-500,TX,Supplier B,349,35,455,2.99,0.2
deef9a66-9b0f-4b40-48ae-83014e4e30fa,2020-01-25,TX-500,NY,Supplier D,210,13,267,3.17,0.06
6ca3692b-326d-a1bb-2e3c-51ebb136c2e4,2020-05-06,TX-100,IL,Supplier B,258,19,323,2.99,0.44
140254bd-b3d4-2c64-2a3d-b2ed15347704,2020-02-23,TX-100,NY,Supplier C,194,15,249,2.91,0.97
9050514e-3836-cc85-49d1-4c83280ac4ff,2022-02-05,TX-100,NY,Supplier E,168,7,208,3.6,0.88
a05ce5f2-5755-1b54-44fa-d444a09b3f21,2023-05-04,TX-400,TX,Supplier A,379,30,482,4.14,0.49
f32dfa99-4d6d-2e0e-1986-5f15515aa5eb,2022-02-21,TX-200,FL,Supplier C,262,21,338,3.6,0.4
7b2ed21d-802a-adac-f4a2-d0cb826ad909,2023-03-22,TX-500,IL,Supplier E,289,15,360,3.74,0.47
c4807b73-e141-018c-cc4d-502b86a3ff8a,2021-04-03,TX-200,CA,Supplier D,313,26,400,3.68,0.49
2790f053-82be-6bd7-3ea0-93b293515c61,2020-06-17,TX-400,TX,Supplier E,392,24,491,2.68,0.93
64e742c5-7266-46ba-3b40-5b7a41bed658,2023-09-22,TX-200,CA,Supplier A,339,25,424,4.06,0.83
68bc659b-26d1-377d-43bd-5860fcf24970,2022-05-09,TX-200,CA,Supplier E,388,38,496,3.99,0.29
8990eeed-1f22-dfa4-6819-ef5fe4c4f037,2020-11-12,TX-200,NY,Supplier E,204,14,258,3.1,0.77
8db2a370-4f70-c8f3-633a-e2523f04becc,2023-01-12,TX-200,NY,Supplier C,201,14,252,4.33,0.0
10753c18-d777-f110-d788-be43dc0ff3fe,2022-09-08,TX-100,CA,Supplier D,349,30,444,4.26,0.72
62f51264-1e44-869f-4c07-4976ded4999c,2021-06-15,TX-100,CA,Supplier E,364,22,457,3.5,0.53
0af8b79b-7e68-2704-944d-9874579d0fc2,2023-01-17,TX-500,TX,Supplier B,227,11,280,4.33,0.82
751dd8b5-13f0-311a-0447-5cfa3344c533,2022-04-25,TX-400,CA,Supplier A,341,25,436,3.88,0.88
b4ddd76b-f6e8-53ab-d239-f6b8641e626d,2022-11-19,TX-400,IL,Supplier A,227,17,290,4.13,0.84
3b36417d-3057-40d1-600f-32d462c96426,2023-12-03,TX-300,NY,Supplier E,172,16,225,4.33,0.59
ffc2f0cd-0f89-3447-cc7d-7c724136e141,2020-01-23,TX-300,TX,Supplier B,194,13,245,3.17,0.85
9f9b9957-6066-61cd-4fe4-b9c504e83c9e,2022-01-01,TX-500,TX,Supplier E,213,18,278,3.7,0.92
0e5df481-3026-95c8-c8d5-f123e77dbe6b,2023-03-30,TX-500,TX,Supplier C,302,28,385,3.74,0.21
d4e4585e-aba5-28ea-da5a-ba2ce856d59d,2020-01-12,TX-300,NY,Supplier A,167,11,210,3.17,0.47
7e13e893-ab36-862b-8dd7-f420eaa4e1ed,2022-08-30,TX-100,CA,Supplier E,323,14,401,4.49,0.99
b86739ed-a45a-2c4c-f285-808e990b23ad,2022-01-06,TX-400,TX,Supplier E,246,20,317,3.7,0.81
2d309d12-168e-efda-ad9f-e29edc3cc9ea,2023-06-03,TX-300,CA,Supplier C,420,38,546,4.27,0.39
bd385572-12f5-8bd7-f7d0-49bc8404453a,2020-03-30,TX-200,CA,Supplier C,308,25,393,3.22,0.08
fbf999f6-2473-f9f8-55fa-ce585cae4dc6,2021-05-19,TX-400,IL,Supplier B,343,33,441,3.79,0.04
e284ab33-2ccf-0ca8-d28b-f925b9a2d93e,2020-02-03,TX-500,FL,Supplier E,256,13,316,2.91,0.17
bcbc409f-1475-6e6f-a7fb-92313c664d86,2023-04-20,TX-300,FL,Supplier D,311,28,404,3.94,0.85
d1e2dea4-62e4-b168-2ac8-079f125a7fdc,2023-05-09,TX-400,FL,Supplier A,344,12,419,4.14,0.13
ca8538a6-c4e1-fa06-6d44-d40b9c9485a9,2023-07-04,TX-500,TX,Supplier D,376,31,476,4.02,0.77
c4696ca3-06cb-381a-97e9-272eb8aa78f2,2021-03-15,TX-500,CA,Supplier A,336,24,431,3.96,0.57
e411e03f-d210-76c4-a282-389ff2a498ed,2020-01-04,TX-100,TX,Supplier B,221,18,280,3.17,0.66
5dc46ad6-782c-c468-3a31-7dda2987970a,2023-01-07,TX-100,CA,Supplier A,211,16,267,4.33,0.1
a82f76da-e534-dcc1-c150-abbcf70eed71,2020-08-12,TX-100,TX,Supplier E,329,16,408,2.82,0.68
e14ae3dc-c7fe-41d6-558f-6be001adf9b5,2021-09-18,TX-500,NY,Supplier E,282,11,347,3.71,0.92
43c3e34f-c9d7-19c2-7084-d6dcc71bab7e,2021-11-12,TX-100,IL,Supplier D,183,12,235,3.9,0.05
42da65e1-8447-4f0e-163a-b981d1b44d31,2022-12-16,TX-200,CA,Supplier E,207,13,265,4.43,1.0
f93745c4-2aa7-bb77-9594-49ef85192e93,2021-06-30,TX-500,IL,Supplier E,415,12,514,3.5,0.7
baea88ca-e01c-0488-762b-e6640b07971e,2022-06-22,TX-200,TX,Supplier E,411,28,518,4.1,0.16
2dc8c004-aedf-ab50-aecf-9b6b9d54f546,2023-09-26,TX-300,NY,Supplier A,276,23,352,4.06,0.13
76ac3efa-8675-9fd1-f690-7ab7f1110fdc,2020-08-09,TX-100,IL,Supplier E,325,20,411,2.82,0.17
65ea8dcd-96bd-f91c-11a7-05d9b148ecea,2020-03-20,TX-400,TX,Supplier A,321,22,405,3.22,0.59
203caf58-5d44-e840-d2ba-9adf9d861b01,2020-03-20,TX-200,FL,Supplier B,295,27,380,3.22,0.59
e9a8a017-4052-8740-751d-25153c595103,2022-08-24,TX-200,CA,Supplier D,401,35,513,4.49,0.68
12a07457-67b5-1d8e-fb73-c9d50234e089,2020-02-01,TX-200,NY,Supplier D,191,16,243,2.91,0.41
8cd9bfe0-652f-dd27-13f4-ef99d2fe8459,2020-11-24,TX-200,IL,Supplier E,234,12,295,3.1,0.38
98ae0e66-a0f6-78ac-8e02-ad3867bdcdd7,2020-07-09,TX-200,IL,Supplier E,283,22,359,2.82,0.83
e2e4e111-6aec-b9b1-d9ed-22e678714b3f,2021-07-31,TX-400,CA,Supplier B,389,32,495,3.79,0.08
cdf16e43-e316-97aa-63d9-42a4527e04d5,2023-11-04,TX-500,NY,Supplier C,269,25,349,4.32,0.95
8a28ac76-0114-cc3a-c2db-c96ec3e84781,2023-12-27,TX-300,NY,Supplier B,209,14,264,4.33,0.74
10d38103-ba3c-90f0-9404-bc5bebfc6efa,2023-02-27,TX-300,IL,Supplier C,228,13,288,4.02,0.71
3b6f2752-3e97-9dab-aba7-e981df322871,2021-11-17,TX-300,TX,Supplier E,216,19,281,3.9,0.21
e8ee54dd-1388-e6b0-8e5e-40c3171591c0,2020-09-23,TX-200,FL,Supplier B,247,21,318,2.91,0.38
f216d014-cc6c-2b65-9fae-12a31d423046,2021-04-21,TX-100,TX,Supplier D,330,34,431,3.68,0.96
f25b8b5b-e96a-2124-9c35-f135f57b2e31,2021-06-15,TX-300,NY,Supplier D,282,25,354,3.5,0.53
aad2080a-2d30-077f-3e40-bcba32875843,2023-06-25,TX-500,FL,Supplier C,408,29,511,4.27,0.47
2f08ef10-7c77-6986-3cbc-0c0a19a42451,2022-09-09,TX-500,IL,Supplier C,283,23,361,4.26,0.51
7e655aaa-27de-3388-bfaf-0069161f6672,2020-01-20,TX-300,CA,Supplier D,219,29,291,3.17,0.44
5fbce7fd-7f75-f372-42e0-9b6ebb822162,2022-03-26,TX-100,IL,Supplier D,232,18,295,3.78,0.9
71746959-9745-04b0-11ca-3062e583efc8,2022-04-01,TX-200,FL,Supplier B,321,19,404,3.88,0.02
ba756eb7-6ff3-3513-336c-4ac405836099,2021-06-29,TX-200,TX,Supplier A,394,12,484,3.5,0.28
fe88cbdf-0560-ca27-7112-ddfc022f6847,2023-05-22,TX-100,IL,Supplier A,335,25,424,4.14,0.33
8f8af100-6c83-59db-dfbb-df94adece2ad,2023-05-31,TX-500,IL,Supplier C,330,33,426,4.14,0.09
449d4634-7ea2-39e2-72c1-6f3393228847,2021-05-11,TX-200,NY,Supplier E,303,10,378,3.79,0.39
491fb2a7-17ee-9920-0b26-1e1e111eb567,2023-04-11,TX-500,NY,Supplier D,318,23,407,3.94,0.61
0ec93642-c539-c32f-4fea-f7d4551c02fe,2021-01-05,TX-100,NY,Supplier A,166,12,211,3.45,0.66
28810e36-b3f3-f625-9e75-ada46356bd12,2021-07-18,TX-500,TX,Supplier C,404,32,517,3.79,0.29
5695c91d-683d-b69c-79e9-7740b25c0e08,2020-11-22,TX-300,TX,Supplier D,217,18,279,3.1,0.94
880371fc-a2df-6f2c-b098-df46065eca41,2023-01-02,TX-100,CA,Supplier C,225,13,282,4.33,0.8
edcf6d2a-077e-bd7d-19f1-246be229b884,2020-02-16,TX-400,IL,Supplier E,217,20,287,2.91,0.36
1828b827-e5c4-5250-900d-557b4409dbc5,2022-01-18,TX-100,NY,Supplier D,153,16,201,3.7,0.73
eeee8a92-196a-ac68-fe2e-a9916ef0e1a5,2023-02-27,TX-300,CA,Supplier E,300,18,379,4.02,0.71
ff3f2101-799a-9ac1-f203-ea26c4a29c69,2022-06-19,TX-300,IL,Supplier A,326,14,408,4.1,0.53
675dbffc-e584-43be-9aec-f2fc29a40b12,2021-07-16,TX-400,FL,Supplier A,313,32,407,3.79,0.97
2828e6e1-e0eb-58ea-3879-845b23dc2956,2020-09-21,TX-400,CA,Supplier D,341,23,427,2.91,0.37
e03fba33-f988-119f-dc90-988f888a234a,2022-08-31,TX-200,NY,Supplier D,265,20,345,4.49,0.53
15d3e2d5-1a94-0a3a-73bc-69f69a4415d0,2021-11-12,TX-300,IL,Supplier A,234,20,297,3.9,0.05
4d443f03-0773-21f5-ce54-c5499a36045b,2023-05-18,TX-100,CA,Supplier B,322,27,420,4.14,0.63
210a5cab-ee9e-0359-4217-97ac9c2511d9,2020-04-09,TX-500,FL,Supplier E,326,27,421,3.56,0.02
4080ef54-c3b5-2305-1929-3e9bbac36d46,2021-02-08,TX-300,CA,Supplier E,224,15,283,3.82,0.09
3a4f72e7-f182-33f7-6acc-3ade4d1ea1d9,2021-06-01,TX-200,CA,Supplier E,376,10,456,3.5,0.06
38ebe111-d90f-3db8-eb9d-643283bc06ed,2021-05-12,TX-100,TX,Supplier A,342,17,426,3.79,0.08
03d32e6f-9bc4-1088-a4fe-6510da0d2b20,2020-11-25,TX-200,IL,Supplier C,175,13,223,3.1,0.73
27af58d9-f368-3f02-4f1f-4490dab8cfbc,2023-10-05,TX-500,NY,Supplier E,265,25,344,4.1,0.39
42de2865-407b-e08c-f452-4817fa206ba2,2022-08-26,TX-200,TX,Supplier D,362,44,470,4.49,0.04
8e76a26d-bf5d-c753-77a5-7d081a118c8b,2021-04-11,TX-200,CA,Supplier A,286,15,362,3.68,0.31
99a93411-496f-9002-01be-bf2b31a4741d,2020-03-28,TX-200,IL,Supplier C,259,26,333,3.22,0.48
603f7ca0-66e9-9099-1675-9b1559f94d71,2023-02-08,TX-400,FL,Supplier D,252,23,325,4.02,0.18
a87ebde0-851b-6308-80ff-074c5b060a38,2023-08-17,TX-100,NY,Supplier B,272,17,347,4.06,0.97
1dab9755-53e5-67e3-759f-05cf2d8f643c,2023-06-22,TX-400,NY,Supplier A,356,30,459,4.27,0.74
e8cf9094-ed73-794d-18e3-61aad90155ac,2022-05-16,TX-300,FL,Supplier D,363,28,457,3.99,0.07
c7209fe5-f51b-d5e5-d4f8-98b135c61061,2020-03-19,TX-200,IL,Supplier D,252,19,322,3.22,0.1
eee51d57-e0f7-6245-3d9a-a3fd1df64074,2022-07-30,TX-300,CA,Supplier E,365,22,456,4.71,0.75
51f0f987-f186-e408-77d6-f38610713fe3,2021-05-07,TX-500,CA,Supplier D,391,30,507,3.79,0.84
51b048db-036f-6539-b113-7a6407f28f95,2023-11-03,TX-300,TX,Supplier C,258,17,329,4.32,0.86
10326f6e-01b7-139b-3b99-4f42976370b8,2021-11-09,TX-300,NY,Supplier A,201,13,253,3.9,0.46
5dc64fa8-c208-e2b5-3f46-7b1f14871346,2020-02-21,TX-100,TX,Supplier D,214,16,269,2.91,0.7
06585020-acb3-15bd-254a-2fc90b61fb89,2023-06-11,TX-400,IL,Supplier B,304,23,384,4.27,0.67
1ae0cc8e-8ac6-3c8c-e4cd-6a752bff55ea,2022-11-12,TX-500,IL,Supplier C,218,13,278,4.13,0.22
bc905e57-0f81-7e4c-21e7-3bce5ef2e2fa,2020-03-21,TX-400,IL,Supplier E,269,14,335,3.22,0.17
725675fc-ea83-3b76-aa1a-da923fdaae0a,2021-02-26,TX-500,IL,Supplier C,240,14,303,3.82,0.12
241ac6b9-297b-ec96-67e4-5bd350bf4039,2020-10-20,TX-400,NY,Supplier E,215,16,278,2.74,0.59
743e088d-1dad-d6f4-dbc6-6ccc2b66bc1a,2023-06-23,TX-500,IL,Supplier B,335,27,428,4.27,0.85
11e5a345-febb-9e85-6ef3-a848fe8bd4d4,2023-03-22,TX-200,IL,Supplier A,254,18,324,3.74,0.47
975e0e92-4489-8011-bf1d-9e0a63ad965d,2021-01-07,TX-100,TX,Supplier B,180,16,236,3.45,0.01
1c32d9f9-d705-2ecb-1d8e-d52c34fe87be,2022-01-19,TX-400,TX,Supplier C,268,27,347,3.7,0.71
1a868567-b3a2-567e-97c8-a5be69d4760c,2023-06-04,TX-300,IL,Supplier A,365,24,464,4.27,0.21
7077626e-e621-07f7-6a80-1085bc9fed1b,2022-08-08,TX-500,TX,Supplier D,426,33,539,4.49,0.06
d6aafe1f-745c-1bf0-6c9f-5df44cec3c57,2023-02-09,TX-200,TX,Supplier A,254,13,317,4.02,0.82
73370c53-1b0c-0efd-8f9b-7ee8af8ac7bb,2020-02-19,TX-200,TX,Supplier E,207,9,253,2.91,0.96
124af063-36cf-b72a-2418-52964e416091,2023-10-26,TX-300,CA,Supplier C,243,24,315,4.1,0.2
b1318af9-3750-3ed4-d428-aa0a6ee83bea,2020-12-02,TX-500,TX,Supplier A,259,19,326,3.4,0.72
1938c2ec-06f5-4128-9b55-09c6fd98c83b,2023-01-23,TX-400,TX,Supplier D,243,26,316,4.33,0.82
dd8844e7-38b2-b887-5420-8ebe4900a1e5,2021-08-21,TX-200,CA,Supplier C,343,33,446,3.77,0.68
00065488-66e6-a687-74ea-0fee0e73872f,2020-12-13,TX-200,IL,Supplier B,187,10,237,3.4,0.3
62fb4e18-55fa-f369-91e4-b78c0eb4ddf7,2022-10-26,TX-200,NY,Supplier A,209,15,262,3.97,0.33
fba833e3-85fb-e068-7ef7-4079d242ae79,2020-11-15,TX-300,FL,Supplier A,197,8,243,3.1,0.9
02e55ff2-796e-1b5a-b307-fd8d1c849628,2020-02-19,TX-400,IL,Supplier A,257,12,321,2.91,0.96
fae3c7e3-af78-2769-667f-6913edfcb406,2023-12-19,TX-100,IL,Supplier D,183,21,242,4.33,0.35
6534b799-710d-988b-34bf-ee255ce2b97e,2021-01-04,TX-300,FL,Supplier D,196,16,251,3.45,0.91
0677eeec-282c-a76b-194d-e6c8b9847eb5,2023-03-17,TX-300,FL,Supplier E,275,11,340,3.74,0.21
afa49789-7e9f-64a2-ac80-efd3ca466513,2023-10-06,TX-100,CA,Supplier D,269,23,346,4.1,0.36
b3501d09-87a5-668d-b4ae-47094ca968b9,2023-04-02,TX-300,FL,Supplier D,310,23,396,3.94,0.42
194c20ea-1dbd-1d42-43ae-73d57b2a13bd,2021-11-23,TX-100,TX,Supplier D,212,17,271,3.9,0.86
78b57916-30c8-b4e1-151b-b524e7143f62,2020-12-08,TX-200,CA,Supplier E,236,21,307,3.4,0.59
b4a9f3e4-9dbf-1670-1f76-70c3659b5a43,2022-10-30,TX-400,FL,Supplier B,217,18,282,3.97,0.84
775b53a1-2e8c-aa49-295d-5e6fb3ce9af2,2022-08-07,TX-300,FL,Supplier D,304,15,378,4.49,0.28
dfe1f7c3-6ea9-0fa0-986d-019d46fd2726,2022-11-12,TX-400,FL,Supplier A,242,14,300,4.13,0.22
fcd6bc4d-26c5-0df8-c377-35ccdbd0f636,2020-10-12,TX-300,CA,Supplier A,240,8,295,2.74,0.61
7f394923-5504-ad11-bdeb-ed596f42c8e4,2023-08-29,TX-500,TX,Supplier B,361,30,463,4.06,0.71
fcdf4008-f94f-5f6d-fb48-c3282eb6dfc2,2020-07-30,TX-300,CA,Supplier D,297,22,380,2.82,0.82
0856534a-f41e-0ca8-b9ec-5056eba155cc,2022-05-13,TX-300,FL,Supplier D,332,25,425,3.99,0.98
5bd4dc26-c3aa-383e-fee7-010fcf856084,2023-10-31,TX-200,TX,Supplier A,263,24,338,4.1,0.2
cf41866e-9cd0-167c-9542-a2b3bb6c347a,2022-03-19,TX-400,CA,Supplier D,333,30,426,3.78,0.38
1e7f4666-aecb-a503-e37b-c05df947fc5d,2022-11-15,TX-200,FL,Supplier D,262,17,334,4.13,0.17
001730a6-ec96-8366-4148-ec09da6b5078,2020-03-30,TX-500,IL,Supplier B,319,23,399,3.22,0.08
6bf0742c-6d5e-2cc0-cc07-596b3689ffd9,2022-07-09,TX-400,NY,Supplier C,357,25,457,4.71,0.25
1f845df7-b696-88b2-b3c3-6ec4453d8d2c,2021-06-03,TX-100,IL,Supplier B,299,21,382,3.5,0.54
1beb1159-f9d4-e436-d5b3-b624e7aaded3,2022-02-18,TX-100,IL,Supplier C,198,21,257,3.6,0.25
5308602a-fae3-f302-6128-62230525d59e,2020-10-26,TX-400,IL,Supplier A,243,24,316,2.74,0.1
967e4380-0dea-ca4f-6efa-0b88185be7c1,2023-12-07,TX-500,NY,Supplier E,221,10,269,4.33,0.98
a913d157-1e1b-58e2-96dc-1e0830095c7e,2021-09-30,TX-200,CA,Supplier C,335,33,438,3.71,0.75
e81181d7-a741-cf83-6338-0e45684cd63d,2023-12-13,TX-100,FL,Supplier E,222,15,281,4.33,0.65
626a4ad8-1f74-4997-1108-051ffa769ef6,2021-12-23,TX-100,TX,Supplier C,225,16,286,3.84,0.59
6980d160-8c9d-b435-c978-97b0fdc2548b,2020-02-15,TX-100,CA,Supplier C,241,16,307,2.91,0.63
829c92f3-0bad-2c60-3b81-a12ba3b4d269,2023-05-26,TX-500,TX,Supplier E,450,17,551,4.14,0.66
62d2820e-69d5-7628-2e4f-20a3b79cb5d0,2020-07-07,TX-400,NY,Supplier A,351,33,445,2.82,0.02
099d8e5a-724a-2045-79da-ab0d284a5f6b,2020-06-03,TX-500,CA,Supplier A,376,20,470,2.68,0.01
4dce56ec-21b9-4919-37a7-094e1095d143,2023-08-10,TX-400,CA,Supplier A,415,31,536,4.06,0.14
9ea6f61f-db11-fdf2-b803-47893d0c8fe2,2023-06-16,TX-100,FL,Supplier A,369,24,457,4.27,0.58
03e15e5a-3ac0-679f-3f0a-efd2bdad9c8c,2023-10-19,TX-400,TX,Supplier A,299,22,383,4.1,0.52
7d6e3735-e17d-7240-48e1-507011f85511,2023-03-08,TX-100,CA,Supplier D,280,20,360,3.74,0.56
243fd30d-3be7-58ba-1794-d3422b3c58ec,2021-08-13,TX-400,CA,Supplier D,391,40,510,3.77,0.74
7c8dd387-7b1f-0a1e-db80-6c875a278f5f,2020-02-18,TX-500,NY,Supplier E,258,17,328,2.91,0.12
2c590ea1-b9f8-433b-52aa-d49b9598c644,2023-05-27,TX-100,FL,Supplier E,353,12,430,4.14,0.55
ea96178d-0222-5c1d-4b35-b05b012d6a0e,2022-03-18,TX-100,IL,Supplier A,207,20,267,3.78,0.88
9ea53228-f302-3399-4518-c3f4d227984e,2020-06-20,TX-100,TX,Supplier D,334,25,423,2.68,0.49
95db735c-ada1-2656-8cce-7742314f7d58,2022-10-31,TX-400,IL,Supplier C,248,25,320,3.97,0.98
1fa52ccd-89b2-a1ec-e663-f1d9a7f30434,2022-09-10,TX-200,CA,Supplier A,360,37,474,4.26,0.91
75c1bbde-a37c-e4e4-45a2-be90cae90dba,2020-07-28,TX-200,FL,Supplier E,356,24,448,2.82,0.59
43fe0ec0-53ec-1b55-8411-1cf727e7eecc,2020-09-28,TX-200,FL,Supplier A,269,22,349,2.91,0.48
9e2cec90-014b-3c29-9536-ac5935b9104a,2021-06-01,TX-200,NY,Supplier B,329,21,413,3.5,0.06
1f47ebd9-c37f-f9b0-12ee-1e9d9cba80db,2021-03-11,TX-100,CA,Supplier C,229,16,288,3.96,0.42
75f6d433-c400-670b-cc35-2d79875fc8c2,2023-10-05,TX-200,TX,Supplier D,328,22,426,4.1,0.39
a9414d43-baea-6bcf-18f2-a491780902ae,2022-12-21,TX-100,FL,Supplier E,201,11,249,4.43,0.32
40bd5912-e97e-baa5-533f-e7b6a63bc7c1,2022-05-12,TX-200,FL,Supplier D,295,37,388,3.99,0.9
77ec33eb-65c3-97e2-76c2-72177b6c8f32,2022-05-23,TX-500,NY,Supplier C,295,22,376,3.99,0.54
52184056-bec5-fdf4-b627-cf592211f1ea,2022-04-10,TX-300,TX,Supplier E,309,25,391,3.88,0.41
bb7e3b8b-47a9-e13f-8247-c9cf5486abc4,2022-11-23,TX-500,CA,Supplier E,248,21,321,4.13,0.39
c05b008a-e18c-bacf-4535-93f4cf527192,2023-01-29,TX-500,CA,Supplier A,314,30,402,4.33,0.5
6607ff65-cb8a-c247-472a-ce2c84c26741,2022-10-11,TX-100,CA,Supplier B,239,19,301,3.97,0.32
5693be29-ed9f-b82f-9e1f-36f390ecf4b2,2021-08-02,TX-100,TX,Supplier E,371,14,451,3.77,0.8
1e566c6d-35ed-0fee-b741-da3d34a905f5,2021-09-09,TX-300,NY,Supplier C,259,19,325,3.71,1.0
51948a59-18aa-a656-a4ac-3e3b94accaa7,2023-11-27,TX-200,IL,Supplier E,186,8,231,4.32,0.44
cfcaeace-eee9-4295-cd2a-569d484d37fd,2023-08-31,TX-300,FL,Supplier E,327,19,419,4.06,0.9
10a305ae-10e0-64ca-c3af-4b52493ee948,2021-06-01,TX-200,TX,Supplier D,394,37,508,3.5,0.06
ba3a13a8-504c-d335-9903-3a46df841ff1,2020-03-14,TX-300,CA,Supplier A,284,22,357,3.22,0.42
36cf5eab-9666-0feb-5784-addb2dd3a65c,2022-11-13,TX-200,IL,Supplier B,199,13,253,4.13,0.82
424c3a7f-39ed-3179-1dfe-6d78b3af07b0,2023-04-09,TX-100,FL,Supplier C,236,15,300,3.94,0.36
8fc9524f-0c06-db15-99b9-c0f1be528d43,2022-08-06,TX-400,CA,Supplier A,404,26,519,4.49,0.99
6d6b03f5-bad5-f525-782e-96b7e1c43dd2,2022-04-29,TX-200,NY,Supplier E,255,11,318,3.88,0.52
25881a6d-0162-abf1-57ae-9a8c16174960,2021-02-09,TX-100,FL,Supplier D,231,20,297,3.82,0.18
5922b6ca-c2f4-2a61-30ec-a252daa5aa28,2022-12-02,TX-400,FL,Supplier C,241,11,303,4.43,0.14
25250324-d49c-957a-8b16-8686e9909420,2021-01-09,TX-400,TX,Supplier C,233,18,299,3.45,0.61
5a0e1f8e-2a1e-3673-0b6d-5983db967d45,2022-12-24,TX-100,NY,Supplier C,186,22,244,4.43,0.05
b0599884-ed4c-b4aa-1f90-5444b06bf4bc,2021-10-02,TX-200,NY,Supplier C,256,20,330,3.51,0.28
eeee4fbf-9072-0616-152f-efbf9fe23c5c,2022-08-20,TX-200,CA,Supplier E,383,9,469,4.49,0.47
22d237fd-54ea-74db-8107-db2e7d9619f6,2020-10-27,TX-100,CA,Supplier B,217,28,284,2.74,0.62
97b61a86-2e13-83c4-a397-c9abf99ba6f7,2021-04-23,TX-300,TX,Supplier D,308,29,402,3.68,0.77
cc2cdc2b-50c5-1791-3fc4-f1f3db80ee5c,2023-11-08,TX-200,FL,Supplier A,264,16,334,4.32,0.44
ebef446a-7a2a-c095-d571-20e64effe053,2021-04-02,TX-300,CA,Supplier A,330,15,414,3.68,0.84
4898dce9-8f02-1c04-ef23-117cf316663d,2020-05-02,TX-400,CA,Supplier B,316,19,394,2.99,0.26
123c1761-cfd4-a9e9-ca91-ac33ae58ef43,2021-04-24,TX-500,TX,Supplier C,331,27,424,3.68,0.31
8c19ca1d-d12a-cc41-fc98-053a71190c98,2021-05-02,TX-500,TX,Supplier A,323,13,401,3.79,0.16
58c85267-1929-83da-b2c2-936914ee9e2b,2021-08-28,TX-300,TX,Supplier B,313,20,398,3.77,0.35
75d5a7fc-a828-db53-02c5-30b6d0efab57,2022-07-18,TX-200,TX,Supplier D,356,23,457,4.71,0.19
9fb77d8a-cb09-99ae-90f5-08631208bbf0,2021-04-11,TX-400,IL,Supplier D,280,20,357,3.68,0.31
80e99cd0-5be3-be5c-ad41-1bc19fe9f2fa,2020-09-13,TX-300,FL,Supplier E,296,21,374,2.91,0.39
acb3c63b-c8f5-ad65-b79f-b4caa9a018b0,2023-08-30,TX-200,TX,Supplier A,332,23,412,4.06,0.3
815b8a11-9498-ade0-e991-441f4dd973a2,2020-03-05,TX-400,CA,Supplier A,286,29,376,3.22,0.18
840cafd2-1a4b-7e00-4bfb-f54a6903e2ce,2020-12-02,TX-200,IL,Supplier D,209,27,277,3.4,0.72
26554fab-34d9-6983-89b2-c973f9649b0f,2020-01-07,TX-500,IL,Supplier B,205,17,263,3.17,0.46
be8c3aac-13f6-64aa-ccd7-600bb081355f,2022-04-03,TX-400,TX,Supplier A,334,27,425,3.88,0.38
362c07be-5883-c29a-88b2-78848edd7815,2021-11-26,TX-500,NY,Supplier A,192,18,248,3.9,0.49
2fb6f83b-964f-ea87-0e0f-1bf9acaa7b32,2021-06-07,TX-200,IL,Supplier A,298,23,385,3.5,0.77
24e61514-6b3f-d3a6-427b-95b49de27568,2020-06-22,TX-200,FL,Supplier D,370,29,476,2.68,0.96
0fbffa28-632d-89cc-0df3-2b878eb0e863,2023-03-26,TX-500,FL,Supplier B,339,23,431,3.74,0.22
8e0d83f4-f2b8-150c-11af-ab505889b95d,2022-09-30,TX-400,TX,Supplier A,325,19,408,4.26,0.14
5b93bbd0-d6ef-97b6-f1d5-d14b00499ac6,2021-05-28,TX-300,NY,Supplier B,296,18,373,3.79,0.64
feb97ad6-0da6-05e0-b83a-a4f6f203baa5,2021-02-28,TX-100,IL,Supplier B,202,12,255,3.82,0.28
02871f69-f8d4-efc6-ddfa-f0e0625e263b,2023-06-13,TX-200,TX,Supplier E,339,16,424,4.27,0.95
49e38b51-d30c-3739-06ca-74bb6c09bbd5,2023-02-26,TX-200,TX,Supplier B,296,23,373,4.02,0.83
9880a7cb-369a-709a-178f-ab328faf6a3b,2020-12-23,TX-400,CA,Supplier D,218,19,280,3.4,0.84
dcd0c16f-078d-eea3-06a5-f205e52c36e7,2023-08-14,TX-400,TX,Supplier C,374,30,483,4.06,0.95
8ecb9b6d-8bfb-f439-0c38-4bdffd1df600,2020-10-17,TX-200,CA,Supplier D,280,18,351,2.74,0.14
081e9ee1-41d1-e925-e9fd-24dcac1e3de9,2023-12-11,TX-200,CA,Supplier C,276,13,338,4.33,0.06
c90d9233-48da-3e77-cb2b-91075ae79826,2021-01-16,TX-400,IL,Supplier E,205,11,256,3.45,0.77
7afcd047-7535-0f78-eec6-bcf3fdde1744,2020-02-08,TX-400,FL,Supplier E,206,14,262,2.91,0.16
7492b660-2d5f-0d3a-4190-b8217662d77b,2020-06-06,TX-500,TX,Supplier C,389,29,488,2.68,0.68
03b559f3-0301-1fca-c96d-2abf1a093a4c,2023-11-29,TX-200,TX,Supplier D,250,19,321,4.32,0.49
87bcdc57-81ee-5a72-fbde-240a0d581877,2021-05-14,TX-400,TX,Supplier D,337,34,440,3.79,0.43
7fc72f14-33f8-e1db-b488-481a0ab7d76b,2023-03-16,TX-100,FL,Supplier B,278,25,356,3.74,0.0
f4901dd1-e6d3-ae87-e286-034faaed6a18,2022-06-24,TX-100,NY,Supplier A,259,17,326,4.1,0.89
521da962-a391-e17e-d945-b9902667f8c9,2020-04-10,TX-100,NY,Supplier D,232,18,295,3.56,0.83
61c955be-b773-4b62-6386-fca7010044c8,2023-10-04,TX-300,IL,Supplier B,283,22,361,4.1,0.46
051377b6-bf64-522a-f95c-1158978497b6,2020-05-13,TX-400,CA,Supplier A,310,24,393,2.99,0.32
8bd9defd-d711-7ae3-1a6c-388d3d13dce4,2020-08-13,TX-400,FL,Supplier A,324,19,408,2.82,0.39
ea71b4a3-e484-9557-8eac-ee4d3011641e,2021-08-23,TX-400,NY,Supplier B,274,20,352,3.77,0.4
6b625f4b-618c-2a07-1c56-14935a9ba58b,2022-01-22,TX-400,NY,Supplier E,198,16,258,3.7,0.89
2fc82e4f-36e1-8425-e429-3058d2306973,2022-03-29,TX-400,CA,Supplier B,274,17,348,3.78,0.1
369ca934-6061-8a48-9659-fe477741de46,2023-06-24,TX-300,TX,Supplier D,325,31,425,4.27,0.5
77aa5f4c-7d61-1337-b580-44b587308c15,2022-06-03,TX-400,CA,Supplier C,392,27,492,4.1,0.77
b2288093-16c7-afe6-b313-722b42861e2b,2023-07-31,TX-200,NY,Supplier B,292,23,373,4.02,0.46
d1e3e2cb-9c3e-b254-1179-71872f3efadf,2022-07-01,TX-400,FL,Supplier C,385,28,491,4.71,0.13
e73101f1-9430-716d-d401-39fb3d7e59fd,2023-01-09,TX-400,IL,Supplier B,212,21,280,4.33,0.53
8f907551-19d5-f154-2337-73f16d596464,2023-04-14,TX-200,NY,Supplier A,277,16,347,3.94,0.93
860aeac8-1f76-3cef-2ae5-c376c37dfcd6,2022-02-14,TX-100,FL,Supplier A,197,7,243,3.6,0.02
4abd142b-4fd9-6249-e3c2-9b34a06e89b7,2022-09-14,TX-100,IL,Supplier E,240,16,300,4.26,0.41
23b3ecc3-0567-6d82-4d1e-882b91a32186,2022-06-04,TX-200,NY,Supplier C,308,17,385,4.1,0.21
fcf8194f-6943-8a6a-2c80-946fe59a3efd,2022-11-10,TX-300,TX,Supplier B,270,9,330,4.13,0.59
c79e8e32-6ab0-e7e4-26e3-96cd8da6bbd1,2020-12-04,TX-100,NY,Supplier A,161,14,207,3.4,0.12
429199b1-da2b-3123-dba7-262aefa34220,2022-01-05,TX-100,FL,Supplier C,202,15,253,3.7,0.36
7dc41490-efbe-c248-6cd1-1ebea66c2019,2023-11-13,TX-500,FL,Supplier C,267,34,357,4.32,0.18
34ed755e-6583-5d77-4273-e6b3776f66b8,2020-01-02,TX-500,NY,Supplier E,205,13,257,3.17,0.01
8b5a6429-21d5-d40e-0bb8-9a79eb80d796,2023-08-27,TX-300,TX,Supplier B,302,24,392,4.06,0.96
e4c34a9c-8d7d-aba4-8617-9376537c9945,2023-12-25,TX-200,NY,Supplier A,169,7,206,4.33,0.81
21b9047c-b292-3f85-0944-0653f43617e3,2023-03-05,TX-200,CA,Supplier A,256,16,323,3.74,0.42
91381896-5e4e-2048-710c-a6b6ebeabd0a,2020-04-14,TX-300,FL,Supplier D,256,21,324,3.56,0.11
3d4c101a-1b23-67aa-2033-1fe054cc625c,2020-07-18,TX-300,TX,Supplier E,352,9,436,2.82,0.43
4110cef0-ceda-57d8-f56a-a187b5ce527b,2022-03-10,TX-500,FL,Supplier B,248,17,313,3.78,0.96
8a29345a-36a7-7fd4-bd27-3a1c86d73c49,2022-05-23,TX-300,IL,Supplier C,262,8,324,3.99,0.54
5d6c7cf5-68f6-8528-ed9f-e4bb4dae9051,2020-08-05,TX-300,FL,Supplier A,353,20,446,2.82,0.15
f8494562-a0a6-eadb-afb7-4571b08053f4,2022-10-12,TX-300,CA,Supplier B,249,13,318,3.97,0.98
c1311276-d721-b5a5-e0a7-8322cbe139ec,2020-08-12,TX-500,TX,Supplier E,354,22,453,2.82,0.68
fb39622c-618f-6a27-39d9-b926e05437e4,2023-04-09,TX-100,CA,Supplier A,331,17,411,3.94,0.36
dcae8c2b-a3aa-5fda-6c6a-2c4e3e1c9240,2022-09-01,TX-100,TX,Supplier C,339,19,432,4.26,0.66
d9ec8906-6eb1-e3bb-747a-9917d5a20755,2021-02-02,TX-400,IL,Supplier C,208,11,260,3.82,0.05
d201551d-bf15-2b8d-b6bd-af1c7c2113de,2021-10-30,TX-200,NY,Supplier D,236,25,310,3.51,0.65
e3875448-2d8d-1e26-0ace-6354c1ad0e44,2020-11-12,TX-200,CA,Supplier A,265,13,335,3.1,0.77
5ac36f74-9461-0790-70d2-3cf53dc586ea,2021-11-28,TX-500,NY,Supplier C,189,13,240,3.9,0.43
d04aa7ab-ad51-fff7-b82b-d7bce96856e2,2022-04-11,TX-300,IL,Supplier B,257,15,323,3.88,0.6
6b38b3df-16ea-8eac-69b0-5cc92b08a758,2022-09-04,TX-300,IL,Supplier D,246,30,324,4.26,0.37
587f2217-36ab-606b-b86d-ad1c0390d685,2021-01-14,TX-400,FL,Supplier A,185,5,226,3.45,0.8
9a45561e-5bdf-0e44-6fc6-677f647cbec2,2020-04-01,TX-200,IL,Supplier A,259,11,314,3.56,0.49
ab86ffc9-5b4b-8b04-b576-242192c943fb,2022-06-04,TX-500,FL,Supplier A,360,25,459,4.1,0.21
4cb7d327-9e53-9e80-9f24-a741bbe4bc09,2022-05-15,TX-500,NY,Supplier A,350,17,437,3.99,0.95
d4c838a2-4cd4-b2de-3982-55b828b86e39,2022-06-30,TX-100,CA,Supplier B,328,23,420,4.1,0.43
d38c66e8-94c6-9bec-55fb-7beddfcb5d2a,2020-04-23,TX-400,CA,Supplier D,322,34,416,3.56,0.04
4449a084-3430-5d6f-6ce1-6f8a4d866839,2023-06-08,TX-300,FL,Supplier B,336,35,444,4.27,0.83
9e5dbe44-c59d-92f8-26fd-bea9ef146a6a,2021-01-09,TX-400,NY,Supplier A,209,13,266,3.45,0.61
4113ee2b-c392-bcb6-18c5-1bad358da3a7,2021-12-29,TX-100,IL,Supplier E,171,15,220,3.84,0.77
9b9b3844-b8b6-d8e5-c18f-929937df6100,2022-08-07,TX-500,CA,Supplier E,408,24,512,4.49,0.28
a0ba7ca7-ba6d-0b50-3279-df7603b7e257,2020-04-29,TX-200,CA,Supplier C,296,37,397,3.56,0.95
d1691edf-1588-9c01-730d-5c689a3aa7c4,2023-09-19,TX-300,CA,Supplier A,308,27,401,4.06,0.09
54826cff-1038-6658-61d8-5037533e247b,2021-07-20,TX-500,NY,Supplier B,377,24,481,3.79,0.75
6f7a7316-7c59-2938-b1b6-c09b4328494a,2022-10-14,TX-300,NY,Supplier B,257,21,331,3.97,0.69
69864b26-bbd7-da9f-1b3d-868d837df9aa,2023-07-12,TX-500,FL,Supplier C,358,19,457,4.02,0.88
5e21a0a5-8c06-bbb8-7e29-ade6aa536e6f,2020-07-20,TX-500,FL,Supplier D,349,28,445,2.82,0.87
dd5f0014-9bcb-4c2a-a08c-b98df88148e1,2020-11-08,TX-500,NY,Supplier C,255,23,326,3.1,0.12
657baef4-3071-d971-c230-385c09ef01a5,2022-07-09,TX-500,NY,Supplier B,391,29,495,4.71,0.25
d18a8286-aa69-3255-11f6-af9ec90966ac,2023-01-28,TX-400,FL,Supplier C,199,19,259,4.33,0.75
73b21fca-a6cf-2f42-49cd-9e8808461ce8,2022-08-24,TX-300,CA,Supplier E,342,19,433,4.49,0.68
80807e1c-2b48-9156-b34f-617e86ed025e,2021-08-04,TX-100,NY,Supplier C,248,19,324,3.77,0.82
5e678861-e1ab-cc74-fb87-f0eca4990203,2020-05-27,TX-400,NY,Supplier B,261,22,331,2.99,0.87
ebb8ee16-5026-f6aa-8a79-dd21790cc2f4,2020-10-19,TX-100,IL,Supplier D,195,15,249,2.74,0.8
634d9a89-bb92-e3ae-d4e2-19e4f3104267,2023-01-03,TX-400,CA,Supplier A,211,12,269,4.33,0.49
c974fa12-b5d6-fd42-5684-f81d778407ab,2020-10-09,TX-500,NY,Supplier C,236,22,302,2.74,0.69
a9c08b90-5c99-dab8-7330-c32aadfc8b9d,2021-11-12,TX-100,CA,Supplier D,251,20,324,3.9,0.05
f0623fa2-089f-7b57-7b8a-a3631a7e1353,2020-07-14,TX-400,TX,Supplier C,333,25,424,2.82,0.87
e0ab77bc-ad14-37ed-6e9b-e9eb80701eaf,2022-10-11,TX-300,NY,Supplier A,197,13,250,3.97,0.32
4a484fd5-060b-45d6-f46a-bf4c5ce8360e,2021-01-06,TX-400,CA,Supplier E,219,7,267,3.45,0.04
58f703d8-5ad6-5819-2ca6-ee8172b7b203,2020-05-24,TX-200,CA,Supplier A,359,26,457,2.99,0.15
15dd1842-96eb-974c-ba84-1c7a1e1d34c3,2022-09-05,TX-300,TX,Supplier A,300,19,380,4.26,0.74
d20956b7-044e-abc3-bf21-84775562caa5,2021-11-27,TX-200,IL,Supplier B,188,12,239,3.9,0.33
fb67f2e2-26e7-bed4-aaca-f76bd4104de9,2020-09-15,TX-500,CA,Supplier C,308,25,392,2.91,0.27
aa0bc263-b00c-b58d-5569-b130a967d087,2022-02-05,TX-400,TX,Supplier E,210,14,270,3.6,0.88
a62cdd01-6fa8-2b73-9ea7-a1329ec678f0,2023-08-11,TX-100,IL,Supplier C,258,15,325,4.06,0.19
6cf1a940-3412-9d9f-1063-6cf628fb1ab7,2023-04-29,TX-200,CA,Supplier A,307,19,391,3.94,0.58
4ad73e96-78e6-d734-7fbf-03f7922a7063,2021-11-20,TX-300,FL,Supplier A,223,13,283,3.9,0.42
44360517-cc4e-2119-1368-5772f4f6dd94,2021-12-09,TX-500,CA,Supplier A,221,17,276,3.84,0.05
880c6c6d-a38f-378f-10a7-08434a54d29f,2022-06-07,TX-200,FL,Supplier D,381,17,476,4.1,0.9
9618a5da-c383-dc47-c722-723b28605d8f,2022-08-01,TX-200,IL,Supplier B,303,26,393,4.49,0.21
d85b19ba-b798-87ab-7409-90e7d336c706,2022-11-22,TX-300,CA,Supplier D,223,12,278,4.13,0.12
25a732b8-b95d-d41b-a80c-d7c26d330cd8,2022-04-10,TX-400,TX,Supplier D,362,24,463,3.88,0.41
56495ab0-a72b-eeaa-a8cf-c680f34eb2c4,2023-12-29,TX-400,FL,Supplier B,195,21,255,4.33,0.22
ade700b2-45cd-16c7-2a9f-29420867bcd4,2020-10-22,TX-500,CA,Supplier A,284,15,362,2.74,0.8
bfc16e9c-5cad-522d-9207-c9ace7cddfe2,2022-07-07,TX-100,FL,Supplier C,326,28,422,4.71,0.55
487aa094-7a96-163a-50e1-dac869ca5c9b,2021-12-12,TX-500,NY,Supplier B,204,15,260,3.84,0.15
9e35d304-c9c2-65f6-1dbf-b0ef2e982af1,2023-05-06,TX-500,IL,Supplier B,379,21,471,4.14,0.38
e5c1f52c-0fb1-b54b-d42a-59f93d0c1434,2021-11-13,TX-400,IL,Supplier E,227,9,283,3.9,0.11
6c0ee379-60ad-d89b-fd0f-cd971da77e22,2022-07-02,TX-300,FL,Supplier D,368,30,471,4.71,0.13
a88947dc-e85a-3882-c161-14b6c0aa2b3e,2021-03-06,TX-400,IL,Supplier D,213,15,271,3.96,0.41
9493e387-6329-4573-6cec-6076ad0a1b5c,2020-06-27,TX-300,NY,Supplier C,319,26,403,2.68,0.63
b80c8b10-7c12-d668-1869-a64af0daa68c,2022-07-14,TX-500,NY,Supplier B,298,22,378,4.71,0.61
e1e1a974-c33d-aa6d-87d4-21298a456eb5,2021-11-30,TX-300,FL,Supplier E,196,10,243,3.9,0.84
7a829e07-fea2-763a-de71-a820a4e39ee7,2023-01-12,TX-500,CA,Supplier C,229,15,289,4.33,0.0
617bc9c9-fc2b-756e-d93a-b3cb713f5b9d,2020-10-19,TX-400,IL,Supplier A,274,19,348,2.74,0.8
2151e5ec-a605-ed0c-d58b-c54083408768,2023-07-12,TX-400,NY,Supplier B,354,25,456,4.02,0.88
a0b4abb2-3f43-476c-96b5-155ca16373cf,2021-02-16,TX-400,TX,Supplier C,259,20,332,3.82,0.95
72ee4cfb-ee07-31f9-7a39-364fb55f4105,2020-05-27,TX-500,IL,Supplier D,312,26,402,2.99,0.87
277d47f6-dd0a-3a1a-2943-b4dc45faa5de,2020-01-17,TX-300,IL,Supplier B,173,11,220,3.17,0.56
00b76deb-b2bf-b9d2-be4b-4c82f027f18a,2021-09-25,TX-200,IL,Supplier A,300,27,389,3.71,0.45
6094c839-061a-303a-8eaa-12a8d1c0990a,2020-05-27,TX-100,NY,Supplier E,291,20,370,2.99,0.87
549335ee-7fc4-1ad3-5dbe-46ce0007c617,2023-10-12,TX-300,CA,Supplier E,329,12,405,4.1,0.93
58e1d1b7-1ff1-ae7c-df76-fab6f51aa3b0,2021-06-25,TX-200,IL,Supplier A,345,26,441,3.5,0.45
eb121e93-5ff7-4f41-932d-29bdf1aa3618,2022-07-22,TX-100,IL,Supplier B,265,16,339,4.71,0.47
5eed4aa3-1f21-2c2a-a93a-e404f103b257,2023-11-16,TX-500,IL,Supplier D,264,27,340,4.32,0.67
a75ad6a7-066b-becb-b99a-28ed1166f1fb,2022-12-04,TX-100,FL,Supplier C,196,13,249,4.43,0.27
8e6b9ad2-5bbf-5815-00ed-7e80727bd201,2021-12-19,TX-500,CA,Supplier C,238,22,312,3.84,0.11
bd18b15b-ac4c-7a8f-83c2-1cb39b1133a0,2021-07-09,TX-500,FL,Supplier C,423,40,544,3.79,0.78
d6df7887-49c8-e418-a8c7-c7a94c77a744,2021-01-19,TX-400,TX,Supplier D,230,18,289,3.45,0.04
b59f971c-3ec1-8a0b-da9e-af2166e45a74,2021-09-01,TX-400,NY,Supplier C,265,30,346,3.71,0.4
56b31cc5-4d2c-8b46-dbef-f90ca3b59c1c,2020-02-26,TX-300,FL,Supplier B,253,12,313,2.91,0.45
c2862e9f-92cf-855d-6a3c-eb8a678a37bd,2023-01-17,TX-200,NY,Supplier B,214,13,269,4.33,0.82
b977ac12-b1a9-8db3-f303-7d397f68aa0e,2020-02-20,TX-200,FL,Supplier A,249,11,311,2.91,0.91
b3316621-4884-b607-5165-814ff6749365,2023-08-07,TX-300,CA,Supplier D,324,29,413,4.06,0.46
0bf2e0a7-9557-f56c-e5c0-12ac8df577b1,2022-06-14,TX-200,NY,Supplier D,298,27,379,4.1,0.25
43cbfac1-238f-8741-e5fa-e93dd3998938,2023-04-25,TX-500,TX,Supplier D,400,35,512,3.94,0.04
0ef97cfe-1d30-4fd5-7a44-b816718961c6,2023-11-02,TX-300,CA,Supplier D,254,21,326,4.32,0.62
3bcb458a-a0be-b9cc-ed0e-a9ebb1f24c13,2022-04-17,TX-400,CA,Supplier C,325,26,412,3.88,0.13
655bf965-25b9-7d7e-b175-d0b518cebb1d,2020-07-01,TX-400,CA,Supplier B,347,34,443,2.82,0.97
8db51ab8-79f9-8a64-671e-c2652427f2dc,2022-10-28,TX-200,CA,Supplier C,290,21,367,3.97,0.91
78672eb4-dd0e-455d-b8ed-8f9946d24209,2023-12-09,TX-100,FL,Supplier D,228,23,294,4.33,0.9
b4815b6b-e4eb-d682-4785-a5a50d473904,2022-02-14,TX-400,TX,Supplier A,232,15,294,3.6,0.02
37c9bdd5-1342-c0c2-f004-836c0ec4cee2,2022-08-23,TX-100,TX,Supplier B,334,16,407,4.49,0.18
400851ff-e1e8-2022-606e-4d8bb1cb2097,2023-02-02,TX-500,CA,Supplier A,298,24,384,4.02,0.22
5e345e77-8f39-0b0a-aec8-5a64b1396fa0,2022-07-01,TX-500,FL,Supplier D,442,38,571,4.71,0.13
c6bde482-b155-5236-263d-44c7dc1b13cb,2020-04-17,TX-300,IL,Supplier A,265,15,331,3.56,0.66
cb64f4b9-2a3a-58f3-6b73-c2a58961d7a3,2020-11-20,TX-500,CA,Supplier B,301,25,384,3.1,0.16
82469282-e64c-e0db-ae00-0141993b1c73,2021-07-05,TX-100,IL,Supplier D,268,21,344,3.79,0.76
f0d897ce-9bdf-d0cd-9e3f-abfb73063d9e,2020-09-15,TX-400,IL,Supplier B,307,8,372,2.91,0.27
9695e71c-e2b1-efa4-e785-a2ae5631ac16,2022-05-12,TX-500,IL,Supplier A,313,24,403,3.99,0.9
dbf2ab12-daf5-54d5-c8ae-e6aac5f49153,2021-04-30,TX-300,IL,Supplier B,317,19,402,3.68,0.21
a95ef4af-7f40-4a86-b798-f64cf9733545,2023-02-15,TX-100,TX,Supplier C,221,16,280,4.02,0.39
a64f4fc2-0eb9-e71c-83cb-10883a198434,2023-05-02,TX-500,FL,Supplier C,347,31,443,4.14,0.98
0c62b025-3ba3-5b9b-d7fe-ef17f1038fe3,2023-12-28,TX-100,NY,Supplier A,172,6,215,4.33,0.46
0c897425-da3e-fe22-e606-aa6b82dbfbc1,2022-01-18,TX-500,CA,Supplier D,235,19,303,3.7,0.73
e82f5797-93d1-332b-2cc6-85d3488640e8,2023-07-23,TX-400,CA,Supplier B,398,21,493,4.02,0.12
5e7598af-aeab-c7e5-406d-b84999124b18,2022-11-10,TX-100,IL,Supplier E,236,10,295,4.13,0.59
5c93b99b-ce19-a507-caa7-d7593cb9f7ec,2020-11-27,TX-300,FL,Supplier C,193,16,247,3.1,0.94
8013d352-03b3-6b85-88d7-151c492fd6e8,2023-09-25,TX-200,CA,Supplier D,275,15,340,4.06,0.94
8e441ec2-21a2-3616-ca2c-f4ec24098802,2021-04-17,TX-200,TX,Supplier E,342,17,432,3.68,0.15
6efdf523-016a-ee71-5bd7-1b6b2ea198f3,2023-01-25,TX-400,IL,Supplier B,245,22,314,4.33,0.39
5f289630-54b5-1d65-c8cf-34f92759d3d6,2023-06-26,TX-300,FL,Supplier D,353,20,442,4.27,0.01
330389d4-1ad3-facf-ed03-c65f87af3e22,2021-06-05,TX-500,FL,Supplier D,346,32,446,3.5,0.84
fba2f5b9-6357-d1a9-7ed4-006076887d05,2021-03-30,TX-500,NY,Supplier B,298,20,372,3.96,0.52
3808da3c-8c35-7e47-b27f-359b46366e3e,2020-12-05,TX-200,FL,Supplier B,180,12,231,3.4,0.85
6e348834-4926-450d-28ab-c08f007d7c4d,2021-04-25,TX-100,FL,Supplier B,291,25,373,3.68,0.69
39bae1d5-b2d5-7b43-0662-2c3817e64489,2020-10-01,TX-400,NY,Supplier C,238,14,298,2.74,0.85
74cdaced-60c4-8b64-f810-2719711e089c,2023-09-29,TX-400,FL,Supplier D,298,28,384,4.06,0.54
2a8c307f-919b-a42b-936b-9680d87eb525,2023-10-14,TX-500,FL,Supplier C,279,23,362,4.1,0.04
46f5e966-0295-e882-50ef-e69382f72914,2021-03-21,TX-200,TX,Supplier D,282,24,358,3.96,0.55
3764f65a-688d-0492-3a2a-349b2bb62121,2020-06-24,TX-100,CA,Supplier C,329,31,430,2.68,0.92
2adcc72a-10d2-223c-3263-647d0c6effe1,2020-08-23,TX-500,NY,Supplier B,273,22,351,2.82,0.42
941d12e5-ecf0-6b2d-abb9-74a4ce537f3a,2022-08-21,TX-500,NY,Supplier D,307,31,400,4.49,0.95
3c43a92e-0bbe-e7a3-f7a1-8089a34ddb09,2021-09-25,TX-300,IL,Supplier B,249,24,323,3.71,0.45
d4162d06-7665-187a-fefd-49fa92f36ae2,2022-03-31,TX-500,TX,Supplier E,296,9,360,3.78,0.74
122fd6fd-5ba5-5e09-6000-270baabc2724,2021-08-18,TX-300,IL,Supplier E,336,23,431,3.77,0.86
afc91536-9280-325f-1e23-013a01bc71eb,2021-02-08,TX-200,TX,Supplier D,249,25,320,3.82,0.09
3f8dbe22-d760-86be-8a10-80d6616f1ae1,2023-07-17,TX-300,IL,Supplier D,357,32,453,4.02,0.56
650f6118-bd90-553d-559e-e387b369101f,2021-10-07,TX-300,NY,Supplier B,209,21,271,3.51,0.53
578300c7-8f8e-30a1-2c98-f47b36098c5f,2022-10-24,TX-500,TX,Supplier B,285,29,370,3.97,0.49
381f9c3f-6890-fc64-df0b-fdfafe177c3a,2023-03-12,TX-400,CA,Supplier C,327,26,423,3.74,0.31
f84608e4-6428-c435-5e1d-4ddd9e6743fa,2023-09-23,TX-100,FL,Supplier E,279,16,354,4.06,0.98
386eab55-d384-2276-3f17-78e9aabbb84f,2020-01-24,TX-500,IL,Supplier E,208,8,257,3.17,0.23
fac5c078-ddc5-e0c2-0a48-dc5890aed51d,2022-01-28,TX-300,NY,Supplier A,203,8,252,3.7,0.51
6fc631bb-b661-9e79-256f-37744e4a5817,2021-03-15,TX-400,NY,Supplier C,260,12,321,3.96,0.57
239db05e-7da7-a81e-4365-8bdb8ce9bb90,2023-09-14,TX-300,CA,Supplier D,350,39,462,4.06,0.97
a328a987-06ae-42d5-b5b1-ab5324305e3d,2023-08-29,TX-300,TX,Supplier B,374,23,472,4.06,0.71
6b013563-46d8-9a8d-b785-7edf1f543872,2020-08-13,TX-200,IL,Supplier B,292,18,371,2.82,0.39
9e88addc-ba22-7fa1-228b-110ef084711e,2020-07-05,TX-300,FL,Supplier B,290,19,370,2.82,0.47
1c8a7642-0856-a8fd-6cec-d30864b31a10,2022-04-14,TX-300,CA,Supplier A,347,35,451,3.88,0.2
ad63d923-83e9-be86-78c0-8271caa45cb3,2023-09-05,TX-400,FL,Supplier B,368,25,471,4.06,0.06
9b7a1a41-6544-a4d6-ef52-5af6ad48efcc,2023-06-04,TX-100,IL,Supplier B,342,33,445,4.27,0.21
d8607bc1-bbfe-612e-9db3-9b9660dd52f6,2021-02-12,TX-500,NY,Supplier B,197,14,250,3.82,0.78
ae939aa8-70e4-69b0-b5a8-9b684e51548f,2023-10-29,TX-500,TX,Supplier B,281,23,364,4.1,0.54
bf249de2-4bd7-91d0-581a-e78d816714f7,2022-02-28,TX-100,TX,Supplier D,262,20,339,3.6,0.51
992e9bc6-9f93-208f-e6c4-f690807b1ee0,2021-10-04,TX-100,IL,Supplier D,232,16,294,3.51,0.24
e401d41b-c64c-b8b3-62cf-45369fab665f,2022-01-13,TX-100,IL,Supplier A,203,12,258,3.7,0.08
84780776-fbeb-e4cd-db6f-43d020ffb4e9,2023-09-21,TX-100,FL,Supplier B,237,23,309,4.06,0.71
82800095-ee14-42b4-454e-ef7d1fec184f,2021-11-19,TX-300,CA,Supplier B,269,15,338,3.9,0.39
6bc08f3c-ceba-d8dc-1f62-09bcb82d9a64,2021-07-24,TX-100,FL,Supplier B,338,25,430,3.79,0.78
31bb5462-3bfa-da1b-ee20-5b28b8643ca6,2022-09-09,TX-400,TX,Supplier C,301,20,379,4.26,0.51
349e7ae1-401e-8d30-0dc9-db0f3bcd2983,2021-08-06,TX-500,TX,Supplier D,393,28,494,3.77,0.37
f3315bab-87cd-c11b-6aff-e7a38da9fada,2023-03-13,TX-200,CA,Supplier C,296,19,378,3.74,0.56
0fc9fb2f-a6d9-b65c-2256-1838bdf33820,2020-03-29,TX-500,TX,Supplier B,314,30,404,3.22,0.78
abe98d83-6edd-eb98-fe2a-bf4781bfa1dc,2023-02-06,TX-400,CA,Supplier C,269,19,342,4.02,0.09
32f4523c-ac07-0daf-66a4-3eca4c095d37,2020-03-01,TX-400,CA,Supplier D,300,20,380,3.22,0.46
68c8e384-cc1b-0870-ac23-c968cbf87ffd,2020-07-29,TX-300,FL,Supplier B,331,25,425,2.82,0.15
4db0c40f-79f2-0ab7-2c70-24ce0a455ad1,2020-04-26,TX-100,IL,Supplier E,301,27,388,3.56,0.83
48d3d59d-60ef-8a44-3a16-4a8ced143dc7,2021-12-05,TX-100,TX,Supplier A,204,11,253,3.84,0.68
55745e35-da57-0ca2-0722-bde87b13f69f,2022-07-24,TX-500,FL,Supplier E,407,16,506,4.71,0.92
c3fb7258-1bf3-f2c1-62af-e4572120620d,2021-06-26,TX-300,FL,Supplier A,322,27,417,3.5,0.31
a5858c00-f128-c77e-4553-807740c18b6f,2020-06-09,TX-300,CA,Supplier A,358,23,452,2.68,0.69
e4797d6f-6bff-692e-acc0-4c3426034987,2020-01-29,TX-100,FL,Supplier A,222,19,283,3.17,0.56
ccb3f843-6fad-c03a-9ce5-fd569beacd31,2021-01-06,TX-300,NY,Supplier C,188,14,240,3.45,0.04
891b35cb-32ba-7bdb-133d-ecceefdae104,2023-12-30,TX-200,FL,Supplier D,202,10,249,4.33,0.75
82c9e178-21c4-0c8d-cfe0-8c088dbfb98f,2021-04-27,TX-100,FL,Supplier A,244,13,302,3.68,0.39
86c63df4-317f-21ea-ece9-d44953c0449b,2021-06-06,TX-200,IL,Supplier A,273,26,354,3.5,0.48
191073f9-7372-ea04-1e46-88df9c84c829,2022-07-09,TX-500,CA,Supplier C,446,29,563,4.71,0.25
9270c747-7b87-2083-ce52-b52d0fddcc0f,2022-06-30,TX-300,CA,Supplier D,391,28,496,4.1,0.43
aa39b889-840c-a1b3-0da7-1faa69d35596,2020-09-03,TX-400,CA,Supplier A,351,24,447,2.91,0.98
971133ab-dac5-7e49-cf3d-2d27128b777c,2023-05-31,TX-200,IL,Supplier E,363,19,451,4.14,0.09
58791539-f19b-9c40-2f60-4a8ad3ecffe0,2021-03-29,TX-200,CA,Supplier E,313,17,393,3.96,0.5
f4026779-9713-69b4-1b74-6c0bfbcd29ab,2023-11-22,TX-500,FL,Supplier E,221,6,273,4.32,0.19
a1dbc203-e12f-0e14-d7f3-ffa47813e1cf,2023-10-27,TX-500,CA,Supplier C,352,23,447,4.1,0.57
f6424f03-5cdb-bd8b-bb59-bd769096ffa8,2021-07-15,TX-400,TX,Supplier E,413,25,516,3.79,0.65
99b29773-e1dc-5e51-616a-90702c354605,2020-05-19,TX-100,TX,Supplier A,290,23,371,2.99,0.26
364dadca-e7e3-1d99-277c-f1c9b4ba2dfb,2021-09-21,TX-300,CA,Supplier E,325,18,409,3.71,0.37
181bf20b-6daf-fe1c-5e83-c818e16bd0bf,2023-10-09,TX-500,FL,Supplier B,299,18,376,4.1,0.08
f51175fc-7f6f-ac0f-9cab-8215ffaf5f86,2020-04-08,TX-100,TX,Supplier D,272,27,350,3.56,0.44
de2044a1-7648-d5b2-55c3-d59b679bf760,2023-03-14,TX-300,FL,Supplier E,229,21,299,3.74,0.68
61c6d3a6-a262-f504-241e-f5f7c121c053,2022-09-10,TX-500,IL,Supplier E,309,21,394,4.26,0.91
06a7b0e8-a975-9071-a96f-67cc6d641d62,2023-12-20,TX-200,FL,Supplier C,192,15,250,4.33,0.66
45828bf3-572f-bb4f-60c1-d03fa5886f0e,2020-10-30,TX-500,FL,Supplier B,280,29,369,2.74,0.57
697a1d43-db6c-c0a3-0c0e-a7b7dfd995dd,2021-03-13,TX-300,CA,Supplier E,274,13,341,3.96,0.23
bba3bd3d-4823-ad88-f2ed-4329baea1757,2020-03-07,TX-300,NY,Supplier C,185,19,238,3.22,0.76
54a37363-1dd2-1141-3991-34a5006a9c4a,2022-03-16,TX-200,IL,Supplier B,214,17,274,3.78,0.47
dc47d025-9767-dd3d-c7a7-7f291f7e9a56,2020-12-22,TX-200,TX,Supplier E,238,14,303,3.4,0.28
9ded4ab9-2547-6080-c4f2-3f2b405da92d,2022-09-28,TX-100,TX,Supplier A,286,15,359,4.26,0.13
6a6efc80-d862-16c8-f880-7cb8ca243360,2023-05-01,TX-400,NY,Supplier B,329,28,432,4.14,0.17
7c1caf3a-9a90-fa1f-7dff-01376361070e,2020-10-24,TX-400,FL,Supplier B,242,15,306,2.74,0.25
2b66dd7e-afa3-5650-b1f5-a97699979767,2022-03-10,TX-200,CA,Supplier B,272,23,341,3.78,0.96
57a4b53e-c797-4644-dd45-5a56ab9ad809,2020-07-23,TX-500,IL,Supplier D,332,36,440,2.82,0.24
a6cd9762-abcf-cefe-665b-121e37af2009,2021-01-23,TX-300,CA,Supplier D,239,24,314,3.45,0.75
0b30aedf-6719-d431-4eb7-bf1033c53114,2022-07-11,TX-100,IL,Supplier A,301,15,378,4.71,0.12
6a78a1d4-a8f8-6078-4dcd-69052e0d971c,2022-08-21,TX-100,FL,Supplier E,320,12,396,4.49,0.95
3bdb1b7a-7199-65d3-7876-5d68d1b700cd,2023-08-21,TX-100,TX,Supplier D,325,29,418,4.06,0.63
954c6bcc-29b2-2882-20d2-518ba7d0e668,2020-05-11,TX-400,FL,Supplier A,371,21,466,2.99,0.89
1ae7afd1-8c29-dedc-0220-b39266ce7609,2022-05-18,TX-400,IL,Supplier E,300,17,376,3.99,0.3
40c26b88-3ea2-761a-a12e-b505737f7fc7,2021-08-16,TX-500,IL,Supplier E,387,18,484,3.77,0.23
caf3d98c-f2d8-e31f-5aad-38226338dff0,2023-09-14,TX-300,IL,Supplier B,266,16,340,4.06,0.97
17402ea1-940e-a227-56c6-b39047dae8f7,2023-02-01,TX-300,TX,Supplier C,227,12,277,4.02,0.37
b938155d-80f6-fded-975e-df268b088bac,2023-01-01,TX-300,IL,Supplier A,184,16,239,4.33,0.75
ef6e7da3-274b-01b5-6b0a-a9d1d156bebf,2023-04-15,TX-400,TX,Supplier E,323,15,405,3.94,0.1
5d33a38f-2ed9-43c8-181d-79b415f44ee2,2021-02-24,TX-400,FL,Supplier B,224,13,281,3.82,0.4
8cdf0063-d28f-4ba8-d19f-d083970e15a6,2022-01-20,TX-500,FL,Supplier D,216,19,275,3.7,0.74
e1c2aa2d-73f4-4ff4-805c-58c3bce3818b,2020-05-15,TX-200,NY,Supplier B,276,23,358,2.99,0.66
3b66ffc4-6eff-9676-8581-b5ac0517e641,2021-04-21,TX-400,CA,Supplier B,376,21,475,3.68,0.96
29c850d5-ff3c-9434-5417-9b3a90b8fdbf,2023-07-23,TX-200,IL,Supplier A,328,21,413,4.02,0.12
da75de98-74aa-3bd4-21c8-048a49a95aa8,2022-04-07,TX-200,TX,Supplier C,286,18,354,3.88,0.32
2eb84c44-d4ab-5c31-36c6-cb15fb883989,2023-07-16,TX-500,NY,Supplier B,407,37,521,4.02,0.48
5eaf1044-52c6-ca1d-21f6-39b2c16221da,2022-11-19,TX-400,FL,Supplier B,235,14,296,4.13,0.84
9cd648e2-5f60-b989-3192-318774ab1415,2023-12-19,TX-300,FL,Supplier E,197,12,246,4.33,0.35
f651b7e6-ba48-5f28-fd63-489ffae1f808,2020-02-23,TX-400,CA,Supplier D,244,19,318,2.91,0.97
11e93066-095a-0ff5-b5b3-8e5d2c62d147,2023-01-13,TX-400,CA,Supplier E,276,13,349,4.33,0.44
e7299282-feb6-7e18-32ed-81fc01abb834,2022-06-25,TX-300,FL,Supplier D,347,29,450,4.1,0.78
74f843d1-d550-fe35-fc3d-cb857e44211b,2023-11-13,TX-400,IL,Supplier A,209,11,265,4.32,0.18
99c93538-368d-bd8b-aa12-0e5e08011cd9,2021-08-27,TX-400,TX,Supplier E,302,22,384,3.77,0.85
c7084808-9160-bd6e-bbd4-a0ebd3be333e,2022-12-20,TX-300,FL,Supplier C,222,17,282,4.43,0.98
b1c1bf5a-b491-921d-11bb-17e2592252a9,2021-11-24,TX-300,NY,Supplier B,195,10,242,3.9,0.0
7850b707-0a40-bcb2-3759-e50cf558d4aa,2022-11-11,TX-300,IL,Supplier C,206,20,264,4.13,0.41
ab508604-4d7e-ebbe-f946-9d671b0f0c97,2022-09-18,TX-200,NY,Supplier B,242,23,314,4.26,0.67
d6942809-0039-3d7e-efb3-95754f8113fa,2020-09-17,TX-100,IL,Supplier E,265,20,338,2.91,0.48
fae42265-52fe-e14d-6aa4-6c41258cb822,2022-11-26,TX-100,FL,Supplier B,224,18,290,4.13,0.15
afc69a20-9132-b181-16af-97c0173dc64d,2022-04-13,TX-400,IL,Supplier A,254,11,322,3.88,0.47
ed1234c0-a838-3d71-4087-1749b6dcc702,2021-12-03,TX-300,TX,Supplier B,221,16,283,3.84,0.24
632320ed-145a-fe47-6217-d9b99324fdbb,2021-08-24,TX-500,CA,Supplier D,376,28,485,3.77,0.9
2ecefec8-c989-2c43-d824-73942ccc3d56,2020-10-07,TX-500,TX,Supplier D,341,34,440,2.74,0.73
2cce018a-99c5-904e-5292-52f910493f02,2020-07-21,TX-200,CA,Supplier C,338,27,434,2.82,0.45
b7079df2-6995-d350-a57d-1ee098112b1c,2020-12-28,TX-400,NY,Supplier A,212,12,266,3.4,0.09
676b1f54-b07b-c3fd-e883-7fae1cfb2a16,2023-08-12,TX-100,TX,Supplier A,361,22,453,4.06,0.34
541c68a4-8aa8-462e-0562-5f381494bba4,2020-05-27,TX-400,CA,Supplier C,390,31,501,2.99,0.87
bc05e6d4-7ac7-d7e0-ee66-cc3441ddf54f,2020-12-02,TX-100,FL,Supplier D,184,15,235,3.4,0.72
edc5c937-454c-4e08-7928-2960bd1a33b3,2020-04-09,TX-400,IL,Supplier A,300,25,388,3.56,0.02
33bb757e-adf8-da34-5957-026d7b79758e,2023-05-27,TX-500,FL,Supplier B,385,32,489,4.14,0.55
07bbed84-3964-a9a4-0748-a6a6f03cf3d3,2022-12-03,TX-200,NY,Supplier D,204,19,259,4.43,0.79
ad7af12c-abec-7ce8-3837-606bd23cfbd1,2023-03-13,TX-400,CA,Supplier C,257,19,322,3.74,0.56
ea4c8350-faeb-dfd3-1b6e-c7a2a0d8eb64,2020-12-06,TX-200,NY,Supplier C,178,10,226,3.4,0.64
7268cc50-bc5b-510d-0b6e-6e6edb84b903,2023-04-05,TX-100,CA,Supplier A,275,13,345,3.94,0.86
d5cabc23-5161-9937-7020-c691d323a0c1,2022-06-25,TX-100,FL,Supplier C,351,33,453,4.1,0.78
c149e1bc-ffdd-210c-c179-ce2ed60037b7,2022-05-24,TX-300,CA,Supplier A,329,25,423,3.99,0.17
cc320899-ca63-5872-3bcc-24eba955f200,2020-03-25,TX-300,IL,Supplier E,257,13,323,3.22,0.59
c971eb6d-fbb7-8d5a-a6ce-e59bf5c871b6,2020-10-06,TX-300,NY,Supplier C,257,17,327,2.74,0.29
de2c362f-b7bb-93ea-cdea-63ec277a1a19,2023-10-21,TX-500,FL,Supplier B,331,29,430,4.1,0.98
5757ab0e-78ea-b05b-0068-1d76961a50aa,2022-12-17,TX-100,FL,Supplier A,203,11,257,4.43,0.52
aa7ab120-9f20-8936-e697-2cd0c276c58b,2023-08-24,TX-300,FL,Supplier A,335,21,419,4.06,0.04
826b4ce5-38b2-8cca-b702-362e58cc946d,2022-09-06,TX-400,TX,Supplier C,369,27,471,4.26,0.4
193b3ddb-e6d6-19aa-6783-b69caed6657c,2020-01-05,TX-400,NY,Supplier E,194,5,234,3.17,0.71
0a7b8947-d7a2-29bd-d429-377eefb0dfbe,2021-05-10,TX-100,TX,Supplier D,317,23,400,3.79,0.45
53205752-9e97-3d95-ca2f-89f23c23df73,2023-10-12,TX-300,NY,Supplier C,256,17,319,4.1,0.93
d9b60894-0b71-d2ec-4664-38b4f8b63c50,2023-06-10,TX-200,FL,Supplier C,400,31,515,4.27,0.6
de070adf-b6a4-0d2b-95c7-90d5199be845,2023-12-16,TX-500,NY,Supplier B,191,18,252,4.33,0.64
c1edd14d-bf92-f89f-d5b5-1612170c2986,2020-06-16,TX-500,FL,Supplier E,394,18,492,2.68,0.12
77dd5972-f643-6c1a-4321-ab06344ff53d,2021-01-06,TX-100,IL,Supplier D,197,21,258,3.45,0.04
604e4120-9cdf-0509-9a0f-17db066155f5,2022-03-19,TX-100,NY,Supplier B,249,27,329,3.78,0.38
4155241c-9873-7525-71b2-ebfba3217a2f,2020-05-29,TX-100,IL,Supplier D,289,22,365,2.99,0.31
2ac5bf26-62a0-5724-fb9a-1d86b0bda0de,2020-12-08,TX-300,TX,Supplier E,226,20,291,3.4,0.59
d149b5e3-8b56-11c2-ed66-68a28d52307a,2021-03-22,TX-300,FL,Supplier E,283,17,355,3.96,0.43
f0c370b2-99d0-9520-1f8c-561b95349b98,2023-03-21,TX-200,IL,Supplier E,280,16,349,3.74,0.89
e45b5d95-59fd-824f-0177-359e7acda666,2023-05-21,TX-500,IL,Supplier A,320,19,400,4.14,0.39
f30d40f6-8d32-38d2-1885-813f9f9db565,2021-01-12,TX-200,TX,Supplier A,187,17,242,3.45,0.85
90d71283-033e-67b6-abe3-ac7434a173b9,2023-03-05,TX-100,NY,Supplier D,188,16,244,3.74,0.42
fbcd0d31-3c09-b7ec-5230-246e369a3ab1,2023-08-04,TX-200,NY,Supplier A,338,20,428,4.06,0.38
d6c9a3af-f8d1-cdbf-a83f-e4bee57d9daa,2023-03-19,TX-100,CA,Supplier C,236,14,301,3.74,0.65
b67eeae2-9090-f4bb-3977-3987fda5ffd6,2022-09-08,TX-500,NY,Supplier D,295,25,378,4.26,0.72
f1fe3eb6-108a-5697-9552-b9160401897e,2022-02-04,TX-100,FL,Supplier A,188,12,234,3.6,0.9
c28c630e-2bf3-fa44-c0d6-f9296e440224,2023-04-04,TX-200,TX,Supplier C,292,21,371,3.94,0.13
18c532d7-60eb-e4db-35c6-e60cab514e3a,2021-03-21,TX-200,FL,Supplier C,284,22,367,3.96,0.55
763fac23-a31a-4189-624a-1924b53a9733,2022-11-16,TX-200,IL,Supplier B,211,22,277,4.13,0.01
de3eaf0b-5611-e7ce-ecd8-fdb92aeb6a06,2021-11-07,TX-300,FL,Supplier B,244,21,317,3.9,0.25
2d4be5a4-1298-f7de-2960-f72402edd7cb,2020-08-13,TX-100,NY,Supplier C,260,24,341,2.82,0.39
3b9e5fa9-f929-98a3-d215-14fe8b1c62ef,2022-03-22,TX-500,TX,Supplier B,291,29,376,3.78,0.73
6edf0987-5ee6-d01a-64df-540b1b0eefa4,2021-05-06,TX-100,NY,Supplier A,244,21,312,3.79,0.56
447dca9d-3dcf-bdc1-2d92-a86d29eb300c,2022-08-05,TX-400,CA,Supplier B,406,24,505,4.49,0.0
f681353a-67b3-6cfb-ac70-37153ae9bfe9,2023-07-29,TX-400,NY,Supplier C,349,27,446,4.02,0.02
4cade612-4ef8-20b2-3955-4395c7119263,2023-05-29,TX-200,FL,Supplier D,360,24,454,4.14,0.35
4afaf935-91ad-1d10-fbd2-745fc2e98a94,2022-07-23,TX-200,NY,Supplier B,355,25,451,4.71,0.15
c92065ce-8823-18c2-0135-81e63221e100,2021-03-21,TX-200,NY,Supplier C,265,17,334,3.96,0.55
669e5dff-bbd6-b5ad-4f3a-0b206f9be8bb,2023-02-14,TX-300,FL,Supplier A,230,13,291,4.02,0.45
485cd7b1-61d3-d600-df91-3eaace694546,2022-12-26,TX-400,CA,Supplier A,241,16,303,4.43,0.35
6091ce47-9c6b-cdd5-841f-a1e8f05797f7,2022-11-20,TX-200,CA,Supplier B,282,18,356,4.13,0.14
9a080bf0-0062-b88f-5e90-6b6a7ffd7763,2020-07-10,TX-500,TX,Supplier E,367,22,462,2.82,0.8
4bfb2c56-eea2-ebdc-8630-e66bd1490915,2020-10-21,TX-200,NY,Supplier D,232,29,311,2.74,0.78
05957366-c8ff-4fdb-a438-31fa4ddf461d,2020-08-28,TX-200,CA,Supplier B,326,23,411,2.82,0.83
709f2b7c-3380-f3a0-7708-09a34567d640,2022-02-28,TX-200,NY,Supplier B,231,19,300,3.6,0.51
14d80f52-0317-8f4b-6fc1-d5e020ae5662,2020-12-31,TX-400,TX,Supplier B,244,14,304,3.4,0.24
a43d41d3-8afe-192b-187f-f58f411742a7,2023-07-03,TX-500,CA,Supplier C,450,30,573,4.02,0.16
bc32b6cb-a035-8886-2599-3fbe47a521a6,2023-05-24,TX-200,CA,Supplier B,422,24,539,4.14,0.57
c18ef2c4-78cd-b2ed-14f9-68d22c3c5de4,2021-05-20,TX-100,FL,Supplier C,326,19,408,3.79,0.23
1bc121be-9842-357b-ce61-00d69c1694b3,2020-12-21,TX-500,CA,Supplier B,236,18,300,3.4,0.88
8558864c-1cc6-82c0-f026-e94ef1e9f110,2023-05-26,TX-400,NY,Supplier D,359,31,459,4.14,0.66
58e40889-30ca-69a4-63e5-fa66889ce3b0,2020-03-20,TX-300,TX,Supplier B,242,19,311,3.22,0.59
55487a15-716b-f012-567d-a572af40456c,2023-04-20,TX-100,IL,Supplier C,245,16,315,3.94,0.85
2d491d57-176c-5787-0c9d-a12d855aba2a,2022-04-08,TX-500,NY,Supplier A,256,16,321,3.88,0.61
70d55482-ea8a-2423-ea44-a393a2e0655f,2022-04-26,TX-200,NY,Supplier C,272,20,341,3.88,0.28
0c34a976-cbd0-8a67-f5c6-236c51742c60,2022-01-05,TX-100,TX,Supplier E,232,20,303,3.7,0.36
18b36668-1e19-0bfc-44d8-0afad79832f6,2022-10-15,TX-200,IL,Supplier C,280,24,360,3.97,0.02
4429949d-12cd-dbac-2d5b-18867da9b7ae,2021-03-10,TX-300,TX,Supplier E,226,17,289,3.96,0.04
90fe09c6-3e2f-4fc8-d3ff-2a033f20ad83,2022-12-30,TX-100,IL,Supplier E,199,10,247,4.43,0.42
dd8a1aba-1568-77ba-2a37-c59afe8479c7,2023-05-16,TX-100,CA,Supplier C,382,31,491,4.14,0.41
84b5a904-954f-2c0c-c210-513a9f9c269c,2022-12-12,TX-400,FL,Supplier A,206,15,263,4.43,0.5
b47c0fd3-f26e-27cf-9a81-ce787806ed53,2023-07-08,TX-200,TX,Supplier E,365,24,462,4.02,0.96
46dcfd06-b7ec-9f1c-d077-fd3ed5e47079,2022-08-09,TX-200,FL,Supplier B,285,24,369,4.49,0.46
af427377-506c-4bb5-4bdc-21428abcc03d,2020-11-30,TX-100,NY,Supplier A,187,17,241,3.1,0.38
a669861a-3e1e-818b-63e1-4e282055d3bc,2022-02-07,TX-500,CA,Supplier C,285,14,354,3.6,0.62
7386370c-5037-d000-484c-26866b3b954b,2021-08-27,TX-400,IL,Supplier E,344,19,437,3.77,0.85
97150697-9757-d248-4343-a04b6e351e80,2020-11-27,TX-100,TX,Supplier C,202,12,253,3.1,0.94
dc217b6e-5165-f154-c460-8c81be6b9596,2020-10-13,TX-500,CA,Supplier B,310,22,399,2.74,0.1
edda00ca-b1be-6789-70eb-a49c66e10e3c,2020-06-28,TX-400,CA,Supplier D,378,29,477,2.68,0.11
a06f2a6e-4758-e22d-ee4c-37750e2b6e31,2021-03-12,TX-300,TX,Supplier A,237,18,301,3.96,0.47
de4a8f2c-a082-486b-48cd-944ec0165ad6,2021-12-21,TX-300,TX,Supplier D,197,23,260,3.84,0.24
f0ffe7ef-b5ac-6477-d12f-9c835d43ccbf,2021-03-24,TX-500,CA,Supplier D,341,33,443,3.96,0.36
9bcef41f-2b94-ea06-392c-e55499783e9e,2022-01-14,TX-100,TX,Supplier D,181,11,225,3.7,0.03
1b255927-f08d-8e05-b33f-d7c068128774,2023-12-24,TX-400,CA,Supplier E,245,17,310,4.33,0.43
5572668d-0b40-4627-f486-c4675a9abb44,2023-12-15,TX-100,IL,Supplier E,177,8,219,4.33,0.43
4160977d-1f6e-df6c-5fa4-4ad6df0bbe1e,2020-04-27,TX-400,TX,Supplier B,345,27,446,3.56,0.81
dde2c7b1-ea32-85bf-698f-ec572e17af94,2021-09-08,TX-300,CA,Supplier C,328,29,427,3.71,0.81
83b7703b-80df-4b11-9614-11a4b2e8d924,2021-08-08,TX-100,NY,Supplier B,285,19,358,3.77,0.11
cd2c4d84-52b9-bd97-58c3-d85d85cd436b,2023-08-22,TX-300,IL,Supplier D,301,21,384,4.06,0.43
21dc717e-0119-9fec-1695-24d3ccde4f2d,2021-06-22,TX-500,FL,Supplier D,434,39,560,3.5,0.19
c01388d9-a861-0d68-4e52-f7cd676cb92d,2021-10-01,TX-200,FL,Supplier D,237,13,300,3.51,0.54
adb06464-97ed-555e-93bb-82054a24666d,2021-08-11,TX-300,CA,Supplier C,376,32,494,3.77,0.77
3105c05a-3293-8307-a260-8b8fc6b83712,2022-06-15,TX-400,FL,Supplier A,376,28,481,4.1,0.71
98249170-9f53-e9da-b404-f82ee7af93ce,2021-03-29,TX-400,IL,Supplier B,304,26,397,3.96,0.5
a0c75759-1a90-3476-8611-7d949f244cdf,2021-03-25,TX-200,FL,Supplier C,273,24,346,3.96,0.51
a3b0909e-68b8-d905-aff0-2d32e44e6233,2021-05-12,TX-200,FL,Supplier A,284,19,360,3.79,0.08
49d49864-c794-cbac-1c2c-7f3959147180,2023-02-09,TX-500,TX,Supplier E,244,14,304,4.02,0.82
72d3b2c7-c218-7330-e01b-97108cbed594,2022-11-28,TX-100,IL,Supplier C,181,15,233,4.13,0.62
12c93166-0856-a3a1-1231-7cae1ca050d6,2023-11-29,TX-100,IL,Supplier A,172,10,215,4.32,0.49
81974036-f983-7edd-bfc7-a49bb943602f,2020-02-17,TX-300,TX,Supplier A,215,18,273,2.91,0.09
69be2645-98d0-3361-75fa-9a1a5f4ecd1c,2023-03-25,TX-100,FL,Supplier E,231,10,290,3.74,0.06
33ab1000-a599-d57d-5724-d1789adac2bc,2023-10-05,TX-200,NY,Supplier B,265,18,337,4.1,0.39
0e696faf-13b3-64ef-9103-fb12501ac3ca,2021-03-11,TX-500,IL,Supplier A,257,19,327,3.96,0.42
358450cb-ff40-0d67-c00e-ad70a33c3750,2023-12-17,TX-300,IL,Supplier E,214,14,271,4.33,0.86
c98b0e9b-c89e-4b28-ca94-b69efb432a9e,2022-02-10,TX-100,TX,Supplier C,199,17,254,3.6,0.59
0ea2e6dc-6ef7-482b-6901-22de4ab11108,2020-07-07,TX-100,NY,Supplier D,283,23,362,2.82,0.02
46fb2d81-6260-aa1e-9275-531cc4b5dcd0,2022-10-02,TX-100,FL,Supplier C,227,18,292,3.97,0.67
5c98204d-2a5d-c217-c3d3-4e8156a82b5e,2020-02-04,TX-500,NY,Supplier A,208,12,261,2.91,0.02
0650c214-b115-e484-f4cc-d30969ab42fc,2022-09-03,TX-300,TX,Supplier C,296,18,373,4.26,0.95
cc8addc4-5cf5-7624-bc5a-2ea3b223670e,2023-07-17,TX-100,CA,Supplier E,407,26,518,4.02,0.56
f7a542c0-7a08-3dd9-939d-33358f30cce2,2021-04-15,TX-500,FL,Supplier D,352,36,464,3.68,0.86
0db9fd20-5849-38c2-2c88-db760bc07d17,2020-01-30,TX-200,CA,Supplier C,246,15,310,3.17,0.78
8a6c1f24-c823-62d7-b370-dd39389b080b,2021-08-09,TX-200,FL,Supplier A,284,18,359,3.77,0.68
e2418f4b-9d56-26ab-2973-b4d210f00271,2020-03-12,TX-500,IL,Supplier C,301,28,393,3.22,0.65
2ef00c54-704d-f8b5-1d04-5a884de7d5ac,2021-11-15,TX-400,TX,Supplier C,260,16,327,3.9,0.06
52f3449e-b6ef-ca46-4149-5cc37245b1b1,2020-02-02,TX-400,CA,Supplier E,276,12,348,2.91,0.81
c9120d98-e9bf-e2d1-6833-bd1bb7d538fc,2023-01-05,TX-300,TX,Supplier C,201,9,251,4.33,0.14
a09fd0d6-5b1a-d89e-4b2f-f5d5b5702416,2022-12-20,TX-400,FL,Supplier C,219,15,278,4.43,0.98
79e7ef13-676c-9660-a3f2-dd81f16a4f08,2021-05-09,TX-200,NY,Supplier B,280,28,370,3.79,0.14
3ea71ada-af44-1afd-6a1d-b205f0942042,2020-04-28,TX-100,NY,Supplier C,285,19,359,3.56,0.32
37a97b17-a24e-b8e8-9f4d-14821736f90d,2021-05-06,TX-200,NY,Supplier D,322,24,414,3.79,0.56
0cf80626-7eb2-c3e0-ce61-56d821e80902,2021-01-27,TX-300,IL,Supplier A,193,9,238,3.45,0.73
73fe4586-5a21-e06c-8b53-dd52c5121d16,2021-05-24,TX-400,TX,Supplier D,371,25,473,3.79,0.49
1da76c0d-0e43-ba0b-cd16-0bfcb03ae311,2021-07-14,TX-100,CA,Supplier E,359,14,446,3.79,0.55
5cc8823c-4554-5a2e-947e-ed5a14f4b144,2023-03-26,TX-500,NY,Supplier A,280,22,359,3.74,0.22
a2258608-ab5b-3f57-fb7d-66bfe8c81ac2,2023-06-19,TX-200,FL,Supplier A,372,28,468,4.27,0.68
40597298-e83f-acef-b9b6-cb343d024f0b,2020-09-03,TX-500,TX,Supplier A,357,30,455,2.91,0.98
d520091e-e2c1-1952-95ac-8d22fb199798,2022-07-02,TX-200,NY,Supplier A,297,25,386,4.71,0.13
bc9fb46e-aa03-9456-7af0-993ca3a7c95c,2020-03-29,TX-400,CA,Supplier A,348,19,431,3.22,0.78
4222c27f-3e31-a357-6e26-0c1fad000ddd,2022-05-25,TX-100,FL,Supplier A,295,15,373,3.99,0.25
962906cf-82f3-76a3-099e-9d41488bddcf,2022-03-20,TX-500,TX,Supplier A,328,24,422,3.78,0.52
9ce7cb6b-6ca4-f9ae-abbb-e8317676d6ef,2023-02-24,TX-300,CA,Supplier E,230,12,284,4.02,0.57
ce41e88c-8e8a-238e-5d89-fc07d65e9d99,2020-12-01,TX-500,CA,Supplier B,243,20,309,3.4,0.99
73b11d00-e30c-0029-2f85-136c3179e8dc,2023-06-30,TX-100,TX,Supplier D,303,34,401,4.27,0.37
5155bb90-0ed4-8f10-421c-c7028db26370,2022-05-11,TX-300,NY,Supplier D,286,30,373,3.99,0.88
21b718fb-5b26-9cc2-1a5b-c6b9a03b0733,2022-05-11,TX-100,FL,Supplier E,273,14,342,3.99,0.88
530557fa-316c-8885-a691-dab5551297e8,2023-06-08,TX-100,IL,Supplier B,333,23,422,4.27,0.83
a61d64f1-4eac-4515-d4eb-da3c822a3bb6,2021-01-11,TX-400,TX,Supplier A,254,15,316,3.45,0.24
02c81e56-5c3c-e68e-72da-34619cba4729,2022-10-23,TX-300,IL,Supplier B,202,11,255,3.97,0.54
360e42d4-af74-005d-2c6c-07e5c50c21b0,2022-07-11,TX-400,FL,Supplier E,373,18,468,4.71,0.12
44246fd5-17ca-b685-32c4-ebdf5f7fa24a,2020-03-23,TX-500,CA,Supplier E,355,27,451,3.22,0.58
644f2c91-ee4e-76ac-2c21-97bfa1d6cb9c,2022-03-27,TX-100,IL,Supplier C,271,11,334,3.78,0.87
d427a5a9-141d-e9f2-5a1c-992201092787,2021-04-17,TX-300,CA,Supplier E,294,13,362,3.68,0.15
32a594d0-cefb-07b0-14c9-72ed5a19045c,2021-12-11,TX-400,NY,Supplier E,217,25,286,3.84,0.71
015cb1d4-30dd-ebc9-cd08-e600d0e82bda,2023-10-02,TX-100,NY,Supplier E,247,11,311,4.1,0.7
c6a9ae1d-f3f5-8e34-df5f-9f0bfae7d1af,2020-02-28,TX-100,TX,Supplier D,199,14,253,2.91,0.1
c72bc511-3d00-5399-2832-6c796d87d425,2020-11-06,TX-500,TX,Supplier D,272,28,353,3.1,0.93
bd806170-4a5d-4dd4-5a51-fa8ea0d06fdc,2021-10-22,TX-300,IL,Supplier A,237,13,296,3.51,0.99
d24bf66b-ccbb-8fae-da9a-5a098a34f2a1,2020-05-19,TX-400,NY,Supplier D,292,20,372,2.99,0.26
d2ef6ba8-90df-2f6b-599e-445e43cf4b4b,2021-08-20,TX-300,NY,Supplier E,301,15,378,3.77,0.51
8f939346-a5ad-5fe9-97ab-98ad40060b77,2023-06-17,TX-100,FL,Supplier D,308,32,400,4.27,0.0
68e235c0-6384-4c21-13b9-b636a7b8b83a,2022-05-29,TX-300,NY,Supplier C,333,37,442,3.99,0.74
b018ebdd-59b2-0481-4087-063aaeeb7a54,2021-10-04,TX-500,IL,Supplier D,325,31,417,3.51,0.24
109ddbcb-5dae-9a9b-6267-829b0babb832,2020-01-20,TX-500,FL,Supplier A,208,16,269,3.17,0.44
98d8c712-d7c9-84e2-8a81-3af7dfcd4206,2022-12-04,TX-100,TX,Supplier C,191,28,262,4.43,0.27
2a6fecf4-d998-a0b6-1c3c-4e34abdc93db,2023-03-29,TX-300,CA,Supplier D,324,26,412,3.74,0.68
014eb967-8921-e9c6-14c0-ec68d1ce7874,2022-11-11,TX-500,NY,Supplier E,208,9,256,4.13,0.41
06542d23-ffa6-b6f5-07b9-b4b7d56eb050,2021-06-25,TX-100,TX,Supplier E,328,20,413,3.5,0.45
d388b1ee-ad04-f672-32a7-ad07e807b023,2023-03-05,TX-300,NY,Supplier E,229,17,295,3.74,0.42
0b2a77a6-590d-c17d-3995-c52abcb6e416,2021-04-29,TX-100,NY,Supplier D,258,19,332,3.68,0.01
4117db7b-754e-1434-d4ea-253022d49c62,2022-08-24,TX-100,NY,Supplier C,283,20,360,4.49,0.68
097785cd-b6c6-f384-4456-e064af68e630,2023-10-07,TX-400,IL,Supplier D,251,24,321,4.1,0.39
ff0da771-097a-0063-8769-ec4e61a25a95,2023-09-04,TX-100,CA,Supplier D,359,38,468,4.06,0.12
f12adc26-9835-72d9-d284-9b3d52893250,2022-02-06,TX-300,FL,Supplier B,218,10,270,3.6,0.54
90f2d514-b6c4-596a-32b8-3ca32006eb70,2020-12-25,TX-500,NY,Supplier D,214,15,272,3.4,1.0
3e05be71-996e-fba2-6bfb-4c05c4f07548,2023-12-11,TX-100,TX,Supplier E,182,13,232,4.33,0.06
b844c398-62eb-bd0c-9fcd-363c72ff06ba,2021-06-01,TX-500,FL,Supplier C,395,36,515,3.5,0.06
4178954f-b7c5-6ac4-4cde-c33ab10a63c1,2022-06-01,TX-300,TX,Supplier A,375,23,473,4.1,0.4
63c655a4-1a3e-6dbc-b116-f95d52af38a7,2021-07-11,TX-100,NY,Supplier C,273,18,342,3.79,0.11
a6705043-fb68-6e15-886c-3a9cd62a04ec,2021-06-29,TX-100,NY,Supplier E,281,12,350,3.5,0.28
b1389712-191b-f7e3-422b-f37521812dfe,2020-08-31,TX-400,FL,Supplier E,274,18,349,2.82,0.1
e1e631cd-9545-07ba-d93a-01a5f650fe6e,2021-07-05,TX-100,CA,Supplier B,375,18,464,3.79,0.76
98701b4b-0f2e-b64a-74c8-7408d3a9d42f,2022-08-23,TX-300,CA,Supplier E,384,26,487,4.49,0.18
a7bdabcc-6771-099a-5564-e0cbb93e43d3,2021-11-20,TX-500,IL,Supplier B,200,15,258,3.9,0.42
22bd45c1-064a-54cf-15c9-8bd1e0ecce18,2020-07-15,TX-200,TX,Supplier D,333,20,424,2.82,0.6
21d21e6a-3a39-529e-0eb7-e07d7b7a9b3d,2020-07-01,TX-200,TX,Supplier C,303,18,384,2.82,0.97
b22dcc92-a2b9-e83a-f4d1-141e74b9e60a,2023-02-14,TX-400,CA,Supplier A,258,18,329,4.02,0.45
9dd4a074-fcd3-5862-7e96-0b58a138065f,2021-10-26,TX-400,FL,Supplier C,233,13,295,3.51,0.79
ebe8e9cd-8076-f22f-50e8-f5c54e10d1fd,2021-10-08,TX-400,NY,Supplier A,250,19,314,3.51,0.74
abdcda91-107e-a4ae-dbdb-d2fea364588f,2021-12-28,TX-400,IL,Supplier D,209,26,277,3.84,0.16
a4933d08-7856-3863-bf14-d784019ebe67,2021-01-13,TX-300,CA,Supplier C,248,18,318,3.45,0.06
90589e9d-b67e-b622-0a49-2243158476b7,2021-06-24,TX-400,FL,Supplier B,357,30,460,3.5,0.93
992a375b-5481-cde1-9d0d-9e355d2ba5b6,2021-11-16,TX-300,FL,Supplier D,244,19,313,3.9,0.7
7ea7fcc8-59e8-4106-6ba1-4bd92d68c1a9,2022-03-19,TX-200,FL,Supplier E,254,22,326,3.78,0.38
69f95734-dba2-6c6e-abef-104675d57a90,2020-05-23,TX-400,CA,Supplier A,315,29,408,2.99,0.83
623caa38-f119-d0da-3be4-f9fcac6bb34f,2022-11-24,TX-400,TX,Supplier E,244,10,300,4.13,1.0
97653762-21d9-921d-36d3-8d239678dd50,2022-03-21,TX-400,NY,Supplier A,226,16,284,3.78,0.74
feb214d2-d45a-84e1-e48f-e5f034f8985d,2023-12-18,TX-500,TX,Supplier B,263,23,341,4.33,0.63
57fe55dc-b864-040b-f52a-00e106974d6e,2021-11-04,TX-200,CA,Supplier C,297,26,380,3.9,0.96
22c51d4b-1d24-40da-c438-87c9bd5c437f,2022-05-24,TX-300,NY,Supplier E,324,12,399,3.99,0.17
3a1cd84f-f55e-2061-b22f-88b9abf6565d,2022-01-21,TX-500,IL,Supplier D,194,10,243,3.7,0.32
a4343c2f-f337-4f5c-c376-5d8de2a07eda,2021-05-12,TX-100,CA,Supplier A,297,25,379,3.79,0.08
016e79b3-66a9-5481-4190-f35d015bf222,2023-06-02,TX-300,FL,Supplier E,344,23,429,4.27,0.72
455cbd45-8fbf-f231-236b-70c9f80f08ea,2022-09-23,TX-400,IL,Supplier E,276,18,343,4.26,0.2
76398ba6-cc06-ac58-05fb-64486c49c1ec,2023-07-02,TX-100,TX,Supplier C,305,26,391,4.02,0.27
2788c65d-2039-a21f-4e6d-377aaf776117,2021-01-10,TX-200,TX,Supplier A,203,17,263,3.45,0.8
bb3e9e4d-cfdc-5213-1e99-7307efbc73bc,2020-03-22,TX-200,TX,Supplier D,312,25,402,3.22,0.93
7cc98b5e-a6c3-b1b3-ca40-dcfc0ec85c79,2022-11-01,TX-400,IL,Supplier D,229,15,287,4.13,0.74
427a252a-1b93-db5f-3d1a-5ff1d608804e,2021-02-26,TX-300,TX,Supplier D,251,21,326,3.82,0.12
444bb4fa-29d4-50a7-368c-d2d4c4c5d4e6,2023-09-18,TX-300,FL,Supplier B,306,33,399,4.06,0.96
6a697c01-bcfd-7425-eab4-c93e9a0f6306,2021-03-26,TX-100,FL,Supplier B,278,22,362,3.96,0.74
94c3fe90-5766-f56c-a410-9fd754237040,2021-01-05,TX-300,CA,Supplier D,228,25,303,3.45,0.66
7d36ac5d-c071-23c8-33a4-6bf1448b33cc,2021-06-18,TX-400,TX,Supplier E,337,18,429,3.5,0.92
0d7d74de-9fb9-39f7-81f1-1c36377a6b59,2022-02-13,TX-300,IL,Supplier B,240,18,303,3.6,0.84
9024283d-48cc-7c52-653b-cb8eddb0391a,2021-08-19,TX-200,FL,Supplier A,356,21,453,3.77,0.0
dc57c01d-0c85-9fca-a05d-88026e58c869,2022-11-15,TX-500,NY,Supplier C,261,20,330,4.13,0.17
f8fd6952-c5b1-28cb-434d-df382ca00468,2022-10-18,TX-200,FL,Supplier A,267,14,340,3.97,0.61
29549ab9-b917-1b65-7f5f-56d5c3d118ba,2020-09-23,TX-500,FL,Supplier E,275,17,351,2.91,0.38
a8c52a78-671d-c717-18e0-b8a2c16abb7a,2023-04-27,TX-300,IL,Supplier D,283,31,366,3.94,0.32
e49f6bd8-9d5e-4ecd-aae4-f35da84ac53c,2022-01-13,TX-200,IL,Supplier D,186,14,235,3.7,0.08
71f77e9c-ad6f-c18d-f817-231e8a2e31fb,2021-05-29,TX-300,TX,Supplier D,306,24,385,3.79,0.65
8261a7e0-03f9-a654-ad46-5fe070057e51,2022-08-07,TX-200,NY,Supplier C,314,25,394,4.49,0.28
e073f064-80fc-a0a6-5773-9f3f4aa6b1a2,2023-02-08,TX-100,NY,Supplier A,195,15,248,4.02,0.18
e099ae2a-8afa-eeba-88d3-fac7e626054b,2020-09-29,TX-400,NY,Supplier E,257,22,331,2.91,0.33
bff8994b-da5e-62c1-9078-ec7c6307eadb,2023-08-20,TX-200,CA,Supplier B,396,27,496,4.06,0.87
f7578fe9-8193-a373-ef60-fb58ae341228,2022-12-16,TX-100,CA,Supplier E,237,17,300,4.43,1.0
437bacb6-fa8e-bd7f-e84c-3d9323ff52d6,2023-08-19,TX-400,NY,Supplier D,288,18,365,4.06,0.65
87d99f2f-7638-c691-2d7d-698a031381a4,2020-09-21,TX-400,FL,Supplier C,256,12,317,2.91,0.37
cea90b21-ec5c-0f55-a7c5-5ead964d6852,2022-04-16,TX-100,NY,Supplier E,220,12,272,3.88,0.39
14424214-a919-0496-4dd5-637bb482c028,2022-09-13,TX-400,TX,Supplier E,355,26,447,4.26,0.34
4df9cb03-1c5c-d03e-4548-8334128c275c,2023-07-25,TX-400,FL,Supplier A,385,26,495,4.02,0.84
2fdefce5-28c1-1edb-f7e3-0c1b64b0b6cc,2020-07-10,TX-300,IL,Supplier E,289,18,367,2.82,0.8
8b1aeda9-d7a7-b257-afc3-681ed7ac9366,2022-06-13,TX-300,CA,Supplier B,326,30,416,4.1,0.45
782e33c0-5b73-8661-0906-e43e76857d40,2021-05-02,TX-300,NY,Supplier A,289,15,361,3.79,0.16
c61f30ee-106b-a711-0291-72a081b1183a,2023-03-07,TX-500,CA,Supplier B,292,26,377,3.74,0.83
f6ca6cf8-dd15-97c7-b24b-4df174e5b3f4,2021-05-20,TX-400,CA,Supplier E,412,15,509,3.79,0.23
a5843657-77bd-92b2-8c18-1f390aa80afd,2020-10-29,TX-200,IL,Supplier A,249,14,312,2.74,0.56
d2683ea3-d328-b843-98f2-200ef2a76f58,2020-10-04,TX-400,IL,Supplier E,252,4,301,2.74,0.53
af641d2e-da22-de43-ca16-6b948a3e2f66,2021-02-20,TX-100,NY,Supplier D,180,14,230,3.82,0.65
cd36372f-8b50-1e88-466c-d2896e79e5ca,2023-01-22,TX-100,IL,Supplier C,208,11,266,4.33,0.54
fa0bccd6-48a6-b1e7-f626-6a01b543dbb9,2020-08-15,TX-200,NY,Supplier E,258,15,325,2.82,0.5
0de62387-04b0-0312-3980-5c6b01103918,2022-10-29,TX-500,NY,Supplier B,264,29,346,3.97,0.92
95f269a7-5d7f-b68a-5a90-893ff33e3dec,2022-02-26,TX-400,FL,Supplier C,288,22,362,3.6,0.98
db06c5bf-2a39-ee7b-addd-da6f6b88eabd,2022-07-16,TX-300,NY,Supplier D,282,29,367,4.71,0.4
40ecf352-4c3b-a3a4-4a7e-4d21b6771bbd,2020-01-31,TX-300,NY,Supplier B,170,10,211,3.17,0.66
5daf2d41-ff55-520e-4348-05f516385670,2023-08-11,TX-400,FL,Supplier D,367,39,480,4.06,0.19
a350c602-348b-affa-7017-cc532726a2bb,2023-02-19,TX-300,NY,Supplier A,227,19,294,4.02,0.19
ba199314-cd4d-8c3f-098f-e64d897076bf,2022-03-18,TX-200,FL,Supplier E,243,9,298,3.78,0.88
6c13c2db-f209-31f9-6ee7-9296b1b39593,2022-08-12,TX-200,TX,Supplier B,342,18,427,4.49,0.63
f55e151f-d4b7-dd40-1184-d381c999c702,2022-01-14,TX-200,CA,Supplier C,202,13,253,3.7,0.03
0cb45aa0-2601-6202-2ce9-85b97e8e706e,2020-01-04,TX-400,FL,Supplier B,199,16,254,3.17,0.66
904b6c00-5ee7-cc2e-5e39-811775002c2e,2023-04-05,TX-200,CA,Supplier C,308,25,397,3.94,0.86
a81adecd-2f0a-3d5f-a6ad-4db9a08470d1,2023-04-30,TX-300,NY,Supplier B,281,21,361,3.94,0.81
04f36e42-ba88-1649-6368-9c6659a4f9fc,2023-02-08,TX-500,TX,Supplier E,287,22,366,4.02,0.18
1f9ea7a9-276f-17c3-e93b-b7a86947fc97,2020-07-19,TX-500,NY,Supplier B,370,34,482,2.82,0.65
9b75d00a-e938-bec6-76ba-09eaf77984d3,2020-05-14,TX-200,CA,Supplier E,339,19,428,2.99,0.77
eafa7fe7-65e3-86e9-bdd0-d79cf72bb773,2020-10-30,TX-500,CA,Supplier A,278,22,362,2.74,0.57
75d624ac-6cc9-af68-a108-ee1085513b05,2023-05-10,TX-500,CA,Supplier C,381,31,487,4.14,0.32
b2725b17-8001-6488-d57f-e544d25a961c,2022-04-13,TX-300,CA,Supplier B,296,22,377,3.88,0.47
db429e12-6fde-2d0e-a2eb-f50b09d29de3,2021-09-08,TX-200,CA,Supplier A,288,17,361,3.71,0.81
4c87975e-3fea-2bf2-6c10-aae229e584a7,2021-06-13,TX-100,IL,Supplier A,286,24,368,3.5,0.34
8db46a36-9910-fc06-b356-db778f040241,2020-12-31,TX-400,CA,Supplier D,210,16,266,3.4,0.24
5a8470af-137c-4e49-85d2-74425753db13,2021-10-24,TX-300,CA,Supplier D,227,16,290,3.51,0.81
b62bc772-25b3-be62-82a0-fda8a1047c84,2022-04-27,TX-300,CA,Supplier A,367,29,469,3.88,0.2
cfa7937b-0c53-879a-2cf8-41dd4e150a4c,2020-11-17,TX-200,TX,Supplier D,247,22,318,3.1,0.27
446fc36d-61ab-73c5-31e6-cabf7c7ecfd8,2023-05-14,TX-500,IL,Supplier C,380,26,490,4.14,0.59
b2683b5d-5f23-df85-8cdc-502a3d28962e,2021-03-07,TX-100,CA,Supplier A,288,14,359,3.96,0.22
8a766335-a121-d8cf-527d-a647897eaf8a,2021-05-21,TX-300,IL,Supplier B,256,12,321,3.79,0.29
6d334b60-4657-be27-5fb1-97ab45bfc3d9,2023-02-27,TX-300,FL,Supplier C,215,17,280,4.02,0.71
36da3500-024d-3a78-1a5c-d712409950d5,2023-05-07,TX-400,IL,Supplier D,372,36,484,4.14,0.4
1f26902c-9ae9-15c4-4e28-665544b2fd62,2020-11-04,TX-500,FL,Supplier E,287,17,365,3.1,0.49
b976375f-9c87-30e8-c587-65d2bec5787a,2022-01-26,TX-300,CA,Supplier C,201,14,255,3.7,0.69
f7021b03-8d1e-e7a7-d70a-9538ea914616,2021-07-31,TX-200,IL,Supplier C,343,35,449,3.79,0.08
5e824f80-4ee6-0a2b-bc14-f5067b0b91a6,2021-08-31,TX-100,IL,Supplier E,278,17,343,3.77,0.59
16b8667c-72bb-56a1-27e7-e1e57fac99d0,2021-10-26,TX-300,IL,Supplier D,197,17,257,3.51,0.79
2a601dba-d80b-6479-d137-09cc028409fa,2020-06-16,TX-100,TX,Supplier A,366,20,464,2.68,0.12
fe42c5be-a84f-82a7-7ea3-b09db1d33fa4,2021-07-08,TX-500,CA,Supplier A,421,26,533,3.79,0.96
cbbe0d3c-7f73-065e-f9f2-11ac596fb88c,2020-08-07,TX-300,FL,Supplier E,281,14,349,2.82,0.02
a0c9039a-a5f8-bff0-d8b4-6fb4a6ea619f,2023-07-03,TX-500,FL,Supplier D,426,32,545,4.02,0.16
9d53bca0-87d4-7755-052b-78fa79b23b32,2022-10-21,TX-500,CA,Supplier E,330,9,402,3.97,0.85
10a52383-4556-b72a-1fd8-81266fdf9744,2020-07-15,TX-100,FL,Supplier B,345,21,432,2.82,0.6
83a3316b-cb95-17ae-b550-30c71664843b,2023-09-08,TX-200,NY,Supplier A,309,19,389,4.06,0.53
841cbd89-df39-ff5b-2880-c0075885f1e3,2020-01-07,TX-500,CA,Supplier C,228,18,293,3.17,0.46
f273141e-c58d-28ba-b3cd-c95afd344173,2023-06-06,TX-200,IL,Supplier C,339,15,425,4.27,0.76
3d9e867e-b795-1c84-ce05-2804131ebf64,2023-01-13,TX-200,CA,Supplier B,238,17,299,4.33,0.44
6d7fc1e8-d9ed-a6ca-0bd6-ab25725aabae,2020-11-30,TX-400,IL,Supplier A,180,8,220,3.1,0.38
dda33850-cc1c-87e0-dc9b-37b93d904999,2021-05-03,TX-100,IL,Supplier D,260,25,334,3.79,0.17
2d51be71-b033-f19e-f54f-7a13ab16cdfa,2020-11-05,TX-100,IL,Supplier E,184,5,226,3.1,0.6
7d6c5c07-a098-7362-65e0-fd3b498ce258,2022-04-24,TX-400,FL,Supplier C,347,24,448,3.88,0.75
b94b2437-4e78-1e35-4eee-00f894bd58f4,2021-08-03,TX-100,TX,Supplier D,295,34,387,3.77,0.92
68b8360e-ba42-28f9-d816-4e3ddd9b8d5d,2020-07-09,TX-400,CA,Supplier B,395,33,508,2.82,0.83
a421b50c-8fa6-3068-a595-66a656f7e6d5,2022-11-21,TX-300,FL,Supplier C,240,15,300,4.13,0.77
0c37e352-bef7-d79f-908f-6d0fb6f91132,2022-06-20,TX-100,NY,Supplier D,327,28,428,4.1,0.25
7245355b-cc47-b870-4f12-69a2e0d05121,2021-10-03,TX-300,FL,Supplier C,249,13,314,3.51,0.9
1407a364-d6ed-0d87-b490-5fca6f9d4010,2021-08-31,TX-200,CA,Supplier A,332,19,415,3.77,0.59
19317d27-ae2f-6d9c-70c4-d2db72ae112b,2023-08-19,TX-200,TX,Supplier D,371,22,472,4.06,0.65
e388caed-5264-efca-fa32-db71a29c7414,2022-12-07,TX-400,IL,Supplier E,243,12,307,4.43,0.11
9f812fd5-7b52-45cd-1b4c-3793c5d7aebd,2023-11-05,TX-200,TX,Supplier A,239,21,308,4.32,0.35
78ebb1ac-057b-de4f-722e-07c693a57a4d,2021-10-22,TX-300,TX,Supplier B,277,22,354,3.51,0.99
09928b21-a8f7-d66a-8308-44f145b0a9ce,2021-02-28,TX-500,CA,Supplier D,307,24,388,3.82,0.28
bfe07e79-d52a-ec2b-a69d-df6d8b27ae10,2020-10-02,TX-400,FL,Supplier E,241,8,300,2.74,0.65
9a8fd520-0828-0280-10cb-ad6add20daf7,2023-08-20,TX-200,TX,Supplier E,366,19,462,4.06,0.87
f95f5a8a-4d66-4e4b-52e7-718c18a9a7b6,2022-05-26,TX-400,FL,Supplier D,320,18,402,3.99,0.16
f48a1312-28d7-4e41-48af-f0ed9ece1dc9,2020-11-14,TX-300,TX,Supplier A,223,12,278,3.1,0.33
23ca0266-a02a-e899-6dfa-956437f739c0,2022-05-13,TX-500,IL,Supplier A,347,24,439,3.99,0.98
009f6495-4bcb-ebd9-a45f-445f3cef8ddd,2023-01-05,TX-100,IL,Supplier A,181,11,229,4.33,0.14
e20e8f92-cfc9-6ded-35d8-ad453ce49bf7,2021-10-03,TX-100,CA,Supplier A,241,25,313,3.51,0.9
ba6d932e-1672-bc31-9d8a-9ddc209f7143,2021-01-20,TX-500,TX,Supplier D,268,20,338,3.45,0.2
ae198450-611e-fd1e-c617-c574658c03e1,2020-02-10,TX-400,NY,Supplier B,213,20,279,2.91,0.15
59b88e81-4789-cd62-4004-a90115bb90b5,2020-11-25,TX-300,CA,Supplier D,219,10,270,3.1,0.73
44c455b1-8d1e-87f9-d598-85b54f18c8ea,2020-09-16,TX-400,TX,Supplier E,275,13,345,2.91,0.14
b34d5e40-15c7-b3a1-000a-26743cbc23fc,2020-10-03,TX-500,FL,Supplier C,267,16,341,2.74,0.8
b790542f-a713-aa2f-9132-93f7e63de569,2022-12-22,TX-200,CA,Supplier A,236,13,301,4.43,0.46
7660afc7-42d4-6903-4aa4-cec2a0272f29,2021-02-17,TX-200,IL,Supplier A,213,15,268,3.82,0.3
ff60d22a-9935-a615-3e68-94991267140d,2023-03-12,TX-500,CA,Supplier B,296,17,370,3.74,0.31
eebf2c1d-891c-1e21-a853-010aa64ea4a4,2021-06-04,TX-500,TX,Supplier D,408,40,528,3.5,0.34
4430ae02-afe7-7db4-c2f4-87f4a80d005a,2022-07-10,TX-400,IL,Supplier A,389,28,490,4.71,0.03
3468f74e-113d-9f32-670c-e9a8047e8714,2023-03-18,TX-200,IL,Supplier A,272,16,348,3.74,0.89
9d819238-a539-5c4d-cb4f-5b127cdb7415,2021-07-04,TX-300,NY,Supplier E,301,24,381,3.79,0.48
e233ed9c-2534-4132-01a2-77314292cdac,2020-12-22,TX-200,IL,Supplier B,187,15,240,3.4,0.28
a313ee82-e4ec-458b-b47b-8ce1e6b37eab,2021-01-01,TX-300,FL,Supplier E,192,12,246,3.45,0.14
9e7fbd05-4991-f533-d707-0bd0055350d2,2020-02-25,TX-100,TX,Supplier A,240,15,303,2.91,0.72
9cb81579-e4dc-1938-b9d3-82ee38cc0bbc,2022-01-22,TX-200,TX,Supplier B,195,11,245,3.7,0.89
e2c8f042-836e-4ac7-a733-4f662b29109f,2021-03-05,TX-100,TX,Supplier B,254,17,324,3.96,0.41
7aa46f4c-fe28-c802-c557-4736023f5fe2,2023-12-30,TX-200,CA,Supplier B,207,18,268,4.33,0.75
c74aa02a-0c27-f979-adad-6ae2e006b22f,2023-09-23,TX-100,IL,Supplier C,233,18,299,4.06,0.98
b32e126a-f8dd-7649-42af-e04948ba750f,2021-11-27,TX-500,TX,Supplier E,242,12,304,3.9,0.33
fa48bb6a-f886-5787-cc4b-0cce66545df4,2023-06-30,TX-100,NY,Supplier A,302,19,377,4.27,0.37
84ce0ae6-73cb-72a4-97ca-2e416fbf5674,2020-11-01,TX-200,IL,Supplier D,197,21,259,3.1,0.52
d78bd91d-c499-47a4-5717-4088ab22fd34,2021-02-24,TX-200,NY,Supplier C,237,21,305,3.82,0.4
d637d18e-d4a1-00cb-df2d-c145488fb972,2022-07-17,TX-500,IL,Supplier E,375,19,464,4.71,0.53
4916e426-a494-2a14-c2c2-e6c136d7d616,2023-05-22,TX-500,NY,Supplier C,336,25,430,4.14,0.33
9a2d767d-55e3-6560-fadf-52a4f525e79b,2023-02-08,TX-200,FL,Supplier C,225,18,287,4.02,0.18
51a76795-d6ff-b140-c40d-943fca55f807,2020-07-26,TX-500,NY,Supplier E,290,17,368,2.82,0.11
f875d930-e312-7af8-7f4b-2941c6c6fc49,2020-07-21,TX-300,NY,Supplier B,314,29,410,2.82,0.45
caf1329a-e068-759e-2d47-357f94ba1c02,2022-06-27,TX-500,FL,Supplier A,446,39,576,4.1,0.49
5987a1bb-9748-4d2d-3765-1e86307654ea,2022-04-22,TX-500,CA,Supplier D,393,36,516,3.88,0.24
3b40db82-37e9-213f-a1ed-96246536cf3b,2020-02-06,TX-500,NY,Supplier E,221,14,278,2.91,0.72
e35332fd-5ae8-18c5-df44-bcb67960dfde,2020-05-28,TX-400,FL,Supplier E,292,7,361,2.99,0.2
55fd29b6-d3e0-b837-dfcf-6d50b0b1f008,2020-09-23,TX-200,CA,Supplier B,274,24,355,2.91,0.38
fb765833-2b7b-9903-bf1c-f381ef25d6c2,2020-05-18,TX-300,IL,Supplier A,322,24,406,2.99,0.75
ece6c3af-6365-2589-27dc-61d08743ebe9,2022-05-13,TX-500,CA,Supplier C,430,30,547,3.99,0.98
8a69aaed-d682-f2f5-02c4-600d791663b3,2020-08-11,TX-400,TX,Supplier A,397,36,513,2.82,0.59
10e52535-1791-499b-f8e3-7e04aeba6d36,2020-02-15,TX-200,IL,Supplier C,184,12,231,2.91,0.63
11478543-ab13-fe31-10d9-f0dd5dcabbff,2020-04-01,TX-100,CA,Supplier E,297,14,376,3.56,0.49
e7e211b8-d40b-a728-cc54-5691bc2daddc,2020-06-06,TX-300,TX,Supplier C,371,30,469,2.68,0.68
ee578582-e2d3-613c-f160-87e6b7d695ad,2023-02-11,TX-100,CA,Supplier E,218,17,281,4.02,0.99
69dbad88-e91c-7fb2-f674-e6114584c97a,2023-04-18,TX-200,FL,Supplier C,267,12,332,3.94,0.62
6f153b6a-8bfd-534d-67d7-27a648bebae9,2020-12-28,TX-200,TX,Supplier E,229,15,288,3.4,0.09
6ca2abdd-67de-ead5-1ec3-3f0413b19c3a,2021-01-26,TX-400,NY,Supplier B,198,21,257,3.45,0.16
3d189bb6-1310-3c21-ba9b-0c7f71e6654c,2021-12-10,TX-200,CA,Supplier B,233,14,294,3.84,0.46
ba23d535-24c3-f8cc-cbc4-8243f10a08a1,2022-06-07,TX-100,FL,Supplier E,329,17,413,4.1,0.9
66dd7ed6-d801-33c2-8a29-5c8223af3eec,2021-11-08,TX-500,NY,Supplier B,255,16,322,3.9,0.07
876f041b-dc95-9b2e-8fdf-98069b640138,2021-01-23,TX-400,CA,Supplier B,208,9,262,3.45,0.75
90ee65ff-32fc-b1c0-1b0a-bfc29d01711b,2021-03-21,TX-100,NY,Supplier A,227,15,285,3.96,0.55
3c9d105a-b0a6-c11f-dc0a-893394ae586b,2021-12-22,TX-400,CA,Supplier B,246,14,309,3.84,0.57
6cba3c77-3de3-dd7f-3c52-998c9da42636,2021-04-26,TX-100,IL,Supplier E,250,19,318,3.68,0.71
eb99e76f-59fb-4e2c-ba6c-aa6102e9cbb1,2020-08-07,TX-100,TX,Supplier D,299,29,386,2.82,0.02
fcca402e-5696-a92a-540e-d9c5be4fb2a2,2022-07-06,TX-400,CA,Supplier A,346,33,443,4.71,0.16
bd42c316-6c33-ad63-6c5e-5648b301a905,2022-12-21,TX-500,FL,Supplier B,247,20,315,4.43,0.32
8972e559-7ad0-c3cc-7d0e-cab7f9172637,2020-03-08,TX-100,NY,Supplier D,199,19,255,3.22,0.72
416835c3-7461-9c39-d96f-0c776ae0e9cd,2021-08-17,TX-200,NY,Supplier B,308,25,391,3.77,0.62
3478420f-1c10-c526-df33-3b0d63423835,2022-09-16,TX-100,NY,Supplier A,262,20,336,4.26,0.13
c782326a-2178-686a-300e-1499c651a79b,2020-03-01,TX-400,IL,Supplier A,205,14,258,3.22,0.46
4126a393-df2c-684b-624d-fb2be1e9f4f4,2023-01-24,TX-500,CA,Supplier E,281,14,350,4.33,0.09
abc0c250-82bc-ae62-3755-41d16ddd622e,2021-02-21,TX-100,TX,Supplier A,241,16,303,3.82,0.94
57fef45a-a5be-5cbb-3d4c-1ca072cb6cbb,2022-09-28,TX-200,IL,Supplier C,258,24,333,4.26,0.13
a650a013-c55e-61cc-9b83-427ffb92c4e3,2022-05-20,TX-300,IL,Supplier B,313,21,398,3.99,0.1
87323967-eba5-2736-c115-cb155f670235,2022-01-22,TX-200,FL,Supplier E,220,10,272,3.7,0.89
c27cc258-266d-5146-a75e-311f044d33b0,2022-06-05,TX-200,CA,Supplier D,422,36,548,4.1,0.94
ebbd74c6-f697-e32b-a762-41755b033f64,2020-02-13,TX-100,IL,Supplier B,180,11,229,2.91,0.38
11ba1649-87b7-b614-429a-164238c896b4,2023-12-27,TX-200,NY,Supplier D,210,7,261,4.33,0.74
491b5480-5d48-6b4f-cc1d-c0bc7b043bd7,2021-09-13,TX-400,TX,Supplier E,366,21,454,3.71,0.57
ccb4818a-561b-893e-8873-ae3bd7b71c0a,2022-09-23,TX-500,CA,Supplier B,349,25,449,4.26,0.2
3abd3851-5c17-2253-2a21-575fc17fa869,2021-04-15,TX-500,IL,Supplier E,314,16,395,3.68,0.86
9f2be3e5-a8e7-4479-2012-47d47d77d60b,2020-02-24,TX-500,IL,Supplier A,252,17,320,2.91,0.78
46e3d8af-9d6e-0073-5c4c-8590b45cdfcd,2021-04-19,TX-500,TX,Supplier A,311,25,395,3.68,0.12
6487e52c-f6f4-918b-1a6d-3100f2e4af1b,2020-01-02,TX-200,IL,Supplier D,183,14,234,3.17,0.01
87b44513-42cc-4d17-459c-1e160e4e8674,2021-08-11,TX-400,IL,Supplier C,345,30,442,3.77,0.77
98852311-aa58-eb22-98ee-26aba278a6c8,2020-06-23,TX-500,IL,Supplier A,364,28,467,2.68,0.29
85970a33-69f3-3767-5d2b-33445d28e3ec,2023-05-28,TX-300,CA,Supplier E,365,12,453,4.14,0.32
ab0e8efa-4025-87c9-3cf1-17b2df99edc7,2023-02-25,TX-500,CA,Supplier A,317,17,394,4.02,0.55
95d44af6-31de-a95b-ab7c-f7aecef11128,2022-11-11,TX-100,FL,Supplier B,219,23,291,4.13,0.41
9dbcad3d-d81c-9260-d742-523e1a608768,2022-01-29,TX-100,FL,Supplier D,183,16,236,3.7,0.99
7ec382ad-89ab-8ffc-421e-1c92596da19a,2020-08-16,TX-500,IL,Supplier A,308,23,394,2.82,0.88
1e118e2a-4322-b712-179d-78b556933d90,2020-06-02,TX-300,FL,Supplier B,359,28,462,2.68,0.14
2e7a9591-74e7-d89f-4c91-eaf93275f68b,2020-08-23,TX-200,FL,Supplier C,339,24,427,2.82,0.42
64b9d83b-8099-9a46-aff0-ca5e5659ce5d,2023-04-06,TX-500,FL,Supplier C,323,23,413,3.94,0.32
b25b85dd-bf66-3567-93a5-164b72e80179,2023-09-14,TX-500,CA,Supplier A,320,22,403,4.06,0.97
2126ba6e-3115-22f8-5be3-1053509a63e0,2020-08-20,TX-500,IL,Supplier C,303,35,397,2.82,0.24
c92667d5-f333-0d00-d240-33a54a47264e,2021-09-23,TX-100,IL,Supplier D,219,12,273,3.71,0.2
dca07c4d-e2f1-07e7-bba9-efb91c475961,2020-10-15,TX-200,IL,Supplier C,253,11,315,2.74,0.08
2cb408e7-af6b-f1e7-3fcd-d9b809dd00b0,2022-04-23,TX-400,TX,Supplier B,294,26,378,3.88,0.1
f660be1a-a326-cf80-1c2c-b1f29460cf6a,2021-10-13,TX-100,TX,Supplier B,243,33,327,3.51,0.32
fd4ee702-5052-0a3e-cd9b-3f2a64d3d9cf,2020-06-25,TX-300,FL,Supplier E,339,30,434,2.68,0.02
952b1cd4-f619-9dbf-ea75-e4a245eb26c0,2020-08-25,TX-300,NY,Supplier D,276,18,344,2.82,0.37
96d67986-4189-d427-b476-2edc5429cbd5,2021-11-30,TX-200,IL,Supplier D,217,20,278,3.9,0.84
801815cf-62b7-b187-df2a-16c59acc1fd7,2023-07-03,TX-200,FL,Supplier C,339,26,436,4.02,0.16
35e5faf6-be3e-144a-f701-98128e0768b1,2022-05-11,TX-100,TX,Supplier E,345,20,436,3.99,0.88
6f773e10-5de1-87e9-287c-f1be5daa3a3b,2020-03-25,TX-200,NY,Supplier A,256,20,324,3.22,0.59
80f01dcc-8dc0-3078-2a80-c6c96c645a71,2021-11-27,TX-200,FL,Supplier B,192,17,245,3.9,0.33
2cd5782c-4290-cdcf-30ea-3001ebd9c791,2022-11-26,TX-100,NY,Supplier D,166,18,216,4.13,0.15
dd32ee37-5ef1-514a-9827-5f4a2a3114ee,2021-09-16,TX-200,NY,Supplier A,298,18,377,3.71,0.6
1604df08-30a7-669a-eb66-63f6d989e77a,2022-06-16,TX-300,FL,Supplier D,329,24,421,4.1,0.85
6f906264-f551-0fd7-b1f6-07f3c9b33aa2,2020-08-29,TX-200,CA,Supplier A,292,16,367,2.82,0.05
33d3cedb-11c0-55bf-9e88-827b5219a866,2022-10-16,TX-100,IL,Supplier C,209,13,263,3.97,0.4
7a5dc69e-41ec-ff57-def7-ec6d005265e3,2022-07-07,TX-100,IL,Supplier C,315,29,403,4.71,0.55
6851d4c9-5821-0d67-1b21-2058c7723c82,2023-11-11,TX-100,IL,Supplier A,183,16,239,4.32,0.77
bd78ed1d-2c9e-2fdd-8a2d-5d4ccc2bb8d5,2023-04-26,TX-300,NY,Supplier B,279,21,354,3.94,0.4
04fe226d-9dfa-8169-67f3-c1fd7848e7f7,2020-12-14,TX-400,NY,Supplier E,201,14,255,3.4,0.46
7c53c841-1ae1-38ba-6b94-dccef063cf34,2022-11-10,TX-100,TX,Supplier B,194,14,247,4.13,0.59
4f732e10-0a95-415c-2e07-d2b065cff171,2023-09-02,TX-200,CA,Supplier B,313,25,399,4.06,0.94
30848e63-3306-22c2-e3d8-9d99f24e24a5,2022-07-24,TX-200,NY,Supplier C,317,20,402,4.71,0.92
5b6821b3-c048-c3ad-077d-edb6a44643a3,2023-03-29,TX-400,FL,Supplier D,273,14,348,3.74,0.68
9e8d0c1e-279b-f954-c8b4-71a6d7a1a82f,2023-08-19,TX-300,CA,Supplier A,375,34,486,4.06,0.65
626e6d38-4be6-211b-2fcb-4c514b9994c2,2023-09-16,TX-500,TX,Supplier A,332,24,417,4.06,0.19
d4729d9a-c79d-4037-1477-ab096f451a05,2020-05-17,TX-200,IL,Supplier E,317,10,392,2.99,0.09
28bd69e4-799f-38c6-9c17-75f028c8443a,2021-08-01,TX-300,IL,Supplier C,338,26,426,3.77,0.56
dd5df301-21d2-5326-0d5d-a8e909f3dedc,2021-06-09,TX-100,CA,Supplier D,382,40,501,3.5,0.5
f89b0492-4ab3-7685-e6c9-94fe1b2760bc,2020-05-20,TX-400,FL,Supplier C,290,24,369,2.99,0.94
b14ef922-184e-e4b1-8201-73967eb19207,2023-04-14,TX-100,CA,Supplier A,337,26,426,3.94,0.93
870b42ac-d0cf-a860-e9b2-97cf1f3afafb,2023-12-11,TX-200,FL,Supplier A,220,15,278,4.33,0.06
cc8618cf-1cd6-7a38-59cb-31cc1be09163,2022-08-31,TX-200,FL,Supplier A,327,24,415,4.49,0.53
804e3dd7-9bc4-1cea-ce5a-db828150d5a6,2023-11-12,TX-300,IL,Supplier A,204,17,258,4.32,0.54
0f8d8bfb-d9cd-95d1-b821-4a0914012fb9,2021-10-21,TX-200,CA,Supplier C,311,19,386,3.51,0.48
be9b83a0-fe8c-595f-49ec-d4b6a5a47b7e,2020-08-13,TX-400,IL,Supplier D,302,25,384,2.82,0.39
c24983e3-5f1a-d3af-e5c4-f0ae678f857d,2023-10-04,TX-100,FL,Supplier C,274,24,349,4.1,0.46
d338e1dc-f8fc-da4a-5d39-8ee68a074e85,2021-10-29,TX-400,NY,Supplier A,238,23,315,3.51,0.1
4ddee6f9-e123-452f-cf60-00ebe68ae8a6,2021-07-28,TX-500,NY,Supplier B,301,34,391,3.79,0.98
6203589f-8588-662d-0fe1-b4c1a8912515,2020-08-19,TX-200,IL,Supplier D,321,24,411,2.82,0.18
4678f45f-2374-47bd-97ab-e566c0f50dc0,2023-03-28,TX-100,NY,Supplier E,227,5,274,3.74,0.2
9b213fc5-8d5a-27b2-855a-6908a2ec0e15,2020-09-16,TX-300,FL,Supplier A,275,18,352,2.91,0.14
6126be4a-318a-e563-466a-b5d44039b03a,2022-09-22,TX-500,FL,Supplier C,347,30,442,4.26,0.33
f6182c5c-183d-b708-4565-e2e42c9445b9,2022-11-11,TX-500,FL,Supplier B,232,19,295,4.13,0.41
a6824f13-831d-b111-1e0c-0f9f6e8600e0,2023-02-09,TX-300,NY,Supplier E,184,14,237,4.02,0.82
c24593ce-8e17-fe66-d55b-328c7af20a60,2020-12-15,TX-100,TX,Supplier E,183,15,235,3.4,0.44
b7ed43d9-53d8-7772-81c9-a8763110e273,2020-12-04,TX-200,TX,Supplier D,207,16,265,3.4,0.12
cf9b4c8d-5b28-9947-5366-a62c77268225,2022-03-30,TX-300,CA,Supplier C,272,19,347,3.78,0.2
7223051a-1545-1470-b616-a24396a5e0a0,2020-03-04,TX-500,FL,Supplier E,253,17,320,3.22,0.58
3149b318-c74e-e9c8-1885-f1883dc562a7,2023-03-31,TX-300,TX,Supplier A,284,18,359,3.74,0.1
b529f2ae-e756-b83a-055a-ea6faef6b931,2020-10-03,TX-400,TX,Supplier B,300,24,388,2.74,0.8
506895ad-7f38-ae02-cc3c-9406d55f378c,2022-07-13,TX-100,FL,Supplier E,316,19,402,4.71,0.32
b52c87e2-eda5-a34a-95d4-97f90de406ce,2020-11-11,TX-500,FL,Supplier E,254,10,312,3.1,0.42
0ecee946-9098-a056-75ad-b5d4bb6c1358,2023-12-27,TX-200,IL,Supplier B,201,15,256,4.33,0.74
dbd4629a-0f78-88f6-685f-04535fd47436,2023-02-02,TX-200,TX,Supplier C,203,10,253,4.02,0.22
21952b8d-6c0d-1e7b-7a1b-96df8dd0073b,2022-12-05,TX-300,TX,Supplier E,244,21,318,4.43,0.88
dfe4a4ff-519a-c304-8502-7673ddb29438,2022-03-21,TX-200,NY,Supplier B,252,16,316,3.78,0.74
085817f6-3a11-be18-f1d1-faaf9745ce37,2023-06-09,TX-500,IL,Supplier B,343,30,441,4.27,0.93
a78812d6-9551-aafa-3bbb-9b1e48576d81,2021-04-15,TX-100,FL,Supplier A,253,16,324,3.68,0.86
f1bb04d1-127c-a1eb-8b4a-44ce470a20d2,2020-01-19,TX-100,TX,Supplier A,218,25,286,3.17,0.03
6760f900-b8a4-2556-dbb7-a050afc4d1d1,2020-08-01,TX-500,NY,Supplier D,334,35,437,2.82,0.14
4b8cda0d-1fa2-2732-6907-b37e34a61f78,2023-11-03,TX-400,IL,Supplier A,219,16,278,4.32,0.86
886cbd43-941e-1610-95f5-72a9572c73bc,2022-01-16,TX-300,TX,Supplier D,216,20,278,3.7,0.02
ec187ba8-ad57-d852-08ce-33871ed50e91,2022-02-04,TX-500,TX,Supplier D,297,25,380,3.6,0.9
1749394d-945e-35cf-a774-f5ffd34adde6,2022-03-11,TX-500,TX,Supplier A,339,29,434,3.78,0.18
b92ade56-fec6-0a8f-675c-a49998b74332,2023-06-25,TX-400,TX,Supplier E,433,19,533,4.27,0.47
22340328-3f32-79c2-4536-15c4202f60b6,2022-12-23,TX-100,TX,Supplier B,219,14,277,4.43,0.42
1fa9aa07-bf7d-b783-204e-62b784a79d40,2020-05-10,TX-200,NY,Supplier B,312,20,399,2.99,0.89
448ca6a9-b14f-3452-d27b-840b5a85f955,2020-03-11,TX-200,NY,Supplier E,196,9,247,3.22,0.58
e5e0b737-6d24-c534-13a8-d088d91d2596,2020-10-01,TX-500,TX,Supplier C,345,24,430,2.74,0.85
2ddc79fd-3147-3734-bf05-642f0f217424,2023-03-22,TX-100,CA,Supplier C,243,23,312,3.74,0.47
c60c475f-b1d8-246a-3f0a-37cfb165fcc6,2022-04-27,TX-200,TX,Supplier C,357,34,456,3.88,0.2
098ca94f-d72d-5a3c-32dd-354d9921364c,2022-05-24,TX-200,IL,Supplier B,361,20,452,3.99,0.17
dfc02625-0f82-0679-b298-39cdcd6ab741,2023-12-20,TX-400,FL,Supplier B,243,23,318,4.33,0.66
b1d6fbc3-0b4e-40e6-7237-7def0a8d303a,2023-11-07,TX-500,TX,Supplier E,285,13,345,4.32,0.23
564113fd-3b77-ecf5-1fe0-9fe2beac7e82,2021-12-06,TX-100,TX,Supplier E,176,9,220,3.84,0.23
5fb3845f-ee7d-9e9f-f1af-c584843ba294,2022-12-11,TX-100,NY,Supplier E,204,8,252,4.43,0.55
0ad31387-c06e-4e1c-93f3-3f1883a19da1,2023-11-24,TX-400,FL,Supplier A,223,15,281,4.32,0.5
cf90c3ac-b1c0-08c1-14d7-68ee1c843acc,2020-06-28,TX-400,IL,Supplier E,361,21,457,2.68,0.11
2375a814-58d8-954d-42ec-14028d66b25a,2021-10-10,TX-200,FL,Supplier C,295,22,373,3.51,0.65
283eb104-23e5-f023-3225-75dc34136b25,2023-07-07,TX-300,NY,Supplier A,308,12,379,4.02,0.97
53964531-0055-5006-3c71-3a217336aeeb,2022-12-27,TX-400,CA,Supplier B,225,21,292,4.43,0.79
d86a5ec2-7f37-93cc-146a-5b37d65865d5,2020-03-23,TX-300,FL,Supplier D,225,23,293,3.22,0.58
7927ebcc-6792-76d4-cccb-88ae4eb5b732,2021-08-03,TX-400,FL,Supplier E,338,23,433,3.77,0.92
206d9898-d114-f257-1d09-0df4a914bb62,2022-11-22,TX-300,NY,Supplier D,213,18,273,4.13,0.12
2fcca51a-cd1a-b237-c8d1-303301d8d34a,2021-09-27,TX-400,IL,Supplier E,259,14,323,3.71,0.34
ba4522e1-c124-7ac7-0a5f-4dd84020d24c,2022-08-08,TX-500,CA,Supplier D,445,23,556,4.49,0.06
49f46ad6-c4d1-b238-042f-603d131f598a,2020-12-02,TX-200,NY,Supplier C,197,14,249,3.4,0.72
f06e0d2a-d1fd-57be-0e57-f8105430130b,2022-07-20,TX-500,FL,Supplier A,441,22,551,4.71,0.82
866a1940-e281-8c43-2191-15b734bd3e9e,2022-07-19,TX-400,CA,Supplier D,372,31,475,4.71,0.99
14b611f8-874a-b19b-dcec-f4c75d560975,2021-11-01,TX-400,TX,Supplier C,263,18,333,3.9,0.51
90a13d97-c4e3-ec41-4ed3-c5f7fb3a14a9,2020-03-30,TX-200,IL,Supplier C,288,32,374,3.22,0.08
001a5c75-0304-cef4-ea3d-50866fec3f17,2023-12-23,TX-100,FL,Supplier B,210,14,267,4.33,0.37
9b736300-5961-c292-964d-19c9bf37ced1,2022-02-28,TX-400,CA,Supplier C,245,13,306,3.6,0.51
e16acc26-fe23-a7ea-c5aa-1073a99cf23f,2020-11-14,TX-400,NY,Supplier B,185,7,227,3.1,0.33
bbb70da5-c6fd-d385-a6cc-805cca937ef9,2020-07-21,TX-400,FL,Supplier E,391,22,485,2.82,0.45
14992e63-a90f-cba9-1511-ec1370854748,2021-08-01,TX-300,TX,Supplier B,370,35,478,3.77,0.56
7ff9cb61-c2e8-e72d-6a0a-0b0ea5e6e23f,2023-06-03,TX-200,NY,Supplier A,336,25,428,4.27,0.39
596929e8-b35c-ac03-449c-0a611f1b9ddf,2022-10-27,TX-500,IL,Supplier C,254,27,332,3.97,0.24
2c84822e-d0e5-11b9-91db-6ab00b815b48,2022-04-23,TX-200,CA,Supplier C,339,28,435,3.88,0.1
b284f388-3a9e-0a43-3d1f-aa427b0ad0a3,2022-12-08,TX-500,TX,Supplier D,265,14,335,4.43,0.83
8c3bd754-3124-fffd-4d96-6e86fad2cd01,2022-03-03,TX-400,NY,Supplier C,228,15,285,3.78,0.52
036d16e1-6f09-32e9-775e-8da8981eeca2,2020-07-29,TX-500,IL,Supplier C,319,19,403,2.82,0.15
c36bb8eb-8d90-5207-6ebe-05d43075d9ec,2020-09-24,TX-200,TX,Supplier D,315,27,404,2.91,0.69
02673f70-27f5-a4bd-4d4e-aeee2aaa46a3,2022-05-17,TX-400,IL,Supplier B,348,27,447,3.99,0.14
3f586a93-d0e2-c4ca-736f-720adf318b77,2023-11-02,TX-300,FL,Supplier E,271,21,344,4.32,0.62
14d63229-727d-5b21-a0db-87818abec144,2023-02-05,TX-100,CA,Supplier D,198,26,267,4.02,0.12
c732ec07-0f18-b847-c4f2-daba89a6807b,2023-10-25,TX-100,TX,Supplier D,254,22,326,4.1,0.06
e388169c-9d5d-ac48-1017-d1ea2e600d6b,2020-06-19,TX-300,TX,Supplier E,358,30,455,2.68,0.3
bb4ef22b-59ab-6769-dd4a-2dc921dca593,2023-06-28,TX-500,CA,Supplier E,421,25,529,4.27,0.33
c898611a-e130-bcfe-16d1-7b8f3a2d77f8,2022-06-18,TX-400,FL,Supplier B,330,33,428,4.1,0.34
b807bf90-e701-d874-c69a-7c67e9ba75ca,2022-11-09,TX-300,IL,Supplier E,201,12,251,4.13,0.26
3b29245b-188a-d9f5-122c-4e50af8a0dba,2020-02-26,TX-200,TX,Supplier B,267,17,342,2.91,0.45
4e0c2821-1e17-33a8-6a61-45cbba52e8be,2022-09-22,TX-400,NY,Supplier D,278,28,364,4.26,0.33
f990fa23-d322-60b6-ed16-329dce689d1c,2022-03-14,TX-200,IL,Supplier E,230,9,283,3.78,0.91
ef316a21-3a38-d3d2-d40c-466aae76d7a3,2022-07-26,TX-200,TX,Supplier E,374,25,472,4.71,0.05
dac83bf6-1fb0-b2aa-3e7d-5e4cd8dcdc6c,2020-02-27,TX-500,CA,Supplier A,310,22,397,2.91,0.27
ac0fa3bf-7bf0-59b0-6167-cadbd47c3207,2021-06-22,TX-400,NY,Supplier B,359,27,466,3.5,0.19
bf1a1026-0fdf-e07a-6933-5aae6deca7ad,2021-02-03,TX-400,TX,Supplier D,228,16,295,3.82,0.62
7b6a72be-e48a-0e26-1b19-1cec1a9ef26f,2023-12-24,TX-100,NY,Supplier D,198,19,255,4.33,0.43
da8c8a66-c29c-6e42-01da-2ef27fc368aa,2020-02-12,TX-100,NY,Supplier C,211,20,273,2.91,0.45
30049d4b-5ddf-1e80-e9e1-22a08d3fc1a7,2023-11-10,TX-300,FL,Supplier D,244,23,316,4.32,0.38
1fbb26bb-9503-d933-f4ca-48903d1adca6,2020-04-04,TX-100,IL,Supplier C,273,26,360,3.56,0.47
c18a14e3-af65-476e-fed3-e69e7a363562,2020-12-16,TX-300,TX,Supplier A,223,13,282,3.4,0.3
2e41a0a8-058e-16c9-95d8-1051196747ca,2020-10-25,TX-200,CA,Supplier A,256,17,328,2.74,0.59
7c79af3d-7309-df59-8e72-ecf7e2c940f0,2020-02-07,TX-400,NY,Supplier C,226,17,289,2.91,0.46
e1115fb9-2e8b-e0a9-43c3-61b11e472e9f,2022-12-25,TX-100,FL,Supplier B,200,18,259,4.43,0.67
0696383d-e387-e893-015b-f3befe89e13b,2023-12-06,TX-500,FL,Supplier E,250,14,322,4.33,0.05
55c9c159-314c-068f-7637-1ffdce538bfb,2021-07-01,TX-400,FL,Supplier B,386,30,496,3.79,0.63
0eed81fb-85c7-2d9f-c6a5-95153aa4b395,2022-08-05,TX-400,NY,Supplier E,333,28,427,4.49,0.0
257061fa-e3dd-adb2-5b47-80fa639a4d7f,2023-05-25,TX-400,TX,Supplier B,362,31,461,4.14,0.46
fe05363b-698c-71d5-b941-5a7867188e05,2022-06-18,TX-500,NY,Supplier C,376,26,472,4.1,0.34
0a1c495e-b3ad-02f3-8cd3-b84eeaf54530,2023-01-10,TX-200,TX,Supplier D,233,22,300,4.33,0.07
9d2174e1-f893-3394-6dfb-7ee3a9595d9e,2022-05-29,TX-300,CA,Supplier D,366,29,466,3.99,0.74
cf6d3b00-d820-324e-6a57-b851d35da51b,2021-04-28,TX-400,FL,Supplier A,322,21,407,3.68,0.64
fa3970a0-0bcf-0b2a-7a66-6700fe539075,2022-12-02,TX-400,TX,Supplier A,263,10,322,4.43,0.14
8d9bdd40-cdd3-05eb-12e3-1061ec9eff46,2023-04-12,TX-500,IL,Supplier A,332,23,422,3.94,0.21
aecf8f3c-28e4-ced4-a2b2-65c5b7f47f0f,2020-10-22,TX-500,IL,Supplier A,256,21,328,2.74,0.8
0299a40a-7f4e-c6c2-a8aa-01f1087b5025,2020-07-03,TX-500,CA,Supplier C,411,42,535,2.82,0.93
d97e0f92-ba52-8b27-cc91-21380f88fe12,2021-06-26,TX-200,CA,Supplier C,404,32,523,3.5,0.31
da982719-e804-cbb1-d701-46a069b3ed06,2023-08-07,TX-400,CA,Supplier A,412,24,518,4.06,0.46
59fb7895-7fb6-ba5c-b07c-6a849ad4f3ca,2023-06-15,TX-400,NY,Supplier B,332,23,420,4.27,0.92
17230bc5-7720-0f11-ace9-1057d4782ccf,2023-09-23,TX-500,TX,Supplier E,357,17,445,4.06,0.98
2e315d45-c8b1-ac33-c5cf-a0c92c2886f7,2023-08-21,TX-100,FL,Supplier E,322,19,401,4.06,0.63
12b626ae-eaeb-c865-2e46-32d6e48b98de,2021-07-25,TX-100,IL,Supplier D,303,28,392,3.79,0.49
4a697846-8fb7-6a7c-dfe2-f632f3f24939,2022-10-25,TX-300,IL,Supplier B,216,17,272,3.97,0.63
439efa6f-36e8-229a-6850-32aeb3b6ed11,2022-01-04,TX-100,NY,Supplier B,154,14,196,3.7,0.98
5704ae54-fb57-5c62-cb5d-0a96316f927c,2022-07-14,TX-100,CA,Supplier C,353,38,467,4.71,0.61
6dfa9434-d954-5561-4303-48d08ae83e23,2021-05-20,TX-400,FL,Supplier D,355,27,455,3.79,0.23
5adeb33d-2525-93a3-98dc-74247eb4d007,2020-01-17,TX-300,CA,Supplier A,206,18,261,3.17,0.56
6efc75f3-6ac5-c50a-06c9-372a5af104e9,2020-11-19,TX-200,IL,Supplier E,220,16,282,3.1,0.31
5ba9deac-d29e-9172-f565-fe5c13219eb0,2020-10-31,TX-100,CA,Supplier A,235,16,302,2.74,0.47
b7e543c1-1a4b-4ec5-ad2f-f804bf8c43d7,2023-04-25,TX-200,NY,Supplier A,269,26,350,3.94,0.04
f7b4ae1d-639f-9c86-a29c-380978c1a682,2021-05-07,TX-100,TX,Supplier E,281,19,355,3.79,0.84
87a3c124-7954-3a6c-1931-b1b236d44c10,2022-08-03,TX-300,TX,Supplier A,362,15,448,4.49,0.44
3e20e79d-5976-4d99-9366-d47e4780be93,2022-02-27,TX-300,IL,Supplier B,250,20,317,3.6,0.42
e259e8b5-203f-ad18-5498-88efe949e65e,2021-05-22,TX-300,IL,Supplier A,271,17,339,3.79,0.49
3b76622b-fabc-a153-5fd3-66d53f99f151,2022-11-03,TX-400,CA,Supplier D,279,21,357,4.13,0.76
1e3bc4c3-aa16-4723-bd93-ef03b73544b9,2022-02-27,TX-200,TX,Supplier E,280,12,345,3.6,0.42
c097b53f-dca7-e411-360d-35db19e51e3b,2020-12-29,TX-200,TX,Supplier B,191,13,243,3.4,0.9
8d33f0af-1b1d-9895-4ec7-c381a3cfdc89,2023-01-31,TX-300,IL,Supplier A,234,17,293,4.33,0.46
6da7c34c-5ef8-2018-39e9-be4dd66e5e19,2023-03-26,TX-100,FL,Supplier A,276,13,341,3.74,0.22
782b4a2b-2b67-c843-56c9-376784d5f8cd,2023-10-10,TX-300,NY,Supplier B,238,27,311,4.1,0.78
0659f90d-16df-2098-78ed-eed1160eef6f,2022-06-26,TX-200,CA,Supplier B,383,28,492,4.1,0.52
41918b03-bbf9-d830-6f95-2ea61acd710b,2023-11-16,TX-500,FL,Supplier C,262,28,342,4.32,0.67
f7980871-bf88-5b41-45ef-d3bfc51d8361,2021-01-04,TX-300,IL,Supplier E,210,11,262,3.45,0.91
a35a7cfb-43dd-82c5-ecf7-01b1314cdf10,2020-01-15,TX-100,NY,Supplier B,150,15,196,3.17,0.63
fe9ea912-3959-5cbe-fefb-3ab332e59c9c,2021-11-22,TX-200,CA,Supplier D,254,16,324,3.9,0.11
06b9f9f2-23c8-e42b-3632-5d0fccf50520,2020-02-21,TX-400,IL,Supplier D,233,29,310,2.91,0.7
debc432a-a24b-23c9-71de-f314777953a9,2020-10-25,TX-300,TX,Supplier A,215,26,284,2.74,0.59
d61b4c56-3d7e-cd98-3669-327c7fbb5506,2022-02-07,TX-300,FL,Supplier D,227,27,299,3.6,0.62
1480ad16-bb2b-c1cf-bd55-1803573a2ef6,2022-11-21,TX-300,TX,Supplier A,244,23,313,4.13,0.77
c5c36fca-6af2-6268-630e-1a26efcde60d,2021-09-12,TX-300,TX,Supplier C,281,24,356,3.71,0.14
fa3ed87d-4ba9-e539-df83-de6189d64880,2021-03-01,TX-200,IL,Supplier E,199,16,259,3.96,0.3
531dff0a-9163-5c7a-e53f-2478ce9f96c8,2022-07-01,TX-200,IL,Supplier E,294,23,377,4.71,0.13
e4d249d7-b747-8f88-3cf0-b4f84d3314b0,2020-11-13,TX-100,CA,Supplier E,256,12,327,3.1,0.67
9703da40-ed2e-28ce-3524-c80fb3725792,2020-08-22,TX-100,TX,Supplier C,285,23,364,2.82,0.57
76596bb4-3f44-45fc-f9e8-73c9783d13a6,2020-06-10,TX-200,IL,Supplier B,352,26,444,2.68,0.58
c90a976c-a67b-8c52-92ff-795260b8b48d,2020-11-22,TX-400,CA,Supplier A,272,30,357,3.1,0.94
629bc64a-32fe-69e1-0f70-a6c55de42059,2021-04-15,TX-400,FL,Supplier A,344,29,443,3.68,0.86
c64df217-09e6-e111-6ddd-13fb327c3899,2021-07-20,TX-400,IL,Supplier D,352,27,446,3.79,0.75
6da88c20-2811-872a-ea96-e11046d5c90f,2023-10-19,TX-200,FL,Supplier A,236,13,298,4.1,0.52
4f8dfcc5-acfa-7410-d7bf-b98bc2ba4b13,2023-05-19,TX-500,CA,Supplier C,435,37,551,4.14,0.93
1dae942d-04f2-c070-3382-b5af4920149a,2022-02-15,TX-300,NY,Supplier D,194,18,245,3.6,0.6
510c2787-38e4-522a-bebc-4d05b063a1df,2021-07-12,TX-200,FL,Supplier B,384,23,479,3.79,0.73
767f216e-4ede-ad64-90f9-d98486db39b0,2021-01-16,TX-200,IL,Supplier C,183,16,234,3.45,0.77
7e34ceea-4f0f-2aec-adfb-1e70ece7a001,2020-04-06,TX-500,NY,Supplier E,265,18,339,3.56,0.33
ae2c0685-7afd-0270-78fa-1b5657485b09,2022-03-15,TX-100,CA,Supplier D,278,31,363,3.78,0.21
cdc09bde-a20b-3622-ea06-982eb3c274d5,2022-02-06,TX-400,IL,Supplier D,215,20,280,3.6,0.54
9d0a4fc2-2b3b-0a6e-8768-cdc02e963a10,2021-12-21,TX-300,IL,Supplier D,194,13,247,3.84,0.24
2d4e35c2-10ea-9874-77f0-b5572ba2541f,2020-10-15,TX-100,IL,Supplier A,245,17,312,2.74,0.08
35f0249c-07e3-2c54-2aeb-2035763c5e61,2021-10-26,TX-200,TX,Supplier E,265,14,329,3.51,0.79
0fc22821-47b7-b3c4-ff0c-9904952c037a,2020-03-16,TX-100,TX,Supplier A,279,20,353,3.22,0.49
ce0dc7b6-a402-30cc-5fec-a16a989b8c0c,2023-07-24,TX-100,FL,Supplier A,351,25,438,4.02,0.79
3b16f300-26f6-9e3b-dbe2-ca996bae5ab1,2021-05-07,TX-500,FL,Supplier E,324,21,414,3.79,0.84
bbb301bf-ef84-ffa8-e4e6-4a436cba270f,2022-07-02,TX-100,FL,Supplier D,354,26,456,4.71,0.13
36ba1e87-0fbc-d216-65a1-8eeabe621c03,2022-08-23,TX-500,TX,Supplier C,417,39,536,4.49,0.18
b4623bc2-e8ee-16e5-1607-dcb2ffcf8d0c,2022-12-25,TX-200,NY,Supplier C,164,17,213,4.43,0.67
82c744a4-22e2-1942-879d-f6a0a4e1b53c,2021-08-05,TX-500,FL,Supplier D,324,31,420,3.77,0.04
167d4bda-e550-0f1d-9014-0c6ac30eb8ae,2022-04-05,TX-400,CA,Supplier A,333,22,418,3.88,0.89
b2c080af-4014-3e42-3991-9dadae09f0fa,2023-07-22,TX-200,TX,Supplier A,381,35,499,4.02,0.42
9dbfdf3d-09d3-0281-e206-f2c0d7919b44,2022-12-06,TX-200,FL,Supplier D,227,22,290,4.43,0.66
2afd635a-668c-0ea9-6135-f9c20c04b1e0,2021-01-14,TX-400,NY,Supplier C,219,20,281,3.45,0.8
3d0a81fa-c28e-63d0-95e4-12474cddc70e,2023-03-05,TX-200,IL,Supplier C,253,21,323,3.74,0.42
2ef5c856-fdc2-78fa-5244-4f7eb1ce31b0,2022-08-31,TX-300,IL,Supplier E,259,17,328,4.49,0.53
a0ea2254-5fec-f8ed-d189-d981a383f163,2021-08-11,TX-200,TX,Supplier C,325,32,425,3.77,0.77
5fd71459-11c4-b1b7-d0b1-8f6b23157b85,2021-08-18,TX-400,IL,Supplier D,333,26,430,3.77,0.86
aa9ddfea-f737-07d1-c7de-09b00d82b5d8,2021-01-22,TX-300,NY,Supplier A,168,12,213,3.45,0.5
15900e2e-9de6-1ce4-309b-c8653917aeff,2020-12-25,TX-200,CA,Supplier D,198,13,251,3.4,1.0
311465a8-8a96-3596-0490-7aa61c50693e,2021-08-27,TX-300,FL,Supplier B,345,30,451,3.77,0.85
2ecf0517-45e9-5a16-d9dc-e96c854d7e60,2021-12-01,TX-100,IL,Supplier C,208,10,261,3.84,0.26
e2b03375-57b3-79d5-268b-b8193e9f1a61,2020-07-23,TX-400,CA,Supplier B,357,33,457,2.82,0.24
fde625ad-daa8-c2fa-0a05-ca027aebcd61,2023-10-26,TX-200,IL,Supplier E,227,13,293,4.1,0.2
cd72e1f1-38e6-7031-c700-6f07d236d361,2022-06-07,TX-300,IL,Supplier B,280,26,364,4.1,0.9
c9909982-2a3e-d5b7-7fff-020a741544f1,2023-03-17,TX-100,TX,Supplier A,238,18,300,3.74,0.21
056147c2-3934-e395-079b-c7495c0ececf,2022-06-20,TX-400,IL,Supplier E,361,27,465,4.1,0.25
ab4a4759-5ea7-f373-e764-82d199ac07f2,2023-06-17,TX-200,NY,Supplier A,280,16,354,4.27,0.0
b0a5e0a0-a10f-a5a4-63fc-db919f39703c,2020-03-09,TX-100,NY,Supplier A,223,13,281,3.22,0.43
ec8137b3-3e29-d46e-dbda-1b8760e31733,2021-04-28,TX-300,FL,Supplier D,283,29,362,3.68,0.64
12148a41-615a-55e9-e44e-ae1b5cd295c0,2022-06-23,TX-400,TX,Supplier A,339,15,423,4.1,0.94
530cd5fe-8d39-b7eb-44f6-88203f854f6b,2022-04-09,TX-500,NY,Supplier E,328,18,411,3.88,0.58
3ee0309e-7334-543c-f9d1-0a0cc6020a28,2020-12-23,TX-200,CA,Supplier B,231,18,298,3.4,0.84
a09a6a03-9991-b918-62fc-9c681fb58003,2022-06-10,TX-100,NY,Supplier A,294,24,372,4.1,0.85
eb76b492-ea01-5bf0-55f4-1f632772e0a6,2020-07-09,TX-500,IL,Supplier A,373,33,479,2.82,0.83
54bfd036-4ff9-3c9a-a7aa-91a4bc48fb37,2021-05-07,TX-100,FL,Supplier B,327,37,426,3.79,0.84
c9f6a07f-b3c1-147f-8d93-ca81becd56aa,2022-11-04,TX-200,IL,Supplier A,234,18,299,4.13,0.48
a980ad13-0dbc-dab5-1316-c892290e053e,2020-12-29,TX-200,CA,Supplier E,213,13,273,3.4,0.9
993bb995-b8a9-79b0-f18b-e0f15a8c9457,2023-08-15,TX-500,CA,Supplier C,464,37,595,4.06,0.4
91d0252e-96ec-b060-f6a3-55df1c5a659e,2022-01-21,TX-200,IL,Supplier A,188,20,242,3.7,0.32
5ca2bba7-31dc-0188-0b8a-9c9cfabf2ecb,2020-08-27,TX-300,CA,Supplier E,372,22,463,2.82,0.1
84dc61a6-61be-b7b9-e79e-b2822c8874b6,2023-07-15,TX-300,IL,Supplier B,309,18,391,4.02,0.81
284cd71f-996f-12ab-dea5-aef243de5e04,2023-09-17,TX-300,FL,Supplier B,256,17,326,4.06,0.29
8cba213f-2733-11ec-8a7e-5a04c0ff0610,2023-03-04,TX-400,IL,Supplier A,285,13,358,3.74,0.26
86797fff-8452-2f12-4275-bbc362533c16,2020-04-14,TX-200,FL,Supplier B,320,30,413,3.56,0.11
9aa1a713-04cc-67c6-e1c5-ceca8537c693,2020-02-22,TX-200,IL,Supplier E,204,13,255,2.91,0.27
508fd211-ab9c-ef47-14d9-9b6f45006c35,2021-01-27,TX-100,NY,Supplier C,204,15,259,3.45,0.73
0536d459-cd0a-981e-ba0c-f348468a9400,2021-08-20,TX-500,NY,Supplier B,305,30,394,3.77,0.51
258ee02e-8b33-5031-b95f-73a40585630d,2023-04-04,TX-400,IL,Supplier D,326,36,429,3.94,0.13
22e8d718-afba-bdd5-e8bc-9e766af06ae7,2022-04-10,TX-200,NY,Supplier B,257,25,332,3.88,0.41
44aeb560-dcd2-7468-2fdb-adb7c80e2162,2020-02-05,TX-400,FL,Supplier B,229,19,293,2.91,0.09
c8c7d9a9-8bca-1d51-0dc4-1d317f0df178,2021-07-24,TX-300,NY,Supplier A,312,35,416,3.79,0.78
03aadcaa-4985-34e5-10a8-ebd379d1350d,2023-12-15,TX-400,FL,Supplier C,255,22,331,4.33,0.43
6afce719-5711-d7d4-6d9c-e146a55478a6,2022-12-28,TX-400,FL,Supplier B,241,24,315,4.43,0.83
a5cb4a93-190d-7a7f-fd69-832258242fab,2021-03-22,TX-100,CA,Supplier C,278,32,366,3.96,0.43
cc708073-aa2c-9bf8-75d3-7031b022f1e7,2022-02-14,TX-500,FL,Supplier B,267,25,352,3.6,0.02
835f4f85-1223-a492-7cc3-95d1eb312448,2020-01-02,TX-400,CA,Supplier E,215,8,264,3.17,0.01
8c2c1eb4-b39d-6e21-0154-e10e5b6b458d,2023-03-06,TX-100,IL,Supplier B,227,15,287,3.74,0.76
2dce82d2-17af-329c-5a6c-8918bfafdfeb,2022-12-24,TX-400,CA,Supplier B,256,17,323,4.43,0.05
0d3595bc-869e-968a-bd5f-bb1ee295e4c9,2022-02-13,TX-300,NY,Supplier D,212,19,271,3.6,0.84
c74f1706-9991-d871-048d-05dacd1257dc,2021-09-13,TX-100,FL,Supplier A,283,23,364,3.71,0.57
c51d6b25-eef4-a78e-294c-d09b9c7f81bb,2022-06-25,TX-400,FL,Supplier D,361,27,457,4.1,0.78
0e030cf7-af8a-029e-1bfa-26662e090aea,2020-02-23,TX-200,FL,Supplier C,232,16,289,2.91,0.97
a4620ed8-c1a6-4d21-0a12-964d8612d948,2021-07-10,TX-400,NY,Supplier B,343,34,445,3.79,0.87
d9cbf6b2-ca70-c6fe-318a-83f186c4c605,2020-09-24,TX-300,FL,Supplier B,290,16,368,2.91,0.69
f51bbe7c-f98b-76a6-b025-39ac8e8597c3,2023-05-03,TX-400,FL,Supplier C,295,32,388,4.14,0.5
c33ffe13-dba4-a328-297f-5c33ebaa13a5,2023-12-03,TX-100,FL,Supplier D,187,12,234,4.33,0.59
fdea1660-454e-5bae-2bfe-26eb10dc1780,2021-09-22,TX-200,TX,Supplier E,274,13,346,3.71,0.07
7530d506-fca4-5d1d-3539-5c577ac62784,2020-08-18,TX-100,NY,Supplier B,262,20,333,2.82,0.04
a7a6686d-373c-4e3a-9971-1551d8e13119,2020-09-28,TX-400,IL,Supplier B,258,20,331,2.91,0.48
b4f27594-bd3a-7cfe-f719-e67d214abae9,2023-01-01,TX-100,TX,Supplier E,193,8,240,4.33,0.75
643bc5cd-36b2-3192-bcfc-7ae4660b8ff4,2022-08-25,TX-400,TX,Supplier C,325,24,421,4.49,0.85
59ad919e-3fa1-3fa8-dac6-49f6d1aacb7d,2022-12-23,TX-500,TX,Supplier D,226,10,280,4.43,0.42
24e9d529-570e-3f03-668d-ce7ed0de7631,2023-03-18,TX-500,NY,Supplier E,270,20,343,3.74,0.89
d6a0f035-f1e3-7380-9fdf-efd1b24094b1,2023-12-02,TX-300,TX,Supplier A,241,13,302,4.33,0.07
6c7499ed-9fd7-3057-a954-c64acc63c0d7,2020-11-25,TX-100,NY,Supplier D,190,23,253,3.1,0.73
afcee280-db22-ffca-3cf1-ece971901fb8,2020-02-19,TX-500,NY,Supplier B,221,12,275,2.91,0.96
8a3815fc-dbe5-6574-60c0-d6010221c7cc,2022-05-06,TX-100,NY,Supplier A,253,13,320,3.99,0.5
79477fc3-4779-7585-3d21-1ab193c81d68,2023-03-27,TX-200,TX,Supplier A,254,17,325,3.74,0.59
5567a399-bb6a-1837-a26b-52474db55aab,2022-08-23,TX-500,NY,Supplier B,316,31,409,4.49,0.18
b6595534-b265-1943-511a-c97a5668db30,2021-12-10,TX-100,NY,Supplier B,183,12,233,3.84,0.46
e381ed45-8511-8cd0-f2e1-cb05f47d907d,2021-11-09,TX-100,IL,Supplier A,217,13,268,3.9,0.46
96c66844-6130-3753-d17b-f8768a870e88,2021-10-19,TX-200,NY,Supplier B,216,17,277,3.51,0.78
b021bc83-7933-9c2b-24ef-76cfb90e1c66,2023-09-28,TX-400,NY,Supplier C,300,23,381,4.06,0.55
218b811e-60c1-8e8e-26b2-93653c4c39ce,2022-10-26,TX-200,CA,Supplier D,248,12,310,3.97,0.33
50173cde-13e0-4d02-05c2-95c3ced41f61,2021-10-04,TX-400,CA,Supplier C,312,20,391,3.51,0.24
c5fe9462-f079-4e84-9859-d4cc928a5fa6,2022-11-16,TX-200,FL,Supplier B,245,26,319,4.13,0.01
e53039f5-05ba-e385-dde4-5fcd237f7b4d,2022-02-13,TX-100,NY,Supplier D,204,15,264,3.6,0.84
e956314c-0e51-82f0-55ee-e6e7c30f967d,2020-01-22,TX-100,TX,Supplier B,226,21,292,3.17,0.41
ac2a9529-bad7-752c-a479-03ba013d89d8,2023-10-15,TX-500,FL,Supplier B,303,23,390,4.1,0.16
022b176e-7bd2-1c63-76df-6300c3dd2d0a,2021-02-22,TX-500,IL,Supplier B,265,19,333,3.82,0.15
6e9e6590-1292-81c9-a5b1-78fda7e4c8f1,2023-06-23,TX-100,FL,Supplier A,305,18,386,4.27,0.85
ce749979-fcd7-c27c-9e3e-42f8c728ee8f,2023-08-14,TX-100,IL,Supplier D,295,19,375,4.06,0.95
24bc957b-cafd-9ce4-465b-bb46adf7f268,2020-08-27,TX-300,NY,Supplier D,260,22,338,2.82,0.1
fc3f84a4-e100-7675-540b-d3a06f05fe26,2021-03-04,TX-200,CA,Supplier E,273,23,356,3.96,0.63
19e5db9c-59d4-5840-e3b0-506efc39ff03,2022-12-28,TX-500,NY,Supplier E,191,13,241,4.43,0.83
daf400c8-5b24-3ffa-c0f8-c26dd1de34f9,2021-01-17,TX-100,IL,Supplier C,169,8,211,3.45,0.7
9f6e0e36-2747-4158-57dc-2066236ccdf5,2022-12-29,TX-200,CA,Supplier C,254,21,322,4.43,0.82
02237129-bad8-0401-c397-441fee05d6c1,2020-08-09,TX-500,IL,Supplier B,312,23,394,2.82,0.17
b0de6945-5ebd-fe77-e4d6-56cf1972a677,2021-12-14,TX-200,TX,Supplier C,201,15,256,3.84,0.14
f47f026f-1dbe-2641-607e-eb73282b2b27,2020-07-21,TX-200,TX,Supplier D,331,18,411,2.82,0.45
1c31f5f3-3a68-ad7a-13fb-36bacceabb44,2021-10-01,TX-500,IL,Supplier E,287,21,366,3.51,0.54
b3b58391-c4fe-c866-8778-fe5d4909a1f0,2022-07-18,TX-500,CA,Supplier C,485,39,617,4.71,0.19
f149cc48-8bbe-fdf6-becf-617bed2ad3a0,2023-04-29,TX-300,CA,Supplier E,378,16,472,3.94,0.58
f054e45d-47b7-38ab-fbb9-9f4e13d3e405,2022-03-27,TX-100,NY,Supplier D,222,16,281,3.78,0.87
f1741a67-5a75-572d-1496-26f953168178,2020-11-30,TX-400,NY,Supplier E,179,12,232,3.1,0.38
4dbcddda-2fc0-8c22-3e1d-b0e713825cb0,2020-12-09,TX-300,IL,Supplier D,207,15,264,3.4,0.69
825124a6-bc90-9362-0f5b-7baa0fd4487f,2023-08-26,TX-200,IL,Supplier C,347,27,445,4.06,0.99
ab377109-39a3-ee79-2dfa-5e7d4aeed66c,2023-12-19,TX-200,FL,Supplier A,232,14,289,4.33,0.35
0831d741-0abd-246e-401d-251fdf918c82,2023-07-08,TX-300,IL,Supplier A,328,12,409,4.02,0.96
05deb3c8-85e0-ccd7-2eed-7f38984bff7e,2022-07-09,TX-100,IL,Supplier D,307,26,397,4.71,0.25
3ddf9783-0890-56af-0c76-5d296eea43f4,2020-02-17,TX-500,NY,Supplier D,226,24,296,2.91,0.09
791a0282-7cd0-6278-a35c-456f51c9a8ed,2022-07-19,TX-200,CA,Supplier D,337,30,432,4.71,0.99
e9b4e79b-e5b9-996d-6f25-63907d2334a0,2022-07-18,TX-100,CA,Supplier C,388,18,485,4.71,0.19
0453a505-8348-cd0c-1e7f-761370382709,2020-04-26,TX-100,FL,Supplier C,287,29,372,3.56,0.83
92366cb1-43f0-7173-15f7-12b8e9eb7d69,2020-06-19,TX-100,TX,Supplier C,312,32,406,2.68,0.3
4f9c9ad4-7d7a-1f6c-21c6-f41a913469fc,2020-10-15,TX-200,FL,Supplier C,227,13,287,2.74,0.08
100fb41b-cca5-d5aa-0e46-dab651777998,2020-02-18,TX-400,CA,Supplier B,263,15,332,2.91,0.12
b6964bb1-ecdb-5239-b5db-25066069e933,2020-11-25,TX-400,CA,Supplier A,217,17,278,3.1,0.73
1e242de4-9cb3-d056-99ac-6ef91995a20b,2023-05-09,TX-300,NY,Supplier A,324,16,400,4.14,0.13
6c51846c-d2c3-bda8-89a2-90b18d3fe062,2022-07-25,TX-200,TX,Supplier B,348,24,439,4.71,0.34
865eecdb-a4c3-8bf5-c6fa-0be4f242606d,2022-05-10,TX-500,NY,Supplier A,359,22,456,3.99,0.76
6c091565-9969-b929-481f-6c114cbe54cd,2022-05-29,TX-400,FL,Supplier B,396,40,518,3.99,0.74
3520ace4-5655-f23a-f3f6-4e98fa520bbf,2021-01-17,TX-300,IL,Supplier A,187,14,239,3.45,0.7
6c2c014d-29c6-5f9c-d608-eba515dbd2ff,2022-10-21,TX-300,IL,Supplier B,225,12,282,3.97,0.85
77607aef-6db4-8303-e2ff-e5e41b932e54,2020-01-09,TX-400,CA,Supplier D,247,21,322,3.17,0.14
d5d86fde-fc00-f1c7-dd65-9ac119b69651,2020-07-27,TX-400,TX,Supplier D,315,26,405,2.82,0.07
d624fcd5-a50a-5b97-56c3-0b2e1de2d72e,2022-03-11,TX-300,TX,Supplier B,252,22,325,3.78,0.18
36889b1d-8f04-1324-b02b-96794c83a976,2021-05-09,TX-500,CA,Supplier D,342,29,440,3.79,0.14
3445a53e-6399-b6ae-5962-554ad6363ff3,2021-09-23,TX-500,TX,Supplier D,355,35,458,3.71,0.2
c06de7c6-a052-24f0-5641-0785eb8e785d,2022-09-22,TX-300,NY,Supplier A,286,20,363,4.26,0.33
f25b68dc-1fda-9dc5-f683-5fd74006693c,2023-10-02,TX-300,TX,Supplier B,249,19,317,4.1,0.7
a174e7cb-0793-c9bc-3e70-0cadbc8e9852,2020-12-18,TX-400,IL,Supplier B,197,11,249,3.4,0.78
dafc4599-a2e1-02ee-932c-ae4c9130bd36,2023-04-18,TX-100,NY,Supplier C,286,24,372,3.94,0.62
41e5c01b-9a7c-aaf7-1cea-c6afc5331c46,2021-07-19,TX-200,TX,Supplier B,316,25,404,3.79,0.73
160408ac-e203-8afd-3607-7b7ee360502c,2023-02-22,TX-400,FL,Supplier C,275,27,358,4.02,0.29
3ef17062-54a6-ad2b-fad6-7c919facd390,2022-05-20,TX-400,TX,Supplier D,333,21,417,3.99,0.1
f8d4e9ee-12b5-dc31-7304-d733d28a120c,2020-07-10,TX-200,IL,Supplier E,366,23,469,2.82,0.8
98b80cd6-b1ab-d2b5-0c0a-501c9a131684,2022-01-13,TX-500,CA,Supplier D,293,24,382,3.7,0.08
68786a97-0329-f334-3167-fd6a719049bf,2023-03-17,TX-500,TX,Supplier C,284,23,362,3.74,0.21
2a8f5997-ee14-0cf1-bc57-3dccc260e929,2023-01-08,TX-400,NY,Supplier C,203,16,259,4.33,0.15
31b900f9-eaa5-2be1-e54b-d37c2853162f,2020-04-04,TX-100,TX,Supplier A,264,24,344,3.56,0.47
92742d54-9a2e-68cc-fcb5-7379d8b96944,2021-09-27,TX-300,CA,Supplier C,256,22,325,3.71,0.34
74f356ab-db23-50a6-fbf1-091b7884cfed,2022-09-16,TX-300,FL,Supplier A,273,20,347,4.26,0.13
3fa6a559-0363-1b3a-6380-d9ffc86112b7,2021-04-18,TX-400,FL,Supplier B,276,17,349,3.68,0.6
223b4805-0812-c524-d8ad-ca578f424284,2023-07-05,TX-100,FL,Supplier B,334,28,425,4.02,0.5
053bbd60-3d64-cb92-e1a4-bb54ca0d1dec,2020-02-07,TX-200,TX,Supplier E,240,10,305,2.91,0.46
24972aeb-2f34-e51f-9270-27d64452952e,2020-03-01,TX-500,IL,Supplier D,242,25,319,3.22,0.46
1a4c9c18-127e-f81a-c40b-25b0ad0c33e8,2021-06-26,TX-400,NY,Supplier D,332,16,412,3.5,0.31
d0abff6e-4f15-bea4-f017-650fc880efcd,2023-03-22,TX-400,IL,Supplier B,299,23,387,3.74,0.47
cea231ce-43dc-01bc-e5cc-cc59f1f95b71,2021-01-14,TX-500,CA,Supplier C,288,23,372,3.45,0.8
3e5dc1af-450c-e91b-7a24-0f7900b5ea9b,2020-07-17,TX-400,CA,Supplier C,357,24,449,2.82,0.37
f9163eb8-71bb-6570-5387-56d12cc422f7,2023-06-19,TX-400,CA,Supplier D,419,25,523,4.27,0.68
5e4677ec-d85a-b56f-6138-52a740936f04,2022-11-10,TX-300,NY,Supplier E,198,16,255,4.13,0.59
c608ddc8-571c-b3f3-c399-9bf2358e59e1,2020-04-16,TX-400,TX,Supplier C,296,21,374,3.56,0.28
f8d55fbb-be46-a52e-0977-80ad2f179395,2023-06-16,TX-300,TX,Supplier D,381,31,495,4.27,0.58
bd07db3f-3193-a5de-81d0-f8c6a399aab7,2021-02-09,TX-400,FL,Supplier D,220,13,279,3.82,0.18
b9d6c386-d4bf-9254-acea-d929b0054b61,2022-12-03,TX-500,TX,Supplier D,286,28,372,4.43,0.79
665d8ff4-0e70-f25e-ee6d-da0cee664ea5,2020-06-25,TX-100,NY,Supplier A,300,26,382,2.68,0.02
4a583e71-e26f-6882-600d-fa2a02e0a934,2021-09-19,TX-300,IL,Supplier D,290,23,367,3.71,0.5
f005e746-19eb-73ef-3e1c-853db2e074e8,2022-07-01,TX-100,IL,Supplier E,327,14,403,4.71,0.13
a1ed3561-3449-b722-2df5-4197c24e2486,2022-09-09,TX-500,CA,Supplier C,333,29,429,4.26,0.51
2a7e4c6f-72cb-42b8-4ced-4aa2a51e0225,2020-07-02,TX-300,NY,Supplier C,312,25,402,2.82,0.6
2b1d8f0f-e46b-7a90-5a4e-57c19d8bf1b2,2023-07-17,TX-200,NY,Supplier A,293,25,377,4.02,0.56
67ee3a4a-81c1-44fa-04c9-65f048738b6a,2020-09-04,TX-500,CA,Supplier B,395,26,505,2.91,0.8
5d89001b-931c-e341-cf55-b7db2ff1e703,2023-08-04,TX-500,CA,Supplier E,471,18,587,4.06,0.38
e1b8947c-78c3-3ce5-097b-a1dd51d9b372,2022-08-09,TX-400,NY,Supplier A,288,19,363,4.49,0.46
17847e8b-f9e4-e35a-939d-32381e2f6438,2022-10-11,TX-500,TX,Supplier C,322,16,403,3.97,0.32
e48a4d55-a794-8fa7-2155-c7e6d871ca64,2022-11-04,TX-200,FL,Supplier C,247,16,312,4.13,0.48
5ba00039-81d1-619e-75fe-8759d66e8e4e,2021-06-08,TX-500,NY,Supplier D,380,36,488,3.5,0.85
92b8a509-6164-d2e5-dc3e-5d190c5f552c,2023-02-24,TX-200,FL,Supplier E,220,6,267,4.02,0.57
28805ad8-e079-783c-51d8-eca62d3eec90,2022-10-02,TX-300,CA,Supplier B,262,15,328,3.97,0.67
a664be6f-e839-f239-3bbd-e3c16941149d,2023-08-23,TX-100,CA,Supplier A,346,27,444,4.06,0.43
d836ba74-f526-58b0-74a1-90962d6e3f49,2022-05-20,TX-100,NY,Supplier A,309,20,391,3.99,0.1
970f7c5c-a972-fead-445b-db4ef07d231b,2020-01-10,TX-200,FL,Supplier E,213,14,277,3.17,0.11
f470a946-4ee5-b868-e5f5-5f3e916b74b8,2020-07-15,TX-500,IL,Supplier E,319,17,405,2.82,0.6
34739fe8-0e64-33b1-276b-ce751921367a,2023-04-19,TX-500,FL,Supplier A,361,26,458,3.94,0.12
01adfd07-dfa4-52a6-1d30-3d90964f9a94,2022-12-09,TX-500,CA,Supplier C,286,19,366,4.43,0.18
e25a97c1-f289-dd34-f45f-d420043e0d77,2022-06-17,TX-200,CA,Supplier D,421,31,531,4.1,0.87
08e3d284-b557-4723-7a13-e5bf1c52c951,2020-06-29,TX-400,TX,Supplier D,387,29,493,2.68,0.14
a34a333f-5285-2a88-37db-4a04a145e88c,2020-06-01,TX-400,IL,Supplier A,371,23,473,2.68,0.5
9df9925f-1502-c9f1-f62c-d28d862987e8,2023-02-22,TX-500,TX,Supplier C,296,17,374,4.02,0.29
3b4c7708-8838-a3d5-7f7b-f6d99c32fd31,2021-02-07,TX-100,TX,Supplier B,244,16,311,3.82,0.17
1a5934ef-5ebf-acda-fa84-dc7b9cd70ff1,2020-01-24,TX-400,IL,Supplier C,185,14,233,3.17,0.23
83b9fb6a-d95e-c101-5b0a-b7d72d1ad412,2020-11-16,TX-400,NY,Supplier E,196,11,243,3.1,0.76
9c8657ec-8f62-f83b-3045-b2b192ddc81a,2023-05-06,TX-200,FL,Supplier D,296,21,378,4.14,0.38
a1497625-0cc0-6fd7-7081-1b3ebf31123c,2021-05-06,TX-300,FL,Supplier B,276,18,352,3.79,0.56
b94e8aeb-b135-2553-9967-35e6da26fea5,2022-02-21,TX-200,IL,Supplier C,254,32,331,3.6,0.4
c451d7da-95a5-a6b0-474e-92c3d67888c5,2023-06-26,TX-100,TX,Supplier E,318,18,396,4.27,0.01
37e1f4a2-7f89-f182-2ac2-21897fc9e8cb,2020-05-20,TX-400,IL,Supplier E,362,16,451,2.99,0.94
bf7e6e68-f603-0ee2-02b6-7807fcb381d2,2022-12-27,TX-100,FL,Supplier C,206,15,266,4.43,0.79
2c41a8e7-a87b-04a4-69b9-d99f6b065286,2021-11-25,TX-400,CA,Supplier B,281,20,362,3.9,0.51
1febf788-b6e6-ea34-2211-b0333e824bc9,2022-09-16,TX-500,CA,Supplier D,392,21,491,4.26,0.13
55c642a8-a75c-f417-7d8e-856f6f6cf353,2022-12-30,TX-500,TX,Supplier A,257,10,320,4.43,0.42
2dc0be4c-4e59-0b9c-d802-c461b408579a,2022-02-22,TX-200,NY,Supplier B,216,11,271,3.6,0.68
0efe40ff-b244-d659-1011-75550f140813,2023-01-20,TX-300,IL,Supplier E,222,12,282,4.33,0.86
e0acb955-9f6e-13a9-328a-308bdb882247,2022-07-22,TX-200,CA,Supplier B,325,24,409,4.71,0.47
d56a893b-19f0-eaec-88ff-2792822c8b6e,2021-09-25,TX-400,CA,Supplier C,302,19,380,3.71,0.45
86b57c25-9674-ba4c-be2d-c8991106ecd0,2023-01-19,TX-100,NY,Supplier D,194,14,241,4.33,0.15
2eeb725b-4247-1439-26dc-95f1de060544,2021-04-19,TX-300,FL,Supplier C,324,21,410,3.68,0.12
f839c1c4-1b5f-aa53-657b-97664f286bcc,2020-04-24,TX-300,CA,Supplier C,282,19,359,3.56,0.55
873e69d6-f768-d041-8cdb-2c0ccc225f5a,2020-11-18,TX-300,IL,Supplier B,172,14,221,3.1,0.36
d0c354f4-6a66-44ba-aa25-4b09fd90b6c4,2021-05-02,TX-500,FL,Supplier E,315,15,388,3.79,0.16
c9625fe7-17a2-ecb9-1895-ad72e518f783,2020-05-04,TX-300,CA,Supplier A,299,15,378,2.99,0.16
1d119adc-c8fa-1d5c-0207-cf8c363a0520,2020-04-18,TX-400,CA,Supplier B,338,27,435,3.56,0.73
14a7b208-c26b-5016-bc63-19e9472e920e,2023-01-21,TX-400,CA,Supplier E,240,8,293,4.33,0.82
2e5ee8cf-6086-798d-c349-3109f360bea9,2021-05-03,TX-100,CA,Supplier C,284,23,366,3.79,0.17
10f70a7c-023d-4679-ac38-c9d5ba648064,2020-10-13,TX-300,NY,Supplier E,245,15,306,2.74,0.1
094205da-e84c-49e5-cf78-bd45a569067d,2020-12-15,TX-100,FL,Supplier D,213,22,279,3.4,0.44
263b9f58-8b5b-7f73-b0a5-1848d57cf6ea,2022-10-18,TX-100,TX,Supplier E,226,12,281,3.97,0.61
295a1e54-2e7b-66ee-f4e7-bc97ada154ec,2022-08-21,TX-300,FL,Supplier E,307,12,374,4.49,0.95
fb12d5ce-88ae-1903-c569-c32ff7ae7035,2023-08-11,TX-400,TX,Supplier A,380,23,476,4.06,0.19
a906cf67-1976-5d4d-8a0a-211d79012506,2022-04-17,TX-200,FL,Supplier D,303,27,395,3.88,0.13
c15cdc0a-c184-26f2-d4da-633c8a8cec10,2022-11-17,TX-200,TX,Supplier A,215,13,273,4.13,0.34
c20c6596-6a42-4269-e21a-e9d74645c984,2023-02-06,TX-100,IL,Supplier A,197,11,245,4.02,0.09
674eddfd-6463-e477-320c-48811bf87e28,2020-01-16,TX-100,FL,Supplier D,201,20,260,3.17,0.55
31bb9e2d-f216-d762-364b-d125e5c0846e,2023-05-21,TX-300,IL,Supplier B,338,20,419,4.14,0.39
eb969d61-ab25-730c-426c-1ca56ebae9aa,2023-04-27,TX-300,FL,Supplier B,339,24,423,3.94,0.32
b638fecd-6a37-6c78-f496-3b232e9f332d,2023-04-28,TX-100,CA,Supplier A,371,26,476,3.94,0.95
dafb073f-f8b7-13ae-8ce1-372053aaf75d,2021-04-06,TX-200,TX,Supplier B,277,22,352,3.68,0.84
e795cfe3-ee04-731f-55a4-feafaeb06980,2023-12-19,TX-500,CA,Supplier E,281,21,358,4.33,0.35
20ee50b2-591d-fe99-75dd-add339b2804b,2021-10-29,TX-300,FL,Supplier C,215,14,270,3.51,0.1
af3b880d-658e-997e-de55-958da5da0bd6,2022-07-03,TX-200,IL,Supplier B,315,24,407,4.71,0.95
0e28c487-ffac-edad-3360-8b44a5ee8386,2021-04-29,TX-300,TX,Supplier E,279,16,344,3.68,0.01
ddb63c18-6df5-9c12-d46c-fa5ca603af15,2022-05-03,TX-300,CA,Supplier C,294,25,383,3.99,0.48
f390564e-0a69-18f1-a5e9-4e6383078512,2022-05-04,TX-400,NY,Supplier D,282,21,368,3.99,0.96
077e01f9-3bf8-cb82-6191-0c855c662208,2020-07-17,TX-100,TX,Supplier C,344,30,444,2.82,0.37
3b43ae75-0018-4bae-8f87-ed93d396218a,2023-02-11,TX-200,NY,Supplier A,212,16,271,4.02,0.99
da1c585c-44de-58fd-1b26-2fe24ca50c2d,2023-12-28,TX-500,FL,Supplier B,208,19,267,4.33,0.46
c3a62534-f3f6-6dd8-b3b3-256aa81f651d,2020-08-05,TX-200,CA,Supplier E,380,30,491,2.82,0.15
3d3bbdf0-695e-86ba-fde3-92c9b626760d,2020-10-12,TX-300,NY,Supplier E,205,14,258,2.74,0.61
c6b5cd7f-b95a-fac2-ede7-a8c7e312de90,2021-01-15,TX-100,CA,Supplier D,187,17,241,3.45,0.93
f5357b22-5bee-2b70-fdc4-06951e8ff34e,2023-06-22,TX-400,CA,Supplier D,427,27,537,4.27,0.74
455f4a69-7f93-cc6a-6d53-93c333409d57,2023-12-16,TX-200,FL,Supplier D,249,28,326,4.33,0.64
720cbf14-232a-d23b-d3c2-41bf90916383,2022-11-27,TX-400,IL,Supplier A,204,10,250,4.13,0.42
6730a7a2-010d-bb2a-1678-87762686985a,2022-02-09,TX-200,FL,Supplier C,221,18,283,3.6,0.05
aed98c23-f378-1d24-d60e-d118f3d539c5,2020-03-22,TX-400,NY,Supplier D,240,23,314,3.22,0.93
fb12d45f-7a17-32cc-a340-bdbc0bc42e60,2021-04-18,TX-100,NY,Supplier B,218,16,279,3.68,0.6
66dd3b01-fd3a-9bcf-58e9-76cb1e50c722,2021-06-16,TX-300,IL,Supplier A,317,27,404,3.5,0.1
b98dfe14-4b82-bffe-7649-4598c43b3449,2020-02-19,TX-500,CA,Supplier D,275,20,346,2.91,0.96
178a5cff-c1f0-e2e0-fdc3-9205eada3c35,2020-11-04,TX-500,CA,Supplier D,292,22,373,3.1,0.49
641dddf8-dfde-bfc2-b82e-c5a23add7388,2023-02-06,TX-400,IL,Supplier E,251,16,318,4.02,0.09
372f5cfd-f2ee-25ec-4f07-eff5c16e2537,2023-01-27,TX-100,NY,Supplier C,188,14,241,4.33,0.26
42d41a05-ccbc-f9de-7e9c-19760849c379,2022-01-29,TX-200,NY,Supplier E,194,12,246,3.7,0.99
b73a35da-e6b9-e3fb-4010-d9498a39cb93,2020-12-12,TX-300,NY,Supplier D,155,17,202,3.4,0.83
fc4040d3-95ee-f5e9-fa88-b73e859ec9c3,2021-07-21,TX-400,FL,Supplier B,352,19,437,3.79,0.35
170f457c-1a8f-cb59-ca28-414811a74ede,2022-11-26,TX-300,CA,Supplier A,266,16,334,4.13,0.15
adfb6e77-3cdd-ec9e-06f2-1f0900aa3ff6,2021-11-19,TX-200,TX,Supplier B,268,17,336,3.9,0.39
94aa9b3a-f41a-4f12-448f-ed6bae762675,2023-07-06,TX-100,FL,Supplier A,333,21,422,4.02,0.54
0526cbcf-5282-c912-6fd4-43fbab2c35ca,2023-07-16,TX-200,NY,Supplier E,356,23,451,4.02,0.48
590b7b39-165d-05b1-8513-8ff556e8af45,2021-09-09,TX-400,FL,Supplier E,271,19,346,3.71,1.0
939e85dc-6985-37ba-878b-7cfd16b6019b,2023-02-19,TX-200,FL,Supplier E,245,12,309,4.02,0.19
3267b2a9-a7a8-140d-dbe1-9e60113d0044,2023-10-14,TX-300,CA,Supplier E,276,12,341,4.1,0.04
a9f02071-bd6a-bd7f-a325-d97f0052bdad,2022-11-11,TX-400,FL,Supplier B,263,21,335,4.13,0.41
542bc729-7be4-9b1d-2e26-b0f8308370b7,2021-03-19,TX-400,NY,Supplier E,249,18,315,3.96,0.32
f7fadab3-1aec-1e37-0ab6-1bdda693b841,2022-11-03,TX-100,NY,Supplier A,196,13,248,4.13,0.76
e8163c7a-5137-addc-3074-4baf786eb2fb,2020-06-25,TX-200,FL,Supplier E,357,17,454,2.68,0.02
93f390e2-1c37-4e08-656e-b609d97bf446,2022-12-18,TX-400,NY,Supplier E,226,16,284,4.43,0.1
6517a2fd-109e-6784-5093-8f28ebe79b39,2020-03-14,TX-500,CA,Supplier C,323,26,412,3.22,0.42
9c272724-44ca-2b94-6523-00a92e096774,2021-03-14,TX-400,IL,Supplier D,234,26,309,3.96,0.57
b5df426e-34e0-deee-8301-43d1035677f5,2023-07-03,TX-500,NY,Supplier A,335,25,431,4.02,0.16
3fdaace5-8eac-4922-d4ef-606a7ba76c7d,2021-01-08,TX-200,FL,Supplier C,230,21,294,3.45,0.05
299ed1b5-3376-457f-2719-b36e4840ab3d,2023-08-22,TX-200,TX,Supplier D,340,21,426,4.06,0.43
8c4b3808-4938-e2e3-55ed-a46b1c0483af,2021-03-25,TX-100,NY,Supplier C,241,28,315,3.96,0.51
899f2ba3-2df1-5377-7f97-043d1052cd53,2021-03-04,TX-100,FL,Supplier D,248,17,315,3.96,0.63
1e18d9cd-cfe1-6743-1f71-52be6a00b8d9,2023-05-18,TX-200,TX,Supplier E,404,35,520,4.14,0.63
2bbb3cc3-0c3d-1c93-7081-253b73e99ab4,2023-08-12,TX-400,FL,Supplier C,336,26,432,4.06,0.34
e7c9239b-8767-0223-d31b-8a950f146ab5,2023-11-15,TX-400,IL,Supplier D,242,18,311,4.32,0.65
6507ea3f-d44c-698a-e86c-921ac314a489,2020-08-04,TX-300,NY,Supplier C,314,25,400,2.82,0.28
f04d2044-4b66-2ef7-a6e7-62256b24efa9,2023-12-17,TX-500,TX,Supplier E,234,15,298,4.33,0.86
5bee3eb2-8d5f-4027-3c5e-6a214ea7dce3,2023-12-30,TX-200,NY,Supplier D,212,14,265,4.33,0.75
f368dee6-25ac-0ad4-6144-5a8ad2462313,2022-07-04,TX-200,IL,Supplier D,370,27,463,4.71,0.48
8adbdc84-5fd0-ac09-60a6-eebbe1919e4e,2023-04-19,TX-500,TX,Supplier B,404,23,506,3.94,0.12
00ea044e-f515-ee5b-f0fd-7d74d3a88fa5,2023-03-13,TX-300,NY,Supplier D,248,18,316,3.74,0.56
363e24c6-69d2-41ea-871b-eba0f78f1bd6,2020-03-05,TX-100,CA,Supplier E,264,16,340,3.22,0.18
e80e4350-c683-c317-839f-e9058681671e,2022-09-25,TX-400,NY,Supplier A,298,18,369,4.26,0.86
6f99b86e-7e67-b335-ac44-e48779b6bdf5,2020-07-23,TX-500,TX,Supplier E,374,24,469,2.82,0.24
dafb0fa5-62a2-e5ce-3b1f-44f64dcab0ae,2020-12-15,TX-300,FL,Supplier A,210,14,266,3.4,0.44
3881aa63-18ae-a757-8c57-bbf38ca86a21,2020-06-18,TX-500,FL,Supplier B,321,22,408,2.68,0.4
abdeb959-165d-0f72-cf84-31de5a902a67,2022-04-04,TX-100,NY,Supplier B,211,15,267,3.88,0.72
a86c7e8d-4b1d-bbbc-c161-eb2a4f3c0e27,2023-01-10,TX-200,IL,Supplier B,189,11,236,4.33,0.07
f270a106-67d7-1a18-5d09-577679a077a3,2021-02-26,TX-200,NY,Supplier A,214,13,270,3.82,0.12
ed08d162-31f3-09cf-567f-d353009230ed,2022-09-24,TX-100,FL,Supplier B,286,15,353,4.26,0.78
e6a1dc8b-2f1b-d2f3-eee2-3a3e35c2bd6e,2021-10-08,TX-500,CA,Supplier A,294,19,373,3.51,0.74
fab13b15-bc97-3abe-f470-2bde4763d6d0,2020-05-02,TX-400,IL,Supplier B,287,30,379,2.99,0.26
71aff11a-95db-4046-bea3-e46710a2c9c3,2021-07-30,TX-400,FL,Supplier A,319,24,407,3.79,0.79
e119a4ad-fd50-53df-5881-5b281a77f8fa,2023-04-25,TX-500,NY,Supplier E,309,15,387,3.94,0.04
04b31e3a-6d12-f0ce-f565-69002149461b,2020-01-16,TX-200,NY,Supplier E,203,8,251,3.17,0.55
5a86c6b1-d0af-8c51-feb1-af4d950b2c7d,2020-09-13,TX-200,CA,Supplier A,270,20,338,2.91,0.39
356b53e1-b593-c624-2d07-412b93ad5310,2021-08-09,TX-300,NY,Supplier D,315,22,402,3.77,0.68
1eddc70d-814a-62b1-d428-0058c06aef99,2021-01-04,TX-300,TX,Supplier C,237,23,306,3.45,0.91
d7d23839-8cba-6a96-e5e5-b09f7b156cfa,2022-12-09,TX-100,CA,Supplier C,231,9,288,4.43,0.18
ba72b9ac-343d-e079-5d9b-4d8152b68619,2023-11-28,TX-500,CA,Supplier B,234,17,296,4.32,0.99
681571d7-a0bc-95ac-07df-aee3c1b6e6de,2022-06-26,TX-500,IL,Supplier A,426,31,553,4.1,0.52
6e2f5557-d8e6-971a-e2a2-caae0e4e9827,2021-01-29,TX-200,TX,Supplier C,257,20,336,3.45,0.27
82098476-6fea-801f-b933-97f5d90c8b9e,2023-12-23,TX-400,NY,Supplier A,184,17,237,4.33,0.37
9a4fb6cc-fa95-e39a-d33a-59f8522f1be5,2020-12-04,TX-400,IL,Supplier B,224,24,294,3.4,0.12
5a579663-deb9-00bc-7c71-f9027c84992a,2022-01-21,TX-200,TX,Supplier B,219,18,277,3.7,0.32
e7ecf5a7-085f-a8eb-0a11-863bb4686170,2021-02-19,TX-100,NY,Supplier C,194,11,241,3.82,0.7
c143d0e3-4c49-3cad-07f0-23299b05991d,2023-02-14,TX-500,NY,Supplier D,214,18,277,4.02,0.45
11c123de-5680-217a-7969-160df3ec5011,2021-11-05,TX-200,NY,Supplier C,237,15,303,3.9,0.1
60a25ebf-2fa7-cead-5baa-a02043eb67b5,2022-04-17,TX-500,NY,Supplier A,274,17,344,3.88,0.13
91cb40f7-d48e-eaa6-9b30-f6ccb473b3d1,2023-01-24,TX-200,IL,Supplier B,187,9,236,4.33,0.09
102a611b-c715-2e94-017b-c8270a0d6c0a,2020-06-19,TX-100,IL,Supplier D,262,21,336,2.68,0.3
cfddf486-1c0a-77d7-a1ac-1065a86ede4b,2020-08-23,TX-400,FL,Supplier C,293,20,370,2.82,0.42
6ac162b2-08bc-b2ca-61af-c15c85cd976d,2021-10-11,TX-300,FL,Supplier D,238,18,301,3.51,0.3
4ead0b45-ef72-1855-1211-78d803adb4c4,2022-03-16,TX-400,NY,Supplier C,217,18,282,3.78,0.47
2e00805f-b139-6095-a3ff-d327b749e500,2023-07-07,TX-500,IL,Supplier B,323,20,402,4.02,0.97
53595e35-b69c-3b17-a261-f90f0b4d39b7,2022-06-03,TX-200,TX,Supplier C,380,31,481,4.1,0.77
b913394c-5045-eb93-8426-70aa7ef469d1,2020-10-17,TX-500,IL,Supplier C,269,23,346,2.74,0.14
de6982a2-62b1-7399-cec8-4c40792a0c1d,2023-07-08,TX-400,CA,Supplier D,350,39,460,4.02,0.96
f8431579-49b4-3168-7c74-63499d64bbea,2020-08-24,TX-300,IL,Supplier A,319,28,414,2.82,0.05
151bddc1-c127-0e10-568b-5a0425a8b7cb,2022-04-12,TX-200,CA,Supplier B,299,22,373,3.88,0.94
6741d59d-0502-110d-f7ce-1878de58c4b0,2020-05-31,TX-200,CA,Supplier D,362,37,475,2.99,0.97
2083cce0-7e24-3b78-00a0-f4ca9dfbcc80,2022-03-01,TX-100,IL,Supplier B,196,18,255,3.78,0.01
2bb8b9fa-ab2b-a848-d88c-aba5c49b128c,2020-01-03,TX-400,TX,Supplier D,227,27,297,3.17,0.79
2cd1c286-6156-e44a-f682-1fc74e9e287e,2023-03-25,TX-300,NY,Supplier D,240,25,317,3.74,0.06
56ad7641-4e9e-a652-aa5d-eb49ffd79fda,2022-05-04,TX-100,IL,Supplier A,275,19,348,3.99,0.96
4598fe36-fa3a-98ef-30c5-2daf58b62c27,2023-07-29,TX-100,CA,Supplier A,386,32,497,4.02,0.02
9889f9e3-b53e-3d89-1b30-e230b49a90d2,2021-12-22,TX-100,CA,Supplier E,201,14,253,3.84,0.57
591fdd15-92b1-5a51-93f9-aec5267b945c,2023-03-06,TX-500,CA,Supplier E,325,20,412,3.74,0.76
77ae24ad-bcb9-d838-1c9b-28e535cfb04b,2022-04-20,TX-400,FL,Supplier A,284,16,364,3.88,0.34
963a9e98-8e84-4013-da29-970349e465ba,2023-07-17,TX-200,CA,Supplier B,446,29,563,4.02,0.56
c4010c46-713d-9d2c-3f1b-ca8b338de293,2023-03-20,TX-100,NY,Supplier A,253,15,324,3.74,0.17
6620faa6-e78d-8622-b7ea-4285343ebbb3,2023-12-05,TX-500,FL,Supplier C,214,21,279,4.33,0.64
7b9d7c7c-6a3c-2115-f95f-cfbcaedaf084,2021-11-17,TX-400,TX,Supplier E,238,17,302,3.9,0.21
2bc8f87e-ed3b-1b0b-7ff2-e33418ea0f87,2023-05-29,TX-300,IL,Supplier D,329,36,432,4.14,0.35
8b948c9b-ab88-ea84-5aed-28e8a89050a4,2022-12-20,TX-200,CA,Supplier E,232,11,295,4.43,0.98
0a53714c-b7db-a280-d6b6-d37b17b479ac,2022-05-11,TX-400,IL,Supplier B,341,27,437,3.99,0.88
163b7610-28e8-7b30-b646-06f4fbbb6452,2021-11-13,TX-500,IL,Supplier C,272,23,352,3.9,0.11
48cb2993-96cd-f987-cab9-44b417068ae1,2022-01-25,TX-300,IL,Supplier E,170,3,208,3.7,0.14
7f67710b-e4e4-d335-5c81-d626f9f56f5f,2021-12-11,TX-100,CA,Supplier E,199,14,255,3.84,0.71
61a741b0-709b-f32f-644a-f4d1de9fc1ee,2023-06-26,TX-300,IL,Supplier D,283,18,355,4.27,0.01
95e62796-764b-d20f-1569-ab0b26b9506f,2023-08-25,TX-300,IL,Supplier D,312,32,406,4.06,0.53
2bd3a069-7085-3d0a-9eea-53ddaf6a572b,2023-10-22,TX-200,NY,Supplier E,235,15,295,4.1,0.24
589ca7bd-14db-9cc7-346c-24480e50f183,2021-05-14,TX-200,TX,Supplier D,310,25,395,3.79,0.43
954be576-c858-7440-ed3f-8dc5e3ec5d01,2023-09-19,TX-300,FL,Supplier B,287,23,366,4.06,0.09
6650d380-10be-ac13-f003-acc062017137,2021-03-16,TX-200,TX,Supplier E,277,11,339,3.96,0.7
de735aa4-6c4b-833e-cbaa-e769290987b8,2021-08-25,TX-100,FL,Supplier E,298,16,370,3.77,0.67
2c3bb22c-4843-959f-5890-d7cd61c44d58,2021-03-16,TX-500,CA,Supplier D,308,34,413,3.96,0.7
f3ce8155-3386-0167-ee6d-b8f2d0654ef6,2023-03-10,TX-500,NY,Supplier A,250,18,317,3.74,0.27
f1ea14d8-db6c-6f0a-7d57-3ddd0b0c6aa2,2021-08-23,TX-200,CA,Supplier B,317,22,404,3.77,0.4
d7cd2276-6821-f4f7-4a8c-90488c30cbe6,2023-04-30,TX-500,CA,Supplier B,400,22,505,3.94,0.81
a6f079a9-a967-15b3-31bb-a53fd0e5ad6f,2023-12-16,TX-400,NY,Supplier B,222,17,280,4.33,0.64
4a09c04b-14c7-bf6a-a004-be4527739faa,2023-07-15,TX-200,TX,Supplier E,422,15,520,4.02,0.81
1a63b310-cb31-d9b4-fbf8-b9fd34ab0afe,2020-04-11,TX-500,TX,Supplier B,351,28,452,3.56,0.9
38421705-c1ed-1f1f-2239-a3529c7bd353,2022-09-23,TX-300,IL,Supplier D,279,27,365,4.26,0.2
74276eed-a0e0-4501-96f6-236bfd8641c9,2022-02-22,TX-400,IL,Supplier A,211,20,274,3.6,0.68
66295619-77e8-76e5-2e7b-6b6ea20c481b,2022-12-30,TX-200,NY,Supplier C,172,16,223,4.43,0.42
692861f1-7e95-9556-7811-c43e388031f9,2023-06-30,TX-500,CA,Supplier D,393,31,504,4.27,0.37
58381cc7-ec66-af43-128f-c69acf5f5164,2022-03-27,TX-500,FL,Supplier E,323,23,406,3.78,0.87
0dbd6ea0-b22c-cd94-6d26-790889086aef,2023-02-05,TX-400,NY,Supplier C,241,23,315,4.02,0.12
8cd5397b-1f26-891a-8fad-6ab95e267404,2023-09-10,TX-500,TX,Supplier E,401,23,502,4.06,0.57
bb460611-e0d0-27eb-2fe8-5938c4041014,2020-11-18,TX-300,CA,Supplier A,263,30,339,3.1,0.36
db4ec1ad-751e-fe7a-e415-8ebba4abb44b,2022-01-31,TX-400,NY,Supplier D,178,13,228,3.7,0.02
97a51952-b7e9-3f1c-2426-27fdf6dd3743,2022-12-20,TX-500,TX,Supplier C,258,23,334,4.43,0.98
23a493d9-1d9b-94a9-7485-73569212feaf,2021-03-14,TX-300,IL,Supplier C,249,17,320,3.96,0.57
b23bc0da-d50e-98f0-fe0a-26eca13f4d54,2022-03-03,TX-100,CA,Supplier B,253,25,328,3.78,0.52
f539149c-5bbf-69a5-80f8-f8d855c4052d,2021-11-07,TX-100,FL,Supplier C,246,18,315,3.9,0.25
d0c90c8d-fcc3-c267-1af3-1010adb232b5,2023-05-15,TX-100,TX,Supplier A,354,33,462,4.14,0.36
72780826-5c02-4a15-0dac-c066a808d4be,2023-04-27,TX-400,FL,Supplier E,378,24,481,3.94,0.32
3fafe403-f87c-147f-d1e0-da7c446afdec,2022-05-24,TX-200,NY,Supplier B,315,30,409,3.99,0.17
c157cee7-5534-1a8c-3011-9f9d2899a6c3,2021-10-02,TX-100,CA,Supplier A,298,22,380,3.51,0.28
ee9d86d4-4047-7c60-a508-5e20d1efc025,2023-05-07,TX-500,FL,Supplier D,403,38,528,4.14,0.4
612d9aae-c32a-a9de-d664-6a0150db4da4,2020-11-27,TX-500,FL,Supplier E,260,15,324,3.1,0.94
58f24618-a304-4853-815c-eefb7e346174,2021-04-20,TX-300,NY,Supplier A,262,15,331,3.68,0.36
c472aa55-a91f-f6c5-57d8-f8a3c5a27ac0,2020-10-16,TX-500,NY,Supplier A,224,14,281,2.74,0.94
f4dac674-46cd-e766-e347-6ad1f21f5454,2022-10-13,TX-200,IL,Supplier A,243,15,310,3.97,0.4
6a15beb4-1b0a-f464-0157-223e10a5f598,2022-11-19,TX-300,FL,Supplier E,195,9,244,4.13,0.84
c7303e25-b0e5-820a-eefd-0f9b02f93beb,2020-08-05,TX-300,IL,Supplier B,330,21,416,2.82,0.15
cf42e727-9fae-5777-9c3e-2baf309af627,2021-11-19,TX-200,FL,Supplier B,190,10,240,3.9,0.39
71359ffe-da17-5929-7e8f-92ada8676d18,2023-03-18,TX-400,IL,Supplier E,260,22,331,3.74,0.89
b47a95cd-a433-908f-432e-94942ee91a95,2020-09-16,TX-400,CA,Supplier E,357,17,445,2.91,0.14
727d1b53-381a-27f8-ca0b-25bca967f7bb,2021-12-07,TX-400,IL,Supplier B,223,21,288,3.84,0.33
119ef2cb-fa0c-6bc8-e7c5-9f2e5cfd0015,2021-02-12,TX-100,CA,Supplier E,202,12,255,3.82,0.78
31ff3109-5907-2680-ff06-a4c10037d3f8,2023-03-25,TX-500,TX,Supplier D,277,26,348,3.74,0.06
bbbfe8cf-1080-1564-5090-cbd29cb3c7bb,2022-10-25,TX-100,FL,Supplier E,224,7,275,3.97,0.63
658a12b2-ebb2-b048-8c2c-0c6ee147bf5b,2020-09-21,TX-500,NY,Supplier E,275,13,344,2.91,0.37
6d9842e8-c4b2-42e3-5185-b44d8f7086cb,2023-01-15,TX-400,TX,Supplier C,249,18,317,4.33,0.03
2c7b6668-f167-8c9c-3850-16b51fac2788,2020-03-01,TX-500,TX,Supplier A,316,19,397,3.22,0.46
f71cacf8-2ed1-6d40-7f96-b5b7679f0d4f,2021-11-24,TX-500,NY,Supplier C,227,15,292,3.9,0.0
8fa3449b-fb83-80f4-a185-1e42c15efb9a,2023-04-29,TX-500,CA,Supplier A,379,23,474,3.94,0.58
4e098cbf-6342-d46d-3df2-9350d9c01b1e,2022-10-24,TX-200,TX,Supplier E,230,18,293,3.97,0.49
61f7bd11-8157-565f-f977-3aea2bddf4c6,2021-02-09,TX-500,FL,Supplier E,219,13,276,3.82,0.18
b283c17a-1ff9-e521-f4a0-fb8c0160e53a,2020-09-27,TX-500,IL,Supplier A,286,15,364,2.91,0.92
d652f833-8a29-d0de-cff5-9c8dacea275e,2020-05-03,TX-500,TX,Supplier D,381,38,490,2.99,0.94
0e769a6b-d4e3-482e-3fd9-dd6e1e2b2f0e,2021-01-27,TX-500,NY,Supplier C,185,17,240,3.45,0.73
b51fdf18-184b-1be6-f62e-01aed3a5406c,2021-05-18,TX-400,CA,Supplier B,322,24,407,3.79,0.91
2328e928-4057-f9d5-ab63-ea98fe081a2e,2023-12-08,TX-200,FL,Supplier C,228,15,289,4.33,0.47
d619d338-0176-0ae1-fcaf-581693bdcf9e,2023-11-06,TX-400,NY,Supplier C,214,13,271,4.32,0.09
f4c0d344-0124-f0ec-8f61-2b065941c3c9,2020-09-19,TX-100,IL,Supplier B,266,18,338,2.91,0.23
c63660a3-20e6-675a-d47b-c88d9a1837e4,2023-06-16,TX-300,IL,Supplier A,334,29,423,4.27,0.58
a795f3ef-0e16-ff98-6555-f4c42097a5f7,2021-11-04,TX-400,TX,Supplier E,289,12,357,3.9,0.96
ff79c30c-fb97-60b2-d1ea-c4f875f8d688,2023-02-05,TX-200,CA,Supplier E,264,13,335,4.02,0.12
fb2164cb-a24d-eaff-1219-c82429e70592,2023-04-19,TX-100,IL,Supplier A,241,13,301,3.94,0.12
abaaecca-0789-ba15-47d3-ede9cad64afd,2020-05-19,TX-300,CA,Supplier E,390,22,492,2.99,0.26
a4b05e4b-3ff8-d675-b2f2-e09a04f1387c,2023-11-13,TX-200,NY,Supplier A,185,16,239,4.32,0.18
27a67505-c64c-5651-4acb-36d636153d37,2020-05-16,TX-300,NY,Supplier D,245,26,321,2.99,0.37
b72f2254-11b4-fc4d-5800-3cc96ff9ab85,2020-09-07,TX-200,CA,Supplier E,339,20,419,2.91,0.78
e1cc16d5-3bb3-678b-fc39-437ec80d6418,2021-12-02,TX-100,CA,Supplier B,224,19,289,3.84,0.32
bbc02770-f943-10ef-2db3-53cd65d220be,2021-08-09,TX-300,IL,Supplier A,272,10,343,3.77,0.68
fa03761c-83f6-f4a3-aac5-63b1ca8cf4d7,2023-06-21,TX-400,TX,Supplier E,345,8,426,4.27,0.03
d2f52458-48d4-5c18-b980-b28fc43a4c38,2021-03-15,TX-100,FL,Supplier D,230,21,301,3.96,0.57
caded06f-3736-0a6b-e2a4-6bcf10d1e697,2023-04-10,TX-400,FL,Supplier B,319,16,397,3.94,0.26
91ca6147-24f8-6df3-4d0b-de59a28398cf,2020-09-06,TX-400,NY,Supplier C,306,21,386,2.91,0.64
3d81e763-74b6-e0a5-02e4-8599fbe86fb3,2023-06-05,TX-300,IL,Supplier C,339,22,426,4.27,0.56
f05a53ce-cc75-a20a-b4b4-286a2311839b,2021-01-07,TX-300,CA,Supplier B,201,20,260,3.45,0.01
2ca7a0b4-3817-f5db-5ce5-43650c034c9b,2022-07-28,TX-300,FL,Supplier D,315,24,404,4.71,0.79
0b46144c-388b-6ea0-9f99-95ed171d9308,2023-11-18,TX-200,FL,Supplier E,222,13,282,4.32,0.23
07e89ba1-ba3f-f483-01ed-2d1bca5831b2,2023-11-07,TX-100,NY,Supplier D,192,11,245,4.32,0.23
927dbd67-67ea-4db3-b57d-2d9deef5dafa,2020-04-22,TX-100,CA,Supplier B,309,25,394,3.56,0.23
514cd65d-8486-3df1-7dfe-1f193a0967cd,2020-03-27,TX-300,NY,Supplier B,237,21,303,3.22,0.96
1f8f0fc0-a544-d09f-c5ce-2cfedd91c830,2020-10-01,TX-100,TX,Supplier B,231,22,295,2.74,0.85
30e6df4c-73af-85f5-9813-10729b7a56ee,2023-11-07,TX-200,CA,Supplier E,256,15,325,4.32,0.23
e044caca-4d8b-1c93-251c-061d0e8c41ec,2022-08-05,TX-500,FL,Supplier D,427,36,546,4.49,0.0
4788d9c6-a581-c89e-965c-e59ccceeaece,2020-08-08,TX-400,CA,Supplier B,343,22,437,2.82,0.06
1cb7a060-3f0e-aebc-cbd2-729522e9cb43,2023-04-04,TX-400,FL,Supplier B,293,19,369,3.94,0.13
4e525d9e-4455-4d5a-750f-8683f75c833e,2022-12-07,TX-400,CA,Supplier B,230,22,299,4.43,0.11
c1f45743-1e12-d8b0-0e56-ed14f5d1d620,2021-03-07,TX-200,FL,Supplier A,279,20,356,3.96,0.22
a90a9873-0f35-c0e9-0c4d-d26876a1739e,2023-06-04,TX-400,NY,Supplier B,321,19,408,4.27,0.21
43b55b95-d76c-0a3e-8822-ab1151f93d46,2020-05-20,TX-100,CA,Supplier C,362,31,465,2.99,0.94
3154f199-0132-d0ed-f88a-04aa6de5762e,2023-07-27,TX-200,IL,Supplier D,345,36,455,4.02,0.3
23324db4-1efb-6134-722f-4619d3c27fee,2020-02-01,TX-400,NY,Supplier B,179,9,225,2.91,0.41
96e47309-cade-5588-d2a9-af2c554cb0c5,2021-09-04,TX-100,CA,Supplier B,341,30,444,3.71,0.19
530655c8-939f-dfc3-8f0d-e1ed3fb1bbf7,2020-12-12,TX-100,TX,Supplier C,207,12,263,3.4,0.83
f6544e67-46ee-853c-ced6-f4e4b680dd7a,2020-03-04,TX-500,NY,Supplier D,209,21,275,3.22,0.58
286937d1-549d-0efe-af47-1f76d6b04415,2023-04-16,TX-100,IL,Supplier B,244,20,312,3.94,0.11
c6b6f7ca-0233-fed3-a5b3-708954177e91,2021-05-24,TX-500,CA,Supplier E,448,20,570,3.79,0.49
fd73d628-7a6a-7cb9-5d31-32eff710a048,2023-10-03,TX-400,FL,Supplier C,328,28,422,4.1,0.48
ac385791-90d7-c82e-50f8-a49e9529b0a8,2023-12-11,TX-300,FL,Supplier E,224,23,297,4.33,0.06
86cdd6be-eec0-49a5-b1b2-0fa5b767a885,2020-11-13,TX-100,IL,Supplier C,186,13,235,3.1,0.67
13315177-0d2f-32f9-d3a4-28cfa0bb4167,2022-05-03,TX-100,NY,Supplier D,303,20,377,3.99,0.48
dcaf8252-2010-b555-5301-282c4b25154c,2021-12-03,TX-400,CA,Supplier A,266,16,334,3.84,0.24
58520959-44a8-f863-1ed6-603791800528,2023-01-16,TX-500,IL,Supplier A,235,13,293,4.33,0.65
00a0774a-922b-72ad-0812-67e3ec711a51,2022-08-10,TX-400,CA,Supplier A,359,21,454,4.49,0.13
5be8e760-71b4-85d2-7c98-f43b85de63c2,2021-07-17,TX-300,FL,Supplier E,302,23,387,3.79,0.98
73e2ca6c-94d5-3525-38d2-9e03f1570993,2022-10-27,TX-400,IL,Supplier C,238,23,313,3.97,0.24
25e67ce8-f6dd-da96-4d35-366336ec475f,2021-08-11,TX-300,TX,Supplier E,349,11,437,3.77,0.77
dcbf1420-969d-bac6-4fdf-59b983821112,2020-11-08,TX-100,CA,Supplier C,262,18,332,3.1,0.12
3b664f9c-d3a1-7c83-cec5-70ac8ea5b058,2023-07-24,TX-100,CA,Supplier E,403,20,507,4.02,0.79
8c980af6-af7f-6928-57fe-6b72abffc46e,2020-03-22,TX-200,FL,Supplier C,266,36,355,3.22,0.93
3d39d37f-b3f6-e5e1-7231-fc07caf18dce,2021-05-20,TX-100,NY,Supplier A,280,19,357,3.79,0.23
24ede25d-9a35-73ad-d51d-2f69f6fb9366,2021-12-16,TX-500,CA,Supplier E,245,11,306,3.84,0.01
47123cd9-ccb4-24c4-06fa-53d66738f88d,2023-02-14,TX-100,FL,Supplier E,220,10,272,4.02,0.45
c85e11f0-c42b-ef14-2258-846849b7904d,2021-01-11,TX-500,FL,Supplier D,235,18,299,3.45,0.24
f68fa09f-4d1a-845c-ab2f-22118a27a014,2020-09-16,TX-300,TX,Supplier D,318,36,423,2.91,0.14
9dab8ee0-410e-8ba4-9b13-21f6cab72ed9,2023-02-22,TX-300,IL,Supplier E,245,18,308,4.02,0.29
091faf6a-7666-2c6c-b6c3-f99189c3f679,2020-10-07,TX-100,TX,Supplier C,260,14,321,2.74,0.73
6cc9c8c1-be14-e74e-0a19-ebe31167957f,2021-11-30,TX-300,NY,Supplier C,204,23,265,3.9,0.84
59ba647f-d229-a954-cfc1-f8a1d9dd0d8e,2022-10-02,TX-100,IL,Supplier C,248,18,318,3.97,0.67
350fbc82-3221-4145-b391-e7e833106a1f,2021-07-29,TX-400,NY,Supplier C,279,35,374,3.79,0.41
2f04cbd4-3917-1c92-9079-3e4a925d86ea,2020-04-17,TX-100,CA,Supplier E,340,22,435,3.56,0.66
b0c916a5-cd40-764b-7448-66c5f318a5e0,2022-03-22,TX-100,IL,Supplier E,273,14,340,3.78,0.73
373b6a0e-4f41-2435-205e-1e54d338e897,2021-08-22,TX-500,TX,Supplier B,366,21,461,3.77,0.03
d95c4f09-5ef8-8993-522c-8f3e01e59dae,2022-08-25,TX-200,CA,Supplier D,311,21,391,4.49,0.85
cf4c0191-ee5f-39e9-c135-355df0d482b0,2022-02-10,TX-200,FL,Supplier A,215,14,271,3.6,0.59
024ffb8e-fdb5-d0c5-3d18-582175d4c800,2022-10-31,TX-100,IL,Supplier E,187,14,236,3.97,0.98
07d6a7dc-613a-47b7-85e9-32a51cacf473,2020-09-28,TX-200,CA,Supplier E,262,17,334,2.91,0.48
529aa8e3-d55c-f9ac-6467-6f0627b81e92,2023-01-18,TX-300,CA,Supplier E,214,11,271,4.33,0.17
0cdecd30-f18d-62d9-8508-d008ac874707,2020-09-27,TX-200,TX,Supplier D,296,28,388,2.91,0.92
eec33c62-aff8-9ab4-3df9-1e7f7109fb3f,2023-05-09,TX-300,TX,Supplier E,356,18,443,4.14,0.13
5f407ac0-d892-2901-8632-3be6614eac4d,2020-10-30,TX-400,NY,Supplier E,198,11,250,2.74,0.57
75e43711-223f-c1a6-e55f-7af363c0ed69,2020-08-04,TX-500,FL,Supplier B,410,42,529,2.82,0.28
c94f204d-8fb4-bf5a-3114-03c69d95604c,2021-05-06,TX-100,IL,Supplier C,261,22,332,3.79,0.56
8a74f46b-55d4-f6e5-f626-b7396b7732bb,2022-08-26,TX-300,FL,Supplier A,275,21,349,4.49,0.04
aaad0009-1851-0be5-e9a4-7110856ce4f2,2020-12-26,TX-100,NY,Supplier D,145,12,186,3.4,0.67
1366ebf7-bde4-8a99-b4bd-f07dc788fa67,2020-12-10,TX-400,CA,Supplier D,258,17,326,3.4,0.01
828d75ea-d877-4ced-2050-ed4512c16b66,2022-09-01,TX-500,NY,Supplier E,338,15,422,4.26,0.66
7797d568-f92d-5b1f-8b8e-45f2d19d1bcf,2022-01-18,TX-500,NY,Supplier D,239,18,307,3.7,0.73
6ae2721c-88c4-ecca-3b37-463f93d66706,2021-08-01,TX-500,FL,Supplier B,419,28,525,3.77,0.56
07552232-a282-1c7a-1cc5-53fbbe4b3116,2023-03-19,TX-100,NY,Supplier A,237,15,298,3.74,0.65
60fe4110-ed92-9659-80f2-310b0c489e4a,2021-12-11,TX-400,TX,Supplier B,226,21,295,3.84,0.71
01bb4277-e965-bb9d-6716-f646f4370821,2023-01-13,TX-300,FL,Supplier E,200,9,248,4.33,0.44
e3176c84-78a6-e280-aab3-42fd8a61d57e,2023-06-09,TX-200,IL,Supplier A,307,17,384,4.27,0.93
3aa296a9-fde1-ad3b-fac9-fb995ab60096,2020-08-10,TX-100,FL,Supplier B,303,23,388,2.82,0.05
24ae6b99-1e1a-543f-3896-2c57425f7fe6,2023-09-16,TX-400,FL,Supplier C,284,16,364,4.06,0.19
90d5733f-36bf-a62a-1725-ec68723bd793,2020-11-29,TX-400,CA,Supplier C,249,27,322,3.1,0.48
9b29a952-46c8-80e4-4239-400027889d13,2022-02-25,TX-200,TX,Supplier A,229,20,292,3.6,0.76
2a02081a-fc91-1a88-5d2f-b6b1b31642fb,2021-09-05,TX-200,FL,Supplier E,308,15,380,3.71,0.08
e94c481f-1faa-e3a5-1c62-94968d88e2a1,2021-06-14,TX-300,IL,Supplier B,322,30,416,3.5,0.5
d8ff78a4-ffa8-2fd6-c480-9a6c616d49c3,2020-10-18,TX-100,TX,Supplier B,273,24,351,2.74,0.96
5d3a19b3-bd56-65f6-08ab-3ec16b7c22b4,2022-12-05,TX-100,NY,Supplier C,202,24,267,4.43,0.88
86ffef61-2f4e-84b0-cc13-74a50a7060f5,2021-07-18,TX-500,IL,Supplier B,340,17,428,3.79,0.29
2bd92ebc-a3f4-6e41-dc47-57136dffdb03,2022-12-08,TX-500,NY,Supplier E,212,13,266,4.43,0.83
b3d293e5-08ac-4b1c-5577-5c917d0d9187,2022-02-21,TX-400,FL,Supplier E,278,6,347,3.6,0.4
8e0d5ef7-e70b-7569-a070-d2bcf85af45c,2020-02-16,TX-200,IL,Supplier B,206,17,267,2.91,0.36
83d39dde-a6e2-0f8d-41d9-a8ffba016e35,2022-07-21,TX-500,NY,Supplier E,373,17,464,4.71,0.74
a40a4d23-494f-671f-bac5-a9f6c6dbc83e,2023-09-08,TX-400,CA,Supplier C,320,27,411,4.06,0.53
61870a32-2298-7aa0-0045-f04abf6a210a,2020-10-24,TX-300,NY,Supplier B,204,16,263,2.74,0.25
813a84c3-4ef7-21a6-e688-12c97fddc7a8,2021-11-13,TX-200,FL,Supplier D,221,15,278,3.9,0.11
987c674c-33c6-957a-31c8-045c4c7cdd53,2021-08-31,TX-400,FL,Supplier E,304,20,380,3.77,0.59
477c1246-b542-16a1-0d15-1ba7b5b0c141,2020-01-09,TX-400,NY,Supplier B,194,18,252,3.17,0.14
0bc204e4-cc66-c955-b387-7654699cba84,2023-02-18,TX-300,NY,Supplier D,199,21,258,4.02,0.87
36344806-32f7-ffb1-1c42-2f5bdeae726f,2020-10-27,TX-400,IL,Supplier C,231,15,291,2.74,0.62
95da3854-6327-d427-37e8-d3288da7e284,2021-07-27,TX-500,NY,Supplier A,359,16,449,3.79,0.46
26a040ca-8f22-92e8-e807-84a5786fb48e,2020-09-08,TX-400,NY,Supplier A,315,16,388,2.91,0.13
9902806b-905b-3c76-dc7c-4e877857c3f2,2023-10-15,TX-200,NY,Supplier D,224,15,285,4.1,0.16
945773a3-ddfe-1778-21d3-2d284b09eda9,2022-02-22,TX-300,FL,Supplier E,217,12,276,3.6,0.68
51f0b982-8dc1-98b6-ae20-8c7a76d47ecb,2023-09-14,TX-500,FL,Supplier A,301,27,384,4.06,0.97
31d23ea0-8763-b42b-eaab-42fb1dd4972e,2023-02-10,TX-500,TX,Supplier D,242,16,310,4.02,0.4
afa87bac-6b17-49ab-c2f2-cc035eab1e56,2022-07-24,TX-100,IL,Supplier C,341,27,433,4.71,0.92
3eab7f76-f6a8-f86c-ea04-093664fad4cc,2021-10-20,TX-300,TX,Supplier C,273,18,339,3.51,0.44
7e133f9f-1d52-e9fa-f86f-fa1b16bfc13a,2021-02-13,TX-400,CA,Supplier B,221,9,273,3.82,0.64
e0b6a987-91a1-da81-2708-0320dacf9210,2022-11-28,TX-100,FL,Supplier C,235,29,314,4.13,0.62
4628b81d-9877-5a2e-e7cc-28173dbbb004,2023-03-30,TX-500,NY,Supplier D,288,23,365,3.74,0.21
9aaded02-e41a-0ad6-fdfc-be1d29273274,2020-08-09,TX-400,CA,Supplier A,376,23,473,2.82,0.17
9f93cf52-45ad-9331-f33a-c0442f3908b7,2022-06-29,TX-100,NY,Supplier D,326,33,418,4.1,0.54
7af7a5dc-9e4a-a0c7-3240-a01ad3d40316,2020-10-03,TX-200,NY,Supplier D,211,19,272,2.74,0.8
8de46512-41ee-0a6b-b483-d23ad7d928e0,2021-01-04,TX-300,CA,Supplier C,204,9,255,3.45,0.91
e43141a7-9567-d9e9-e6f0-ac603d3350fb,2023-06-22,TX-500,TX,Supplier A,414,18,509,4.27,0.74
8a2e3a4e-bebc-dc7c-7dad-02edbaba1231,2021-12-28,TX-100,IL,Supplier C,177,13,226,3.84,0.16
6c9c78b5-45aa-7432-02ef-12e32b6bf929,2021-09-07,TX-400,IL,Supplier B,333,20,419,3.71,0.72
aa4c5035-859e-3643-d88b-3161f9661f5f,2020-02-05,TX-500,IL,Supplier C,201,13,255,2.91,0.09
43ad25a5-e7da-10c1-b98d-b7ba83a27c40,2021-03-10,TX-500,NY,Supplier B,238,19,310,3.96,0.04
ac8444e0-99ff-f7c3-4a0e-7f6d5f373657,2022-09-03,TX-500,IL,Supplier A,353,20,447,4.26,0.95
d68beba5-0c05-c00c-7db2-f53a712b807b,2023-03-18,TX-500,IL,Supplier B,280,20,350,3.74,0.89
5e2753d3-b54d-0a31-e983-53c75be81107,2023-12-20,TX-300,FL,Supplier E,209,13,259,4.33,0.66
b488765b-699f-d7cb-ab7b-f0941561850b,2020-09-12,TX-500,NY,Supplier C,306,31,400,2.91,0.46
3936340a-24b7-469c-13ee-76cfc5da36bc,2021-04-12,TX-400,NY,Supplier C,254,15,323,3.68,0.74
b67a0bea-572f-76b9-cd80-24da98d0f89c,2021-05-16,TX-400,NY,Supplier D,276,32,361,3.79,0.15
ad7fd76a-1fe8-0b98-93f8-2511c1a61850,2020-07-04,TX-300,TX,Supplier B,319,26,402,2.82,0.8
13b79e7c-7932-ca45-0027-e6e9aada73fe,2020-11-18,TX-200,IL,Supplier B,220,17,284,3.1,0.36
4854fc2b-9fa0-7925-e268-cc04d6112152,2020-12-31,TX-300,NY,Supplier B,188,16,243,3.4,0.24
88d89f51-5f4d-23d0-d137-7a05223402c6,2021-01-24,TX-300,NY,Supplier B,174,14,224,3.45,0.63
f0104687-3a44-412e-3158-a31a4a72b109,2020-11-11,TX-400,FL,Supplier C,222,15,277,3.1,0.42
f75bcd51-a569-bac3-234c-8fb0e95abbc8,2023-04-10,TX-500,CA,Supplier D,374,29,479,3.94,0.26
7c34d04a-970e-f8c0-e4f0-196b9c7b4efb,2021-01-08,TX-200,IL,Supplier D,223,25,296,3.45,0.05
5c60f099-6292-d543-2dbf-34809c870e75,2020-09-20,TX-400,NY,Supplier A,223,12,279,2.91,0.37
1212615f-ad9a-7dd4-540f-b30cc25391cb,2022-08-03,TX-400,FL,Supplier E,308,17,386,4.49,0.44
958c483f-ce53-6c74-5d64-21903d6e3075,2023-01-19,TX-500,IL,Supplier B,262,23,336,4.33,0.15
f793b0b2-45c1-8c44-3757-58d9a2832a35,2020-03-10,TX-200,CA,Supplier C,277,16,349,3.22,0.63
828b518f-6219-2b4c-de63-1ab1137c083e,2023-07-21,TX-200,TX,Supplier D,331,30,429,4.02,0.37
608107ba-a9c4-e3fe-1113-77054a21e373,2022-10-10,TX-400,TX,Supplier E,266,17,340,3.97,0.63
c9685afd-b588-fd1e-c94f-5ae331179250,2022-09-20,TX-400,TX,Supplier C,296,23,380,4.26,0.66
97b0b77b-d291-5d79-e1f0-3f495870e532,2023-10-12,TX-400,TX,Supplier A,269,20,343,4.1,0.93
05698a0b-61f7-fcce-9b69-e5bea3142896,2022-12-31,TX-300,FL,Supplier B,224,14,286,4.43,0.32
b9990340-8483-b5cc-5782-e597acb1439d,2020-01-20,TX-300,NY,Supplier E,163,8,200,3.17,0.44
9a1f1e8c-15d1-d40f-ab7e-b803cfb838db,2023-04-24,TX-100,CA,Supplier D,274,23,354,3.94,1.0
9ba3007b-68fa-f67b-42c0-a3563b7744bb,2021-09-23,TX-400,TX,Supplier D,350,31,441,3.71,0.2
9544bde9-ad88-f956-cb9c-2dd230e2186c,2021-03-20,TX-100,IL,Supplier A,248,15,314,3.96,0.79
27c644a5-b6b8-b258-1dbd-5e43aabd4ad6,2023-11-09,TX-100,NY,Supplier B,201,11,255,4.32,0.95
886f26cb-19dd-12fd-5ff3-b102b1664c99,2021-09-27,TX-400,FL,Supplier B,285,20,359,3.71,0.34
8f3c03fb-6bb1-7cbf-511e-1931b61c9279,2021-08-18,TX-300,FL,Supplier B,268,15,337,3.77,0.86
0eac9696-b38e-9bf9-d925-07a84ebbe2c8,2020-06-29,TX-200,CA,Supplier C,403,20,508,2.68,0.14
ab41b74e-d9fe-6194-6774-17ec92dd2f61,2021-07-23,TX-200,CA,Supplier D,325,24,415,3.79,0.04
70b7e559-8b17-5fe4-7244-4dcc11f5d0c6,2023-11-05,TX-200,NY,Supplier A,244,17,310,4.32,0.35
53c66c5f-b062-f333-7c90-3c4a9a792117,2022-09-17,TX-500,FL,Supplier B,290,29,380,4.26,0.09
69975fe8-4257-c7bd-7716-790d140ce77e,2021-01-19,TX-200,FL,Supplier D,234,25,304,3.45,0.04
3b84ca8d-102e-17fc-3c18-46ae64791144,2022-06-11,TX-300,TX,Supplier C,359,24,458,4.1,0.18
1ee9b203-3bfa-3529-6257-c3c4fc6e9e45,2022-06-28,TX-200,CA,Supplier E,344,25,430,4.1,0.53
7eac7384-21da-2638-6467-00d11f1e6d3f,2021-08-01,TX-500,TX,Supplier E,417,16,523,3.77,0.56
ad465be2-b548-cd97-d055-952cb0fd1b6b,2023-10-13,TX-300,TX,Supplier E,246,11,307,4.1,0.61
9e808ad0-0c2d-6478-71f3-19909a49f4b4,2021-11-03,TX-300,IL,Supplier E,249,11,310,3.9,0.04
dc2d4778-b7f7-6800-fb0f-140acfa76026,2022-07-28,TX-100,IL,Supplier D,311,27,401,4.71,0.79
64b5d12c-cdf3-7689-a7fb-6ac67de7acb7,2022-07-31,TX-300,TX,Supplier E,376,28,479,4.71,0.79
357a7ded-182c-3007-96c3-8bfab0b86fa9,2020-08-08,TX-200,FL,Supplier A,349,23,441,2.82,0.06
9b17731a-0c18-bb61-80e9-cb09a407b20e,2023-10-26,TX-200,FL,Supplier C,251,18,321,4.1,0.2
2b57f3f2-26a4-bf9f-8dc0-40f72a1066ff,2021-11-30,TX-300,CA,Supplier D,253,22,324,3.9,0.84
b3d68842-6c2f-b277-db31-4d49649577a8,2022-09-07,TX-300,FL,Supplier A,339,23,428,4.26,0.56
b0f18f71-396f-dc27-004b-05dc46eb8c88,2023-12-28,TX-400,NY,Supplier C,214,18,278,4.33,0.46
79100a64-5300-3a27-156a-5b92cc4a9d22,2023-02-25,TX-100,CA,Supplier E,245,10,304,4.02,0.55
41227e25-a58a-9686-19f2-bd42b2c19ee2,2021-12-03,TX-300,IL,Supplier C,219,17,281,3.84,0.24
a18f95a5-f72d-f916-0f6e-b31fd47bd914,2023-07-06,TX-500,FL,Supplier B,393,32,499,4.02,0.54
9867d1d9-049f-3798-8c16-d9f225ca57ce,2022-09-24,TX-400,CA,Supplier C,372,36,490,4.26,0.78
a0318bfa-3f3d-8905-9718-8d730229ded5,2021-01-16,TX-500,TX,Supplier D,230,26,298,3.45,0.77
070ae35a-c89a-9b59-0b1f-ae7dac5369d8,2023-02-03,TX-200,NY,Supplier E,226,8,279,4.02,0.21
2281aade-d6b2-9e3c-c49b-8c9eaf9877a3,2023-01-24,TX-100,IL,Supplier D,213,13,268,4.33,0.09
55c0606a-e5a7-a6e3-28cb-9e8c365c0c0b,2021-03-28,TX-100,TX,Supplier B,238,19,309,3.96,0.92
d55b3412-3c66-2b3a-68bc-3b212aa7438e,2020-03-09,TX-100,CA,Supplier A,270,18,349,3.22,0.43
07d40e91-a186-af60-0d30-b9a8771ca0e5,2021-06-23,TX-500,IL,Supplier B,374,36,488,3.5,0.02
877d4133-3316-66ef-5f8f-82dc4095e893,2020-09-17,TX-100,NY,Supplier D,270,18,340,2.91,0.48
8d3c296e-f225-315d-5072-f3f55c4578b9,2023-08-17,TX-300,NY,Supplier D,286,17,364,4.06,0.97
256d4d48-822e-70bd-92bb-bf81fef1078a,2022-08-24,TX-200,TX,Supplier C,386,37,503,4.49,0.68
8b8c54ff-94ce-48ce-45c3-629282498003,2023-12-17,TX-300,CA,Supplier E,242,10,299,4.33,0.86
5efe738e-e88c-4a1f-0aae-d177c75f78f5,2022-12-03,TX-500,IL,Supplier B,249,12,310,4.43,0.79
e24d8035-a6c1-0e65-c117-b66f18f46a97,2023-07-26,TX-400,IL,Supplier B,299,20,374,4.02,0.28
06ae9be0-e677-8ffc-45b1-03d4801adeb5,2021-06-15,TX-400,TX,Supplier B,374,35,484,3.5,0.53
8e4f1ceb-0a72-66a3-f6f5-3e106aaf6852,2021-02-26,TX-300,FL,Supplier E,201,10,245,3.82,0.12
5832bf48-b7b1-cb3a-1dec-994f2006732d,2020-03-31,TX-300,NY,Supplier A,247,17,312,3.22,0.49
9247bf5e-b4f7-a6e9-6dfb-665b706ff564,2020-06-06,TX-300,NY,Supplier C,273,22,347,2.68,0.68
a6f845f3-96b6-b3c8-0977-6da32cc81dbf,2023-02-05,TX-500,IL,Supplier D,226,18,286,4.02,0.12
d0f2a988-1c9c-bc7a-f87f-1b2111b77e3f,2022-10-17,TX-200,FL,Supplier B,281,21,357,3.97,0.88
ac25edf7-94b7-0493-e400-1e855e044b5b,2021-08-18,TX-500,NY,Supplier E,363,18,453,3.77,0.86
8db29dcd-7178-f180-4e28-0a96af9fff8a,2020-02-07,TX-100,NY,Supplier D,189,22,248,2.91,0.46
8060e271-a077-df9b-ba5c-61cb13980642,2020-11-16,TX-500,CA,Supplier C,246,19,318,3.1,0.76
53b9f312-9699-159c-b096-9f30faaa7f25,2021-06-24,TX-500,TX,Supplier C,397,34,513,3.5,0.93
dfafd3f3-7940-df5c-b276-e517f98d5bb6,2022-04-16,TX-500,IL,Supplier E,342,19,434,3.88,0.39
51410e59-0b2f-e579-fb39-18d7951f5eea,2022-10-21,TX-500,NY,Supplier C,262,24,342,3.97,0.85
b7d5b12f-2e7f-31a5-6493-eddc54b21677,2021-04-02,TX-500,IL,Supplier C,325,22,412,3.68,0.84
5937f1dc-c981-18db-7080-b3d5d4d859ee,2022-04-08,TX-200,IL,Supplier B,307,24,396,3.88,0.61
49c15e7a-e716-3e99-9d19-37f0ffd33d7b,2023-04-02,TX-500,FL,Supplier C,348,21,432,3.94,0.42
3eee42de-da78-71e0-71c4-710ad27e5b6f,2020-05-27,TX-500,TX,Supplier D,365,27,464,2.99,0.87
f91243e2-8591-aef9-4c96-98e15816bab7,2021-06-14,TX-400,NY,Supplier D,356,37,462,3.5,0.5
50c86ec5-bcaf-cff8-b84d-8cf1f7b9320a,2021-06-16,TX-200,NY,Supplier C,348,15,430,3.5,0.1
e9bbe137-debe-2337-cdc8-c590b66d1c8f,2021-01-11,TX-300,TX,Supplier C,218,20,282,3.45,0.24
38e31061-f898-3094-1dd2-c50223c3d0d6,2021-02-13,TX-300,TX,Supplier B,258,23,338,3.82,0.64
e4676275-d0de-1d7d-d07c-219408135c0a,2021-01-14,TX-300,CA,Supplier A,201,16,258,3.45,0.8
6f287c22-8f14-b477-6f97-ff6c0c801650,2020-05-03,TX-500,NY,Supplier D,333,20,418,2.99,0.94
b6d12f3b-165d-0820-c279-b45fc18fafc9,2021-08-12,TX-500,IL,Supplier B,304,24,391,3.77,0.87
af21d85a-8f12-cdd6-52a7-9c17a07fbb0c,2023-10-17,TX-400,TX,Supplier B,278,29,364,4.1,0.98
217ceb1e-7f47-2418-c1fc-65fd9f0acca7,2021-01-06,TX-500,TX,Supplier E,271,8,337,3.45,0.04
db1bf142-c14b-71a5-e14a-f1b35d745217,2023-08-24,TX-100,IL,Supplier B,316,20,402,4.06,0.04
1efe442e-fe2f-0d40-d723-b041b7d38389,2023-10-24,TX-400,IL,Supplier E,232,9,285,4.1,0.15
a3764edc-c599-2ac5-2aaa-8e350f3588c8,2021-04-11,TX-100,TX,Supplier A,317,27,407,3.68,0.31
db42959c-a7c9-fab1-dc15-b9a7c85221e3,2022-02-08,TX-500,CA,Supplier D,263,22,338,3.6,0.27
810ed2dd-b33f-4d87-db44-2561e63937d4,2021-09-22,TX-100,IL,Supplier C,232,14,293,3.71,0.07
76d76e1c-32d3-09b1-a18a-3f06db5002e7,2022-11-20,TX-300,FL,Supplier E,246,11,304,4.13,0.14
237d094f-05fd-5a82-59c9-33c3b6d5be5b,2021-08-20,TX-300,TX,Supplier E,336,25,437,3.77,0.51
bbde6e78-71ad-8004-99d2-39f3b8a3887f,2022-06-25,TX-200,CA,Supplier B,407,31,522,4.1,0.78
c3f629db-d0c7-4d37-72a4-c6a3f61d2cdc,2022-07-08,TX-500,NY,Supplier A,315,24,398,4.71,0.21
9f009d3d-0716-b8c3-d037-296a54f6264e,2020-01-19,TX-500,TX,Supplier C,243,27,315,3.17,0.03
d22b80b3-e51f-8bf2-86f3-d6a328ba8dd8,2023-11-26,TX-400,IL,Supplier C,252,13,312,4.32,0.51
3e755aaa-0194-5d26-6c87-c93b4bb4f46e,2023-09-22,TX-300,FL,Supplier A,314,24,402,4.06,0.83
1580bb92-8991-c912-5ca9-7df1c2a67499,2023-04-04,TX-400,CA,Supplier D,365,28,471,3.94,0.13
0cce0049-a7c6-9f68-4a95-d805ea66832c,2020-06-03,TX-100,CA,Supplier C,372,25,476,2.68,0.01
1ece9bb5-6507-0c70-3562-ccd0105ef6a4,2020-04-19,TX-400,CA,Supplier A,290,11,352,3.56,0.77
04b4be33-ce80-e061-66da-f21f16fda863,2020-06-16,TX-400,TX,Supplier A,384,32,498,2.68,0.12
cd815690-b1a1-fe10-ae18-4b008d119cd9,2020-08-30,TX-400,NY,Supplier E,294,16,366,2.82,0.92
77b0293c-c8d1-ee13-68da-1821d9a8911a,2023-01-05,TX-100,NY,Supplier D,163,14,210,4.33,0.14
38d97a79-3e5c-90b2-a3c3-8d220fa29599,2022-01-08,TX-100,IL,Supplier E,178,10,223,3.7,0.8
7e1bd92d-47c2-663f-053f-2964a09e41c7,2020-04-04,TX-100,NY,Supplier C,234,19,302,3.56,0.47
fcd53b41-b2f7-31a6-bd8d-d5a4586d02d0,2022-04-13,TX-100,IL,Supplier A,261,19,332,3.88,0.47
d27f0c56-9879-9aae-f412-8a01025955bb,2022-12-31,TX-100,IL,Supplier C,209,17,268,4.43,0.32
e92ed752-994a-b194-3944-1ed150fcee55,2022-09-17,TX-200,IL,Supplier A,320,25,406,4.26,0.09
9f9374be-5836-ee89-a861-9c9ac5aaa477,2022-11-18,TX-100,FL,Supplier B,240,21,307,4.13,0.8
db869356-14ef-07da-c85a-e183d8657aeb,2022-01-04,TX-200,CA,Supplier E,243,12,301,3.7,0.98
fdec8ff3-43bd-a47d-a932-21a575577e66,2023-06-09,TX-400,FL,Supplier A,358,25,448,4.27,0.93
bb101caa-3114-ae74-35c3-54682207ae34,2021-06-29,TX-100,TX,Supplier B,367,33,470,3.5,0.28
f1ac67da-8f4c-6468-6154-34c829f880cf,2022-06-10,TX-500,CA,Supplier A,386,25,482,4.1,0.85
d6183ebd-0c72-3d64-8d1b-36f8491d7ea8,2022-06-03,TX-400,TX,Supplier A,365,18,453,4.1,0.77
7d68a660-b22d-4b5c-785c-498cfeadb468,2023-03-25,TX-500,IL,Supplier D,316,23,408,3.74,0.06
792b7bc4-7271-43ff-2420-6e977b3a157c,2022-08-30,TX-300,IL,Supplier E,316,16,398,4.49,0.99
8910971e-df55-d46b-976a-d88e51282754,2020-03-19,TX-500,TX,Supplier D,275,16,343,3.22,0.1
e36ad5d6-bcae-742b-b8bb-0628778bc2eb,2023-04-01,TX-500,FL,Supplier B,324,21,403,3.94,0.21
590ba733-b52d-d9a8-a2a5-0277f78fce13,2023-05-18,TX-200,NY,Supplier E,302,17,387,4.14,0.63
a64eadc6-84b1-8c11-c459-47bab063f628,2022-09-16,TX-200,CA,Supplier D,339,24,431,4.26,0.13
a82ed008-854b-8574-f957-b26fc13470f8,2023-09-16,TX-200,TX,Supplier A,353,29,451,4.06,0.19
2a60c7b7-3b6a-755e-f9bf-02fe6dec59f2,2020-10-19,TX-200,IL,Supplier C,229,15,291,2.74,0.8
5db70f59-0d34-41a9-ee73-2eaad3484e81,2022-07-16,TX-200,IL,Supplier D,340,30,432,4.71,0.4
feac5ed9-7947-c6a1-2cb2-51b415e9aec2,2021-11-21,TX-500,IL,Supplier C,220,14,280,3.9,0.0
d2fd1ba1-11a5-c854-29e9-c34971265b21,2022-08-26,TX-500,IL,Supplier E,350,15,431,4.49,0.04
3527500f-800e-d420-2796-ca1441d308b4,2021-02-08,TX-500,CA,Supplier B,256,14,319,3.82,0.09
6c7ff361-84de-7f9e-8177-20e175112cd4,2021-08-18,TX-200,IL,Supplier E,346,18,437,3.77,0.86
49688a60-9862-eccd-2aa2-46cd7ae589ca,2023-05-30,TX-100,IL,Supplier B,285,25,362,4.14,0.38
b9878afd-b158-e515-93c2-29f38956fb0f,2022-12-01,TX-500,TX,Supplier B,268,20,334,4.43,0.07
9ebc909a-7bee-7dbc-7f35-43ed54b4263f,2021-01-31,TX-100,IL,Supplier C,215,25,283,3.45,0.98
71a9f00f-9d51-b74e-d69f-dfa5ef2ee23d,2021-12-06,TX-100,CA,Supplier A,235,13,293,3.84,0.23
9d6ec024-b95b-9cd4-95ed-0cbca811d111,2020-11-03,TX-300,IL,Supplier B,187,12,234,3.1,0.8
429dbcbd-b448-ce3e-8be9-59d547c009ce,2021-12-01,TX-300,CA,Supplier A,220,14,278,3.84,0.26
cd2940d8-5aa1-5d32-536a-d97f9631630a,2022-02-25,TX-400,FL,Supplier D,268,25,351,3.6,0.76
124daadb-bb52-d061-adac-037e47cf589c,2020-08-02,TX-500,TX,Supplier E,426,22,539,2.82,0.92
87533d77-c981-d1a1-44f7-30c0c572a296,2021-08-08,TX-100,IL,Supplier A,316,29,409,3.77,0.11
9e1b8f51-400f-4c26-a8b4-48ee97eede04,2022-09-11,TX-300,CA,Supplier C,294,24,378,4.26,0.42
710559f3-ddc9-42d5-2fce-3a6a135f65a5,2021-12-20,TX-500,NY,Supplier C,231,18,300,3.84,0.62
a7e941c0-16a2-f29e-e3bb-68af41c9976b,2021-04-16,TX-500,IL,Supplier C,276,30,366,3.68,0.37
08b5e921-d3b5-ebd2-cec3-2baecb1e2863,2022-02-16,TX-500,CA,Supplier E,289,18,372,3.6,0.23
b7bb3006-9679-ea69-419e-1c27da274980,2020-02-15,TX-300,IL,Supplier E,212,11,262,2.91,0.63
0f0e7a1b-70ac-4639-73aa-6cca8c4b9ad2,2021-07-29,TX-500,NY,Supplier E,348,21,439,3.79,0.41
88e94285-8658-59c5-af3e-03e79fcbb212,2020-08-29,TX-300,FL,Supplier C,294,22,383,2.82,0.05
2a3ca23e-7a2e-b618-6537-718a1d56ba05,2021-10-04,TX-100,TX,Supplier D,241,23,308,3.51,0.24
2abba367-7b09-65ed-ba5a-0ce24fae3909,2023-09-16,TX-200,IL,Supplier D,312,27,403,4.06,0.19
89621f95-4212-fea2-f033-e4700eafb470,2020-10-10,TX-200,FL,Supplier C,281,15,351,2.74,0.86
5f105ef2-5c90-6f96-51bf-28b87fc9af63,2020-01-19,TX-100,CA,Supplier E,241,16,303,3.17,0.03
e9e64232-7453-4653-c713-9e1d729861ff,2022-08-22,TX-200,NY,Supplier E,287,14,356,4.49,0.34
48baaf52-189f-aa8c-2ef5-d146011330e4,2022-07-12,TX-400,TX,Supplier B,361,29,462,4.71,0.92
a54cb25f-06c0-06d1-9b73-409197ac35c7,2020-07-05,TX-300,TX,Supplier E,318,19,405,2.82,0.47
e0e5ff11-9724-5eb5-2b5d-ec27a8e7ffa0,2020-09-15,TX-400,FL,Supplier D,335,29,430,2.91,0.27
d43d2cba-0ff9-ecd7-3cd3-7619596ab610,2023-01-16,TX-400,FL,Supplier B,256,19,322,4.33,0.65
d19fc77e-07f4-840a-91c0-ad393a0c2020,2021-02-10,TX-100,FL,Supplier A,214,16,275,3.82,0.98
23b2ff89-477b-496d-c1ff-86bc6bd21798,2022-03-07,TX-300,NY,Supplier B,238,18,305,3.78,0.4
d634bd59-a8d8-70a2-f086-90bfbacf356e,2023-07-24,TX-300,NY,Supplier B,331,29,428,4.02,0.79
a65a0fc2-4a1f-e581-c48b-02f46f075bd1,2023-06-30,TX-300,NY,Supplier E,326,19,410,4.27,0.37
43114440-6a0e-1162-11f1-da9f7ca2864e,2021-08-24,TX-300,IL,Supplier D,295,27,381,3.77,0.9
1b69d904-d4c5-3858-0a87-69f2578e0ab3,2021-08-07,TX-300,NY,Supplier D,317,27,402,3.77,0.05
24ddd27f-37f2-a295-36b0-0f85eb5b7ddc,2022-04-12,TX-100,TX,Supplier D,268,23,338,3.88,0.94
db067a4b-154f-c96c-080a-be9c39b5528f,2020-01-26,TX-100,TX,Supplier D,199,14,253,3.17,0.28
e8e4fda8-576a-1fb2-14b9-4e82b1027e17,2023-05-13,TX-400,IL,Supplier C,363,32,461,4.14,0.87
48d6ffa5-457b-d0a9-bc4d-4de75fea94c2,2022-10-01,TX-400,CA,Supplier D,280,19,354,3.97,0.28
487310ae-bcdf-f1f4-f5af-65f3b2c7d7af,2020-01-23,TX-100,FL,Supplier D,189,21,251,3.17,0.85
e7cf4c9d-189b-afdd-15d9-ea04fcd0e214,2020-10-13,TX-300,CA,Supplier D,273,23,352,2.74,0.1
c761bc75-a7c7-43ce-47d5-b2347fa2324e,2021-04-23,TX-500,NY,Supplier E,271,19,346,3.68,0.77
36636f8b-28e4-5bdf-eea9-040908d99d14,2022-03-15,TX-400,TX,Supplier D,303,33,396,3.78,0.21
515e934e-4632-4c36-dcde-981ce99b0867,2023-08-28,TX-100,IL,Supplier C,256,25,333,4.06,0.04
c4015301-dd13-7489-fd30-baae287b9d42,2021-07-13,TX-300,IL,Supplier D,284,16,358,3.79,0.44
24d8b7ba-deb8-b47a-b9ca-4ae0f5063d86,2023-01-26,TX-300,TX,Supplier C,225,15,284,4.33,0.74
1c8ef797-0f93-6390-7f43-d1d6d756c99e,2023-02-05,TX-100,FL,Supplier C,232,19,298,4.02,0.12
8cfb3c79-7206-15a9-07a4-1589943344b6,2022-12-08,TX-500,FL,Supplier B,232,24,302,4.43,0.83
0156be76-acf5-5d24-89b4-194b29cc8114,2023-06-14,TX-100,IL,Supplier C,348,31,451,4.27,0.39
058cce5a-1846-71a3-bf56-6504d99ea20b,2022-08-21,TX-100,NY,Supplier E,277,20,356,4.49,0.95
f3774f32-c001-a4cc-f768-054a82dea7e4,2021-06-13,TX-200,FL,Supplier A,337,25,428,3.5,0.34
17f2ce44-e318-d6bf-e0c8-a9fdaa90d2a1,2022-08-21,TX-100,TX,Supplier E,330,15,411,4.49,0.95
dc4bd3a7-edd2-de6a-f099-84a80bf25d51,2021-06-04,TX-200,FL,Supplier B,337,26,437,3.5,0.34
1d199434-83a7-9768-a5b3-a0913085ddc8,2021-05-23,TX-300,NY,Supplier D,275,18,344,3.79,0.59
fb8983f3-91e6-daa8-0c58-555e5f80820a,2021-01-02,TX-500,FL,Supplier E,249,24,324,3.45,0.78
6799c054-88c4-df8e-f8f7-f834302b46c8,2023-04-16,TX-200,CA,Supplier C,380,22,471,3.94,0.11
28b89336-7058-2e74-eac5-a6a5766b1c6e,2021-12-02,TX-400,CA,Supplier D,232,23,305,3.84,0.32
3f1ef7bc-15e5-9c51-3450-2aed4e15a8fe,2023-11-05,TX-100,CA,Supplier C,238,9,297,4.32,0.35
436eee93-1413-63bb-5678-8fbdef46d981,2022-02-08,TX-300,NY,Supplier B,187,19,245,3.6,0.27
2f4a30b4-6525-0031-ae33-0dc6c201e526,2022-04-08,TX-400,CA,Supplier E,338,21,432,3.88,0.61
9a2dc70a-8b37-4447-74c5-92707225d602,2021-04-28,TX-200,NY,Supplier E,236,16,301,3.68,0.64
743fd8a4-552d-5fbd-f9dc-3a0b84b08090,2021-09-23,TX-100,NY,Supplier A,218,10,271,3.71,0.2
89b622fd-8898-8829-2556-56bfda0a2d70,2022-11-05,TX-500,IL,Supplier E,276,8,340,4.13,0.46
3d12ef4f-7684-bcfb-bb4d-664fc42eb540,2023-02-09,TX-100,CA,Supplier A,224,13,283,4.02,0.82
65244559-90c8-6dc0-2dca-122ff7f9c56b,2021-05-29,TX-400,TX,Supplier B,416,35,531,3.79,0.65
c2d361ae-ef0f-1021-6628-8ecb0d5d45d1,2023-01-01,TX-300,TX,Supplier B,196,21,260,4.33,0.75
4df04831-d09b-6308-9cb1-af93b714196e,2020-04-29,TX-500,TX,Supplier B,317,24,403,3.56,0.95
23d6e390-c1e5-8601-2b92-47d5fc3a185f,2022-06-25,TX-400,CA,Supplier B,458,33,589,4.1,0.78
d4f6b92a-02dd-6bc3-7a05-47d153f61481,2020-06-16,TX-500,NY,Supplier E,305,17,383,2.68,0.12
1653d769-0a97-6725-ea49-33bacf169b7c,2023-01-18,TX-500,TX,Supplier A,282,28,365,4.33,0.17
e4647944-1d0f-60a6-36b3-d14cfa036052,2021-09-07,TX-500,IL,Supplier B,366,27,467,3.71,0.72
cffa5678-fc67-cb11-4585-f340a9f2cf67,2020-03-16,TX-300,NY,Supplier A,236,18,304,3.22,0.49
e1bdbce2-f296-0f42-50c1-c5452137a7bd,2021-09-29,TX-100,CA,Supplier B,303,21,380,3.71,0.96
46a24451-7073-07b9-fcef-e00f969cec38,2022-02-05,TX-500,IL,Supplier E,219,18,283,3.6,0.88
3b00c0f5-8002-00fe-114c-35d41f2b6f3b,2022-04-22,TX-100,IL,Supplier A,238,19,302,3.88,0.24
ac46d123-124c-ae25-6c88-7de38c28a693,2021-06-14,TX-100,NY,Supplier B,309,27,398,3.5,0.5
d7e1e7a6-4d44-60ac-87a1-5715dd40927f,2020-02-10,TX-200,CA,Supplier C,243,24,318,2.91,0.15
a43e3df3-7d4d-2628-6bce-bbe95cc37c2b,2020-02-13,TX-500,CA,Supplier B,248,24,324,2.91,0.38
4d3ecda5-4ec1-8949-4d44-fb0123bf8500,2021-04-05,TX-200,FL,Supplier C,290,15,360,3.68,0.07
86988b51-e699-424f-9764-27f3a3d2e103,2022-06-05,TX-300,TX,Supplier D,313,28,398,4.1,0.94
6ee20d39-86ec-68c7-ee4b-16079d9369f8,2023-09-24,TX-400,CA,Supplier E,306,20,386,4.06,0.84
de058f30-c6af-069b-9449-baa251b7cba6,2020-05-21,TX-100,FL,Supplier A,289,26,376,2.99,0.24
64685640-4173-1382-36b7-bdc8fbe1821e,2021-10-04,TX-400,IL,Supplier E,248,13,309,3.51,0.24
9c4e1392-ac01-6fa0-e641-e5276c71baf1,2020-12-01,TX-400,CA,Supplier D,271,26,350,3.4,0.99
240f093b-ec66-5be9-2892-0637e89a1f2a,2020-09-03,TX-300,TX,Supplier E,296,6,359,2.91,0.98
dd7a77af-003e-5548-7c7d-a9eb681b8f6f,2020-08-03,TX-100,CA,Supplier A,297,19,379,2.82,0.17
7c0f9b25-360f-5984-072f-fdadde83b18c,2020-07-10,TX-300,CA,Supplier C,314,33,409,2.82,0.8
ed99b225-f786-f1e1-ad35-685a62a42fe2,2021-07-01,TX-400,IL,Supplier B,320,13,389,3.79,0.63
bdbc090d-ebf5-b38d-1569-d3b4e29e622e,2020-09-11,TX-200,CA,Supplier A,295,17,375,2.91,0.86
b1b1a4b3-8e38-088a-b291-a4c49021c274,2021-07-17,TX-100,FL,Supplier C,360,29,461,3.79,0.98
49aa0a49-8fb3-caf0-66a8-ebdd6528c536,2020-01-08,TX-300,TX,Supplier B,231,22,295,3.17,0.57
f101f6c6-90e0-8137-2b1a-ab4aaf837d50,2020-05-30,TX-300,TX,Supplier A,305,30,395,2.99,0.78
52c0f331-2161-2443-3b0e-88eaeaf07bf1,2023-11-07,TX-400,TX,Supplier B,286,24,368,4.32,0.23
5ac2b8c3-2754-ad7d-cc42-67d9aadd5e6e,2023-03-12,TX-200,FL,Supplier E,224,14,283,3.74,0.31
3dc33df4-d13b-84c8-8df4-92d46925878e,2022-06-14,TX-300,NY,Supplier A,341,17,420,4.1,0.25
ce0035d1-234e-6c35-215d-46bdf53f752a,2021-03-30,TX-500,CA,Supplier D,331,21,411,3.96,0.52
494378cc-4caa-ce83-8967-533d67896432,2023-11-05,TX-500,IL,Supplier B,253,17,321,4.32,0.35
73d40f2f-ca47-c9c4-1019-ec09edab518d,2020-06-30,TX-500,TX,Supplier C,387,22,491,2.68,0.42
c60288e0-c4a0-5560-098f-173ceaa925c9,2020-11-17,TX-500,CA,Supplier D,264,19,334,3.1,0.27
b5f7f274-ae1a-cde1-478c-5bf37e338a7d,2022-07-02,TX-400,NY,Supplier B,281,26,368,4.71,0.13
e766f7b0-f207-3108-1198-372d5c0d4252,2021-01-20,TX-100,FL,Supplier C,171,12,220,3.45,0.2
71b48ef1-282a-51f8-f306-cfc916d7d4ff,2023-04-01,TX-400,TX,Supplier B,299,23,377,3.94,0.21
afb3258a-8380-0461-528e-68a6628dbf98,2022-01-14,TX-200,TX,Supplier A,199,14,250,3.7,0.03
e64e28c1-5f08-ad38-47ea-cf6bb65aa205,2023-03-05,TX-100,TX,Supplier B,275,25,358,3.74,0.42
5af50e86-a42e-5dc0-f3dc-237aa4be65d3,2022-09-28,TX-200,CA,Supplier B,330,28,422,4.26,0.13
472c9410-fa17-374d-094a-000abd434fde,2020-04-12,TX-500,NY,Supplier B,266,16,333,3.56,0.14
dda1a640-f154-1629-7623-4636acc3d335,2023-06-08,TX-500,CA,Supplier D,391,31,502,4.27,0.83
43cd6099-09a5-72b5-4a42-a7aaa69bdefc,2023-01-06,TX-400,TX,Supplier C,261,23,338,4.33,0.88
5a0e7576-42c3-27a9-2600-93715b4fa8ba,2021-09-17,TX-300,NY,Supplier D,261,19,327,3.71,0.39
dc7b9fc2-e51e-8b48-7103-fa64f424c058,2021-04-24,TX-200,TX,Supplier D,325,23,411,3.68,0.31
8c62e219-9c3f-ef5a-9a79-687427f4e520,2023-02-04,TX-200,FL,Supplier A,256,22,328,4.02,0.75
8e7f2aed-a1fb-0826-c2b0-cff53dd3fe08,2021-01-05,TX-300,TX,Supplier C,203,18,261,3.45,0.66
f92408dc-79af-64ce-a2b7-726a4578f010,2021-02-18,TX-200,IL,Supplier E,237,18,305,3.82,0.58
fffe6089-8529-a2c5-619d-0198b3344476,2020-11-21,TX-200,IL,Supplier A,213,18,274,3.1,0.15
244be586-e3d6-0e11-ec15-ffd4441b59fa,2021-09-30,TX-400,NY,Supplier C,253,19,324,3.71,0.75
80cea732-6330-732d-cc0c-caa74e834688,2023-11-30,TX-200,NY,Supplier D,184,14,238,4.32,0.48
aaefd2cf-598a-a5b7-f959-dc0e129bf076,2020-11-17,TX-400,CA,Supplier C,230,15,291,3.1,0.27
adfcd68b-c89b-2bd8-cbf1-2c872dde041e,2021-07-22,TX-500,TX,Supplier E,372,25,469,3.79,0.12
63ae63c2-19b3-b7b6-04f5-cb125da68595,2022-01-05,TX-300,FL,Supplier C,206,14,262,3.7,0.36
77cceb2a-4d84-b6c4-6ceb-b9602aa72fcd,2020-07-16,TX-400,NY,Supplier A,309,22,386,2.82,0.41
0e8785de-2fd3-b74a-8d09-8492cfe877ce,2022-04-12,TX-400,TX,Supplier A,323,18,405,3.88,0.94
837710ac-2d82-6602-780a-fb3f7b87730d,2023-02-03,TX-100,NY,Supplier A,213,16,271,4.02,0.21
f9d1b808-7a6e-bd9e-0250-274bc0c2170b,2020-09-04,TX-400,CA,Supplier A,340,27,427,2.91,0.8
4fcc47f0-d982-d6e5-8d5d-dd7b647689d7,2023-09-04,TX-200,CA,Supplier D,367,23,471,4.06,0.12
9b5d9611-1702-c9e4-1382-f73621ff2b1a,2020-06-25,TX-200,CA,Supplier C,321,26,406,2.68,0.02
d50a7bae-82bc-5751-eba0-577049440005,2022-07-31,TX-100,CA,Supplier A,395,25,504,4.71,0.79
9cfd37ae-d5b7-6f8d-0c6e-e3235f387691,2022-12-24,TX-400,TX,Supplier C,231,18,295,4.43,0.05
c7e6e396-e0a6-9519-882a-8984c83e025f,2023-02-25,TX-200,IL,Supplier C,243,20,314,4.02,0.55
aba9195a-2325-d2ad-4c2c-2b6596453e6e,2020-01-14,TX-500,NY,Supplier A,184,11,235,3.17,0.76
03f93555-2c39-748e-81e1-f376ba2d5fdf,2022-05-26,TX-200,FL,Supplier A,322,16,408,3.99,0.16
7bbc12e0-b262-733a-d28c-e5c76dfba04f,2022-02-18,TX-400,TX,Supplier A,283,17,356,3.6,0.25
d209ecc2-22f1-5eb2-1669-d507eb8321c2,2021-04-05,TX-200,CA,Supplier E,330,20,412,3.68,0.07
1a53f439-33af-0313-0e3d-6fa7dd8e8f4f,2020-04-23,TX-500,CA,Supplier E,333,16,414,3.56,0.04
f433d37a-8def-c09e-87bb-68dcd237351b,2020-12-12,TX-200,TX,Supplier A,186,12,234,3.4,0.83
308858e4-a415-ede6-2f43-bc9cb2fbfb70,2021-09-17,TX-300,CA,Supplier B,269,17,335,3.71,0.39
8482c567-9c3f-13f2-f4a2-d4e77fd96822,2021-04-15,TX-200,NY,Supplier E,255,16,321,3.68,0.86
a760e151-af74-5b8d-039d-8861a099b7e1,2023-01-08,TX-200,NY,Supplier C,170,15,219,4.33,0.15
ce8baaed-ed6c-2185-a72b-4562bb72cddb,2022-11-24,TX-200,TX,Supplier E,200,10,253,4.13,1.0
a58fd678-e7d4-e70d-8a0f-d4616798c5e8,2021-02-27,TX-100,IL,Supplier E,227,16,285,3.82,0.13
474a5f82-b7cf-9c50-0b3a-520aa378eb93,2023-08-28,TX-500,NY,Supplier C,358,34,465,4.06,0.04
513be56f-c7fe-f21b-2b5e-d5f571c0ecb1,2021-01-01,TX-400,IL,Supplier E,178,10,224,3.45,0.14
04ea77fe-1a68-34cf-c08d-4bb8f7caa929,2023-06-05,TX-500,NY,Supplier D,329,27,419,4.27,0.56
2da2151c-6553-761b-c737-0d36f2226c58,2022-04-22,TX-200,IL,Supplier B,310,18,384,3.88,0.24
8fd2ac05-023e-875b-3cb4-20e65619a427,2023-03-26,TX-100,TX,Supplier D,278,17,348,3.74,0.22
31ac1b93-87e9-46b1-8f90-0df9ca537eb2,2021-09-28,TX-400,NY,Supplier D,276,22,350,3.71,0.42
3052547b-7d7d-a3e7-8d2b-e11126d1aec0,2023-09-28,TX-200,NY,Supplier E,253,18,323,4.06,0.55
eba1ae98-f28e-336b-0c5f-54a39becf56c,2020-01-09,TX-500,CA,Supplier D,264,23,341,3.17,0.14
5786dcd2-d4be-fbe5-277b-e4d6edda1f34,2020-11-07,TX-400,FL,Supplier B,248,20,319,3.1,0.12
d7a95054-b2a7-0f56-87fe-8938d4fda90a,2020-11-30,TX-500,CA,Supplier D,264,28,341,3.1,0.38
a7dab46e-d348-0fec-95fd-865049ab54b7,2022-08-04,TX-300,NY,Supplier A,278,14,352,4.49,0.64
20a3f0b4-dd6e-b3ec-1f8f-b72e4579bc69,2020-08-22,TX-400,NY,Supplier A,261,16,328,2.82,0.57
a1e044ef-ccfe-f10f-cf24-4549f3d9e128,2021-03-26,TX-100,IL,Supplier E,205,12,258,3.96,0.74
ba9efdb5-5472-28b0-4793-752429e9b76f,2021-12-11,TX-300,IL,Supplier B,204,23,267,3.84,0.71
220a3808-0ae4-5c53-364b-f9472d574f05,2022-01-09,TX-500,FL,Supplier B,217,13,276,3.7,0.6
e365550e-e9bc-ffa1-6ed7-038b27572c57,2023-01-17,TX-300,FL,Supplier E,237,13,297,4.33,0.82
8ed32d11-944d-c9a2-35ad-0880046252e4,2022-07-05,TX-200,FL,Supplier E,306,21,384,4.71,0.95
8a6dbe0b-cb03-9729-e7fb-d4eafca9a992,2022-06-03,TX-100,CA,Supplier C,390,24,488,4.1,0.77
d2cd01f9-8c8e-fe75-0cb8-860880c5a05d,2021-08-25,TX-300,IL,Supplier B,279,16,348,3.77,0.67
ee8a4285-8134-0953-c473-38c7dfa071b2,2022-08-10,TX-400,FL,Supplier A,342,23,436,4.49,0.13
cbf51ea8-6dd1-811f-4db6-a68f08d5827b,2020-04-02,TX-400,NY,Supplier E,279,18,351,3.56,0.94
013902f6-0b3c-335d-28d8-4f582d1201b2,2020-02-06,TX-100,IL,Supplier D,170,9,211,2.91,0.72
e86bf224-1afa-f7f2-53d6-90ff60fbf5f0,2023-12-23,TX-500,CA,Supplier D,249,26,327,4.33,0.37
4b590ea2-2102-7be8-7d5f-09ce08c0feac,2021-11-30,TX-400,NY,Supplier B,190,19,251,3.9,0.84
3a21a78d-ef36-be4d-0665-7d030843d292,2022-03-30,TX-300,IL,Supplier B,230,22,296,3.78,0.2
9eeb070c-ab9b-9f30-7271-8fbf69bf6a56,2020-03-03,TX-200,NY,Supplier A,196,20,256,3.22,0.31
ca970f2b-fcab-e9dc-8e20-e2b03ec116ca,2021-01-29,TX-200,FL,Supplier D,209,10,264,3.45,0.27
39da9a94-4af5-477d-8ceb-85adc27e9b3b,2021-04-09,TX-200,IL,Supplier B,240,16,302,3.68,0.33
31cc94dc-52c2-8b34-6a89-b6aa66ea2622,2020-06-10,TX-400,TX,Supplier B,392,27,495,2.68,0.58
3a5e7768-1965-3477-beaa-38427d9e1d89,2020-02-08,TX-300,CA,Supplier A,210,18,266,2.91,0.16
18fd2da5-81b8-7a75-7282-80beed977f4d,2021-03-31,TX-500,IL,Supplier A,302,19,378,3.96,0.8
f56c5c89-7696-36cb-3934-bd62c3b814fe,2020-12-26,TX-100,TX,Supplier E,184,13,231,3.4,0.67
e5f20ad1-167e-69fe-0eee-6a6011081ba8,2023-06-05,TX-400,NY,Supplier E,328,19,412,4.27,0.56
feecb369-b180-5536-6c27-c860e54952c8,2022-09-24,TX-300,NY,Supplier D,213,21,276,4.26,0.78
baefcc6f-faa4-f6e5-aef7-a7a000545460,2020-04-04,TX-300,CA,Supplier C,268,23,345,3.56,0.47
86612563-be21-7ce2-afc4-0cc112d15fb3,2021-12-31,TX-500,NY,Supplier B,215,18,270,3.84,0.25
4f36382b-5b5f-bc86-5e66-15bffce68497,2023-05-26,TX-100,CA,Supplier A,363,27,467,4.14,0.66
86aac199-5876-a10c-3341-96355acefff5,2023-10-09,TX-300,NY,Supplier C,261,13,326,4.1,0.08
7e6a6c3b-1446-ad86-b64e-69a79545909f,2023-04-04,TX-200,CA,Supplier C,289,21,369,3.94,0.13
0bef1f99-10b8-f01c-4072-a6660d61e327,2023-02-13,TX-200,IL,Supplier D,213,14,268,4.02,0.65
648cb71c-a518-33bf-0d36-2a9cd42c55f0,2023-02-17,TX-500,FL,Supplier A,273,24,347,4.02,0.98
5a925d7b-b022-4cc3-6a1b-96059b545a0c,2023-12-22,TX-100,IL,Supplier D,161,13,202,4.33,0.96
0c9de2d4-df8a-2a55-3c1f-c853595e9ac7,2020-08-07,TX-400,IL,Supplier B,312,27,404,2.82,0.02
8439ca98-7276-3aa2-cd36-e3f4c15f137d,2020-07-14,TX-200,TX,Supplier C,380,25,487,2.82,0.87
1bc9526e-9115-e5a7-545d-d2a36430cf36,2023-06-23,TX-500,FL,Supplier D,369,35,481,4.27,0.85
28e74ddd-d233-d38f-0780-048886d3cb56,2022-10-28,TX-100,IL,Supplier C,189,9,234,3.97,0.91
0c824051-08fe-9d31-e8a8-ed742eee7819,2021-09-12,TX-100,NY,Supplier C,243,22,314,3.71,0.14
1c0c6114-e37c-dd4c-008f-e3136ff4a8e8,2021-05-21,TX-400,IL,Supplier D,363,26,460,3.79,0.29
b5071acf-e64b-62eb-235a-f5d5a1f1416b,2021-05-31,TX-500,CA,Supplier D,420,39,539,3.79,0.76
a31d0b91-0a08-7e05-3359-2413af5a9289,2021-12-04,TX-200,CA,Supplier D,262,25,338,3.84,0.48
d30682b1-a172-b6fb-6b01-acf769f7a106,2022-12-08,TX-400,FL,Supplier A,224,12,283,4.43,0.83
d7742a8e-7821-15b7-f01d-3bd82f246d88,2023-03-15,TX-400,IL,Supplier D,258,20,326,3.74,0.07
2408fc10-b303-2d3a-577d-3aaedf416401,2022-03-24,TX-300,TX,Supplier A,237,18,304,3.78,0.57
e64c7398-7466-6cb7-1073-d1a778e06083,2020-04-24,TX-300,IL,Supplier B,266,22,345,3.56,0.55
3c26cbab-7439-0a77-887a-038ddede170d,2021-06-11,TX-100,NY,Supplier E,273,20,344,3.5,0.59
420a285c-c4fc-e0d4-b886-d37090e79359,2022-09-09,TX-100,TX,Supplier B,308,26,389,4.26,0.51
ded19e01-5d5b-6363-5a71-8243d36e97c6,2021-05-10,TX-100,CA,Supplier A,301,31,387,3.79,0.45
6e89a71d-a940-3a9a-0713-6a6b25bcaec6,2021-08-05,TX-300,NY,Supplier B,323,23,412,3.77,0.04
8f3f3d41-b948-38c8-fd69-f2f327da3cd3,2022-03-26,TX-300,TX,Supplier D,246,17,314,3.78,0.9
432e5597-2594-1403-f605-735dad2c1192,2020-08-31,TX-400,NY,Supplier E,294,23,375,2.82,0.1
efab27f8-a7d3-8867-c2d6-3b00b3495cf2,2021-08-28,TX-200,TX,Supplier A,319,23,403,3.77,0.35
ece3155d-479e-238c-c228-c1fc8ba1d3cf,2023-10-15,TX-100,TX,Supplier E,251,12,313,4.1,0.16
89d5af76-4b09-0ab7-004a-123d14b52e60,2023-10-10,TX-400,TX,Supplier E,282,20,363,4.1,0.78
fb2ea7ae-f4d2-a181-f08e-8131f8af5462,2022-08-11,TX-300,IL,Supplier A,330,17,409,4.49,0.15
cfa8f9bf-3144-a018-b93b-bf2fdc5eca66,2022-09-14,TX-400,IL,Supplier D,286,20,359,4.26,0.41
752c6778-3419-bfef-66e6-115aee8b53bf,2022-02-13,TX-200,CA,Supplier C,256,21,327,3.6,0.84
355050af-6012-36fb-6bfa-571ffc1edc35,2020-12-27,TX-200,IL,Supplier E,196,11,245,3.4,0.65
bfdf7d97-606c-250f-1201-abe1e0ee96a8,2023-10-24,TX-300,TX,Supplier C,222,21,283,4.1,0.15
322cbdeb-5e9f-1686-71dd-246ed7d763b8,2023-07-25,TX-200,CA,Supplier B,425,36,544,4.02,0.84
31f72c1f-b071-417a-504d-95988929e77a,2023-05-02,TX-400,CA,Supplier D,387,19,483,4.14,0.98
7f832544-498c-d889-1565-acbb458bad0b,2021-11-02,TX-300,CA,Supplier C,241,6,295,3.9,0.43
2f0f63dc-3ce6-aef5-7714-0eb83b362a66,2020-11-06,TX-100,NY,Supplier B,211,17,272,3.1,0.93
1080d8a1-f841-3ea5-6e20-dcb623ae17c1,2021-07-26,TX-200,CA,Supplier C,334,23,423,3.79,0.99
dd68d4e7-97d9-3f85-29a2-5b75d2ff23f8,2021-08-11,TX-100,CA,Supplier B,370,26,465,3.77,0.77
ce5a05f5-8c82-ea9a-be6d-8cb673c00e18,2022-09-01,TX-300,FL,Supplier A,273,16,342,4.26,0.66
8a06d737-8b5e-8fec-023d-04cf4a952656,2023-04-29,TX-400,TX,Supplier C,307,33,406,3.94,0.58
aa4d929b-ad39-acb7-bf3e-a19d31bde71b,2023-01-19,TX-400,FL,Supplier E,223,7,277,4.33,0.15
6bafd7c4-f391-6abe-7853-fa46e9260f85,2023-04-23,TX-500,TX,Supplier D,313,30,398,3.94,0.53
27d5ce23-f2b0-0925-a0e7-dcbada567762,2021-09-10,TX-500,IL,Supplier C,304,17,383,3.71,0.3
92a672fe-3cd9-dd18-53fa-13df1f85264f,2020-08-26,TX-200,CA,Supplier C,375,19,468,2.82,0.52
a5987a90-dfa2-ac8c-7bff-423879a208e4,2020-02-24,TX-300,NY,Supplier E,231,18,296,2.91,0.78
5f56d702-32f7-6cf9-98b2-867c98eea763,2021-03-07,TX-200,TX,Supplier B,229,16,289,3.96,0.22
eac2ce0b-8a24-e533-c2dc-75280c8aab18,2021-01-26,TX-500,IL,Supplier B,232,14,293,3.45,0.16
bcceeeb3-f0d4-32bc-e1c1-a4513045b43d,2023-11-22,TX-400,TX,Supplier C,239,19,307,4.32,0.19
6b9a363e-696f-365c-b7c0-f401a5ca8343,2021-12-13,TX-400,NY,Supplier E,198,15,255,3.84,0.05
d429cbaf-d17a-a66f-518e-d34f2e38e32b,2023-08-05,TX-500,CA,Supplier B,423,24,538,4.06,0.62
484806af-d6f0-e411-da6b-27f38e30973a,2021-04-16,TX-100,CA,Supplier B,283,24,361,3.68,0.37
6c3909c8-e86a-af3c-9911-9da92129290f,2021-04-08,TX-100,CA,Supplier D,286,23,370,3.68,0.28
55b61e66-73d1-af99-59a9-9d9ce91f8237,2022-10-23,TX-100,IL,Supplier C,239,10,292,3.97,0.54
e745abf3-b8bf-b1ae-3325-1be167ead255,2022-12-23,TX-500,FL,Supplier E,210,14,264,4.43,0.42
96d92439-20b4-5739-ad44-65e575ba6bb0,2020-08-29,TX-500,CA,Supplier D,393,42,527,2.82,0.05
ac8a14ec-3234-5e32-1145-44e4385a2e59,2020-05-10,TX-500,NY,Supplier E,299,11,363,2.99,0.89
834ffda2-2c46-a1e9-e5a6-81d75781fb5f,2020-07-15,TX-500,FL,Supplier E,428,19,538,2.82,0.6
4013cf4d-7adf-0d67-b816-58c326835db1,2020-12-07,TX-100,FL,Supplier B,212,18,272,3.4,0.12
3dc24e93-1d3f-dec7-5ba0-0921931b4cad,2021-09-29,TX-300,FL,Supplier B,231,13,292,3.71,0.96
a7f9cea1-4ffc-ac38-495b-882337985ea1,2023-12-20,TX-300,CA,Supplier B,219,17,282,4.33,0.66
806d1c59-aee3-29f9-19c1-0f34d6c4483c,2023-04-02,TX-400,FL,Supplier A,319,26,413,3.94,0.42
281d1f18-4bda-df42-2291-12bdf4249f1c,2021-02-05,TX-400,CA,Supplier E,232,12,289,3.82,0.88
ac173b37-fd5c-11a5-04c1-e10f1765011f,2022-02-15,TX-200,TX,Supplier A,221,23,289,3.6,0.6
606a442e-acf0-b19e-8f25-ad8421b24b0d,2021-04-23,TX-200,FL,Supplier E,267,13,334,3.68,0.77
f6471a7c-a954-2e28-1b93-03d4b01c3e48,2020-09-05,TX-200,CA,Supplier B,287,15,351,2.91,0.78
8a015574-8d36-0bfc-73ee-8ab1878fcf18,2021-07-17,TX-100,IL,Supplier E,338,23,419,3.79,0.98
1f0cb23c-e700-8296-f5e9-49e81860bfa0,2022-12-19,TX-500,NY,Supplier C,239,19,308,4.43,0.73
a9d16c08-a429-e1ec-afe1-fa615a49bf1a,2023-11-04,TX-200,CA,Supplier C,302,24,380,4.32,0.95
7d80befb-f68d-4cd8-66e1-3a827cf8c392,2020-04-22,TX-500,CA,Supplier D,384,30,485,3.56,0.23
dbffd778-079a-05f5-b645-2ca1ad63ffd3,2023-04-07,TX-500,NY,Supplier C,336,21,421,3.94,0.36
3185ec7b-91c8-e531-52b6-3a7ab005a5cd,2020-03-11,TX-400,CA,Supplier D,265,25,345,3.22,0.58
4f23cdd2-1b81-0f7c-45e5-16e7572bf510,2022-07-31,TX-400,CA,Supplier D,389,28,494,4.71,0.79
c6d3379e-1eca-9b9b-5ad9-1fb2dc7cd804,2021-04-25,TX-200,CA,Supplier E,366,20,467,3.68,0.69
0b6d9a29-6c8a-d1f8-1eec-cbb1454420f7,2022-06-26,TX-200,FL,Supplier A,377,21,471,4.1,0.52
e033ecaf-a9f5-814d-f4ef-d60141f53fac,2023-09-03,TX-200,IL,Supplier B,285,21,367,4.06,0.84
f6cffa9b-a01b-5f6a-c7be-299bd6689f5e,2021-04-22,TX-300,TX,Supplier B,338,11,422,3.68,1.0
eac0db46-4356-594b-1760-c9ec959ab15c,2023-03-04,TX-400,CA,Supplier C,298,19,379,3.74,0.26
dd39a464-4c65-e105-75d2-03b0579d94f2,2020-07-12,TX-400,NY,Supplier A,290,19,362,2.82,0.53
3fcb3d60-3891-bfc2-7d17-ad3deee5bdbe,2023-03-23,TX-400,IL,Supplier B,260,29,338,3.74,0.48
036b22da-600a-272a-9367-aef82f74ff6c,2020-03-10,TX-300,NY,Supplier C,192,16,247,3.22,0.63
4dceeaf3-2125-0312-3bfb-f94bfe3eff82,2022-06-25,TX-100,IL,Supplier D,292,20,371,4.1,0.78
b4f2442a-1bc0-aa09-d53c-8b5af53efec9,2021-02-28,TX-400,IL,Supplier B,248,11,306,3.82,0.28
4f391719-c6d1-e42c-bca5-d8cf66ca6b0b,2021-10-14,TX-500,FL,Supplier C,255,24,333,3.51,0.16
6dea8119-d008-d1c7-016d-613edee82534,2022-07-25,TX-200,NY,Supplier B,288,12,360,4.71,0.34
c8915dcb-305c-b094-7469-60fa8a18093d,2022-09-13,TX-400,FL,Supplier C,337,19,427,4.26,0.34
b5ffd09c-e863-9050-21d9-928bafdd6329,2022-08-17,TX-200,FL,Supplier E,315,17,398,4.49,0.46
7cdd1c44-9f73-7b71-cd25-21d285c9db7e,2022-09-29,TX-200,NY,Supplier A,241,10,299,4.26,0.28
8b25e466-22e2-ba6c-93ae-f4d893e2fade,2023-10-08,TX-500,TX,Supplier B,345,30,447,4.1,0.09
471682b2-ad34-4b9a-0e2a-33ad7ad28da6,2023-06-28,TX-300,IL,Supplier D,365,40,488,4.27,0.33
913251e0-e9fc-1ac9-b973-129707ea55ce,2022-11-14,TX-300,FL,Supplier B,226,20,289,4.13,0.86
158a8b22-0f1f-b814-ba04-4c480b4d8aa1,2022-09-04,TX-100,IL,Supplier E,251,14,312,4.26,0.37
1bcebe9d-8052-e5d3-a4f6-f32a3b238013,2022-12-06,TX-400,FL,Supplier E,233,8,284,4.43,0.66
c255395d-ccea-60fd-587b-4e23f3738a39,2020-07-17,TX-300,CA,Supplier E,334,22,416,2.82,0.37
9a2f2615-aff6-19bd-f0f9-bccb9dee3f2f,2023-05-19,TX-300,IL,Supplier B,275,27,356,4.14,0.93
24e6bf71-064a-a174-3582-7e49973a1df2,2020-06-17,TX-300,CA,Supplier E,365,20,459,2.68,0.93
8b34069c-d51c-4ef5-eda5-29c3d4bd26ab,2021-03-22,TX-500,TX,Supplier D,351,32,448,3.96,0.43
a90c98ab-cb4a-0f21-b36b-c1944bc743e4,2023-03-17,TX-200,IL,Supplier A,281,17,357,3.74,0.21
312e39a4-6f61-5c24-ed95-ca11c37815f4,2022-09-11,TX-100,FL,Supplier B,285,18,362,4.26,0.42
9463bae1-0e32-b22e-942a-285708d006d7,2022-08-24,TX-100,TX,Supplier B,341,26,432,4.49,0.68
f4e3defd-cc09-497e-f629-779bec96e4f7,2022-09-04,TX-300,FL,Supplier A,268,23,342,4.26,0.37
12c981c7-41a2-037d-d612-c0ea30825468,2021-08-26,TX-500,NY,Supplier D,324,28,413,3.77,0.24
b5bffb82-69a0-e634-cbcd-b54dfa551d6c,2020-01-24,TX-200,TX,Supplier D,213,16,273,3.17,0.23
8f604ac8-3292-4c07-2640-7aa62621ce10,2023-11-04,TX-200,IL,Supplier D,234,15,301,4.32,0.95
2b0b3592-6fa7-fb46-591c-7bc544c0da04,2023-09-25,TX-200,TX,Supplier E,325,27,417,4.06,0.94
c3210fb4-9857-65a4-bb3f-ab57acf4ca2a,2021-07-17,TX-300,TX,Supplier D,364,18,459,3.79,0.98
7d8a0619-30fd-ed15-1339-a4c155b67154,2020-04-20,TX-300,NY,Supplier A,285,17,363,3.56,0.11
2f308b92-ca1a-e10d-bce0-a7f3a488ea4c,2021-03-01,TX-100,CA,Supplier E,220,10,275,3.96,0.3
141dd063-cecb-0557-1214-582c0698c970,2023-12-21,TX-400,IL,Supplier C,182,15,234,4.33,0.67
a227150a-2841-e24d-3c93-46976572657b,2020-04-14,TX-100,CA,Supplier C,293,20,375,3.56,0.11
c1724893-8b3b-2b6a-0c97-72ea38d01ff7,2020-09-12,TX-200,FL,Supplier B,317,21,401,2.91,0.46
d0c1f6db-3cff-03fd-1275-b28ad2a4f76d,2020-07-31,TX-200,NY,Supplier E,262,13,320,2.82,0.31
5e6693b6-fdb8-87b2-d38c-870e25e10e6b,2021-11-03,TX-500,FL,Supplier A,276,13,346,3.9,0.04
c37a962e-878b-382b-cd98-87ffcf9c24fd,2022-12-13,TX-100,IL,Supplier A,163,5,202,4.43,0.69
021fe17e-6aa1-f61f-2d82-950d3b41a0ca,2023-11-30,TX-400,CA,Supplier D,226,18,289,4.32,0.48
c2be2e1d-b5b0-5cc8-3dd0-299faeb5bc1d,2023-03-13,TX-500,NY,Supplier D,231,13,290,3.74,0.56
86d0639d-56c4-4970-6024-9bd7068bcc9f,2022-04-28,TX-300,CA,Supplier E,339,18,433,3.88,0.19
395c3a04-f494-7d94-b75b-423ef0f39f05,2023-07-23,TX-500,IL,Supplier A,387,28,488,4.02,0.12
cdd97ec7-a4bb-43a1-102a-bdf9fed89b4c,2020-02-06,TX-100,TX,Supplier D,205,17,261,2.91,0.72
2ba93b64-1cf3-69dd-667a-41bec0e91438,2020-12-21,TX-100,CA,Supplier A,234,16,299,3.4,0.88
9197f944-ed83-541a-99e5-cd127339786d,2022-06-10,TX-200,FL,Supplier A,396,34,518,4.1,0.85
f4e3c15d-8e7c-ef6c-9c51-c489573dc48e,2020-11-04,TX-100,CA,Supplier A,268,13,338,3.1,0.49
05b5562e-edaa-2423-a352-a5e4a9c64d81,2023-11-23,TX-500,TX,Supplier E,229,10,285,4.32,0.11
143cea42-df4b-169f-5fa1-0944b23af4a5,2020-07-29,TX-200,TX,Supplier A,379,33,488,2.82,0.15
b500a481-8a48-6944-2e87-2b75f6075d0c,2021-08-31,TX-300,CA,Supplier C,294,26,379,3.77,0.59
14343dde-93fe-4bf8-3cf1-b8e77a43381a,2023-06-17,TX-200,IL,Supplier D,343,25,437,4.27,0.0
4a862806-a76a-c8fa-8dac-fc8c15e057fd,2022-05-11,TX-300,TX,Supplier E,317,19,396,3.99,0.88
76e55964-b0ab-f45b-9572-78bc322194a9,2023-12-11,TX-500,TX,Supplier B,277,33,367,4.33,0.06
adccfd74-abdd-dabd-bbdc-372fc40981ad,2021-11-09,TX-200,FL,Supplier E,262,7,321,3.9,0.46
3154921f-9ef6-afe1-a7f0-f0021691837f,2021-03-11,TX-300,NY,Supplier A,192,12,243,3.96,0.42
0faabda8-e983-a93e-13ac-dfc9038c7954,2021-03-25,TX-100,FL,Supplier E,242,12,298,3.96,0.51
dc79dd8f-8721-60f2-163c-99fc4e30ebfe,2022-03-27,TX-300,IL,Supplier A,289,29,370,3.78,0.87
d9ab97f7-e239-e0cf-4e75-0ea0420af182,2022-07-18,TX-300,CA,Supplier D,354,35,457,4.71,0.19
4fd1b9b8-2f0c-1a1d-808d-6ddf0bef0a85,2023-01-13,TX-300,TX,Supplier A,212,14,269,4.33,0.44
efdb61d0-4b4b-4f4d-2d64-9387909b7844,2020-02-08,TX-500,TX,Supplier B,265,24,339,2.91,0.16
9c71fa2f-aa14-655c-9ffa-f1168f341983,2022-12-28,TX-200,CA,Supplier E,197,7,244,4.43,0.83
25befd34-3cfc-d04c-d613-079350a229e8,2022-02-08,TX-400,NY,Supplier C,200,15,253,3.6,0.27
9032aa42-4fcb-7d4b-45cd-e6608c992db1,2022-07-23,TX-500,IL,Supplier C,390,32,495,4.71,0.15
1e84b08f-1544-8902-004c-6155e9eea0ca,2020-06-16,TX-500,TX,Supplier C,407,30,528,2.68,0.12
c02906dd-208d-48d2-83c7-73696f050652,2021-01-11,TX-500,NY,Supplier A,235,15,297,3.45,0.24
59177a17-ab24-8467-0076-f078d47cd5b9,2023-01-23,TX-400,NY,Supplier D,201,17,258,4.33,0.82
c34f045c-6c68-811e-dd50-3e234dbd9821,2023-08-17,TX-500,NY,Supplier A,321,22,398,4.06,0.97
139e9b1e-78f9-431a-4328-7b044b47a2fa,2020-11-20,TX-100,CA,Supplier E,206,7,257,3.1,0.16
af503447-d61a-109d-0f05-1d2a75c76067,2022-11-09,TX-400,TX,Supplier D,294,29,383,4.13,0.26
b3a0cd33-9d96-4b02-e279-3802fdd2746f,2023-01-04,TX-300,FL,Supplier D,189,18,247,4.33,0.89
24a52a7b-928c-ee13-c26b-796094016558,2021-11-29,TX-400,NY,Supplier B,172,11,216,3.9,0.78
7ee10f16-09bd-f3d9-39f4-d9ed86e8b353,2021-08-25,TX-300,FL,Supplier A,331,26,425,3.77,0.67
09754fe7-b935-9363-1dc6-bb4cfa5a2c3c,2021-02-22,TX-100,FL,Supplier C,242,23,317,3.82,0.15
e0e41d97-04e2-f298-5b80-f2a72bc7d33b,2022-06-01,TX-300,NY,Supplier A,256,13,323,4.1,0.4
35628558-6d1b-9517-3f3a-f145455fe25c,2022-09-13,TX-100,IL,Supplier B,248,18,317,4.26,0.34
35c2ef96-cf2d-6513-dfad-83567633b9d6,2022-11-18,TX-100,NY,Supplier E,176,10,220,4.13,0.8
6c339088-1eef-e630-517e-7f67b0397e81,2020-11-26,TX-300,IL,Supplier A,199,9,247,3.1,0.55
d9b12336-0c47-3933-fb57-4c8ea1867b7d,2021-07-07,TX-200,CA,Supplier A,344,24,434,3.79,0.72
30853a2c-ec75-6ffa-b476-50682768603a,2022-07-29,TX-400,IL,Supplier D,333,27,427,4.71,0.62
ff152fa5-f21b-a438-5585-b7790d7dd8cb,2020-07-02,TX-500,CA,Supplier D,357,49,474,2.82,0.6
111cf392-4f75-d0f6-5935-3b2da83249a7,2023-11-21,TX-300,NY,Supplier C,201,18,258,4.32,0.94
30479d90-580e-073e-8f50-ae6aa5288e16,2020-05-18,TX-400,NY,Supplier E,295,17,368,2.99,0.75
86f168b2-8a90-c409-3865-46685f709686,2020-12-06,TX-500,FL,Supplier D,254,22,328,3.4,0.64
b41fefde-6d3c-dbed-1a0b-eca8ad688663,2023-11-22,TX-100,IL,Supplier E,216,12,273,4.32,0.19
ce1826be-e7a3-e35f-2ed6-5b89d8092f09,2023-10-14,TX-200,NY,Supplier D,273,23,347,4.1,0.04
c240cf78-7282-8c49-e9ee-15a86fa74af3,2021-10-16,TX-200,FL,Supplier D,237,21,308,3.51,0.28
5366356d-41db-a1fc-3156-d9fd94530f05,2023-08-31,TX-200,TX,Supplier B,386,32,491,4.06,0.9
07ed6e3a-68fd-a9fb-16aa-b01a33cc6dc4,2020-01-28,TX-200,IL,Supplier A,219,15,281,3.17,0.66
54c1e31b-3634-724f-cdff-f4989676683d,2021-10-13,TX-200,FL,Supplier B,241,22,316,3.51,0.32
46d67645-4004-3383-db60-9eeb427f5663,2023-06-13,TX-100,CA,Supplier B,319,24,401,4.27,0.95
53159c5b-e2fb-a74f-884b-b071b2626fbd,2023-04-24,TX-200,TX,Supplier A,289,17,365,3.94,1.0
0f5c3db8-cc7a-7f54-fde9-b7a3350cff61,2020-10-26,TX-400,CA,Supplier D,293,23,378,2.74,0.1
bcc2310e-982a-7786-58b6-657bfba3d7cf,2022-06-17,TX-200,NY,Supplier E,297,16,365,4.1,0.87
549be3b3-0294-d8be-9305-3c6d8ce5fc27,2021-09-06,TX-100,NY,Supplier E,219,19,282,3.71,0.34
751e6bdc-4dd6-7a13-db58-a132debdb7c0,2023-07-03,TX-400,FL,Supplier C,423,31,545,4.02,0.16
700ad4a6-6e81-3d61-b72f-1b476a682e27,2021-12-19,TX-500,NY,Supplier E,207,8,257,3.84,0.11
f2fe4ea7-77e7-3736-00a3-ba7f053069d4,2021-06-02,TX-500,TX,Supplier E,411,18,509,3.5,0.37
23f94ca2-3902-ae36-3efb-16433d40a863,2021-05-02,TX-200,TX,Supplier D,310,21,392,3.79,0.16
d8d50b0f-b01a-9611-13c7-02d8d0527e04,2021-04-09,TX-400,CA,Supplier E,358,23,450,3.68,0.33
4ff860da-ac7d-0b5e-8e6a-2b9f3735270e,2023-07-05,TX-200,IL,Supplier A,303,33,394,4.02,0.5
30d5c9c6-8453-73d6-f071-d9e366477a75,2020-11-09,TX-100,IL,Supplier B,182,15,233,3.1,0.09
1ba93e64-8904-9736-e1b5-07a48cac4591,2020-06-04,TX-500,IL,Supplier C,362,38,474,2.68,0.23
ae777923-24a0-efac-d2f7-03867bc57165,2023-08-01,TX-500,TX,Supplier C,383,33,496,4.06,0.69
468310ee-3374-6a28-7e38-875d06c654aa,2023-07-26,TX-100,FL,Supplier C,334,27,426,4.02,0.28
f05e28b5-d364-7e55-50cf-1bf5400eb96a,2021-10-20,TX-500,IL,Supplier A,296,31,390,3.51,0.44
9c2b4b6f-e4bc-a435-dd65-2758a2a67e29,2022-09-21,TX-100,NY,Supplier B,276,16,344,4.26,0.02
ca27567f-2b7c-19bd-f5b5-549f6df0e380,2023-04-28,TX-200,IL,Supplier B,342,23,427,3.94,0.95
dcbf5282-e992-9bf6-5cba-f81744feaaba,2022-03-11,TX-300,CA,Supplier C,251,19,323,3.78,0.18
19c49815-7cd0-8273-28c6-9d3f0eabf6cd,2023-05-29,TX-400,TX,Supplier B,333,21,424,4.14,0.35
5af86b4b-4649-52d7-6629-564436f54ead,2021-12-04,TX-200,FL,Supplier B,231,15,293,3.84,0.48
9ea0f5d3-c5ae-2be0-d6f9-a2543aa73b6a,2022-03-28,TX-300,FL,Supplier D,253,25,326,3.78,0.8
98331cd1-7ae7-abc3-e7be-15603b878763,2022-01-14,TX-100,NY,Supplier C,174,6,214,3.7,0.03
e2c27b7a-6810-17b0-ed21-d8dd96a14f35,2023-05-27,TX-400,CA,Supplier D,356,22,451,4.14,0.55
a35beac6-eba8-6b2c-c2b3-929278be1763,2020-08-08,TX-500,FL,Supplier E,392,27,493,2.82,0.06
4bd86d15-8200-737e-2922-09499de0e152,2021-11-18,TX-400,TX,Supplier E,228,9,283,3.9,0.3
e350a3cb-e54a-90dd-ec6f-e9fbb0398238,2020-11-15,TX-200,FL,Supplier C,223,26,292,3.1,0.9
185004ce-6c13-e70c-6b9b-0b8679ef40f6,2021-12-15,TX-100,FL,Supplier D,184,16,241,3.84,0.92
c346edd8-fa6f-1f66-5bb3-04b7bb33ae3d,2022-07-22,TX-500,NY,Supplier D,322,20,398,4.71,0.47
bda9cbf6-61c4-f148-6a29-1abda1e50012,2023-05-10,TX-400,CA,Supplier C,373,27,484,4.14,0.32
ce27a3f1-9784-0406-c874-5bcb09bd93ce,2023-09-19,TX-300,TX,Supplier C,320,20,407,4.06,0.09
1461f615-11ed-a9aa-74a6-689f79ac73d1,2022-05-02,TX-200,IL,Supplier B,274,13,338,3.99,0.05
983c7263-bdb2-4cfb-fdd6-dd2b9ea09c23,2022-04-25,TX-500,IL,Supplier D,357,30,459,3.88,0.88
8ba1300e-f2fa-2342-ecd5-069964b32b13,2021-08-07,TX-400,NY,Supplier A,296,23,375,3.77,0.05
975d15b1-4797-6626-dd1a-9a7904a8291e,2021-07-30,TX-500,FL,Supplier C,320,34,418,3.79,0.79
a16fbb48-e05d-8ebb-0b32-0061b2cd13e9,2021-04-20,TX-400,NY,Supplier A,299,27,386,3.68,0.36
a0618c0b-f2ca-14f7-a34c-27a8d7ecf793,2023-11-18,TX-500,FL,Supplier B,255,26,337,4.32,0.23
33eb68de-33a8-c9f1-5e5e-db943862510a,2022-07-16,TX-500,NY,Supplier E,310,27,399,4.71,0.4
6203f580-909d-3a71-e258-a24ca6f8bfbb,2020-04-24,TX-100,FL,Supplier C,293,30,375,3.56,0.55
425164a9-172f-4b33-263d-0b5806c93f14,2020-03-09,TX-300,NY,Supplier A,227,14,286,3.22,0.43
b9ae61ed-ee18-485f-6811-bf566afaa126,2023-02-07,TX-100,CA,Supplier A,206,11,261,4.02,0.18
bb223c03-a5a9-1a5f-77c7-cbe14c13d4bd,2021-07-10,TX-500,CA,Supplier C,379,21,481,3.79,0.87
e07cef44-5ac0-d85f-1509-b82c53f1a334,2020-07-12,TX-300,NY,Supplier E,248,10,309,2.82,0.53
5e4cf979-153d-93cb-3ca7-c2403e409937,2020-12-25,TX-400,FL,Supplier C,221,16,281,3.4,1.0
def2c1d7-35e2-0bed-bf76-773d1b6e0c4c,2023-03-09,TX-300,CA,Supplier B,251,20,324,3.74,0.39
fef3202a-693d-0dd4-255a-91e6744833e9,2023-04-14,TX-200,TX,Supplier D,271,21,343,3.94,0.93
692076ad-6338-415e-1f23-e2bb33ecf069,2020-07-24,TX-100,CA,Supplier B,385,30,492,2.82,0.75
783fe10b-e262-da94-7186-37fa96fa77fb,2022-06-17,TX-300,CA,Supplier B,323,30,420,4.1,0.87
279301a7-77d5-571d-7b0c-59f82c2f87fd,2023-08-13,TX-300,IL,Supplier B,267,15,338,4.06,0.1
ee4f52a4-5b89-b18a-c3bf-b8a373dffbdd,2022-11-06,TX-200,FL,Supplier A,223,17,283,4.13,0.24
93faa9eb-843b-bf4a-d743-acc64f5ae47e,2020-04-09,TX-400,FL,Supplier C,320,23,408,3.56,0.02
040ca08d-ae7a-e436-16b1-c8d73d332aa5,2022-10-22,TX-100,IL,Supplier A,248,20,316,3.97,0.32
3024f3c9-e0cc-b970-e861-589518b87a5c,2023-10-27,TX-100,NY,Supplier D,190,20,243,4.1,0.57
b3b184c0-8c53-9ec0-7089-a76115ddd43c,2020-01-02,TX-400,TX,Supplier A,194,22,258,3.17,0.01
96c3b721-5221-588d-93e8-6e21c2861954,2021-07-30,TX-100,IL,Supplier D,292,19,370,3.79,0.79
e0a4a523-0cfd-de57-023e-6701b36aba1f,2020-05-25,TX-500,FL,Supplier D,331,21,418,2.99,0.18
5e0e0273-86c1-1c04-8cf1-0f98f2ecab91,2023-08-15,TX-200,CA,Supplier D,341,30,441,4.06,0.4
5655e0fd-4b1b-69f2-299c-8500467f7f6b,2022-04-03,TX-500,TX,Supplier C,293,18,374,3.88,0.38
45b9db89-589b-9635-79d5-427a7ec0e023,2023-08-11,TX-300,TX,Supplier E,369,29,468,4.06,0.19
592d4831-8e87-d43f-f717-b83cd3f0048b,2022-04-16,TX-500,NY,Supplier C,341,23,428,3.88,0.39
d77ac786-97a8-a38b-153f-d0ceca7f4bcb,2020-08-29,TX-100,NY,Supplier B,269,21,345,2.82,0.05
4d3cfd5c-3d39-3f7b-bbb7-26ca2c306aca,2020-12-29,TX-500,TX,Supplier A,236,23,305,3.4,0.9
17cfed3e-9d17-281d-99e4-61397647e059,2021-01-22,TX-200,NY,Supplier C,218,15,276,3.45,0.5
fbffbefc-f6fb-ebf3-5fe9-75eb959cc87e,2020-01-02,TX-300,IL,Supplier D,159,15,207,3.17,0.01
1a9ed9c6-34b3-0782-1a6e-e8472cc3eac0,2020-04-25,TX-200,NY,Supplier E,250,14,310,3.56,0.37
09a943bb-e4be-0005-0282-fbc74b5958fc,2023-03-18,TX-100,FL,Supplier A,252,13,313,3.74,0.89
6759a054-25b0-7862-812f-1761fcedbd73,2023-04-03,TX-300,NY,Supplier C,251,17,321,3.94,0.18
366f9126-3594-3648-fa78-15ab3488765d,2020-11-09,TX-400,TX,Supplier A,225,22,294,3.1,0.09
8c358ca2-f7b5-6393-13fe-74fcdf0b8c29,2022-04-01,TX-500,IL,Supplier C,310,31,402,3.88,0.02
86ff974f-c413-435f-7b94-7769f606fc71,2021-04-05,TX-500,CA,Supplier D,375,30,476,3.68,0.07
f44da4b5-e08d-e16e-6f74-a06cf9c48e52,2022-08-04,TX-400,NY,Supplier C,294,23,375,4.49,0.64
3863cbcb-ebe6-f8b0-b9af-de2203119d77,2021-09-02,TX-200,IL,Supplier C,272,21,343,3.71,0.27
c90f6dab-d83f-97b7-e373-c88570b35aaf,2023-12-26,TX-400,IL,Supplier D,189,22,245,4.33,0.51
5e5b8f2b-0aad-2e41-563f-71746bcf22c8,2020-10-18,TX-100,NY,Supplier D,218,22,282,2.74,0.96
dfd68a39-afab-b306-329b-4048ebbfbac2,2021-06-03,TX-100,FL,Supplier E,288,21,368,3.5,0.54
82aeb5ee-1eea-f6fa-25da-e75aed4feea2,2022-08-15,TX-100,IL,Supplier E,300,20,378,4.49,0.32
957104b2-5717-cf33-068d-1c72cafbd0b6,2022-07-04,TX-300,FL,Supplier B,372,27,469,4.71,0.48
a0fd05ac-d399-e7ed-6713-c2d0b6ead737,2023-12-15,TX-200,CA,Supplier B,271,20,350,4.33,0.43
0d74e9bb-eb8c-c2dd-b486-de1df0c10c62,2020-07-08,TX-500,TX,Supplier A,336,22,425,2.82,0.11
33ee942b-22aa-ebdb-bb5e-a018589d7ab7,2022-10-13,TX-300,TX,Supplier A,295,17,366,3.97,0.4
7e66bf01-ce87-609b-6f7b-785176555b53,2023-08-08,TX-500,FL,Supplier C,334,26,424,4.06,0.52
3f135df7-18df-9d0c-5949-d76ea871f58d,2020-08-24,TX-100,CA,Supplier C,326,29,421,2.82,0.05
1582e117-f837-7c4e-ecf0-d7b03995d8f7,2023-05-22,TX-500,FL,Supplier C,420,30,538,4.14,0.33
9eae8887-7352-554b-15fe-eebc62d1facc,2022-09-27,TX-100,TX,Supplier B,275,19,350,4.26,0.67
1d087b39-f484-8e7a-9995-a27808403646,2022-04-08,TX-300,IL,Supplier D,293,37,391,3.88,0.61
dd36a21d-a035-f881-6f72-6eb17159bda9,2023-07-31,TX-200,CA,Supplier A,403,26,515,4.02,0.46
76dbc6f3-9c3d-9de7-44e3-9f7719431ef6,2022-10-21,TX-300,FL,Supplier E,268,14,338,3.97,0.85
dd4b0375-65e1-b655-9177-c69392f1b5a7,2023-07-29,TX-300,TX,Supplier D,404,35,521,4.02,0.02
4191179b-73b3-44a3-bd27-8bd4e20861fe,2022-06-27,TX-400,CA,Supplier E,355,21,453,4.1,0.49
0f9253b4-d40f-eb31-afc3-72aa04466f9f,2021-01-26,TX-100,FL,Supplier A,194,11,243,3.45,0.16
ef831628-84af-df00-6ca8-5d4a46aa1684,2020-02-11,TX-500,FL,Supplier B,214,21,275,2.91,0.7
a034b91f-0768-170f-87bf-d699cc479844,2020-05-05,TX-300,NY,Supplier C,280,20,361,2.99,0.04
d55cbb47-9a2b-03a4-64a8-43fe14b3fe0b,2022-11-11,TX-300,CA,Supplier A,213,11,265,4.13,0.41
888655ff-b1d3-18ab-41d5-43354262e53e,2022-09-18,TX-300,CA,Supplier B,279,20,352,4.26,0.67
4eb87be3-410f-25e3-2b72-936df0771777,2021-03-02,TX-200,NY,Supplier C,198,21,262,3.96,0.43
a02c6451-bc8d-70bb-d947-68deb277a493,2023-11-30,TX-300,IL,Supplier C,199,14,251,4.32,0.48
5348f2cd-d996-c02d-ec46-309e36464204,2022-07-13,TX-200,TX,Supplier C,348,32,447,4.71,0.32
2c34b00d-b0a1-f23f-0a92-bfb1619cb2ba,2023-07-10,TX-100,FL,Supplier C,308,30,401,4.02,0.19
6fd72bbe-00f7-8320-0d6e-57611a267974,2020-11-07,TX-300,TX,Supplier A,219,15,279,3.1,0.12
4daf70a1-4d5f-d857-7526-7067fa54bef1,2023-09-28,TX-100,TX,Supplier E,278,16,350,4.06,0.55
d74d74bd-6846-b95c-b495-1f03731fb70f,2023-05-06,TX-300,CA,Supplier E,365,17,468,4.14,0.38
a8808302-782a-0e71-62a7-a5952d85a32c,2021-01-15,TX-300,FL,Supplier A,204,17,261,3.45,0.93
a96fd344-2ff0-73b0-18b6-e3cb845b16e1,2020-09-04,TX-500,TX,Supplier C,296,15,378,2.91,0.8
e3cc0c42-4caa-1852-0c77-f54a86226813,2023-08-27,TX-300,CA,Supplier C,337,26,431,4.06,0.96
6162aeaa-484a-69ce-4d87-9a4a2b9d5d29,2020-10-03,TX-300,IL,Supplier B,218,20,288,2.74,0.8
cc6b1666-45ee-fdac-38ed-65dac8438050,2023-02-07,TX-400,FL,Supplier D,270,19,350,4.02,0.18
0f96db07-f30a-75c5-87b7-5aac49bcd84b,2021-03-15,TX-300,FL,Supplier D,252,20,317,3.96,0.57
e3514723-b3bc-e5fe-2fbb-c10973b629f7,2023-10-20,TX-500,CA,Supplier A,331,18,408,4.1,0.94
f8e1e635-9c5a-8736-5698-00eef77b60e7,2020-08-28,TX-500,IL,Supplier E,307,16,385,2.82,0.83
24d12537-a473-fc6e-052c-934185a20845,2022-10-05,TX-100,IL,Supplier A,217,15,277,3.97,0.54
9d8e5109-1355-4f75-863d-890c397c9bbe,2021-02-08,TX-100,IL,Supplier E,193,8,237,3.82,0.09
9875068a-ecc4-6d31-ce05-b9a1ed85ecbc,2020-02-27,TX-500,IL,Supplier C,223,14,285,2.91,0.27
8a27fbd5-b9e6-1e2c-b69c-e2c4619d10ee,2023-10-10,TX-200,TX,Supplier C,301,24,384,4.1,0.78
ad35d0b5-b9dc-6382-1ec1-05a9e8b67c45,2021-01-24,TX-400,NY,Supplier B,178,15,229,3.45,0.63
79af914a-2189-f488-db64-a45f0815f35f,2021-01-21,TX-500,CA,Supplier D,274,24,349,3.45,0.12
306c561b-0db5-4ac7-532d-31050457b219,2022-05-23,TX-100,NY,Supplier B,314,28,400,3.99,0.54
e99315ca-22bc-2a55-d6d6-ad76bb158be2,2023-06-22,TX-300,CA,Supplier E,426,24,530,4.27,0.74
692524ec-2bab-0e37-6cae-805632089c0d,2023-02-02,TX-200,NY,Supplier D,175,15,226,4.02,0.22
214cb513-93b1-279a-e921-2bc5eebf5c52,2021-12-14,TX-300,FL,Supplier C,177,10,224,3.84,0.14
e15ddc30-0677-3e06-1150-5748cab8fe71,2022-12-08,TX-400,CA,Supplier A,261,18,334,4.43,0.83
f50966ca-7d64-7579-4548-e2cce831f04f,2020-07-02,TX-300,FL,Supplier A,296,24,375,2.82,0.6
0b09f9ac-e91b-77ef-6411-1181ca8d6b9f,2020-01-24,TX-400,NY,Supplier B,168,6,207,3.17,0.23
33fe6cc9-9c2b-b9eb-5799-93f8a7dfa8d6,2023-10-13,TX-100,TX,Supplier C,265,25,340,4.1,0.61
b5ab3fde-0046-76b7-6372-a838f6b69220,2022-04-11,TX-100,CA,Supplier D,338,30,434,3.88,0.6
2b1587c9-f621-59b2-a925-369005dfdfac,2023-12-01,TX-100,TX,Supplier C,231,23,298,4.33,0.42
0ffe1c53-2386-7b97-34aa-02ec16c9ed41,2023-06-10,TX-100,FL,Supplier C,295,32,391,4.27,0.6
49c17690-2c13-9f98-5114-736dcb5c2ab8,2020-03-01,TX-100,TX,Supplier B,218,16,279,3.22,0.46
ab2eb71c-380a-b262-9f61-d7a49779a8af,2023-09-11,TX-200,TX,Supplier A,324,22,408,4.06,0.4
610b77da-c7ba-3548-33f6-9432d6f3fa34,2022-04-02,TX-500,CA,Supplier C,300,25,383,3.88,0.98
673f6bea-8536-e60c-be2b-2ffd65003689,2022-08-10,TX-400,TX,Supplier A,371,18,454,4.49,0.13
2d46fb66-8564-a3c0-c8dd-5764030d9af9,2023-06-12,TX-400,FL,Supplier D,363,26,462,4.27,0.05
c31be72f-d2db-daa6-edd8-c199e245d8dc,2021-09-18,TX-400,IL,Supplier B,264,22,342,3.71,0.92
3de081bd-3b3a-69e7-2be8-5723b038a73d,2023-04-05,TX-100,FL,Supplier A,243,19,316,3.94,0.86
12c93467-18ce-1df9-e97d-6730f704775d,2021-05-26,TX-300,FL,Supplier B,272,14,340,3.79,0.24
2b2ac4a8-2a8b-fbc4-33fa-03a9cea0491a,2022-05-04,TX-100,TX,Supplier D,294,31,381,3.99,0.96
4b4b0726-9787-6b93-1042-d413c6db8c29,2021-02-07,TX-400,FL,Supplier A,227,11,282,3.82,0.17
850519d0-a794-4560-3902-412ec6772340,2021-10-07,TX-400,FL,Supplier B,270,14,337,3.51,0.53
305cd70d-7635-9933-de7e-30fa4ca03664,2023-08-10,TX-500,FL,Supplier D,350,32,445,4.06,0.14
a090bb69-1def-515c-d0ed-79c1f6c7a6c0,2021-08-27,TX-100,NY,Supplier B,288,21,364,3.77,0.85
132ae355-0323-136e-b0bf-8ef76f65588c,2020-07-05,TX-100,IL,Supplier A,260,15,326,2.82,0.47
28aa5107-e1da-776e-8013-3a338722a0a4,2023-07-13,TX-400,CA,Supplier E,440,26,552,4.02,0.37
e8e213f9-0692-fbeb-c150-8b00aaace78c,2020-12-23,TX-100,CA,Supplier A,220,13,280,3.4,0.84
c4d1cfb4-ec0e-e438-1670-8c6851375017,2020-09-02,TX-400,IL,Supplier B,253,18,322,2.91,0.9
8c86a1e7-69ee-0346-0f63-91dd0ff256f2,2020-10-30,TX-100,IL,Supplier D,180,19,234,2.74,0.57
221a7ed2-7587-66b3-0cfd-99d2256a41f5,2021-02-19,TX-200,TX,Supplier B,225,18,288,3.82,0.7
a14d8cc8-27b6-0c66-f1a4-1b7bfc399ceb,2021-08-06,TX-200,CA,Supplier C,415,26,522,3.77,0.37
7fef8fd6-1739-a635-2606-f21c05e6dbcd,2022-05-11,TX-100,IL,Supplier C,314,24,404,3.99,0.88
b97d12e4-09d1-02f6-2ec9-ba1b44b18ff0,2023-06-29,TX-400,NY,Supplier D,299,41,396,4.27,0.88
8cfedae6-c66b-4792-d82d-f9afd39a69fe,2022-03-18,TX-500,TX,Supplier A,350,28,449,3.78,0.88
8bbb6840-2c6a-b88a-49c5-c249c6e1cb9c,2022-05-09,TX-300,TX,Supplier C,317,23,403,3.99,0.29
751e907d-b70e-c904-f7b9-5eea06e87da6,2023-04-12,TX-500,TX,Supplier B,360,31,464,3.94,0.21
86c05826-1639-8853-586d-92d6f0746f2e,2020-01-13,TX-500,TX,Supplier C,268,30,349,3.17,0.57
51df4ef4-de7c-57c5-f83a-6ff0a37f38bf,2021-02-14,TX-500,NY,Supplier E,254,14,320,3.82,0.57
67f133a6-e865-3634-f8f7-7fda04cd1314,2022-04-24,TX-200,FL,Supplier B,266,30,347,3.88,0.75
d09126a8-54ce-6449-3e3d-acd52ce75f1a,2021-09-16,TX-100,NY,Supplier D,263,28,343,3.71,0.6
28c3ec96-15c6-612e-1447-b93e4305ebe3,2020-01-05,TX-200,CA,Supplier B,251,21,320,3.17,0.71
c1527ca8-812e-fbc1-6513-8d3539a9f994,2020-06-13,TX-100,IL,Supplier B,311,30,407,2.68,0.72
1182b10a-a043-c74e-364e-c2aaf6104d9e,2023-08-09,TX-400,FL,Supplier E,352,25,450,4.06,0.21
ce4158e3-d198-77d5-2404-5d9639b87691,2023-01-23,TX-200,CA,Supplier E,272,11,340,4.33,0.82
15717821-4f08-6fb8-7ed5-bedc37c8c25a,2023-09-14,TX-300,TX,Supplier A,351,20,442,4.06,0.97
ccee92b2-cfcb-9c3d-f040-337f41f7a94b,2023-01-09,TX-300,NY,Supplier E,196,12,253,4.33,0.53
0b3e6f43-e566-9c07-1dab-a6892455529d,2023-09-11,TX-100,FL,Supplier A,305,25,387,4.06,0.4
9ff765b2-1b07-085e-7538-c9f6e516b953,2022-12-04,TX-400,TX,Supplier E,202,13,255,4.43,0.27
5ffed236-3930-58f7-a9fc-357c01fac328,2023-08-21,TX-500,NY,Supplier C,326,19,411,4.06,0.63
22ed7ebc-13ca-3403-8036-e02a92b07b29,2023-05-13,TX-200,CA,Supplier C,395,30,501,4.14,0.87
f6ee8d0d-9fae-8df4-f080-d8c7d1e36060,2021-11-14,TX-500,NY,Supplier C,225,16,290,3.9,0.38
c3916449-89c6-433a-59cf-cd4025bc7943,2023-06-08,TX-400,IL,Supplier E,385,15,474,4.27,0.83
311cf97b-4ae8-bce0-0464-4a4753228f7d,2023-07-31,TX-300,IL,Supplier C,273,21,349,4.02,0.46
ce1b79d6-cea5-dcc5-8bce-02723ba1fe24,2021-08-23,TX-100,IL,Supplier B,314,23,399,3.77,0.4
7878e964-7d04-0bc8-ddbe-563a6c9cf6a8,2023-01-15,TX-100,IL,Supplier E,204,8,257,4.33,0.03
1bf6848e-d455-29cb-1243-55321e3dbdf8,2022-08-12,TX-200,NY,Supplier B,318,18,396,4.49,0.63
7330b7cb-7554-fd2e-ad4c-3715fb213ea7,2021-06-27,TX-300,NY,Supplier A,338,21,426,3.5,0.6
333ec599-fe6b-3ba8-adba-39cb155033fc,2021-05-27,TX-200,FL,Supplier A,326,16,404,3.79,0.84
5606866b-087b-f5de-0092-8d720a86da87,2020-06-06,TX-300,CA,Supplier A,383,29,490,2.68,0.68
8593345e-d660-58e4-c2d6-d5fa6c35bedc,2020-05-12,TX-200,IL,Supplier D,268,19,345,2.99,0.52
b8a13624-e351-259f-7cc5-4223b5898b79,2022-07-28,TX-200,TX,Supplier A,401,21,505,4.71,0.79
6603e83c-892f-5096-e53d-5af64fc37e21,2022-11-25,TX-500,NY,Supplier E,220,18,282,4.13,0.19
10112fc5-a2a6-ebb0-d4e5-3efa11766b71,2022-09-12,TX-100,FL,Supplier B,307,22,392,4.26,0.65
e246c778-0588-9bd1-25a6-496a54b05be0,2021-01-09,TX-100,CA,Supplier A,197,11,243,3.45,0.61
4162621f-7077-5d11-4539-dffcf12d03e4,2022-03-26,TX-400,FL,Supplier E,323,17,403,3.78,0.9
777e654c-e0ec-b867-1955-f459400fea22,2023-02-23,TX-100,IL,Supplier B,196,16,252,4.02,0.73
0ef6c655-cf8f-6d79-a0da-fd50861b3e24,2020-02-26,TX-100,CA,Supplier D,250,19,328,2.91,0.45
778fc0d9-adfe-e34b-d162-3a193f25470b,2020-12-11,TX-400,NY,Supplier D,199,18,258,3.4,0.45
3cf862b3-e07f-710c-6b3c-7f21957e8ba5,2023-09-06,TX-300,FL,Supplier D,269,18,345,4.06,0.83
32822d5a-4527-f0b6-54bc-e8190d82811c,2022-06-22,TX-200,CA,Supplier B,442,33,567,4.1,0.16
ceb2143f-8ab5-d7c1-73c3-8037acb60101,2020-12-05,TX-100,FL,Supplier D,221,20,284,3.4,0.85
f0e628a8-2a73-9bfd-7b61-c3e35efa0847,2021-07-13,TX-500,IL,Supplier A,368,24,463,3.79,0.44
778568d1-27c0-5f4b-ec62-2e8061f67a8d,2021-01-04,TX-100,CA,Supplier E,182,10,228,3.45,0.91
0ca2be0f-e206-b50e-5b65-83d64aae3917,2021-02-27,TX-200,FL,Supplier D,260,25,338,3.82,0.13
c56037fc-08ea-282d-91ae-e38d23ad938a,2021-11-15,TX-500,TX,Supplier D,287,17,361,3.9,0.06
9a642913-68ea-c3ae-5ad1-a5f2229cdaf6,2020-07-03,TX-200,FL,Supplier B,294,16,364,2.82,0.93
42ac2c76-46c3-5a51-ce65-f43e89c0b919,2022-08-14,TX-500,IL,Supplier A,320,15,401,4.49,0.92
3b955c65-9abf-ff42-46fa-61f741d1b842,2021-09-25,TX-400,NY,Supplier C,281,14,347,3.71,0.45
6891f936-ba2a-a593-3164-a13946e90c5a,2022-01-07,TX-300,CA,Supplier E,215,15,273,3.7,0.32
e9babba7-e53a-7201-9b1f-b53ebe223282,2023-03-10,TX-300,FL,Supplier A,220,20,286,3.74,0.27
9256942a-4620-728d-d9ad-cb3e961fafde,2023-04-30,TX-200,CA,Supplier A,326,14,405,3.94,0.81
32a3bfb0-0e9c-29be-753c-5306dd69440b,2020-03-11,TX-100,CA,Supplier C,253,22,331,3.22,0.58
9faa79f4-b977-b971-7e44-4b2d9e31721a,2020-02-10,TX-400,CA,Supplier B,282,22,362,2.91,0.15
795165a1-466c-be5c-b421-5f6d32e4c168,2020-11-10,TX-100,TX,Supplier C,248,22,320,3.1,0.66
ab8f182a-463a-63b8-4e84-6a4f1df8c03e,2021-09-07,TX-200,NY,Supplier D,301,31,394,3.71,0.72
55df6451-a8ea-c28c-1efd-4af14ca7dee6,2023-10-12,TX-200,FL,Supplier E,295,18,373,4.1,0.93
5195ea0c-8ad0-ad1a-5ae9-3988e7d39753,2020-09-01,TX-500,FL,Supplier D,323,29,417,2.91,0.84
ae8aa2e8-0ec4-b5f3-94dc-0e2f3780282e,2020-10-07,TX-300,CA,Supplier E,243,14,305,2.74,0.73
6470e3eb-78cb-6f0e-898b-06eb8672a917,2020-11-04,TX-400,CA,Supplier C,256,24,336,3.1,0.49
90300705-4914-cf91-34aa-e34b8250ca76,2020-11-07,TX-200,TX,Supplier A,245,20,312,3.1,0.12
6009166f-3d27-282b-5018-39cb97200fea,2020-09-26,TX-500,NY,Supplier A,310,20,396,2.91,0.95
af5f75f3-7e17-d546-cc43-e0e6342ed7fe,2021-10-13,TX-100,IL,Supplier B,217,18,277,3.51,0.32
945c878f-d85b-0dd0-1391-6f582152b8bf,2022-02-10,TX-400,IL,Supplier E,195,6,243,3.6,0.59
a5dca707-4247-7265-1b94-223afb83656a,2022-02-11,TX-400,CA,Supplier B,292,27,371,3.6,0.29
12e46023-5869-ee42-0c65-851ac53c4709,2022-11-26,TX-400,IL,Supplier B,225,14,281,4.13,0.15
12b37c48-9463-8a0c-c284-6680b5bddf58,2022-08-06,TX-500,CA,Supplier B,402,33,508,4.49,0.99
67f8b499-d6de-b242-0906-6f19d7f0088a,2021-10-17,TX-200,CA,Supplier E,262,21,336,3.51,0.56
a3151e14-d882-28bf-1841-695a5fbec6d9,2023-02-16,TX-100,IL,Supplier E,210,7,256,4.02,0.88
03f78599-c3c6-8ade-5791-08d24e9bfc9d,2023-10-22,TX-500,FL,Supplier D,248,23,314,4.1,0.24
7456c188-ecf5-bd32-8f4b-540a98aab937,2021-08-29,TX-300,IL,Supplier E,250,10,311,3.77,0.85
697d1434-6b53-736c-2256-2d971c48a621,2023-07-20,TX-300,TX,Supplier E,353,13,437,4.02,0.42
6fa669f4-428a-d0e7-c4c5-a5c7f3439585,2021-07-31,TX-200,CA,Supplier B,390,39,504,3.79,0.08
17d05ecf-641f-ac37-40fc-5e8ca2497ea3,2020-02-07,TX-100,FL,Supplier B,205,9,255,2.91,0.46
d090a9ab-8dc0-685e-5423-811bdb7b5f8e,2020-05-08,TX-300,IL,Supplier C,279,22,353,2.99,0.89
01edc5bd-472b-d89a-9127-e08f6bdcb4c5,2023-12-13,TX-100,CA,Supplier A,201,14,255,4.33,0.65
64128b6b-56ee-4bce-18a5-2d6abe9422e8,2022-12-20,TX-500,IL,Supplier E,220,12,274,4.43,0.98
923db015-06f6-d319-9dca-a79b801e7b78,2020-12-03,TX-300,TX,Supplier B,218,18,276,3.4,0.95
bf4175d7-1589-4d08-5e8e-085ce800a63f,2021-08-14,TX-500,FL,Supplier A,414,29,517,3.77,0.8
e611b747-889b-22e8-bbe6-f463a6e7e46a,2022-09-27,TX-400,NY,Supplier E,255,8,314,4.26,0.67
ea7f316e-f0ac-e721-ce42-52e527ad33df,2020-04-11,TX-100,IL,Supplier B,265,21,343,3.56,0.9
c27c261a-82d5-8eb5-e5bd-4c44a1ed81f6,2021-10-12,TX-300,FL,Supplier E,276,16,352,3.51,0.24
47af7637-ca57-4f60-7434-e53ac5aa9e10,2021-04-26,TX-100,TX,Supplier E,339,25,438,3.68,0.71
f95dc815-a30b-8f7d-fef8-f15edf748096,2020-09-20,TX-200,CA,Supplier A,313,17,392,2.91,0.37
1331ae25-3104-ece6-e7d1-8f9abdaa0ec7,2021-08-05,TX-300,FL,Supplier A,281,24,363,3.77,0.04
dc156dd8-0fb8-9987-d735-65607737f0ae,2021-09-11,TX-400,TX,Supplier C,365,24,462,3.71,0.41
00f7e7af-6ee8-56c0-1308-d0439e110371,2023-02-23,TX-400,IL,Supplier B,258,14,325,4.02,0.73
16685f4d-f2e5-129e-55f9-a2dbe40c9032,2023-06-16,TX-400,FL,Supplier E,373,25,477,4.27,0.58
43dcf0c2-f6f6-b0d5-fbaf-a84f61050b7b,2023-03-05,TX-100,FL,Supplier A,243,20,314,3.74,0.42
d38c471c-af58-f04e-73c0-a76754015d71,2020-06-02,TX-400,IL,Supplier A,280,27,361,2.68,0.14
6d7e9643-69ef-e004-eed3-c646f6b907d6,2022-12-20,TX-300,NY,Supplier C,199,11,253,4.43,0.98
71311e68-49ea-3682-86a3-77e2e604de50,2021-10-16,TX-300,TX,Supplier B,272,23,349,3.51,0.28
30cff33d-b2b2-f00c-c602-cd1cb5286d08,2021-01-09,TX-300,TX,Supplier A,205,8,253,3.45,0.61
4c4a9358-3863-b11b-42c9-2b9f4f97ec77,2022-06-02,TX-400,NY,Supplier D,276,26,357,4.1,0.76
db48ade9-9951-8688-1b9d-2e084f02796b,2020-08-03,TX-200,NY,Supplier C,262,16,332,2.82,0.17
9a1726c7-d2c8-c50c-1135-ba36618f5781,2020-05-18,TX-400,CA,Supplier B,367,23,460,2.99,0.75
3f2da895-bc44-06a3-5080-f3e52e951e49,2022-09-08,TX-400,CA,Supplier E,300,20,383,4.26,0.72
d795514b-82d0-d6f9-1be3-8a227386c469,2021-12-30,TX-200,CA,Supplier C,238,27,312,3.84,0.86
12012b7d-644b-ea44-5dc3-094f06f6b8a3,2023-04-05,TX-500,TX,Supplier B,327,21,407,3.94,0.86
ca03f3ca-9aaf-1884-ebf7-f1542e5f57af,2023-09-06,TX-500,TX,Supplier C,392,20,491,4.06,0.83
ed745da3-a845-4d50-fef0-565033058855,2023-07-19,TX-300,FL,Supplier B,357,29,456,4.02,0.61
d66e186d-b2d9-3956-544f-8515d3350534,2023-11-21,TX-500,TX,Supplier E,251,20,321,4.32,0.94
15732cca-d18b-baf9-501f-d12da1d23f04,2023-12-01,TX-100,FL,Supplier C,187,20,246,4.33,0.42
57c21643-1967-1230-3b9c-fd8a3e3d7bc4,2020-04-29,TX-200,NY,Supplier E,256,19,320,3.56,0.95
1eda89a0-c1c4-c63a-f198-0f0731489a64,2023-05-13,TX-300,FL,Supplier C,298,17,376,4.14,0.87
9cf8204f-e965-72fe-1d2c-d1c8a8b339f3,2022-01-09,TX-100,NY,Supplier B,152,12,196,3.7,0.6
1cccaa12-ec24-82e8-1be3-0b8f8d09e22c,2020-05-06,TX-300,IL,Supplier E,276,12,341,2.99,0.44
feb8225d-d279-e287-4415-34592693e84a,2020-06-01,TX-400,NY,Supplier A,323,18,409,2.68,0.5
1fd08f27-4e4b-71ea-00df-40a403f8dd57,2021-02-22,TX-400,TX,Supplier D,287,24,370,3.82,0.15
95201730-5088-e8e8-c8ab-df8051cfa358,2021-12-10,TX-400,TX,Supplier C,249,20,320,3.84,0.46
d5a93ad6-c235-2518-8728-6aadfe2518d7,2023-04-25,TX-500,IL,Supplier D,297,22,381,3.94,0.04
2f3758c4-4388-55de-3aae-70a7ce668918,2023-12-06,TX-400,CA,Supplier A,273,26,353,4.33,0.05
0fa52cb9-976a-762c-e904-f9a51f5c9bec,2022-09-20,TX-200,NY,Supplier C,268,18,331,4.26,0.66
0cbc84cc-6070-1c2a-75fe-b6f1fb65a14b,2021-08-26,TX-100,FL,Supplier C,259,21,330,3.77,0.24
eb6e7641-843f-1c6e-f312-a401cf61b4a8,2023-03-22,TX-300,IL,Supplier D,229,18,295,3.74,0.47
9392e4b6-b4dd-67f8-5ec0-b84d8ca399b0,2021-12-21,TX-100,TX,Supplier A,194,17,253,3.84,0.24
80045a87-bf96-77bf-1983-83f32093d887,2022-02-16,TX-200,IL,Supplier B,194,21,255,3.6,0.23
cab26f1b-ccd3-8d22-ab46-aef7d8c8aff9,2023-09-23,TX-300,FL,Supplier B,284,10,347,4.06,0.98
aadb3387-10c0-16cd-e384-6e706742b8df,2020-06-14,TX-100,FL,Supplier E,279,11,346,2.68,0.74
0d089317-a393-0f5e-9336-0abc049ee33d,2023-03-09,TX-500,FL,Supplier D,306,28,391,3.74,0.39
6296602a-e6cd-509d-7ab3-638feb05b4c9,2020-06-06,TX-100,TX,Supplier B,331,27,425,2.68,0.68
36074c82-d859-7e22-579a-47cad170d12b,2020-07-17,TX-400,FL,Supplier D,376,43,493,2.82,0.37
c496d7d9-20b0-591b-5b90-b356c92fa057,2020-02-07,TX-200,NY,Supplier B,171,8,216,2.91,0.46
6d9cb132-2eae-fe69-159f-7331e3da44b2,2020-02-09,TX-400,TX,Supplier A,233,17,296,2.91,0.5
e2e8d850-37cf-5d48-9152-f19d6b5e26dc,2022-07-03,TX-300,IL,Supplier B,358,35,472,4.71,0.95
ce31a8ba-3a36-bfcb-4f61-2bf582e501c5,2020-11-12,TX-500,TX,Supplier C,276,21,358,3.1,0.77
26b15134-a330-3458-9906-798028f084b1,2020-08-31,TX-500,FL,Supplier D,335,21,423,2.82,0.1
8b2d0ebb-1894-5329-7322-07d1411e71dc,2023-10-11,TX-400,FL,Supplier C,298,24,379,4.1,0.45
875a4354-7408-378f-c13e-3107a9b3112c,2023-11-21,TX-200,TX,Supplier E,275,16,349,4.32,0.94
e9570280-88f2-50eb-8a7b-96c6d55cb590,2021-11-14,TX-200,TX,Supplier E,270,8,330,3.9,0.38
a80823b2-3768-05c5-6e6e-df3b129656ff,2022-04-15,TX-200,IL,Supplier B,254,15,315,3.88,0.38
1dd1281e-c548-9149-463a-1001848f5500,2020-08-06,TX-500,CA,Supplier D,368,31,468,2.82,0.12
9c93a37a-ec0e-9b01-220f-4c9327285daf,2020-08-24,TX-500,IL,Supplier B,325,21,409,2.82,0.05
3549e868-c69b-5082-72d9-d884ed880a5b,2023-05-11,TX-400,CA,Supplier A,435,32,551,4.14,0.19
2d5af18c-1fef-83b2-d190-ca2c208696eb,2020-04-22,TX-200,TX,Supplier A,297,17,372,3.56,0.23
90abe8e0-4073-777d-c356-9ddf21a3da0a,2020-07-27,TX-100,NY,Supplier E,269,16,336,2.82,0.07
393ad936-acd3-782c-3b7f-6ee064030d10,2021-11-01,TX-100,NY,Supplier D,202,25,273,3.9,0.51
16a820e8-8305-42cd-304e-9a7ceb70be13,2023-05-09,TX-200,IL,Supplier A,284,27,369,4.14,0.13
9cdd3d1a-f038-b620-2b2f-3b11229bd3a4,2021-06-30,TX-400,NY,Supplier D,308,25,391,3.5,0.7
a6a151d2-43fd-f156-8e29-eca63bc86a40,2023-08-08,TX-400,CA,Supplier C,392,28,502,4.06,0.52
6dcc81c0-6def-a7cd-99f6-318b25166d69,2023-05-05,TX-200,IL,Supplier B,271,16,343,4.14,0.97
8f7fb763-5557-852c-9491-e77d915a122c,2020-06-07,TX-200,IL,Supplier B,297,30,385,2.68,0.12
0f150be7-ac4c-bad8-0339-069f245b75e6,2021-12-11,TX-400,FL,Supplier D,192,19,248,3.84,0.71
ba678783-6ec8-3c73-3b3d-077157669287,2022-04-16,TX-100,CA,Supplier C,260,25,340,3.88,0.39
f632a9e4-1af5-62cf-5c80-c0e37f566a02,2021-11-02,TX-400,CA,Supplier E,251,23,326,3.9,0.43
cecf21e7-ef1d-bcaf-1899-66d909666b83,2020-09-18,TX-400,FL,Supplier C,334,32,433,2.91,0.42
41833974-29cc-2a9e-37b9-3b6efb945add,2020-10-05,TX-200,FL,Supplier B,281,18,354,2.74,0.63
369087a2-69ae-fcb2-6b35-bae0eab1ff3b,2021-08-06,TX-200,NY,Supplier A,293,19,375,3.77,0.37
75d12483-de9e-2e23-8b5e-73a9d4c8f67e,2021-10-24,TX-400,FL,Supplier C,271,20,346,3.51,0.81
c7d548af-389c-3c31-4f32-78b87b887481,2020-07-04,TX-100,FL,Supplier B,268,26,350,2.82,0.8
70cb8d04-c256-95a9-376e-39bfcebcab9a,2023-09-15,TX-200,NY,Supplier A,284,22,364,4.06,0.31
149b1bad-18ca-aa7f-bd6d-8ffd582602e3,2023-08-26,TX-100,IL,Supplier E,254,9,316,4.06,0.99
257818a9-216a-19b4-466e-3748cea01ef5,2023-11-12,TX-400,NY,Supplier C,213,22,281,4.32,0.54
61e2884c-13dd-dad2-07a1-0a2fb70ad784,2023-02-19,TX-200,CA,Supplier B,263,16,331,4.02,0.19
67f4a589-2551-872e-2e76-60dd12264043,2021-07-03,TX-500,CA,Supplier C,458,34,581,3.79,0.62
f71b813f-f243-40c9-1183-40fcabbbc991,2022-07-09,TX-500,IL,Supplier A,331,23,423,4.71,0.25
2fcd5d73-c625-6722-d655-fa6607847a62,2023-06-26,TX-500,CA,Supplier C,481,36,608,4.27,0.01
34905ada-d16c-9fb4-f6dc-1dcdeb37c6aa,2021-03-17,TX-100,IL,Supplier C,251,13,314,3.96,0.65
80fe6c1f-badf-d898-41b9-9e4d79279562,2020-05-28,TX-100,CA,Supplier D,349,31,456,2.99,0.2
36b7e5df-c811-c808-7487-a6e80e17f8c9,2023-09-24,TX-100,NY,Supplier D,277,11,345,4.06,0.84
3bc8677f-4d3e-03b5-720c-9a17439917db,2023-08-26,TX-400,NY,Supplier E,327,22,414,4.06,0.99
d81cd366-2265-7486-8437-55fc819f0093,2023-01-30,TX-400,FL,Supplier B,266,17,336,4.33,0.75
a6c2db35-e6cc-10f8-4d9e-3ea273debec1,2022-10-23,TX-500,TX,Supplier A,339,32,442,3.97,0.54
e7288cfe-c5e2-4714-bcf1-5c5c5cbeea14,2022-03-29,TX-500,NY,Supplier D,296,26,381,3.78,0.1
87eb5907-2aa0-6139-8b08-a01b2c3ac1bd,2021-01-10,TX-300,FL,Supplier B,220,16,283,3.45,0.8
6f85285e-58d3-5507-5c95-f2684b71ae4a,2021-11-07,TX-400,TX,Supplier A,227,14,286,3.9,0.25
5b7a271a-2ee4-d044-eca2-64c347f6ffa2,2021-04-26,TX-400,FL,Supplier A,283,17,362,3.68,0.71
70547779-8968-d237-7dc2-5a558c0b746f,2023-11-09,TX-200,FL,Supplier A,262,11,326,4.32,0.95
5bc9b70c-f756-3162-9530-8e8a4959f680,2022-11-04,TX-100,IL,Supplier B,237,21,305,4.13,0.48
60343184-249e-a607-7b54-f91d321e19c3,2020-02-20,TX-400,FL,Supplier B,204,16,261,2.91,0.91
6ff596dd-c4f6-b806-41f0-7329df1f08c8,2023-04-03,TX-400,NY,Supplier E,300,13,365,3.94,0.18
7412a71e-b64a-6d6f-3318-d36ef09b235b,2022-05-14,TX-100,NY,Supplier A,308,20,399,3.99,0.98
cf430863-9098-0bd5-8f11-fc3521a6f5e4,2020-10-01,TX-200,IL,Supplier B,255,21,323,2.74,0.85
a37e25c4-1068-bf4c-0e5d-55cfac22fdbb,2020-12-11,TX-300,NY,Supplier A,195,13,247,3.4,0.45
d1483bad-1f67-b582-0535-d81d1c02e69b,2022-02-07,TX-400,IL,Supplier C,227,21,296,3.6,0.62
c8dc063d-e22c-7bd7-5f0a-df90a90a242e,2020-11-13,TX-100,FL,Supplier B,202,18,260,3.1,0.67
c559e7da-e9c0-8045-8a52-b29ffb2e288c,2022-08-22,TX-100,NY,Supplier B,297,25,383,4.49,0.34
fd87db90-4d3d-3a2c-a3fa-5b75d3af776c,2020-07-14,TX-400,NY,Supplier E,319,22,403,2.82,0.87
8dd65770-a1ac-4ca5-ab3b-9b66e3b3b24b,2022-01-22,TX-100,CA,Supplier A,189,20,250,3.7,0.89
407e93c1-7b00-d7bc-03fa-5bf311185b2e,2021-02-10,TX-300,TX,Supplier C,219,9,270,3.82,0.98
36ba36f1-52c1-3721-c581-7025409abd50,2021-02-05,TX-100,TX,Supplier E,237,16,298,3.82,0.88
2917f903-cd33-8e94-3fd4-4b061c2784b0,2021-06-28,TX-100,FL,Supplier A,314,29,406,3.5,0.01
ec171361-9688-1955-8e43-2cf8cb238a1e,2022-08-17,TX-500,FL,Supplier C,413,30,523,4.49,0.46
0957398f-443f-9a90-0dd3-e5e078f7963b,2020-06-18,TX-200,TX,Supplier A,387,22,492,2.68,0.4
4ec371e2-030b-8c71-291f-af14420484ac,2022-09-17,TX-500,TX,Supplier B,392,39,508,4.26,0.09
615f321a-9fab-25e4-1634-c408f2450d25,2023-01-27,TX-500,NY,Supplier C,225,16,285,4.33,0.26
51c110e4-7c8c-cf03-d595-82ae51578afe,2023-08-21,TX-200,IL,Supplier C,308,22,398,4.06,0.63
21bda07f-4cb5-3b93-48f6-a2580624b411,2022-09-07,TX-100,NY,Supplier C,244,23,323,4.26,0.56
3386359c-63cb-c0d2-d6da-48234f58cc03,2022-12-26,TX-400,NY,Supplier A,219,17,281,4.43,0.35
184e65b5-e2a4-496d-2f26-dc70ad94813c,2020-04-29,TX-500,NY,Supplier C,334,34,428,3.56,0.95
73521e82-fa92-1806-db33-c2af57638a00,2020-07-04,TX-100,IL,Supplier E,263,15,332,2.82,0.8
d8d2e67d-240a-199c-c178-472c5ed9091e,2023-12-24,TX-100,TX,Supplier C,186,20,243,4.33,0.43
4b99fbe1-59c3-2551-4a44-f221464886bd,2020-11-10,TX-100,IL,Supplier C,187,18,243,3.1,0.66
c46acddf-0cd7-ca71-853d-50bd06cc0814,2023-09-05,TX-300,CA,Supplier A,286,17,364,4.06,0.06
35c87385-9877-fb32-4cc6-7a9de2ccf964,2023-01-08,TX-400,CA,Supplier A,215,12,267,4.33,0.15
987d2dea-7d24-3111-129f-42c65a5090b9,2020-08-29,TX-100,CA,Supplier C,277,20,348,2.82,0.05
cdbf7e31-4c46-8c53-6b02-737a4ce5eed3,2023-10-27,TX-200,FL,Supplier A,237,15,301,4.1,0.57
20dae9ec-c194-8dea-86a9-e4f46e584cd1,2020-03-08,TX-500,FL,Supplier D,300,21,386,3.22,0.72
04bd448c-ffc3-1c26-556d-bd64ae9bddc3,2022-10-29,TX-400,CA,Supplier B,290,22,373,3.97,0.92
5895511b-4862-0c00-dc20-ab43d6915463,2022-05-21,TX-200,TX,Supplier A,327,25,414,3.99,0.85
c13cb6bd-b99e-b6a1-b1d9-fe12869703ba,2020-12-18,TX-500,TX,Supplier E,207,21,271,3.4,0.78
de1b2b4f-f292-e856-6e38-f58f9504fe93,2021-01-28,TX-500,FL,Supplier B,234,17,297,3.45,0.19
70a2e18d-ba2d-43e8-943f-d65f5c54fb22,2021-07-27,TX-400,NY,Supplier B,337,20,428,3.79,0.46
7ad84b72-8d91-f21b-e826-5f2cb3a2e4af,2023-06-01,TX-100,TX,Supplier E,297,16,369,4.27,0.17
60b6cc31-0b3e-4af8-c1b0-ba0d95110bdf,2022-08-31,TX-500,TX,Supplier A,314,14,385,4.49,0.53
1e1494fd-9ed4-f962-8861-580a9e6561d1,2023-11-21,TX-400,FL,Supplier B,252,27,331,4.32,0.94
d0818e77-52b9-3e55-57ac-281ee71973b1,2020-11-19,TX-100,TX,Supplier B,189,16,242,3.1,0.31
88b7248f-a7c8-8f0f-68c1-2d1c6a12beb9,2022-08-17,TX-200,IL,Supplier D,271,18,342,4.49,0.46
aa7b6c77-7db9-a58f-cc40-6305acfef135,2022-04-18,TX-500,FL,Supplier C,340,38,450,3.88,0.16
81b007e6-e6d3-8478-db44-ee9a5016c597,2023-04-01,TX-300,IL,Supplier E,236,14,299,3.94,0.21
53e7cbb2-d2a1-d49a-0332-7ab2a39adcdb,2020-11-20,TX-400,CA,Supplier C,255,19,323,3.1,0.16
0d06348b-de47-c84a-e4a7-6d1600242289,2020-05-30,TX-100,CA,Supplier A,291,18,367,2.99,0.78
456129b9-2674-98bc-ec09-8b545f5ca1fa,2023-05-10,TX-200,CA,Supplier B,349,19,436,4.14,0.32
30d17b9c-795f-d8c5-a5c3-cf0bdd9d9ca6,2023-01-31,TX-200,CA,Supplier B,227,19,290,4.33,0.46
4953c182-b2bc-e64c-9ebb-3c0a1ed7fdb8,2021-05-21,TX-100,FL,Supplier D,336,31,434,3.79,0.29
2d1a6808-8ee7-0f74-3443-635205e6faa6,2023-02-11,TX-200,IL,Supplier C,238,28,311,4.02,0.99
fb11073e-00f0-5f4d-e093-b45c83978576,2023-09-12,TX-400,CA,Supplier E,315,15,391,4.06,0.45
862d1a50-1458-d0ca-a9fe-a3808cc6fe22,2020-06-14,TX-200,CA,Supplier A,325,16,403,2.68,0.74
ed5b80c1-c6ee-f806-4404-4e3ccea45b22,2021-01-31,TX-200,FL,Supplier C,200,9,251,3.45,0.98
0efc5c08-5883-c5c6-b00d-2ec30556c3b9,2020-05-23,TX-500,FL,Supplier B,326,26,420,2.99,0.83
0897f190-f3ca-b26d-f103-1c151e0cda69,2021-03-02,TX-200,TX,Supplier B,248,18,313,3.96,0.43
2b35b06b-4374-0d9f-5556-ab0f58783367,2023-11-12,TX-500,IL,Supplier B,256,20,326,4.32,0.54
36ca96e2-8b84-8fb1-3af9-b4d520409ef6,2022-10-27,TX-300,CA,Supplier D,282,17,359,3.97,0.24
6abe2042-eab5-aab4-4101-910d364885dd,2023-01-18,TX-100,IL,Supplier A,221,14,278,4.33,0.17
65737adc-e321-cd25-9b57-a4543bb28129,2021-04-12,TX-400,FL,Supplier A,272,22,350,3.68,0.74
f377076d-f30c-58e7-04a6-3ef8f52869a8,2021-08-30,TX-500,NY,Supplier E,331,14,408,3.77,0.3
02368cdf-8a75-3cd1-142c-e6fae6b142dc,2021-09-29,TX-200,FL,Supplier D,291,30,381,3.71,0.96
144e829e-d9a5-212f-f127-7986140a9e87,2020-12-31,TX-300,IL,Supplier E,167,12,212,3.4,0.24
b63f3953-618f-11b2-5175-c3d8ec8122f6,2022-01-13,TX-500,NY,Supplier C,214,19,278,3.7,0.08
a26fea6a-8850-704a-94c1-9745140eccb0,2020-09-17,TX-300,IL,Supplier E,269,16,339,2.91,0.48
fb4d9422-9e6e-b0f2-a3dd-df4be429d162,2021-03-01,TX-100,FL,Supplier C,218,16,278,3.96,0.3
bfbd01da-13dc-8316-d580-862b0dfd407e,2021-06-28,TX-200,CA,Supplier B,426,29,541,3.5,0.01
1cb5d80a-ee3a-9e64-59d2-f3b350c20f99,2020-08-30,TX-200,CA,Supplier B,324,21,415,2.82,0.92
3601ae23-73f4-11ae-a42b-2173eda5acc2,2023-05-05,TX-500,NY,Supplier A,353,17,445,4.14,0.97
a21232f4-bafc-9bf3-3af2-7a43385810d4,2020-12-07,TX-100,NY,Supplier D,192,16,245,3.4,0.12
cbdc0d20-a392-6081-f2d2-414633277120,2023-07-14,TX-200,TX,Supplier A,349,31,450,4.02,0.1
359a93e5-38b1-cab9-a8db-3ca98aa446e8,2022-09-26,TX-100,TX,Supplier A,272,19,346,4.26,0.25
a06e6dd8-ad87-656c-8ed1-7e9d098973c5,2023-09-02,TX-500,IL,Supplier E,358,23,453,4.06,0.94
0eb6043c-3f48-f218-5849-badfc2f2c9d7,2023-09-15,TX-400,CA,Supplier D,398,31,511,4.06,0.31
59b0c9b1-69f2-5027-5913-18e0f60c2b1e,2023-01-28,TX-400,IL,Supplier A,247,25,322,4.33,0.75
e40aa3d7-e04c-2dae-6d19-c32c40924a88,2020-07-29,TX-100,NY,Supplier A,245,20,315,2.82,0.15
7fc49bd6-9ef8-5639-2a33-6ed589c7eb1c,2022-07-09,TX-100,TX,Supplier B,386,32,499,4.71,0.25
a87d7a7d-68b6-4a1d-5c70-a3725661bc04,2020-04-11,TX-500,IL,Supplier D,314,28,403,3.56,0.9
71835413-50da-a561-6421-588c14319f95,2021-08-08,TX-200,FL,Supplier A,317,26,400,3.77,0.11
5b5f12da-1ffc-4f2d-5596-e92174501bf1,2020-08-31,TX-400,IL,Supplier A,303,19,379,2.82,0.1
a7ced3d4-28a8-11af-e239-607503f32e96,2022-12-01,TX-500,NY,Supplier E,212,12,269,4.43,0.07
f96ce74e-ec4e-99fb-ad6c-0812e63a121f,2021-09-13,TX-100,NY,Supplier D,260,19,329,3.71,0.57
99356a3f-67be-3a70-1fcb-1c9d94c1194f,2022-04-23,TX-400,FL,Supplier B,356,18,439,3.88,0.1
2cba5742-da93-83e9-ce1b-5a60d221201e,2023-01-11,TX-300,FL,Supplier C,225,21,294,4.33,0.05
c1be8fe2-7d31-c3ca-b5ee-2a7ff08dde26,2020-06-09,TX-400,TX,Supplier C,319,21,394,2.68,0.69
851f1adb-aba9-be82-22f8-028e4aa13b0b,2020-11-16,TX-100,IL,Supplier C,218,23,284,3.1,0.76
5bf7c8b3-88d6-950b-7426-7a7c25c1cce9,2020-03-13,TX-300,TX,Supplier D,254,15,320,3.22,0.08
2158fd2f-4a62-4d4c-f188-9b14f421e071,2022-08-06,TX-300,IL,Supplier B,354,17,442,4.49,0.99
7a5f4d14-eee8-cba7-d445-47f9035e8f13,2022-03-13,TX-400,IL,Supplier E,257,16,325,3.78,0.86
318e8af8-7cc2-a0c4-e04c-e8195203e90c,2022-04-17,TX-400,TX,Supplier E,305,26,389,3.88,0.13
d80ee1ed-defa-e835-0809-b5ab27693fa1,2020-04-20,TX-200,FL,Supplier C,334,32,437,3.56,0.11
f2456e96-2aa4-b0a0-eccb-e667c72da8af,2020-05-28,TX-500,IL,Supplier A,394,34,506,2.99,0.2
9c5f4fae-ef1e-f13c-c31f-7558b8548c79,2023-04-22,TX-400,CA,Supplier E,392,13,485,3.94,0.82
dad36fb6-6bc2-cade-68ad-3f89f9ef167c,2023-04-08,TX-500,IL,Supplier E,295,15,376,3.94,0.06
0e9a4763-5ea9-d24a-8253-9ea0b4fc92f2,2022-09-02,TX-100,TX,Supplier A,281,25,367,4.26,0.3
cb8b8519-6a1d-3e58-253b-7e65fcdda6b9,2022-10-18,TX-300,IL,Supplier B,230,17,297,3.97,0.61
7b125a12-f440-7343-c9c9-7b389f2ab8ea,2023-01-01,TX-400,IL,Supplier C,202,19,262,4.33,0.75
406b60a8-a428-3a97-ac83-4a96876a9f3a,2021-02-02,TX-400,TX,Supplier D,208,15,263,3.82,0.05
f1018448-a68a-ae3b-7fc7-587a44e1873f,2020-09-06,TX-300,FL,Supplier C,279,14,348,2.91,0.64
5b69b0dc-04d1-8d4c-753b-20524eebec19,2020-09-15,TX-100,CA,Supplier B,290,21,363,2.91,0.27
0187e16a-a5ad-d489-930c-76f7d29e3299,2020-05-25,TX-200,IL,Supplier E,278,21,362,2.99,0.18
e57dc38b-5751-827d-384d-ddd6d2839c9e,2021-03-28,TX-500,TX,Supplier E,282,14,353,3.96,0.92
6b71f452-d6a8-3240-6825-51ebdf8e0ea5,2022-03-14,TX-400,CA,Supplier E,327,20,413,3.78,0.91
0142e835-abad-d11d-f9e1-3c315b9aad02,2022-02-14,TX-200,TX,Supplier A,254,15,327,3.6,0.02
e982b341-9909-4d3f-1447-2f2eeea8ad69,2022-09-10,TX-300,CA,Supplier E,305,13,378,4.26,0.91
60818305-8af4-53b0-a6c0-567e5baeae90,2021-11-01,TX-200,FL,Supplier C,269,24,344,3.9,0.51
34842384-590e-ad65-80bf-9094b390bcb4,2020-03-17,TX-400,CA,Supplier B,331,25,425,3.22,0.33
3aa41d11-26ce-0788-3028-d471cab6295c,2023-08-28,TX-500,IL,Supplier A,370,24,464,4.06,0.04
87090662-fdb5-e0a8-d51d-7dbcae79015a,2020-07-21,TX-500,IL,Supplier C,354,16,440,2.82,0.45
4414b15f-904b-7bc8-cfed-14bd45fb55c0,2021-10-22,TX-100,NY,Supplier E,224,11,283,3.51,0.99
8d95fffe-fa18-882c-ed14-6b6cdedfdaf0,2023-12-23,TX-200,FL,Supplier E,214,8,265,4.33,0.37
2f5544a7-deec-d6b7-75db-0fa708c9f3a5,2020-01-17,TX-100,CA,Supplier B,186,13,237,3.17,0.56
61408889-573f-9cba-0664-a68caea35a5c,2020-10-01,TX-200,CA,Supplier A,262,21,338,2.74,0.85
386f5b8c-e73c-d8e5-32ae-d81e448a2061,2021-01-28,TX-400,IL,Supplier A,202,12,253,3.45,0.19
8f077fe4-b18c-b286-be46-3d3060ec0ba1,2022-09-13,TX-200,NY,Supplier A,237,17,299,4.26,0.34
d4a544ae-3d46-b7f1-a5ee-3144eccc3776,2021-05-13,TX-300,CA,Supplier B,316,23,400,3.79,0.76
f75cf737-da8f-9927-adfe-83664c8c8b26,2023-01-15,TX-400,CA,Supplier B,233,23,298,4.33,0.03
5383828c-009e-6987-6fd9-5612484947b4,2020-11-03,TX-300,NY,Supplier C,176,16,230,3.1,0.8
f3e04020-87cd-6bee-e810-fd9b8f3bf606,2020-11-04,TX-300,NY,Supplier E,206,6,255,3.1,0.49
a09706cb-9d98-bf96-b95d-dc48aad67363,2022-05-16,TX-200,NY,Supplier D,291,18,368,3.99,0.07
f516ef5d-c00c-7972-6414-187bf11000bc,2021-03-21,TX-500,TX,Supplier D,328,38,432,3.96,0.55
42bfd4a6-63f2-a904-dec2-172a51af38f2,2021-09-16,TX-300,CA,Supplier A,345,25,437,3.71,0.6
417608a6-54b1-e730-c8f5-0ee0c582e0c2,2023-10-27,TX-100,CA,Supplier A,224,15,280,4.1,0.57
420c8e2a-a2b8-bc73-52f8-293514462be0,2020-10-27,TX-200,FL,Supplier A,219,14,276,2.74,0.62
c9713bde-6d5b-aec9-6b20-78f2b3495392,2021-02-11,TX-500,FL,Supplier A,254,25,330,3.82,0.46
4dcc0f22-7c84-ff1d-fb0b-13aac315ba5d,2020-10-25,TX-300,NY,Supplier B,224,14,279,2.74,0.59
6f36af87-91bf-6a7a-5ca7-fbbe07028530,2020-08-21,TX-500,NY,Supplier E,300,18,377,2.82,0.25
7f09175b-c64e-873d-ac1f-80d88b83db09,2020-10-20,TX-500,TX,Supplier E,324,21,410,2.74,0.59
2b23c782-0d4c-85d0-0e3c-58deddf9e050,2020-03-06,TX-500,TX,Supplier E,269,23,347,3.22,0.86
fccb2827-36ad-6797-ca07-0edc9cf45fdc,2022-06-13,TX-200,FL,Supplier D,313,18,396,4.1,0.45
d145a1fd-a22a-dff4-92da-93d7b43684a8,2022-11-26,TX-500,CA,Supplier A,242,16,306,4.13,0.15
16f52a32-b181-0108-26fb-ced819efb80c,2023-10-24,TX-500,NY,Supplier E,265,16,336,4.1,0.15
dc76e5f5-4f5e-7de2-074c-0bf1a91df505,2021-11-25,TX-300,FL,Supplier C,224,20,292,3.9,0.51
7750ef34-258f-c6ed-23a3-6ec8acdf45d5,2022-11-17,TX-300,CA,Supplier C,214,20,279,4.13,0.34
bd6e19ab-6822-dfd0-803e-765bb99f4e90,2021-08-15,TX-300,NY,Supplier C,304,22,387,3.77,0.05
2ebb5bb5-b182-5532-593e-985d2518ae74,2023-07-10,TX-400,NY,Supplier A,381,27,482,4.02,0.19
97c54db2-c438-6f43-87fd-eca0548ac92f,2021-09-27,TX-400,TX,Supplier D,333,30,432,3.71,0.34
9ee09f8d-d1b6-fe56-3556-2d76dfcfbf7a,2022-12-15,TX-300,TX,Supplier B,218,21,283,4.43,0.99
5ae89ab2-64bb-a04c-efa8-6d30d8e17425,2020-03-23,TX-400,TX,Supplier B,283,19,353,3.22,0.58
3428bdeb-e52c-606a-e00d-d9b1da530bf0,2022-04-13,TX-500,NY,Supplier D,341,31,444,3.88,0.47
de244132-e4f0-0617-0bc3-444597c6959b,2021-02-26,TX-500,CA,Supplier D,280,26,362,3.82,0.12
b53fa76d-49c7-2bae-52f5-df722b034c42,2023-06-02,TX-400,CA,Supplier A,342,20,428,4.27,0.72
644ac963-d276-ebbc-2907-fa982d966c5a,2021-11-23,TX-300,FL,Supplier D,203,16,260,3.9,0.86
0d87ec1f-76bf-42d9-6f84-528d00a61def,2021-04-25,TX-100,TX,Supplier E,262,11,325,3.68,0.69
cd9da850-4f9d-a153-7b96-d46096ea713c,2021-11-09,TX-500,IL,Supplier A,266,15,332,3.9,0.46
cd8223d7-845f-7a28-ae9a-a36e8b155534,2020-09-18,TX-500,FL,Supplier A,296,18,377,2.91,0.42
f91f977e-7f32-89f8-77ef-354722d72e27,2020-09-28,TX-300,NY,Supplier D,218,11,274,2.91,0.48
12b0914f-4815-1aef-da73-efab9b77633b,2022-06-30,TX-200,TX,Supplier C,414,29,530,4.1,0.43
2f0a3daf-8313-bc22-e718-ef037152d8d9,2020-02-17,TX-100,TX,Supplier A,186,12,236,2.91,0.09
56d61b58-d4c6-fd17-42aa-53cfead233a4,2020-05-29,TX-500,TX,Supplier B,434,42,574,2.99,0.31
fcbf9d2e-d904-b6c0-591c-29fc4e089ed8,2021-02-13,TX-500,TX,Supplier E,301,13,379,3.82,0.64
cd84d02d-beb5-6453-db5d-5a29e2cafaaf,2020-07-26,TX-500,CA,Supplier D,350,28,446,2.82,0.11
6af0bab9-8cac-03e2-2232-9b381ab4218a,2020-07-05,TX-100,NY,Supplier A,297,27,386,2.82,0.47
2108f307-6e6d-42eb-672e-1bbc603d5e42,2022-07-20,TX-400,IL,Supplier A,336,25,426,4.71,0.82
c416a67e-585d-3954-b75a-dfca274d2813,2021-10-06,TX-100,CA,Supplier A,261,27,339,3.51,0.91
1945a0de-6b8c-1509-7b34-5eb15df77aed,2021-10-03,TX-300,NY,Supplier A,270,16,345,3.51,0.9
5c150cec-3038-895b-f538-3b31945a922e,2023-03-07,TX-300,FL,Supplier E,223,8,273,3.74,0.83
72f8dbbd-61de-52a7-b5ef-896b42055126,2020-08-27,TX-100,TX,Supplier D,266,18,338,2.82,0.1
31ba1132-4d96-fbd0-02ec-825ffe81e5c8,2022-09-06,TX-300,NY,Supplier B,296,13,370,4.26,0.4
0afbb7e5-04b1-af1c-a53d-ccc772e1f6dd,2021-12-09,TX-200,CA,Supplier B,249,17,315,3.84,0.05
c8c39a67-c0b0-34a2-edd4-3f5150776ecf,2022-12-05,TX-200,CA,Supplier A,242,24,318,4.43,0.88
73c54301-551e-7dd7-316a-83502da40775,2023-08-03,TX-500,TX,Supplier C,359,39,468,4.06,0.67
5902b155-ec94-aecc-fa67-dbe8e6459c56,2023-06-29,TX-500,FL,Supplier A,360,27,457,4.27,0.88
dc83df40-8d40-678c-9648-f15ce037390a,2020-09-06,TX-400,CA,Supplier A,378,18,476,2.91,0.64
97681ef5-8969-4823-a27a-f5931b6fcbac,2021-02-28,TX-400,NY,Supplier D,202,19,259,3.82,0.28
e1e2af05-f3dd-feba-8ad8-b7b49659c13b,2022-02-06,TX-400,CA,Supplier D,258,24,333,3.6,0.54
d4cd7caa-ffc3-f7dc-3b3f-7e5e2a5363dd,2021-11-06,TX-300,NY,Supplier A,203,11,255,3.9,0.04
b0298ac2-5760-75c8-eaaa-758192cb374b,2022-11-30,TX-500,TX,Supplier D,252,18,320,4.13,0.98
b66dfdf8-fd18-2886-9590-eded376818e8,2021-03-09,TX-200,NY,Supplier E,247,14,311,3.96,0.32
bf8c12ff-9ff3-35c0-a710-2a1b2aba35c7,2020-07-27,TX-500,TX,Supplier B,436,37,559,2.82,0.07
be0d972f-9be0-c843-0e8c-c3147742b0ac,2020-02-22,TX-500,IL,Supplier B,211,19,270,2.91,0.27
60bf68bf-a41a-ef53-15d4-35003ffeebe6,2020-05-05,TX-300,CA,Supplier C,372,34,481,2.99,0.04
85ee0de6-3de3-6fb3-8223-85b38987dada,2023-04-14,TX-500,IL,Supplier B,313,24,399,3.94,0.93
3da7d122-2fdb-67c6-6c2f-64c3a99b6381,2021-10-28,TX-300,TX,Supplier C,239,18,305,3.51,0.56
aca4972d-e44c-402b-dd3a-5fec7d112568,2022-06-22,TX-400,NY,Supplier D,365,24,458,4.1,0.16
ef5b6b3e-07e4-7a6c-9896-184627f8af36,2021-03-19,TX-300,FL,Supplier E,228,16,293,3.96,0.32
51f49a19-2c6b-4d4e-558c-1c3f2472c213,2021-04-24,TX-300,CA,Supplier C,274,18,355,3.68,0.31
0e5e53ea-b0b4-78d6-e28e-52a62efdd72b,2023-04-16,TX-100,FL,Supplier A,254,22,328,3.94,0.11
5d8ab7ca-fe9a-fca6-dcb8-7785987aa40d,2023-02-17,TX-200,NY,Supplier E,204,7,248,4.02,0.98
fc883de1-8943-6716-73eb-155361b28848,2023-02-20,TX-200,NY,Supplier A,217,15,271,4.02,0.22
a47159ff-4d53-4b76-65ae-5af0955b0ca4,2021-10-21,TX-100,NY,Supplier A,222,17,286,3.51,0.48
2b24e86e-14c2-3235-fed2-a52b38574f86,2021-04-23,TX-400,NY,Supplier B,260,21,334,3.68,0.77
905c9550-b8b0-390a-3e37-405ddda68738,2023-01-02,TX-400,CA,Supplier A,265,13,325,4.33,0.8
43aa928c-678b-c3a1-ac92-cc3c5ce5850f,2022-02-24,TX-300,NY,Supplier A,194,14,249,3.6,0.57
4cd20529-f7d9-a1f7-a9e8-77b64f1edc20,2020-06-02,TX-400,NY,Supplier C,276,17,346,2.68,0.14
9e503682-481e-1328-4131-1fe1816c4d35,2020-12-04,TX-100,CA,Supplier A,203,13,251,3.4,0.12
b60729d1-8323-ebbc-3a23-368e05f7147b,2020-05-30,TX-300,CA,Supplier D,399,27,505,2.99,0.78
a825d46f-33fe-4171-eef9-d16c45809257,2023-10-18,TX-500,NY,Supplier B,273,13,335,4.1,0.22
1886a124-1487-8f4d-5809-22c08f2a167e,2020-07-07,TX-300,FL,Supplier B,338,21,427,2.82,0.02
90a6a018-88ad-9b37-7a29-c0ccd2629a3c,2020-09-19,TX-500,TX,Supplier E,330,23,422,2.91,0.23
531adce9-5972-e7e9-13a2-48550406670c,2023-02-26,TX-500,TX,Supplier C,278,20,357,4.02,0.83
81307561-bda8-9229-eedb-c2032947964f,2022-01-16,TX-200,NY,Supplier A,177,12,225,3.7,0.02
12a30007-f831-042a-8182-11ee3cf7b55e,2020-01-07,TX-300,TX,Supplier C,175,15,224,3.17,0.46
8dc3755b-29ed-ec30-9c78-def86877b733,2023-11-12,TX-100,FL,Supplier B,221,15,278,4.32,0.54
604bf908-9e95-5efa-c5fb-18a9d000e190,2020-02-16,TX-500,FL,Supplier B,269,17,339,2.91,0.36
320cffcc-0996-64ce-3366-0ecc920a2474,2020-01-23,TX-400,TX,Supplier B,204,14,256,3.17,0.85
a6fb48c8-8d42-5f9e-5d17-b71d8f855ff4,2022-03-04,TX-500,IL,Supplier E,275,19,353,3.78,0.41
10cb2601-6183-e8f0-c904-4f67b5ef71b5,2021-03-31,TX-400,TX,Supplier A,274,17,347,3.96,0.8
1d2b71bc-a1ae-b22d-4e60-e6b58c8e0844,2020-05-06,TX-100,CA,Supplier A,354,17,445,2.99,0.44
e26a9eb7-3b91-1010-2f89-adb511fa8841,2022-03-10,TX-200,FL,Supplier D,285,21,363,3.78,0.96
74cebc24-e53f-e718-1684-7acde523f55f,2023-08-14,TX-100,FL,Supplier B,317,22,409,4.06,0.95
241aa5e9-95f6-85ad-5457-122efcd3e027,2021-06-03,TX-500,FL,Supplier C,339,20,431,3.5,0.54
0d3e86e5-e437-a4fb-1b8c-dc4159fd8765,2021-09-11,TX-400,CA,Supplier B,348,28,446,3.71,0.41
ac182db1-212c-68a7-db38-e3098b21f94e,2023-06-15,TX-100,NY,Supplier E,272,9,343,4.27,0.92
b3f61c5d-ade2-7dc1-e356-90cda081eeb0,2023-03-11,TX-100,NY,Supplier C,195,14,250,3.74,0.52
667a36e6-6cb5-8cd3-a585-601849131c40,2023-04-18,TX-100,FL,Supplier C,247,25,324,3.94,0.62
ee0fcccf-66d3-8a38-f4a5-617d85fdcec7,2023-02-08,TX-300,CA,Supplier B,220,16,279,4.02,0.18
83131eb9-dd1e-81d1-8df6-dfa69f58b8a8,2020-03-25,TX-500,TX,Supplier C,321,15,405,3.22,0.59
eb923498-ace0-8a3d-6936-558841a48363,2023-06-25,TX-200,TX,Supplier E,427,26,537,4.27,0.47
a5c9248a-5405-9c9e-937f-4c2153f7f36e,2021-07-23,TX-200,NY,Supplier B,301,29,389,3.79,0.04
7b081abb-2ab1-b412-2ab1-cea90a78d42c,2021-03-08,TX-100,NY,Supplier C,204,17,260,3.96,0.59
08b3892d-0a75-e062-c4ed-746e37480725,2023-08-02,TX-500,IL,Supplier D,393,43,507,4.06,0.16
98892943-95df-992d-7ab4-667587ce6ddb,2023-01-12,TX-300,NY,Supplier A,187,11,234,4.33,0.0
001378b0-9cf5-713b-02d0-d953a2a0d4c6,2023-05-14,TX-100,IL,Supplier B,325,21,408,4.14,0.59
8933e96c-cb8e-db7b-84ec-825373ead08f,2021-05-25,TX-500,NY,Supplier C,375,26,481,3.79,0.08
8c46af40-f517-3772-60e2-2d4862b6e336,2021-02-24,TX-100,CA,Supplier E,228,8,284,3.82,0.4
4c63a1b7-0607-4499-ed15-a41e1106f263,2022-11-30,TX-100,FL,Supplier C,222,19,287,4.13,0.98
23b8bdc1-581b-8700-c6c8-afc716a345da,2023-07-20,TX-200,TX,Supplier E,319,18,402,4.02,0.42
14df8aa3-3ce0-aa18-00d2-aabcdb28d230,2022-08-21,TX-500,CA,Supplier E,399,22,499,4.49,0.95
902d2389-b74c-6d97-c295-8370140873bc,2021-09-19,TX-100,TX,Supplier A,243,11,301,3.71,0.5
249137d0-fa2e-5493-d15a-4c663618ae62,2020-09-09,TX-500,NY,Supplier C,289,28,376,2.91,0.54
b705e01f-4a48-f232-a1cb-28db90eac1ff,2021-07-21,TX-200,IL,Supplier D,367,45,476,3.79,0.35
3a731fa8-49cc-0775-1e9c-c91ccd8805bb,2023-12-05,TX-100,TX,Supplier C,241,20,313,4.33,0.64
ee6bfcc2-8241-5cda-7f7e-170653569f08,2022-04-07,TX-300,FL,Supplier C,303,19,386,3.88,0.32
2a60c503-68c3-3b86-7ac1-a1367cbf8651,2020-04-13,TX-200,CA,Supplier B,301,20,378,3.56,0.55
f2eb5be4-a94c-6d01-3aaa-25300103e43f,2023-10-12,TX-300,TX,Supplier E,239,20,305,4.1,0.93
2605872a-a347-d466-b135-901f2ccf7e9c,2022-02-21,TX-300,NY,Supplier C,235,21,303,3.6,0.4
c1f48dc0-3f73-1e26-3dd4-332268d0c168,2023-11-18,TX-400,FL,Supplier B,225,15,284,4.32,0.23
a281baf5-718c-e530-2de5-c9fa52345937,2022-02-25,TX-300,FL,Supplier B,202,10,249,3.6,0.76
a292d15f-e57b-4d64-2bca-b5997d02b1fa,2023-12-03,TX-300,TX,Supplier E,205,9,258,4.33,0.59
5e2f2fa1-0632-d8e1-a3f1-d27cef58d656,2020-09-01,TX-300,TX,Supplier C,340,30,437,2.91,0.84
53079ba2-5e58-d970-a818-1bb3c679599f,2021-03-11,TX-400,CA,Supplier E,250,13,314,3.96,0.42
ab64547f-d8c5-cbd7-ed92-d4447d3a2d21,2021-05-17,TX-100,CA,Supplier D,335,35,439,3.79,0.18
dc3b8c4e-9279-a61f-15a8-670fe24265b6,2020-08-03,TX-500,CA,Supplier E,344,25,444,2.82,0.17
9a90d7a9-94cd-3b08-69ff-dc70aac1ddbc,2021-05-18,TX-500,IL,Supplier D,321,29,409,3.79,0.91
c63642bf-4914-80e1-268c-d65d0bd0a92b,2020-12-23,TX-400,TX,Supplier B,236,24,310,3.4,0.84
26214b49-3374-dbdc-29f5-05e0db803590,2023-02-07,TX-500,TX,Supplier D,279,22,357,4.02,0.18
542cca76-2dc9-427b-6fc1-04a3e6f96dad,2021-06-10,TX-500,IL,Supplier E,395,27,507,3.5,0.91
d24a2e6e-c872-4304-2a82-4a9206b8352c,2021-03-15,TX-300,TX,Supplier E,258,19,325,3.96,0.57
a13dd0a9-b3eb-6c13-66d0-03a538809545,2021-11-21,TX-300,IL,Supplier C,174,10,222,3.9,0.0
2e4ca8db-dbaa-e8da-6369-f0a397ea8c5c,2023-04-15,TX-400,IL,Supplier D,260,26,339,3.94,0.1
a22aff6d-24f1-360b-0087-2e799cedadbe,2022-07-29,TX-100,CA,Supplier D,323,31,420,4.71,0.62
2f7fc07e-06e1-82f4-01f2-971b9a8d7398,2023-11-13,TX-500,CA,Supplier C,331,14,407,4.32,0.18
59f54c4e-62de-62f0-e2f7-e8a0274f5824,2021-05-28,TX-400,FL,Supplier B,365,24,463,3.79,0.64
b11f8c53-72a7-7c2a-545c-eb96d0f4d55e,2023-01-31,TX-500,FL,Supplier B,241,19,305,4.33,0.46
fed6c25c-0568-68f7-05f8-0bf9860ea710,2023-07-06,TX-300,FL,Supplier E,380,26,480,4.02,0.54
d7cecbcf-2c98-1922-7e2d-7c601828ab60,2023-12-26,TX-400,CA,Supplier C,224,25,289,4.33,0.51
7d59ab75-1b07-db72-c2a9-a16baf53d426,2023-10-31,TX-400,NY,Supplier A,259,19,330,4.1,0.2
aa999687-7d3b-e75d-2d28-fe6313bd708a,2022-01-18,TX-500,FL,Supplier D,226,17,287,3.7,0.73
d1bb9aac-9d62-29b2-0eaf-e192416fe1a1,2023-10-02,TX-100,TX,Supplier B,234,14,297,4.1,0.7
703409b2-8b12-2354-48d9-c0d73e8debf1,2022-12-03,TX-200,IL,Supplier B,219,18,278,4.43,0.79
e161f1ff-ad1f-d88f-ec1d-e6d954c0a216,2021-09-19,TX-100,NY,Supplier A,210,16,268,3.71,0.5
23d0e91c-29a6-c324-68d9-01efb9f2f589,2021-12-17,TX-500,FL,Supplier B,228,12,288,3.84,0.19
197264aa-7158-6646-fa41-590eec393ee9,2020-12-15,TX-200,FL,Supplier E,216,12,273,3.4,0.44
24a52999-a52f-f6e9-2005-ea90cc6783a0,2022-08-02,TX-100,NY,Supplier D,267,26,345,4.49,0.92
16128d14-ac06-ddc0-606f-76bd8cb9565b,2021-10-11,TX-400,TX,Supplier B,278,19,349,3.51,0.3
e01a5fa2-7ad8-98cd-72d7-feb6485d3bcb,2023-08-10,TX-400,NY,Supplier B,338,34,443,4.06,0.14
7fd75762-f7c2-2d20-5e74-e5b89a00e0d4,2021-01-23,TX-500,IL,Supplier A,201,12,255,3.45,0.75
996efbbd-80cb-19f5-f430-d06b19d4fdfb,2022-03-29,TX-400,TX,Supplier E,341,17,424,3.78,0.1
d6cc2f3c-d75b-370f-d1c8-9eed9723b8fe,2021-06-06,TX-400,IL,Supplier B,353,14,436,3.5,0.48
967a3839-9608-5a02-0f15-5b3bee03cb21,2022-02-16,TX-200,TX,Supplier B,267,15,332,3.6,0.23
f4da5859-c60f-a45f-8b6f-a9ee82fd081c,2023-03-12,TX-100,CA,Supplier C,265,24,341,3.74,0.31
4e0e0e20-09be-e24e-37b9-d453cc19491c,2022-11-20,TX-300,IL,Supplier A,225,10,280,4.13,0.14
cc843004-3ec1-491f-eace-76726705d8cd,2023-04-27,TX-200,FL,Supplier E,280,19,354,3.94,0.32
53a1de84-3864-04a0-e568-d9567f43bd1d,2023-09-19,TX-200,NY,Supplier A,262,10,324,4.06,0.09
4733ae42-f078-11ee-75a7-08fee5767e0a,2020-09-11,TX-100,FL,Supplier B,229,11,284,2.91,0.86
51f04501-42b0-3d3b-f60e-ae21f78aec6c,2020-07-02,TX-100,NY,Supplier C,310,24,391,2.82,0.6
6524a944-8eeb-1d4d-023d-a29c4af8e9dc,2022-01-31,TX-200,CA,Supplier A,263,28,344,3.7,0.02
81db4330-dae8-15c1-028d-a01900333647,2020-07-07,TX-500,IL,Supplier B,346,22,445,2.82,0.02
7223f1cf-e268-36ae-b2a8-76548a845128,2022-03-24,TX-100,TX,Supplier C,239,19,310,3.78,0.57
7afe790f-37c9-293b-560e-fc26d4e788ec,2021-02-26,TX-500,FL,Supplier B,272,20,345,3.82,0.12
08146d8d-4789-d2ff-0495-67a1c4e1eca6,2021-10-31,TX-400,CA,Supplier C,238,20,310,3.51,0.96
56cde546-f492-d2f4-1336-e018ae38add3,2023-06-03,TX-100,FL,Supplier D,332,28,423,4.27,0.39
d3e08eec-0663-6d90-237b-29bc84987706,2020-01-08,TX-400,IL,Supplier E,219,13,277,3.17,0.57
df58316e-7a83-a2f6-fa58-e0054976ddc2,2023-09-04,TX-400,IL,Supplier C,304,21,389,4.06,0.12
3b5ac332-aba8-f98b-3b81-f2d5fa603be4,2022-04-21,TX-300,CA,Supplier B,288,16,359,3.88,0.95
2082f117-04dc-0380-bd18-495510921639,2021-09-17,TX-400,FL,Supplier D,263,25,338,3.71,0.39
c5162c50-8085-0fc8-3c17-74c00a857677,2020-04-11,TX-200,CA,Supplier C,276,20,351,3.56,0.9
07eb624e-6246-bf80-0e68-86f59eb701af,2020-02-09,TX-200,NY,Supplier A,211,11,263,2.91,0.5
6d95f046-b5ea-85e0-fa17-8bd26103a1d4,2022-06-26,TX-400,IL,Supplier A,370,14,456,4.1,0.52
e679884f-e324-0a15-8eb9-342617d82cd9,2023-06-16,TX-200,CA,Supplier A,336,22,422,4.27,0.58
14af8e4a-bfd6-bf80-42c3-01c0eafa3b40,2023-11-01,TX-100,NY,Supplier E,200,15,257,4.32,0.8
45a5cdb5-bc0b-3c26-d791-9c4cd524650f,2023-12-11,TX-500,CA,Supplier E,252,9,313,4.33,0.06
068f0b7b-3d7b-94ae-08b4-ed20832d8477,2023-06-16,TX-500,CA,Supplier D,495,37,636,4.27,0.58
dbf0141a-2caa-7fd0-7da7-6ff0909a8e7a,2020-10-29,TX-400,NY,Supplier E,203,11,255,2.74,0.56
b37c9c8f-734a-26c0-03d4-2d93fe2c86b6,2023-11-24,TX-500,FL,Supplier C,241,13,305,4.32,0.5
dcfa1a00-e2ac-2ea9-1846-d70c6e214aff,2021-01-06,TX-200,IL,Supplier B,204,20,265,3.45,0.04
56525434-74c4-a269-4b99-7513be2d1619,2022-10-02,TX-100,NY,Supplier E,226,13,285,3.97,0.67
88534663-9bf6-b8ed-294d-13c615069f58,2021-09-22,TX-100,NY,Supplier E,231,11,288,3.71,0.07
8ac7f6d0-ccab-170a-1cf2-29b2a2cc6dfc,2020-07-11,TX-100,NY,Supplier A,257,19,330,2.82,0.23
b602acf4-9986-65b7-25a9-b0a916e19fe6,2023-04-24,TX-500,IL,Supplier D,326,25,413,3.94,1.0
7ab12b1e-d264-8d37-7f0a-fbee6329e9f0,2020-06-01,TX-100,NY,Supplier B,297,19,368,2.68,0.5
35c2785c-e7c6-9ac1-1034-16b3923c3f65,2020-11-09,TX-400,IL,Supplier C,207,13,263,3.1,0.09
f5145edb-6a47-baf9-83e5-9509150cf2b7,2020-04-19,TX-100,CA,Supplier D,279,18,352,3.56,0.77
cef0be9a-f43e-a5d1-f065-cd177e6f0ffe,2022-05-02,TX-500,FL,Supplier A,390,32,500,3.99,0.05
2f9c8397-2417-3f74-d9a9-7b21bd7a8445,2020-04-25,TX-100,FL,Supplier A,302,28,383,3.56,0.37
f80e492d-18f5-dbe1-aaf0-b3144f2eb766,2020-05-28,TX-300,CA,Supplier B,370,28,472,2.99,0.2
9d8f2743-1895-ebd4-a0ac-867f5dcb6d99,2023-12-12,TX-200,FL,Supplier D,214,10,263,4.33,0.82
8d291a32-4239-cdcd-11de-eecb19a25091,2022-02-17,TX-200,IL,Supplier B,246,23,316,3.6,0.87
cdf207a8-5171-07c2-22e1-1d6685394732,2020-04-17,TX-200,CA,Supplier B,359,24,464,3.56,0.66
fe6d2985-84b3-1634-1959-88cbaf1c6bce,2023-05-05,TX-500,FL,Supplier A,356,33,459,4.14,0.97
7e4e610c-0601-31ac-b1e6-d8e73cf7e01b,2023-01-27,TX-100,FL,Supplier B,182,19,238,4.33,0.26
6e437c8a-70ae-d811-9982-474782ebd937,2023-04-01,TX-200,TX,Supplier C,317,23,405,3.94,0.21
1d379167-6f40-cd90-e2a5-4d7b13698869,2022-06-07,TX-400,IL,Supplier D,329,20,421,4.1,0.9
337e23d8-7b15-b9e3-29de-8fd57dd8fc21,2021-03-17,TX-300,CA,Supplier A,253,22,321,3.96,0.65
260cb7ac-178d-a1e9-e448-6ae40cb07456,2023-12-10,TX-200,NY,Supplier B,168,13,217,4.33,0.48
0ac67dd5-af44-972d-dfea-a905e78ce4ed,2021-03-24,TX-500,FL,Supplier A,321,22,407,3.96,0.36
be4d88cf-c666-d6f9-b3c6-e5ca2637d486,2022-01-31,TX-300,NY,Supplier C,216,20,280,3.7,0.02
129a142a-1f6b-cbbf-8f77-d1f4e44ae41e,2023-01-07,TX-100,TX,Supplier A,210,20,271,4.33,0.1
684f93aa-022e-76bf-fe20-4d06d0399430,2020-08-16,TX-100,FL,Supplier E,278,12,347,2.82,0.88
f738eef4-9093-9a93-cf4f-06b4af291aec,2023-11-15,TX-100,TX,Supplier C,228,16,290,4.32,0.65
2d21036e-7f29-b2ca-1227-8b2920e1dbf2,2023-12-25,TX-400,IL,Supplier A,181,15,232,4.33,0.81
da758217-c2b7-9051-d34c-129e223c1516,2021-07-18,TX-200,FL,Supplier A,379,35,491,3.79,0.29
8248003b-aa5d-c1cf-58f6-faa3d0402fdb,2020-03-27,TX-500,TX,Supplier C,296,25,383,3.22,0.96
5da5b4fc-77a9-9b71-075d-234c74b2607a,2020-11-01,TX-200,FL,Supplier B,247,15,308,3.1,0.52
422cac99-7834-485c-3650-df99355c215a,2022-05-25,TX-300,TX,Supplier B,370,20,464,3.99,0.25
015d0d27-33be-ca0e-85a6-0f7e69462872,2021-11-26,TX-500,CA,Supplier E,228,14,286,3.9,0.49
a451ae5c-b472-d21a-5013-837304f098af,2020-09-07,TX-500,IL,Supplier E,266,19,335,2.91,0.78
12cdf468-dee7-dbf6-f981-8082bdb3d07b,2023-09-28,TX-200,CA,Supplier B,299,25,389,4.06,0.55
e6983c41-8310-9289-70dd-bac66e73d551,2021-05-05,TX-100,IL,Supplier D,273,19,342,3.79,0.99
af9ef3a2-7760-71f0-15d2-740b5aff757c,2020-01-09,TX-200,FL,Supplier A,177,7,218,3.17,0.14
3520e3c9-597c-ec62-831e-af201e47f442,2020-10-03,TX-200,IL,Supplier D,279,24,357,2.74,0.8
e5077bdd-e2cf-e3fe-b95a-cb8f9d14104e,2020-03-04,TX-400,CA,Supplier A,262,24,344,3.22,0.58
4642ae1e-86ef-be58-2c1b-a5ca78cd7147,2023-08-15,TX-500,TX,Supplier D,365,26,471,4.06,0.4
4b10254c-6288-a3cb-bdf9-c8de4cd518ac,2021-06-07,TX-300,NY,Supplier E,294,18,367,3.5,0.77
cd3d7488-b9d8-defb-1314-160701dcb95f,2021-05-18,TX-500,NY,Supplier E,312,19,394,3.79,0.91
9d5956bb-ba50-4eac-1cfc-87f415c155dc,2021-08-10,TX-300,NY,Supplier E,303,17,373,3.77,0.71
32322e30-b54d-df9d-0f36-944505bbe6e6,2021-07-14,TX-500,FL,Supplier D,341,22,437,3.79,0.55
78de01cd-a628-187b-886a-f6a57f039f44,2023-10-07,TX-100,FL,Supplier A,293,24,378,4.1,0.39
74b8eca8-662c-6eca-7f13-479118f56de5,2022-02-17,TX-400,IL,Supplier B,261,16,324,3.6,0.87
582eee6b-9b7e-2e6e-fb9c-cc9a29d49eb0,2023-01-23,TX-100,FL,Supplier C,177,11,225,4.33,0.82
721c4c60-a58f-dbb5-62b9-45c2c848e01e,2023-01-06,TX-500,CA,Supplier C,259,23,335,4.33,0.88
193f8a5b-3750-d7d9-35e9-a8698c127565,2022-05-10,TX-300,FL,Supplier B,323,21,402,3.99,0.76
6502fbfe-4940-f94e-fbba-2f29ceee09ce,2021-12-26,TX-300,IL,Supplier D,172,22,228,3.84,0.85
749358ca-3d35-4dd3-4a27-9787f4c2f4a0,2023-05-21,TX-500,TX,Supplier D,424,34,541,4.14,0.39
32da885a-cc2f-3c7c-bb2a-15543479ba64,2021-06-20,TX-500,FL,Supplier C,406,33,517,3.5,0.18
d1fd753b-ba45-b5d7-8c44-ce79100d2117,2020-04-22,TX-300,TX,Supplier A,330,19,420,3.56,0.23
f389f449-3c40-4562-20cf-00523e470a0a,2022-10-28,TX-500,CA,Supplier C,278,16,349,3.97,0.91
da0453f4-4c34-04ce-e041-7ac1fe7f0d91,2022-09-09,TX-400,FL,Supplier B,275,13,343,4.26,0.51
98ca8626-5105-d6d0-5d82-df7e8fad6e11,2023-08-22,TX-200,CA,Supplier D,337,24,434,4.06,0.43
5991c0d4-37c4-c651-e2af-743911e8828e,2020-09-12,TX-300,IL,Supplier A,263,16,331,2.91,0.46
e6af4519-2bfb-0138-298b-b4533fa7606c,2021-06-01,TX-500,NY,Supplier A,371,33,482,3.5,0.06
18ca631c-f999-232b-22e0-9146a999bfda,2023-07-11,TX-300,NY,Supplier A,310,24,400,4.02,0.59
e14b2fa2-1e6b-39ec-8616-564836f557be,2020-12-09,TX-300,FL,Supplier E,177,5,214,3.4,0.69
992458c4-c8a6-e716-b6e1-6572ce4318f5,2020-12-01,TX-300,FL,Supplier A,177,15,229,3.4,0.99
f746f061-366c-b830-69e4-64674e3a1bfc,2020-08-27,TX-400,FL,Supplier E,360,20,451,2.82,0.1
e54f34f7-d002-6514-8c43-e8c3f5ba5caf,2022-11-06,TX-300,IL,Supplier C,245,18,311,4.13,0.24
7913c8a3-aa16-8412-4b88-8c61d01e1d5e,2023-03-02,TX-500,CA,Supplier A,334,25,423,3.74,0.6
6d6f8a99-851b-30d7-39d5-dd6f10611e75,2023-09-23,TX-200,FL,Supplier E,269,12,337,4.06,0.98
bc249a62-5f9f-0d32-3882-fe9081d186bb,2022-10-01,TX-300,FL,Supplier D,301,14,372,3.97,0.28
46fcfe52-da03-4b07-c708-cc69c99555fc,2021-01-28,TX-200,CA,Supplier E,268,18,335,3.45,0.19
67abe24c-7f00-1b2f-a21d-fb9ae0764e24,2023-04-26,TX-200,FL,Supplier C,363,23,459,3.94,0.4
3bee6c6c-6bb2-8c53-bee8-ff67e7264fc1,2022-12-15,TX-500,TX,Supplier D,268,23,345,4.43,0.99
7564aa58-4ad3-abe0-8d34-88d22eb08d0c,2020-11-05,TX-400,NY,Supplier B,227,15,289,3.1,0.6
3fb8676c-c55a-6e7a-beb2-a38934805a97,2022-08-05,TX-400,FL,Supplier D,302,36,394,4.49,0.0
be888fd8-137d-bf0f-52a1-487086ed44af,2023-09-09,TX-200,TX,Supplier E,287,18,364,4.06,0.92
2c0157b0-726a-c578-f96d-9d9f5f1862db,2022-03-29,TX-500,IL,Supplier D,294,33,386,3.78,0.1
5526c994-5f89-8491-e598-e4c22cc16b76,2022-05-04,TX-200,NY,Supplier B,309,37,403,3.99,0.96
5bd2530e-62d6-9ab7-fec0-26200031dc19,2020-05-13,TX-400,FL,Supplier A,340,38,447,2.99,0.32
21f98a0e-9662-33f2-4e12-9b306752b3f6,2020-05-29,TX-200,NY,Supplier E,338,11,420,2.99,0.31
501a6ae0-d50b-aab1-51b1-79db80284127,2022-07-11,TX-300,CA,Supplier B,316,28,408,4.71,0.12
40040aee-bf79-cc69-f549-77c9f0b005eb,2023-02-19,TX-200,IL,Supplier E,199,8,245,4.02,0.19
64409422-6b98-30b4-1329-d83253d2b721,2020-01-11,TX-200,NY,Supplier B,174,8,220,3.17,0.67
bf83f07d-f766-ccf2-5254-9068e37ca2c5,2020-05-23,TX-500,NY,Supplier B,334,20,422,2.99,0.83
874d9219-d4dd-bd02-c024-bf0a8a7f2cec,2020-05-22,TX-400,IL,Supplier D,290,28,381,2.99,0.12
e97a985d-918e-d84b-3c66-88f0d9a7f7b2,2020-05-22,TX-500,IL,Supplier C,302,22,386,2.99,0.12
1ccc5a56-ab1a-94ae-4fb8-86d1e857d2d0,2021-02-20,TX-400,FL,Supplier C,208,12,259,3.82,0.65
0da352db-6aad-cc55-804b-baa71222d026,2020-11-28,TX-500,TX,Supplier A,271,12,337,3.1,0.78
77615c12-f2f0-7c2d-3904-e0d4f6dd6d34,2022-09-04,TX-400,CA,Supplier D,315,29,411,4.26,0.37
2bdef81d-3a47-be6e-bbae-7f1acf54c175,2023-11-08,TX-200,NY,Supplier B,210,13,263,4.32,0.44
792ac6ea-42f7-0dc7-0ff7-956ce65cf84a,2023-10-08,TX-500,CA,Supplier C,305,17,388,4.1,0.09
91a0b80b-9f6b-39c1-9ea0-afd62afcc842,2023-05-11,TX-200,IL,Supplier A,304,26,397,4.14,0.19
a15339ff-c37e-678d-d0d0-ae54a10abe4b,2022-04-11,TX-400,TX,Supplier C,343,27,438,3.88,0.6
a104ab8d-8afc-4f69-c7fe-635f1d49e3b9,2020-02-11,TX-400,TX,Supplier A,248,17,312,2.91,0.7
b502823e-1309-8111-11ef-eda879b1deb4,2023-09-16,TX-100,IL,Supplier A,237,15,300,4.06,0.19
2273ee61-fe0b-abef-7928-cf9cb189b9f3,2021-04-25,TX-500,CA,Supplier B,413,31,524,3.68,0.69
de1542ef-fa4a-15fa-ee04-32173dcf41e7,2020-10-23,TX-100,FL,Supplier D,239,14,303,2.74,0.95
83975f4f-27d4-ce88-b151-3142e6fa7e5d,2021-01-26,TX-500,TX,Supplier B,232,15,295,3.45,0.16
6f69df4f-0807-b7fc-4c5a-8847f60903c0,2021-07-17,TX-400,IL,Supplier B,302,22,385,3.79,0.98
a04c93b3-99c4-31ec-a496-ab14d0e29b12,2020-01-16,TX-400,FL,Supplier A,239,14,302,3.17,0.55
b3e7632b-91d3-9de1-4783-d26ea4bbb4e9,2023-07-04,TX-300,FL,Supplier B,323,26,416,4.02,0.77
ce57861a-9a4b-1d82-710d-f54905bcbdce,2022-04-29,TX-500,TX,Supplier D,323,17,403,3.88,0.52
bc6409cb-91cb-74f3-40de-8174e28879c3,2021-01-07,TX-400,FL,Supplier E,208,8,258,3.45,0.01
b2a4c505-9f2b-28eb-3968-0a93e7ed6b3f,2021-05-30,TX-100,NY,Supplier D,265,21,340,3.79,0.67
e5ccfc8c-63ae-839f-6363-e37cb1314bb2,2022-12-13,TX-400,FL,Supplier A,197,11,243,4.43,0.69
c261c58b-3a8f-3e39-0647-80f854997dc4,2020-12-01,TX-300,TX,Supplier B,192,12,245,3.4,0.99
0dba57da-dc77-e8be-cdaa-fa46e70fcaff,2022-01-03,TX-100,TX,Supplier B,208,16,270,3.7,0.6
08a8b208-7657-01fd-fb78-5d8da4be690e,2021-10-20,TX-200,TX,Supplier B,268,13,333,3.51,0.44
a47de882-03ab-012e-6131-1ac62719cd08,2020-08-01,TX-100,NY,Supplier E,306,19,385,2.82,0.14
258f35b1-90a7-e469-5c43-325196a2bc9d,2023-05-26,TX-100,NY,Supplier A,324,18,402,4.14,0.66
a54a5e36-94e4-0206-5204-7b3df4b49512,2020-05-21,TX-500,NY,Supplier D,315,32,413,2.99,0.24
c5f459ad-a8cf-fe39-c389-2c07cad1fffb,2022-12-10,TX-500,NY,Supplier B,185,19,241,4.43,0.42
b04f9761-91e4-1ab2-a446-7818fd5b49a8,2023-01-17,TX-200,TX,Supplier A,240,16,302,4.33,0.82
4d378d4b-34d1-2479-5020-1e86102a36f6,2023-02-20,TX-200,IL,Supplier B,202,15,260,4.02,0.22
9003638f-0de7-4751-886e-0550a5678378,2020-07-10,TX-100,CA,Supplier D,296,22,375,2.82,0.8
0883d528-4d83-eb3c-e8a4-b9ae8b6b803b,2023-07-26,TX-500,FL,Supplier D,345,30,453,4.02,0.28
5d822386-bbed-7138-cb52-64d7956443db,2022-06-03,TX-200,NY,Supplier C,338,29,432,4.1,0.77
05f655db-5152-1351-3821-60f6c4b7468e,2021-01-29,TX-300,TX,Supplier B,247,24,316,3.45,0.27
f7cf4922-88c2-ab4d-b44e-bff8b410214a,2020-12-22,TX-100,FL,Supplier A,215,15,271,3.4,0.28
50e98975-60f0-9f9e-5cfa-0d1b6675c3a3,2023-01-13,TX-300,IL,Supplier D,221,17,283,4.33,0.44
393c8d97-a380-2e7e-d4f9-4faaecbbe77d,2023-06-18,TX-400,NY,Supplier C,372,27,471,4.27,0.04
8279bce8-cad9-86d4-70a4-05211b05cbf3,2021-11-20,TX-200,IL,Supplier E,226,14,289,3.9,0.42
329b06d0-3099-2c4b-690d-f849d06bb9a3,2022-08-29,TX-300,NY,Supplier D,268,28,345,4.49,0.75
1aa724ac-633a-c935-2713-cd6afb1f465e,2021-12-20,TX-400,NY,Supplier D,189,15,245,3.84,0.62
217fa1c7-23e5-a12a-c9ea-6f37d794b76c,2020-01-22,TX-100,IL,Supplier D,195,15,249,3.17,0.41
2dd1b5b5-7286-3189-0523-9e574fcf241e,2020-10-06,TX-100,FL,Supplier D,260,26,340,2.74,0.29
0d74f573-1ae9-874d-59d8-59139a68f9e2,2020-01-04,TX-400,IL,Supplier A,179,10,223,3.17,0.66
a656d736-edea-6119-fbfb-319c349eb8bf,2023-01-10,TX-500,FL,Supplier B,223,17,287,4.33,0.07
ca485b26-d6a0-6386-6584-34174e4bc75e,2023-07-28,TX-500,NY,Supplier E,400,24,505,4.02,0.87
87e4a57e-c9eb-339c-6244-b38f1545d1bc,2020-06-11,TX-300,CA,Supplier B,331,21,417,2.68,0.2
72a12307-57f1-21c9-3150-ecdc0ad1422b,2022-04-18,TX-400,IL,Supplier D,286,24,362,3.88,0.16
0a0e89ef-a546-3d9a-6113-acf07ccf8230,2022-03-29,TX-300,CA,Supplier B,261,23,334,3.78,0.1
ec74a3a1-8b49-4595-6702-1f80a13a09e5,2020-09-21,TX-300,FL,Supplier B,257,19,326,2.91,0.37
f01736e3-a049-dac4-8a9d-ff85e0df3acf,2023-02-07,TX-400,NY,Supplier D,237,17,300,4.02,0.18
7eda5014-78ed-f08b-e793-22732149a6ac,2020-12-14,TX-500,CA,Supplier B,223,12,279,3.4,0.46
e8d1f013-6447-24dc-53db-90b8781e792d,2022-10-06,TX-500,IL,Supplier E,304,21,387,3.97,0.7
fa70b35d-18db-efe1-d900-8ab453d85afa,2020-10-02,TX-100,CA,Supplier A,250,17,317,2.74,0.65
a05819a4-6476-1714-7cdc-a2ba394824ed,2022-01-18,TX-100,FL,Supplier A,228,19,292,3.7,0.73
14a74dfd-0d31-c5eb-7747-c4d1acf3f629,2020-06-09,TX-100,TX,Supplier A,304,18,380,2.68,0.69
1fcdf07e-8103-6fea-8f4d-0a769d5a127e,2023-02-03,TX-100,TX,Supplier C,192,19,251,4.02,0.21
513abe7b-c8d0-4fcb-9056-2180abb966ee,2020-03-01,TX-200,NY,Supplier E,215,9,271,3.22,0.46
89902a0e-ce04-1eaa-81b5-d22b9e838a28,2021-05-08,TX-300,TX,Supplier B,313,30,403,3.79,0.99
feaf2f78-807e-4819-b30d-86524ce64c67,2023-01-15,TX-100,CA,Supplier E,238,12,301,4.33,0.03
fdb15b2e-8f82-c3b2-d6b0-805dba129288,2021-11-13,TX-100,CA,Supplier B,255,22,325,3.9,0.11
6d526781-8a53-5a69-1042-98e59151b836,2021-11-10,TX-200,NY,Supplier A,190,18,245,3.9,0.52
d4db750c-07d6-f6fe-71f6-c567249d7564,2022-02-18,TX-300,CA,Supplier A,264,25,337,3.6,0.25
bffdd48a-33b0-19f3-dab1-39d7f2f4b9f1,2023-02-15,TX-500,TX,Supplier E,316,17,394,4.02,0.39
4aad0c1d-3169-f429-bb0b-1dcf25b8e51e,2023-10-18,TX-100,IL,Supplier A,199,20,258,4.1,0.22
2d141df1-cc0e-c41a-5256-ea11dc77335c,2022-06-05,TX-100,CA,Supplier A,353,27,452,4.1,0.94
e529d1df-c7e3-3879-ae56-b7df2e1bd372,2023-02-22,TX-400,TX,Supplier C,261,13,330,4.02,0.29
70be861a-0655-29ac-4145-824ed2e52dd5,2020-08-26,TX-200,IL,Supplier A,284,21,360,2.82,0.52
f0a34eda-28d9-c3b4-93d0-10f0b64ca4b9,2022-06-27,TX-200,IL,Supplier D,363,44,481,4.1,0.49
610bda51-1104-992f-dcec-ae373802e611,2021-01-01,TX-400,FL,Supplier B,243,13,306,3.45,0.14
34e697c1-78c0-25db-19d5-22913994d605,2023-02-28,TX-300,IL,Supplier B,248,22,320,4.02,0.03
d964ea96-c4e2-1b00-265b-c58866a2eded,2021-07-22,TX-500,IL,Supplier A,313,16,391,3.79,0.12
924156b3-e886-f0ae-baa6-7289a52e9bc5,2021-07-10,TX-500,TX,Supplier E,385,21,483,3.79,0.87
3488da92-4b87-8250-1b87-dd46b43818dd,2022-01-08,TX-400,NY,Supplier D,172,6,214,3.7,0.8
811d638b-0fd1-7de7-11bb-753edec1d526,2021-08-16,TX-200,CA,Supplier B,318,25,408,3.77,0.23
b098a1cb-a3fe-f0f4-33a9-746565e43dc9,2023-02-07,TX-300,CA,Supplier C,213,18,273,4.02,0.18
64799bc6-9e68-f190-e42f-8d7c0622b1b3,2020-07-28,TX-200,TX,Supplier A,357,21,452,2.82,0.59
3736cce2-03f2-c428-effb-af24d04dbc22,2023-05-12,TX-200,CA,Supplier D,327,35,428,4.14,0.1
4550a335-cb2e-ffb7-75f5-e5a5b9a7698d,2022-07-13,TX-100,NY,Supplier D,280,24,355,4.71,0.32
ef691b6d-29a1-86da-1853-a072f9a8f493,2021-12-02,TX-500,TX,Supplier B,256,24,326,3.84,0.32
211d4fd7-eedc-b92f-2803-7d6529efecf0,2021-07-18,TX-200,CA,Supplier E,390,13,482,3.79,0.29
665446af-845d-329f-d186-63cc9e92994d,2023-08-08,TX-300,FL,Supplier C,282,22,362,4.06,0.52
aa05ccdb-e25e-762d-08d8-1a1bd41c7ca1,2023-03-24,TX-400,CA,Supplier D,287,21,368,3.74,0.94
13499891-3b58-a57e-bc19-3436ff2ef7e8,2023-06-08,TX-200,NY,Supplier E,359,24,446,4.27,0.83
b1323176-cc8b-05a4-17a8-c25b4cb26081,2023-07-23,TX-300,IL,Supplier D,330,33,421,4.02,0.12
0721dc6b-2caf-8bd4-1f56-736285404fae,2020-02-12,TX-500,TX,Supplier B,276,22,349,2.91,0.45
f55c85e0-dcf2-400c-73a2-d4ef50a4126d,2021-05-02,TX-200,IL,Supplier B,329,33,424,3.79,0.16
049e66a1-4f16-fbfd-1069-2f254ebca344,2021-02-15,TX-200,IL,Supplier A,201,11,257,3.82,0.15
6810ee3e-bafb-45af-8736-966c01f6a31c,2023-03-28,TX-100,IL,Supplier D,285,20,364,3.74,0.2
0fbfc8e2-b7ff-809a-7351-bec26cfa1bd4,2021-03-31,TX-100,CA,Supplier B,254,28,336,3.96,0.8
d3f9e391-363a-668b-1f56-c2dd9e40bf6f,2022-07-05,TX-100,CA,Supplier C,356,29,460,4.71,0.95
66aa163b-5f8c-32c3-80b8-c21da0bf740b,2020-11-07,TX-500,FL,Supplier A,288,22,366,3.1,0.12
35e1fa81-f513-194c-b504-e5092000afb0,2022-05-07,TX-100,CA,Supplier E,293,14,367,3.99,0.11
06067ac8-1c31-6b37-c88c-1cd49971e2e0,2022-08-21,TX-100,IL,Supplier A,258,17,325,4.49,0.95
ffbbadc3-94e6-3fd2-5130-5d2d121e1350,2020-11-06,TX-200,NY,Supplier A,233,21,298,3.1,0.93
778c903e-dc67-226e-0b54-5dd721c0d4cf,2022-12-06,TX-400,NY,Supplier C,230,10,285,4.43,0.66
df82f1fb-2ec8-1816-bce7-3534bf6971a6,2023-07-05,TX-200,TX,Supplier A,424,29,536,4.02,0.5
d0d3693a-f2d3-ae75-6527-ba5c237f0ba5,2020-07-24,TX-500,TX,Supplier E,409,25,518,2.82,0.75
29092f39-8736-0477-e3d9-61b1f717506e,2020-02-27,TX-200,TX,Supplier B,242,13,301,2.91,0.27
1dbee51c-79ba-70be-2223-6addad704057,2022-02-16,TX-100,IL,Supplier D,191,17,243,3.6,0.23
76bf6b4e-78e2-b08f-d4c9-bad9c3f8764d,2022-10-31,TX-300,TX,Supplier D,223,22,290,3.97,0.98
16d6e842-f995-923c-1a91-52608d7eab07,2023-07-06,TX-300,NY,Supplier E,305,24,387,4.02,0.54
c5a9cda0-d688-a1a9-0b17-efda4226124b,2020-12-13,TX-200,TX,Supplier E,242,13,300,3.4,0.3
49a9107c-0193-6cce-8548-eb801e69e180,2021-06-10,TX-100,NY,Supplier B,285,33,372,3.5,0.91
268c9fdb-c52a-0b92-b87d-e9262d235dc9,2023-09-09,TX-100,NY,Supplier C,261,26,341,4.06,0.92
12a45b73-96a5-49d2-b187-35eecc96a5b9,2021-12-07,TX-500,NY,Supplier A,215,13,266,3.84,0.33
58b4f7ff-4fba-ee67-5bda-52a0023edc49,2020-09-03,TX-400,IL,Supplier D,328,25,423,2.91,0.98
0bbca3a1-a6da-7b6b-1884-90cb62265d31,2023-12-04,TX-400,CA,Supplier E,216,14,277,4.33,0.23
8065e1a9-9673-f9b4-9f21-265d78102672,2022-08-13,TX-400,CA,Supplier A,376,29,475,4.49,0.39
411bf4e3-dadb-4c5a-8cb7-20a55418b402,2020-11-27,TX-400,FL,Supplier E,228,12,282,3.1,0.94
45ef60bc-80bd-7a86-4d23-7ccc15d292d7,2021-07-20,TX-300,FL,Supplier E,281,10,351,3.79,0.75
2619f6e1-904f-35ad-cb39-72879962180c,2023-06-20,TX-500,IL,Supplier E,377,19,473,4.27,0.56
20b10d2f-103c-f0da-e12f-6fb297720e40,2023-05-29,TX-400,NY,Supplier D,282,17,357,4.14,0.35
90833e70-fc6a-fc46-d1c6-c3dd917ce1ca,2022-03-01,TX-100,CA,Supplier D,214,14,270,3.78,0.01
0640f113-838d-2eb6-066d-bf74f91501ba,2021-07-03,TX-100,CA,Supplier E,303,16,380,3.79,0.62
a7844de0-5394-99c8-f468-9d7e120144ee,2020-08-27,TX-400,CA,Supplier E,334,16,419,2.82,0.1
3969c45a-5677-bf2c-1f34-5b243ee5f81f,2021-04-29,TX-200,NY,Supplier E,309,14,379,3.68,0.01
2894c02c-f2c2-8714-894d-709eb3f2adf7,2023-03-16,TX-100,CA,Supplier B,235,20,303,3.74,0.0
0abdd411-d0ac-7fa2-f55d-6bb914e2d9e5,2023-02-27,TX-300,NY,Supplier B,206,15,264,4.02,0.71
da8f98c9-795e-10c4-d56c-8cea1ec48950,2020-09-25,TX-100,TX,Supplier A,242,16,308,2.91,0.3
bdcb8a8a-3084-c26a-8bc9-fc377f3a7628,2022-03-13,TX-100,FL,Supplier A,223,20,286,3.78,0.86
2476da20-8cec-a41c-9bc2-f14e56fca023,2023-12-11,TX-100,IL,Supplier C,184,16,239,4.33,0.06
83f9356f-b301-aef9-bea0-f6ce45ce6331,2023-03-24,TX-400,FL,Supplier A,284,18,358,3.74,0.94
74dca4eb-81b5-9889-7aae-d37f8835b4d9,2020-05-17,TX-400,FL,Supplier C,363,27,462,2.99,0.09
091d7a6d-b97a-32e6-2b92-28d05dede985,2022-01-26,TX-200,IL,Supplier D,182,13,230,3.7,0.69
6e38e854-e468-21c7-3c6f-e819514bc931,2022-05-05,TX-200,CA,Supplier C,353,39,469,3.99,0.65
c694ee23-79e2-b5d7-2a45-cec3a891394c,2020-05-17,TX-300,FL,Supplier A,338,20,429,2.99,0.09
15a62d7e-ec3a-c2c0-bbab-35168d1e3aa2,2023-02-02,TX-200,FL,Supplier E,245,11,301,4.02,0.22
8d4e7a27-fd24-2c14-7721-028390d9f20d,2022-02-09,TX-100,FL,Supplier D,210,16,266,3.6,0.05
bb662118-a89d-d956-e564-34ff9be40532,2023-04-18,TX-400,IL,Supplier E,258,7,317,3.94,0.62
55d912f1-94b6-2c8a-abb4-eba5d1509f8f,2021-10-14,TX-300,NY,Supplier E,239,10,295,3.51,0.16
59bc27dc-e346-e097-8ce3-b9c564ff833b,2022-01-29,TX-200,IL,Supplier A,219,14,276,3.7,0.99
9cf75c2b-0d4d-de91-d810-416a2ee7ca10,2021-09-12,TX-200,NY,Supplier D,261,16,326,3.71,0.14
9aee62f4-3bd6-e981-bc12-ad4d1ac0110f,2021-09-15,TX-100,CA,Supplier C,282,19,352,3.71,0.7
ab27aee6-0914-9f46-6994-2b40618a2866,2023-09-07,TX-300,CA,Supplier D,338,30,438,4.06,0.16
6bcddb00-c278-f39b-e137-539a3c57373e,2021-11-22,TX-400,CA,Supplier B,252,13,309,3.9,0.11
7da20266-7ce4-f1b0-2c53-bf0f3c084c3a,2023-04-15,TX-100,CA,Supplier A,353,31,465,3.94,0.1
687790a6-c197-a179-976c-7f4aace42524,2023-02-03,TX-400,TX,Supplier E,228,13,285,4.02,0.21
a6d42025-6811-9823-805f-2efa5dc2b3cb,2021-02-12,TX-200,CA,Supplier D,226,15,290,3.82,0.78
ae16096c-cff0-d910-e997-144b011f88c5,2023-09-25,TX-400,TX,Supplier E,304,20,384,4.06,0.94
05804c10-51fa-d00a-fefd-8d27a7605135,2023-04-26,TX-200,TX,Supplier C,380,25,476,3.94,0.4
eeb95171-a254-ce36-2c4a-224593f6a578,2020-05-28,TX-400,CA,Supplier E,379,15,473,2.99,0.2
ca594d39-2d7d-98ce-128f-ff644c38ae7d,2021-05-21,TX-300,FL,Supplier E,273,22,355,3.79,0.29
6be7e35f-5b82-cc50-47d1-31fe6fbd8412,2023-06-30,TX-400,TX,Supplier C,407,29,516,4.27,0.37
38e8d8f0-48a9-66e3-c203-2cd659b58890,2022-11-26,TX-500,TX,Supplier D,286,37,379,4.13,0.15
057d5cec-86f1-ba24-f661-c2abd14119b5,2023-03-14,TX-100,FL,Supplier C,262,13,332,3.74,0.68
32413f27-3df1-2e45-0d44-a65787516747,2021-05-07,TX-500,IL,Supplier E,370,18,460,3.79,0.84
8878fd3b-57c2-b280-4bd7-df477e1050a1,2022-06-15,TX-500,FL,Supplier B,370,21,464,4.1,0.71
e3258070-70ae-02b6-b3ad-b6ec32ed943b,2021-04-04,TX-300,CA,Supplier E,257,22,333,3.68,0.12
e93967c8-e4b1-4d34-75b6-0186bc8e9511,2023-12-08,TX-300,TX,Supplier B,248,13,310,4.33,0.47
24a08e86-9806-2d32-0c17-aed2a24b5552,2021-06-22,TX-200,NY,Supplier D,302,23,380,3.5,0.19
a933fcf6-dd4f-ad29-7503-d425c5e949dc,2021-01-19,TX-200,IL,Supplier B,198,13,251,3.45,0.04
d1d62d96-aeff-615e-1db7-dbf08fed3fd7,2022-09-28,TX-400,TX,Supplier E,296,16,377,4.26,0.13
c1684e37-af19-7fdf-5946-68428a3ded92,2022-07-05,TX-400,FL,Supplier E,318,21,403,4.71,0.95
4f1950b8-f1eb-2279-187d-b0f427831d7e,2022-12-11,TX-400,TX,Supplier C,236,14,298,4.43,0.55
38efda0b-ccc8-2be5-c04d-1974c70b9ff0,2023-09-25,TX-300,TX,Supplier B,329,24,417,4.06,0.94
3fba8d42-5e35-1bfb-80f3-fbc802ce1c1f,2021-12-05,TX-100,NY,Supplier C,164,11,213,3.84,0.68
b99056e0-7d69-94e1-1ac8-a3c11d81e0fd,2023-02-21,TX-200,TX,Supplier C,282,20,357,4.02,0.66
e2558f09-2fd3-eb7d-b25c-8ee6dfd84564,2021-07-12,TX-500,TX,Supplier D,384,26,489,3.79,0.73
2035a7e8-02ea-7e79-c071-e2b57cd7843e,2022-06-21,TX-300,TX,Supplier A,379,30,484,4.1,0.24
4a573a24-3d96-efa9-f31f-6ce859be54ab,2020-05-07,TX-400,IL,Supplier A,347,18,434,2.99,0.99
2253e8d8-7e6d-878e-5077-e2dabb239e63,2020-08-10,TX-300,IL,Supplier D,289,31,377,2.82,0.05
e713126b-95bb-5cad-54d8-c28e4dbfd5c9,2023-11-25,TX-400,FL,Supplier A,224,16,289,4.32,0.52
05ad38e0-3188-0bd4-4a98-ad126504b373,2020-09-20,TX-300,CA,Supplier B,282,17,352,2.91,0.37
105dc246-2c66-dbf6-88cf-423e1cb878a2,2022-12-17,TX-300,FL,Supplier D,222,17,284,4.43,0.52
0677b3e9-5252-3504-7d5b-8524b4e56b0b,2021-06-30,TX-100,IL,Supplier D,294,17,375,3.5,0.7
2a9df919-9eb2-b106-03c6-b45292d439cf,2021-12-25,TX-200,IL,Supplier E,222,15,281,3.84,0.0
9c2c5790-8fab-20d8-6e1f-60346c8cdb28,2020-02-04,TX-100,FL,Supplier D,224,11,276,2.91,0.02
04f59183-89df-5e4d-d64e-2cf4cd140436,2020-06-30,TX-400,CA,Supplier D,333,23,429,2.68,0.42
979ff29e-c8d6-5ffd-fb7a-ca9185b75ac6,2023-03-02,TX-200,CA,Supplier D,294,21,373,3.74,0.6
33e73932-053f-1563-ba34-467fadefd707,2021-09-12,TX-400,CA,Supplier A,330,24,417,3.71,0.14
64d0a658-5c22-1a82-9e85-cabe3ecc3d5a,2023-12-28,TX-500,NY,Supplier A,199,13,250,4.33,0.46
c5d9bd87-37cc-2b97-a21b-599b27c8a530,2020-05-03,TX-300,IL,Supplier E,250,11,312,2.99,0.94
15fd39d9-4bee-7254-b836-c02c1a35c304,2021-06-30,TX-500,CA,Supplier D,426,34,549,3.5,0.7
1e3c6aeb-2589-39b6-abb4-ce2dea419f0b,2020-05-10,TX-200,CA,Supplier B,373,30,481,2.99,0.89
3ff5b04a-1cd0-d77a-21cd-1ccbc08bb12a,2023-04-10,TX-300,FL,Supplier C,269,22,344,3.94,0.26
dcf6ebdd-bd36-411b-f924-4ab423779c14,2020-02-13,TX-200,FL,Supplier A,203,11,257,2.91,0.38
abe2e381-242f-7c37-30c6-c4ba54cdc945,2023-10-27,TX-400,FL,Supplier E,226,6,278,4.1,0.57
b491a52f-6c1f-47fa-d5e8-449848ded154,2023-06-21,TX-500,NY,Supplier E,381,25,480,4.27,0.03
fbac7271-9355-9af1-8d0f-f72aad59b786,2022-06-12,TX-100,IL,Supplier E,293,16,366,4.1,0.41
835da6ad-aec4-2593-e725-354dfbabf52a,2022-01-19,TX-100,TX,Supplier B,184,17,235,3.7,0.71
57ff0329-11b2-0d2e-dc1c-8af573a8d1a3,2020-11-20,TX-400,NY,Supplier B,202,16,253,3.1,0.16
6f7a1ef6-2bfd-2fdb-2257-5d28e60cb624,2023-09-13,TX-500,NY,Supplier B,293,22,371,4.06,0.06
20b9b9c3-de1d-6b58-dc29-80213b071eb0,2020-07-22,TX-200,CA,Supplier B,348,25,439,2.82,0.25
8467acb1-4d81-0216-725c-187f03d57149,2021-07-08,TX-400,IL,Supplier B,360,26,458,3.79,0.96
3e52a438-4e03-19f1-caab-dbf66545cc23,2023-10-25,TX-500,CA,Supplier B,278,23,355,4.1,0.06
696c1163-d7e0-1472-d014-1da6c65f521f,2023-06-25,TX-500,IL,Supplier B,405,26,512,4.27,0.47
f473a07b-ab1b-5cfc-9f66-294ffa4f62ab,2023-10-04,TX-200,TX,Supplier D,258,29,339,4.1,0.46
d71c8a3d-619e-4455-8b26-961a60ea6bc4,2022-01-17,TX-100,TX,Supplier A,220,13,272,3.7,0.17
b94afcd4-52a6-6b4c-da9c-7d691736aa94,2023-08-13,TX-500,FL,Supplier C,417,38,538,4.06,0.1
d7a82415-dd66-6803-1aef-e13b9bc689e2,2022-01-19,TX-300,IL,Supplier D,191,20,249,3.7,0.71
b11dc5d1-ad73-0e82-af3a-35fb2d1e3b18,2023-02-27,TX-500,NY,Supplier A,243,22,310,4.02,0.71
c69a7ee3-7045-4ff5-56c4-f308d44f4852,2021-02-17,TX-400,IL,Supplier D,210,18,272,3.82,0.3
108e27c5-4a8e-3186-aae7-ce7e27107114,2022-05-10,TX-400,FL,Supplier E,313,19,395,3.99,0.76
adaa4934-fb20-172b-6a8a-97213d75b6a4,2023-08-23,TX-300,TX,Supplier C,326,20,411,4.06,0.43
2cfdc5a4-fe66-f8c0-cdad-a15d8d023e43,2020-03-24,TX-300,TX,Supplier B,244,15,307,3.22,0.35
736a368e-f97a-9fd6-d1a7-7e6d0c6e7cc6,2020-02-19,TX-100,TX,Supplier E,251,12,316,2.91,0.96
ecc359c6-5986-f323-18f0-ade010d1bb7f,2021-10-29,TX-400,IL,Supplier E,254,10,310,3.51,0.1
62b1f3cd-456a-5695-4f26-af2c0287f2ef,2023-02-04,TX-500,CA,Supplier A,283,20,357,4.02,0.75
9baa8e40-42e6-45f0-af44-6a5f98dfa906,2021-10-31,TX-500,FL,Supplier A,296,21,376,3.51,0.96
2990cad5-eae8-44f3-24f5-b89e1971f016,2022-09-22,TX-300,TX,Supplier C,325,33,426,4.26,0.33
7a25a4dd-d3a8-7c3c-2a4a-cbf7c9125c22,2023-11-22,TX-300,CA,Supplier D,246,11,307,4.32,0.19
24adf24d-bc3d-40a4-5380-a8e2572bbaea,2021-06-26,TX-200,TX,Supplier E,393,26,492,3.5,0.31
7fe9e4e8-ee64-d2eb-e472-68a9320ee400,2020-12-27,TX-400,IL,Supplier D,228,26,300,3.4,0.65
d59cec06-2b34-76d5-5d2b-8c09040c4e38,2022-09-24,TX-500,NY,Supplier A,270,18,342,4.26,0.78
1145bf4a-7f41-9e3a-9465-a2538ee5bf79,2020-02-18,TX-200,IL,Supplier E,247,11,311,2.91,0.12
f2acd915-22c8-6716-d73b-7bded2543bc2,2022-04-15,TX-300,IL,Supplier A,309,18,386,3.88,0.38
55680a45-da89-76c8-1b1f-a0667f7705bc,2021-06-04,TX-100,FL,Supplier D,332,33,437,3.5,0.34
9bde2bae-82a6-151b-4cd6-a996f9acfb1a,2023-12-22,TX-500,IL,Supplier A,210,16,266,4.33,0.96
636f46d4-24c0-7dc9-616a-6bbb07432436,2022-11-27,TX-200,TX,Supplier D,251,22,322,4.13,0.42
6694581e-c723-a458-7167-e3e4120b22e5,2023-04-09,TX-500,NY,Supplier C,324,21,408,3.94,0.36
c0b285cd-8f81-2858-6e4c-4cf59fe34cc8,2020-04-30,TX-100,CA,Supplier A,313,21,391,3.56,0.29
ea758cf5-316d-bec3-ca6d-8700e638bd8b,2020-01-13,TX-500,CA,Supplier C,221,16,283,3.17,0.57
cf4c3726-1275-5603-4c0f-2d88ad781fd8,2022-08-01,TX-200,FL,Supplier A,388,30,494,4.49,0.21
59589437-28d5-c845-ce5b-4932d35b82dc,2022-11-11,TX-100,CA,Supplier D,273,27,357,4.13,0.41
109c7dc2-6e50-8dd7-5958-217686a5acce,2020-03-25,TX-400,NY,Supplier E,212,16,277,3.22,0.59
b17d022d-6295-573e-8a76-8ec8741b20b9,2020-01-16,TX-500,CA,Supplier E,261,20,335,3.17,0.55
930606bf-0a30-0bba-2500-b8f50b57397e,2023-12-17,TX-100,CA,Supplier A,230,11,289,4.33,0.86
98710d36-c239-9a1e-321d-9d6f33273cc7,2022-08-04,TX-100,IL,Supplier E,309,17,390,4.49,0.64
b286d459-144c-63d5-e7d8-4bff8f74d16c,2021-03-03,TX-300,NY,Supplier C,190,10,236,3.96,0.61
729cad84-0776-b36c-d8ee-c34266222313,2023-06-20,TX-300,CA,Supplier D,361,32,472,4.27,0.56
a03bc87b-d6b5-5569-3d7d-19061dd19fc0,2020-06-28,TX-200,TX,Supplier E,388,22,486,2.68,0.11
6631e5e2-27bf-0b02-a2f6-c4066fef8161,2020-12-24,TX-200,FL,Supplier B,174,13,225,3.4,0.11
b2127ede-ac5c-cf59-16a6-7b32a83b8158,2022-07-19,TX-200,TX,Supplier C,313,25,401,4.71,0.99
2bc95cfb-591b-afce-1c6d-d63f943f2261,2020-08-10,TX-300,CA,Supplier E,354,35,461,2.82,0.05
5f98b6ce-052b-7373-c65e-1625bcaf38d9,2021-01-29,TX-100,NY,Supplier D,155,12,199,3.45,0.27
ed9200e2-5558-44cc-41ba-a19224f80f40,2023-05-16,TX-200,TX,Supplier D,386,34,500,4.14,0.41
8c01b3d2-28ef-b94c-1a10-390ceb6fdf41,2022-11-27,TX-100,IL,Supplier C,183,14,231,4.13,0.42
65bef6af-f93a-e294-3441-9365e90179e5,2021-09-03,TX-400,IL,Supplier B,293,22,374,3.71,0.89
7abebed2-ffd1-71c3-e833-3bd2ba9ec7bb,2022-12-25,TX-500,TX,Supplier B,233,15,294,4.43,0.67
6531c739-bce7-c73d-8e65-840566dc8c97,2021-12-15,TX-500,IL,Supplier A,206,11,255,3.84,0.92
a33bf14c-0f5e-a62a-0cad-5beb9efe61a9,2020-01-02,TX-200,TX,Supplier D,210,16,266,3.17,0.01
71d63c47-0dc3-e54e-a720-85fecd723074,2022-04-10,TX-200,FL,Supplier B,293,17,365,3.88,0.41
cf874678-be42-e8e4-54ab-52acf4c1424d,2022-06-19,TX-300,FL,Supplier E,376,15,467,4.1,0.53
57741bfe-e01c-4452-32d2-d8208dc52ab8,2021-08-31,TX-300,FL,Supplier A,277,25,358,3.77,0.59
330a25ef-4976-6884-d0e8-c3a1fca4b85f,2020-02-17,TX-100,NY,Supplier B,215,21,279,2.91,0.09
be0c784e-7cc3-3ec7-3c95-c625aadd4d54,2023-05-26,TX-500,NY,Supplier B,362,32,463,4.14,0.66
2eb7f72e-d1bf-d15f-c2d1-a42bc7a3da3d,2023-07-02,TX-300,IL,Supplier C,338,22,428,4.02,0.27
e34dbbaf-f813-8e78-bea3-1102e0aa5c07,2021-06-19,TX-100,IL,Supplier B,298,28,389,3.5,0.63
4fbf5307-819c-afa2-80ae-74c72686e8a1,2023-03-24,TX-500,TX,Supplier B,364,20,461,3.74,0.94
b578f35b-a186-ea80-ab74-6afe5d6636de,2020-01-25,TX-400,NY,Supplier B,172,9,218,3.17,0.06
685a9041-ae48-b8ea-c8c8-d1430a988253,2020-01-27,TX-200,TX,Supplier C,190,16,242,3.17,0.29
9e01a46a-2e7f-0c8b-f0bc-4618e8d2e83e,2022-08-05,TX-300,IL,Supplier C,300,30,382,4.49,0.0
b9628875-878a-eab2-679a-9bc8a6d7a2af,2021-12-07,TX-500,FL,Supplier E,211,11,260,3.84,0.33
1cea133d-5488-1bb3-3a37-5f630c9a29fb,2023-12-12,TX-500,TX,Supplier D,246,23,316,4.33,0.82
4590607b-146e-d7f8-f1bd-cb0006e24a05,2022-10-28,TX-500,TX,Supplier E,279,12,345,3.97,0.91
c46df509-77b9-8c94-4a7c-151cf14350cd,2023-05-27,TX-200,IL,Supplier B,351,18,431,4.14,0.55
1682e88d-510e-b122-6e8c-26d6a4963034,2021-12-27,TX-200,IL,Supplier A,197,9,247,3.84,0.62
b49758c4-b6ab-3859-3030-7b58ca496a81,2020-03-16,TX-100,FL,Supplier D,206,16,263,3.22,0.49
d9bcee98-0d31-2e74-e6ae-484d0df8709b,2022-11-16,TX-300,IL,Supplier C,212,15,273,4.13,0.01
f099722e-0722-28e0-307d-10b86ba5c0ba,2023-06-11,TX-300,FL,Supplier A,361,25,450,4.27,0.67
d4821753-3ac2-0d95-59d4-7d4f668c91a0,2022-07-23,TX-400,IL,Supplier D,336,22,433,4.71,0.15
7576fe72-87d5-5627-dc47-5b930b85a2a3,2020-10-01,TX-200,FL,Supplier C,248,21,318,2.74,0.85
438d2151-8ed7-a79d-0cbd-3278349d053f,2022-07-19,TX-200,FL,Supplier C,374,29,473,4.71,0.99
9c05b4ab-5d26-d188-44cb-45788ba63935,2020-02-23,TX-400,NY,Supplier D,224,17,284,2.91,0.97
a8b4d793-3b4a-d521-d6dc-4d315d89af05,2023-04-30,TX-100,CA,Supplier D,337,24,430,3.94,0.81
fe9dab12-b2ff-f86c-56f5-31cf15af9b32,2023-12-21,TX-200,TX,Supplier D,226,23,288,4.33,0.67
e6d5eb5a-87ec-aa6c-4761-acf2c29c7db7,2021-12-10,TX-500,NY,Supplier B,237,21,305,3.84,0.46
150f53a6-31f1-58c8-47c5-9a4a8dc52dc6,2022-05-12,TX-300,FL,Supplier A,357,28,459,3.99,0.9
edd86fb1-a6bd-3164-7e75-b54b04bf796c,2022-11-08,TX-200,TX,Supplier E,259,15,321,4.13,0.29
782e440e-ce45-2454-6593-f3670143215e,2022-04-04,TX-200,NY,Supplier A,273,21,348,3.88,0.72
416878c4-3a32-57e6-e83f-2a9a96aaa162,2021-02-06,TX-200,FL,Supplier C,235,19,307,3.82,0.71
609ea46d-b962-77d8-182b-5fb1273b81a2,2020-08-20,TX-400,TX,Supplier D,357,30,462,2.82,0.24
9fa2bffd-353f-0e54-a424-51cfe09a3e9a,2023-04-15,TX-100,TX,Supplier B,281,18,353,3.94,0.1
38c53505-5e6c-63fa-4d0f-12a63555ca56,2021-01-20,TX-200,CA,Supplier C,229,11,282,3.45,0.2
5b9cb2cf-50ff-3765-4e5d-c8606d92ba75,2022-12-04,TX-100,IL,Supplier C,198,14,249,4.43,0.27
6288bfd2-bfb4-e8de-f46d-3c7a695a27ab,2020-07-13,TX-100,CA,Supplier E,333,15,412,2.82,0.61
c48dda33-534f-e541-e741-d1b7300c0ba0,2021-08-25,TX-500,IL,Supplier D,337,29,436,3.77,0.67
d79cd4a1-6c29-3f59-2e2f-0baac3dd1b42,2023-04-01,TX-100,NY,Supplier A,226,14,283,3.94,0.21
8a9e56c0-5af3-8604-0624-92d5d66e7ece,2022-06-03,TX-100,IL,Supplier E,289,21,366,4.1,0.77
45884f08-92a8-2be2-960f-a92d19c322b6,2021-07-04,TX-500,FL,Supplier C,372,23,475,3.79,0.48
23599e7d-4c5e-4ae0-a763-431303358bd1,2022-07-28,TX-100,FL,Supplier E,336,17,414,4.71,0.79
b90e9a41-b8b1-d9e7-ac1f-b058d3589c33,2023-12-26,TX-100,NY,Supplier C,195,18,252,4.33,0.51
d0616151-56da-5d5b-0c29-5fc9c31df3b1,2022-12-28,TX-500,FL,Supplier A,236,14,299,4.43,0.83
4acc3600-84ca-d103-37ae-3860f157e14c,2020-05-09,TX-100,NY,Supplier C,230,18,290,2.99,0.75
7f6db56f-437d-a2a8-f5a9-17d00fed4387,2023-09-02,TX-400,FL,Supplier D,328,29,421,4.06,0.94
a7397455-5c17-205c-ab87-39f1b438848a,2020-07-09,TX-400,NY,Supplier A,303,17,381,2.82,0.83
bc86b06f-53ac-86b2-9cd7-00dc18df235e,2020-10-30,TX-400,CA,Supplier D,237,15,300,2.74,0.57
0e58f943-3829-9291-fe80-7d4f3516a6aa,2022-01-17,TX-500,TX,Supplier D,282,29,373,3.7,0.17
dad9c4a0-4806-1e8f-45b2-4e9a3d335c6f,2022-01-07,TX-500,TX,Supplier B,236,19,306,3.7,0.32
0393ba06-8a05-587f-53e1-e533fbf10290,2023-03-02,TX-500,FL,Supplier D,308,30,404,3.74,0.6
d0d33896-4ae4-000e-a04c-94803ad99860,2023-12-04,TX-300,TX,Supplier C,201,11,251,4.33,0.23
379d8001-f698-f53e-11df-7feda406304f,2021-01-26,TX-300,NY,Supplier B,200,17,256,3.45,0.16
ffa8beff-ff7e-df47-3017-df5ae1158d2c,2021-02-25,TX-200,FL,Supplier D,227,16,289,3.82,0.47
40eb51a6-8ad3-4a2b-081e-761dd60a318d,2020-06-21,TX-100,TX,Supplier C,313,24,397,2.68,0.66
8d8ca437-e293-45e6-300e-f219f8b8b54f,2023-11-07,TX-200,IL,Supplier A,260,17,331,4.32,0.23
aa82afac-0ea8-5380-4495-81ae8e02ca9e,2023-12-15,TX-200,FL,Supplier D,190,19,247,4.33,0.43
31bc0790-dcde-a854-a717-cc5ed101b40c,2022-08-23,TX-200,IL,Supplier C,329,29,421,4.49,0.18
2b054070-e111-2321-fdee-015eb05397ef,2022-12-29,TX-500,IL,Supplier E,253,18,321,4.43,0.82
5baca4cc-0f37-5aa5-ec23-ed6ce78b4af7,2022-11-30,TX-300,FL,Supplier D,226,22,292,4.13,0.98
3bd0ceba-67ce-1dd4-ccbf-1ee4f49177ca,2023-03-16,TX-500,NY,Supplier B,266,17,339,3.74,0.0
5084c80f-5ddd-8997-53d9-d1ef54fc202e,2023-07-16,TX-100,IL,Supplier C,267,22,342,4.02,0.48
dcd3b446-2750-fa2a-70c1-3efec8d35e28,2023-10-03,TX-200,NY,Supplier D,261,27,342,4.1,0.48
2b1b1f49-3720-6179-4594-13f003a16ddd,2022-01-01,TX-400,FL,Supplier B,209,19,271,3.7,0.92
f13f653a-ab86-8ef4-a21f-20d599d2a937,2020-06-12,TX-500,NY,Supplier D,301,28,390,2.68,0.8
b005609a-a399-855b-cab3-2dd92caa9092,2020-08-02,TX-400,CA,Supplier E,412,15,516,2.82,0.92
6e3ee436-ca82-f9a1-0241-bda3a1b4bf00,2020-06-18,TX-200,FL,Supplier A,361,29,460,2.68,0.4
162b233f-69f1-bc0e-de34-f411a823ef95,2023-06-10,TX-500,IL,Supplier C,345,21,436,4.27,0.6
f5d7c0c6-6e54-5852-bbb8-01d7ecbe8bd4,2020-06-05,TX-500,CA,Supplier D,464,35,591,2.68,0.13
42ecb1c6-6113-e131-ddb2-15a31097b90d,2022-04-02,TX-100,CA,Supplier B,247,17,314,3.88,0.98
6670f851-46af-a046-0f50-f18058b945d4,2023-04-26,TX-400,TX,Supplier E,347,18,436,3.94,0.4
2e1b099a-3dd5-d8e8-e7f3-3dc221fe488c,2022-01-26,TX-400,TX,Supplier B,269,26,351,3.7,0.69
924bed24-fe3e-df14-b6f2-eaf17a6c67e7,2023-12-01,TX-500,IL,Supplier C,267,22,345,4.33,0.42
51df5f87-1a0f-5fcb-741d-523f2793639d,2023-07-05,TX-500,CA,Supplier A,392,21,491,4.02,0.5
6fa0d3eb-dcfc-b52f-5e35-1981721eb22c,2023-04-03,TX-500,TX,Supplier B,343,30,433,3.94,0.18
b11365d2-44c0-6e86-e799-7da1d8a28286,2020-12-03,TX-100,CA,Supplier D,198,19,256,3.4,0.95
cc4ac3d3-6633-2e2c-4b78-f42e96cd8eb6,2023-03-04,TX-500,CA,Supplier A,283,25,364,3.74,0.26
312f8679-387a-2b58-b613-69a643143b97,2023-04-24,TX-500,FL,Supplier A,315,17,389,3.94,1.0
68741aba-fd31-bc6e-c82d-4b305375b6b9,2021-07-07,TX-400,FL,Supplier B,386,31,487,3.79,0.72
41e73bde-79b5-331f-3a4e-7230590d8c28,2022-01-26,TX-200,CA,Supplier C,220,20,289,3.7,0.69
d5dd77ee-a4b9-4c5b-ba22-4a4b9e909366,2022-08-10,TX-200,IL,Supplier D,323,24,407,4.49,0.13
2f76dbf8-0664-009c-38e0-12c39b4a0199,2021-11-23,TX-500,CA,Supplier D,239,12,299,3.9,0.86
6f2e00e9-b1ee-b167-3ca5-e0375c56bbfd,2020-05-15,TX-200,FL,Supplier A,364,29,466,2.99,0.66
4656e85a-9f7d-caed-af6a-0dd5a2c5c73f,2022-09-27,TX-400,FL,Supplier B,304,30,395,4.26,0.67
092a6658-d9f9-080c-32f3-58f444e4c349,2021-11-27,TX-300,FL,Supplier E,220,13,280,3.9,0.33
dd0bd71c-0adc-e1e0-c698-76d4013e87f2,2021-08-01,TX-400,TX,Supplier B,346,28,446,3.77,0.56
ecdd0fa9-f078-5ab9-89e1-bed8d4a0c144,2021-02-24,TX-500,FL,Supplier B,257,19,332,3.82,0.4
f9775f6c-dc56-3fdb-dee9-ab7bd550369b,2020-07-18,TX-300,FL,Supplier E,314,24,409,2.82,0.43
0a43f999-2ed7-d1c1-1abf-05040e9add54,2021-02-12,TX-400,FL,Supplier E,260,12,322,3.82,0.78
f95bb8e8-3a7e-e232-3e05-6991fbb96e64,2021-11-16,TX-400,NY,Supplier D,211,16,270,3.9,0.7
36403980-e55d-56dd-66c3-df9272223247,2023-05-24,TX-100,IL,Supplier B,313,15,389,4.14,0.57
a2b2b09e-4ce1-ba78-b0b1-c1094583aa1b,2023-09-17,TX-100,IL,Supplier E,295,12,366,4.06,0.29
e238450f-90d0-6c5f-15d3-628308147380,2022-09-17,TX-100,CA,Supplier A,320,20,399,4.26,0.09
1bb70e13-c8ff-9446-97c0-666f7980112c,2022-07-07,TX-400,NY,Supplier A,289,20,366,4.71,0.55
21614083-dcea-93da-074f-ea9a6dd4d850,2022-06-15,TX-500,NY,Supplier A,338,16,423,4.1,0.71
68260a6f-369d-1b2b-202d-64ab8fd3cc7f,2021-06-05,TX-200,FL,Supplier B,382,26,488,3.5,0.84
c8cf793f-bb6d-ffde-866d-cd95619a86e9,2022-12-31,TX-100,TX,Supplier C,227,12,290,4.43,0.32
157c13b1-71a2-849d-c19f-ee6ad3a03e0e,2023-09-07,TX-500,FL,Supplier C,390,28,492,4.06,0.16
67d41df5-cc6b-ab51-e898-6a403d3858b6,2020-06-25,TX-400,FL,Supplier D,343,37,442,2.68,0.02
1892d721-f510-5b94-4cd7-6a15f50b763e,2020-02-09,TX-100,IL,Supplier D,188,15,241,2.91,0.5
42626b8c-b51b-21d6-6ca9-663ae58007b4,2022-08-16,TX-400,NY,Supplier B,325,24,412,4.49,0.73
fc3bb401-4964-5211-82f9-f68ac7fe9fc1,2022-08-08,TX-500,NY,Supplier B,367,31,473,4.49,0.06
a5fe041b-b023-fc1a-9660-a54bcc8c47ba,2020-04-06,TX-100,FL,Supplier E,274,20,347,3.56,0.33
e0e07bc8-f062-cc83-39db-78216f99001a,2020-02-27,TX-400,CA,Supplier B,290,20,369,2.91,0.27
a6087304-c5fe-3dd5-dd8b-f510c2fd6883,2021-09-06,TX-200,TX,Supplier D,310,41,417,3.71,0.34
736591e1-5e77-c899-813e-9f35c36600d5,2020-03-02,TX-100,FL,Supplier A,197,15,248,3.22,0.2
ffc517da-e9ff-56c8-9834-556a5da132a6,2021-09-28,TX-100,CA,Supplier E,244,7,304,3.71,0.42
1a1881db-362b-780c-f2bb-c79d508b992e,2021-04-27,TX-400,FL,Supplier E,352,29,440,3.68,0.39
8817f302-2dfe-5642-e8b8-0faa68ab3450,2023-05-09,TX-400,NY,Supplier E,320,13,394,4.14,0.13
c31b15c7-f091-632f-9299-6581b3487fe3,2023-09-05,TX-100,CA,Supplier D,361,38,478,4.06,0.06
1a3f74f4-d83a-ffc8-bee6-fbe8a6aec64c,2020-12-12,TX-500,NY,Supplier B,230,12,292,3.4,0.83
ec7128cb-9884-25ff-f347-5edab2585149,2023-09-20,TX-200,FL,Supplier B,285,23,362,4.06,0.87
b8bca8b6-1f6c-6a00-b1eb-bc2f6a2c5a71,2020-02-08,TX-100,NY,Supplier B,187,9,234,2.91,0.16
89aeca5b-f30d-685f-fd80-4189ad452126,2020-05-03,TX-400,CA,Supplier C,317,35,422,2.99,0.94
77b469b6-8ea8-59bb-bed3-2e7a65526e9f,2022-09-04,TX-200,FL,Supplier B,312,16,388,4.26,0.37
89c58bed-da79-8e65-8d7f-1b594862ff1a,2020-07-21,TX-500,TX,Supplier C,408,36,524,2.82,0.45
f269e6c7-526d-2914-425f-bd2ed14bf3f9,2020-12-29,TX-500,FL,Supplier D,200,18,255,3.4,0.9
9e3234e1-db74-20a1-d85a-b1f275a62128,2022-03-06,TX-300,NY,Supplier E,250,21,322,3.78,0.89
e43aa7b9-117e-c296-5bf4-33b702c6c116,2021-01-13,TX-400,FL,Supplier E,232,11,291,3.45,0.06
d4710db1-9c7b-8ef6-f7e4-48d4407ab2d7,2021-01-22,TX-400,NY,Supplier C,172,11,215,3.45,0.5
55083b7f-1688-9102-d05c-f66a95608532,2022-08-25,TX-400,NY,Supplier E,302,15,381,4.49,0.85
b34e3010-3edc-562a-c252-49157530d4ec,2023-05-28,TX-500,TX,Supplier C,437,29,541,4.14,0.32
5efa5e0c-f7c4-b8cf-00b3-57619d4b23ca,2023-01-26,TX-200,FL,Supplier E,234,11,293,4.33,0.74
3124a156-3621-8aa3-5000-40650153016d,2023-01-28,TX-400,CA,Supplier B,228,17,290,4.33,0.75
0423a2cb-e4f9-a1fc-6589-e8cbbe1a2552,2021-03-22,TX-100,TX,Supplier D,219,16,280,3.96,0.43
542f841a-4bcf-bd51-b15e-0d14dca78fea,2023-04-05,TX-200,TX,Supplier D,270,14,339,3.94,0.86
4d438c0e-db04-355e-1fcc-3b378ade1762,2022-04-16,TX-200,NY,Supplier D,285,28,366,3.88,0.39
0201c84b-3f73-a7ab-5e70-5aafb818b5f4,2020-05-18,TX-400,TX,Supplier C,379,29,483,2.99,0.75
be96e180-7b53-22c6-f0ac-0f2bf1ef2710,2020-03-17,TX-500,CA,Supplier C,288,23,370,3.22,0.33
4284ba8f-4a02-b020-919b-0fa0e3340e63,2020-09-20,TX-100,CA,Supplier D,267,27,344,2.91,0.37
49bd031b-34b6-64a6-f5ec-f30f2f101692,2022-09-12,TX-400,FL,Supplier A,296,12,363,4.26,0.65
c7212bcb-f7f6-2cd0-857b-0ccfecb53e20,2022-12-17,TX-500,IL,Supplier B,233,21,306,4.43,0.52
b7d69c65-0da2-db44-a24c-4841091e149f,2023-01-22,TX-200,TX,Supplier E,263,13,329,4.33,0.54
d3ddd51b-24c0-90bd-a4a0-061449261c15,2021-05-06,TX-100,CA,Supplier C,325,22,411,3.79,0.56
3aa9a809-f96c-a126-d56d-b93aab67c2db,2020-09-10,TX-100,NY,Supplier D,270,19,345,2.91,0.51
f03785a9-adf6-1ef6-ef17-72dde7d21f41,2023-03-03,TX-400,IL,Supplier E,248,18,321,3.74,0.49
9210ded8-2fa2-e60c-5a09-959887d80d70,2023-10-06,TX-200,NY,Supplier B,234,16,294,4.1,0.36
3c45a17b-0dc6-3055-7a6a-52710b4f01aa,2023-08-04,TX-100,NY,Supplier A,324,19,407,4.06,0.38
fdc91350-71b1-2bd2-e557-62b97d222759,2022-11-08,TX-500,FL,Supplier D,284,24,368,4.13,0.29
782681cf-eac9-a02a-4c8f-51700f7572ab,2022-05-12,TX-500,FL,Supplier D,418,24,527,3.99,0.9
a7788599-9c08-7d9f-cc88-51cf150ab692,2020-08-02,TX-500,NY,Supplier B,338,18,430,2.82,0.92
1ac6cc42-69ae-6864-e707-0e4d6479de0f,2020-03-12,TX-200,TX,Supplier A,245,17,310,3.22,0.65
f78ff10e-5a46-d706-388b-607f06d24b7d,2021-09-30,TX-500,CA,Supplier E,385,21,479,3.71,0.75
7d6175c6-2554-369b-1d11-ddf5a6809a7f,2022-05-05,TX-200,IL,Supplier C,318,23,398,3.99,0.65
a03856e8-da31-2b00-06c8-f34f538facb6,2020-08-25,TX-400,CA,Supplier E,346,19,435,2.82,0.37
6d630819-aae0-76b8-51eb-0ed0ce08b4c7,2023-02-25,TX-500,IL,Supplier B,289,16,366,4.02,0.55
47f081a8-c8b8-7565-799d-23d904017408,2023-06-09,TX-300,FL,Supplier B,390,22,489,4.27,0.93
96519b94-7608-331d-ffb5-55e257ec1c30,2021-01-20,TX-100,IL,Supplier E,165,10,211,3.45,0.2
c93382f0-9eb4-7ed8-870a-723255e3194a,2022-12-07,TX-300,TX,Supplier E,210,9,259,4.43,0.11
99113c8c-f51e-c336-2999-d14477e4f9e2,2020-02-23,TX-400,FL,Supplier C,258,21,330,2.91,0.97
2b6d0c1b-16a1-002f-d578-ac5bf493ad5c,2021-10-05,TX-200,FL,Supplier D,240,24,316,3.51,0.33
18c10c3b-08f6-96ec-a3d3-842859883521,2023-05-24,TX-500,NY,Supplier C,338,37,443,4.14,0.57
75ab5815-6927-b71f-c69d-c4c0bbbcb7c4,2022-12-07,TX-300,FL,Supplier A,208,10,262,4.43,0.11
15c45a42-bfa9-9e4b-7c72-f1b8badbb066,2021-12-18,TX-200,TX,Supplier A,213,18,274,3.84,0.03
bcd39c5f-34e3-a389-917b-28b231189c7e,2022-11-15,TX-100,NY,Supplier E,219,12,276,4.13,0.17
ad7d2efb-c669-8bac-6cc4-82400b960dd9,2020-11-22,TX-400,FL,Supplier E,240,13,303,3.1,0.94
16d3da2d-fa81-c0c2-252b-e420eb7ad6a6,2022-01-24,TX-500,FL,Supplier C,235,22,306,3.7,0.13
4889093c-a778-dff3-d358-ff7db6befadb,2021-01-26,TX-200,FL,Supplier A,189,12,237,3.45,0.16
e467a0f5-af12-e41a-a806-a549330adc9d,2021-01-14,TX-500,IL,Supplier A,218,15,275,3.45,0.8
76510c6c-553c-3d27-8432-91478fcc7a51,2020-04-21,TX-100,CA,Supplier C,279,25,368,3.56,0.92
bf994b86-658b-fa56-597a-10ce53b1a3cf,2020-01-16,TX-100,NY,Supplier B,178,14,225,3.17,0.55
04e96cb4-ab46-817e-5bea-1ef360551c12,2020-02-15,TX-200,TX,Supplier C,206,17,264,2.91,0.63
0ae44d21-b84b-851a-4a0e-22e3130733bb,2020-04-05,TX-300,TX,Supplier A,291,17,362,3.56,0.27
b53ec829-f6e3-9d01-17b6-b66865d4259b,2023-08-13,TX-500,CA,Supplier E,357,24,454,4.06,0.1
24b3f41c-e9a9-7e55-4455-208d6ecab590,2020-06-06,TX-100,FL,Supplier D,292,22,372,2.68,0.68
51f714d7-1e4b-c268-0481-28d4e71782db,2021-11-10,TX-500,TX,Supplier B,264,23,341,3.9,0.52
644b24f4-0a00-05f3-cc30-be1c3866d8d4,2022-05-16,TX-500,CA,Supplier A,427,26,538,3.99,0.07
8d54d6db-6786-d32f-9673-c9bc7ea9155e,2021-05-15,TX-300,NY,Supplier A,241,14,301,3.79,0.47
2ad43179-4fae-5538-c366-24dcb8f994ae,2021-04-17,TX-200,IL,Supplier D,309,21,392,3.68,0.15
8b6923b4-2b28-497f-89b4-7f579c250e8b,2020-12-07,TX-300,NY,Supplier C,187,23,247,3.4,0.12
1f07a54f-4ead-dee2-543c-1d4de5b256f4,2020-09-25,TX-500,FL,Supplier A,305,28,393,2.91,0.3
a9f31c1d-abce-a25c-c157-e6470a3420d9,2021-07-21,TX-200,TX,Supplier D,405,34,526,3.79,0.35
337bb333-c389-4593-41f6-e038c6452164,2020-05-10,TX-200,FL,Supplier A,318,15,396,2.99,0.89
049c2d22-01bd-b7fa-b955-871ac19c39bb,2022-06-28,TX-400,NY,Supplier D,349,19,436,4.1,0.53
75088ff5-8912-d3e0-0c6e-4ff1822f876e,2021-06-30,TX-200,TX,Supplier D,331,26,425,3.5,0.7
bdbb550b-b5f5-f3e1-5d73-336901a3e674,2023-07-02,TX-500,FL,Supplier A,427,27,542,4.02,0.27
e67b81f3-f337-aab1-103c-f3e2cbe9ad73,2023-08-16,TX-500,FL,Supplier B,402,32,517,4.06,0.81
4668bce3-0df0-053d-c2ee-dbf630ae6535,2023-08-10,TX-500,TX,Supplier B,442,33,556,4.06,0.14
b1c2c54b-be22-208e-8e9a-1f56198ba93b,2022-10-26,TX-200,FL,Supplier A,225,10,281,3.97,0.33
c3c6f224-101b-106d-fa2c-e171c3c97758,2022-03-14,TX-400,FL,Supplier B,273,26,357,3.78,0.91
be20197c-6916-776a-d631-9a8e86010bb8,2022-03-20,TX-200,CA,Supplier D,304,23,385,3.78,0.52
445eeba2-44fa-0238-fb15-5b061dd07eed,2023-09-29,TX-400,CA,Supplier A,340,21,435,4.06,0.54
56f099a2-20c5-83f8-ee90-3b68242ea67c,2020-06-03,TX-300,TX,Supplier C,291,23,373,2.68,0.01
368c9ac1-27fe-5aac-44c6-f9c1cfa35b25,2023-11-19,TX-500,FL,Supplier C,272,22,348,4.32,0.72
80973cb6-eed7-e75f-e6cc-4260cb5b16b1,2020-04-30,TX-200,TX,Supplier E,313,27,408,3.56,0.29
397d1294-2937-7600-fb1e-8a1bee9767d3,2021-03-10,TX-300,FL,Supplier A,239,19,306,3.96,0.04
98ca3c70-fb6d-141e-d620-a98f7bd4493a,2021-05-12,TX-300,IL,Supplier C,328,22,412,3.79,0.08
e1bc62a6-e2bf-93a8-789d-b03258cf9097,2022-03-16,TX-500,FL,Supplier D,284,28,373,3.78,0.47
b38d925d-a888-a6aa-ae42-c7b29d52f444,2023-05-25,TX-100,NY,Supplier E,323,17,400,4.14,0.46
4780caa8-f83d-d2cd-fec7-b436e6f59cd0,2020-06-12,TX-200,IL,Supplier B,287,16,362,2.68,0.8
82fd711b-d0da-c69e-65c5-3dc6382ff0fe,2021-05-18,TX-100,TX,Supplier C,276,13,350,3.79,0.91
1a5839c9-eb49-e36f-f484-f7983608bedb,2020-01-30,TX-500,FL,Supplier D,270,24,349,3.17,0.78
e358b976-9d19-219f-776a-efbd056fba92,2022-11-13,TX-500,CA,Supplier C,288,19,364,4.13,0.82
b89221f2-6631-4317-0003-6aba1d1b6aad,2022-04-30,TX-100,CA,Supplier A,364,31,460,3.88,0.47
8d8e6031-ee7c-c725-5b04-8a3fa0f0f4a4,2021-04-19,TX-300,NY,Supplier E,280,14,343,3.68,0.12
d60b7439-da5c-1a77-2181-a14da9b1f391,2021-07-02,TX-300,FL,Supplier D,284,25,364,3.79,0.98
ff501910-36cd-934a-e719-f317aee796a9,2022-03-08,TX-400,IL,Supplier C,256,15,319,3.78,0.68
9f611e95-8ee5-90d0-a45c-d05551922cdc,2023-08-17,TX-300,TX,Supplier A,334,29,432,4.06,0.97
ea605f17-2b2c-cd50-8f86-af11933d0f26,2023-01-26,TX-500,FL,Supplier C,275,11,346,4.33,0.74
4b4340bc-05a8-1976-8ef2-7800fd87193a,2020-06-04,TX-200,CA,Supplier C,348,33,453,2.68,0.23
1c4f4858-fa0e-2b78-1d6b-1147d690bf3f,2021-03-01,TX-200,FL,Supplier E,242,13,302,3.96,0.3
0efe473f-9629-b013-82d0-4bbeef08ca39,2022-12-05,TX-300,IL,Supplier A,178,11,222,4.43,0.88
3e077bd6-56d4-da6b-789f-807f63623570,2020-12-08,TX-300,NY,Supplier E,200,13,258,3.4,0.59
66ebb2a0-c175-ac8a-5ccc-12f0bdb59f63,2022-09-24,TX-300,FL,Supplier A,280,9,344,4.26,0.78
ad7b1500-4ba4-d4a8-b5fc-ef8e9d5e5b8a,2021-05-11,TX-500,NY,Supplier A,312,27,399,3.79,0.39
886bb6fd-abee-bfb4-d443-f0bd54bf8018,2021-05-14,TX-500,IL,Supplier A,303,26,388,3.79,0.43
52cfd312-32bf-4896-b633-c2b465f5eff6,2023-03-15,TX-100,FL,Supplier A,224,9,280,3.74,0.07
309dcb4b-7439-4430-9fac-04bc159e133c,2020-09-26,TX-200,NY,Supplier B,234,9,288,2.91,0.95
c79dc51d-6182-aae3-2f24-5c0059d1c6f0,2021-08-15,TX-200,CA,Supplier B,380,23,473,3.77,0.05
9853d8e4-427e-8a02-0b1a-ecb04cd7a81d,2023-09-24,TX-300,FL,Supplier D,306,26,394,4.06,0.84
51ac1c7d-2e4a-ae37-5a75-e189891440bd,2023-03-13,TX-400,FL,Supplier C,308,22,391,3.74,0.56
6a22b009-ed13-4e04-6361-d8911fb242af,2022-11-12,TX-500,NY,Supplier E,240,9,294,4.13,0.22
376edadf-9d54-7966-72ce-9334607066e2,2020-02-09,TX-500,FL,Supplier A,211,11,267,2.91,0.5
817b072d-25c1-7a5c-c98d-1ca8e2727470,2021-02-25,TX-400,NY,Supplier E,228,10,286,3.82,0.47
adacb792-c402-9403-92d7-557f2ecd4fff,2023-04-13,TX-200,TX,Supplier B,299,22,377,3.94,0.89
71907896-9251-4637-6cfb-2a5265231f76,2022-12-25,TX-500,IL,Supplier C,201,14,254,4.43,0.67
572d85f0-29bc-6341-9d0d-153d784ce0a3,2022-02-28,TX-500,FL,Supplier A,304,12,380,3.6,0.51
0ca11559-b278-1b62-1b87-d4cc9403e9c4,2022-04-26,TX-300,NY,Supplier A,291,23,375,3.88,0.28
8ce7e343-a6e4-4853-2bba-f679b95cdb84,2022-02-15,TX-100,TX,Supplier C,230,8,281,3.6,0.6
709c0aa0-a399-7e1c-75f2-fe29c7b94abf,2020-02-04,TX-200,CA,Supplier A,210,20,274,2.91,0.02
d433984e-288d-da48-afb3-97db0e7cd982,2020-02-02,TX-300,NY,Supplier E,164,9,204,2.91,0.81
8f6237b1-305b-9fdb-23f0-ddcc5d6fe4a8,2023-09-05,TX-100,TX,Supplier E,287,24,368,4.06,0.06
2ccc7d50-0619-7a49-ae23-64dcc77a567e,2021-12-07,TX-100,FL,Supplier E,190,4,235,3.84,0.33
9b6311dd-f81b-13c0-08b4-acd3ce6d1bbb,2023-02-03,TX-500,CA,Supplier E,239,17,300,4.02,0.21
6b678f4e-1ac7-8b76-294d-434aaf44e6c8,2023-06-18,TX-500,FL,Supplier B,345,21,426,4.27,0.04
9c2b0799-d012-0cec-f633-c0ad85e0a96a,2021-01-01,TX-300,NY,Supplier D,183,10,231,3.45,0.14
c4b2b459-67b5-153d-2f88-6f2dd78de48e,2021-11-18,TX-500,TX,Supplier E,242,20,312,3.9,0.3
2320303b-8769-3190-7145-7386359fc24d,2021-10-04,TX-400,FL,Supplier B,242,18,304,3.51,0.24
42f027bc-e088-3d3f-d1b3-01158ed042e5,2023-01-01,TX-500,TX,Supplier A,262,18,338,4.33,0.75
9c9df61a-70cc-e73a-fe75-f730460b71a9,2020-10-09,TX-400,NY,Supplier E,228,19,294,2.74,0.69
a7f8c898-0545-8c99-64b5-0e2a341f6554,2020-05-13,TX-100,NY,Supplier A,235,20,301,2.99,0.32
230c08ef-79c9-3b1c-feb7-1321e36ab719,2022-11-12,TX-400,CA,Supplier A,278,20,357,4.13,0.22
cc3004bb-7039-feae-abd8-36b282db1a7c,2023-05-30,TX-500,NY,Supplier D,302,24,386,4.14,0.38
62f0997f-15d3-3130-2e44-3818764a1f9e,2022-11-24,TX-100,FL,Supplier B,202,11,253,4.13,1.0
eb8cf8b5-773d-0859-ad48-58c4a16b9397,2022-03-13,TX-300,IL,Supplier C,218,18,279,3.78,0.86
dab1daaa-5ba2-7177-7eed-5a067d3cfc2e,2020-10-02,TX-400,TX,Supplier C,254,26,332,2.74,0.65
f01e9971-523a-7756-8826-61358e8acd71,2023-07-17,TX-500,IL,Supplier E,415,24,521,4.02,0.56
d7ef6d21-d278-24cf-f2c1-6ec6a9ec0cca,2020-10-10,TX-100,TX,Supplier B,215,18,281,2.74,0.86
d4e2d2c0-426c-3616-e816-18c30896a731,2021-02-20,TX-300,TX,Supplier A,218,14,275,3.82,0.65
eb0e21d1-ca95-2f2f-e67f-41855dd7e9d6,2021-08-24,TX-100,FL,Supplier D,319,28,416,3.77,0.9
5dcd78cd-d75e-99a6-85db-6dfecd5b514e,2021-09-26,TX-100,NY,Supplier B,262,16,331,3.71,0.63
898d58ea-9686-5680-e6d7-d612f1dc37e6,2020-12-02,TX-500,NY,Supplier C,190,11,240,3.4,0.72
09cc64bf-8221-586b-f4cf-e141faab8a6d,2021-12-10,TX-400,NY,Supplier E,196,9,242,3.84,0.46
3bf0ffb2-51c1-0fe2-aa17-6a8344660fdc,2021-07-24,TX-100,CA,Supplier E,344,15,428,3.79,0.78
47a07931-6e04-1cff-b5af-56e599942ed2,2021-04-22,TX-100,NY,Supplier B,221,15,280,3.68,1.0
42fb1f43-1a6b-1ee9-3279-2ea063d871f7,2020-06-15,TX-100,CA,Supplier C,306,24,392,2.68,0.13
4d5a2e5e-a086-1736-01f0-42302cddbc65,2022-01-21,TX-400,CA,Supplier C,263,21,339,3.7,0.32
07ec85bc-f456-5a8a-7187-0df0df4335ab,2022-09-04,TX-300,CA,Supplier E,334,16,424,4.26,0.37
4babbe76-df54-54fb-c6b4-bbbffcfeffaf,2020-04-10,TX-200,FL,Supplier A,321,19,401,3.56,0.83
62441c6d-3dc4-f5cd-f211-7b4d14fdb489,2022-09-20,TX-100,CA,Supplier E,328,9,399,4.26,0.66
b3a8a456-913f-d717-4429-6fa1f6ac37c8,2020-04-21,TX-300,CA,Supplier D,297,28,391,3.56,0.92
29ea695b-481e-7250-2c2b-5deb5076196f,2021-08-12,TX-200,CA,Supplier E,392,19,486,3.77,0.87
10d8d293-4f61-d3a9-38fc-d0c056d6a4ef,2023-06-27,TX-400,NY,Supplier C,286,18,361,4.27,0.79
5e9f8ced-5f05-027e-63e5-9f289ad77aea,2021-12-24,TX-300,FL,Supplier C,224,26,293,3.84,0.85
a9aab6fa-1169-3aa5-33d0-d018c29d630e,2022-05-05,TX-200,FL,Supplier D,302,31,395,3.99,0.65
3a8d1c08-066b-6d0a-aa44-7e08686cec51,2022-03-11,TX-500,NY,Supplier D,282,20,359,3.78,0.18
b3ea0af0-27aa-7931-b292-658d367cb7f0,2020-01-30,TX-400,TX,Supplier E,197,11,251,3.17,0.78
0a851342-13ee-06a0-035e-2d3766840d07,2023-12-12,TX-100,CA,Supplier A,208,13,257,4.33,0.82
ca00a1f1-0b02-8452-9d8a-08720080431e,2022-11-22,TX-200,IL,Supplier C,189,8,237,4.13,0.12
716678db-d451-0d77-f2dd-103f290c46b6,2022-07-16,TX-200,NY,Supplier E,340,27,445,4.71,0.4
d9fa183c-2eaa-3174-3595-fbb79d5b7e65,2020-10-13,TX-400,NY,Supplier C,267,17,334,2.74,0.1
c09d1226-980e-69b9-09db-127689a9c60a,2022-11-28,TX-300,NY,Supplier A,194,14,243,4.13,0.62
c8671e07-b859-9577-6122-d5602a2c3f2a,2020-07-16,TX-300,CA,Supplier A,354,28,451,2.82,0.41
67fee60d-6567-8380-6f3f-3ee7b87bbdd0,2020-03-25,TX-100,TX,Supplier B,290,28,384,3.22,0.59
44ea436d-2690-8fbe-9df4-6b82a45e613b,2023-08-21,TX-100,IL,Supplier B,298,22,382,4.06,0.63
c4c32b24-451b-5ad5-50e3-69b9009c66b5,2020-05-08,TX-100,NY,Supplier A,272,21,350,2.99,0.89
48f64052-cde5-5473-9f98-5b731cc95335,2021-12-15,TX-200,TX,Supplier C,231,18,298,3.84,0.92
32e2e1e1-8a69-748d-34b2-bb03731bec29,2022-12-18,TX-200,CA,Supplier D,260,30,338,4.43,0.1
d1db1c47-c18c-3d1b-5ac7-10b903edc25e,2020-03-06,TX-200,FL,Supplier A,236,14,298,3.22,0.86
c2ef0093-520b-0d6b-f328-86a79e395fd7,2020-03-09,TX-200,NY,Supplier B,206,8,250,3.22,0.43
a7492791-5b20-5588-3624-302b56a3a4e6,2023-05-26,TX-200,IL,Supplier B,367,25,470,4.14,0.66
a1d68058-c467-8299-5666-aa0e0bd6e24b,2022-07-28,TX-200,CA,Supplier E,413,27,518,4.71,0.79
683a8326-c199-f952-6e96-6d9930dd20ec,2020-10-02,TX-100,TX,Supplier A,259,19,332,2.74,0.65
bd5d322b-c99c-84c6-9e48-4050968d1c91,2023-06-23,TX-200,FL,Supplier C,341,22,431,4.27,0.85
36d2377e-41e5-8f4b-d8d7-d6e5d9c4d3de,2021-11-14,TX-500,TX,Supplier A,246,23,319,3.9,0.38
a255c94d-756d-73bd-44c2-49dbfc449737,2021-12-04,TX-400,CA,Supplier D,237,17,300,3.84,0.48
102c6072-f0f5-1d68-e03e-c24e8cee1c62,2022-07-02,TX-400,IL,Supplier E,365,19,457,4.71,0.13
3345f8cd-1117-ab15-e0c0-5388e9fdea9a,2023-11-09,TX-100,FL,Supplier E,198,9,250,4.32,0.95
faf2bb12-1910-1e0b-1326-da3ab7c9c4f9,2022-07-12,TX-500,FL,Supplier E,407,15,499,4.71,0.92
de47dade-2b8d-2fa1-eb81-455d5ef6d3f4,2020-07-11,TX-500,TX,Supplier B,347,26,451,2.82,0.23
886a94a6-a786-5315-69a5-42165d81aad2,2021-01-15,TX-500,NY,Supplier D,179,13,228,3.45,0.93
ac094080-86ce-2c90-0377-818e62c8b0ff,2021-04-09,TX-300,IL,Supplier A,247,13,310,3.68,0.33
041343c7-f1af-1850-8e14-24a5d15a43a7,2021-06-13,TX-400,FL,Supplier B,352,17,440,3.5,0.34
b8f025a8-ca35-7cb3-4af5-272dc9fd9b03,2020-05-06,TX-500,CA,Supplier B,370,33,472,2.99,0.44
3a0f90e7-1ef3-98e4-f602-92afffba9777,2021-12-02,TX-100,FL,Supplier D,217,20,279,3.84,0.32
39c5a80c-75c9-10d1-7bac-5d987b99d3a3,2021-01-02,TX-500,NY,Supplier E,235,13,298,3.45,0.78
b1897cfd-b60a-a6f2-0ed9-138f4c5a6236,2023-11-23,TX-400,NY,Supplier C,243,31,330,4.32,0.11
648cc1cd-97da-9730-67c6-fc3c5433db41,2020-08-12,TX-300,IL,Supplier E,274,17,346,2.82,0.68
ff318da7-9c9c-8a22-061e-d521a42999ff,2020-02-10,TX-300,TX,Supplier A,190,12,242,2.91,0.15
8eb0a2c9-b14f-4205-ca56-462c56374af1,2020-05-08,TX-500,TX,Supplier B,358,33,458,2.99,0.89
bb420a57-dc70-c0ae-c731-8077b6efef17,2020-12-26,TX-200,CA,Supplier B,236,17,298,3.4,0.67
005396ea-8067-3606-0d3e-56cc41dc5df0,2022-01-31,TX-500,CA,Supplier A,250,13,312,3.7,0.02
438427d7-76b7-11d2-ce4e-100cc6729488,2023-05-03,TX-200,FL,Supplier E,320,19,402,4.14,0.5
91d90ae0-4ef8-556a-ede8-a4fdfce4942f,2023-07-09,TX-100,NY,Supplier A,306,18,383,4.02,0.86
e0bacd62-86fa-b0fc-42a8-d25684523f52,2023-12-22,TX-300,FL,Supplier D,190,12,236,4.33,0.96
73837758-298e-f27d-28c8-d0b7b7f9b1ce,2021-02-01,TX-400,IL,Supplier D,208,23,275,3.82,0.61
651011a4-7dbe-5320-23b7-cdd90e43bf1f,2023-05-05,TX-200,CA,Supplier A,391,23,493,4.14,0.97
017a92e0-bea8-9dcb-3946-4f8bc9332803,2020-04-17,TX-400,IL,Supplier A,269,20,340,3.56,0.66
d9d4cae9-4f9d-ea87-df7e-cae0edf7dadf,2023-07-15,TX-400,CA,Supplier B,405,32,519,4.02,0.81
a3a5233d-0201-ef4d-0742-4494c379461f,2022-08-06,TX-500,NY,Supplier C,344,17,426,4.49,0.99
89e85a53-3b46-dda7-7f31-b2170e65d059,2020-01-31,TX-100,CA,Supplier D,207,24,269,3.17,0.66
677bb114-53ed-c49a-0f6d-05a8c49063a8,2020-10-05,TX-300,NY,Supplier E,213,15,274,2.74,0.63
b4296098-6565-fae6-3508-e2117f3a6806,2022-08-27,TX-100,FL,Supplier D,339,20,424,4.49,0.45
a733ad9d-15c4-4e24-5fd8-263a09270393,2023-05-14,TX-200,FL,Supplier A,366,25,471,4.14,0.59
0af6fc4d-272a-c383-32b5-6d6da987def2,2021-03-11,TX-300,TX,Supplier B,218,19,282,3.96,0.42
88d790bd-528d-aa2b-777b-603824a8c127,2022-09-27,TX-300,CA,Supplier E,269,13,332,4.26,0.67
d52c1235-3fc2-2993-0162-b9cb5231151b,2022-10-18,TX-200,IL,Supplier C,225,15,285,3.97,0.61
f1ba1d7c-7c73-acd6-cb1f-2ddddf2daa76,2022-01-05,TX-400,IL,Supplier A,206,17,260,3.7,0.36
108307f7-21d8-5e77-e260-7a6bbffb2037,2023-06-24,TX-200,IL,Supplier E,313,16,392,4.27,0.5
3f496808-c67a-c4ac-0968-86e6b6620441,2021-08-23,TX-500,TX,Supplier D,320,24,409,3.77,0.4
133d5987-745b-e5d5-f664-9b368687ecde,2023-08-31,TX-500,FL,Supplier E,403,20,517,4.06,0.9
008ac844-9be3-2af6-9460-dfa65627e9b4,2022-09-14,TX-100,CA,Supplier E,301,10,375,4.26,0.41
f177cf2f-69fd-5f26-e981-5d81df8af14c,2020-07-12,TX-500,TX,Supplier D,412,34,535,2.82,0.53
31bfe445-7ade-c7e6-5816-50aff897ef02,2022-08-05,TX-500,TX,Supplier C,434,25,546,4.49,0.0
8814df14-a180-f119-0d5e-30cb94070944,2020-06-21,TX-100,IL,Supplier E,330,27,420,2.68,0.66
51f580a7-7f4f-7ee7-df46-f67033ff1597,2023-08-13,TX-200,CA,Supplier B,372,23,471,4.06,0.1
087f5bc9-49ca-2086-7491-6430213e7728,2021-03-30,TX-500,TX,Supplier E,335,16,420,3.96,0.52
b8c5f2e1-e944-6cc8-e541-d4076c1ac27f,2022-09-13,TX-500,IL,Supplier B,352,29,447,4.26,0.34
2977ca5d-de31-d001-615e-f4ca56bbef41,2022-02-21,TX-100,CA,Supplier B,251,23,325,3.6,0.4
bb03be50-7c34-16a6-43d9-c84aab8ea765,2020-01-25,TX-200,CA,Supplier E,242,10,297,3.17,0.06
ed8a8c6a-f489-e5ef-f470-ca280f61f805,2023-12-27,TX-500,CA,Supplier B,240,18,304,4.33,0.74
333a568c-fc27-964f-85f4-1e961f163b8a,2021-04-07,TX-200,IL,Supplier E,250,13,310,3.68,0.06
cc487722-f160-5b9e-5663-565ebdf80bd9,2020-04-18,TX-200,TX,Supplier A,314,25,402,3.56,0.73
0950be5c-5e26-c6c5-bc06-08411b573e0e,2020-05-28,TX-200,IL,Supplier E,300,14,382,2.99,0.2
e34dd98f-635e-4d87-0a6a-fa4bf809ad69,2022-05-08,TX-500,NY,Supplier E,364,20,458,3.99,0.25
aac6b06e-3393-63e8-5b0c-9fd52dbd4608,2022-06-28,TX-300,TX,Supplier C,332,25,419,4.1,0.53
ebf84ed8-d1bc-b001-072d-5ada979c63d0,2023-10-28,TX-500,FL,Supplier E,254,19,323,4.1,0.91
26872feb-0c75-39d0-fde4-e9a434f06a5a,2022-01-15,TX-400,TX,Supplier D,234,24,303,3.7,0.35
8a4dd9b4-5408-5e6a-2df1-f7c2c177c2dc,2022-03-17,TX-500,CA,Supplier C,293,25,376,3.78,0.73
a83cc68a-a190-036d-7a65-22aaeab8cf38,2020-10-26,TX-200,FL,Supplier B,224,16,281,2.74,0.1
bd38e099-8398-4ade-a2fe-3f51892f24a9,2020-05-23,TX-100,FL,Supplier A,266,21,339,2.99,0.83
c355dd1f-fbe8-ccac-8df1-3bb5a0ab8b1b,2023-02-19,TX-300,FL,Supplier D,200,12,250,4.02,0.19
8b58654e-d064-804f-2b74-581d297760cf,2021-09-01,TX-400,CA,Supplier A,388,20,486,3.71,0.4
06ef4f42-7b33-fcfe-6c62-1bba8b12a43b,2022-05-01,TX-500,FL,Supplier E,351,16,429,3.99,0.26
590ee0cf-f912-1f16-585c-c861fdba995e,2023-09-22,TX-100,CA,Supplier D,273,20,347,4.06,0.83
1040c7db-8bc2-fc91-a1df-d92205def0ae,2021-12-31,TX-400,FL,Supplier E,209,8,260,3.84,0.25
91f4507e-3aa0-7b27-3eeb-fe3e1deb0c3d,2021-05-01,TX-500,FL,Supplier D,350,36,460,3.79,0.53
814c82fa-f2f5-028f-b83a-86bbc8364d1d,2022-06-11,TX-100,FL,Supplier C,302,20,380,4.1,0.18
c4778260-31e2-6f17-95d6-cc8d1df5fc48,2022-10-09,TX-400,IL,Supplier B,305,28,398,3.97,0.26
d8330f3e-4194-edcb-3e97-9a787a776d2c,2022-08-20,TX-500,IL,Supplier D,312,24,401,4.49,0.47
806dfa09-f2ad-2fd8-5ac5-bc4f89aa5a98,2022-05-02,TX-400,TX,Supplier B,387,31,492,3.99,0.05
383b7c33-722c-49e1-3e69-ad93da62a19a,2023-09-28,TX-400,CA,Supplier A,287,22,367,4.06,0.55
1171b1c3-33d0-f0dc-c38a-dfd8a00cd0dd,2021-06-06,TX-500,NY,Supplier E,352,16,439,3.5,0.48
e7f1fb4e-ef81-da39-07d3-195a0de14331,2021-03-01,TX-500,FL,Supplier E,282,20,363,3.96,0.3
52ca99a8-b7eb-00a1-a2a4-404ea84087ef,2021-08-09,TX-400,NY,Supplier C,348,21,440,3.77,0.68
bba329b1-d395-a5b3-1a33-cc9213c50665,2022-09-03,TX-100,TX,Supplier A,295,18,368,4.26,0.95
351974fc-b72a-da55-687e-95cfb178f07e,2022-12-01,TX-400,FL,Supplier D,245,17,308,4.43,0.07
8887448b-a381-9dd6-be0d-d07528252bf7,2020-06-09,TX-200,CA,Supplier B,339,28,438,2.68,0.69
3121703b-a2bb-e7d5-73b1-ef0020a0d1f1,2023-02-03,TX-100,CA,Supplier E,225,5,275,4.02,0.21
178e834c-0977-9894-0500-c42f6b00525e,2021-04-03,TX-200,NY,Supplier E,288,17,361,3.68,0.49
b4f92ce4-b232-2f36-6427-560e49ca4d27,2020-02-11,TX-200,CA,Supplier E,237,15,302,2.91,0.7
477c7a37-ad42-5fb0-2185-06c5561e699c,2022-04-01,TX-100,FL,Supplier E,293,13,361,3.88,0.02
4344faa7-36cf-b5c1-847e-cfcbe2259ce3,2022-07-25,TX-100,IL,Supplier D,308,29,397,4.71,0.34
8868cfba-b2f3-3c96-53ab-1f63f0a59f1b,2020-04-11,TX-100,NY,Supplier E,232,12,288,3.56,0.9
b8385649-6243-a387-745a-cc3e38713d5e,2023-09-14,TX-200,FL,Supplier C,346,29,447,4.06,0.97
23baa4e8-ec77-d266-b46f-a88badd5e321,2022-02-17,TX-500,IL,Supplier C,242,27,316,3.6,0.87
ff17e7fd-6b2b-4172-c1b9-34574e2a5654,2020-07-09,TX-300,NY,Supplier A,264,24,344,2.82,0.83
c27fcb99-b502-3989-9862-b51fb12aa338,2020-02-14,TX-200,FL,Supplier A,251,22,324,2.91,0.3
98c09fad-2efa-5ec4-906f-9def6b4f4397,2023-02-01,TX-300,NY,Supplier B,215,18,275,4.02,0.37
bf85f435-20b2-2d21-4ab9-2571b2a74426,2022-08-01,TX-100,IL,Supplier B,319,32,417,4.49,0.21
1c275aad-7d53-25cb-52c1-8698ec95293e,2022-04-27,TX-300,FL,Supplier B,311,28,405,3.88,0.2
ce513e3d-2297-ccfc-867b-b8e8c8f0d1ef,2020-01-19,TX-300,FL,Supplier D,183,14,233,3.17,0.03
2e5d5e4e-e521-60c9-9d62-0ca0fca9cbad,2021-08-15,TX-400,CA,Supplier E,408,27,516,3.77,0.05
83a0af69-4bd1-e6a8-af97-349aa5bc07fb,2022-03-24,TX-200,FL,Supplier D,259,21,337,3.78,0.57
acf626fb-8e21-126a-304d-256d75916ae5,2023-11-26,TX-400,NY,Supplier A,180,7,223,4.32,0.51
1d324412-1867-1e16-fc82-0c8e521251dc,2021-10-29,TX-200,NY,Supplier A,210,9,261,3.51,0.1
c4cbde91-fd7d-7143-370c-71edc3214868,2020-08-05,TX-200,TX,Supplier E,356,28,452,2.82,0.15
b9a3cd5c-84b6-8e58-188a-cbe3db5ee257,2022-07-22,TX-500,FL,Supplier A,332,24,422,4.71,0.47
4c1a8623-037e-4be8-1c1b-67f0509a25f4,2021-05-25,TX-100,NY,Supplier D,300,14,367,3.79,0.08
ba967919-e6f7-5584-6456-87aa852a6215,2020-04-03,TX-400,CA,Supplier D,346,30,443,3.56,0.57
83b7b700-d8d4-07fa-96e4-f5c2a81589cc,2020-11-18,TX-100,CA,Supplier D,246,21,318,3.1,0.36
7ae869d2-896c-216e-6370-4b4d6276076f,2021-08-01,TX-400,CA,Supplier B,359,28,458,3.77,0.56
5e372ad6-5db6-5b66-bb25-b48e2e6935d4,2023-10-28,TX-200,IL,Supplier B,231,18,290,4.1,0.91
d4690e5c-c251-27b5-7d31-3c15afe8e998,2020-06-06,TX-500,NY,Supplier A,299,26,387,2.68,0.68
87e75e1d-c047-7934-eaf8-b5be636d5a39,2020-02-02,TX-300,CA,Supplier A,260,19,332,2.91,0.81
a061690e-ef2e-c2ee-9fb3-ce12ba927397,2022-06-20,TX-300,NY,Supplier D,268,28,351,4.1,0.25
f1f6aaca-026c-6632-6488-4612b292a4a2,2020-06-18,TX-500,NY,Supplier A,362,23,459,2.68,0.4
c7f60add-e2ef-1e44-c7f3-cf0befd5eb8d,2020-05-17,TX-500,CA,Supplier A,378,21,476,2.99,0.09
f26ee7c0-6418-bb08-40d8-c543cdd5c61c,2021-12-19,TX-500,FL,Supplier B,265,25,340,3.84,0.11
9eea2353-3eaa-b3c2-d734-0e2f06fd8e25,2023-07-26,TX-300,IL,Supplier E,320,16,399,4.02,0.28
295f2f6a-7b9c-08ae-e95e-17470aaf4300,2023-09-11,TX-200,FL,Supplier D,313,26,403,4.06,0.4
6add76e6-4191-3f61-fa19-756cbb6bef18,2021-12-28,TX-200,CA,Supplier A,200,17,260,3.84,0.16
ee9e63f6-c79b-0de3-32d3-154248560e35,2021-03-10,TX-500,CA,Supplier A,280,12,348,3.96,0.04
5b0f31f7-fbc2-822e-f10a-740211f993da,2023-09-12,TX-300,CA,Supplier A,347,23,437,4.06,0.45
d87d5f07-4408-7b3d-3406-a0baae8844ae,2021-02-27,TX-300,FL,Supplier E,219,12,272,3.82,0.13
18cd401b-b65b-091c-a2fc-001b8dddb997,2020-01-22,TX-500,IL,Supplier B,188,12,235,3.17,0.41
9b19cdc2-0489-6a86-e9c2-871b0de1e038,2020-09-04,TX-100,NY,Supplier B,226,16,291,2.91,0.8
6970fb58-0c3f-2d60-9326-d8e46dd9df4c,2020-05-10,TX-500,IL,Supplier A,369,16,469,2.99,0.89
aaf4208c-4668-57b2-87de-4856b88a462a,2020-07-29,TX-500,TX,Supplier D,334,33,437,2.82,0.15
cb9fceab-2719-bc94-c12f-c0a8c7ef6a2a,2023-06-26,TX-300,TX,Supplier C,342,24,427,4.27,0.01
d034920a-3c74-036f-c9f9-c893557b0170,2022-04-03,TX-400,IL,Supplier E,264,20,337,3.88,0.38
f472ad13-d9d0-3ed8-01da-9c5af007afc3,2023-01-19,TX-400,NY,Supplier C,217,17,274,4.33,0.15
f5bef131-437a-4036-cdcd-13d1339887b2,2022-12-24,TX-200,NY,Supplier D,196,13,246,4.43,0.05
0c99117f-b1f4-f666-6130-8ca09bea0cb4,2020-03-26,TX-100,FL,Supplier E,245,13,304,3.22,0.02
adcae72d-d9b8-04b0-1ffb-08bf1ef3790b,2023-12-17,TX-200,CA,Supplier E,267,15,328,4.33,0.86
526a361a-00e2-702e-16e2-bdb8d4ba72b4,2020-09-15,TX-400,CA,Supplier B,351,28,455,2.91,0.27
2585cd37-b61d-db4e-190c-9c4fb7bfb28d,2023-07-02,TX-400,FL,Supplier A,396,25,495,4.02,0.27
af9e6f5f-2b3e-1b4a-9563-7b69b13325ac,2021-06-11,TX-100,TX,Supplier D,375,31,491,3.5,0.59
df141778-4997-1847-bca5-aca877adfafc,2022-07-22,TX-200,IL,Supplier C,351,28,448,4.71,0.47
4841d44d-50ea-1838-d6f6-b688887fe684,2022-05-26,TX-100,CA,Supplier D,352,26,446,3.99,0.16
8c172483-5e2d-f954-671e-d04410a61186,2020-06-26,TX-300,NY,Supplier C,253,19,321,2.68,0.56
8ba67f77-b4f0-6d28-24b4-eda60f0dce21,2020-02-15,TX-300,CA,Supplier B,271,27,355,2.91,0.63
1f1acc1c-2979-838d-92bb-73a8c133ba97,2022-04-19,TX-400,NY,Supplier A,273,23,347,3.88,0.68
88e64ca4-a721-a737-be52-cc705c868811,2022-03-27,TX-500,IL,Supplier E,324,16,409,3.78,0.87
851054c5-ecc6-1230-42c9-e74b9680b19c,2020-02-02,TX-500,NY,Supplier D,217,15,277,2.91,0.81
e80da7f1-0712-4155-e5fd-94420e526225,2022-01-02,TX-300,CA,Supplier D,243,23,317,3.7,0.45
f458f57a-2eb4-e653-cc19-82ecca5b14a5,2023-12-20,TX-200,CA,Supplier C,251,14,320,4.33,0.66
f2f49971-1899-b805-2ebb-ebb9f8c457bf,2021-11-21,TX-300,NY,Supplier B,186,20,243,3.9,0.0
346565b5-e13e-8d70-1a3f-96109106dfae,2021-03-19,TX-300,TX,Supplier D,289,28,372,3.96,0.32
b8861a34-575b-64db-a848-d0c5a67b6ed2,2020-01-15,TX-200,CA,Supplier B,224,26,296,3.17,0.63
b0a56079-ca4e-7708-9462-174a05cefe54,2021-04-13,TX-400,FL,Supplier A,324,22,415,3.68,0.01
ece690b3-ea7f-3807-6066-404073eb4386,2021-12-28,TX-100,NY,Supplier C,164,5,200,3.84,0.16
6aaa4431-f5a2-5e1d-a411-0b61b07aafbc,2023-07-19,TX-300,TX,Supplier E,335,21,419,4.02,0.61
c7e7c521-7b98-8b24-1bce-0ca05389f113,2023-12-12,TX-500,NY,Supplier C,225,24,296,4.33,0.82
af1c689c-26b3-4e80-4dbe-6fe92fc488ee,2020-09-01,TX-400,NY,Supplier A,264,21,331,2.91,0.84
35b37621-eb1b-d91f-986f-c0f8ff44018e,2023-08-01,TX-200,NY,Supplier C,336,27,435,4.06,0.69
8ec86161-868e-3988-d461-09ce796fff6a,2021-12-11,TX-500,CA,Supplier A,219,20,279,3.84,0.71
001af07d-1864-eab7-ff22-8279a38bcdac,2022-04-08,TX-200,NY,Supplier A,222,16,281,3.88,0.61
de592253-0ccb-3af8-aa6a-994b28f3211c,2023-02-23,TX-500,IL,Supplier D,280,20,358,4.02,0.73
e3ed2bc9-cf2d-a783-527e-9325977d834a,2020-01-31,TX-200,TX,Supplier D,245,18,315,3.17,0.66
b26b1fc6-8978-45e9-9460-55c8a8538393,2020-03-29,TX-200,NY,Supplier B,230,17,293,3.22,0.78
38f823ad-4fdf-2733-8faf-8c706722b8f9,2021-03-30,TX-100,CA,Supplier D,312,23,402,3.96,0.52
f407243b-43cc-0eca-5bb2-365942c1cc93,2020-07-13,TX-200,TX,Supplier E,334,14,407,2.82,0.61
696b2a3a-722c-e7ed-3bf4-6c1e05e2619d,2020-05-18,TX-100,NY,Supplier E,233,10,290,2.99,0.75
cb2b1e65-6a81-866e-9086-850e960ed11f,2023-06-24,TX-500,FL,Supplier C,437,24,548,4.27,0.5
f87d0b7a-14ef-3409-b09a-486091f0ec4c,2020-05-01,TX-500,TX,Supplier D,311,20,394,2.99,0.52
3437a1cd-41f3-70ca-93a1-9ddf1bf49eb4,2023-02-08,TX-100,FL,Supplier E,218,21,283,4.02,0.18
06fee13e-7c2e-8a2f-7992-cfe7a199fe51,2020-03-30,TX-400,NY,Supplier B,268,18,340,3.22,0.08
8f9a54ac-29cf-fd3c-4694-528bad9dd65d,2020-07-05,TX-300,CA,Supplier D,335,44,442,2.82,0.47
54de2215-f0c5-255d-d220-7c057a052219,2020-09-03,TX-100,NY,Supplier C,233,8,292,2.91,0.98
c771b45f-9e93-f2d7-a02c-2d5ae5a41fbf,2020-01-31,TX-500,FL,Supplier B,205,31,279,3.17,0.66
82723657-d142-75fb-27fa-4927050d44f4,2022-02-22,TX-100,CA,Supplier C,254,25,327,3.6,0.68
ac602b29-8fa3-5ab9-78fd-216b80c553b9,2021-10-12,TX-100,IL,Supplier A,223,25,296,3.51,0.24
72979c12-dc02-3479-bb96-6d7dc4fab3b4,2022-07-02,TX-300,NY,Supplier D,284,33,375,4.71,0.13
3e011db5-9b72-4d66-bbfa-3939a112921d,2023-09-02,TX-300,FL,Supplier E,294,15,369,4.06,0.94
4de7bbf6-1625-b77e-8210-c0e1284e8d11,2020-06-11,TX-400,IL,Supplier B,321,19,407,2.68,0.2
22127ce0-b3c9-afa7-5f02-468dcf1e1b3e,2020-09-09,TX-100,CA,Supplier A,328,21,412,2.91,0.54
27898411-3659-3605-b57c-542f5682d6b1,2021-10-15,TX-400,TX,Supplier A,318,23,404,3.51,0.87
521c2f05-84f7-68a3-62a8-055355e52389,2023-10-02,TX-100,CA,Supplier D,269,13,338,4.1,0.7
23bbb984-6773-498d-98c3-256a335de68b,2020-04-07,TX-300,IL,Supplier B,284,19,356,3.56,0.52
bd4c3d6c-dd8d-02b0-6b79-05e38c524dd2,2023-10-28,TX-300,FL,Supplier B,235,19,306,4.1,0.91
a7d09564-6380-4426-73bf-d1a614bf45e4,2020-04-12,TX-200,CA,Supplier D,299,19,376,3.56,0.14
a57621a1-1e34-fac8-1909-1d14a94031df,2020-01-06,TX-500,IL,Supplier C,188,10,235,3.17,0.78
9ed6f993-afbe-c471-4016-a240c14d1dc1,2022-03-22,TX-300,NY,Supplier A,202,7,248,3.78,0.73
8c6e33a3-9053-dc5d-98b2-007733055dcd,2023-07-08,TX-400,TX,Supplier A,340,22,430,4.02,0.96
2c75113a-7632-ae74-7056-8b54040d44e1,2021-04-26,TX-200,CA,Supplier B,312,22,397,3.68,0.71
cadc6274-7b34-2a7c-5021-40cf2a7f58ab,2022-06-04,TX-100,FL,Supplier D,289,25,372,4.1,0.21
c5649822-35e1-5f3d-90df-d91d0418f44e,2021-09-08,TX-400,TX,Supplier C,364,32,477,3.71,0.81
79e25c40-8a1d-5166-07d9-37c3956e3623,2020-05-16,TX-100,TX,Supplier E,343,29,438,2.99,0.37
fa3cd55a-119e-42b9-c47e-9e4b7f3298eb,2021-04-07,TX-500,NY,Supplier C,297,32,392,3.68,0.06
128c6f32-c640-cd4c-896b-d199691fa767,2021-08-13,TX-100,NY,Supplier A,282,24,364,3.77,0.74
e35fd777-b9ff-3597-def7-f9b2393cb35b,2023-04-21,TX-200,TX,Supplier C,371,29,481,3.94,0.75
1337d793-d25b-63e4-f507-5ec326193d99,2022-10-17,TX-500,CA,Supplier B,340,17,425,3.97,0.88
8ee373e8-4125-7571-b1a1-f7cd47b55cad,2020-04-05,TX-500,NY,Supplier A,239,17,303,3.56,0.27
2ab6b0ba-431c-ec47-92fd-e0c8cc6310c0,2022-04-17,TX-500,TX,Supplier A,342,18,427,3.88,0.13
8debd6ca-37eb-0d6c-af58-7471ea62b6df,2020-09-29,TX-100,TX,Supplier B,271,15,343,2.91,0.33
56f20245-cd07-4832-4ee1-272804546736,2023-12-10,TX-400,NY,Supplier A,214,21,278,4.33,0.48
3a07bc86-df58-f34e-31a3-3205bb945598,2021-07-11,TX-400,TX,Supplier D,427,46,553,3.79,0.11
cc45c746-e4ba-4c1b-4ae6-1f8680eeb2af,2023-06-21,TX-100,NY,Supplier D,333,31,425,4.27,0.03
b40252c8-9d69-506f-5e13-da424abfe2d2,2021-05-10,TX-200,CA,Supplier C,354,26,451,3.79,0.45
c166dadb-c551-942e-4d53-dec0a285bd62,2021-04-17,TX-500,CA,Supplier A,334,21,417,3.68,0.15
d606e088-1790-58a0-1b9c-bdf2300181a7,2021-08-02,TX-100,FL,Supplier B,274,23,350,3.77,0.8
2f1d0e52-3aac-ecff-6fcb-a23f5de70b4c,2020-07-04,TX-300,FL,Supplier D,304,14,378,2.82,0.8
bf79ff02-febd-0b24-91cd-672d5322fe7f,2022-03-06,TX-500,NY,Supplier A,239,21,308,3.78,0.89
2e5edec7-f805-1c21-f8a4-f0eede7a2482,2023-08-04,TX-300,TX,Supplier E,369,20,473,4.06,0.38
5a6d1644-35e8-26c7-9165-9dd02d004fc6,2020-08-19,TX-400,IL,Supplier C,355,35,455,2.82,0.18
fbcb1cd5-dfb1-cd80-78a3-5bf77d1a8091,2020-09-06,TX-200,TX,Supplier B,287,24,371,2.91,0.64
e172943a-c23c-63fe-e9ff-18a9ee125ca8,2023-11-21,TX-500,FL,Supplier C,267,26,346,4.32,0.94
8d83848b-b7a9-ffdb-b161-bb06c3c0a167,2023-03-01,TX-100,FL,Supplier E,266,20,339,3.74,0.05
7f3c8314-2693-b07f-709f-daf5aad17e63,2021-01-17,TX-200,FL,Supplier A,197,15,249,3.45,0.7
ac77d354-59d9-1d2a-7821-d03256abee4f,2021-02-01,TX-300,NY,Supplier C,208,14,267,3.82,0.61
bd0d5b0f-150d-779b-5bb0-f40ac04eedc6,2020-09-10,TX-400,CA,Supplier D,302,23,387,2.91,0.51
0890e8d5-0846-8193-43ab-b0cc3b6fdd00,2020-04-02,TX-200,TX,Supplier A,246,18,316,3.56,0.94
a85f4fca-8c7e-d610-aa49-76c00b194ca3,2023-10-05,TX-400,CA,Supplier C,317,18,391,4.1,0.39
1af85181-a82a-9a4f-4f38-7c96546ab05b,2020-08-19,TX-300,TX,Supplier D,279,20,359,2.82,0.18
3cf0b049-0132-82aa-7f3f-6239d3075163,2023-04-23,TX-300,IL,Supplier E,326,10,393,3.94,0.53
5d3fd947-b4c3-0ca4-1eb0-8546ddb9ce6f,2023-04-22,TX-200,TX,Supplier D,309,27,398,3.94,0.82
a169d841-c4eb-88db-fa64-08cd25df699f,2020-08-15,TX-100,TX,Supplier D,291,33,375,2.82,0.5
5507d82e-8023-21f9-a57d-d3756b5bc8c0,2022-07-30,TX-100,CA,Supplier C,349,31,457,4.71,0.75
e3dbeab1-596b-90fa-e058-2bb4c8fea23e,2023-10-07,TX-200,TX,Supplier D,251,19,317,4.1,0.39
4573d93e-e8f6-3773-d2f5-89c6c5983649,2022-06-19,TX-100,FL,Supplier D,364,29,465,4.1,0.53
fc6e7312-3562-3a21-56d8-a92477c9a2c9,2020-05-31,TX-400,TX,Supplier C,332,29,429,2.99,0.97
424edb90-1e16-de00-c61c-01daa4a5002a,2021-09-16,TX-500,CA,Supplier A,368,21,463,3.71,0.6
0c7e00b9-67de-0ae3-922b-c57683627539,2021-09-16,TX-300,NY,Supplier B,261,15,328,3.71,0.6
03405b9e-cd62-2518-c53a-bdba2a8e20bb,2022-05-28,TX-400,IL,Supplier A,334,18,420,3.99,0.58
2c5da142-0718-4be6-a08c-634bbd2b4dbb,2021-02-11,TX-500,NY,Supplier B,241,25,314,3.82,0.46
6fac469b-5958-6e0d-e94a-8db16cb54191,2022-10-20,TX-300,TX,Supplier E,268,16,335,3.97,0.94
92c281e5-3b21-4702-ea43-6954b125ee88,2021-09-15,TX-300,NY,Supplier A,260,19,328,3.71,0.7
cfafe764-4ceb-393f-d74c-93f141adaa0c,2023-04-02,TX-400,TX,Supplier B,329,25,420,3.94,0.42
e0bd9d7a-a8b1-e752-319c-a0bda1160573,2023-08-16,TX-200,TX,Supplier E,353,16,438,4.06,0.81
9568e15e-5ae7-23df-64a3-66f6dfaaf94d,2020-07-03,TX-400,TX,Supplier E,408,18,515,2.82,0.93
01007cc1-224a-dc0d-460d-b13a3d3475cc,2023-12-15,TX-400,TX,Supplier D,247,25,320,4.33,0.43
9e3a2d13-b072-9341-2e6f-7bc7eaf60841,2020-12-14,TX-300,FL,Supplier B,211,19,273,3.4,0.46
f434b5a3-3ba3-91bd-36b1-710552a6500b,2023-11-17,TX-200,FL,Supplier E,212,12,272,4.32,0.43
cb9ece49-7ffb-c879-1be1-bfbddc883ee9,2021-02-10,TX-200,NY,Supplier D,216,16,277,3.82,0.98
fd2cc74d-84a7-030b-313c-ceb00aa4abb6,2023-11-08,TX-300,FL,Supplier B,261,16,325,4.32,0.44
c6d807da-5bb2-750f-a27a-46ec4cb0889a,2023-05-21,TX-200,IL,Supplier E,316,12,395,4.14,0.39
911c3ad1-1731-9bdb-be5c-ce55ebe4ce6c,2022-07-31,TX-300,NY,Supplier B,283,20,357,4.71,0.79
7ba4297a-dee6-e0ed-2653-2ed4352b5d90,2020-08-20,TX-300,CA,Supplier E,359,26,457,2.82,0.24
4d1ec5f2-7d5a-27ad-b28f-f0671277aac3,2022-09-24,TX-500,TX,Supplier C,346,22,445,4.26,0.78
45e9ec87-47c3-8395-87ed-8b385a35e2c5,2022-03-16,TX-300,CA,Supplier B,267,25,341,3.78,0.47
6af48b6e-0206-fb77-d2e8-20eef560d572,2023-04-14,TX-100,IL,Supplier A,284,12,352,3.94,0.93
68e9f748-ca5b-6e3c-c13d-abeb1928eb74,2023-11-30,TX-400,FL,Supplier A,245,18,308,4.32,0.48
484213d4-821a-601f-1b34-ffce70fbcab8,2023-08-27,TX-200,NY,Supplier D,298,20,380,4.06,0.96
2f9571dd-cfd1-302e-671e-3091876071e2,2023-02-09,TX-200,IL,Supplier C,235,15,294,4.02,0.82
975b20af-c7fd-62a1-cd3e-18a5659e9a16,2022-05-05,TX-100,CA,Supplier A,351,28,454,3.99,0.65
19ca1db6-4bbf-a988-5f5a-31131989aff7,2021-07-12,TX-100,CA,Supplier B,351,26,452,3.79,0.73
29ccdff0-9a3d-3a0b-d60c-61dfa2fece8d,2023-08-15,TX-500,NY,Supplier A,327,26,416,4.06,0.4
0ff0b61b-90c3-c8f9-ce9a-b28025e5aee9,2020-08-24,TX-100,IL,Supplier A,289,18,360,2.82,0.05
bb58a896-9351-38e8-1e2d-b393afc44815,2021-07-03,TX-400,NY,Supplier E,330,23,420,3.79,0.62
553ec3cf-83ad-3f8f-08af-a68b64c7b311,2022-12-07,TX-100,TX,Supplier D,205,18,266,4.43,0.11
4f9b6e40-af29-69e2-0acf-b71ea5d8da69,2023-05-02,TX-100,IL,Supplier B,246,17,316,4.14,0.98
48a75122-edad-36f0-05b4-2db45114721d,2022-05-27,TX-100,TX,Supplier B,330,27,416,3.99,0.85
244f2e1b-ca91-a83a-0a91-c354c7528706,2022-01-28,TX-500,TX,Supplier A,284,32,369,3.7,0.51
940084e1-c99c-288e-1e59-c0c43ec702ff,2023-03-19,TX-300,NY,Supplier B,213,16,272,3.74,0.65
6b77bb6f-6214-7ae0-bce9-a4a5ae9186e6,2021-04-22,TX-200,FL,Supplier A,276,23,353,3.68,1.0
5940ea9d-f90b-bb90-6812-f7dda7c3b0c4,2022-11-30,TX-200,TX,Supplier A,235,16,298,4.13,0.98
4464bc16-30e7-f7e6-9c18-eddc9366357d,2022-01-31,TX-300,TX,Supplier B,247,21,314,3.7,0.02
06c5b5bb-5d8b-c2b2-b897-2d352060b4c6,2023-04-01,TX-100,CA,Supplier A,307,20,391,3.94,0.21
9864c1e9-0f9c-d2b4-75a8-3f73d891318a,2021-10-24,TX-300,FL,Supplier C,234,22,301,3.51,0.81
b7263b9b-a457-9152-4e95-4c241453b2d2,2023-02-09,TX-300,FL,Supplier A,228,20,290,4.02,0.82
77b2c16c-4934-9163-2a15-5c9cef5fe5c9,2021-10-06,TX-100,TX,Supplier A,293,19,374,3.51,0.91
dc82bfb1-82b5-d5b3-aef2-09a209671724,2020-08-17,TX-100,NY,Supplier D,297,21,383,2.82,0.85
cafdfc3e-eb97-053c-695c-04761344fdea,2021-06-30,TX-300,IL,Supplier B,334,22,423,3.5,0.7
80ceb236-888c-0099-9953-1be64bb3c08d,2022-11-10,TX-500,NY,Supplier D,252,23,325,4.13,0.59
7f9f7e20-1c33-9b82-22e4-428eca6d22b5,2023-01-20,TX-500,IL,Supplier B,214,15,276,4.33,0.86
2ba06bbb-2f8b-60c2-18f4-17bfa8c6f070,2022-09-13,TX-100,NY,Supplier B,273,16,346,4.26,0.34
ef86967f-9467-40df-c2fc-d9e2a00f47c1,2022-01-26,TX-100,TX,Supplier A,233,7,283,3.7,0.69
8dbfb735-550a-64a4-8007-2e3cd75073a9,2021-03-07,TX-200,CA,Supplier C,290,23,368,3.96,0.22
41eb6cc3-f2f4-9906-240c-47ea00b507dd,2020-02-21,TX-500,CA,Supplier C,303,27,389,2.91,0.7
e794f276-c24b-94a6-102a-395c2c0641ca,2022-06-21,TX-200,TX,Supplier B,391,25,496,4.1,0.24
bda4519d-31d3-9282-18c8-a77c7c9e659c,2023-08-26,TX-300,CA,Supplier A,337,25,430,4.06,0.99
5c4bc486-c248-6347-76b5-2604c48dd549,2021-05-13,TX-400,IL,Supplier C,343,31,434,3.79,0.76
02a3d050-3147-f9bd-4d57-f73a99bb040b,2020-11-29,TX-200,FL,Supplier D,220,16,279,3.1,0.48
fdb107d4-7cc2-e4e9-78c9-93953dd07104,2021-09-05,TX-500,NY,Supplier A,328,23,422,3.71,0.08
7e571817-1674-b6a8-e911-2321f41eb402,2021-01-23,TX-400,TX,Supplier B,235,18,305,3.45,0.75
f1eefb4a-1918-7293-ca56-30f8b13aecb7,2022-03-02,TX-500,IL,Supplier A,270,16,341,3.78,0.8
b8f78e5c-984d-2a93-2431-0410d0ec4c16,2022-08-06,TX-200,TX,Supplier B,315,31,414,4.49,0.99
4f57711e-05ab-3674-c725-2912b961d21d,2020-10-10,TX-200,NY,Supplier D,238,17,301,2.74,0.86
1706b323-8947-d08d-dc60-a9c28cc266dd,2022-09-22,TX-400,TX,Supplier B,332,23,419,4.26,0.33
4e8e30c8-b547-9c2b-047c-81f45b5e24b9,2020-07-31,TX-200,FL,Supplier B,296,28,386,2.82,0.31
305c39e2-3f2d-fbc9-a2fd-2d7c2b7ef6fb,2022-03-30,TX-400,CA,Supplier D,358,33,467,3.78,0.2
908f3e35-473e-0d82-98ba-29b0100dcf68,2021-08-08,TX-200,TX,Supplier D,387,28,502,3.77,0.11
f9a8ed16-81f5-e14d-6a9c-bfa71dda0b26,2021-05-26,TX-200,FL,Supplier D,351,32,454,3.79,0.24
d1d05adc-548c-37d6-1c93-63726ac6ea8d,2022-05-21,TX-400,NY,Supplier E,328,28,417,3.99,0.85
52794a72-88b6-bfcf-b7de-2ed47f415d95,2021-04-27,TX-300,NY,Supplier A,281,24,359,3.68,0.39
df0691c6-64af-f9d0-df6e-4857d398455f,2022-07-08,TX-400,CA,Supplier A,419,26,529,4.71,0.21
24d17a0e-9eb1-0582-54f4-79449cbecb49,2022-09-09,TX-100,IL,Supplier C,299,21,380,4.26,0.51
4d6d5b40-a8e3-976e-9381-27a2c392858c,2022-02-26,TX-500,FL,Supplier D,279,18,357,3.6,0.98
5c3699b2-44f3-e4b9-80a3-8601c13ca1c9,2020-08-10,TX-500,FL,Supplier E,389,17,492,2.82,0.05
9de5318c-d64d-bb55-b7e6-e4befc574276,2021-03-02,TX-300,CA,Supplier E,256,13,319,3.96,0.43
629378c9-439a-7e30-9029-d86bdcc6b947,2021-06-02,TX-500,NY,Supplier D,321,27,413,3.5,0.37
3cad57bb-6941-3d93-667a-ecb7db71dc97,2023-01-13,TX-500,CA,Supplier B,247,20,320,4.33,0.44
327e4412-810a-979b-67b6-32febb658e5c,2022-01-19,TX-500,FL,Supplier C,237,24,308,3.7,0.71
e98d444f-c3e1-2b69-93e7-aca0c0fd8975,2021-02-04,TX-100,TX,Supplier C,224,18,286,3.82,0.04
2e3e73b3-f317-75bb-fa19-73b95ef112df,2023-09-21,TX-500,TX,Supplier D,376,30,482,4.06,0.71
3cf87ff3-48f4-d188-8267-008287825eb9,2021-11-24,TX-300,CA,Supplier D,253,19,322,3.9,0.0
72aff556-bb6f-6575-a483-c58ae6b8dc8e,2023-11-25,TX-400,IL,Supplier A,193,17,247,4.32,0.52
22212796-1708-c2ff-8cdd-5f46d839b153,2020-01-18,TX-500,CA,Supplier B,267,19,333,3.17,0.3
c2b1e643-947c-5e95-dd6c-d686b9fc8602,2023-09-14,TX-100,FL,Supplier E,324,30,422,4.06,0.97
46417e30-e277-af54-df60-1fc05c73620a,2020-10-11,TX-100,IL,Supplier C,207,8,256,2.74,0.13
5d5b08c9-6b22-ca94-b48e-c170503e3c16,2022-03-06,TX-400,TX,Supplier A,237,17,295,3.78,0.89
50519da5-adee-71b0-1b7b-2b1f1fb1ff1a,2023-03-14,TX-100,IL,Supplier D,260,27,337,3.74,0.68
91014060-4f5d-94af-abef-4711ce31a512,2022-12-01,TX-400,TX,Supplier D,233,18,300,4.43,0.07
656ab54a-cfc9-586c-52dc-28d4a1346d2a,2023-05-15,TX-400,FL,Supplier E,353,4,423,4.14,0.36
7f3ae980-c06d-fb8f-31a5-75c6d8643ca3,2023-09-06,TX-400,TX,Supplier C,353,26,456,4.06,0.83
aa426226-f19c-16ff-32d8-0d7c2e5063e5,2020-03-26,TX-100,NY,Supplier D,228,25,299,3.22,0.02
6a0f406f-e973-2b5e-a462-f1e555abadd3,2020-08-16,TX-400,IL,Supplier A,283,12,356,2.82,0.88
e024bf19-aca5-a9a7-f464-0a15397e7ab2,2020-03-26,TX-300,CA,Supplier B,315,29,402,3.22,0.02
414d216d-f341-ef61-5330-7b1921de9ff1,2022-10-11,TX-200,FL,Supplier A,296,18,378,3.97,0.32
1f4fe4b2-2bdf-0f6e-7a5f-8ca5cc935eab,2021-07-21,TX-400,CA,Supplier C,334,31,427,3.79,0.35
6a961cfc-3f0f-1ec0-680d-36caa6dc3244,2022-09-09,TX-300,TX,Supplier D,294,24,377,4.26,0.51
2924ef23-f2b0-7897-6317-76f0a4f069c7,2021-11-28,TX-300,NY,Supplier E,192,9,241,3.9,0.43
87cacc78-effb-a5a5-f222-39e99a101669,2021-02-02,TX-300,NY,Supplier A,203,18,262,3.82,0.05
18384c3c-76f8-91dc-2ed5-031fbef6d20c,2020-06-28,TX-100,NY,Supplier C,311,29,402,2.68,0.11
75cf48fa-186c-8a7d-ec96-a7f7ec2532c0,2020-07-27,TX-500,FL,Supplier C,354,41,464,2.82,0.07
6ec8906c-df2b-1a61-1e6a-7d04ca61f4cb,2023-12-10,TX-400,FL,Supplier C,241,16,306,4.33,0.48
d394aef4-9d09-7e3a-a1fb-799d44832432,2023-01-07,TX-300,IL,Supplier D,206,11,260,4.33,0.1
c46a4bb1-7552-56d9-712b-4cd22fced289,2020-09-25,TX-500,CA,Supplier A,311,24,399,2.91,0.3
f8eb9bbe-b47c-a41a-c1e4-c3d92ff5de14,2021-02-18,TX-500,TX,Supplier A,264,15,336,3.82,0.58
32e89d9e-7af6-7006-0402-021cd8b8df71,2020-04-26,TX-200,IL,Supplier C,318,22,401,3.56,0.83
f0e6ceac-240c-7437-f80e-bd9c909fb251,2022-01-09,TX-300,FL,Supplier A,223,19,283,3.7,0.6
a4fa5c0b-82f1-c311-ec96-a74a56104489,2022-03-03,TX-300,TX,Supplier D,282,38,372,3.78,0.52
405cc58e-ad1e-58d2-f25a-703abc7ebbf8,2020-10-03,TX-300,NY,Supplier A,246,13,311,2.74,0.8
f08d3da8-84d9-8def-4529-0856984e590f,2020-04-10,TX-200,IL,Supplier B,235,13,295,3.56,0.83
86b1f044-e23a-4286-1961-920c81e34803,2022-08-25,TX-500,NY,Supplier E,368,17,459,4.49,0.85
8c9b7bb3-70f1-14ff-6109-1bfaa87d4c1d,2023-06-27,TX-300,TX,Supplier E,414,21,524,4.27,0.79
77bc7fc2-38cb-b024-2b14-2b5f9e0752d6,2020-04-20,TX-300,IL,Supplier E,280,16,350,3.56,0.11
dc6b483b-b1d2-f8b1-7a2a-6f07ef418d7b,2023-01-21,TX-200,TX,Supplier E,203,14,260,4.33,0.82
a1d918f0-9451-3324-e8a5-81f7b6c8ae2a,2022-07-23,TX-200,FL,Supplier D,322,23,399,4.71,0.15
9d121afa-91dd-d6bb-ed71-cc95458813a0,2023-11-14,TX-400,CA,Supplier E,309,22,386,4.32,0.32
f0f1bfd9-82b1-1960-9b7b-35086b176d19,2023-12-09,TX-500,FL,Supplier D,232,22,299,4.33,0.9
04489432-5691-0355-211e-1d6dde68e0d0,2021-06-04,TX-400,IL,Supplier B,284,18,359,3.5,0.34
c1dd7067-fe6a-3d01-c93b-14b79ec3b99c,2022-02-18,TX-500,TX,Supplier A,305,14,382,3.6,0.25
81c396e4-c9b1-96bc-fb98-2fe9a84530b5,2022-04-27,TX-400,IL,Supplier A,343,24,430,3.88,0.2
cb4163ea-c26b-d2a9-4ce8-cdc4d677788f,2022-02-08,TX-400,FL,Supplier C,207,14,263,3.6,0.27
8be6d306-aeb5-da0e-1420-381b91d6a3ea,2020-10-14,TX-300,IL,Supplier B,212,9,266,2.74,0.73
64e5b81b-501b-28a6-26d7-db28b82d5602,2021-01-25,TX-300,CA,Supplier D,250,14,311,3.45,0.85
f538da06-067d-d940-3b0d-9b9c6267e5dc,2023-10-19,TX-300,IL,Supplier C,239,14,304,4.1,0.52
99cac3c0-ca81-c657-44f5-6a26717af144,2021-02-13,TX-500,CA,Supplier C,257,26,337,3.82,0.64
a6855c11-cdc4-e1c7-8b09-ae22dfa3ff3c,2023-11-26,TX-500,IL,Supplier B,231,23,298,4.32,0.51
4df30139-76b8-ab59-9dbc-c695de56bcb4,2022-07-01,TX-200,FL,Supplier C,374,29,472,4.71,0.13
dd5fbf60-dc10-83cd-247a-107f0ef9aeb7,2020-08-31,TX-100,NY,Supplier D,218,16,276,2.82,0.1
3032a785-127f-36df-4fb6-d018d5eb7432,2023-06-05,TX-400,IL,Supplier B,332,28,422,4.27,0.56
e9bfbd7a-0e77-86e2-ba72-4f90251a832a,2022-09-23,TX-100,CA,Supplier C,282,20,359,4.26,0.2
65bcc1af-7479-0660-2d4b-14cddad13698,2020-06-23,TX-500,TX,Supplier E,416,26,534,2.68,0.29
5203ccb0-54e2-30d9-939d-0520439bd73e,2020-09-21,TX-300,NY,Supplier E,216,9,269,2.91,0.37
de0025c3-adb0-981e-177d-6d6b4884a0d9,2023-06-07,TX-300,FL,Supplier D,371,24,467,4.27,0.26
bd8e8a30-7aba-5b53-b68b-8a4c9d85518c,2020-04-27,TX-300,FL,Supplier E,283,15,354,3.56,0.81
1073d427-56c9-0bb0-42cd-1eb2691cfcbb,2023-02-07,TX-200,CA,Supplier E,262,17,330,4.02,0.18
d50f70a3-9d8c-2130-158f-b967b4d60190,2021-02-08,TX-400,NY,Supplier C,219,22,286,3.82,0.09
26b9cff4-eb80-8e31-0f36-dd670cb08516,2021-06-13,TX-100,FL,Supplier D,337,22,428,3.5,0.34
f24f73f3-bfab-3674-9495-e910f71edb36,2023-12-29,TX-300,FL,Supplier A,235,21,305,4.33,0.22
e11ee6f8-06c1-762c-9f0a-0d9bc16635f2,2020-12-04,TX-200,FL,Supplier D,221,18,281,3.4,0.12
96e1cc2f-feb5-2d07-f386-9d894e4bc697,2022-02-18,TX-500,NY,Supplier E,236,15,301,3.6,0.25
b8244e61-c5b5-16cc-a84b-2039bf48029e,2022-05-29,TX-500,NY,Supplier B,310,21,392,3.99,0.74
67f43536-7d50-9177-6153-ccbcba886e97,2023-03-13,TX-400,IL,Supplier E,282,16,354,3.74,0.56
af667b79-7668-58e7-2d10-64bd533e2cff,2020-05-22,TX-400,CA,Supplier B,404,29,517,2.99,0.12
94ed02fc-a67a-1808-a97c-d9772376c356,2022-08-18,TX-300,CA,Supplier C,385,32,496,4.49,0.66
9a5a20c7-6421-a1e1-042f-9595dcde0ee1,2021-04-07,TX-300,IL,Supplier D,269,23,352,3.68,0.06
107c35f6-6baa-b120-61bd-4f5bead8d010,2021-04-13,TX-100,TX,Supplier C,289,30,379,3.68,0.01
a93ec7bb-c6a3-77cb-c0a9-7a197520f609,2022-03-30,TX-500,TX,Supplier C,343,36,449,3.78,0.2
204608ef-2ff3-7058-9aad-2ad097a98977,2022-11-27,TX-500,TX,Supplier C,265,25,344,4.13,0.42
4f2f0c8a-ee93-3c5b-f21d-944ae7a876c0,2021-07-08,TX-200,CA,Supplier B,400,38,524,3.79,0.96
dee8aa10-f710-7ed9-0840-8c1f3267ecfe,2022-04-27,TX-100,NY,Supplier B,223,16,284,3.88,0.2
b6535183-8939-8eaf-034f-2c5777c8201a,2022-02-23,TX-100,NY,Supplier C,210,19,268,3.6,0.73
16ce9814-724a-b732-11b3-511bef802c11,2020-07-04,TX-400,NY,Supplier A,296,25,379,2.82,0.8
5c8ef30a-51ec-1aec-8ea7-6eb7139b9e0b,2020-05-01,TX-500,CA,Supplier A,370,22,465,2.99,0.52
48298bd1-63a0-795e-190e-755495abc58e,2022-01-03,TX-500,FL,Supplier B,249,15,314,3.7,0.6
3e38cc98-a050-d84a-4ad8-51621186be9b,2020-11-28,TX-500,FL,Supplier B,206,16,261,3.1,0.78
86754e4c-b4f9-fbcd-f2de-cd79d465fe83,2022-08-28,TX-200,FL,Supplier E,347,10,432,4.49,0.89
a2c27c39-e9ae-c4a5-2f80-1024b73aecdd,2021-11-08,TX-400,CA,Supplier B,282,20,360,3.9,0.07
a960d2d8-ebda-7097-dbb4-c50370a0beb4,2022-06-15,TX-300,NY,Supplier D,340,20,439,4.1,0.71
a5af08d2-02df-f606-b988-9583fc58c0ae,2023-07-17,TX-400,IL,Supplier D,322,19,401,4.02,0.56
e2a0b1e4-1e23-3d06-ca57-4af55b11b9fa,2021-03-06,TX-200,FL,Supplier B,238,17,303,3.96,0.41
00036383-b5fc-1b18-2e2d-f6eb892282ea,2022-01-19,TX-100,IL,Supplier C,215,19,275,3.7,0.71
7622e67d-0df6-7658-30ce-9698e8c7c3d2,2021-12-22,TX-200,NY,Supplier B,203,11,255,3.84,0.57
cdc78e20-5cce-ce79-99fe-2c3667aa200e,2021-04-06,TX-500,FL,Supplier A,335,22,424,3.68,0.84
2366c1dc-6ca8-8dae-d77c-22c652e2f7ea,2021-11-13,TX-400,FL,Supplier D,261,28,345,3.9,0.11
e9e98f2d-2246-4444-0807-916b1d767b39,2020-10-10,TX-500,IL,Supplier C,253,20,328,2.74,0.86
078b1217-0896-3b75-011a-e40782d197eb,2023-04-12,TX-100,NY,Supplier E,239,14,297,3.94,0.21
fa241acc-77ba-697e-7efb-947c6007673a,2022-06-23,TX-300,IL,Supplier A,336,25,428,4.1,0.94
f435fff1-1c92-9da2-e3d0-3c72c54618df,2021-04-28,TX-200,TX,Supplier D,279,30,361,3.68,0.64
16184d16-150d-5d8b-7151-60990be46a06,2020-11-29,TX-200,NY,Supplier A,191,16,249,3.1,0.48
926a6bc4-c509-0875-2491-b6986efd0adc,2022-12-29,TX-400,NY,Supplier A,223,15,284,4.43,0.82
d099afff-5aa1-b3be-d40e-2c6d6d8ef5ff,2021-08-02,TX-400,IL,Supplier C,334,25,426,3.77,0.8
d7e70677-fc21-0391-d7bc-c37fcc07bb11,2021-06-06,TX-100,TX,Supplier C,309,23,395,3.5,0.48
09fd55fb-4395-cdf7-d39a-5d517bd0ea2c,2023-05-11,TX-100,TX,Supplier B,367,25,462,4.14,0.19
940bc5bf-c36d-8686-a527-a0c2e5a147a7,2023-11-28,TX-300,NY,Supplier B,179,15,231,4.32,0.99
7ebe4483-e2a8-bd31-6238-8af7e9e0c441,2023-12-14,TX-400,FL,Supplier C,234,22,303,4.33,0.78
5bb35784-833f-fc1e-aec8-428a2abddf95,2023-10-23,TX-100,IL,Supplier B,253,18,324,4.1,0.05
e298fd78-e52f-0d51-e37b-766ad80b9836,2021-12-07,TX-200,CA,Supplier E,240,16,302,3.84,0.33
b5e1fe42-3992-fd27-df19-51709a6275f9,2023-06-28,TX-400,IL,Supplier D,357,40,468,4.27,0.33
533b1899-1723-d564-5c60-841c7b269712,2022-04-13,TX-400,CA,Supplier C,323,27,413,3.88,0.47
b4ae50d6-3eae-51a0-a65e-ca4b80b7da33,2020-01-13,TX-100,FL,Supplier D,177,21,239,3.17,0.57
d73002d1-480c-df11-9a30-2afa97537d26,2020-02-24,TX-400,FL,Supplier B,267,25,350,2.91,0.78
a0af87c2-9ea3-caf4-e5a0-174b9b46de4a,2020-04-13,TX-400,CA,Supplier E,296,16,369,3.56,0.55
9fcd8a18-cb94-727d-fad1-28ed69ac1686,2020-12-26,TX-500,FL,Supplier E,256,12,322,3.4,0.67
f92116ca-4cd7-c785-e252-d60d1a6c9df7,2020-10-26,TX-400,TX,Supplier A,279,10,344,2.74,0.1
1775f6f6-6a9b-2a37-10b7-01d1e831d841,2021-02-24,TX-100,NY,Supplier D,210,18,271,3.82,0.4
6c2635cd-f5d3-9385-a15c-c72d538a40ad,2021-07-01,TX-500,NY,Supplier D,341,12,418,3.79,0.63
cda8bc6b-9f8e-54fc-c1cd-7c67f1a83ca5,2021-09-07,TX-400,CA,Supplier A,341,28,441,3.71,0.72
06ac35b3-7313-573c-942e-277b68bcf605,2020-12-28,TX-500,TX,Supplier D,268,24,352,3.4,0.09
c30d30bc-8db6-f1de-9008-b995f7b35777,2021-01-26,TX-100,TX,Supplier D,205,19,266,3.45,0.16
4f46932e-7d80-5d8b-72b0-84a52165affd,2022-07-19,TX-400,TX,Supplier B,332,22,421,4.71,0.99
9ce026a4-e77d-38a0-a9bf-86673740645b,2022-05-03,TX-100,CA,Supplier C,341,21,424,3.99,0.48
b8ae1b1e-ec59-62a0-54c1-113fde637d5f,2023-01-03,TX-200,NY,Supplier C,219,17,278,4.33,0.49
daf9f734-d5c2-7de6-00b8-2d3c43114ec8,2023-02-24,TX-500,NY,Supplier C,214,17,272,4.02,0.57
d5eddf51-d78e-94fc-6090-38cb9f036aab,2021-04-15,TX-200,IL,Supplier B,282,15,347,3.68,0.86
41b6c5b9-7434-d0ff-bb4f-9007a2a81c11,2023-04-12,TX-500,FL,Supplier E,337,14,426,3.94,0.21
d947d14e-0854-84a4-8d66-346e0c3fd420,2021-11-05,TX-400,CA,Supplier E,284,13,356,3.9,0.1
9530e091-b85f-17a0-a0df-1b21b2c215b0,2022-10-20,TX-200,FL,Supplier B,222,19,286,3.97,0.94
4d57ec77-b0fa-e5c4-a636-d60d9e507793,2020-09-16,TX-300,IL,Supplier E,276,16,345,2.91,0.14
3f593cec-4e18-fcfa-3c11-f21da98464a5,2023-06-08,TX-300,CA,Supplier C,337,28,433,4.27,0.83
a5ee665d-4684-a0e5-18f3-4c0581653185,2022-05-25,TX-200,IL,Supplier C,294,16,369,3.99,0.25
5132c027-cb91-975d-3fd6-576ec0e4921f,2023-12-30,TX-300,FL,Supplier A,203,12,258,4.33,0.75
94535f3b-d069-ed9c-d342-9806bb244c93,2022-02-28,TX-300,CA,Supplier A,235,24,305,3.6,0.51
73f3b155-4b36-a6ca-fec0-176ca7c3cb4e,2021-10-03,TX-500,NY,Supplier B,301,22,386,3.51,0.9
5e328804-17fe-af83-8e3c-d1c079590e8b,2020-03-23,TX-500,FL,Supplier B,322,26,414,3.22,0.58
19639fd4-ff79-4d7a-08d7-a5f19355d1d0,2021-06-17,TX-500,FL,Supplier D,425,28,535,3.5,0.4
33eff756-511b-5369-676e-8b59b9cff197,2020-04-16,TX-200,FL,Supplier A,297,23,374,3.56,0.28
917cb4a1-d800-4f29-035b-d3f06614f853,2020-10-19,TX-500,NY,Supplier B,234,17,297,2.74,0.8
a2f737ee-aa4f-bfc9-f832-9627098cbeab,2020-07-04,TX-300,IL,Supplier D,279,24,358,2.82,0.8
d8567caf-7242-f808-f0a1-64aaeba512f2,2020-06-25,TX-300,CA,Supplier D,355,23,455,2.68,0.02
15829f51-c045-2e73-b937-c098e7c81b8b,2023-03-02,TX-300,FL,Supplier E,241,11,301,3.74,0.6
9758c411-1ba9-0388-df96-b807e4cad3ff,2021-05-04,TX-300,TX,Supplier A,310,16,390,3.79,0.84
09f03cef-10de-a249-6405-417bc91f05aa,2021-12-06,TX-300,IL,Supplier B,209,13,264,3.84,0.23
83d26228-e7a7-66cc-2b53-c8bdc29c0317,2021-07-24,TX-300,FL,Supplier B,368,24,463,3.79,0.78
74135ca1-2889-2b62-59bf-da34ab4af785,2022-08-20,TX-200,IL,Supplier B,314,21,396,4.49,0.47
c66dbdda-2d40-50cc-626c-3dc6fc90f69c,2023-12-19,TX-300,CA,Supplier B,259,27,338,4.33,0.35
9a430690-9145-9352-f3ef-1432e506daa0,2020-02-23,TX-300,IL,Supplier B,207,16,270,2.91,0.97
d41e8c1f-eb39-cc3c-e91f-a8e2b3c85ceb,2020-09-07,TX-200,NY,Supplier B,268,18,342,2.91,0.78
fd4719c7-4c50-80e1-368d-2452bfbb85f2,2022-07-07,TX-300,NY,Supplier B,335,21,426,4.71,0.55
79019acb-e9fb-8a38-cb74-a97a6da6c87a,2022-08-07,TX-100,NY,Supplier A,322,20,410,4.49,0.28
deed0fc7-3588-745c-2c0f-d43e885a4112,2022-01-03,TX-300,NY,Supplier B,200,20,257,3.7,0.6
61003933-09cb-e4c0-eda2-96a75734a005,2023-08-21,TX-400,NY,Supplier E,346,17,432,4.06,0.63
5cef1f3d-2ea5-9035-52f6-372f17d5ec66,2021-06-05,TX-300,TX,Supplier B,318,30,401,3.5,0.84
1279b17b-c4c7-b1f2-a633-48102f2d2436,2021-10-31,TX-500,IL,Supplier B,287,23,372,3.51,0.96
f3f08e97-fa65-2e96-5729-d3641d423f53,2023-07-22,TX-300,CA,Supplier D,375,27,483,4.02,0.42
f4d6960e-52b3-5493-425e-fbbee0d3f7f8,2021-02-16,TX-300,CA,Supplier B,271,17,346,3.82,0.95
62b834de-8fab-c42c-999f-8c223ae13c29,2021-09-16,TX-100,TX,Supplier A,297,17,375,3.71,0.6
323b22d2-f414-a626-5edb-712ea7ee4b3e,2022-02-03,TX-300,NY,Supplier E,218,13,274,3.6,0.13
00b76c11-5144-4361-ce62-20790e092de4,2023-07-30,TX-500,FL,Supplier C,399,27,502,4.02,0.52
10346051-3050-fe58-873b-8db98c1ca059,2023-09-26,TX-200,TX,Supplier B,301,21,382,4.06,0.13
a65f91b9-05bb-f3a6-d4bc-deef8c1c1a68,2022-11-18,TX-400,FL,Supplier A,228,17,290,4.13,0.8
e659c6ff-d6aa-9dc1-f6a4-817f562313e4,2023-08-16,TX-100,FL,Supplier C,294,23,377,4.06,0.81
42b4786b-b244-62bd-3736-9e8d47801cec,2020-02-03,TX-500,CA,Supplier C,280,22,354,2.91,0.17
e0c3ff4c-3dec-e33d-a96e-2b828698f74a,2022-07-03,TX-200,FL,Supplier B,367,29,468,4.71,0.95
cf73c850-0bae-8db2-ca97-15ca68de2036,2020-02-09,TX-400,FL,Supplier C,224,14,280,2.91,0.5
cd553423-1edf-9a72-755b-38adceacdad6,2021-03-22,TX-400,IL,Supplier B,280,14,352,3.96,0.43
07a071fc-e50a-0b9d-8e78-9607d16f8865,2022-07-27,TX-200,IL,Supplier E,352,22,442,4.71,0.34
27711e34-1f65-053c-bff7-9258df214d63,2023-03-14,TX-500,FL,Supplier E,258,19,331,3.74,0.68
2fa564e7-4773-b94b-fae0-46a55dec9dce,2023-01-06,TX-200,CA,Supplier E,249,22,316,4.33,0.88
3f6bd6c6-8545-40e0-b26a-b06d619311d0,2023-08-27,TX-100,CA,Supplier B,347,23,446,4.06,0.96
cd96ccf3-9c3e-2091-07c1-cd67bb5899de,2023-12-08,TX-400,IL,Supplier D,240,21,309,4.33,0.47
9e2dd1a1-40da-4e1a-49eb-33109dbfe816,2021-05-10,TX-500,IL,Supplier C,350,27,441,3.79,0.45
e9bc77e7-7ba7-4ba9-a825-ad89b6c95885,2020-05-05,TX-400,IL,Supplier C,329,18,403,2.99,0.04
efd3bb00-1e5f-2dc1-19ee-c188aefd8413,2023-06-29,TX-200,TX,Supplier E,335,12,416,4.27,0.88
fa464414-d136-3ab9-293d-f950d96833c4,2021-09-03,TX-300,FL,Supplier E,259,19,336,3.71,0.89
25a18ac0-f32b-76e3-1c33-0d971a669524,2023-10-06,TX-200,FL,Supplier E,286,22,368,4.1,0.36
0cac2170-8c5c-2e56-092a-cf063e27efe6,2022-02-07,TX-300,TX,Supplier D,244,17,313,3.6,0.62
af954bd2-0ab5-9bc8-f47f-8bfc293f6fb5,2020-10-30,TX-200,IL,Supplier E,202,8,250,2.74,0.57
b20aa0ea-8575-26a2-4b8e-f9e79bde6007,2022-12-22,TX-300,NY,Supplier D,183,12,230,4.43,0.46
233317c9-ca1e-a6c8-4cb9-07230f7563f3,2020-02-27,TX-100,CA,Supplier A,252,18,320,2.91,0.27
4974c854-32b7-299e-3144-bff505bd3c1d,2020-08-09,TX-200,FL,Supplier D,360,32,462,2.82,0.17
b7297f0e-b3da-4027-5dfd-3b1db9c63437,2021-03-11,TX-200,FL,Supplier E,249,13,311,3.96,0.42
b035fb68-b280-311e-11f9-cea5780e67ab,2021-01-06,TX-500,FL,Supplier C,260,16,326,3.45,0.04
b3641153-c689-0989-fc61-052cbab27a0c,2020-10-15,TX-300,NY,Supplier A,214,16,271,2.74,0.08
7c0e3c2b-9221-292b-ccab-52eac7037819,2023-08-09,TX-500,NY,Supplier E,368,22,459,4.06,0.21
37af87c6-c390-8850-5d57-cd575f21c361,2020-05-09,TX-400,TX,Supplier E,308,16,384,2.99,0.75
abde5560-b8f1-456f-b588-713688242aac,2020-10-27,TX-300,FL,Supplier A,236,14,298,2.74,0.62
501cd43f-39f0-2a9a-d878-1972648a1dae,2022-05-28,TX-400,NY,Supplier C,291,32,382,3.99,0.58
6d7e7b3f-9c4f-4980-ffd3-4489fdec7390,2020-11-26,TX-100,NY,Supplier D,178,11,225,3.1,0.55
415640be-c39a-3238-7c29-cdbca5012abf,2022-03-03,TX-500,TX,Supplier C,253,27,326,3.78,0.52
1555f32d-23cc-2816-a5e5-75eec799a474,2021-08-13,TX-500,NY,Supplier A,278,20,352,3.77,0.74
d1c82e4e-2345-eeec-1fa7-d2fd50df2064,2022-07-24,TX-200,FL,Supplier A,299,20,381,4.71,0.92
7acfbfba-828d-6701-aca5-ebb57bda322a,2020-08-14,TX-500,TX,Supplier D,381,28,488,2.82,0.32
544d89be-e2f3-f0f1-4cbb-305044a672dc,2020-04-09,TX-400,NY,Supplier B,255,29,335,3.56,0.02
8eff9bf1-40be-30cf-d389-396c34f4f3e6,2023-06-23,TX-300,FL,Supplier A,368,30,474,4.27,0.85
0c988ef5-9d6e-1c48-e401-d93ce3554606,2022-05-02,TX-200,NY,Supplier E,282,15,355,3.99,0.05
596752b1-4040-73d9-8f80-068c22c053b9,2023-03-16,TX-400,CA,Supplier A,290,14,359,3.74,0.0
e64962dd-737a-14f5-221a-264ece8b1294,2020-09-12,TX-500,FL,Supplier D,316,24,406,2.91,0.46
424e27c3-3575-4762-e5f3-3d714a9268bc,2023-07-03,TX-200,IL,Supplier A,312,26,407,4.02,0.16
12b18bec-0688-734d-f20b-75c758302806,2020-07-12,TX-500,CA,Supplier D,361,35,472,2.82,0.53
a2bfeee6-bc1f-56c0-f723-8c77b52815ab,2023-03-29,TX-500,IL,Supplier D,261,18,334,3.74,0.68
adc0b2b3-8785-cf3f-4f27-5ed9fd389f54,2023-08-07,TX-500,NY,Supplier C,326,28,421,4.06,0.46
a460c5c0-da1e-13cd-61e7-a7afd2db5939,2020-08-14,TX-400,CA,Supplier B,355,38,468,2.82,0.32
2c8644ba-24cb-46b0-08bd-9ef48b82bc75,2020-07-23,TX-300,IL,Supplier C,298,24,382,2.82,0.24
2cf4cced-b551-9c14-7631-9231c217770d,2021-07-09,TX-100,NY,Supplier B,314,18,393,3.79,0.78
c31b1b90-de3d-01bf-c42d-1abf0a487646,2022-04-24,TX-400,IL,Supplier B,345,22,430,3.88,0.75
a8492068-47af-37ae-25a9-6df9115ea70e,2023-12-30,TX-400,CA,Supplier C,281,13,353,4.33,0.75
cbab0dfc-d6d9-f08f-827b-ae04905f1308,2022-05-24,TX-400,TX,Supplier A,359,27,460,3.99,0.17
6a109b18-e392-4453-26ea-5686f1e2a41d,2022-09-04,TX-200,IL,Supplier A,293,24,376,4.26,0.37
af19733f-e23a-7eec-ff97-92a7209d60b7,2020-05-12,TX-300,CA,Supplier A,365,19,459,2.99,0.52
04e40dff-44af-a1d3-5910-658db995ffdd,2023-12-18,TX-400,IL,Supplier E,236,19,302,4.33,0.63
416bae8c-1dd3-1598-e600-9f13c055c1c6,2023-09-10,TX-500,IL,Supplier C,367,27,459,4.06,0.57
98ac6ec5-3317-2ad4-f80f-152f9a5c6ca2,2020-10-18,TX-300,CA,Supplier C,256,26,333,2.74,0.96
ef5a7644-5c85-5a9d-bfb5-3ddcc975949b,2021-08-11,TX-500,FL,Supplier C,358,24,451,3.77,0.77
0c4679e9-65fb-3cb9-220a-8c1f4dfad29d,2020-09-26,TX-400,IL,Supplier E,299,15,376,2.91,0.95
0835d9c2-440b-277b-920b-a1221d5178d9,2022-04-07,TX-200,CA,Supplier B,305,30,391,3.88,0.32
2f53b11b-77a8-894a-6686-16160cdc801a,2022-06-14,TX-400,FL,Supplier D,389,39,510,4.1,0.25
4f089e1c-7354-d0fa-2434-53dcf41584b7,2020-05-24,TX-200,NY,Supplier C,333,25,426,2.99,0.15
5ad825e7-63e9-66b8-17da-d277672fbc56,2021-05-05,TX-300,TX,Supplier D,325,24,422,3.79,0.99
060fc48e-0ca0-54b3-1281-f27182d56088,2023-03-31,TX-200,TX,Supplier E,284,10,349,3.74,0.1
62d297d9-2d52-ae1c-cde6-484df0cc829a,2022-04-05,TX-400,FL,Supplier D,293,21,375,3.88,0.89
ffa56db7-54a9-ab4b-e2cf-32878bf55ea4,2022-06-07,TX-200,TX,Supplier B,316,19,404,4.1,0.9
4ec1cd43-73f5-9626-f287-145e9786d61f,2022-07-24,TX-300,NY,Supplier B,309,21,391,4.71,0.92
789c1f7f-03eb-ec93-8d89-0c409c7c41e6,2021-05-20,TX-400,TX,Supplier D,344,33,446,3.79,0.23
6cd49fe1-5d4b-4d9b-68c6-1834e0783ac2,2023-10-04,TX-300,TX,Supplier D,266,19,336,4.1,0.46
5482bd3a-d62d-1a8f-dbe7-6ed3b6d0732b,2021-05-21,TX-100,CA,Supplier D,381,45,491,3.79,0.29
0d831369-7e91-b475-ef7f-830df10ec70f,2021-01-07,TX-300,TX,Supplier B,226,17,288,3.45,0.01
b87569d5-17eb-8734-9477-ead2dd039fce,2021-06-30,TX-400,IL,Supplier C,364,23,451,3.5,0.7
b3d93a29-b87d-87c4-1a02-2dbabb1597ac,2022-08-16,TX-400,FL,Supplier C,326,22,411,4.49,0.73
0a621d59-e6ba-d238-1cec-e5684b43ccd7,2021-06-19,TX-200,CA,Supplier B,414,34,530,3.5,0.63
96d04416-20d0-341d-29e6-e9ddff4aef5f,2023-05-13,TX-400,FL,Supplier C,375,26,465,4.14,0.87
3b13c314-0a81-5cc7-9458-8ed1ddfa65d8,2020-10-28,TX-300,TX,Supplier D,259,23,337,2.74,0.17
6dab904f-5deb-252b-f0c3-99b85d70908a,2023-01-27,TX-200,CA,Supplier A,246,16,314,4.33,0.26
98d39e6e-1ea0-81b4-269f-5904413de632,2023-02-24,TX-400,CA,Supplier A,255,14,318,4.02,0.57
3499f85b-76fd-4ebe-c977-900fb89d1887,2021-04-24,TX-300,TX,Supplier E,335,14,413,3.68,0.31
224fdd5d-3101-2ed1-e4c9-342a14df5293,2022-11-18,TX-400,NY,Supplier D,221,21,286,4.13,0.8
4d9831d9-8773-b897-52ab-4e9ddde0ecca,2022-03-19,TX-400,NY,Supplier A,263,13,325,3.78,0.38
2e93f615-1167-723b-63fa-0861e5d5ec7f,2020-04-20,TX-100,CA,Supplier B,277,20,355,3.56,0.11
3291ca1f-9f73-b52e-a6b6-571cf947c975,2020-10-27,TX-300,NY,Supplier D,225,20,295,2.74,0.62
5f5ee1be-391d-53c5-301d-7c98aebae272,2021-07-14,TX-300,FL,Supplier D,284,24,366,3.79,0.55
0f36cda8-84c5-341e-330c-152d1ea2fd7d,2022-12-29,TX-100,CA,Supplier B,210,14,265,4.43,0.82
dc88eafc-ff50-3171-2f7b-2a00947838f0,2020-09-19,TX-400,NY,Supplier E,227,16,291,2.91,0.23
647dd3e9-b8f2-7150-9725-cea4b13d6f11,2020-12-26,TX-400,IL,Supplier C,226,19,289,3.4,0.67
0254c933-165d-0842-e35f-8c919e37cb56,2023-01-22,TX-200,FL,Supplier C,207,17,262,4.33,0.54
6bde51af-1c33-012e-363e-116d4b168d2e,2022-02-20,TX-300,NY,Supplier D,229,20,296,3.6,0.55
446e5be3-560d-2096-adbb-51657c687c79,2022-02-12,TX-400,FL,Supplier D,234,23,305,3.6,0.66
319fe7c7-c921-e5d4-4c84-94890d8f7029,2021-01-19,TX-100,CA,Supplier E,246,14,307,3.45,0.04
6f5f24dc-1caf-c83d-a77e-56d2a7328fe8,2022-03-21,TX-500,IL,Supplier C,242,24,311,3.78,0.74
d3a63da3-8827-19cb-fd77-18df909b7674,2023-05-26,TX-300,NY,Supplier E,270,12,342,4.14,0.66
3d9c3450-d81f-cdb4-e79f-610babf8bd6c,2020-09-28,TX-500,IL,Supplier C,250,13,314,2.91,0.48
bb9f60c3-d79e-b783-c2d7-f1d8fe744381,2020-12-21,TX-500,NY,Supplier B,188,12,237,3.4,0.88
7903f606-77a1-b642-9900-3011f354d5e4,2021-10-12,TX-300,NY,Supplier D,223,16,285,3.51,0.24
1b0f315d-6ff4-2070-fee7-5b4565d9aada,2020-05-25,TX-400,NY,Supplier A,294,25,382,2.99,0.18
b1bd139d-63f5-da5f-6d14-0a5b670437d6,2023-03-10,TX-400,FL,Supplier E,256,14,320,3.74,0.27
81199726-064a-b663-778a-a3f18c266260,2022-10-01,TX-200,CA,Supplier C,324,24,418,3.97,0.28
135dcda1-fac1-7d4d-cc63-6c4471b184ca,2020-02-09,TX-200,TX,Supplier B,251,22,323,2.91,0.5
85927eee-861c-8ebe-1194-5de8d003558d,2020-10-09,TX-200,IL,Supplier D,215,17,274,2.74,0.69
31432f8c-88d8-a713-9249-430c09238f7e,2021-06-30,TX-200,NY,Supplier E,279,13,348,3.5,0.7
3e81fc35-cc9f-7e36-2daf-9b7cff6fe641,2022-04-22,TX-400,FL,Supplier E,313,15,398,3.88,0.24
528b10a5-e022-3281-6dae-3ad07e5280ce,2020-12-22,TX-100,NY,Supplier C,193,11,245,3.4,0.28
a30d6707-5bc6-94a1-e389-05f48fde5e86,2021-05-17,TX-200,TX,Supplier A,338,27,432,3.79,0.18
0f9df599-5a8c-77b9-db04-2822011116bd,2020-06-13,TX-500,IL,Supplier D,341,28,444,2.68,0.72
f297395d-b69b-c8b5-b976-2624af81fbed,2020-05-17,TX-100,NY,Supplier C,293,19,377,2.99,0.09
a20a587f-f885-f456-9705-1133055de5ba,2020-11-19,TX-400,TX,Supplier E,222,12,280,3.1,0.31
c478ec5a-e46e-40e1-d301-f503dc399303,2020-04-14,TX-400,IL,Supplier D,316,22,406,3.56,0.11
a023e9cd-0f58-1370-6532-fa7294e7e588,2021-01-16,TX-100,IL,Supplier B,211,15,267,3.45,0.77
639c3811-a915-0a4d-a525-f8c9f04def7d,2021-01-17,TX-400,TX,Supplier C,238,20,308,3.45,0.7
00a4b4cc-d623-c02e-8a01-f566c6a28402,2023-08-30,TX-300,CA,Supplier C,336,24,429,4.06,0.3
21d9ab8f-ccd9-3713-2c34-094f4c11eee4,2023-12-18,TX-100,NY,Supplier C,206,8,256,4.33,0.63
943392fd-2437-8150-24c9-217e9aa81974,2020-06-16,TX-300,CA,Supplier A,368,27,466,2.68,0.12
75cf8448-f9a8-066f-f1ab-a7956bd77548,2020-02-18,TX-300,TX,Supplier C,240,13,301,2.91,0.12
3fee0de0-1beb-e16f-d5c9-ccc3d7fe1a32,2021-05-24,TX-500,TX,Supplier E,397,19,505,3.79,0.49
24700c6f-76a2-fa27-aab3-7df06ebdadf2,2022-09-03,TX-200,CA,Supplier E,314,22,398,4.26,0.95
16d70edf-929b-a57a-3a85-0ecf76f6e8b6,2020-04-09,TX-100,CA,Supplier C,299,32,389,3.56,0.02
edba66f2-163a-86d3-f8d7-cdb715cf9cac,2022-12-24,TX-500,CA,Supplier B,256,13,320,4.43,0.05
32eb8d67-d46a-d02e-6b4b-5c8438bbcc9f,2023-07-24,TX-300,CA,Supplier A,365,31,473,4.02,0.79
199914ce-26bf-ba52-802f-4179531cda7b,2023-01-09,TX-100,CA,Supplier A,241,17,308,4.33,0.53
b35d2e70-d87e-7533-c5cf-9b5f24158bfb,2022-07-09,TX-300,TX,Supplier D,310,24,401,4.71,0.25
9248a0f9-1869-2d9c-a64a-2f5f583949ea,2022-04-13,TX-300,TX,Supplier C,297,15,369,3.88,0.47
9cf54b78-626c-7e62-747f-64ee1ed7636d,2023-10-11,TX-300,FL,Supplier B,284,22,363,4.1,0.45
cce1e730-f948-c2b1-8b75-5fdd0b8473b0,2020-09-13,TX-100,TX,Supplier B,247,17,310,2.91,0.39
ef79e830-d0e8-b043-10f1-9b1ed39db6f3,2020-11-05,TX-200,FL,Supplier A,245,23,313,3.1,0.6
0c20b9d7-65af-3538-b579-560b4dc3b7d3,2022-02-10,TX-400,FL,Supplier C,257,12,319,3.6,0.59
e03f2666-d76c-ba7d-ffc9-576e783e2c45,2023-06-11,TX-200,TX,Supplier D,340,26,433,4.27,0.67
612df814-3d8c-c6c0-c105-7f288b6fd3d1,2020-12-09,TX-500,CA,Supplier E,281,8,342,3.4,0.69
d072d1ad-4274-d00c-62f9-5432ecef1f17,2023-03-31,TX-100,CA,Supplier E,325,21,406,3.74,0.1
248e990f-f47a-ef1a-6b70-1f8e2d7afb4c,2022-11-29,TX-400,FL,Supplier A,239,11,298,4.13,0.93
9b8c217a-ae92-3784-9b50-c8c42ccd9458,2022-08-08,TX-500,FL,Supplier B,378,34,485,4.49,0.06
21ca2b12-4cab-d87a-ea6e-f94e42eed677,2022-10-16,TX-400,NY,Supplier A,259,11,324,3.97,0.4
4ec6a384-46e1-6d3e-5fcf-8135625cd4db,2022-03-18,TX-100,TX,Supplier D,261,25,333,3.78,0.88
0c645034-2443-1b49-354a-97f75c8f6341,2022-10-25,TX-500,FL,Supplier B,317,22,406,3.97,0.63
7debe400-cff0-9993-dd80-3d27455d6eae,2023-02-18,TX-400,CA,Supplier B,312,9,387,4.02,0.87
11cd0249-3fd5-ed33-4df6-1950672fc0dc,2020-07-23,TX-200,NY,Supplier B,338,33,436,2.82,0.24
4ac3f952-d364-b5f2-8ae7-b1aaffab32bb,2023-12-03,TX-400,CA,Supplier D,240,22,311,4.33,0.59
7a06ee3c-d2c7-d171-667e-89e72dd8d170,2023-12-29,TX-200,IL,Supplier C,233,21,298,4.33,0.22
c70afac7-a38c-84c9-1931-7dc4a96c1a31,2021-03-03,TX-500,NY,Supplier E,271,16,338,3.96,0.61
9287d394-bac3-d0a8-ad1e-3ab92e8050b6,2023-04-23,TX-200,FL,Supplier A,296,21,374,3.94,0.53
e0ddc5c0-26e3-4a37-791d-ae83d96aeed5,2021-05-01,TX-100,FL,Supplier B,309,34,405,3.79,0.53
d52c6d6a-2b71-200b-63d0-bd7daf56f41f,2022-11-18,TX-300,CA,Supplier D,267,18,338,4.13,0.8
1f320ac4-a3a7-1437-283a-7eb29c6b0f18,2021-10-29,TX-300,IL,Supplier E,253,10,312,3.51,0.1
dedf9512-64ff-cf17-fdf2-368f9035b93a,2023-01-14,TX-200,NY,Supplier A,224,13,284,4.33,0.77
a9b2d35e-a473-7c52-a390-944fa7a2d000,2020-08-01,TX-500,IL,Supplier B,380,39,496,2.82,0.14
23f473b3-1387-9297-be96-dfe1d4cbf77b,2020-06-16,TX-200,NY,Supplier D,299,26,383,2.68,0.12
10a97fe2-841e-a49b-460e-265a550d9a24,2023-07-28,TX-300,NY,Supplier D,337,34,439,4.02,0.87
00888308-9869-c9ec-ec5e-e885c2679b97,2023-07-16,TX-100,TX,Supplier A,368,18,462,4.02,0.48
33fe3eae-a2d4-4462-92f8-652c52bb703b,2022-06-29,TX-200,TX,Supplier D,314,20,397,4.1,0.54
855b4ab0-36be-ea97-5a8f-610badd65bca,2023-04-11,TX-500,CA,Supplier E,394,17,491,3.94,0.61
6ae541d1-8765-a7f7-b849-bf671510f89e,2020-08-14,TX-200,CA,Supplier D,360,21,455,2.82,0.32
d9d1de25-42d9-7221-a21b-e04183fb88cf,2022-12-21,TX-300,FL,Supplier C,180,15,232,4.43,0.32
0ce82047-ab95-e9c0-6a04-d8c7b99e5f69,2023-04-27,TX-400,NY,Supplier D,260,20,326,3.94,0.32
dc7030c5-98e1-d6eb-499f-0d1f2be7105e,2023-04-23,TX-500,FL,Supplier C,313,26,403,3.94,0.53
8d687966-348e-d22a-77db-1d85c022d35a,2023-06-14,TX-300,TX,Supplier D,372,33,478,4.27,0.39
9371713e-bae1-45eb-4ea9-6432d6dd6e9d,2023-07-24,TX-100,IL,Supplier B,321,20,404,4.02,0.79
598eade7-a539-1f47-60b1-dc6e0245d353,2020-11-10,TX-300,TX,Supplier C,199,5,244,3.1,0.66
4dec1f35-6a0b-b5f2-31a3-99b211675948,2020-12-30,TX-500,TX,Supplier B,263,19,330,3.4,0.03
bc03b511-9082-ae65-6b15-af9a4c04cbb7,2023-09-23,TX-100,CA,Supplier E,339,15,422,4.06,0.98
b061e39e-ab46-95d3-773c-72437f65168e,2021-09-04,TX-500,FL,Supplier E,344,16,435,3.71,0.19
f2a03703-6008-f991-b3b5-f434fd570fc9,2021-09-26,TX-300,TX,Supplier C,278,24,355,3.71,0.63
4be9b399-13d0-499f-d125-65c9189ab92a,2020-02-12,TX-300,IL,Supplier D,177,10,222,2.91,0.45
f730c3d8-d978-3e86-6c07-44d85313e5ba,2023-02-21,TX-200,FL,Supplier B,250,19,319,4.02,0.66
c724b83f-9b01-2ee4-96a8-4ff39bb80933,2023-07-03,TX-400,TX,Supplier B,440,30,562,4.02,0.16
d614597c-1da5-7cb4-b065-95bf401f16a2,2022-09-29,TX-400,NY,Supplier C,252,17,319,4.26,0.28
cb5a5df6-41a6-2ec8-972c-30e35078d275,2021-07-09,TX-400,IL,Supplier D,321,26,408,3.79,0.78
244ba98e-730c-85ca-29c9-28dfd7566229,2022-09-05,TX-400,CA,Supplier A,361,18,442,4.26,0.74
4a9eef07-7b7e-99f3-484c-e92de7f379e2,2023-03-24,TX-200,IL,Supplier C,300,15,381,3.74,0.94
6eeffc6f-543d-3dd2-6960-31baf2b87353,2023-06-13,TX-500,IL,Supplier D,331,28,433,4.27,0.95
6e4dd787-94fb-8880-bc0a-bab294250bcd,2022-08-07,TX-500,TX,Supplier B,423,37,535,4.49,0.28
95a533a5-468e-405a-3be8-910489842765,2023-01-13,TX-400,TX,Supplier E,236,26,308,4.33,0.44
b3da1ba2-c66c-11b3-61d4-148c2d2714ad,2023-03-20,TX-500,NY,Supplier C,240,12,298,3.74,0.17
a873dbdd-6cde-b550-c604-62c8d326bb8d,2023-04-22,TX-100,FL,Supplier B,313,25,402,3.94,0.82
a2d52905-f601-3929-f913-0b3f90b69bdb,2020-09-22,TX-300,NY,Supplier B,263,21,339,2.91,0.33
88595cff-776a-530b-4677-c773c8f79ea3,2020-12-20,TX-100,FL,Supplier B,211,23,275,3.4,1.0
e1fda4f5-ef44-8019-b786-cce6f0cad23a,2020-09-05,TX-100,IL,Supplier E,280,15,345,2.91,0.78
c755931c-468b-d7c6-6bee-0aa3b69cdfd7,2022-01-22,TX-500,TX,Supplier A,253,22,326,3.7,0.89
cceeec03-cce6-9178-7733-0fffc420c39f,2021-02-09,TX-400,CA,Supplier B,226,18,284,3.82,0.18
79b06eed-e775-9748-e194-f7a5650e1425,2023-08-15,TX-100,FL,Supplier A,337,22,420,4.06,0.4
518d2eb5-7bb7-c8d7-d9d5-5cfce49ea89b,2023-10-18,TX-400,FL,Supplier E,311,22,393,4.1,0.22
3cfe91fa-26c9-ee54-252a-a32034660bd2,2020-09-20,TX-200,IL,Supplier C,300,28,387,2.91,0.37
5f954843-80c6-2906-c415-6ce67f01f8f8,2022-04-11,TX-200,FL,Supplier E,269,13,334,3.88,0.6
162d5ed6-62bd-7eb7-d8a6-904d4f540a92,2023-10-20,TX-200,NY,Supplier C,254,12,316,4.1,0.94
d4b44de0-a696-7585-6d9d-dbb1af0fdb33,2022-12-10,TX-200,IL,Supplier A,180,17,233,4.43,0.42
e17a4d33-cb7c-a1b8-2eaa-652b0aad7190,2023-06-11,TX-100,NY,Supplier D,321,30,414,4.27,0.67
8161a7d5-19ac-4c85-e6a6-7bf251b5269e,2021-01-14,TX-500,NY,Supplier C,186,15,241,3.45,0.8
5db0c976-71e8-56fb-8073-f0b2b6d3ac11,2023-07-13,TX-100,TX,Supplier E,366,25,457,4.02,0.37
47c14952-6177-9d44-bea3-de345597e46c,2020-06-25,TX-300,TX,Supplier B,360,28,458,2.68,0.02
7b819770-f976-5e11-f065-65a326fc7464,2022-03-01,TX-200,FL,Supplier B,263,23,339,3.78,0.01
86317de1-be97-1f9f-e79f-7619bf4e3293,2023-04-11,TX-300,TX,Supplier E,343,21,432,3.94,0.61
05d0104a-3ecb-1085-ea44-05940b9fb157,2022-02-06,TX-400,FL,Supplier C,218,16,282,3.6,0.54
905a45b3-37da-d704-c7e5-cb3be0bd07a7,2023-10-29,TX-400,CA,Supplier C,328,31,429,4.1,0.54
d6f1f3fb-a5d5-3a88-3cc4-c9d146cc2fee,2022-04-30,TX-200,CA,Supplier D,367,24,461,3.88,0.47
c9295f62-070a-13c8-f23d-e36c10312f74,2023-06-09,TX-100,NY,Supplier D,256,27,338,4.27,0.93
6916faa8-4d40-6922-9867-dcc917f57471,2020-09-09,TX-500,TX,Supplier A,305,17,378,2.91,0.54
bfee1a32-a734-434d-5a26-27ab28ba5d27,2020-07-21,TX-100,IL,Supplier A,287,22,363,2.82,0.45
3e5edc00-cf36-60f7-1a99-46907d258629,2020-08-16,TX-400,CA,Supplier A,397,23,492,2.82,0.88
3be508cd-d335-173d-5df6-96f07733c92d,2023-09-10,TX-300,NY,Supplier D,296,20,373,4.06,0.57
ba9e9a4b-2097-47d9-d64a-a0c57dd95e41,2023-09-18,TX-100,CA,Supplier A,319,21,398,4.06,0.96
e59d7461-33bd-48c9-4f79-d21265359c9f,2021-08-20,TX-100,IL,Supplier B,243,14,308,3.77,0.51
2836c7bd-2ef1-1a17-002b-9fb12d4790ab,2023-09-29,TX-300,IL,Supplier B,278,24,359,4.06,0.54
14691e43-78a1-8269-0633-3b0b232344ee,2020-08-20,TX-300,TX,Supplier B,326,28,428,2.82,0.24
a94e9ee2-a964-89e0-c658-35916738b83b,2020-12-22,TX-400,TX,Supplier A,214,24,280,3.4,0.28
2bd08071-a4b8-89ac-87d5-0972ede6e273,2023-11-17,TX-100,TX,Supplier E,193,8,236,4.32,0.43
78805716-3973-77fc-5924-72b2b3621134,2021-10-02,TX-500,CA,Supplier A,324,18,409,3.51,0.28
a6382a28-2ab0-4be3-293d-30a7fb78c711,2020-09-22,TX-100,IL,Supplier B,226,18,291,2.91,0.33
4fbad33e-4f2c-5457-7c4f-8a15e72fe45f,2021-08-14,TX-400,TX,Supplier C,319,22,405,3.77,0.8
d6d37750-f3e4-01b9-91e8-5810bfcee722,2021-08-18,TX-100,NY,Supplier A,238,8,288,3.77,0.86
57db0d96-fa7a-f664-c922-9003cb1a0741,2021-05-20,TX-400,NY,Supplier C,328,27,419,3.79,0.23
0a6b3d5a-7bac-b55f-25f5-8e8e8181213a,2020-04-04,TX-500,CA,Supplier D,287,23,370,3.56,0.47
39e8d4e7-5041-8629-d59b-48c9f200fa32,2021-08-13,TX-200,NY,Supplier D,281,19,358,3.77,0.74
07224a41-82ee-f6e7-bff5-d61af536706e,2020-01-10,TX-100,TX,Supplier E,210,14,271,3.17,0.11
43ea770c-5354-c0a6-4fd1-180ef5749004,2022-12-01,TX-300,FL,Supplier C,213,17,274,4.43,0.07
6d5454e4-47b7-a9b7-773b-27f1248f729d,2021-05-10,TX-500,TX,Supplier E,423,26,535,3.79,0.45
0a1e5a7c-8af4-576e-11a9-6e1a3babb300,2023-03-04,TX-400,NY,Supplier C,233,18,300,3.74,0.26
6b8a5df0-372c-296c-a69a-e9d8aecc66e4,2021-11-28,TX-200,IL,Supplier C,202,12,255,3.9,0.43
e514f8c1-1da1-f995-2b96-e6aa694da159,2022-05-22,TX-300,IL,Supplier A,286,16,360,3.99,0.62
8fa1c888-dd53-1e26-1ab6-37ad38b47729,2023-01-22,TX-100,FL,Supplier C,207,12,264,4.33,0.54
ada437b7-1644-7484-6fa8-f95ddffc2ee0,2020-10-23,TX-100,CA,Supplier D,282,19,361,2.74,0.95
7493be01-75bb-337c-ea27-3fd813779512,2021-03-26,TX-300,IL,Supplier C,281,17,350,3.96,0.74
b15aa3a9-4174-1336-867a-928772cfc727,2023-11-29,TX-100,TX,Supplier C,228,18,294,4.32,0.49
39936c22-71fd-a015-7a38-ea2b38cc5b81,2022-08-09,TX-100,NY,Supplier A,318,16,399,4.49,0.46
06633f09-9f0a-2b9a-2d76-806f16c2aa38,2020-11-20,TX-100,IL,Supplier C,203,18,259,3.1,0.16
6fd1a8ec-ad09-60cb-bfb2-c57f3da9f7fd,2022-05-30,TX-500,IL,Supplier A,390,29,504,3.99,0.3
fbe0949e-6768-f707-1880-da7d19a315ae,2021-06-15,TX-200,NY,Supplier B,276,18,351,3.5,0.53
095700fb-5426-02dd-0bd9-bdf730fc7a1d,2021-11-22,TX-300,NY,Supplier D,217,22,284,3.9,0.11
3324cd34-5433-bebf-6984-a9b3667674e0,2020-09-22,TX-200,TX,Supplier C,266,22,336,2.91,0.33
a2026449-77a1-9174-f3e3-89c6e45b8206,2023-06-12,TX-200,CA,Supplier B,391,26,495,4.27,0.05
d62a51e4-8f75-463c-9bff-6f64115623a9,2020-12-18,TX-400,FL,Supplier D,197,16,251,3.4,0.78
934ace69-1879-5f0a-5889-d0e485a01498,2021-05-24,TX-200,CA,Supplier D,379,24,485,3.79,0.49
0753b0c7-a217-084e-bceb-24b832c4ed9a,2023-04-13,TX-100,IL,Supplier B,292,20,369,3.94,0.89
319e2dc1-244e-5d1c-aa53-064e41bae45f,2021-08-03,TX-200,CA,Supplier B,416,21,522,3.77,0.92
a9dcf5c5-b484-d6c4-6a87-826539682378,2022-04-23,TX-500,FL,Supplier C,331,32,426,3.88,0.1
a16f80b8-e136-2acf-d695-c706247508e5,2022-07-10,TX-200,CA,Supplier C,389,33,497,4.71,0.03
8ce6c78b-43f1-210b-988d-2e245bcd7688,2022-01-08,TX-300,TX,Supplier E,188,11,237,3.7,0.8
c6fcf4c2-8184-2988-3146-a3dcec6d6a44,2021-03-22,TX-100,FL,Supplier E,232,18,296,3.96,0.43
0a030c19-0b9f-24cd-aa70-09911869696b,2022-02-20,TX-100,FL,Supplier D,252,16,318,3.6,0.55
55d25fc3-33c3-08e5-eed0-cb67f7e9abfc,2022-02-13,TX-100,CA,Supplier D,226,19,289,3.6,0.84
f39899c3-d0c3-ebda-6838-40f536b1ffdc,2020-04-23,TX-200,FL,Supplier A,292,17,362,3.56,0.04
ea1fb34e-e1c9-c92a-c962-bb952b323cfd,2020-07-31,TX-200,IL,Supplier A,293,11,364,2.82,0.31
561b8cd6-11d6-cc40-273e-b6838c2eebf9,2023-06-18,TX-100,FL,Supplier A,344,24,437,4.27,0.04
6c336769-6d86-2616-dc33-1e1c27196919,2021-10-04,TX-400,NY,Supplier E,224,17,289,3.51,0.24
3b130bf8-73b0-865d-ccba-4af61e0fdd5d,2023-02-09,TX-100,FL,Supplier C,198,19,261,4.02,0.82
2493005a-7cb5-0cc3-acbf-84e7e305d605,2022-08-11,TX-500,NY,Supplier D,357,32,466,4.49,0.15
f3adb38b-755a-b93f-69ec-fe9b2fc4d514,2020-10-19,TX-500,CA,Supplier B,344,38,454,2.74,0.8
4d049e40-b303-2a0e-b2bc-954532eeff29,2020-03-28,TX-200,FL,Supplier C,264,16,335,3.22,0.48
76485f08-5f3b-afdf-5b5b-91bbf1bd47d2,2020-04-24,TX-100,NY,Supplier B,214,16,274,3.56,0.55
272bd0cb-37a1-76a4-f213-961e99cc6de9,2020-04-26,TX-500,CA,Supplier E,338,21,427,3.56,0.83
d7abca97-34ef-5bf0-14c1-77df7bdb7d4b,2020-07-17,TX-100,CA,Supplier C,310,24,395,2.82,0.37
af93b396-769c-c7ff-1743-c005cf2c864f,2022-01-16,TX-500,FL,Supplier D,207,11,265,3.7,0.02
727eaadd-5e6f-0c15-9e0f-7745ff59398b,2022-03-25,TX-500,CA,Supplier E,318,19,400,3.78,0.1
511f256f-c684-b787-c2aa-341e6b5f373d,2021-07-03,TX-300,FL,Supplier E,306,18,391,3.79,0.62
a3a57cdb-ce67-ef3c-54ee-1d907d8708fd,2020-04-01,TX-400,TX,Supplier B,298,26,381,3.56,0.49
2b5e7fda-ebdc-f665-41f5-c7ee09717ed3,2022-07-24,TX-300,FL,Supplier E,377,27,476,4.71,0.92
50dc8e2b-60c8-17c5-aedb-d40fe5f8b464,2022-01-06,TX-100,FL,Supplier C,177,20,236,3.7,0.81
9ad2d9e9-8016-cfe5-be8d-0e87025cbc2a,2022-02-20,TX-500,IL,Supplier D,235,23,305,3.6,0.55
7a2be9ec-afe0-ef3d-017f-95de1fe8d184,2020-07-07,TX-200,TX,Supplier B,360,29,461,2.82,0.02
50d1715a-246e-95ee-b0d3-b109f0f77e09,2022-05-11,TX-500,NY,Supplier E,338,20,426,3.99,0.88
212bc45e-1d15-f0ae-e83e-29666b7132a6,2022-08-19,TX-400,FL,Supplier A,372,23,467,4.49,0.6
3592f80b-5d12-ec2c-83e3-240a6d230a8a,2020-05-27,TX-300,IL,Supplier C,315,24,403,2.99,0.87
c11b84ff-4173-b6cb-5c8d-9fdf6440c4e1,2023-09-10,TX-100,TX,Supplier E,276,11,348,4.06,0.57
b2edcfd2-2501-507b-81a6-b754ca86b71b,2021-09-02,TX-500,CA,Supplier C,382,26,482,3.71,0.27
bc95b1ec-bdfb-5606-85ec-ed77600a3ae7,2020-09-06,TX-200,FL,Supplier D,294,26,379,2.91,0.64
4a961bea-d333-dc65-3de9-b30ce82e90d3,2022-12-31,TX-300,NY,Supplier C,177,15,227,4.43,0.32
a9ba474f-dc39-1677-3a59-e85436afffc2,2021-03-08,TX-400,TX,Supplier C,234,16,293,3.96,0.59
c536956a-e6c1-ec0d-1725-427afea759f2,2022-10-26,TX-300,FL,Supplier B,242,28,313,3.97,0.33
7bbb6d07-115d-0fab-23fc-6d0645a0b70f,2022-06-24,TX-100,TX,Supplier A,380,27,485,4.1,0.89
9c81203d-ebe3-9cc9-24c8-6f63c7cd999c,2023-01-15,TX-500,IL,Supplier D,217,10,270,4.33,0.03
46a08187-936e-068f-5ff4-ab7d0188db9c,2020-03-04,TX-300,TX,Supplier B,268,23,344,3.22,0.58
7f10a195-c505-e692-2caa-b3aaeef71c21,2020-12-12,TX-400,NY,Supplier D,191,15,245,3.4,0.83
5ee2e478-13cc-3a71-f504-70d115da3d05,2023-11-20,TX-500,CA,Supplier A,241,16,308,4.32,0.17
1982d902-d881-559f-984f-5e0843968139,2020-07-01,TX-200,IL,Supplier C,276,26,356,2.82,0.97
86d55b39-664c-cb5d-9fa5-6c5b8488f734,2021-12-29,TX-100,NY,Supplier A,158,12,203,3.84,0.77
c827c4ba-ce56-352c-0e3f-f7b22a82faf1,2022-01-02,TX-400,CA,Supplier A,241,14,302,3.7,0.45
325e56e0-8d19-c120-5218-7479c62d3665,2021-09-13,TX-300,CA,Supplier E,316,9,385,3.71,0.57
7eedbe50-d231-7345-3f46-4cae80122655,2023-01-07,TX-400,NY,Supplier A,204,10,253,4.33,0.1
4e842154-9967-a91a-588a-b8374e36c47a,2023-07-14,TX-100,CA,Supplier B,328,22,419,4.02,0.1
57b18dae-0ad9-c41b-3e7b-796e98d4b57a,2021-05-25,TX-400,CA,Supplier D,390,29,500,3.79,0.08
3083076f-e7b7-1720-8c70-71f53ad6251d,2020-08-06,TX-300,FL,Supplier B,320,19,402,2.82,0.12
9e4253a3-41ac-3139-85b2-8e3ba4338920,2022-07-02,TX-100,NY,Supplier D,266,25,347,4.71,0.13
d977291c-8c91-2f94-fcaf-b9021469b5e8,2020-03-24,TX-400,FL,Supplier C,234,17,299,3.22,0.35
05065720-09a5-1b3c-cc8e-11904cb6170d,2023-11-14,TX-500,CA,Supplier E,311,12,393,4.32,0.32
242239eb-e70b-9685-4b84-4f4a943e8782,2021-08-03,TX-200,TX,Supplier C,311,27,402,3.77,0.92
77f16547-b8a7-b5ca-8276-17bc1b9d29ba,2020-08-12,TX-500,IL,Supplier D,355,23,447,2.82,0.68
f94a0deb-3189-1916-38e1-b4467ec5ad95,2020-12-18,TX-400,CA,Supplier D,251,14,311,3.4,0.78
1c2533c6-60ab-4cf4-c45d-0a17c4b93b50,2022-01-11,TX-500,CA,Supplier A,276,10,339,3.7,0.41
8f3f413c-827a-0bad-f1f6-42695baae497,2023-12-24,TX-500,FL,Supplier D,236,22,309,4.33,0.43
bdbccb11-8750-fbe1-957a-ee39712bb449,2023-03-28,TX-300,TX,Supplier B,252,20,316,3.74,0.2
5cd241d5-0956-b076-c2bd-76a351baeb58,2023-04-02,TX-500,IL,Supplier E,296,16,372,3.94,0.42
49969ebd-9673-39d8-1d59-a5bf70cc3852,2022-01-18,TX-300,IL,Supplier B,194,9,242,3.7,0.73
056dbd18-1bc8-1822-adde-a767bfecf12e,2022-06-08,TX-500,IL,Supplier D,334,33,434,4.1,0.1
fc2ec563-401c-c250-859a-e2b88d2d676e,2021-06-21,TX-400,TX,Supplier C,430,33,551,3.5,0.34
cd5f8166-ec6a-2aa8-7aeb-ceec037dea6b,2023-12-10,TX-200,TX,Supplier D,239,19,304,4.33,0.48
59fa3bb7-95f1-42a0-914a-48404e1ecc31,2021-07-22,TX-500,CA,Supplier B,408,32,521,3.79,0.12
01e55f53-ca5c-ef10-bf99-bbe1b230485e,2021-04-09,TX-100,CA,Supplier D,324,19,402,3.68,0.33
ead47b84-b93f-a6e2-31d6-e13fc5bc261a,2021-09-28,TX-300,FL,Supplier B,293,21,378,3.71,0.42
a1aa4c8e-28c2-d427-312f-2a5f2295ac0a,2021-03-20,TX-200,NY,Supplier B,264,19,334,3.96,0.79
625088bd-bdda-9ccc-4bb3-9aa8e2a123b3,2023-08-05,TX-400,NY,Supplier E,305,14,378,4.06,0.62
28c2e265-6d53-8338-9285-97361d3ba160,2022-08-29,TX-100,NY,Supplier C,225,13,284,4.49,0.75
d58ed885-818a-fb25-5102-b5957efac928,2020-04-20,TX-200,TX,Supplier C,290,21,371,3.56,0.11
aaabc402-e089-b02f-c828-8a93febc4e86,2021-06-04,TX-500,IL,Supplier E,379,19,471,3.5,0.34
cc4f249f-8d5d-d111-3736-e69a455ddb46,2022-12-16,TX-200,TX,Supplier D,193,16,245,4.43,1.0
9c9e1fdc-dc1c-14fe-ecdd-c74e425fb1f5,2021-07-07,TX-400,CA,Supplier A,400,23,506,3.79,0.72
b348dd97-d51b-7a0d-a9d8-5314636b6e95,2023-09-15,TX-200,FL,Supplier C,349,25,446,4.06,0.31
09fbf483-1955-ed52-b7e1-364f748b5a09,2023-05-11,TX-300,TX,Supplier A,364,21,464,4.14,0.19
dd36fab5-7564-5fef-88d6-f40d22126916,2023-05-08,TX-500,NY,Supplier A,375,30,471,4.14,0.58
bdf327f9-10f2-5dbd-eb6a-58e0f3d9dc77,2022-08-09,TX-300,TX,Supplier D,301,36,395,4.49,0.46
191b96f7-373e-ead7-4d73-44f0962a3382,2020-09-25,TX-300,NY,Supplier E,267,12,332,2.91,0.3
cb7bdba1-e3ed-8801-8cd1-7d800bdbb5fe,2022-12-27,TX-100,NY,Supplier E,160,4,195,4.43,0.79
aadab4d0-4c26-6aa3-7737-ef60213eb4d1,2020-07-29,TX-500,FL,Supplier E,391,24,493,2.82,0.15
e5369495-5295-5261-7f41-1236dc7b8e7f,2020-06-28,TX-400,FL,Supplier D,383,35,490,2.68,0.11
b3260726-1a69-c3b3-c9f5-a49f0184e645,2020-08-05,TX-200,NY,Supplier A,318,21,403,2.82,0.15
dee86011-878e-474b-50e3-5cd7f71c4573,2021-07-11,TX-200,TX,Supplier B,343,25,437,3.79,0.11
27b209d8-c597-3449-2e2f-594db8f43f89,2022-07-11,TX-200,CA,Supplier C,410,31,516,4.71,0.12
d0622587-ae1f-3c02-1e33-fb013fe0f72a,2023-03-09,TX-200,NY,Supplier B,268,17,342,3.74,0.39
f664fec0-f683-d3af-80b8-41e9f3644b94,2023-07-08,TX-200,NY,Supplier A,362,19,450,4.02,0.96
cae3ad8f-575b-9472-4ce6-ddd48cd7c75c,2023-07-22,TX-500,NY,Supplier E,308,14,384,4.02,0.42
cecb683b-8872-6b55-ef99-d94e0d300e58,2022-10-28,TX-100,NY,Supplier C,186,12,235,3.97,0.91
899a3657-23d1-8f81-d0ce-5b1b868e6228,2022-07-04,TX-300,TX,Supplier D,384,32,491,4.71,0.48
54221c12-93d0-6aa3-c77e-bd60f6733b80,2023-11-29,TX-400,IL,Supplier D,193,18,252,4.32,0.49
a94c9723-8bf8-98f7-4055-f6dff7284510,2021-10-25,TX-200,TX,Supplier B,249,14,315,3.51,0.9
897a64eb-574c-9a5d-59ee-b5a8db11cf73,2023-02-18,TX-200,CA,Supplier A,248,25,322,4.02,0.87
e5bca302-6d33-b333-ea23-f0eab8789780,2022-10-09,TX-100,CA,Supplier A,287,21,362,3.97,0.26
6021e0a4-f1e6-e2fd-5241-858035d13ff0,2021-05-04,TX-400,CA,Supplier D,390,34,501,3.79,0.84
bd30247d-a98f-a39c-040e-ff3cc81df8dd,2020-11-19,TX-500,NY,Supplier D,187,24,250,3.1,0.31
31ff0ef7-29b9-7d63-4e0e-f0a80630ea62,2023-12-17,TX-500,FL,Supplier E,257,14,321,4.33,0.86
b0d46d29-b1e3-3f1d-8588-d561cf4edee2,2022-12-04,TX-500,NY,Supplier A,194,17,248,4.43,0.27
c3c70a81-b9aa-6ecf-d565-bea4bf466b9e,2023-10-26,TX-300,NY,Supplier A,245,16,309,4.1,0.2
e1473de4-4c0d-a587-514e-eab740dc2e45,2021-06-07,TX-500,FL,Supplier B,415,28,531,3.5,0.77
5811841b-d14f-c6e6-74bc-3882af8ffc1e,2020-11-21,TX-200,NY,Supplier E,171,12,217,3.1,0.15
b3f5e1c9-b7b3-0d5c-d589-49a77cb7242b,2020-08-25,TX-200,TX,Supplier D,330,29,417,2.82,0.37
29afec84-8256-8427-37c5-ca87c4be7009,2022-04-16,TX-300,CA,Supplier D,323,26,416,3.88,0.39
2109cfb3-d3e0-01e6-8e76-15bdea20a2a1,2022-09-21,TX-300,IL,Supplier C,248,16,309,4.26,0.02
33a1fcc9-ec31-f86a-747e-0955c7a0cea7,2023-01-29,TX-300,IL,Supplier E,183,17,239,4.33,0.5
0e69ee15-1ac1-81d8-90c1-f5765502e045,2023-01-30,TX-500,CA,Supplier C,244,22,315,4.33,0.75
f3afc59b-2dd5-01ec-7c26-4b99e1afe7af,2021-04-10,TX-300,CA,Supplier B,310,27,397,3.68,0.17
fdec2f32-98e7-36b1-bda7-acbb6ee9dc02,2023-08-28,TX-200,CA,Supplier D,391,33,501,4.06,0.04
864481da-f11f-37a1-6869-af5fa7120b44,2022-04-06,TX-200,CA,Supplier E,289,18,357,3.88,0.39
8171dbc5-2f82-8ecf-eff0-b4d0fc02802c,2020-03-28,TX-300,FL,Supplier E,292,16,368,3.22,0.48
93df8298-6e84-47ba-ba62-67d35626ba24,2020-10-25,TX-500,FL,Supplier C,239,25,308,2.74,0.59
d37c4262-7544-2b15-1e41-48859f6c238d,2022-04-28,TX-200,CA,Supplier B,361,22,445,3.88,0.19
3de213f9-54b0-3493-dbb0-0df4e54ae717,2022-07-20,TX-300,CA,Supplier E,316,11,388,4.71,0.82
44666987-f4d4-fda9-f9c4-837b8f5031ba,2023-09-24,TX-100,FL,Supplier A,255,16,328,4.06,0.84
e325a693-a450-eeb1-a1dd-2bdc495a5199,2021-12-10,TX-200,IL,Supplier B,209,17,270,3.84,0.46
244feb09-9634-fa2c-98fe-89c0b7e8439f,2020-06-16,TX-100,FL,Supplier E,304,14,381,2.68,0.12
25e58b00-0423-4129-81e1-736f43c9cd64,2022-10-30,TX-400,CA,Supplier E,306,20,385,3.97,0.84
68620340-b7bc-f727-90d4-8426ae595847,2022-03-25,TX-100,FL,Supplier E,239,15,303,3.78,0.1
d24dbe9e-ba26-d6e6-db61-3ad4e80bebd6,2020-10-04,TX-500,NY,Supplier C,295,14,366,2.74,0.53
449c135a-d678-102f-1d97-b06029f5f05d,2020-09-13,TX-100,CA,Supplier C,259,20,326,2.91,0.39
1ee8ea38-c039-4cb1-362f-beddb454136f,2021-02-10,TX-400,IL,Supplier D,203,15,260,3.82,0.98
c9399fc0-115c-0e6e-08e3-10324b930c47,2023-05-01,TX-300,NY,Supplier E,254,8,310,4.14,0.17
d3e5ab27-34c5-c969-5d2b-ae140694b96d,2021-05-18,TX-200,FL,Supplier C,361,38,473,3.79,0.91
29c70f39-756d-1b4a-a2e6-4546e03fbe67,2023-10-03,TX-300,FL,Supplier B,249,28,327,4.1,0.48
a261069a-17f0-d7cb-3d6c-21d9847c5675,2020-07-11,TX-500,FL,Supplier A,377,23,469,2.82,0.23
97241092-3b1b-8018-c37f-871780adf7fd,2023-05-08,TX-500,CA,Supplier A,388,34,498,4.14,0.58
bbead7a6-2dcb-9426-58f3-17cfbf85724d,2023-10-07,TX-500,FL,Supplier C,334,14,416,4.1,0.39
fa1f3142-fb1b-0534-a8fd-e894b4a5c02b,2020-10-10,TX-100,NY,Supplier B,231,11,286,2.74,0.86
bdae0923-c769-6d24-9032-a0d9e04a1ebe,2021-10-24,TX-200,FL,Supplier B,215,12,271,3.51,0.81
c4f2b82e-c725-d7ca-b2a5-0462743746ef,2023-08-03,TX-400,TX,Supplier E,386,17,489,4.06,0.67
147943d2-7f08-2ed9-c774-eec7473725a3,2021-07-05,TX-100,NY,Supplier C,283,22,361,3.79,0.76
b4b18cd6-d482-841c-20c3-2754b80646f8,2022-01-25,TX-400,FL,Supplier A,221,10,272,3.7,0.14
d336cb81-d088-6145-c8f0-6ce005e5eab5,2023-07-14,TX-500,FL,Supplier B,365,30,469,4.02,0.1
9592e61e-804f-9953-b321-30592228a325,2020-04-06,TX-200,IL,Supplier A,250,16,315,3.56,0.33
ed4a2c5a-f9ac-2e4c-5608-6bb2bf521f7c,2021-08-03,TX-100,CA,Supplier A,347,27,445,3.77,0.92
3d13fd4d-f638-0f19-b305-f849a99e303b,2020-01-25,TX-100,TX,Supplier B,214,18,277,3.17,0.06
a5b671e8-361d-3ea5-89f3-8fcef5ae7839,2022-03-31,TX-300,CA,Supplier C,318,27,406,3.78,0.74
59cb054f-87cf-38ba-dd43-5f78ca664e3e,2022-06-04,TX-400,NY,Supplier C,285,29,370,4.1,0.21
a33b4779-1836-15a9-dfd4-18571862eb7e,2022-08-21,TX-400,TX,Supplier A,327,26,422,4.49,0.95
c7d0ea6d-0efb-f97f-9886-63d279d36ca6,2022-08-31,TX-500,CA,Supplier D,348,18,434,4.49,0.53
9d7cead3-3ec6-8bbe-c9b7-b9e1a24a39a0,2021-08-05,TX-300,TX,Supplier D,314,30,409,3.77,0.04
00cfcd1f-7be4-8dd5-3957-aae256e2a23a,2022-04-09,TX-400,FL,Supplier C,321,34,415,3.88,0.58
3229441d-ccb4-6e4f-72a0-ca0c0f4a26a3,2021-11-22,TX-200,TX,Supplier D,229,21,291,3.9,0.11
abc32a33-91a6-6b3b-071f-f289facfe5d4,2021-11-19,TX-300,NY,Supplier C,202,16,258,3.9,0.39
477dd82a-5ff0-a203-d06e-73fae25aa3d4,2022-08-18,TX-100,TX,Supplier B,342,32,441,4.49,0.66
89ec88e0-f561-d9bc-db77-6587ecd05c60,2021-09-21,TX-100,IL,Supplier E,232,14,292,3.71,0.37
55e32f63-41e3-419d-a3dc-1d8ee298e3ca,2020-09-30,TX-500,CA,Supplier A,363,22,462,2.91,0.54
70cb7f76-0299-0ca8-c777-8b63cad0d525,2020-02-22,TX-100,CA,Supplier A,242,16,304,2.91,0.27
e71db3ce-3cbc-95b3-5f8a-648c7808133f,2022-10-17,TX-400,NY,Supplier E,265,22,334,3.97,0.88
514ee64f-eec6-7233-499a-5d5d60e96cd8,2022-11-04,TX-400,CA,Supplier C,297,21,381,4.13,0.48
121f1bb5-1496-8000-90e3-fae101bc4580,2023-12-16,TX-300,FL,Supplier C,202,11,255,4.33,0.64
7812f073-3d5d-aca4-c4df-cf4f43a77c1f,2021-03-30,TX-400,CA,Supplier D,317,19,393,3.96,0.52
9af0a38a-43df-99fb-9b32-9b0cf1c35e0e,2021-08-12,TX-200,FL,Supplier C,343,22,438,3.77,0.87
2fa45068-b6cc-e8bf-9e0c-627ff742b308,2021-12-13,TX-300,NY,Supplier B,156,12,202,3.84,0.05
a2790b5d-6a39-df2b-4c36-a14d0fc8cb20,2023-12-22,TX-300,TX,Supplier A,241,17,309,4.33,0.96
2a525325-dce8-ecc6-4eaa-ce0d95565cfd,2022-11-16,TX-400,TX,Supplier D,250,26,328,4.13,0.01
69423bae-a06b-8536-9ff7-0811c6e68b9b,2020-02-13,TX-100,FL,Supplier C,209,9,260,2.91,0.38
44b8d78e-4a79-1c95-d4d7-6cf49b2f0000,2022-08-29,TX-400,CA,Supplier C,347,29,450,4.49,0.75
bb8061e0-7ea0-4d44-1bcd-0655fe73e04f,2021-12-01,TX-100,FL,Supplier A,202,13,256,3.84,0.26
e5755f0c-45bd-65f3-9ea3-e5f0d9211e21,2022-11-27,TX-400,NY,Supplier A,235,13,296,4.13,0.42
645fcaed-d80d-0f44-447a-6f2aba0b7029,2023-02-21,TX-100,FL,Supplier E,238,6,289,4.02,0.66
79642ce8-e51b-3b52-4b9f-ea80248cdc50,2021-12-09,TX-500,TX,Supplier E,230,13,284,3.84,0.05
e197fcf4-5bf1-b70e-231b-dfb519003605,2022-09-25,TX-200,TX,Supplier E,339,21,419,4.26,0.86
78177e4e-af2c-1b70-0035-4f08fa73a125,2022-07-19,TX-500,TX,Supplier B,426,44,555,4.71,0.99
20bd0dcd-6331-fe70-f77d-2fb6c3e6a7de,2020-08-04,TX-500,CA,Supplier D,344,25,441,2.82,0.28
3a06be7a-b660-530b-4997-2412c7e8c5aa,2020-01-31,TX-500,TX,Supplier A,256,16,326,3.17,0.66
09e8aeac-536c-419c-ef24-4249e667fb59,2023-12-06,TX-200,FL,Supplier E,204,9,248,4.33,0.05
2512ddf8-ecf8-e993-db92-5938f602f7df,2023-03-04,TX-200,IL,Supplier A,250,15,313,3.74,0.26
8d65a28b-1f60-8883-ed68-64c377cac951,2020-10-20,TX-500,NY,Supplier A,281,18,355,2.74,0.59
2b8f2c28-0371-ee4e-ed18-3a838b08f7f8,2023-08-04,TX-500,TX,Supplier C,388,29,497,4.06,0.38
e874c63e-9ee6-2bc4-c64d-96ab6aefa53b,2023-12-29,TX-500,NY,Supplier D,237,18,301,4.33,0.22
6cc50068-5075-441b-262a-f228096bd156,2020-09-25,TX-200,FL,Supplier A,306,30,397,2.91,0.3
9d0389dd-caea-b23a-eea8-433a62c3dcd7,2023-03-12,TX-200,NY,Supplier D,211,14,266,3.74,0.31
1de810f4-377b-a7e0-9287-93aaa5395c6b,2021-07-13,TX-400,TX,Supplier C,425,29,533,3.79,0.44
fc6230ab-deca-0108-991f-a340234417f3,2021-01-15,TX-200,NY,Supplier A,194,12,246,3.45,0.93
d1b57599-abd8-2333-8c20-8f9dc53c28e7,2021-10-22,TX-400,CA,Supplier A,318,24,406,3.51,0.99
a3d3dcb2-dcf5-f473-48ed-06af70e405b2,2023-03-10,TX-500,TX,Supplier E,346,26,445,3.74,0.27
e17c9818-c11f-b560-cfc0-9d78bafaa5cf,2022-03-05,TX-300,CA,Supplier C,268,25,345,3.78,0.09
3a52daa9-f8e4-f030-9ea9-da69fc875875,2022-07-04,TX-500,FL,Supplier D,388,34,510,4.71,0.48
f618157e-01e3-c020-6026-e772da90fbdc,2021-07-14,TX-400,NY,Supplier C,327,24,413,3.79,0.55
e938ebe0-1cf8-1521-d0bb-19ae4a91d694,2020-10-09,TX-500,TX,Supplier E,318,14,399,2.74,0.69
c3a03ce1-05aa-b49d-f29c-f6c42df640f0,2022-09-22,TX-400,IL,Supplier C,291,27,372,4.26,0.33
2e50502e-3d05-a7e3-c39d-fbb26910eee2,2022-12-02,TX-200,FL,Supplier B,239,24,309,4.43,0.14
26396bc0-9cea-65bc-e501-15c61d3e44c7,2020-07-15,TX-400,TX,Supplier B,356,20,446,2.82,0.6
6094df27-df2c-463c-5aae-2f2bb4763289,2023-07-16,TX-400,TX,Supplier D,356,26,453,4.02,0.48
da9b614d-f788-239f-20fd-6a211c81c6d5,2020-08-08,TX-200,CA,Supplier C,398,44,524,2.82,0.06
ef332912-f345-925c-581f-87626f0d3618,2020-01-09,TX-400,TX,Supplier A,198,9,252,3.17,0.14
3f6dbbbc-be6e-d7ff-24f8-d308ea07aac8,2020-07-27,TX-100,CA,Supplier B,341,26,433,2.82,0.07
20f9f649-7219-aa2d-ccea-88eb0f6178c7,2020-09-10,TX-200,IL,Supplier D,278,17,350,2.91,0.51
dc4d8717-0bf8-1dd3-7d57-895907e468ff,2022-06-09,TX-200,TX,Supplier B,372,20,470,4.1,0.26
8831886e-359e-0da6-d53d-74bcd7b6e868,2022-08-27,TX-200,IL,Supplier E,287,16,364,4.49,0.45
3562238e-dd3a-cf2f-853e-bd34812af6fd,2020-02-21,TX-500,IL,Supplier C,244,18,316,2.91,0.7
a0a92fb2-a084-bbef-0942-61310f0b6811,2023-08-28,TX-100,CA,Supplier B,358,34,462,4.06,0.04
1161e415-c75a-6b73-0748-3ee67db3c5b6,2022-07-19,TX-100,TX,Supplier E,343,17,424,4.71,0.99
6d532af7-b9c1-d8a0-5d9f-33a1156eedd4,2020-02-17,TX-500,CA,Supplier A,273,15,341,2.91,0.09
b4820222-7639-b8d6-75e2-914b35e35694,2021-07-04,TX-100,IL,Supplier C,284,25,366,3.79,0.48
7afaa0dc-8e29-b697-f416-df1a24556888,2021-12-22,TX-300,CA,Supplier E,198,11,249,3.84,0.57
959e456d-7fd0-6326-a7eb-8acd21bc555a,2020-03-20,TX-500,TX,Supplier B,261,16,329,3.22,0.59
00831150-42fa-ef3c-d4e8-d1f980a005cc,2020-07-24,TX-200,NY,Supplier A,262,18,324,2.82,0.75
c371e3a8-6365-3ea9-f8f5-11ba8c0c0138,2022-02-25,TX-300,TX,Supplier B,275,23,354,3.6,0.76
4b562a05-bd08-c1c6-58ba-1db88ca8f69b,2021-11-30,TX-100,CA,Supplier E,213,10,269,3.9,0.84
64e527d0-e087-81e5-4791-e4872237340d,2020-03-28,TX-100,IL,Supplier D,239,17,298,3.22,0.48
e82fff25-bc34-e5c9-2752-0755b69c3ae9,2020-10-29,TX-300,TX,Supplier D,253,20,320,2.74,0.56
8798259c-cd99-8d0d-f1f6-3147910f676a,2021-07-18,TX-100,TX,Supplier E,339,21,429,3.79,0.29
953eef01-c5b1-efa4-8f87-e3f05f5bb619,2022-06-12,TX-100,TX,Supplier B,305,20,383,4.1,0.41
e545b799-1faf-6144-1c2b-d1d320f0fd13,2022-01-28,TX-100,CA,Supplier A,253,10,315,3.7,0.51
c618efc2-36e2-8541-9fd3-c2f6e1d2393a,2023-09-11,TX-300,FL,Supplier C,323,32,416,4.06,0.4
9c9153cd-2668-3b5b-e9bc-7db32a927c35,2020-10-06,TX-500,FL,Supplier D,320,27,405,2.74,0.29
6c65b671-8aa7-3b63-8f09-8e501ead486d,2021-03-24,TX-100,FL,Supplier C,222,20,287,3.96,0.36
c4ad89ae-11af-7774-2f37-0efbc9397dac,2020-06-06,TX-200,IL,Supplier D,346,29,438,2.68,0.68
dfcf7e1d-ba50-e6eb-a825-dfac101b954d,2023-04-22,TX-200,NY,Supplier E,294,23,382,3.94,0.82
41f33ccc-19d0-4799-a5c5-da83ac8c4e8e,2023-11-21,TX-200,FL,Supplier D,245,21,317,4.32,0.94
f4a238b5-955e-f816-c90e-854f77f39bcb,2023-07-11,TX-300,CA,Supplier B,396,34,504,4.02,0.59
e5e6d0f7-bc02-8ba8-01c2-fc9d8cec52d1,2020-05-31,TX-300,IL,Supplier D,333,35,428,2.99,0.97
627b3528-ce91-e77c-fbfc-914babbf5e74,2023-10-09,TX-500,IL,Supplier A,275,18,353,4.1,0.08
91318699-f682-aabc-9fb1-2a0736ec19a8,2021-06-30,TX-500,NY,Supplier C,359,21,445,3.5,0.7
14d445d5-79c2-a6a4-9755-8418b036ad1c,2022-06-07,TX-200,IL,Supplier B,283,21,359,4.1,0.9
9d2530cc-9b38-26cd-3494-34b9dff5a94c,2023-05-01,TX-100,IL,Supplier E,283,13,346,4.14,0.17
fecde6b3-e2b0-fe16-da2c-624a4b60567a,2022-10-06,TX-300,FL,Supplier B,231,10,288,3.97,0.7
c3e54b8e-3ccd-8118-6d03-9fb9ec3e2828,2023-10-05,TX-500,FL,Supplier C,297,16,367,4.1,0.39
19761be9-71b4-f939-2d09-33f3228a03f1,2023-02-21,TX-200,CA,Supplier B,301,25,387,4.02,0.66
21d25759-357e-643d-fe01-6fd72fb0da9d,2022-09-17,TX-400,IL,Supplier A,308,16,387,4.26,0.09
7ed7a039-17b6-5a44-91db-e2a52524e2a0,2023-10-24,TX-100,NY,Supplier C,186,10,236,4.1,0.15
d4af5ae8-b4dc-6f2c-e329-45f721454079,2021-11-10,TX-500,IL,Supplier A,275,18,353,3.9,0.52
9b148305-0e39-8329-f293-6a968b8e8c79,2021-12-12,TX-200,FL,Supplier D,227,23,297,3.84,0.15
18fcc702-a170-6fcd-8f6b-d65d16c0681f,2021-06-27,TX-200,CA,Supplier B,333,25,424,3.5,0.6
8c69a5c0-1247-be3e-48c5-9e486ad38206,2023-07-30,TX-500,CA,Supplier B,455,23,569,4.02,0.52
54cea527-d600-8593-8b34-31d70b1d128f,2023-02-25,TX-200,TX,Supplier D,226,18,287,4.02,0.55
565e6c69-e787-e98e-b535-124fcedfd681,2020-09-03,TX-400,FL,Supplier C,306,35,402,2.91,0.98
73abad75-7d4f-7135-a2bb-df99e40507f4,2023-10-24,TX-300,FL,Supplier A,266,16,335,4.1,0.15
7980204c-ed45-c09c-0635-61982ce8d35f,2021-06-22,TX-100,FL,Supplier B,294,21,380,3.5,0.19
c9130664-5cc9-5b93-048a-46ede8f7c672,2021-12-21,TX-500,TX,Supplier B,220,16,282,3.84,0.24
ce99cba3-5762-24fa-eb94-a3d56ef521a2,2020-02-26,TX-400,CA,Supplier B,236,19,298,2.91,0.45
980c1355-3c04-4348-2e7e-d1bf20991e46,2023-10-02,TX-400,IL,Supplier A,258,18,324,4.1,0.7
e24b21e1-ef64-ab6f-1e7a-93da46203408,2020-09-18,TX-100,TX,Supplier C,291,21,369,2.91,0.42
9c44720d-1c38-4e2d-4a3e-45b7573224a9,2023-01-05,TX-200,TX,Supplier B,196,17,254,4.33,0.14
b83d15db-1c46-66cb-0533-d7ae034272be,2022-06-23,TX-100,CA,Supplier D,391,20,485,4.1,0.94
f7526522-c32c-116f-29c5-70c690d10fb5,2023-05-30,TX-500,FL,Supplier D,335,28,429,4.14,0.38
ef44b8f4-d9a2-f714-7ab9-4f98766491f7,2020-12-20,TX-200,NY,Supplier E,195,10,248,3.4,1.0
5d3f6d26-b4ae-bad8-c680-9127d38cca18,2023-05-16,TX-300,CA,Supplier B,347,28,449,4.14,0.41
1f3a0767-3115-1256-1068-40673671f4bf,2022-05-27,TX-300,IL,Supplier A,332,22,425,3.99,0.85
d6a95b5c-d866-7be6-75b7-338e8ed9006c,2020-12-30,TX-400,NY,Supplier C,199,14,253,3.4,0.03
887477a7-023a-d696-1689-6ad795f2cc95,2021-09-03,TX-200,CA,Supplier E,326,22,415,3.71,0.89
d3b34ff0-9dba-dee1-bbaf-f08fef9b92ac,2022-01-04,TX-400,NY,Supplier C,210,13,266,3.7,0.98
0ddf49ef-22b6-4667-a613-feed7968e280,2023-09-11,TX-100,IL,Supplier E,298,26,388,4.06,0.4
97e63636-e488-a3cd-1352-bf96dcc2456a,2022-10-20,TX-200,TX,Supplier E,280,14,351,3.97,0.94
6c0c6307-528f-ed73-ffa2-37d2e0f40fd0,2021-09-02,TX-500,IL,Supplier E,359,15,440,3.71,0.27
14b64dac-4cf1-3dbb-6941-acffc3763f01,2020-11-25,TX-400,TX,Supplier D,233,15,294,3.1,0.73
77c859fc-fe03-add9-f5ef-16366b349db5,2023-11-26,TX-200,IL,Supplier D,190,19,247,4.32,0.51
326625d0-3c0c-90a8-8cfd-cdfcacaafdd6,2022-08-24,TX-300,TX,Supplier D,353,33,455,4.49,0.68
e71d3446-5b1a-b4e9-f96b-959d7005dbef,2020-06-07,TX-300,TX,Supplier D,359,26,452,2.68,0.12
4d83a14b-4012-17f5-8acd-7c3f4b560bdf,2020-07-26,TX-400,IL,Supplier A,299,19,379,2.82,0.11
090c4ce1-e06f-5c52-c3e0-ff2db8a60b85,2022-01-05,TX-200,TX,Supplier C,238,16,302,3.7,0.36
e6de2e22-1e16-81fc-4479-d07d12becb32,2022-06-12,TX-500,FL,Supplier C,347,31,443,4.1,0.41
951eabab-4c70-cf67-bbbc-4016c718f015,2020-05-17,TX-100,TX,Supplier E,301,19,379,2.99,0.09
2fc0e3bc-addc-cba9-d585-5ad9662fbe35,2023-11-11,TX-300,NY,Supplier D,223,18,287,4.32,0.77
48a33eb1-ded9-f1e3-93de-19f029a2874e,2023-04-27,TX-400,TX,Supplier B,350,20,441,3.94,0.32
95ae6a0f-a9a4-052b-3aa8-b5dcfe32d883,2023-04-22,TX-300,TX,Supplier A,320,15,404,3.94,0.82
d69f796a-1ce4-07c2-73b7-99e1ac45adb9,2020-11-27,TX-400,NY,Supplier A,221,15,281,3.1,0.94
1f57c0b5-3999-ad93-58a3-164ca8319bcd,2023-12-05,TX-300,TX,Supplier B,209,19,269,4.33,0.64
c3937718-cb6d-61a6-a282-1ad6b7e47b67,2020-08-15,TX-400,NY,Supplier C,332,34,431,2.82,0.5
99b21394-9e0f-4a1b-5515-fffa55618eae,2023-12-04,TX-400,TX,Supplier A,209,13,260,4.33,0.23
15e8f166-6cd1-a9bd-713f-c12e8691e7f8,2020-07-22,TX-500,CA,Supplier E,357,15,438,2.82,0.25
9a90d196-6c61-e2cf-96ac-aaf36c545a8e,2022-09-02,TX-200,IL,Supplier C,326,29,415,4.26,0.3
85562731-ff59-152c-a263-6261258197e4,2020-05-16,TX-100,NY,Supplier B,262,12,323,2.99,0.37
e7b1a78b-e9ea-26c0-be0c-f9c3e923eb46,2023-07-15,TX-200,NY,Supplier B,304,23,387,4.02,0.81
c55454ec-dccb-19ca-e1ec-e676b44bb2bb,2021-12-22,TX-100,NY,Supplier D,196,20,257,3.84,0.57
9b07f1b1-288b-f244-a869-0c667d634264,2021-09-06,TX-300,FL,Supplier C,308,19,396,3.71,0.34
8693ffb7-d02a-b63d-4ab0-80e04b0958ec,2020-04-27,TX-500,IL,Supplier E,300,22,381,3.56,0.81
28553ad9-3c18-0687-49ad-d7eaa40c5d50,2022-08-10,TX-100,NY,Supplier E,305,15,379,4.49,0.13
bb7fe941-e79d-b487-f0ad-b82ffbb04d42,2022-11-10,TX-200,NY,Supplier D,189,18,242,4.13,0.59
a22b3d6b-3dd2-65ff-6d87-926189fe8381,2021-11-24,TX-400,FL,Supplier D,239,20,308,3.9,0.0
810699b4-4b24-5929-e235-d50cb67ea3a4,2023-06-19,TX-400,FL,Supplier A,415,29,527,4.27,0.68
96e3ee02-4f89-b245-fcae-178301c4717c,2020-08-04,TX-100,FL,Supplier E,270,14,336,2.82,0.28
c7b1e00e-b8c6-de1c-2044-15033e563ce2,2022-03-13,TX-500,NY,Supplier E,234,4,285,3.78,0.86
ebc96de6-10c7-3ece-9180-cbef04c8f583,2020-04-20,TX-400,TX,Supplier E,288,14,367,3.56,0.11
990eaffc-583f-d52b-f481-870bc69cb191,2023-11-02,TX-100,IL,Supplier C,194,12,245,4.32,0.62
098fb798-24bb-097b-8702-d9fd117c6587,2022-12-21,TX-400,FL,Supplier D,198,13,250,4.43,0.32
07a4b513-d437-f7f1-9449-6f0d08bd3174,2020-04-30,TX-100,TX,Supplier C,285,25,358,3.56,0.29
b44b7ca1-a654-5ab1-bb88-ce6743e9c51c,2021-09-02,TX-400,FL,Supplier B,274,30,365,3.71,0.27
8e5d9cd4-7ac0-5828-3478-c3cac08174e2,2021-06-01,TX-400,NY,Supplier D,331,30,422,3.5,0.06
c904058a-d85e-df7e-9bd2-9214710fd04a,2023-11-30,TX-300,CA,Supplier C,223,8,273,4.32,0.48
63231689-b2a9-7dae-b55d-e293e0ff331c,2023-10-25,TX-400,CA,Supplier D,272,25,354,4.1,0.06
2608b38e-42f5-7e03-ad72-dd159d55d9f7,2021-05-28,TX-300,CA,Supplier C,394,22,497,3.79,0.64
f12665f7-e853-c809-ab7d-8a4c4164b42f,2020-07-13,TX-200,CA,Supplier C,317,26,414,2.82,0.61
c3e5cc05-362c-799d-a4a0-43bab7bb66b4,2023-07-10,TX-100,IL,Supplier C,307,34,406,4.02,0.19
a478fee0-ff7f-d207-c5c1-6cbadc79cdab,2021-03-21,TX-100,FL,Supplier D,222,22,291,3.96,0.55
8a605929-009d-54d7-bb31-9a27ee02ce08,2023-05-18,TX-400,NY,Supplier C,344,21,426,4.14,0.63
aa0897fa-e4ea-c009-f35c-af62fa1095fe,2020-07-10,TX-400,CA,Supplier A,326,21,413,2.82,0.8
0b36877c-3da0-4c76-af42-ff32824c4966,2022-10-22,TX-200,FL,Supplier B,272,16,346,3.97,0.32
110b3834-08a6-cfde-e0e9-e395fda8a89a,2023-04-14,TX-200,CA,Supplier A,322,18,400,3.94,0.93
5e0f1767-a945-c5b1-04ed-7e65e4b89b13,2022-11-14,TX-100,IL,Supplier E,223,18,284,4.13,0.86
3d016da2-1d4c-3d7b-08e8-d1d3e1e520ba,2022-04-06,TX-300,NY,Supplier E,224,14,276,3.88,0.39
adc0b192-f2dc-21b1-8000-b4269e9a07b0,2022-02-23,TX-200,IL,Supplier A,233,15,297,3.6,0.73
6eb4760d-8d4f-76c4-d20a-885b56430bfc,2020-04-22,TX-200,CA,Supplier D,309,41,418,3.56,0.23
7de2dbf4-8b96-7749-5cec-23a27be81cd3,2020-04-11,TX-400,CA,Supplier B,342,27,431,3.56,0.9
8584f72d-54c6-ef18-5ab3-96dbc33da7d5,2023-12-14,TX-300,NY,Supplier C,195,14,249,4.33,0.78
918009ec-2bd0-cbf7-4bf4-92035e4bf4fc,2022-08-06,TX-300,TX,Supplier C,364,29,469,4.49,0.99
bf7e14c7-44b7-6362-5c4d-3673cfeb9fa9,2022-01-10,TX-300,IL,Supplier D,211,20,272,3.7,0.22
b69e4475-bf16-5e0c-d166-2649c5581f5c,2022-03-25,TX-400,TX,Supplier B,303,21,392,3.78,0.1
acf23364-c920-1610-4bc9-8d47201e5d36,2023-09-21,TX-200,CA,Supplier B,343,25,435,4.06,0.71
3cea71f4-cc4c-2878-37f3-b189cad25b69,2023-09-26,TX-100,TX,Supplier D,268,19,333,4.06,0.13
94ac2795-4ef1-626f-d272-3544a7d93905,2020-04-07,TX-200,IL,Supplier C,260,20,336,3.56,0.52
5e69b62a-2a00-3ac4-22a7-5f6d94019da0,2020-12-07,TX-200,NY,Supplier D,178,16,229,3.4,0.12
255a8221-d734-7738-ffa1-0b0c69c72eed,2020-07-12,TX-200,IL,Supplier D,331,26,420,2.82,0.53
69ad3fd0-5069-b22d-93d3-5fad2fa89291,2022-08-09,TX-200,IL,Supplier C,331,31,429,4.49,0.46
4958ae04-0c43-ee61-d5af-722343fc0818,2022-04-13,TX-300,NY,Supplier B,282,29,363,3.88,0.47
b15e31d4-00fb-f16a-e20c-24c7fb674e4e,2023-12-21,TX-100,NY,Supplier A,154,11,197,4.33,0.67
3696278f-188e-dfa1-aa5e-63045bb35d6c,2020-01-27,TX-200,IL,Supplier B,178,10,229,3.17,0.29
9a0ff772-ac3b-43eb-f6ef-b36d2e91e24a,2022-12-12,TX-100,IL,Supplier E,198,15,253,4.43,0.5
edb84d8a-d59a-f9ca-bf60-c78eaa57d88a,2022-08-02,TX-100,IL,Supplier E,280,7,341,4.49,0.92
528352eb-4ef0-9616-53a2-faa1464d943d,2020-02-09,TX-300,CA,Supplier A,223,13,282,2.91,0.5
b91f7a3f-fa22-c528-d54e-c704055414f0,2022-12-23,TX-300,TX,Supplier E,194,11,241,4.43,0.42
8c5c095f-0711-4065-8fc2-fa4234805ef1,2020-10-01,TX-400,IL,Supplier B,287,10,359,2.74,0.85
3cac6162-db8c-02c4-4cae-2714232f7e5d,2021-06-14,TX-300,TX,Supplier E,321,13,391,3.5,0.5
11082f4d-e47f-86fa-fe94-c8a48840f6ad,2021-12-15,TX-100,TX,Supplier D,186,21,243,3.84,0.92
5d318756-e62d-3db4-ef56-2560b87ce85b,2022-10-29,TX-200,FL,Supplier C,272,25,350,3.97,0.92
d3637427-b80e-06b2-d597-2cf7ef7ec319,2020-09-30,TX-300,IL,Supplier C,261,21,333,2.91,0.54
c22867dd-f9a2-7a91-6be0-bbd0d16415c1,2020-02-28,TX-400,FL,Supplier E,264,14,337,2.91,0.1
715dc665-557e-0aed-bc00-b80c4a167834,2023-11-09,TX-200,IL,Supplier A,208,15,265,4.32,0.95
35a8897a-bf71-b624-c191-5155c2b5838a,2023-10-23,TX-400,FL,Supplier E,273,20,353,4.1,0.05
abaa5bbb-5094-a4e7-fde4-efe698e5dc65,2020-04-01,TX-300,IL,Supplier D,255,20,329,3.56,0.49
631e1ea5-9562-3616-7ab8-58ad4b44fd66,2021-03-31,TX-300,TX,Supplier D,317,24,410,3.96,0.8
e8eebfc0-bb1b-ee92-dbfd-70862b21b4b6,2021-03-07,TX-500,NY,Supplier A,250,13,310,3.96,0.22
c0391aa5-6807-ea28-0c43-fb922c05a08c,2023-02-19,TX-400,FL,Supplier B,252,15,317,4.02,0.19
10ab7a07-0fed-4ab5-f6c0-991110c04bde,2022-07-28,TX-300,NY,Supplier E,317,14,398,4.71,0.79
587a7a51-a1d1-d77c-b6da-168c1e4fce4f,2021-06-11,TX-300,IL,Supplier C,282,18,358,3.5,0.59
d59974e3-fdd1-6810-15fd-be7099bdba45,2023-12-20,TX-400,CA,Supplier A,240,17,306,4.33,0.66
787b1ab8-232f-37d7-68e4-70b323d44740,2021-07-28,TX-400,TX,Supplier B,399,28,510,3.79,0.98
488d6ae9-996d-a972-de98-68f974dd1e63,2023-12-30,TX-300,TX,Supplier C,248,22,318,4.33,0.75
75ebee69-d6fd-6ebf-f511-c12ecef11b51,2022-07-10,TX-400,CA,Supplier E,431,21,539,4.71,0.03
e9d8aa2c-244e-26e3-8b7a-06cc24a87c6c,2021-07-23,TX-400,NY,Supplier D,306,24,394,3.79,0.04
8d13933d-04c1-6718-cca5-3da19eef6a92,2020-03-15,TX-200,IL,Supplier D,271,18,343,3.22,0.04
d74f15ca-960f-2c57-2441-5deb48f01969,2020-02-23,TX-100,CA,Supplier A,244,15,308,2.91,0.97
e9ea5139-6c96-6be1-783d-85abdcd5f03e,2022-01-11,TX-200,IL,Supplier A,187,9,238,3.7,0.41
de66a3a2-fd13-60df-79af-6d285f9087b2,2021-01-26,TX-300,CA,Supplier B,248,25,323,3.45,0.16
b852e91d-903f-b1ab-6f49-3485ea774844,2022-01-02,TX-200,NY,Supplier A,190,14,242,3.7,0.45
2c1abb92-3c46-aa17-7564-3068bcb5f566,2020-07-19,TX-400,CA,Supplier C,373,33,483,2.82,0.65
7228085d-0819-3b87-5f87-471990659476,2021-05-08,TX-400,TX,Supplier A,330,21,414,3.79,0.99
a8aa021c-e1df-c497-87e1-36cebe554a79,2023-07-25,TX-400,TX,Supplier C,397,35,511,4.02,0.84
2e247c77-8174-d5dd-2f09-1c4048c7f9d8,2023-01-20,TX-200,FL,Supplier B,231,14,292,4.33,0.86
9dec3fb1-3de1-c958-6624-0ce3acda8067,2022-09-20,TX-100,IL,Supplier B,220,13,273,4.26,0.66
44c2de77-0fe5-51a0-0cd7-4e392da3d780,2021-12-21,TX-100,IL,Supplier E,180,13,232,3.84,0.24
62ae41af-a0b4-af6b-67c7-275fe38d81d0,2023-10-05,TX-100,NY,Supplier D,249,22,321,4.1,0.39
44198830-d39d-71c0-472e-da9f4703ddfb,2020-01-27,TX-300,IL,Supplier C,173,12,220,3.17,0.29
3fc8441e-6734-51b8-1e14-1ce9c1cd15a2,2021-12-23,TX-400,NY,Supplier B,184,16,239,3.84,0.59
44cd1c4f-de2a-4aa4-e2e4-63d76d1f536f,2022-07-07,TX-500,NY,Supplier D,397,30,511,4.71,0.55
2bc11418-d8fa-414c-63e6-15a9f8137df5,2022-09-10,TX-500,FL,Supplier E,343,16,431,4.26,0.91
7821f9be-34a8-2da3-fba4-7a79dfdbe2fa,2022-04-06,TX-100,NY,Supplier D,256,19,325,3.88,0.39
ef50a0cb-9f4e-6f31-4e1f-65641e228a0d,2022-06-28,TX-100,CA,Supplier D,364,39,479,4.1,0.53
e94da91b-b2d3-2f32-0cd2-123ecd486f2b,2021-06-27,TX-200,NY,Supplier B,291,27,378,3.5,0.6
645d6d76-4335-78ff-93b1-8518f435c234,2023-08-22,TX-100,NY,Supplier E,301,11,367,4.06,0.43
51d2a5d6-3747-64a3-5b82-30cf235d2eaa,2021-03-06,TX-300,CA,Supplier B,263,20,333,3.96,0.41
54a53c1d-75f6-7802-9306-2981a916c60e,2021-02-13,TX-100,FL,Supplier E,188,10,231,3.82,0.64
ff7190f8-188b-17e1-e94e-e62a0e603591,2023-05-26,TX-200,CA,Supplier C,337,30,434,4.14,0.66
18303acf-e76f-8273-e310-68ba2943003e,2023-07-11,TX-200,FL,Supplier E,382,21,487,4.02,0.59
f6bef7cf-56f7-baaf-4ce9-36d54a49bcd0,2022-09-23,TX-100,IL,Supplier C,232,24,306,4.26,0.2
ab0f2261-f0f3-83f8-6538-21f7624e9d4c,2023-04-09,TX-200,CA,Supplier C,301,22,390,3.94,0.36
d77ce64b-dd86-5116-1e8e-3735bb2ba7e3,2023-07-24,TX-500,IL,Supplier B,316,15,397,4.02,0.79
cc60a396-4fed-1096-23c5-5f50f6563753,2023-05-11,TX-300,NY,Supplier D,255,27,331,4.14,0.19
79af9bae-d0d2-2764-42b1-644ebbc55ee3,2023-09-21,TX-400,TX,Supplier B,292,24,370,4.06,0.71
fbf85c67-2f25-b3c4-9e96-f0a0b5f6ad83,2022-05-10,TX-200,IL,Supplier B,332,22,421,3.99,0.76
28da429d-9059-3b29-5f76-885a60a348e4,2021-10-07,TX-400,IL,Supplier B,280,20,360,3.51,0.53
220d3f83-068d-06e5-0d06-af85f138fc7b,2021-10-29,TX-300,CA,Supplier E,219,21,283,3.51,0.1
b52754b2-8d03-8fb2-0fac-74b3e558d8f8,2020-07-13,TX-400,IL,Supplier D,368,44,489,2.82,0.61
1a45931b-86c4-eb6c-4ebf-7239b646d2aa,2023-10-01,TX-400,IL,Supplier A,274,13,343,4.1,0.97
4acda2c0-2fbc-c440-fbb3-912f51d35f83,2022-07-29,TX-300,IL,Supplier B,289,21,366,4.71,0.62
e53e2020-1c91-e7f0-5164-86b8500a482f,2022-10-23,TX-300,FL,Supplier C,222,22,286,3.97,0.54
f8351035-9bff-7d5f-1fac-6183791fa1fc,2021-02-17,TX-500,IL,Supplier E,229,10,284,3.82,0.3
2ea7b438-a87b-a2b8-f30f-392d0888ff6f,2022-01-18,TX-200,TX,Supplier D,240,16,303,3.7,0.73
e6bfb5f3-84ce-6cf2-f233-377aac572ce6,2022-05-06,TX-400,NY,Supplier E,280,23,360,3.99,0.5
e761977d-1669-ef54-5141-93df63fd9ede,2020-05-17,TX-100,IL,Supplier E,301,16,371,2.99,0.09
62389a57-7175-9a2f-ac38-844c4df059c3,2020-10-29,TX-100,CA,Supplier A,276,15,344,2.74,0.56
eaab716f-296d-9e5a-5a1d-da5bd9e91000,2022-09-30,TX-300,NY,Supplier D,267,20,339,4.26,0.14
b5101a90-447e-03e3-406d-b15a2e0d0e2c,2022-09-25,TX-100,TX,Supplier D,248,22,318,4.26,0.86
03f48c2d-addd-04f1-e07d-72f3ba2f3cda,2020-09-23,TX-200,IL,Supplier B,295,22,384,2.91,0.38
2e2d426d-501c-65c9-027b-5611511d40d5,2022-03-09,TX-400,TX,Supplier B,246,20,317,3.78,0.15
95914234-f704-f2af-2f2c-8fa73e5c43a2,2022-01-15,TX-400,NY,Supplier E,201,10,254,3.7,0.35
096007fb-94d1-0e20-e8c5-f36176f85538,2023-08-26,TX-300,FL,Supplier A,356,26,448,4.06,0.99
11cd62d0-6d16-8c01-ff6d-fae5eeb60933,2023-12-04,TX-300,NY,Supplier B,197,22,259,4.33,0.23
1437a1b9-69ac-e967-42e2-6bb84ed3dc6a,2022-11-19,TX-300,TX,Supplier E,222,6,273,4.13,0.84
a5b1965a-7912-1673-591d-4dcd97401c3d,2023-07-27,TX-200,CA,Supplier D,384,27,488,4.02,0.3
3200e47c-c85c-67c7-f6bf-bfb6acf0d65e,2020-09-27,TX-500,TX,Supplier E,319,9,389,2.91,0.92
61a2b5a4-13df-01a1-e2a9-b66fc9936515,2023-10-16,TX-400,TX,Supplier C,295,27,381,4.1,0.21
fb4ac5e8-a936-be38-e8fd-574cd5ea2e35,2020-04-09,TX-200,CA,Supplier A,305,18,383,3.56,0.02
6a32136e-685d-8955-8ba2-0b7ed7a41bd8,2021-06-27,TX-400,TX,Supplier A,400,32,509,3.5,0.6
738b7eac-a899-62ab-9993-b2de30f8729d,2020-03-16,TX-200,IL,Supplier D,209,16,261,3.22,0.49
81548d67-3c17-6aba-8c8f-eafa14bc032b,2023-07-05,TX-200,CA,Supplier B,439,29,553,4.02,0.5
bd4870b6-bdbd-7e47-2527-1f98f815092a,2021-10-29,TX-100,FL,Supplier A,218,11,278,3.51,0.1
e1b899b5-e13f-b91c-8fea-244146255d3f,2023-03-01,TX-500,IL,Supplier B,264,25,340,3.74,0.05
5f04068e-57f9-469f-5081-1ed44d4b44b7,2023-05-18,TX-200,IL,Supplier C,274,18,353,4.14,0.63
773d7583-9f1a-365e-b6c3-e55092e504fe,2022-10-11,TX-500,CA,Supplier D,317,34,415,3.97,0.32
db9eee9d-3056-8f73-68f8-234335660beb,2020-11-06,TX-400,CA,Supplier A,270,22,349,3.1,0.93
989a6357-bb52-172c-5b6a-df2a6199747a,2022-08-13,TX-300,TX,Supplier E,333,20,416,4.49,0.39
5b0172f1-6cc7-3b7a-f43e-ffa30a521620,2022-04-14,TX-400,CA,Supplier B,316,23,402,3.88,0.2
0bebd877-32b2-045b-2e27-b22805dd4868,2020-01-07,TX-200,FL,Supplier C,229,21,294,3.17,0.46
285a796a-6fa5-502c-fd80-a1db62f76539,2020-06-01,TX-100,IL,Supplier B,309,16,384,2.68,0.5
212ef12d-f371-acc9-94a0-08939b5cba1d,2022-10-30,TX-100,IL,Supplier C,190,19,248,3.97,0.84
294537c3-2fca-c9e9-8f92-17858dbbe0e8,2020-09-16,TX-100,IL,Supplier E,249,9,304,2.91,0.14
c4fd6002-c39b-4c05-5ddb-646476c0788c,2020-09-17,TX-300,TX,Supplier C,254,18,323,2.91,0.48
d99797b0-1d9e-f1d8-a6b0-7456658404cd,2022-12-06,TX-300,NY,Supplier D,168,23,228,4.43,0.66
ba357c73-831c-ac8e-9903-898bb0722d7b,2020-02-21,TX-200,TX,Supplier B,220,19,287,2.91,0.7
7184ed22-56b3-bc56-8838-ab8a2e903f5a,2020-03-10,TX-400,FL,Supplier A,220,9,266,3.22,0.63
456832dd-e532-42bf-eedf-1607d1d01a67,2023-12-22,TX-300,NY,Supplier C,191,11,239,4.33,0.96
56bd5999-c1ab-b5e1-6107-30b925b90322,2020-09-09,TX-400,FL,Supplier A,323,23,418,2.91,0.54
3570d17d-e87d-ab0d-992f-7272fd484f29,2022-01-12,TX-100,NY,Supplier C,187,16,241,3.7,0.32
4252f5aa-282b-fd0f-e065-aa407c291345,2023-08-22,TX-100,IL,Supplier E,318,21,400,4.06,0.43
d72e0efc-498d-14d4-4296-022b9bd879f5,2020-09-30,TX-100,FL,Supplier B,264,20,341,2.91,0.54
0c9d1e15-d015-0a4e-9ba9-af81730b2068,2023-10-17,TX-200,CA,Supplier D,291,28,375,4.1,0.98
d16705ea-b51e-709e-0c1c-da28067b7202,2023-05-07,TX-500,NY,Supplier E,320,12,395,4.14,0.4
0f0f1a4b-2498-dfd8-0c48-2705030c549d,2022-05-21,TX-100,FL,Supplier B,305,24,389,3.99,0.85
d460210a-478b-b085-2aee-a81e9147b823,2023-07-15,TX-500,TX,Supplier E,450,31,574,4.02,0.81
7fb6c959-a9f8-599a-1c91-bccf9c71e1ef,2021-07-26,TX-100,IL,Supplier A,265,14,337,3.79,0.99
e7a49a2c-6df0-58b0-9cda-0e8bb6869563,2022-05-01,TX-300,FL,Supplier C,307,33,404,3.99,0.26
0cebfdb8-8ac1-6ecd-a9c9-c9700f88f4a4,2022-03-13,TX-100,NY,Supplier E,199,10,250,3.78,0.86
ef57b0b5-f645-685a-7a52-626eba35d07f,2022-06-18,TX-400,CA,Supplier B,373,34,485,4.1,0.34
752ea075-aa25-a1ba-1a85-2fcc901fa31a,2020-12-27,TX-400,FL,Supplier C,228,26,294,3.4,0.65
3d27a92a-28f5-bbe7-74e7-c31d35e5ca0c,2022-10-29,TX-300,FL,Supplier E,251,13,312,3.97,0.92
eab4187a-43d2-d72d-ce16-847bf129c728,2021-07-31,TX-300,CA,Supplier C,407,41,529,3.79,0.08
cdd53009-9e8c-cfa5-8d10-22334744fe90,2021-12-18,TX-500,NY,Supplier D,237,18,301,3.84,0.03
88ba6e95-f1b7-77a0-4328-3fefee07ffbd,2021-05-07,TX-100,IL,Supplier D,319,27,409,3.79,0.84
b5be32fd-5197-8e8d-3a3c-fd06297551fa,2023-09-01,TX-300,TX,Supplier B,312,20,397,4.06,0.05
3515e2d2-e6f1-dda0-33a4-4aba3097cf0d,2020-06-03,TX-400,FL,Supplier B,360,23,453,2.68,0.01
681f820d-170b-3b08-9beb-d56c966acae3,2021-10-05,TX-200,NY,Supplier B,256,26,335,3.51,0.33
f61f5f9a-a67b-f617-f468-6c4e955e021c,2020-01-04,TX-100,FL,Supplier E,199,15,255,3.17,0.66
df4d1db6-a3f7-cd32-2296-a2f0e668416a,2022-07-13,TX-500,CA,Supplier E,394,19,500,4.71,0.32
fe958b0a-67e8-c938-9df5-df7fa737f55f,2020-11-20,TX-200,NY,Supplier E,218,12,271,3.1,0.16
8962a2e4-ff48-86a4-9df1-2a611b3a9ff5,2023-01-24,TX-100,NY,Supplier C,168,17,215,4.33,0.09
c3039b92-e420-c421-9f94-9d0514b08b2e,2023-12-09,TX-400,FL,Supplier A,214,20,276,4.33,0.9
3ec151e5-bd66-7470-d245-0cba91cfec9e,2021-10-04,TX-300,NY,Supplier E,238,22,308,3.51,0.24
d1940dad-6720-8847-8b73-9cbe1b7be321,2023-06-03,TX-500,CA,Supplier E,450,34,577,4.27,0.39
df7d1aef-ae04-82cb-ee0d-9d89edb399e1,2021-10-11,TX-300,CA,Supplier C,299,27,385,3.51,0.3
b87b2ddd-d6aa-81d7-f1ac-eab262025bee,2020-06-27,TX-100,CA,Supplier B,328,24,423,2.68,0.63
f0357b7b-64c5-8327-5ec8-337753db32c9,2023-11-28,TX-300,FL,Supplier B,186,15,241,4.32,0.99
bb367758-7701-6a44-e267-f50e02f67f1c,2023-09-23,TX-300,NY,Supplier B,278,25,354,4.06,0.98
ce219d08-de38-8d0e-5de6-7cc806282ac8,2020-04-29,TX-400,TX,Supplier A,281,16,348,3.56,0.95
39fa1cdc-7a83-a52a-2114-2e859b5c47ea,2021-11-29,TX-200,TX,Supplier A,200,17,258,3.9,0.78
ca07f2a8-19eb-74e0-62fd-03759f5daa66,2021-04-29,TX-500,IL,Supplier C,321,19,408,3.68,0.01
5a94e61a-8d60-e455-1ae4-c3c13b48c15a,2022-08-04,TX-500,TX,Supplier A,397,32,509,4.49,0.64
3cdc534e-eabb-b35c-49dd-784a52700f5c,2020-09-29,TX-200,CA,Supplier B,318,24,402,2.91,0.33
3698f388-5f8e-0207-a95d-abed4d86359a,2021-02-22,TX-500,FL,Supplier E,274,12,344,3.82,0.15
272651c4-bd0f-be8a-fe7c-e581e1c7f5b0,2022-05-04,TX-300,CA,Supplier B,354,32,458,3.99,0.96
eb4f0d23-9ddf-e053-a798-d99afb7b2011,2021-06-15,TX-500,NY,Supplier C,383,24,488,3.5,0.53
e30d5b9f-e140-2972-c2e3-60f6768f7a29,2021-06-11,TX-200,FL,Supplier C,382,24,479,3.5,0.59
569b9d5d-bb5e-2522-f160-739ef32e87f3,2022-10-30,TX-300,NY,Supplier D,241,20,309,3.97,0.84
47a9c273-bcd5-3e9b-8ca0-a9129e52fa7a,2021-12-06,TX-200,NY,Supplier D,195,20,254,3.84,0.23
2c2c6323-2b2b-7abd-69f8-ca6538f328a4,2023-11-10,TX-400,CA,Supplier B,299,19,377,4.32,0.38
26f5f5fb-6786-b6b6-1bc5-01b4a5963708,2023-08-02,TX-400,TX,Supplier D,429,35,549,4.06,0.16
86b89b8c-3cd6-bfaf-d0f7-d3eb24360eff,2021-04-06,TX-500,CA,Supplier C,323,20,405,3.68,0.84
20e0ec32-5f0d-f997-51fb-922ba357a821,2020-10-19,TX-200,CA,Supplier D,235,19,296,2.74,0.8
281fb543-54a7-9240-7b7c-d1923eb43326,2021-05-31,TX-400,IL,Supplier C,311,28,399,3.79,0.76
1607ceb2-b91a-828f-d8eb-79e47afc5923,2020-10-03,TX-400,CA,Supplier A,290,19,370,2.74,0.8
bc687685-2052-ee31-d41b-6dde35aa6eeb,2021-10-28,TX-200,NY,Supplier B,188,13,236,3.51,0.56
a41667fc-4007-c90c-da99-f5ebd55ed523,2021-07-24,TX-400,TX,Supplier C,336,18,423,3.79,0.78
3f6d22ee-a323-e900-3a20-a2a213bb9c39,2022-10-22,TX-200,IL,Supplier C,219,10,274,3.97,0.32
3cf79184-0a30-a201-6fe7-d1f114bf0de9,2022-01-07,TX-500,IL,Supplier E,203,11,254,3.7,0.32
a0271c75-f3c9-b2ba-d82e-968e97a41117,2021-10-24,TX-100,CA,Supplier A,266,22,346,3.51,0.81
f2ae9a2a-297c-3fb6-f31e-d69b6359d43b,2021-10-28,TX-500,TX,Supplier C,300,23,374,3.51,0.56
cfec998b-68d6-8dbe-3cb5-3313e611ac6f,2020-10-03,TX-200,TX,Supplier B,279,23,362,2.74,0.8
5d5c54b5-317a-f15b-9d17-feee25723f16,2020-01-29,TX-400,NY,Supplier D,181,15,229,3.17,0.56
7c2d8e1c-b1be-a9ad-97ac-671834e52c57,2020-08-27,TX-100,IL,Supplier E,238,19,301,2.82,0.1
c95d2e64-486b-0069-2b0a-04628aea04ed,2020-01-04,TX-500,CA,Supplier E,274,10,338,3.17,0.66
2e785beb-53bd-2e16-a8f3-91466c8ca4e3,2020-04-19,TX-100,FL,Supplier E,239,14,304,3.56,0.77
a7d684c0-4dbe-0256-7d07-8694874d6e09,2022-10-17,TX-200,CA,Supplier E,262,12,331,3.97,0.88
44bc8a57-4689-b433-6a3a-46b560b9a754,2022-01-28,TX-200,IL,Supplier C,232,23,305,3.7,0.51
2318b770-8e3c-ab81-f635-8fe5ca89dcc2,2020-12-05,TX-100,CA,Supplier E,202,9,251,3.4,0.85
030f1862-9bf4-3c04-ab68-51d2a7b85d46,2022-05-13,TX-100,NY,Supplier E,254,16,317,3.99,0.98
77e409cc-3276-5b64-a2b7-9b11ab731a13,2020-04-10,TX-200,TX,Supplier B,295,24,381,3.56,0.83
adfcab7f-04ac-8c50-7dda-14f8c6e61523,2020-07-30,TX-500,FL,Supplier D,376,30,484,2.82,0.82
6437e731-4199-190a-0f07-2cac550c5975,2022-07-29,TX-500,TX,Supplier C,408,30,529,4.71,0.62
f08e8373-4136-e761-ce1b-ae67972154f9,2021-09-01,TX-500,FL,Supplier D,360,22,457,3.71,0.4
edbe710c-0596-e3f4-77b4-76938e45aaf9,2022-05-09,TX-100,FL,Supplier E,318,23,403,3.99,0.29
aec095af-3099-10ce-eab1-aaa01c9e4155,2023-04-24,TX-500,CA,Supplier E,342,16,428,3.94,1.0
89d12f3b-0beb-4fc7-16c0-01ef23f1b230,2022-09-25,TX-200,FL,Supplier C,285,28,369,4.26,0.86
cb6d8581-a75f-28fe-07cf-8dc9bf56c4e4,2020-02-03,TX-300,CA,Supplier D,216,20,280,2.91,0.17
f226d630-295d-07e0-58f0-08bf3b3e02bc,2021-04-05,TX-100,TX,Supplier E,278,16,346,3.68,0.07
b65fb266-bd4e-ecfa-8907-3707aa9ae402,2021-12-11,TX-100,IL,Supplier B,169,15,222,3.84,0.71
28d53804-22b9-8be8-f01f-406176076936,2020-09-06,TX-300,NY,Supplier D,264,29,341,2.91,0.64
8da9011a-7f80-a495-239d-4649bff6c9fb,2023-03-15,TX-300,TX,Supplier C,276,24,358,3.74,0.07
bdc825d9-5a73-2ef7-619d-a7d0dde0c606,2021-10-28,TX-400,FL,Supplier E,256,13,320,3.51,0.56
fd6c0fd2-35b0-6768-d178-03114ee2e9e5,2023-07-29,TX-200,FL,Supplier A,401,31,508,4.02,0.02
075d96da-89b6-cfcc-641b-77d8bb38150d,2020-12-17,TX-300,CA,Supplier B,244,18,312,3.4,0.92
ab044cce-4b4a-d981-00b5-b350f382eac1,2023-12-21,TX-100,FL,Supplier A,204,19,262,4.33,0.67
db369ad3-0d9c-cc9e-0829-81934d83b72f,2020-02-14,TX-500,CA,Supplier D,271,22,350,2.91,0.3
55f07ed4-6eeb-b4fa-30a3-5caca7f64c61,2022-12-27,TX-200,TX,Supplier B,253,12,311,4.43,0.79
67dcbbee-b7c1-ac4f-bb77-ce745eedc42d,2022-10-04,TX-100,FL,Supplier E,231,18,295,3.97,0.2
01bb663e-055c-e0a3-0b9b-5e83bb11cc5d,2022-07-30,TX-400,NY,Supplier D,301,20,378,4.71,0.75
d7f3d6ab-d53c-a548-e8ef-5ed0088e78d6,2021-07-14,TX-500,TX,Supplier A,412,41,537,3.79,0.55
3f92726d-2fd3-d5eb-e5f8-2b57cb781bae,2023-11-29,TX-100,NY,Supplier D,176,17,233,4.32,0.49
87a4cf03-0fa8-0468-68df-c42797c58cb3,2021-12-28,TX-400,CA,Supplier A,214,20,282,3.84,0.16
04807779-87ea-fc21-ceb9-2e1b7838c339,2021-11-07,TX-200,NY,Supplier C,233,18,302,3.9,0.25
f5295dce-f6ed-5f45-be00-0696ebce5c63,2021-04-03,TX-300,TX,Supplier C,304,18,380,3.68,0.49
60198adf-fd93-7098-ac30-6092b8670567,2020-02-27,TX-300,NY,Supplier B,204,16,259,2.91,0.27
b3c8b877-5120-4a06-c7b4-11b4e60d2008,2020-03-19,TX-300,IL,Supplier A,255,11,315,3.22,0.1
e31de725-550b-de31-6f01-a9622b2c23c1,2023-02-17,TX-500,CA,Supplier D,315,29,412,4.02,0.98
55362767-5959-bc82-c720-eabe9e95d0ba,2021-04-19,TX-400,TX,Supplier D,306,24,394,3.68,0.12
c4db6b8d-21d4-83f3-8c9c-1ce4c0384c63,2020-12-01,TX-200,FL,Supplier C,229,12,287,3.4,0.99
b39fd04a-4442-62a7-6afc-477ea421b6ba,2023-12-04,TX-100,NY,Supplier B,173,22,230,4.33,0.23
0ce3170f-aed9-4c38-ce3c-7d99ea1e61f9,2020-12-26,TX-300,CA,Supplier B,224,16,280,3.4,0.67
acec0d04-e5c2-9ced-38dd-6bff175596a9,2021-03-30,TX-500,IL,Supplier E,275,12,341,3.96,0.52
81614b1f-9cb8-79e4-bde9-9cd2cc535208,2023-12-27,TX-400,FL,Supplier C,234,17,298,4.33,0.74
2f8d36c5-cb87-1da9-b54c-6821d264cc4f,2021-09-21,TX-300,TX,Supplier B,286,21,361,3.71,0.37
62677730-022a-e8e3-2e70-59ad1065c70d,2022-05-02,TX-500,IL,Supplier B,303,24,392,3.99,0.05
81cf80a5-cdb0-2310-6f30-5b0ca81853ba,2021-01-13,TX-200,FL,Supplier B,210,17,267,3.45,0.06
9ce3bba0-baf6-b358-33f7-9db2aed4755c,2022-01-25,TX-100,NY,Supplier D,198,15,255,3.7,0.14
e7322afa-f7ba-c71c-8cde-7c3d9deffb7d,2020-07-10,TX-200,FL,Supplier C,371,34,476,2.82,0.8
48b34b43-4afe-6b60-8e48-895840f44922,2022-10-31,TX-500,FL,Supplier B,280,21,352,3.97,0.98
219ab5b5-abdf-755f-1c44-50c09cffcbea,2020-05-01,TX-100,CA,Supplier D,342,25,430,2.99,0.52
6348f164-33a7-7250-f863-d75cdc1c1b1d,2023-04-07,TX-400,IL,Supplier D,256,28,333,3.94,0.36
ac122870-386e-a45f-1221-dd7272652927,2020-08-16,TX-300,NY,Supplier C,240,25,314,2.82,0.88
380701fa-9a60-9fa9-0bbe-0e81194c85e2,2023-02-17,TX-200,CA,Supplier C,233,21,301,4.02,0.98
927c3ecc-87dd-0201-afa3-3069a4539980,2020-09-02,TX-200,FL,Supplier E,271,14,342,2.91,0.9
cb52a596-f24c-d4bb-425a-ec85218f3204,2020-07-12,TX-500,NY,Supplier B,354,30,456,2.82,0.53
9b09359a-71f6-36ff-96e9-3fd08ed897b1,2020-10-15,TX-500,FL,Supplier B,306,28,395,2.74,0.08
783aa541-f3eb-fdf0-4d30-39004740480a,2020-04-06,TX-200,NY,Supplier C,232,14,295,3.56,0.33
178d2040-4649-1bf6-d5f1-77265308fa89,2022-05-08,TX-300,NY,Supplier C,280,18,356,3.99,0.25
63a835ba-387d-76ec-e4fc-d9a8813af18d,2021-06-08,TX-200,IL,Supplier E,321,16,395,3.5,0.85
a70fe42d-2f5f-daf4-52a4-348331a919af,2023-03-24,TX-100,NY,Supplier A,202,7,249,3.74,0.94
79611654-bde3-a9f9-f98a-8b55321e6261,2023-12-11,TX-300,IL,Supplier D,226,18,285,4.33,0.06
b81dd784-f0d4-d8ad-9930-deaaaba3b02f,2023-05-02,TX-200,FL,Supplier C,280,14,351,4.14,0.98
d1357ea7-df85-08bf-e40a-8cfaf68d2041,2021-03-12,TX-100,CA,Supplier C,260,21,329,3.96,0.47
f422871b-9145-e3c1-18ac-c344f40fb86c,2020-06-15,TX-400,FL,Supplier B,312,21,397,2.68,0.13
48654fc4-e89d-e4c9-7516-605cedf2f4b2,2023-07-14,TX-100,IL,Supplier D,329,24,417,4.02,0.1
7e153071-c194-f3ab-7447-f4c962e53555,2022-07-26,TX-200,NY,Supplier A,335,34,439,4.71,0.05
286e58ea-dd1b-abc4-c6c6-f62cf9985f12,2020-08-03,TX-500,NY,Supplier E,328,20,419,2.82,0.17
42387612-3346-5336-6471-8eecb677dd1b,2023-12-19,TX-100,TX,Supplier E,235,14,292,4.33,0.35
da303bad-d19b-e25a-fdc8-2b07fa5fd22e,2022-12-06,TX-100,NY,Supplier B,191,9,238,4.43,0.66
46fccfd9-fed8-200c-ee6c-28c4a0f01cd9,2020-01-08,TX-200,FL,Supplier E,183,3,225,3.17,0.57
ce76baaf-ad49-ceaf-47b4-73f5b786e725,2022-10-05,TX-300,NY,Supplier B,204,11,257,3.97,0.54
1410fdda-cef2-62b2-ce62-ebec868f26c1,2021-09-14,TX-300,NY,Supplier C,223,17,283,3.71,1.0
ec77a101-30e0-12a1-2c69-609577799640,2022-06-30,TX-400,TX,Supplier B,392,28,500,4.1,0.43
ec0b6cda-6a5a-7305-b386-385d80664a40,2020-06-17,TX-500,IL,Supplier A,361,31,464,2.68,0.93
b0e879af-c35a-0c3f-a115-092e8696e87c,2022-03-07,TX-300,CA,Supplier D,283,18,363,3.78,0.4
e42b69ab-c34f-2999-74f2-19504a951f9a,2021-10-22,TX-300,FL,Supplier B,266,23,346,3.51,0.99
ff000e00-3af8-2c23-b1ee-4a6ec6f74d02,2023-02-02,TX-500,TX,Supplier D,300,28,387,4.02,0.22
4ade0cf2-c257-b4e2-82a6-79e21dad856f,2020-05-07,TX-500,CA,Supplier A,358,14,451,2.99,0.99
53efa9f4-0dde-4353-aefd-5bff1164602b,2023-10-09,TX-100,TX,Supplier D,240,27,319,4.1,0.08
46e2670c-22a8-7335-35c6-c705ef0d0f04,2021-09-11,TX-500,TX,Supplier A,374,29,484,3.71,0.41
06b8b498-cd02-bb32-4cc7-25b17e12a63d,2021-05-21,TX-200,TX,Supplier A,315,16,394,3.79,0.29
eda5974d-d5ff-7d85-892b-88fbbe070c71,2021-08-30,TX-400,CA,Supplier E,359,25,457,3.77,0.3
c54dc8bd-462b-c4e2-f858-7f7b9d5ba9c4,2023-04-03,TX-400,FL,Supplier A,338,29,443,3.94,0.18
d4b3218b-115b-bb29-729f-06117468f815,2021-08-13,TX-300,CA,Supplier A,381,25,485,3.77,0.74
6adb0848-278e-a518-9e22-d8e076c58069,2023-09-10,TX-200,CA,Supplier C,295,28,388,4.06,0.57
7091b88a-044c-7334-b072-60a0bbdcaee8,2022-09-19,TX-100,FL,Supplier E,248,14,313,4.26,0.66
4d13d887-25ff-c357-d402-958d1834c9c6,2021-06-26,TX-100,IL,Supplier E,298,13,375,3.5,0.31
0f4952cd-d1ff-4f79-4d56-0f373e8934da,2022-08-25,TX-100,TX,Supplier A,279,10,346,4.49,0.85
8fef82e1-574b-6219-9480-645f85cfcfc6,2022-07-27,TX-200,TX,Supplier D,354,37,460,4.71,0.34
a61358d4-0682-3aca-a6b1-ceff7894a709,2022-09-05,TX-200,IL,Supplier A,274,28,361,4.26,0.74
d2bfbdd1-8a6b-a03d-eeb7-05f3c71c52f3,2021-05-17,TX-400,TX,Supplier A,337,23,435,3.79,0.18
3bf4294e-9047-a37f-cbd2-b963c269976d,2021-09-08,TX-100,TX,Supplier A,274,21,347,3.71,0.81
fe01ab03-c1c0-a52d-6f2b-a669a4af66bf,2020-09-25,TX-200,IL,Supplier A,275,19,352,2.91,0.3
85ddcded-cd53-1577-9325-e01a47352d1b,2021-05-14,TX-100,FL,Supplier E,314,11,387,3.79,0.43
133814c6-0ff7-c6c3-9569-d510c07f614a,2021-04-04,TX-100,TX,Supplier B,311,29,404,3.68,0.12
12000293-497a-c820-a57f-86a62075b6fd,2022-07-20,TX-200,NY,Supplier C,308,22,396,4.71,0.82
cd1327b0-48a2-051d-468d-59b6c331dcef,2020-10-20,TX-200,FL,Supplier B,227,22,295,2.74,0.59
deb89555-2299-bdcc-c970-7480b3527e98,2022-08-30,TX-200,CA,Supplier B,313,31,405,4.49,0.99
718b1854-1c93-05cc-3870-62b490cd7d32,2020-11-01,TX-100,NY,Supplier E,219,18,281,3.1,0.52
f34907b0-0256-9d18-f0dd-64be08cb8fb7,2022-02-14,TX-500,NY,Supplier D,235,18,299,3.6,0.02
da6be229-8c31-d3f4-90be-0ab6b60b36b9,2023-07-14,TX-400,FL,Supplier A,398,41,524,4.02,0.1
71c5401e-c7eb-8231-7154-1c30663ae7f3,2021-07-01,TX-200,TX,Supplier B,349,29,445,3.79,0.63
f8184ded-2bbe-8421-2490-025dd34ace06,2023-09-05,TX-100,FL,Supplier B,308,22,397,4.06,0.06
7e973364-5683-7b09-2c9b-421182967be9,2022-06-22,TX-500,IL,Supplier A,380,23,481,4.1,0.16
579b465e-6d9c-187a-cce8-4a41825bc7ea,2022-12-14,TX-400,FL,Supplier B,229,16,289,4.43,0.65
b397afc9-e7f8-07af-0f03-a6c2ab11da45,2021-07-26,TX-100,CA,Supplier B,296,21,373,3.79,0.99
2ae21017-6782-b908-e341-f2a31e598180,2023-08-12,TX-400,CA,Supplier A,434,31,556,4.06,0.34
5188121e-485e-6121-a042-410aee974ece,2023-04-05,TX-400,NY,Supplier D,298,27,386,3.94,0.86
c8fbc71d-bd53-c8af-ca3d-e6f8663b9a69,2023-12-13,TX-100,IL,Supplier E,168,8,212,4.33,0.65
18691807-7c68-3c80-e1cd-0349128abc91,2023-05-29,TX-100,TX,Supplier A,296,22,376,4.14,0.35
f98e2bd7-f916-95f1-14d5-d1b7210403db,2021-03-17,TX-100,TX,Supplier B,259,16,333,3.96,0.65
6efd393d-b4c0-4f2d-a3ed-253297141069,2020-11-12,TX-400,NY,Supplier B,183,15,236,3.1,0.77
6a30b8d0-5324-be7a-5e49-7257fbbac480,2023-06-13,TX-400,TX,Supplier B,435,28,542,4.27,0.95
a67e67c3-f321-02b9-1b6c-d08f73cebce1,2020-03-20,TX-200,NY,Supplier B,252,15,320,3.22,0.59
951dedfc-29a9-20e6-0e9b-850904d9ac45,2020-01-16,TX-100,CA,Supplier E,184,13,233,3.17,0.55
c6ad325d-4f82-22e0-c386-c21257ef4190,2023-10-02,TX-300,CA,Supplier A,275,14,339,4.1,0.7
eada541a-40f0-9b32-6417-0984ece1652e,2021-06-12,TX-200,TX,Supplier D,350,28,450,3.5,0.85
969b91a1-fb88-ba9b-cfff-dc404ae4cc9d,2021-12-31,TX-200,CA,Supplier C,240,24,311,3.84,0.25
05e370ef-5a38-9a9d-922f-9230461557cc,2020-09-24,TX-300,TX,Supplier A,308,22,402,2.91,0.69
9b64540a-f991-9218-5178-2b716bca513f,2021-06-02,TX-400,TX,Supplier B,330,31,436,3.5,0.37
32bf8cb6-6279-6f51-cbf4-46313ba58bf3,2021-03-16,TX-400,CA,Supplier A,267,20,345,3.96,0.7
292ac75c-c089-4fd5-0c91-f4ef49f7eaa7,2021-06-26,TX-100,NY,Supplier C,275,19,351,3.5,0.31
1e35bf2b-f2e0-e27a-31ff-deb181996b1b,2020-11-30,TX-500,IL,Supplier B,210,13,265,3.1,0.38
0c65808d-bf52-bfcb-031e-19d5a8ec12e6,2020-06-24,TX-300,FL,Supplier C,350,15,435,2.68,0.92
9ef97a2d-ef5c-97ee-89a6-f73cf0b3e559,2022-06-21,TX-300,FL,Supplier E,337,17,419,4.1,0.24
797792d1-fb11-6f42-9107-f01a55bba31e,2023-01-14,TX-500,CA,Supplier A,243,11,302,4.33,0.77
664c197a-032d-af26-7f70-83580e09ecf9,2023-08-23,TX-400,NY,Supplier A,328,19,410,4.06,0.43
1933d276-4e4e-fa75-9d60-2b8e85bce916,2022-09-16,TX-500,IL,Supplier A,286,22,364,4.26,0.13
718f6656-2f98-1c4d-cb9d-8a61d8e464b8,2020-03-31,TX-500,FL,Supplier D,331,23,421,3.22,0.49
55f7803e-1d22-ddcd-8f72-f90f3d2f8398,2022-07-29,TX-200,TX,Supplier B,383,26,492,4.71,0.62
f29543c7-47a9-140a-2b64-b6c06c95ffb3,2021-02-23,TX-400,CA,Supplier C,245,22,313,3.82,0.51
cfbcde2b-22da-691f-c7b6-a0c8aadb88cd,2022-08-12,TX-500,TX,Supplier C,379,31,483,4.49,0.63
3af38f95-8b40-f948-b3f2-5853e8dfd808,2023-03-31,TX-500,TX,Supplier D,296,23,380,3.74,0.1
92bed43f-a5f4-e5d4-d827-992ad900fc53,2020-12-14,TX-200,NY,Supplier A,181,10,229,3.4,0.46
131ad10a-c95f-9661-ec27-1c8909fee348,2022-06-17,TX-100,TX,Supplier E,384,28,489,4.1,0.87
64c3c4fd-18e6-51b7-4f2f-5824940d14b2,2021-03-15,TX-400,CA,Supplier E,316,15,395,3.96,0.57
d04c3a99-fd56-ee35-998d-21c11e2bddda,2022-02-11,TX-400,FL,Supplier C,258,22,335,3.6,0.29
7ce53ac1-05f9-1942-ffd3-70a8c05b5e90,2020-09-12,TX-400,FL,Supplier C,293,25,377,2.91,0.46
4293680c-570a-b125-bc02-fd9ea4bcd386,2021-11-03,TX-200,FL,Supplier D,217,17,278,3.9,0.04
43b7d93f-5c38-c892-23c4-e1aeab683bdc,2022-10-12,TX-300,NY,Supplier A,251,16,311,3.97,0.98
5f2b7ddb-b2f0-9cb2-f1f3-80b4ff6e7d43,2021-11-15,TX-100,NY,Supplier B,179,16,232,3.9,0.06
4673bc6b-84c8-91e1-1891-d4a0ea2d4a72,2023-02-01,TX-500,IL,Supplier B,249,22,326,4.02,0.37
22daf6d3-985c-a63f-25c7-3ab1dd0c9231,2021-09-13,TX-200,TX,Supplier B,293,27,378,3.71,0.57
fe857608-6662-51d9-cf13-f92ee980e263,2022-10-14,TX-300,TX,Supplier B,273,19,349,3.97,0.69
229c0622-71b9-22e7-2768-812ded1d08f5,2022-07-03,TX-400,NY,Supplier B,284,25,361,4.71,0.95
291f6623-faf4-2d23-0694-1eb4819adecf,2022-06-13,TX-400,FL,Supplier C,319,20,403,4.1,0.45
06632502-be4b-b092-ff95-8ce6ab8b3bdc,2020-02-25,TX-100,NY,Supplier A,203,13,253,2.91,0.72
af381e2a-0902-0f6e-9413-46d44252ba41,2023-12-13,TX-100,NY,Supplier D,190,14,239,4.33,0.65
b52b3dc6-6ce5-0d8a-b8f8-1df9ac0a4250,2023-12-18,TX-400,FL,Supplier C,227,12,284,4.33,0.63
18525674-7d8b-3943-18e0-2214ac9f6646,2023-12-15,TX-300,IL,Supplier E,197,10,252,4.33,0.43
76792910-7938-23b6-aa15-7d6dd5558bfa,2022-07-16,TX-100,CA,Supplier E,355,14,435,4.71,0.4
b3968129-d389-95ac-7ac0-340b01e19432,2020-08-23,TX-100,FL,Supplier A,275,10,334,2.82,0.42
0e0ffd3b-df23-cfcf-f708-f58b401e4e91,2020-01-07,TX-100,TX,Supplier A,204,15,261,3.17,0.46
b73c712b-b0fb-b0fe-1021-6e4c50882eef,2023-12-29,TX-500,TX,Supplier E,232,11,290,4.33,0.22
a350240f-d252-b46f-4efe-7f2f70efa900,2021-03-01,TX-200,NY,Supplier D,208,18,270,3.96,0.3
6a298221-a0a4-8752-a30f-36ab433e2154,2021-03-18,TX-100,NY,Supplier B,230,19,298,3.96,0.65
640e0bd2-6d20-3b9a-f580-e98cac5eba42,2021-09-16,TX-200,TX,Supplier E,352,27,446,3.71,0.6
18976dd2-1605-97e0-aa78-c81e37483bf7,2022-10-04,TX-400,TX,Supplier E,296,15,372,3.97,0.2
b073ba7b-9150-2d89-f632-1f539286d406,2023-10-26,TX-100,IL,Supplier B,201,10,251,4.1,0.2
03d27b83-fa93-419c-5f1a-2fdf7e3d47f9,2023-12-26,TX-500,NY,Supplier A,200,21,260,4.33,0.51
df1d6104-0d46-93f0-2b0f-8e4d424c2ffc,2021-10-22,TX-100,CA,Supplier C,241,18,303,3.51,0.99
46592e02-4526-c78a-b2e0-7da3ecb4ae84,2023-03-13,TX-100,TX,Supplier A,237,25,312,3.74,0.56
fa1d3f2b-ea73-73b7-1b19-ca121d2265e0,2023-11-20,TX-400,NY,Supplier E,238,8,292,4.32,0.17
651e2b25-1999-0500-db1d-fdee7d842433,2022-07-08,TX-100,TX,Supplier E,314,20,399,4.71,0.21
edd709a0-0ffe-0664-0105-12cc82e7a60e,2022-06-23,TX-200,CA,Supplier A,422,20,533,4.1,0.94
c2b6823c-01e2-37a1-15c1-41ad84ec0dbf,2021-12-29,TX-500,TX,Supplier E,270,19,340,3.84,0.77
0b3ba2a1-3230-e28b-926c-98be0347ec5d,2023-07-16,TX-100,CA,Supplier E,349,20,440,4.02,0.48
f3015607-bc7f-0771-3db2-8440f4a24838,2021-09-14,TX-400,FL,Supplier A,294,21,372,3.71,1.0
e1bc9344-6090-de75-caa1-68e6458efc3c,2020-07-18,TX-400,IL,Supplier D,338,25,423,2.82,0.43
6ea8bdd2-cbe0-60ad-ac7b-da9151279211,2021-01-30,TX-300,CA,Supplier B,237,14,297,3.45,0.71
84bc9906-3967-4cee-560f-07eb723007bf,2021-09-14,TX-200,IL,Supplier A,291,34,385,3.71,1.0
6a5e8cfc-d2ab-8c84-bd1a-d466b6f2b9cf,2021-01-31,TX-400,IL,Supplier D,224,23,291,3.45,0.98
ff1eefa8-23c8-bbee-89b3-a9b3578e4a5d,2021-03-04,TX-300,IL,Supplier D,235,25,305,3.96,0.63
7ea237c8-1193-7adf-e1cd-bc5cd57109e4,2021-06-14,TX-500,IL,Supplier C,383,34,494,3.5,0.5
540146f3-a611-0c62-fe11-b3d03a8fa540,2023-04-21,TX-400,FL,Supplier E,319,21,410,3.94,0.75
483a0002-c4da-5f61-ec58-3e052d50a199,2020-07-21,TX-200,FL,Supplier A,366,24,461,2.82,0.45
f22e8b1d-1246-41cb-f975-d0b7ee6b3dc8,2020-05-26,TX-200,FL,Supplier E,310,10,381,2.99,0.6
eda1ef1d-1f93-0cb0-2349-b6b4347595d4,2022-03-19,TX-100,IL,Supplier E,214,8,261,3.78,0.38
0636702e-cfdb-3a03-3cb4-d7df5cfdc859,2023-11-04,TX-200,TX,Supplier D,241,12,304,4.32,0.95
ab33c48e-2393-dae5-3dae-7295eabdf1e4,2021-09-10,TX-300,IL,Supplier B,257,26,337,3.71,0.3
8e48199c-0035-ebde-c1ff-3cbe20ae481f,2021-06-29,TX-500,NY,Supplier B,311,19,398,3.5,0.28
0952d73b-b04a-04ac-f46d-7485d100f4bb,2022-08-22,TX-200,FL,Supplier D,279,25,358,4.49,0.34
5e3e5f88-0ee5-6d4e-5b6d-8e85bb3537fe,2021-10-21,TX-300,NY,Supplier B,231,13,291,3.51,0.48
b7b50542-4566-012d-acf5-d3ae97552be1,2020-12-28,TX-100,FL,Supplier A,202,19,262,3.4,0.09
ae794565-4fc5-1b3a-4fd0-05b1fc537878,2021-03-21,TX-400,FL,Supplier D,237,19,302,3.96,0.55
f74a0f53-8057-e738-4caf-1b98bbe8ecb0,2023-02-05,TX-500,TX,Supplier D,240,14,303,4.02,0.12
4f7da699-fd0e-978c-aa86-f7b71c783a73,2022-08-12,TX-100,NY,Supplier D,302,36,400,4.49,0.63
ea1cbe15-10dc-df33-7fdd-0ae04ae1dd08,2021-04-12,TX-300,IL,Supplier C,272,16,342,3.68,0.74
624b2895-c290-2ac0-c813-f46ab138db4c,2022-06-29,TX-400,TX,Supplier D,344,26,440,4.1,0.54
2fbf119d-30a0-7c7a-d8f7-f121e1abbec4,2021-07-21,TX-300,TX,Supplier D,350,29,451,3.79,0.35
c305592c-aeb6-9048-1642-34681738628e,2020-04-04,TX-500,FL,Supplier E,341,18,423,3.56,0.47
0755791b-c7d0-db34-9ab6-c694fdb47d53,2020-11-24,TX-300,TX,Supplier D,225,12,279,3.1,0.38
a807a732-080e-8a5e-f0cc-a0908c92491f,2023-03-10,TX-300,TX,Supplier E,239,16,306,3.74,0.27
9cb8ca2d-82ca-57c2-73b2-8721792cc7d6,2020-11-11,TX-400,NY,Supplier A,224,19,290,3.1,0.42
2544051c-11d4-398f-ef38-57a068f87770,2020-03-27,TX-400,IL,Supplier E,289,11,360,3.22,0.96
62cb91cf-52ac-594c-ecfc-d67dc0cbe533,2023-09-20,TX-400,NY,Supplier A,273,12,346,4.06,0.87
f8504f25-48f2-e818-5e8c-880a007eacdf,2021-10-26,TX-500,FL,Supplier B,283,22,356,3.51,0.79
9160854e-a560-e23e-df70-8a9ec755bdf4,2020-02-27,TX-300,IL,Supplier C,183,20,240,2.91,0.27
babaaad1-5d24-1f8f-157e-e93ba30added,2020-05-07,TX-300,TX,Supplier B,289,23,362,2.99,0.99
97dbcc4d-fa23-363b-7559-1dff81b1fcec,2023-02-13,TX-200,NY,Supplier E,189,7,238,4.02,0.65
1e0dec71-e6a8-59f7-7d0f-8daba4984784,2022-08-23,TX-300,FL,Supplier C,315,23,404,4.49,0.18
f5c55be8-ad08-11e5-ddb6-fb8354c6fec6,2020-07-16,TX-500,IL,Supplier B,306,21,383,2.82,0.41
a5800ad3-9fcd-925f-5b2f-5fabd0dcd9c5,2021-10-08,TX-100,NY,Supplier E,222,7,269,3.51,0.74
57755a18-d7ba-3546-370b-d21f0a842379,2023-05-08,TX-300,FL,Supplier C,342,28,443,4.14,0.58
56d4cb4d-ed0e-9f7b-4551-3bf892be1ac0,2023-08-03,TX-300,NY,Supplier D,296,28,377,4.06,0.67
f1b910ee-0fd6-6bce-e867-76717d8bba73,2023-02-23,TX-300,CA,Supplier B,281,19,359,4.02,0.73
fb92e1b6-386c-8958-88d2-3d7d836748f7,2022-05-18,TX-100,TX,Supplier B,367,27,466,3.99,0.3
18528e59-9d7d-c61b-b11a-0890443643c0,2021-12-30,TX-200,NY,Supplier B,206,15,262,3.84,0.86
158612e3-ce18-df01-cedd-899ee800c502,2023-03-28,TX-500,IL,Supplier E,261,10,321,3.74,0.2
9b43ce07-fcf4-5c7c-f941-878afc8f94f5,2022-03-13,TX-300,FL,Supplier D,256,17,325,3.78,0.86
e6061afd-139c-2aad-d379-7524bdb872df,2023-10-15,TX-200,IL,Supplier C,284,14,354,4.1,0.16
e6eeb0de-ed3c-58fe-ffd5-dd5e4e1c25f3,2022-06-17,TX-200,TX,Supplier E,422,28,536,4.1,0.87
9b2054d5-89a7-ed1f-87cd-778912af6bee,2023-11-01,TX-500,NY,Supplier E,219,11,276,4.32,0.8
1f597c29-7342-5542-25f9-c627f9e99d2c,2023-07-18,TX-200,IL,Supplier E,309,25,394,4.02,0.98
bb3c1d3b-7005-5221-27ec-b9baedbd07f3,2022-09-14,TX-400,FL,Supplier B,320,32,411,4.26,0.41
07ccbe9f-49e1-001b-ee57-0dfc0603b3cd,2021-01-27,TX-500,TX,Supplier E,243,9,293,3.45,0.73
dab248e0-6356-560f-dd45-eb15f4843abb,2021-12-20,TX-200,FL,Supplier E,221,13,278,3.84,0.62
5e74b187-5f37-f0b0-69af-2b964dc21ba9,2022-07-31,TX-100,IL,Supplier E,259,20,333,4.71,0.79
759098fa-085e-5897-c62a-c9b85be0b54e,2023-04-17,TX-100,CA,Supplier B,280,23,359,3.94,0.12
54767d8d-fe6e-a677-5f3b-7cb78ac24694,2023-03-29,TX-200,IL,Supplier A,292,14,364,3.74,0.68
072880c7-5522-9650-4616-19de63577782,2020-07-22,TX-300,IL,Supplier B,329,23,412,2.82,0.25
bf295aff-a9c3-d333-7bc8-69ae6dd776fd,2021-09-02,TX-200,NY,Supplier B,305,28,391,3.71,0.27
e3571b81-896e-1ed5-145d-a6854d97dbaf,2021-09-24,TX-500,CA,Supplier A,293,25,379,3.71,0.02
c2d493f0-d812-3eb6-11a7-644d11f27b50,2021-01-27,TX-100,IL,Supplier B,170,9,212,3.45,0.73
59d9d054-d4ae-a8ae-2699-c9539ae0414e,2023-10-16,TX-100,NY,Supplier B,192,12,242,4.1,0.21
f2f891d4-2c56-3624-ab48-42217e697cb8,2022-06-15,TX-200,TX,Supplier A,365,27,470,4.1,0.71
b7e17813-4c5d-d588-678c-765f1a222d89,2020-01-28,TX-400,IL,Supplier D,206,16,259,3.17,0.66
cafa797e-8eff-9628-cd9c-3e7713378f3c,2022-10-06,TX-100,NY,Supplier D,209,12,265,3.97,0.7
3ebfcdf3-2c5e-f221-b85d-9b87c2621348,2020-12-21,TX-200,NY,Supplier D,156,11,199,3.4,0.88
05fa3b8f-e0fb-3764-8ae8-77dba826ccf3,2022-09-30,TX-200,TX,Supplier E,306,10,373,4.26,0.14
48228470-4a21-efcf-715f-4e336ddc8f0a,2021-04-05,TX-300,CA,Supplier D,312,24,394,3.68,0.07
24134568-2a00-9f3e-6ea7-779f8a5ef901,2020-07-15,TX-300,CA,Supplier C,400,30,507,2.82,0.6
6e717ba1-3ad7-cd52-1d61-554f1803d93c,2020-04-26,TX-300,CA,Supplier B,300,15,376,3.56,0.83
1aa8672e-9e36-46a6-e408-a8857ea99022,2021-09-28,TX-300,NY,Supplier D,250,24,330,3.71,0.42
43fee930-8269-16ff-d359-dd4c8b53dcb0,2021-02-02,TX-100,NY,Supplier D,171,19,226,3.82,0.05
2a002c9e-65f7-a8cc-bb87-af1eafad3f5d,2021-11-05,TX-300,IL,Supplier C,190,10,239,3.9,0.1
4f7276ba-e0b5-0978-9508-effb50ccbc77,2022-09-13,TX-300,CA,Supplier E,273,17,349,4.26,0.34
b2c2d5a0-506d-5202-cc8a-768c16e467ea,2021-11-17,TX-100,TX,Supplier B,203,13,257,3.9,0.21
63debd71-c96c-b380-68d7-4140bd39f5c9,2021-10-27,TX-100,TX,Supplier A,261,18,330,3.51,0.19
0bb9ec3f-4e1d-da96-b247-f75c06fba29f,2020-09-25,TX-400,NY,Supplier D,230,20,292,2.91,0.3
5119d677-955f-bb7a-2c22-b3ef554bbf7f,2023-11-29,TX-200,NY,Supplier D,209,18,272,4.32,0.49
db4ff913-8014-d14b-704d-dec2cf983da1,2020-07-03,TX-100,CA,Supplier A,372,23,471,2.82,0.93
8c5ec117-de52-4e00-c385-9f1c60cbe2ee,2021-03-18,TX-500,IL,Supplier A,276,21,348,3.96,0.65
affaefe5-4423-716c-1ac6-e922d8047877,2021-03-19,TX-400,FL,Supplier A,249,16,317,3.96,0.32
f341ee74-28a6-2830-2890-8974675f9dc5,2020-09-15,TX-100,TX,Supplier A,278,22,348,2.91,0.27
c3b07637-b2c4-5a80-66f6-123f3ecb73b2,2020-10-06,TX-500,NY,Supplier B,245,19,311,2.74,0.29
44e0efdc-e1b2-24a8-c930-be078128b596,2020-03-03,TX-100,NY,Supplier E,220,8,272,3.22,0.31
deb869b2-56c0-0568-9711-13f6a25149dc,2022-07-21,TX-200,IL,Supplier A,304,17,381,4.71,0.74
d608b18c-7319-2014-9d6f-f967d73e6619,2023-06-09,TX-400,NY,Supplier C,347,25,442,4.27,0.93
085e3203-f3dc-33ce-249f-61a21fc4f2ef,2021-04-24,TX-400,CA,Supplier D,310,24,390,3.68,0.31
81aa0c16-c782-349d-a482-38e6f63c8315,2023-04-23,TX-200,IL,Supplier A,298,17,371,3.94,0.53
48c165ee-e799-67f6-0ed4-bd9abcabc2c2,2023-08-03,TX-200,TX,Supplier C,329,30,421,4.06,0.67
a2fb6a9f-184c-3584-4f39-1f5fd084bb7d,2023-01-08,TX-100,CA,Supplier E,215,18,276,4.33,0.15
4faa9ed2-a9f4-2245-25e6-bd29b90b5876,2022-11-11,TX-400,IL,Supplier A,207,20,270,4.13,0.41
2bc312a7-d366-91fe-efc0-149f5e43fc4c,2021-12-11,TX-200,FL,Supplier E,212,14,268,3.84,0.71
4de01d69-4090-f208-ea0b-5e8db7e2c1a5,2021-04-14,TX-400,CA,Supplier B,351,25,447,3.68,0.83
02d9fc6c-d809-2714-07d5-827c598371c1,2023-12-29,TX-100,NY,Supplier B,160,12,207,4.33,0.22
23f08abe-53bb-affc-e69d-0e48a89080b5,2022-09-23,TX-500,FL,Supplier A,273,23,354,4.26,0.2
ffe14a1e-c28e-5961-d15b-cf61da5b9b0a,2021-07-21,TX-200,NY,Supplier D,282,22,360,3.79,0.35
292c0ea2-f74c-a83f-6343-0f01be0a77e1,2021-09-04,TX-400,CA,Supplier E,373,20,468,3.71,0.19
953f1756-6596-67ef-6f67-a7dc4137c997,2020-09-07,TX-400,FL,Supplier A,318,18,397,2.91,0.78
ba46f46b-b32c-48e5-af2f-a02ece15c231,2023-01-13,TX-200,NY,Supplier E,187,7,230,4.33,0.44
b5c0b93a-8733-4800-f7a6-b0d5c250669e,2021-08-17,TX-500,IL,Supplier C,383,40,504,3.77,0.62
3506b2a1-4858-f37f-a756-19a0e76b6cb5,2022-09-15,TX-300,IL,Supplier A,293,19,368,4.26,0.44
3b0bc80f-f99a-4c3e-6bbb-1d218fba8884,2021-05-15,TX-200,NY,Supplier C,309,24,388,3.79,0.47
0168fb47-06f7-1a28-1cd4-7a0f4aa8fd37,2023-09-27,TX-100,CA,Supplier A,308,18,393,4.06,0.8
6d80fd62-d5d9-1b53-0b7f-cf1c54a2c34e,2020-01-12,TX-100,FL,Supplier A,180,12,229,3.17,0.47
4d15c6f9-5c71-c803-bcb8-bb47c954176a,2021-04-02,TX-200,FL,Supplier D,247,19,315,3.68,0.84
b39dc6ff-4c4a-1c06-8f00-ea23a9b4615d,2022-05-23,TX-300,FL,Supplier E,340,14,423,3.99,0.54
b1ca78f8-29ba-80ed-9b49-e01823e86333,2021-02-04,TX-400,IL,Supplier A,184,18,239,3.82,0.04
145fb6e4-3fcc-d6b9-010b-ce5d6ac323ce,2020-12-14,TX-400,IL,Supplier E,181,11,228,3.4,0.46
c08001ce-695e-067f-7d40-c283a2cd762d,2021-07-06,TX-400,FL,Supplier D,319,26,404,3.79,0.9
57f2fb61-b92a-44a2-11d9-ae811627f723,2023-01-14,TX-400,CA,Supplier C,225,16,284,4.33,0.77
573303b2-b6fe-6cce-a218-e0ecd54e85fc,2021-02-02,TX-500,IL,Supplier E,234,20,303,3.82,0.05
7134f5bc-0ab8-e2bc-016b-2b674a5c371b,2021-06-02,TX-200,CA,Supplier B,342,34,447,3.5,0.37
6360e0fe-a720-2d05-3060-1a995023de2e,2023-09-08,TX-200,FL,Supplier D,288,18,361,4.06,0.53
99d76328-2adc-5ec7-d119-1ed0d3c875b8,2020-08-24,TX-500,FL,Supplier D,298,26,380,2.82,0.05
55edd214-8670-f15a-1341-284731552dd2,2022-07-25,TX-100,NY,Supplier D,277,15,353,4.71,0.34
765936e0-5b72-b542-de1f-126583bd0137,2023-12-27,TX-100,NY,Supplier E,182,10,229,4.33,0.74
1577c924-4b5a-91d9-0ed5-468d652c9743,2022-07-15,TX-400,TX,Supplier E,409,19,514,4.71,0.47
3e75ae0e-0af4-714a-696b-88723f4b5909,2022-12-10,TX-500,FL,Supplier A,224,14,284,4.43,0.42
02643bc0-04d8-710a-b3d3-5346c803a7d3,2021-05-24,TX-100,TX,Supplier E,324,21,405,3.79,0.49
4f93fb3b-d988-046c-a2d7-c6aed24c2ecf,2022-11-10,TX-500,TX,Supplier D,275,22,355,4.13,0.59
2ee6b381-7240-d281-951b-8dfef3a7dccf,2021-08-12,TX-300,NY,Supplier E,282,11,354,3.77,0.87
3d9341ee-4c28-a531-1349-e93a130e6858,2020-08-19,TX-100,TX,Supplier E,301,20,385,2.82,0.18
fd567dd2-5f69-128f-e34c-5d380e7f8fd7,2020-08-06,TX-300,TX,Supplier C,354,29,448,2.82,0.12
d391fc31-1343-c251-5193-5adbe1a64e7d,2022-11-15,TX-100,IL,Supplier A,233,24,302,4.13,0.17
9ceb3fa8-c174-c632-074c-12c02a48d79e,2020-08-22,TX-400,TX,Supplier E,296,17,372,2.82,0.57
1a7d7683-3e9d-36a0-8b23-e3286471793b,2020-07-09,TX-100,NY,Supplier C,280,20,351,2.82,0.83
f006f2df-dbeb-3e9c-e5d7-9dd7c58aaaf4,2020-03-14,TX-400,FL,Supplier C,240,17,301,3.22,0.42
cc17b92e-acb8-0a38-2eac-d5755ab8c2e6,2021-08-28,TX-400,CA,Supplier D,350,33,449,3.77,0.35
33cac8c4-3f27-0b52-9f42-2b007811bff2,2020-08-14,TX-100,CA,Supplier B,292,20,370,2.82,0.32
4611e7f7-ed3a-d9ca-634c-db4d0dee4c29,2023-08-29,TX-500,CA,Supplier B,371,27,478,4.06,0.71
547c270f-91f1-00f1-df98-4197de166ce0,2023-10-14,TX-300,TX,Supplier B,311,22,398,4.1,0.04
2df504cc-d98f-506c-fa6d-01f4eddbcc20,2023-08-17,TX-500,FL,Supplier D,355,25,445,4.06,0.97
3d60cafa-8295-a724-2a82-c4b86a3b989d,2022-02-23,TX-500,CA,Supplier A,250,14,312,3.6,0.73
004579b2-c7ee-07f2-0ae0-5b850115d98c,2022-02-04,TX-400,IL,Supplier E,250,7,304,3.6,0.9
5f6dfd66-d002-254b-939c-9563dd17ffee,2022-08-21,TX-100,CA,Supplier A,306,16,380,4.49,0.95
9335cd28-01c0-2ddc-ef42-b2f0ae2ce1c3,2023-08-27,TX-400,NY,Supplier A,293,22,377,4.06,0.96
6486a854-92d6-2439-8447-c89232b961b3,2021-03-16,TX-500,IL,Supplier D,304,19,386,3.96,0.7
f0b8b8d5-ace9-8da7-06b9-520c8cc8a7ab,2022-08-17,TX-500,TX,Supplier C,424,23,528,4.49,0.46
f26e7461-272a-5490-09a4-e4b78cebd2bc,2022-10-17,TX-400,TX,Supplier A,303,27,396,3.97,0.88
ee326ca7-d60d-8015-a844-d49bba7fc891,2023-03-17,TX-300,CA,Supplier A,313,29,406,3.74,0.21
aec01e15-d657-e2ac-1c56-3d831cbe6b13,2023-01-14,TX-400,FL,Supplier A,247,18,312,4.33,0.77
18efa4d6-f0cf-2275-a9b2-2e1cdb308bad,2020-06-13,TX-100,FL,Supplier A,343,20,430,2.68,0.72
50e4c349-4985-1e7c-ff56-d42f8b2c93e5,2022-04-16,TX-100,TX,Supplier A,278,13,346,3.88,0.39
340e831e-2e04-21ca-906c-b47b9ba77cf9,2023-09-19,TX-500,IL,Supplier B,342,16,422,4.06,0.09
f6e1b4d0-b89b-382c-4375-ab72fd66eeaf,2023-06-22,TX-200,CA,Supplier B,375,28,483,4.27,0.74
85e137bf-72e6-0a54-e5a2-f846997c43c2,2022-10-26,TX-500,IL,Supplier C,260,17,328,3.97,0.33
8293d45e-79a8-bd2b-0014-cc4f62f0a08a,2023-08-26,TX-300,TX,Supplier A,335,29,426,4.06,0.99
6ddd5dc0-717e-005a-2522-8eff170088ef,2020-09-14,TX-500,CA,Supplier E,299,15,376,2.91,0.64
b2e8cc10-5a58-c1ca-8f48-cff0ea2fc798,2021-02-03,TX-400,CA,Supplier D,217,17,281,3.82,0.62
dabebf10-fa41-c892-26e2-8ba7222cfb6f,2023-05-07,TX-100,FL,Supplier D,287,20,365,4.14,0.4
5ab9d178-5a19-4275-f730-dc798fa55b4c,2020-01-04,TX-200,NY,Supplier D,179,18,230,3.17,0.66
a35b0d91-b5bd-3c3f-be46-1c1472466d0e,2023-04-23,TX-400,FL,Supplier B,353,23,446,3.94,0.53
b67884f2-caaf-363a-39fa-a8eb24be51c3,2021-04-20,TX-500,NY,Supplier E,261,24,337,3.68,0.36
e643c08f-d221-6e6f-9eef-1fe9850d0c2e,2022-11-24,TX-200,NY,Supplier A,181,12,228,4.13,1.0
85211ecd-6178-b6c7-1f88-9c52e10694df,2022-06-13,TX-500,NY,Supplier B,315,34,417,4.1,0.45
ebf6699c-6214-7a5e-53e6-a09a7b3c2eda,2023-02-18,TX-200,FL,Supplier B,244,24,321,4.02,0.87
9327f255-d2a0-d049-fedf-89f8af144613,2022-04-28,TX-300,FL,Supplier D,331,22,423,3.88,0.19
bcda4f48-a496-1696-f224-99857e70b313,2022-10-19,TX-400,CA,Supplier D,316,27,404,3.97,0.44
3ac0f954-4a1d-8498-a588-c313d3e18ff8,2022-01-15,TX-300,CA,Supplier B,199,9,243,3.7,0.35
d98a7b81-7ba9-d433-c6c6-4557875e915e,2023-11-04,TX-100,CA,Supplier C,257,21,329,4.32,0.95
2b4c91b3-bf38-635e-c570-be5dc8b9ce5e,2022-05-08,TX-300,TX,Supplier A,297,25,382,3.99,0.25
ac17a91d-1016-be06-d512-10f87e62d1b7,2023-09-19,TX-500,CA,Supplier A,379,30,489,4.06,0.09
00fb4ada-54a0-aae7-50f1-359e8e3fcb7a,2021-08-09,TX-500,IL,Supplier E,311,14,386,3.77,0.68
e7ba3f84-4d46-6ce8-f7b4-b67398425290,2023-06-15,TX-300,TX,Supplier E,370,26,475,4.27,0.92
b9221d2c-56a6-2952-f213-3e068fcb0df3,2020-04-14,TX-400,TX,Supplier A,332,30,429,3.56,0.11
2f99e457-cd5f-9537-52d2-04a0320233db,2023-09-28,TX-400,IL,Supplier B,305,22,393,4.06,0.55
7d10c027-94b0-026d-0e0d-cca44424ed20,2022-04-05,TX-300,TX,Supplier B,309,22,395,3.88,0.89
627d5a55-7206-955f-7d9c-567566b51b34,2023-01-04,TX-400,IL,Supplier B,239,21,312,4.33,0.89
9a0ec17b-ba17-d9a8-7585-d9a01ac4c963,2020-12-21,TX-300,NY,Supplier A,196,13,245,3.4,0.88
1c11ba3c-f5bd-0ae4-83ca-7fa5544c0fbc,2023-02-27,TX-100,NY,Supplier C,182,24,241,4.02,0.71
0c136137-c758-2593-f044-4b9ef14e7251,2023-11-22,TX-100,NY,Supplier D,163,14,211,4.32,0.19
4e7d9257-b1e2-c5b9-4e99-3385bc898194,2021-07-28,TX-100,CA,Supplier A,333,21,422,3.79,0.98
2a42bf9b-57af-8573-b009-4ccee8e39a08,2020-11-24,TX-200,CA,Supplier B,271,18,346,3.1,0.38
d91ed445-4f5b-7a99-e79d-aec7ff38a926,2022-08-29,TX-200,IL,Supplier D,287,25,365,4.49,0.75
b7335958-b60a-1080-2ab6-60181042e56d,2022-10-23,TX-200,FL,Supplier B,223,13,283,3.97,0.54
49c95254-c7ea-5b8c-a017-900db8643842,2021-08-14,TX-500,CA,Supplier C,349,31,448,3.77,0.8
50139087-256d-747e-1d9e-b8e8eb3fc6ea,2023-11-02,TX-400,NY,Supplier B,215,10,271,4.32,0.62
60734ded-8af2-5765-6952-45854486f5c4,2020-03-04,TX-500,TX,Supplier B,296,15,368,3.22,0.58
25be9c59-e32f-8b60-1d96-2ff112b74f62,2021-08-15,TX-100,NY,Supplier C,261,20,339,3.77,0.05
92850aab-f495-59da-278f-3379a7041225,2020-07-30,TX-200,CA,Supplier A,353,32,443,2.82,0.82
f13154a7-d89b-f06f-0a52-1c6a8a0fdf0d,2020-02-20,TX-400,NY,Supplier A,234,13,294,2.91,0.91
b33a8d22-7950-1116-e38c-f219a270cff0,2021-11-15,TX-100,CA,Supplier B,236,21,306,3.9,0.06
9f1586bc-ee73-7d57-d8b3-9dab9e64f8d9,2021-06-14,TX-400,CA,Supplier D,448,36,570,3.5,0.5
46134a46-e051-8990-1cb9-b4d8fac6f18e,2021-01-25,TX-500,IL,Supplier D,248,24,320,3.45,0.85
942ca8bc-29d3-6b75-ce62-d6b571906b45,2021-06-27,TX-100,IL,Supplier B,280,23,361,3.5,0.6
055e6f42-a31f-3032-c523-eca1d0570b77,2020-10-21,TX-400,NY,Supplier D,196,15,251,2.74,0.78
e067e90f-c658-1214-b8fb-469afe96b3e7,2021-01-20,TX-500,NY,Supplier E,197,11,248,3.45,0.2
de6de46c-e272-ab27-9da4-50235634d948,2020-01-02,TX-100,TX,Supplier A,193,9,243,3.17,0.01
5d13547c-bc25-f095-c420-81b00912529f,2023-04-24,TX-300,IL,Supplier D,301,22,377,3.94,1.0
11ddff85-d8bd-a5ce-895a-d70921e94c25,2020-08-15,TX-400,CA,Supplier A,401,20,496,2.82,0.5
e54a9b34-8ea3-441b-bad5-eb4ed45ec556,2021-11-20,TX-400,CA,Supplier E,259,10,324,3.9,0.42
ecbb33fb-178e-76c4-8467-6aad43073f8c,2020-08-18,TX-100,FL,Supplier A,248,28,328,2.82,0.04
4a29f199-f562-bf4e-c38c-d5e9a74e1d05,2021-08-13,TX-200,TX,Supplier D,302,31,393,3.77,0.74
570b82c4-814d-c2c8-f035-c908413f17c8,2020-12-21,TX-300,IL,Supplier C,164,12,210,3.4,0.88
c6c5a59d-98ae-b2a4-a2ec-3b955b3290af,2022-08-08,TX-200,NY,Supplier E,339,24,433,4.49,0.06
26efc9d3-3bd5-a1b4-ec58-01316dd83b55,2020-08-16,TX-500,TX,Supplier C,329,29,426,2.82,0.88
fa98492a-55d1-cbbd-f787-966e30981fd7,2023-12-26,TX-200,CA,Supplier A,245,23,318,4.33,0.51
0fa0ee31-3631-977a-d84c-2f4ef7b32e8a,2022-09-26,TX-500,IL,Supplier D,331,24,419,4.26,0.25
9d4a7ec9-5d02-1e48-425f-c1530e6b0151,2020-11-24,TX-100,TX,Supplier C,232,17,299,3.1,0.38
90a36f5f-d2a9-ecfa-5099-d94076f69e0e,2020-08-16,TX-300,CA,Supplier D,290,28,377,2.82,0.88
86df3566-4668-9c84-dcb5-d243fe8ce98b,2020-11-04,TX-500,TX,Supplier E,246,14,311,3.1,0.49
6651e84d-ad5f-e22b-6cd1-ebf1e970bd80,2022-08-24,TX-300,NY,Supplier A,278,17,354,4.49,0.68
2b83871c-da86-003c-115d-9007c08eb88c,2021-03-17,TX-100,NY,Supplier C,242,14,303,3.96,0.65
7a11fca0-a4d7-86b6-ad33-183071011dfb,2021-12-07,TX-300,IL,Supplier D,174,20,227,3.84,0.33
2db8cf0a-7da4-823c-c65e-b4dddae07e81,2023-05-27,TX-400,IL,Supplier B,357,36,458,4.14,0.55
b5c29205-b520-495c-05e5-1dd74628e600,2022-05-08,TX-400,FL,Supplier A,374,34,485,3.99,0.25
1127aa42-49e9-91cc-3de1-92d117d6cce8,2022-08-20,TX-400,CA,Supplier B,335,34,436,4.49,0.47
9981259e-b4bd-f49f-311b-ea161a2e08dd,2020-11-07,TX-400,IL,Supplier E,192,11,243,3.1,0.12
5780be43-46f3-db7a-626a-68931a78a998,2020-08-08,TX-300,FL,Supplier E,316,14,395,2.82,0.06
17ef89dd-82c0-d36c-619a-8522bfddef6f,2023-08-24,TX-400,FL,Supplier E,295,17,370,4.06,0.04
9959b43e-a2fc-d956-9508-235396fb93dd,2023-12-23,TX-300,CA,Supplier A,233,15,289,4.33,0.37
898aa64e-37b2-0fc1-6a11-e98d2caa6ed7,2023-04-11,TX-100,TX,Supplier E,311,18,385,3.94,0.61
289f05eb-7140-9b75-555b-c0ba959674e1,2021-11-02,TX-400,TX,Supplier C,288,16,366,3.9,0.43
ce6ff89e-65f7-1ed0-8b4d-080966a42123,2021-07-31,TX-200,TX,Supplier D,305,20,381,3.79,0.08
8cf5f783-4aa0-989b-4524-b4976424031d,2020-10-27,TX-100,TX,Supplier B,246,26,320,2.74,0.62
04e29b30-1aab-c03a-52ab-a501c9eeb2f4,2021-09-03,TX-400,NY,Supplier E,247,8,301,3.71,0.89
4024de96-5ef0-1639-a4c9-959981f2a3a1,2022-07-31,TX-300,CA,Supplier D,375,31,485,4.71,0.79
ac2c4d14-62ae-86e2-9266-cb89ee1041eb,2020-11-03,TX-500,TX,Supplier A,237,12,295,3.1,0.8
090226cd-5718-85cf-513d-863e5cff4e7e,2020-06-17,TX-100,TX,Supplier A,289,26,373,2.68,0.93
16ad6626-6fec-5b25-0af4-c3de47dfd2a5,2022-05-07,TX-500,FL,Supplier B,359,38,476,3.99,0.11
283e21da-c4d6-c3cb-b294-56e2d15cfee3,2021-12-23,TX-400,FL,Supplier A,245,15,316,3.84,0.59
c24ccae0-a13d-a5e0-19ee-7a3e9bbe137f,2020-03-04,TX-100,CA,Supplier C,241,20,311,3.22,0.58
1338ba75-3bda-eed4-bbed-7b3f01eac370,2023-12-06,TX-100,CA,Supplier E,203,20,261,4.33,0.05
857312bb-041f-3b98-f3d8-65858fc8793a,2021-12-28,TX-300,CA,Supplier D,222,28,299,3.84,0.16
e0c5e67b-c607-d18d-9bc5-cc17fea1c92d,2023-10-07,TX-300,CA,Supplier E,276,19,349,4.1,0.39
28292fc5-2d2b-c64c-6664-e607d4250cd1,2022-06-16,TX-300,NY,Supplier C,294,20,371,4.1,0.85
eb3345be-eee1-d2ec-5fdd-bb7ed03d4a30,2020-12-30,TX-300,NY,Supplier B,177,16,228,3.4,0.03
e3128bdc-7890-eb1d-298f-14f9772fe1df,2020-01-01,TX-100,TX,Supplier C,204,16,260,3.17,0.2
fdb7409c-e62f-29f1-3f92-693aca98c25e,2022-06-17,TX-400,FL,Supplier D,409,36,528,4.1,0.87
3a2c4b93-c088-976f-ac5b-b6cb859172a2,2023-06-07,TX-100,NY,Supplier E,283,20,361,4.27,0.26
91a06a0c-03bf-ed3f-9069-da868726e8fa,2020-04-30,TX-400,TX,Supplier C,358,31,472,3.56,0.29
6d941672-e12b-3fa0-1278-03aefb6b0bd7,2020-03-08,TX-400,FL,Supplier D,261,12,323,3.22,0.72
a8cf9a48-183e-cd92-7b64-7fb817f3fba2,2022-12-28,TX-400,TX,Supplier A,241,8,302,4.43,0.83
af95b13f-8c93-9bb6-97ce-10a60ff6323f,2023-04-12,TX-400,CA,Supplier D,340,26,437,3.94,0.21
cd7dc20c-3d1d-6772-fd98-e8446ba20e0e,2020-06-09,TX-300,TX,Supplier D,375,25,479,2.68,0.69
5ecfc07b-7043-f834-8346-e7d59ebe317f,2020-01-22,TX-200,TX,Supplier A,228,13,284,3.17,0.41
546be934-99a0-28f8-3f24-dd68a7ff2dc6,2023-03-16,TX-500,CA,Supplier E,360,18,449,3.74,0.0
29a5a17c-e975-1cbf-6206-91a3e9279557,2020-05-24,TX-100,CA,Supplier E,336,18,421,2.99,0.15
5271ced2-d666-7fb6-11da-1427cfa4ab1c,2020-04-15,TX-500,CA,Supplier C,328,36,436,3.56,0.67
4e0679c0-982b-ca3f-cd54-a6652f8d9926,2021-11-17,TX-300,NY,Supplier B,218,13,276,3.9,0.21
94f058c5-7475-1e6c-3922-5d541b282b69,2020-03-28,TX-300,IL,Supplier C,209,16,268,3.22,0.48
fcc1ca35-b067-9840-6d49-e925bc759772,2021-03-14,TX-300,NY,Supplier D,204,12,254,3.96,0.57
2e8d2c9e-0e7c-3bcc-d4ae-08bd1f72903b,2023-03-20,TX-400,TX,Supplier C,335,18,422,3.74,0.17
e6975bc7-29f3-faf4-ac41-ae440b80a175,2021-07-19,TX-200,NY,Supplier B,294,20,372,3.79,0.73
244dba0e-e6b3-61a4-c3e0-94838ade5ac2,2022-11-03,TX-300,NY,Supplier E,203,18,259,4.13,0.76
e1237e3f-bd87-3b7d-1432-fb2ca6dfc993,2022-09-30,TX-500,CA,Supplier B,328,29,428,4.26,0.14
98c33db6-a313-15bb-3cf8-be88b22d4cce,2022-08-22,TX-400,IL,Supplier B,339,32,438,4.49,0.34
dd1f4f58-3a70-dba4-4d2a-73a9ff26e9df,2022-09-03,TX-200,FL,Supplier C,291,25,380,4.26,0.95
6ea8d21b-ee80-d7af-8a2f-cdaf621c5bbe,2020-08-04,TX-400,FL,Supplier E,372,16,460,2.82,0.28
91b23122-b82c-0d94-0541-00ad4fa9e557,2020-11-12,TX-300,IL,Supplier C,192,14,242,3.1,0.77
edd2d300-2e05-d47f-51f8-94a1ed8fd5fa,2021-04-15,TX-300,TX,Supplier E,298,19,376,3.68,0.86
9597e89c-5ac5-c2af-c8c5-908f34888af5,2022-10-30,TX-400,IL,Supplier D,258,15,324,3.97,0.84
e95e3fe9-89da-6287-0838-4d42ee5f824d,2020-09-06,TX-400,IL,Supplier E,256,18,324,2.91,0.64
ab6621e7-2b70-9e2d-a2aa-607472a08b82,2023-06-26,TX-200,NY,Supplier A,367,27,458,4.27,0.01
d3440773-d23f-0a23-9cd9-c3c8552c71ee,2023-03-19,TX-200,NY,Supplier B,271,19,341,3.74,0.65
1745c2be-08b6-5afc-59b0-348253d3e916,2022-08-27,TX-100,CA,Supplier B,373,24,471,4.49,0.45
04634f5d-4d15-15f4-a6df-296a536d67c2,2022-08-28,TX-300,IL,Supplier C,323,19,407,4.49,0.89
3eee6b34-a471-8b56-4819-005ce1239653,2022-02-04,TX-300,FL,Supplier C,227,22,299,3.6,0.9
541bd7e8-c581-3bf3-2b9d-2f1be074b482,2020-01-24,TX-500,TX,Supplier C,237,16,300,3.17,0.23
10c0925b-51d1-f556-e01a-f8c9a79eaf56,2022-02-17,TX-400,NY,Supplier C,190,17,248,3.6,0.87
091ff712-fdb1-3076-2c1d-e41a84bd5ac8,2023-05-26,TX-300,TX,Supplier A,307,18,386,4.14,0.66
98146fb3-122e-0668-8418-9b9e90ec4cf8,2021-06-10,TX-300,CA,Supplier B,381,27,477,3.5,0.91
6c115d3f-7d13-ef8b-c9b0-c04123aaa192,2021-06-01,TX-300,TX,Supplier D,382,42,493,3.5,0.06
8cb678a1-aff4-9fa0-c73d-ee6dee0ec846,2023-11-14,TX-400,IL,Supplier E,230,14,290,4.32,0.32
ff396e12-d336-160b-1f02-0403c61cb6d5,2020-04-13,TX-500,FL,Supplier C,365,26,465,3.56,0.55
811aa8e2-a419-7bfb-4b10-326e370c3a53,2023-03-24,TX-200,NY,Supplier D,230,24,299,3.74,0.94
23dcaefe-c882-e5cb-147d-0b5b1807cbaa,2020-05-31,TX-400,FL,Supplier D,325,26,416,2.99,0.97
a122db45-d313-f963-0797-dc63ba8f3646,2022-08-06,TX-500,IL,Supplier D,333,35,444,4.49,0.99
afa4fde7-47fd-c1d2-2600-0778edc8b704,2020-05-06,TX-200,IL,Supplier C,294,25,380,2.99,0.44
5d84370e-2d44-67b2-db0c-80be74c26659,2023-07-28,TX-500,FL,Supplier A,373,32,489,4.02,0.87
4a2c8861-e471-2e5e-a52b-ade0ed046b05,2022-01-09,TX-300,CA,Supplier C,210,20,270,3.7,0.6
36dacd65-b874-35fc-4996-57d779236ea5,2022-03-02,TX-400,TX,Supplier D,262,22,339,3.78,0.8
0c350f75-a52a-5c97-4deb-ba392fe1325d,2022-01-03,TX-100,IL,Supplier D,169,17,222,3.7,0.6
138edc26-ae93-fe2d-5c3c-34cb1e50e69f,2023-06-22,TX-500,CA,Supplier C,473,39,605,4.27,0.74
86ee0174-dd4e-9ad7-fdb7-a3ccf45673f6,2020-05-25,TX-200,FL,Supplier E,291,16,369,2.99,0.18
af78b457-f675-a6d3-0d59-bd9829bab3e8,2022-07-25,TX-400,TX,Supplier D,327,28,410,4.71,0.34
6c9dcbe8-167a-c59e-6f6c-97d61c95e755,2022-12-15,TX-200,CA,Supplier D,266,18,337,4.43,0.99
e1dbd6b9-848f-907e-d419-5d34abf31c99,2023-11-09,TX-400,IL,Supplier D,243,25,316,4.32,0.95
17595479-6e67-1cd8-7b76-1a1637cae5e0,2020-02-11,TX-200,FL,Supplier A,223,15,284,2.91,0.7
a4d420ba-18ed-8386-d56c-38596b18dfec,2020-09-04,TX-200,IL,Supplier A,246,20,312,2.91,0.8
3ba669ae-2cbe-a861-db43-c31dd95c8023,2021-09-24,TX-200,FL,Supplier A,267,12,334,3.71,0.02
8163f513-0cd2-8b5e-3352-a92c3697b328,2023-06-28,TX-500,IL,Supplier E,423,21,523,4.27,0.33
7af48c53-946d-d969-d554-efae91ee7530,2023-11-10,TX-100,IL,Supplier B,202,16,260,4.32,0.38
7dbb4cf2-2d3b-6ab9-e67d-d59da47f1559,2022-06-08,TX-400,FL,Supplier E,312,16,395,4.1,0.1
37cc778b-6e9f-2ce1-5640-e0effe88ee98,2021-02-17,TX-100,IL,Supplier B,207,15,263,3.82,0.3
9f62dee7-70e9-47ba-9bf9-c10336101527,2023-11-10,TX-300,IL,Supplier C,228,15,290,4.32,0.38
0d6e0459-5afe-89cc-1029-71c554ad1517,2021-02-22,TX-300,NY,Supplier D,178,15,231,3.82,0.15
807cb1fc-6833-9c43-7d58-21c725b54a45,2022-12-29,TX-300,IL,Supplier D,182,15,234,4.43,0.82
1f91bfd2-b214-8c02-51dd-e48de7ad5591,2020-02-09,TX-300,NY,Supplier A,168,10,211,2.91,0.5
3488d649-95b5-8b08-9015-2f8d08314258,2020-10-13,TX-200,IL,Supplier A,208,12,262,2.74,0.1
4eb8d206-316f-74f0-4182-439506db104c,2020-01-22,TX-400,CA,Supplier C,223,19,286,3.17,0.41
768222d3-9b58-3c69-353e-4b706be030c8,2021-01-05,TX-200,TX,Supplier A,198,12,245,3.45,0.66
51adb3e9-5426-0df6-2180-451084ae514c,2021-05-23,TX-400,CA,Supplier B,403,30,508,3.79,0.59
8e23339d-f313-537b-a7a2-7b4903806be2,2020-06-19,TX-500,IL,Supplier D,334,27,427,2.68,0.3
3b82e44e-d666-ec4e-cca2-8c9793f5222f,2020-01-15,TX-400,NY,Supplier B,200,8,250,3.17,0.63
80b8c361-d6fd-838b-05b5-9b704743c5f4,2021-04-06,TX-100,TX,Supplier D,290,24,377,3.68,0.84
2b47fe49-ee0e-74aa-ca0d-747256df123a,2023-02-23,TX-200,CA,Supplier D,284,32,368,4.02,0.73
9dc62430-12af-6add-2da0-47d0ce25f031,2023-09-23,TX-500,CA,Supplier E,386,16,480,4.06,0.98
3efc24b1-ec63-32be-9269-81843a8f0be2,2022-02-27,TX-500,NY,Supplier B,256,19,326,3.6,0.42
0a2739cc-df04-de49-b93f-aeeb24feb3ec,2021-06-22,TX-400,CA,Supplier D,445,39,568,3.5,0.19
e328db8a-0aef-4dd7-f152-b10d9b919af8,2021-09-02,TX-300,CA,Supplier A,351,20,441,3.71,0.27
5cd81e16-e89e-45fd-08f5-1ae46ac2233b,2023-09-27,TX-500,IL,Supplier B,262,22,334,4.06,0.8
621c36c9-6eb3-8beb-6528-0515c294b889,2021-12-27,TX-100,CA,Supplier D,202,17,262,3.84,0.62
319c6d60-79d4-e296-812c-7cd47c15a190,2022-04-10,TX-500,IL,Supplier B,343,24,434,3.88,0.41
519f7706-23df-547d-0f24-2201c92fdb77,2021-08-06,TX-300,FL,Supplier C,293,17,365,3.77,0.37
88c89b26-a7ee-5dce-1890-f217ff90732b,2021-05-17,TX-200,FL,Supplier D,332,39,438,3.79,0.18
9b7adf01-f557-6a61-9dcb-dcfee48b5045,2020-01-28,TX-100,TX,Supplier E,224,13,282,3.17,0.66
7e1b38f9-0f9b-7c5d-c405-67c2fb43f7da,2021-09-04,TX-100,FL,Supplier A,305,21,385,3.71,0.19
4e49d8ab-37cc-508e-c7f6-50af9da532f9,2020-07-27,TX-400,FL,Supplier C,306,28,397,2.82,0.07
f42bdf1a-e6c9-1629-9c4f-acda3ae6158b,2021-08-30,TX-500,FL,Supplier B,379,38,492,3.77,0.3
29701b23-9251-1d95-a0dc-ad2e62980c14,2020-06-01,TX-300,FL,Supplier C,318,18,399,2.68,0.5
3a752ec7-4173-cd94-2e36-faab4fa2f3eb,2021-03-01,TX-200,CA,Supplier A,232,17,292,3.96,0.3
a715ef23-f4fe-3ffb-7781-b4907c180762,2020-03-02,TX-100,IL,Supplier A,204,11,252,3.22,0.2
8de7ca21-2b5c-68d2-1288-74f11d8db3a1,2020-11-20,TX-300,FL,Supplier B,189,13,239,3.1,0.16
c6953ed3-fc08-f8da-3aa7-16f575cf675c,2022-12-10,TX-500,TX,Supplier B,231,22,299,4.43,0.42
3d23681c-be68-fe15-9c89-dec22b1608ad,2023-11-10,TX-500,NY,Supplier C,220,13,277,4.32,0.38
645f1abb-2538-992d-aaa3-c276b03e001b,2021-10-06,TX-100,FL,Supplier A,238,18,304,3.51,0.91
f16e5fd2-40e1-83db-6574-1afe17a44101,2022-03-08,TX-100,CA,Supplier A,249,19,313,3.78,0.68
1d51d924-5ac5-f842-9fe6-d673d17ee9dd,2021-05-28,TX-200,CA,Supplier B,327,21,403,3.79,0.64
a67036d3-8d1d-0320-5062-7585c16eafbe,2021-10-24,TX-100,FL,Supplier C,220,20,288,3.51,0.81
76cbeeaf-5a1e-e668-7f84-26f82e3bc057,2022-07-30,TX-400,FL,Supplier C,352,20,449,4.71,0.75
2ebe243b-3579-5cd0-12fd-5b89ff680af4,2022-01-12,TX-400,IL,Supplier A,214,18,276,3.7,0.32
f88016f2-c97b-bfef-a1e2-eb270b83c66f,2021-05-26,TX-400,CA,Supplier B,410,22,508,3.79,0.24
79b97b3c-2d33-7faa-ac82-cff0c08d0138,2023-10-17,TX-200,NY,Supplier E,204,12,258,4.1,0.98
20b0c399-86a5-6f6f-5e88-616835bf679c,2022-10-16,TX-500,FL,Supplier B,316,27,404,3.97,0.4
a9a032c2-0b6c-ce5b-a302-07cb20913eb8,2022-01-10,TX-100,FL,Supplier C,218,15,278,3.7,0.22
082287d6-543f-0d90-2b5c-bac04cb578a7,2020-03-12,TX-300,CA,Supplier B,235,15,296,3.22,0.65
7716512b-9682-928a-0e5b-5e89fee21860,2023-03-07,TX-400,CA,Supplier D,261,19,329,3.74,0.83
999eb0eb-1663-2f03-b8e6-3f282e51e849,2023-06-19,TX-400,TX,Supplier A,384,30,483,4.27,0.68
3deb89df-55db-9adb-7d99-fd6f3b6164cc,2022-12-12,TX-300,TX,Supplier C,197,9,248,4.43,0.5
6998c40b-f6c1-eb3c-53c5-a5c9f0965a8c,2022-07-16,TX-100,TX,Supplier D,345,23,431,4.71,0.4
065e3b53-c3c5-5621-e644-5e649215bb1c,2022-04-21,TX-400,IL,Supplier C,338,37,438,3.88,0.95
3019e5db-c1c0-8f62-fba9-9e5099d06c20,2021-09-16,TX-100,FL,Supplier D,263,21,333,3.71,0.6
f96e7fab-de84-ebb1-bcc7-d0a3750cefe5,2023-04-22,TX-200,IL,Supplier D,263,20,332,3.94,0.82
af7b28e7-5aeb-b4ef-335b-479fc3ad76cb,2023-08-18,TX-500,IL,Supplier A,333,24,422,4.06,0.08
fe90811e-b194-3ffb-cb66-3c188f4d4e92,2022-11-10,TX-300,CA,Supplier E,254,20,325,4.13,0.59
89d3f02e-b360-4bfe-fb22-8856c470a109,2021-04-16,TX-400,NY,Supplier A,283,17,362,3.68,0.37
8b4f3fcd-05f5-cef1-b6be-7b1f449821d3,2021-12-07,TX-200,NY,Supplier D,203,15,259,3.84,0.33
9907327a-e802-1863-1cba-b788c4ea9917,2022-09-10,TX-400,IL,Supplier C,281,26,361,4.26,0.91
23a9a17d-8b0c-ae87-78c6-6fb5963a1d4e,2022-10-21,TX-100,IL,Supplier B,227,12,284,3.97,0.85
785cb1b7-3474-91ca-a848-13efeff71a42,2023-03-21,TX-200,NY,Supplier E,278,11,346,3.74,0.89
d2e4d073-8113-13fe-1ef5-82408f90ec38,2022-11-02,TX-200,CA,Supplier E,279,14,348,4.13,0.76
e6505f0b-3104-c27a-9855-4a816010f838,2022-10-14,TX-200,NY,Supplier C,226,18,289,3.97,0.69
19aed93b-a2c2-e55a-6f66-e047ba6b2b15,2022-03-30,TX-100,TX,Supplier D,289,21,366,3.78,0.2
b52bd0d2-7050-ca2d-a40c-845995d3ea55,2020-04-07,TX-200,TX,Supplier B,322,24,406,3.56,0.52
6b1e44fc-6466-84a2-1f85-58e6b5aa82e7,2022-03-18,TX-500,FL,Supplier C,312,22,397,3.78,0.88
f159fbe8-4bc7-9af0-dfa9-9398a3ab3e00,2023-10-20,TX-300,CA,Supplier B,246,13,309,4.1,0.94
5c904044-bd1f-f23c-3995-565711372d0e,2022-05-18,TX-500,CA,Supplier C,356,22,451,3.99,0.3
ff510f35-7d60-8c12-0b64-69647c2d9a37,2021-12-15,TX-500,TX,Supplier B,232,15,286,3.84,0.92
922654b9-a511-a71f-7b59-041d296f97fb,2022-12-24,TX-200,TX,Supplier D,219,22,279,4.43,0.05
ea87fa65-0430-6b99-4ec7-a282664bf6fb,2023-07-23,TX-300,NY,Supplier B,288,16,366,4.02,0.12
37f47348-80c0-e7cf-b29a-16ba2ebc619c,2020-05-14,TX-200,NY,Supplier B,311,29,406,2.99,0.77
86d7f948-1d46-a11b-692e-2cf6b0697a50,2022-12-15,TX-100,CA,Supplier C,199,16,256,4.43,0.99
bf78a6bb-e181-8cac-d2c8-6b1c4b88b017,2022-09-28,TX-100,FL,Supplier C,238,26,314,4.26,0.13
5c8c45df-6a51-2bf5-e500-40dbb7edca33,2021-10-06,TX-400,TX,Supplier E,273,11,337,3.51,0.91
32c210f6-492d-72f2-d45d-49ef32d15dc9,2020-12-15,TX-500,FL,Supplier D,222,21,290,3.4,0.44
8276cf30-a758-cd31-f7ee-da2665cff6d5,2022-01-08,TX-300,NY,Supplier C,198,15,252,3.7,0.8
aee6e323-4832-1403-664d-f30cde030d74,2023-05-27,TX-400,TX,Supplier A,375,30,473,4.14,0.55
e8399cbe-8697-745e-d79e-c42971443f91,2020-03-13,TX-100,CA,Supplier A,288,26,366,3.22,0.08
8b3cb589-5992-8bdb-9e09-cb95e32a1455,2023-03-10,TX-300,CA,Supplier C,284,23,361,3.74,0.27
0553bfb7-4dfd-35c1-6944-52dbf8dcd41c,2023-11-26,TX-300,NY,Supplier A,217,18,276,4.32,0.51
5161fe4b-d4dd-5202-6355-3f9001b17c78,2020-12-16,TX-100,NY,Supplier C,157,13,203,3.4,0.3
eba9d0e0-038e-90a3-69ba-ffe109c9c33d,2023-10-01,TX-400,FL,Supplier E,320,18,404,4.1,0.97
e11382b1-4362-4944-de88-2f067326d9ac,2021-03-17,TX-200,CA,Supplier B,319,17,395,3.96,0.65
3033c0a1-7969-beef-e856-ff6afe61f227,2023-12-17,TX-400,IL,Supplier E,241,15,303,4.33,0.86
71e97b79-c92b-fe21-3186-7ae2e5e69478,2020-10-17,TX-200,FL,Supplier C,282,14,354,2.74,0.14
4032f213-1d64-f4b2-aa87-32d4a10e1198,2022-07-25,TX-100,FL,Supplier A,317,21,404,4.71,0.34
04baef63-b3e6-81a8-cd1d-60ffc29abf65,2022-03-24,TX-500,FL,Supplier C,343,28,438,3.78,0.57
47c60fda-9e47-ab1e-89cc-e3c0ccb66270,2023-07-10,TX-500,NY,Supplier B,409,30,521,4.02,0.19
617b9102-74fe-453a-6b32-a090c59afdc0,2021-12-21,TX-400,FL,Supplier B,241,20,307,3.84,0.24
d8ef9433-4242-dda0-42a0-612e21071799,2021-05-26,TX-500,NY,Supplier A,283,18,355,3.79,0.24
19c12257-d425-bd00-14ef-488189a20102,2022-04-17,TX-100,IL,Supplier C,254,20,321,3.88,0.13
6ff94e99-8375-713c-d1e8-4ecab37de12d,2021-06-28,TX-300,CA,Supplier D,349,29,442,3.5,0.01
6ce746b2-a48f-bef6-fdd2-d8444c272f3b,2020-08-13,TX-300,NY,Supplier A,240,16,306,2.82,0.39
e1084346-9f47-16c1-3d73-f7816dc2bf52,2023-07-22,TX-200,FL,Supplier E,365,26,466,4.02,0.42
698aa37e-e051-8d8c-c5ca-e91c39dbd4f2,2020-12-23,TX-100,NY,Supplier D,189,18,248,3.4,0.84
9206dc66-018a-7410-7e72-c421359afcdc,2022-01-22,TX-100,TX,Supplier C,189,6,232,3.7,0.89
ce0ddba6-1e1f-76b4-a176-bbe72f4619ac,2023-12-23,TX-100,TX,Supplier B,185,9,229,4.33,0.37
a1441a23-39d2-bc2c-edd7-8b7cc66270cf,2023-10-20,TX-100,FL,Supplier B,237,17,305,4.1,0.94
cefad8a2-937a-ec1b-e19a-61f334f98663,2020-01-14,TX-100,TX,Supplier C,228,14,292,3.17,0.76
9ba511c5-20e3-0b03-5614-5a7f305ab0da,2021-06-25,TX-200,CA,Supplier A,337,24,431,3.5,0.45
c5e475c5-2671-b451-106b-80c42af2375e,2023-06-28,TX-100,NY,Supplier E,282,19,355,4.27,0.33
f4fe0101-321a-6aee-b419-b91821ae548c,2020-11-20,TX-200,IL,Supplier A,189,11,236,3.1,0.16
528003e3-a10a-b750-ac0a-dc05245fa84d,2022-07-27,TX-400,TX,Supplier A,414,32,526,4.71,0.34
a4ca1447-f214-f87a-cd3e-dab8459322da,2021-03-08,TX-300,FL,Supplier B,235,19,295,3.96,0.59
4a326a40-3bc7-21fc-35d8-a01a6a36e06e,2021-08-24,TX-300,FL,Supplier A,315,19,400,3.77,0.9
8c5659b2-1ab8-336b-2111-6d9dafc8b457,2020-01-08,TX-300,CA,Supplier D,209,16,270,3.17,0.57
0d73a424-2f6d-aaac-1677-ae0bae67b6c6,2021-06-25,TX-400,TX,Supplier E,416,20,520,3.5,0.45
5bfbe03b-2baf-512e-7da7-36dcb11d149e,2020-03-16,TX-200,TX,Supplier E,305,16,388,3.22,0.49
21ee750d-2754-ac9e-02ac-e628c6510604,2022-10-08,TX-500,NY,Supplier C,279,24,356,3.97,0.61
b0492087-67db-4ed5-8bd7-6dc1e558ef43,2022-01-24,TX-300,FL,Supplier B,197,13,254,3.7,0.13
c5fbfc7e-113f-0223-ff81-9f197363a874,2023-03-02,TX-400,FL,Supplier D,251,26,331,3.74,0.6
4deaadf7-9396-91d4-9f6a-17103d00a49c,2022-05-17,TX-300,TX,Supplier C,344,28,438,3.99,0.14
d5ef8be6-827f-8933-e355-50a591aaa656,2022-11-21,TX-200,FL,Supplier C,205,19,264,4.13,0.77
ecbb96e4-a512-a284-b4ba-42c934ed33fb,2021-01-27,TX-300,NY,Supplier A,159,14,205,3.45,0.73
f6abe914-dba7-2397-ecd9-d7f91ffc3660,2022-01-17,TX-500,CA,Supplier E,262,13,324,3.7,0.17
b5437941-8dfb-7b9b-9d34-4bbd3c1a9412,2021-02-11,TX-200,IL,Supplier E,194,13,244,3.82,0.46
eefe638e-2922-7e7f-be47-326c5a2d5c8c,2022-03-26,TX-100,CA,Supplier D,281,19,351,3.78,0.9
95896dee-103d-0890-4ba8-d0a7d48d2dd7,2021-11-27,TX-500,FL,Supplier E,217,12,273,3.9,0.33
4980569b-85f8-3d9f-eb0f-f047e4b93e75,2023-03-29,TX-100,TX,Supplier C,315,23,403,3.74,0.68
2de6cb1c-211e-5f5f-2522-4e2c63cf507e,2023-11-13,TX-500,IL,Supplier C,242,24,313,4.32,0.18
d9291942-e23a-dfad-4c04-2b8e9f3d6a5f,2021-11-04,TX-100,IL,Supplier E,179,6,220,3.9,0.96
ef398123-a0da-6529-6c52-c4fb73f50b9c,2022-01-16,TX-400,TX,Supplier B,264,25,341,3.7,0.02
e53bd411-7d95-b50f-4a64-e83515a364d2,2022-09-06,TX-300,CA,Supplier E,327,17,410,4.26,0.4
6d077902-efd5-8916-e662-bf89f261e4a1,2020-12-25,TX-400,CA,Supplier C,254,17,318,3.4,1.0
29b58372-1d62-d9ec-324c-0a757e3ba31d,2023-01-21,TX-400,NY,Supplier A,213,7,264,4.33,0.82
aad489d6-190f-d687-4005-d8b01d8d95dd,2022-01-24,TX-200,FL,Supplier A,220,14,278,3.7,0.13
fa17b599-85d8-1667-73a5-c8ccf9c393ee,2023-05-18,TX-400,TX,Supplier A,321,21,406,4.14,0.63
3456ff78-4125-8041-233e-ab2fe2027e36,2022-11-10,TX-400,IL,Supplier E,206,11,261,4.13,0.59
2bd4f89e-ee95-88e7-f9f7-139f651b3aff,2021-06-20,TX-500,IL,Supplier C,394,32,503,3.5,0.18
94816c23-453a-4ae1-ba0e-d2ca54c760d3,2022-10-03,TX-500,IL,Supplier A,295,23,382,3.97,0.91
0e0b8d06-e89f-3323-1211-9cb582f7fd54,2021-08-23,TX-100,NY,Supplier C,284,23,364,3.77,0.4
1f1e36f2-8cac-656f-3df4-2661a4a8f5c3,2022-09-16,TX-500,TX,Supplier C,312,20,398,4.26,0.13
36a47f50-7c7d-b7a8-6727-d4515a2d37b5,2020-12-05,TX-300,FL,Supplier B,221,17,280,3.4,0.85
98e98b75-6115-a103-8de6-1981d43445b4,2022-05-10,TX-400,CA,Supplier A,409,20,508,3.99,0.76
63fa910e-22b6-81f3-cb13-4688221593de,2021-08-26,TX-300,CA,Supplier E,365,21,465,3.77,0.24
dff4f501-e553-6b52-18b0-420319927c58,2022-10-13,TX-500,FL,Supplier E,279,17,347,3.97,0.4
455c8615-eeb6-027c-d3d4-ea5e62793ee0,2021-01-17,TX-200,IL,Supplier E,222,14,281,3.45,0.7
48b1dd7c-9c23-0700-a0b7-f3465a587132,2020-11-27,TX-400,TX,Supplier A,253,29,328,3.1,0.94
3bddd3c8-4843-68af-9aed-052d3bfe4171,2023-07-01,TX-200,FL,Supplier D,305,20,387,4.02,0.57
5e31bbaf-72bc-dc84-7742-95494ef08ab6,2020-05-02,TX-200,CA,Supplier A,304,20,379,2.99,0.26
361c1d98-052c-7692-17d1-4f468886c9fd,2020-08-25,TX-200,NY,Supplier D,261,26,344,2.82,0.37
163ee903-d6a5-54ff-545f-16c7924b67c5,2022-05-16,TX-300,CA,Supplier B,319,23,407,3.99,0.07
68bc7188-988f-7b74-cfd1-8c33cb6c7e66,2020-12-06,TX-100,IL,Supplier B,194,23,256,3.4,0.64
fd001a70-0f02-2cf0-a328-4293a3c99f1f,2021-10-26,TX-300,CA,Supplier B,296,23,382,3.51,0.79
64224216-8401-e3ac-f828-aac27d7626bb,2022-04-03,TX-300,NY,Supplier E,261,23,334,3.88,0.38
7ff0c573-89c6-356c-1062-8025004cf4ac,2021-04-30,TX-300,FL,Supplier E,284,11,347,3.68,0.21
aa10c733-b9e2-4447-e358-ed9c697993de,2020-07-09,TX-100,TX,Supplier A,298,21,372,2.82,0.83
77f9b6ea-b862-0463-f114-d410515e7dd6,2023-01-21,TX-100,TX,Supplier E,212,5,261,4.33,0.82
8a1a081e-2385-4089-046f-65b368730c09,2023-07-28,TX-400,FL,Supplier E,405,26,513,4.02,0.87
34e89f04-682b-3591-9c0b-432385e3d8b9,2023-07-12,TX-400,FL,Supplier E,400,25,510,4.02,0.88
5bf25dcc-aee5-6bca-7f31-c6cdc311198d,2023-10-04,TX-200,NY,Supplier C,219,24,289,4.1,0.46
14876136-962d-3c9f-3986-cc684b70931d,2022-08-22,TX-300,IL,Supplier A,309,19,383,4.49,0.34
5b4b0934-75cd-02cc-85a5-874bf4d24efe,2020-09-01,TX-300,IL,Supplier D,269,25,343,2.91,0.84
b248574a-5f2c-b8e1-7b49-a049168f9c7e,2020-09-06,TX-500,CA,Supplier E,355,20,456,2.91,0.64
da55e110-dc7a-734d-5125-96dedce2db11,2020-05-25,TX-400,FL,Supplier C,331,30,426,2.99,0.18
7d760f3c-58cb-74c3-ba94-3824bcbf208e,2021-11-29,TX-500,CA,Supplier B,262,16,329,3.9,0.78
25673905-ad61-1702-25d6-579f946f7725,2022-11-25,TX-200,FL,Supplier D,238,31,316,4.13,0.19
f0e94433-3967-37c5-bd3a-7d3ad3584bcf,2020-08-17,TX-400,FL,Supplier E,367,23,465,2.82,0.85
0216adab-b7c3-7ed9-0ed5-8cd2edb2b370,2020-08-15,TX-200,CA,Supplier E,301,24,395,2.82,0.5
40b5e3c6-ba96-c5f2-be8c-59677cdce66e,2022-11-15,TX-400,NY,Supplier C,231,20,296,4.13,0.17
714c5c86-8fa0-f8df-d314-a6c24b4aa7a4,2022-12-10,TX-100,TX,Supplier E,239,13,298,4.43,0.42
f3ddf311-e706-9870-9f84-0af5c392ff27,2023-12-05,TX-300,NY,Supplier D,170,17,220,4.33,0.64
de685f65-b914-378f-367d-cb6f8a5a33ca,2023-10-25,TX-500,IL,Supplier E,301,16,380,4.1,0.06
037e1426-e752-82a3-f924-0763475b2378,2023-02-06,TX-500,IL,Supplier C,216,13,273,4.02,0.09
b3df6203-12b3-886f-2b57-b99511cf3689,2021-05-16,TX-100,CA,Supplier D,315,28,403,3.79,0.15
ff2dfd82-ad58-a904-1ea8-ac2557def123,2023-02-26,TX-300,CA,Supplier B,259,15,327,4.02,0.83
ef70a897-fbf2-27bc-0146-1701d6ca6e7a,2020-10-17,TX-100,FL,Supplier C,223,13,282,2.74,0.14
cc5bfa8c-6120-1608-e627-f3779b13e4e1,2020-04-22,TX-500,IL,Supplier A,266,20,343,3.56,0.23
34663b6b-ad9d-d97b-a541-a39f71a0ac5e,2021-07-16,TX-300,IL,Supplier E,327,25,418,3.79,0.97
435c3300-55d5-db4c-2770-4f0e7e260e1d,2022-09-19,TX-300,NY,Supplier C,285,23,359,4.26,0.66
9c585e49-b4f8-1a90-0580-95cfd0a8fa01,2021-06-18,TX-200,IL,Supplier A,300,24,385,3.5,0.92
8a3e9a73-f6ee-6296-b36b-aa6ad8e7a83b,2023-11-09,TX-100,IL,Supplier D,219,18,281,4.32,0.95
6440a469-b1f4-211a-1f12-c8c85facdcf8,2022-10-24,TX-100,CA,Supplier D,246,18,309,3.97,0.49
13d6f7e4-90a6-526d-2684-d98357d3d268,2020-04-05,TX-400,TX,Supplier C,336,23,427,3.56,0.27
20b74c7a-618b-7656-f018-5eef6dd195e7,2021-03-18,TX-500,NY,Supplier B,268,18,343,3.96,0.65
f7e65ca7-3cc6-b7ce-2dbc-ee31dc33a6a1,2022-05-22,TX-300,CA,Supplier B,385,26,495,3.99,0.62
d97cccdb-4c18-3871-4af5-607f48709c18,2023-10-24,TX-500,IL,Supplier A,255,26,333,4.1,0.15
d31deb29-2bba-ed88-06ad-aa7dc3cff3d5,2020-07-27,TX-500,NY,Supplier E,361,18,457,2.82,0.07
c6f8f58c-2ebf-bdde-4d48-695396007249,2023-12-16,TX-100,TX,Supplier B,235,13,297,4.33,0.64
0699baad-d247-21a1-5024-ae9f36923ed6,2020-09-02,TX-500,FL,Supplier E,347,18,431,2.91,0.9
8894af90-b67d-5d2d-35a1-1abccd235bea,2021-01-02,TX-500,TX,Supplier B,250,12,312,3.45,0.78
de7cd21b-79fe-fd09-909a-65734ff60deb,2022-07-11,TX-300,FL,Supplier A,377,22,466,4.71,0.12
389fb6f7-dca3-6d09-a6db-97c77b1a56a2,2023-12-30,TX-200,TX,Supplier E,247,18,310,4.33,0.75
61a26c36-adb1-5e58-b9a1-f84d47a16812,2023-06-21,TX-100,CA,Supplier E,386,35,494,4.27,0.03
5b69d457-d984-a422-4eaa-19a84862b452,2022-11-30,TX-100,CA,Supplier B,237,15,297,4.13,0.98
f7047112-8849-69a7-2061-f80a332ad718,2022-12-09,TX-400,TX,Supplier B,249,15,316,4.43,0.18
b14e064b-0f40-b73f-1397-decab63803f4,2023-03-15,TX-100,NY,Supplier C,194,10,238,3.74,0.07
5ef0757d-5e0c-ad50-79b6-8cd0a7f93585,2023-12-08,TX-500,NY,Supplier D,227,12,288,4.33,0.47
fa58e87f-da2b-b25b-b432-7e58e2d355c9,2023-03-21,TX-500,CA,Supplier D,383,26,480,3.74,0.89
872c917b-8439-2c4d-eb8e-f3414af5b930,2023-06-11,TX-300,CA,Supplier E,376,25,470,4.27,0.67
482f2932-93d2-4ec9-06a5-6fef547d4906,2022-12-27,TX-300,CA,Supplier A,248,16,314,4.43,0.79
865827fd-c990-5ff0-9358-1d42315368b7,2020-06-23,TX-200,IL,Supplier C,355,19,436,2.68,0.29
b31a3300-69af-c6ab-ee36-cb7f5073098a,2020-01-05,TX-500,CA,Supplier E,276,12,343,3.17,0.71
04b55161-7160-60e7-2ad8-de4cdd39ef5c,2023-03-09,TX-400,IL,Supplier C,283,21,360,3.74,0.39
a7886399-cadf-19c5-abe1-af933e642d53,2023-02-21,TX-300,IL,Supplier E,235,20,301,4.02,0.66
f75f33a0-fa82-95c4-e666-fa9a4949a725,2022-07-21,TX-200,FL,Supplier E,328,18,417,4.71,0.74
58491ea3-0643-133a-b693-e32833a1a768,2023-12-26,TX-100,TX,Supplier B,216,20,283,4.33,0.51
cde61a50-137f-3e51-ef30-7b08810d36ff,2023-12-06,TX-400,TX,Supplier D,251,13,314,4.33,0.05
931d43da-e894-ac2b-710e-8a7238d05998,2021-03-25,TX-300,IL,Supplier E,276,13,348,3.96,0.51
393a71e8-3370-449a-8837-96ed3b756080,2021-10-11,TX-400,FL,Supplier D,307,33,403,3.51,0.3
77e6dc88-e22c-f2c2-bf8f-cfb41db5a2c8,2020-11-30,TX-400,TX,Supplier B,251,22,323,3.1,0.38
b9fe95f2-2901-e43f-c6f8-acef100ea3bc,2023-04-19,TX-500,CA,Supplier D,392,37,500,3.94,0.12
76fa5a82-ff83-7be0-efcf-3ae0a2888453,2020-03-06,TX-300,NY,Supplier B,227,14,288,3.22,0.86
0f84d59f-4f5f-adeb-797e-b110e1471cc6,2022-10-13,TX-300,IL,Supplier C,252,20,327,3.97,0.4
e2e457cf-ae80-01e8-079c-54e2907a5777,2020-06-07,TX-400,NY,Supplier B,313,38,420,2.68,0.12
09721857-7b82-8d69-dc47-557eab77f82b,2022-06-19,TX-400,CA,Supplier C,432,28,544,4.1,0.53
90389990-dc7a-8729-d64c-e42882a75f14,2023-07-02,TX-300,FL,Supplier C,355,35,465,4.02,0.27
13c8acb8-2f21-3ff5-4ca7-dfa5d36e8d43,2023-02-26,TX-500,NY,Supplier C,272,12,339,4.02,0.83
59563fe4-ce32-a3f3-2668-99fe81fe6d46,2023-09-18,TX-200,NY,Supplier B,239,20,311,4.06,0.96
cf1647e4-9d4b-765e-3b11-444459f2ac42,2020-12-28,TX-300,CA,Supplier A,193,22,250,3.4,0.09
7050bffe-4b03-09e5-c2b4-4ec87d606721,2021-02-02,TX-100,IL,Supplier B,199,16,253,3.82,0.05
a67fbbd0-43f4-2169-a114-e15ed0835b6a,2020-06-20,TX-500,IL,Supplier C,363,37,473,2.68,0.49
ea714080-8eaf-597f-1ea3-10de8f37f607,2020-04-06,TX-300,CA,Supplier C,268,23,347,3.56,0.33
0fa2543f-572a-9934-3925-f636686a8666,2023-06-10,TX-100,IL,Supplier B,317,24,405,4.27,0.6
80e5d4ac-1167-0388-497c-d8452b2d23d5,2023-11-08,TX-400,NY,Supplier D,259,23,334,4.32,0.44
40ccb3e1-633e-e754-e37a-8588823c9bab,2021-10-09,TX-300,CA,Supplier B,240,13,304,3.51,0.59
59f661f0-8562-a5e5-ae80-fbfc120c8658,2023-07-06,TX-200,NY,Supplier B,291,19,368,4.02,0.54
f3e1c509-702b-00c4-d731-b1802798e4fe,2021-10-21,TX-400,NY,Supplier B,260,19,330,3.51,0.48
6950bec3-ac38-5a39-bbce-cc6fcb2141a1,2022-02-14,TX-300,TX,Supplier C,210,17,270,3.6,0.02
865bd434-302e-ebea-b21a-ecda2cf01f70,2022-06-11,TX-200,TX,Supplier C,312,26,405,4.1,0.18
0982bd91-c800-2ebd-a7f0-c440175370e5,2023-10-02,TX-500,FL,Supplier E,342,17,426,4.1,0.7
56ccc7ae-b50b-bc82-1644-b6ea2f35820f,2021-12-14,TX-100,IL,Supplier A,195,17,251,3.84,0.14
33ec1dc8-3987-8b7e-af45-b8ccd68be905,2020-11-01,TX-400,TX,Supplier A,269,15,337,3.1,0.52
7a72abc0-e6a9-c020-5c44-5bf9796cd32d,2023-04-27,TX-300,CA,Supplier D,296,23,375,3.94,0.32
787eab4c-c678-3230-835c-453968994a84,2020-01-06,TX-200,TX,Supplier E,235,16,298,3.17,0.78
e1b0c597-9624-7c16-18cf-626541d79ef4,2023-04-14,TX-300,NY,Supplier C,241,17,308,3.94,0.93
0e8ad897-d91c-23ff-eb30-34f6d56c1064,2020-08-27,TX-400,IL,Supplier D,294,19,380,2.82,0.1
76505235-0aca-d4b3-ada6-83a83cb65cd9,2022-04-28,TX-300,IL,Supplier C,276,27,361,3.88,0.19
015af9fa-1dd0-fe24-c8ef-df9790e84ea2,2023-06-06,TX-300,NY,Supplier A,303,21,389,4.27,0.76
bac0c9f6-94e6-4d29-295e-01d07d260e20,2022-09-11,TX-300,NY,Supplier D,269,17,343,4.26,0.42
ef185806-eb1b-8cb4-f4bc-c47d15bb1bb6,2022-06-02,TX-100,NY,Supplier C,327,27,426,4.1,0.76
976e95e0-b564-2966-64d7-3d5996039c84,2020-02-04,TX-200,TX,Supplier C,218,12,275,2.91,0.02
fecc57e5-92e6-166a-517b-bace9166b53c,2022-09-14,TX-500,FL,Supplier D,305,34,405,4.26,0.41
6b9b9e28-ad85-90d6-6099-8bba8c8db5a8,2022-10-10,TX-300,CA,Supplier D,245,22,315,3.97,0.63
2e373ee0-a951-485b-54ad-9b02d374c90a,2022-03-10,TX-100,CA,Supplier C,235,21,304,3.78,0.96
d456561a-279d-05c7-6a60-e4ec5237b5ad,2022-09-30,TX-200,NY,Supplier D,267,31,351,4.26,0.14
70688036-3fc6-abcd-3221-0135978fd5f5,2021-11-01,TX-300,NY,Supplier B,230,13,289,3.9,0.51
f9a782db-78ea-743f-e941-47b4a776d05e,2023-08-21,TX-100,CA,Supplier A,321,14,399,4.06,0.63
d916e989-22fa-15aa-f542-5f8decf0762b,2022-05-31,TX-400,CA,Supplier E,435,17,541,3.99,0.37
a2930bf0-e809-abd8-b7ff-ab1b526630a7,2023-03-17,TX-400,CA,Supplier D,352,31,445,3.74,0.21
2d58c4fb-fd9b-147b-d721-5f4aad7d3bb0,2023-06-11,TX-500,IL,Supplier E,384,27,492,4.27,0.67
eb8b2229-a5df-a47a-f8c6-a583e15dedc6,2020-10-09,TX-300,IL,Supplier C,253,9,311,2.74,0.69
7de23923-8986-041c-66be-930a3c9d278c,2021-12-20,TX-100,TX,Supplier E,212,8,260,3.84,0.62
f45d2ab8-5e94-07cd-adb0-454fbd34e589,2022-09-12,TX-400,CA,Supplier A,379,22,482,4.26,0.65
c7fd7d89-c27f-0c08-7abf-44115bb2c9a7,2022-07-19,TX-300,IL,Supplier A,321,19,409,4.71,0.99
ea2b22ef-00d6-c196-61d6-956f1ecf6d19,2021-05-02,TX-100,CA,Supplier B,353,39,463,3.79,0.16
9fcb4c40-7d28-6ff9-0ceb-48eed0916cd0,2023-09-20,TX-100,TX,Supplier E,251,11,315,4.06,0.87
7a84e70d-bc36-1f16-28c8-91ea1aed53c0,2020-05-16,TX-100,CA,Supplier E,309,13,385,2.99,0.37
f10fb836-e3b1-7e97-b548-f822d2ea92a1,2020-09-24,TX-200,IL,Supplier C,293,21,374,2.91,0.69
ae1dd7fa-46fd-cf64-c0e7-3432dd67d600,2022-12-30,TX-100,FL,Supplier D,224,13,283,4.43,0.42
5935d104-5a87-e66e-a74d-39c0ae04475f,2022-06-28,TX-100,TX,Supplier A,384,17,478,4.1,0.53
af546573-4889-6893-208f-86c7fcf876e2,2023-06-28,TX-200,CA,Supplier E,361,33,471,4.27,0.33
1515b43c-b4e7-f97c-eb08-b49fa038aaea,2020-08-18,TX-500,NY,Supplier B,315,21,398,2.82,0.04
db1eada2-f70e-1489-41f7-0f9ed0e17fb2,2020-03-22,TX-500,FL,Supplier A,268,18,336,3.22,0.93
614f57e5-f3de-f21e-c044-09c985b88077,2020-10-01,TX-300,NY,Supplier C,251,22,318,2.74,0.85
0d7ff675-447e-9eed-de96-b064f2880002,2023-06-15,TX-400,CA,Supplier E,351,22,439,4.27,0.92
c4ba13e9-e24e-d0ec-3993-fa2f25ecda22,2021-04-23,TX-500,FL,Supplier B,325,36,425,3.68,0.77
99c222e7-3088-5ed1-143c-ce5912d39375,2023-12-08,TX-300,CA,Supplier E,213,13,273,4.33,0.47
baf58d44-d2ba-b013-e400-84eaa881ab08,2022-03-06,TX-400,IL,Supplier A,275,24,349,3.78,0.89
6dca3383-8e0a-e05d-fdba-4445d1aba5ef,2020-09-12,TX-200,CA,Supplier E,324,18,412,2.91,0.46
00708763-c2bc-a552-e760-c050e91266ba,2022-12-14,TX-200,NY,Supplier E,208,12,257,4.43,0.65
05fdd97a-ac25-1721-5faa-094d90fd6671,2022-08-02,TX-200,FL,Supplier B,327,25,414,4.49,0.92
f4201948-30d4-de7e-b5f2-a16422424201,2021-11-23,TX-200,CA,Supplier C,243,19,315,3.9,0.86
c2ddf598-2a56-73fc-d69f-d25a27150087,2021-12-19,TX-200,FL,Supplier A,195,15,249,3.84,0.11
15c95122-b8b7-3151-1336-c241b5dd0714,2020-05-17,TX-500,TX,Supplier D,370,33,473,2.99,0.09
75b9398d-6b0b-2bbf-1a2a-144aeabea93f,2020-12-06,TX-400,TX,Supplier A,241,19,310,3.4,0.64
cbc148f7-fa9d-bf97-351a-6e1b492d850f,2021-08-06,TX-100,CA,Supplier E,325,14,404,3.77,0.37
3fc20c3a-07f9-0203-8ff0-a53c8f1c0c33,2022-09-15,TX-200,TX,Supplier C,351,30,450,4.26,0.44
5ec929b4-5fef-76e4-f39f-8b34be2982df,2023-07-05,TX-100,CA,Supplier A,351,27,449,4.02,0.5
1353846b-fd2f-5f71-a96f-1de62639165b,2020-01-09,TX-500,NY,Supplier C,219,10,271,3.17,0.14
8bbe5ec8-1bd4-a00d-9da0-6891411e4f6f,2022-03-20,TX-200,TX,Supplier D,240,27,315,3.78,0.52
887e5b4e-e204-64d8-d4b2-92c2f161b147,2021-06-08,TX-300,TX,Supplier D,300,26,381,3.5,0.85
b0d9bdf0-7597-4d63-fa75-f733f205fd39,2022-10-27,TX-300,FL,Supplier E,207,13,261,3.97,0.24
417cfa8f-4280-e1a5-c02f-df4d2fbab002,2022-08-07,TX-300,TX,Supplier A,301,15,382,4.49,0.28
a373e28c-37e9-51ea-7e81-1e2db0a4ab4c,2022-08-05,TX-300,FL,Supplier D,340,22,439,4.49,0.0
0d9c5e9f-9f71-81a0-214b-4ba24761198b,2022-12-15,TX-500,NY,Supplier D,187,22,250,4.43,0.99
0d1f2235-e56b-a7ba-60a8-5826d6e853c1,2020-06-20,TX-200,TX,Supplier A,313,18,395,2.68,0.49
135c82d3-7dd4-1e49-3261-1c9b7d15398a,2022-06-13,TX-200,CA,Supplier C,416,25,528,4.1,0.45
d937470f-d7c9-0e1d-fbd5-d19e8d50a115,2020-02-01,TX-300,TX,Supplier A,206,16,265,2.91,0.41
23921742-76f1-4612-c2ac-74b0771ae5c0,2020-04-20,TX-400,CA,Supplier B,312,25,398,3.56,0.11
dd6d2cdd-5179-832e-d377-a1b4cdbf8aff,2022-11-29,TX-100,IL,Supplier C,216,12,266,4.13,0.93
d5cc1f34-cf21-e17e-95f1-ba8c60c4a349,2023-01-21,TX-300,IL,Supplier C,200,16,258,4.33,0.82
46888c91-bdeb-41e0-045f-a493cff5d3f7,2021-07-13,TX-400,IL,Supplier E,306,11,378,3.79,0.44
15e97722-bee4-5b91-1226-f95ebc8d3ea8,2020-11-16,TX-300,CA,Supplier A,233,10,287,3.1,0.76
a574d301-cc16-3e3c-5dd4-626c1518089c,2023-08-13,TX-400,FL,Supplier C,339,28,434,4.06,0.1
55515ac2-cde2-151b-dfaf-e598e03defd9,2022-12-31,TX-200,IL,Supplier B,228,20,289,4.43,0.32
9f4bbebb-1852-213d-719b-cdb9c3868b79,2023-08-24,TX-500,FL,Supplier B,353,27,446,4.06,0.04
94f09a8b-8770-af52-8e34-232296f2933e,2022-12-19,TX-400,TX,Supplier C,253,17,319,4.43,0.73
c902c9f5-9868-3510-026f-7f7ef0a50665,2020-07-11,TX-300,IL,Supplier A,270,20,343,2.82,0.23
09b7448d-b3b6-aa0b-a9ef-06355b83cbaa,2021-04-12,TX-200,FL,Supplier C,270,26,345,3.68,0.74
d1c07211-2450-7fb7-08f4-8a983586c918,2021-08-07,TX-100,NY,Supplier D,260,27,339,3.77,0.05
1c374cb5-7543-aea1-d157-02b3f14f3ed3,2023-12-08,TX-400,FL,Supplier A,222,14,275,4.33,0.47
8c881dc3-15d1-c3f5-db3c-7fbc147219a0,2022-10-03,TX-400,CA,Supplier C,349,27,448,3.97,0.91
58dade7e-44a1-f36b-f4f9-e1e4f5b4a41e,2020-04-11,TX-400,IL,Supplier E,266,14,331,3.56,0.9
bf4cdf17-758c-8795-434c-46fc732abd68,2022-04-06,TX-300,CA,Supplier D,293,26,381,3.88,0.39
95e0210f-d99e-86af-3dbd-857db59c27af,2020-06-07,TX-500,FL,Supplier E,386,23,485,2.68,0.12
08ac9b47-2118-6317-5073-8a40da785c77,2023-01-13,TX-500,TX,Supplier C,285,20,368,4.33,0.44
ccd9c26f-70fa-7b18-9972-8f3a7e304678,2021-08-31,TX-100,CA,Supplier A,314,21,399,3.77,0.59
7fc70478-371c-86fb-8986-b388813dbd29,2021-12-25,TX-400,IL,Supplier D,188,7,237,3.84,0.0
ea4d58b7-1092-f3f9-ef88-3d21612de629,2023-06-13,TX-300,TX,Supplier D,350,31,441,4.27,0.95
82498d6b-bf68-b756-caa0-a86106d4ce49,2020-09-08,TX-400,IL,Supplier B,288,14,359,2.91,0.13
3888487e-7891-6b54-16ac-8b5375975e8c,2022-04-24,TX-300,NY,Supplier C,289,28,375,3.88,0.75
49587e9e-28fd-c656-a23d-6f1d01fe8a33,2023-08-14,TX-300,TX,Supplier E,377,26,476,4.06,0.95
b058b038-aa9a-f695-97a4-9bbfb4b7359c,2020-10-29,TX-100,FL,Supplier E,249,14,309,2.74,0.56
1e40d0ea-07c1-2e72-a55a-0c43596f0467,2021-09-29,TX-200,CA,Supplier C,259,18,332,3.71,0.96
c880c0b4-d667-a933-f311-1e89362c8718,2020-01-23,TX-500,NY,Supplier C,211,15,266,3.17,0.85
9c2eba4b-e86e-9873-f904-382a29e305b8,2022-03-25,TX-100,CA,Supplier C,299,29,389,3.78,0.1
47fedf9f-c386-a02c-48f1-39505844a4cf,2020-06-02,TX-200,NY,Supplier A,277,11,346,2.68,0.14
6f3b3c3d-a3af-bf24-ce05-62e738713ca6,2023-01-15,TX-200,NY,Supplier B,222,21,284,4.33,0.03
220c7612-b835-fcdd-e0a1-3a7d2710dde3,2022-11-14,TX-300,CA,Supplier D,209,12,260,4.13,0.86
239ea163-2c71-048f-9915-20b201138933,2020-01-09,TX-100,IL,Supplier B,158,13,202,3.17,0.14
225c0db6-e1cc-7bef-9c22-e75a653015ac,2021-07-01,TX-400,TX,Supplier B,431,25,533,3.79,0.63
fff76db5-7d8c-2567-121d-b2334bc3bb02,2023-01-30,TX-300,CA,Supplier E,247,6,301,4.33,0.75
58720d14-dfd8-fa2b-d0d1-b9d7ed725393,2022-05-01,TX-500,NY,Supplier A,294,24,379,3.99,0.26
24e98fae-6d0b-dfc3-62fc-98778e64e987,2022-09-22,TX-100,CA,Supplier A,319,17,397,4.26,0.33
2991391a-a317-3483-2239-70f42363b8e8,2023-01-31,TX-300,CA,Supplier B,237,23,309,4.33,0.46
af876d2a-1d33-21ea-6c91-4f4195896a5d,2023-03-20,TX-200,FL,Supplier D,303,19,391,3.74,0.17
2cc9a00c-cead-735e-f31a-eb41e3258a2b,2023-10-20,TX-300,NY,Supplier A,223,20,288,4.1,0.94
c3c0a7a8-ee07-24c0-cb35-f39415251c42,2023-01-26,TX-200,NY,Supplier A,171,17,224,4.33,0.74
2c82e049-be13-abda-8a6c-0a80dd9c391d,2022-04-27,TX-200,NY,Supplier B,299,19,374,3.88,0.2
d73fc307-4d6d-9b5e-820b-937eb2ad6efd,2023-07-19,TX-200,NY,Supplier E,329,18,413,4.02,0.61
ce4e2933-0c66-3704-f0c9-88a3315c4281,2021-09-23,TX-100,TX,Supplier D,301,29,391,3.71,0.2
40fb8433-47a2-8b48-0621-c3611276b7ac,2022-03-27,TX-500,TX,Supplier E,338,23,439,3.78,0.87
1e94f1cd-b7c9-f16b-bfee-a3ef84bc1f83,2022-05-23,TX-500,CA,Supplier E,353,20,442,3.99,0.54
edb0f5de-8399-7037-8f2c-ba3cbb0d02eb,2023-03-29,TX-400,IL,Supplier C,274,24,355,3.74,0.68
8e64c9e5-5b43-abd1-fdc0-d8fbba04137e,2023-07-17,TX-200,FL,Supplier E,345,19,435,4.02,0.56
1cef3539-1df8-b808-9c57-b1a5a8ce1a11,2022-09-30,TX-400,CA,Supplier E,348,17,438,4.26,0.14
af746084-0d13-2cec-ef6a-909b483c88f2,2023-12-28,TX-500,IL,Supplier C,220,7,270,4.33,0.46
1756b61c-f4b8-3a58-6b84-7b22e8fbced6,2021-04-17,TX-100,CA,Supplier B,288,22,371,3.68,0.15
474bafd6-e30d-9520-7559-ce9c7899c62a,2021-12-03,TX-500,IL,Supplier E,229,20,291,3.84,0.24
d13f81b2-c1fe-22d1-6bc1-23d0e3d4954a,2020-11-28,TX-100,TX,Supplier D,215,22,274,3.1,0.78
f6466ea0-e642-b954-1006-d02d2237e091,2022-07-30,TX-200,TX,Supplier D,317,25,403,4.71,0.75
8c468aaa-8348-8612-1667-1c7fce63f850,2023-03-25,TX-100,NY,Supplier A,252,17,317,3.74,0.06
87066994-80c1-acb8-7a7f-27cf69275eaa,2022-08-28,TX-100,FL,Supplier C,308,25,395,4.49,0.89
00bcef29-ef88-b10a-e172-bf81ed897e30,2022-08-04,TX-200,FL,Supplier B,364,37,473,4.49,0.64
92a412bf-c59e-1f26-faf3-f5cf7b404ed0,2022-05-22,TX-100,IL,Supplier D,336,26,427,3.99,0.62
e5b5441c-80a1-1931-4906-672d7b91f518,2022-10-15,TX-500,FL,Supplier A,263,17,333,3.97,0.02
ddf9cc89-591c-4f43-310e-d5b7291b47db,2023-04-21,TX-400,NY,Supplier A,257,19,327,3.94,0.75
d6af9766-3408-f6aa-78d5-e2419a492eac,2023-12-24,TX-300,CA,Supplier C,250,19,323,4.33,0.43
3195c694-5467-ac42-11f6-949ec1c7e7bf,2022-02-14,TX-300,IL,Supplier A,187,12,235,3.6,0.02
2e481a51-27cd-0337-721e-84bb1c9601fc,2020-12-05,TX-500,IL,Supplier D,218,17,279,3.4,0.85
f4120356-e6c4-63ae-f1bf-ed1d4a99cf6e,2023-07-12,TX-200,IL,Supplier D,335,22,422,4.02,0.88
17427fc3-218b-98f9-bbcf-bc2d59025d0c,2021-08-06,TX-400,NY,Supplier E,319,32,407,3.77,0.37
b0562cb4-a797-5734-c5c4-1620fa13ee8e,2023-03-09,TX-200,TX,Supplier C,268,24,342,3.74,0.39
f2555add-b914-d838-7653-cd337cac0482,2023-07-23,TX-100,IL,Supplier D,290,23,376,4.02,0.12
876c6a30-a161-09a3-5b0d-22afec6229c8,2023-12-21,TX-100,CA,Supplier E,197,15,250,4.33,0.67
08374ea6-a2fa-64b2-cd89-20d1e49223b5,2023-08-24,TX-300,TX,Supplier E,342,26,440,4.06,0.04
7b63b92b-a768-b270-d880-84fbb6993fc8,2023-02-18,TX-200,NY,Supplier A,199,14,257,4.02,0.87
059e88b5-2886-d4c2-129e-1471e6ea41be,2022-10-01,TX-200,TX,Supplier A,279,19,353,3.97,0.28
f9268e5d-4ee5-5a25-92e3-5f084997cd2b,2020-11-09,TX-300,TX,Supplier C,208,7,257,3.1,0.09
77050525-c5a6-7b94-c154-21690a15a9af,2022-06-07,TX-300,CA,Supplier B,389,35,508,4.1,0.9
500f4292-8dc7-300b-6b55-4eaacfa4fe8d,2023-01-16,TX-100,FL,Supplier C,195,25,263,4.33,0.65
b6d4bc5d-2258-7c23-8ba4-440a9cbdfac7,2022-02-22,TX-200,TX,Supplier A,218,12,273,3.6,0.68
5b0f50d7-4a17-75f6-7586-d87657a51176,2022-10-19,TX-300,IL,Supplier A,259,24,339,3.97,0.44
07514d94-2cb9-7a87-849f-99e2eacb2c84,2021-02-14,TX-400,NY,Supplier C,242,21,313,3.82,0.57
74eb3398-b9cd-7f0a-15b5-4a03d4aa83ea,2021-09-19,TX-100,IL,Supplier D,259,20,329,3.71,0.5
25e4e216-1c38-916f-5143-74e75c703680,2023-07-15,TX-100,FL,Supplier E,356,29,457,4.02,0.81
a6eb6cef-1349-0656-8431-57f704b81a71,2020-11-22,TX-500,TX,Supplier D,275,29,357,3.1,0.94
9a6bc025-0111-e12c-6960-803204430690,2022-07-07,TX-200,IL,Supplier D,315,19,393,4.71,0.55
91497c36-1a7d-6f08-acd9-5a90bd8c5364,2020-09-06,TX-400,TX,Supplier E,288,20,365,2.91,0.64
0d41db8b-b47b-26ac-ca47-4b38fb4752ca,2023-12-05,TX-400,TX,Supplier A,276,12,346,4.33,0.64
cfad7176-c5a7-f630-5696-05ecdf628058,2023-04-08,TX-100,CA,Supplier A,276,13,344,3.94,0.06
15cddeec-36d8-1a1f-84db-5114ddba8e7b,2020-01-25,TX-400,FL,Supplier D,205,18,268,3.17,0.06
bf6ad564-dadd-394a-0aad-c878d7fb7a24,2020-08-26,TX-500,NY,Supplier C,318,21,403,2.82,0.52
1bbb19d3-98a4-65c3-45bb-c1e9cf99d23d,2021-08-11,TX-200,NY,Supplier A,284,15,352,3.77,0.77
d27047b8-18ae-2662-7c97-571ca950ee96,2023-07-21,TX-200,NY,Supplier B,341,28,444,4.02,0.37
4f4a829f-5a37-2597-b1b5-088364b27586,2020-08-20,TX-200,FL,Supplier D,354,23,452,2.82,0.24
9c01b6b9-6409-03b1-49db-f02366603fe5,2021-03-11,TX-400,IL,Supplier B,233,19,296,3.96,0.42
6a68f5a2-6db5-7eb7-1689-a57781efddd4,2020-05-20,TX-300,TX,Supplier D,343,23,437,2.99,0.94
0772abe8-239b-37d5-4572-aba370bb4a41,2021-11-15,TX-400,FL,Supplier A,233,11,288,3.9,0.06
c67d561b-340b-b2c0-30b4-cb37f9e50f4a,2023-08-12,TX-300,FL,Supplier A,305,21,390,4.06,0.34
be31e0cc-41da-4e07-098f-1d7fb9870f13,2022-04-06,TX-200,FL,Supplier B,254,16,316,3.88,0.39
6942c3e8-a1ee-bf43-c123-c860c5aeb198,2022-05-07,TX-300,CA,Supplier A,379,21,473,3.99,0.11
0bba8580-6cc8-24d7-cfb9-94cf1e0a51e6,2020-08-31,TX-500,CA,Supplier E,359,15,446,2.82,0.1
53b2cd8c-dc5c-f061-f522-8152e604a739,2023-01-06,TX-500,NY,Supplier A,191,14,242,4.33,0.88
5dd3495a-c704-1a04-92f2-bcced79f8ae4,2023-11-10,TX-500,FL,Supplier D,269,25,351,4.32,0.38
fd18c52d-a60b-f035-8a84-0e115301afb9,2021-02-24,TX-500,NY,Supplier D,254,18,322,3.82,0.4
c00e0056-378c-b42a-962e-e30b65de9644,2022-04-03,TX-500,NY,Supplier C,314,26,398,3.88,0.38
f03d94a8-229d-e837-5962-6fff653fb98c,2023-02-07,TX-300,TX,Supplier C,216,16,274,4.02,0.18
c7c30a5e-5889-be41-da0c-e708d4f1fb71,2023-02-17,TX-400,NY,Supplier D,195,11,249,4.02,0.98
dfe95098-252f-d22b-0135-365cb1690ba0,2021-05-11,TX-200,TX,Supplier D,296,29,388,3.79,0.39
fdefaa99-4cad-481e-d8a6-4ed591c97fe4,2022-03-11,TX-100,TX,Supplier C,245,23,317,3.78,0.18
ea9b1434-af70-e88a-7620-d0ac01d5efbe,2020-02-19,TX-100,IL,Supplier C,205,17,264,2.91,0.96
58daeca3-b8c4-c89f-5421-f9847a02dd87,2022-01-03,TX-100,FL,Supplier A,177,13,227,3.7,0.6
a3bab770-de1f-30a9-ce7c-82c2f751616a,2022-03-08,TX-200,CA,Supplier B,284,24,363,3.78,0.68
8cc659b4-79e0-7f39-045e-2ed4b592a46b,2022-02-27,TX-200,IL,Supplier E,213,9,262,3.6,0.42
e7bf1eed-190f-2722-8fc8-c710bd59ae55,2022-08-08,TX-400,CA,Supplier C,383,20,482,4.49,0.06
5459d619-aa8e-ae30-38a7-2b48c56bf85f,2021-08-07,TX-200,FL,Supplier E,348,18,443,3.77,0.05
1013d048-0372-53a4-2aa4-cb50e1bd274f,2020-07-22,TX-400,TX,Supplier B,339,22,430,2.82,0.25
0484f316-d001-0525-c307-92e98241b19a,2023-02-26,TX-500,FL,Supplier E,293,27,386,4.02,0.83
7159d5bc-2c3d-9c56-8bec-837f789ff344,2022-03-15,TX-100,NY,Supplier E,223,10,281,3.78,0.21
282ac5da-99c4-5f56-dc94-c17a7ef4be2c,2020-10-24,TX-100,TX,Supplier B,225,15,284,2.74,0.25
257dccb5-01af-7cec-3522-b4bbc4abf886,2023-08-20,TX-400,FL,Supplier E,328,24,414,4.06,0.87
d2f76525-2537-40c2-efc9-9c9cef0a1c12,2021-03-15,TX-200,IL,Supplier C,222,9,275,3.96,0.57
6d560201-47b7-a9e0-7f1b-7e04b483760d,2020-06-26,TX-500,FL,Supplier D,342,28,438,2.68,0.56
df265fc8-95ba-7f99-c32b-987627fb54b1,2020-05-24,TX-100,FL,Supplier C,259,18,327,2.99,0.15
152e480c-058f-7aa6-2592-43f6ff13f3d8,2022-05-16,TX-400,CA,Supplier C,414,37,526,3.99,0.07
b1759e6d-3d9e-44de-42dc-e12b34f0f4ee,2022-12-22,TX-500,CA,Supplier C,267,21,343,4.43,0.46
667dd640-2fba-e621-7d6f-c2cab98c0810,2021-08-20,TX-400,FL,Supplier A,379,29,478,3.77,0.51
d03d8e18-caf1-3185-e9ab-8549c1a72d0e,2023-06-21,TX-400,CA,Supplier B,415,17,511,4.27,0.03
f8441f65-4a35-c2e2-d476-60ef14facb0f,2023-01-21,TX-500,IL,Supplier C,259,23,333,4.33,0.82
f1385501-bf1b-46b7-5364-906ecd076264,2020-07-13,TX-200,NY,Supplier C,328,31,429,2.82,0.61
b64ad90e-7308-4b72-50fa-6fe65e010bb6,2022-12-24,TX-200,IL,Supplier E,172,7,215,4.43,0.05
5c806953-3dbf-af7e-d204-2ace1badd76e,2020-11-29,TX-200,CA,Supplier C,227,17,291,3.1,0.48
78f2711c-d3e3-aaee-2bf7-8f87e2ebe821,2020-06-08,TX-400,IL,Supplier E,322,13,400,2.68,0.51
1dd5b959-55cd-9987-cad8-2e71eae6c46a,2023-03-27,TX-500,IL,Supplier C,274,26,357,3.74,0.59
24f56b8f-a75e-df53-c585-6097a1b86526,2022-11-16,TX-200,NY,Supplier D,179,15,231,4.13,0.01
3d882385-0389-9adf-4f77-849dcedc063d,2021-11-09,TX-300,CA,Supplier A,275,14,344,3.9,0.46
0b170c95-5d90-f59f-56f4-31d2a64c9b94,2021-05-07,TX-200,IL,Supplier A,328,36,426,3.79,0.84
a7d987fd-ebbc-c309-6c6a-ca8fc8269ba2,2023-03-29,TX-200,FL,Supplier D,305,26,395,3.74,0.68
218d2a45-1b8a-668a-67a4-ef1c80385062,2022-06-04,TX-300,NY,Supplier C,270,16,340,4.1,0.21
b47cd514-2ba0-d455-f798-ce01d0f808c3,2023-05-04,TX-400,FL,Supplier A,335,28,429,4.14,0.49
6400a18c-d9e6-2271-66a6-87e8c76eb533,2021-02-16,TX-500,CA,Supplier B,241,14,299,3.82,0.95
aa15e150-1378-7726-df63-9b9cbf4ff6e6,2020-04-08,TX-500,IL,Supplier A,255,17,321,3.56,0.44
534e01b2-49c5-2001-6919-6a1aa332e7cc,2023-03-05,TX-500,FL,Supplier A,243,11,310,3.74,0.42
d9e91b6e-d4b3-dda8-bb77-fbae3bdeadc1,2022-01-15,TX-200,TX,Supplier C,250,20,316,3.7,0.35
948ff0ed-6d4a-cdcf-6e86-a76dd24fb4b1,2022-11-20,TX-200,NY,Supplier E,225,9,284,4.13,0.14
78dcfde2-7bce-a91f-f5a0-d83b1c5611ae,2023-11-28,TX-100,NY,Supplier B,211,23,272,4.32,0.99
81b920bc-94d8-905c-4bae-88765a1c0444,2020-03-22,TX-300,NY,Supplier A,204,16,260,3.22,0.93
e394a767-cc71-eb81-a681-230fe8dba582,2023-06-05,TX-300,FL,Supplier C,320,24,406,4.27,0.56
5d2cdada-75a7-5dda-42f4-2ea04c3fea4b,2022-06-29,TX-300,CA,Supplier A,354,29,454,4.1,0.54
5eb8a64a-d591-39cf-590e-4f515c6e46bc,2021-02-14,TX-300,IL,Supplier E,215,23,280,3.82,0.57
f819307e-0da1-ccaa-246d-db117c4b0ec5,2021-08-29,TX-100,IL,Supplier B,264,18,337,3.77,0.85
d189a63e-90bd-2082-dc7e-13fe3c8256be,2021-12-09,TX-100,IL,Supplier C,172,15,220,3.84,0.05
130392c8-b060-53d7-1cdc-3d0d79218fdf,2023-10-30,TX-400,FL,Supplier B,275,17,344,4.1,0.63
71e69544-5cc3-fa5d-246d-49949841a4d3,2020-10-20,TX-400,TX,Supplier A,256,25,331,2.74,0.59
f14c1d6e-034f-d453-cc5c-cc36d69893e6,2022-08-18,TX-200,CA,Supplier E,326,11,397,4.49,0.66
4191a258-09db-321b-aabd-cd65774a197b,2020-12-19,TX-100,FL,Supplier D,189,15,241,3.4,0.11
02a6fb0c-8cf5-e41b-e097-abf879679c5d,2022-10-14,TX-100,FL,Supplier B,271,20,344,3.97,0.69
198bdff3-057e-6062-65fe-8795e0843523,2021-10-21,TX-500,NY,Supplier B,219,13,280,3.51,0.48
c7f1db01-318a-2e8d-37a7-c3e2f0c27c6f,2023-11-21,TX-300,FL,Supplier C,238,18,298,4.32,0.94
43213bee-a387-3fdc-ae93-d5aa5ee096ed,2023-07-25,TX-200,IL,Supplier B,362,23,454,4.02,0.84
8cf47993-d976-9094-afbc-e90c3e3f11af,2021-01-08,TX-400,CA,Supplier B,219,16,285,3.45,0.05
5b03d3cc-bcf1-0a41-3545-0df3dbca262a,2022-09-22,TX-300,FL,Supplier C,267,20,341,4.26,0.33
7f1c6c67-9c9b-15da-7b7c-b2f1de568a53,2020-11-11,TX-100,FL,Supplier B,200,16,252,3.1,0.42
9f102323-7f36-279e-cdab-e3101dcfba09,2021-08-16,TX-100,IL,Supplier C,291,24,375,3.77,0.23
b5f00c2f-c1dc-40b2-b230-154835560ed4,2021-04-17,TX-400,IL,Supplier D,331,13,409,3.68,0.15
02a5fe9a-4179-4bfd-4f81-a02ea771d910,2022-08-27,TX-200,NY,Supplier D,255,15,324,4.49,0.45
097568ee-b102-718e-dc31-714eac6d5760,2022-01-07,TX-100,IL,Supplier B,199,20,259,3.7,0.32
58edef8c-0c5c-9e76-daf2-83b0ada1e4f8,2022-09-19,TX-200,NY,Supplier B,298,14,380,4.26,0.66
158d4aa4-82e4-3847-d591-66603d70c924,2020-04-12,TX-400,NY,Supplier B,271,20,344,3.56,0.14
793c52e2-ee35-9b79-d517-9f63e14706a0,2023-08-08,TX-200,NY,Supplier E,312,22,401,4.06,0.52
1e68fd69-5360-6fbd-509c-933935fa43fb,2022-12-20,TX-200,TX,Supplier D,236,20,304,4.43,0.98
bd82a2e9-aa5d-6765-3289-c056c9c6077d,2023-01-08,TX-200,IL,Supplier A,183,12,232,4.33,0.15
5d9ea0ed-e30e-06ce-c852-7973d6c89c6c,2021-06-25,TX-100,CA,Supplier D,329,24,419,3.5,0.45
12caee41-e745-3788-047e-8e9d842b8f93,2021-06-09,TX-500,CA,Supplier C,458,27,577,3.5,0.5
2b4ff19a-76f8-dc8f-ac77-e795e53b401d,2022-02-08,TX-400,TX,Supplier A,217,13,273,3.6,0.27
a873f7cb-33a1-d998-3e7a-b5abf2e1ceaa,2021-04-23,TX-200,IL,Supplier D,301,19,383,3.68,0.77
65095f6a-014b-59fd-878f-675fc062edf4,2022-09-13,TX-300,NY,Supplier D,282,30,369,4.26,0.34
4f56a4e1-9d62-be82-cad1-cbeee83eaf33,2020-12-24,TX-300,FL,Supplier C,223,20,286,3.4,0.11
b4f1c60d-de35-86ad-9da1-cb1c8da78a58,2020-12-12,TX-100,CA,Supplier B,234,14,296,3.4,0.83
4120b4fb-45da-799b-c622-51c841c709df,2020-12-15,TX-300,NY,Supplier B,157,8,196,3.4,0.44
514cc6d7-efc9-e619-a7d4-1b6ea8d46c42,2023-11-07,TX-300,NY,Supplier C,191,15,243,4.32,0.23
b086aa3e-d50e-fc7f-ba8d-0176b6b05dff,2022-07-01,TX-100,TX,Supplier D,292,19,370,4.71,0.13
e601ba15-1edb-52dd-5b26-8063bfa5884c,2020-10-04,TX-100,FL,Supplier A,262,19,337,2.74,0.53
56a417b9-5399-3ff7-8d3a-0c9c63adc873,2020-04-18,TX-400,IL,Supplier C,256,26,336,3.56,0.73
080e3a94-24c1-398f-fc4e-e8da7481f901,2021-03-09,TX-200,TX,Supplier B,271,23,349,3.96,0.32
2a34b8e2-78a9-d73b-5a2a-fba71cc3b715,2021-04-29,TX-500,CA,Supplier C,430,26,540,3.68,0.01
56924b6b-82d1-69e7-ac0f-978422ed2ad0,2021-02-25,TX-100,CA,Supplier E,242,12,300,3.82,0.47
9d8a9994-9f67-794d-5488-f7aa5ebb86ee,2021-03-08,TX-200,IL,Supplier C,249,18,318,3.96,0.59
307c0102-4b3d-5cf7-5663-742f91830924,2020-07-15,TX-200,FL,Supplier E,303,25,388,2.82,0.6
f9841b5a-dec7-744e-1489-042222912d93,2022-08-07,TX-400,CA,Supplier C,411,33,524,4.49,0.28
e6666d2a-a1f6-5e78-a9b0-edc6c1cf5540,2023-11-21,TX-400,NY,Supplier C,217,23,280,4.32,0.94
a25f12db-7eb3-4849-e130-3c3638b522a4,2021-02-14,TX-400,FL,Supplier C,219,20,281,3.82,0.57
35f7635d-ea7f-5f3d-f6ea-de0db6af4df7,2023-09-23,TX-400,NY,Supplier A,249,20,318,4.06,0.98
48bec61b-d0e7-36a6-d84b-94fdc4779326,2021-03-26,TX-400,FL,Supplier D,250,30,331,3.96,0.74
24ae44b5-e2eb-7061-8c84-fb9641b12b25,2022-05-01,TX-400,FL,Supplier D,289,20,361,3.99,0.26
4ea09880-9fe3-3fe6-295b-b7e83d4a74bc,2022-02-24,TX-300,TX,Supplier B,216,11,272,3.6,0.57
755e7df3-ad3f-daed-f4cd-9229e64e4407,2021-02-25,TX-200,IL,Supplier B,243,17,309,3.82,0.47
49ec18c9-cf92-11b3-f2ad-d4746428a9ef,2022-06-21,TX-100,CA,Supplier C,409,36,523,4.1,0.24
c6767fa8-fd62-9735-fd84-506fb895f0c9,2022-01-05,TX-500,TX,Supplier C,267,17,341,3.7,0.36
8fc46e02-3c6f-53e2-0665-8c277095b7bf,2021-05-29,TX-100,FL,Supplier C,342,29,439,3.79,0.65
48798702-048f-312f-dd83-00e191edb17c,2021-06-09,TX-100,NY,Supplier C,285,16,357,3.5,0.5
47fad180-f941-93a1-db0f-6d432d2e31af,2021-07-04,TX-500,CA,Supplier B,391,28,500,3.79,0.48
1d38d932-23bc-6ff5-7225-aa3501102ae9,2021-02-04,TX-300,IL,Supplier E,215,14,273,3.82,0.04
4031d146-1aed-74ca-20a0-95876bb0dfa6,2020-11-03,TX-200,TX,Supplier A,261,23,341,3.1,0.8
b12251a2-5ba2-dad9-d7f6-18e0b248741c,2022-11-06,TX-100,CA,Supplier E,275,14,341,4.13,0.24
3cd44deb-7119-ec5e-a7dd-1c6dfbb06d34,2021-08-26,TX-500,TX,Supplier B,381,30,492,3.77,0.24
e3c08c1e-aa35-d1c6-bfdf-7ca14571363f,2022-04-25,TX-400,TX,Supplier C,365,32,467,3.88,0.88
6df939ac-278c-cd65-b448-4d6db16dc8ce,2023-12-26,TX-200,FL,Supplier A,198,11,251,4.33,0.51
053ebd73-ef41-3599-9627-7f35a49d736f,2021-11-14,TX-300,CA,Supplier C,208,20,266,3.9,0.38
137396fc-1360-ce3b-eba0-ab72c9bb4543,2021-05-30,TX-400,FL,Supplier A,319,21,400,3.79,0.67
721b36b1-3ff0-efa2-0b7a-15f85c089b4b,2022-06-14,TX-200,TX,Supplier B,334,29,434,4.1,0.25
4e0384a9-3161-3294-6a15-22b32e3cc191,2021-05-02,TX-200,CA,Supplier E,328,15,413,3.79,0.16
16fba1c7-4e96-61fa-b703-7081ca7258fb,2021-04-25,TX-300,TX,Supplier D,298,22,384,3.68,0.69
1e6b2c77-52c1-3b96-d18f-9e227edff001,2022-08-21,TX-300,NY,Supplier A,281,19,355,4.49,0.95
f6c9a319-78b3-d494-5d56-10a6ed4c3b00,2023-11-08,TX-300,CA,Supplier E,277,15,354,4.32,0.44
7ae45b48-25c3-7e85-758b-1d7b17e9d5ba,2022-01-11,TX-100,FL,Supplier E,184,12,234,3.7,0.41
635861e5-77c0-84c3-2731-027c0a3700be,2023-07-25,TX-200,TX,Supplier D,333,31,426,4.02,0.84
1ea13fe5-18a9-a2c9-0ea9-af208653077c,2020-01-25,TX-200,FL,Supplier D,200,17,258,3.17,0.06
37c8254a-b798-c8b2-1603-ac91b4d89700,2021-03-21,TX-100,TX,Supplier D,242,25,316,3.96,0.55
bde842a5-72f2-6635-3f1b-7c5c1d2923b3,2023-09-10,TX-300,FL,Supplier C,314,21,394,4.06,0.57
1beb44f4-6afc-0033-b5c4-9e5c6023e14f,2023-03-03,TX-400,TX,Supplier C,310,18,388,3.74,0.49
9f47ad2f-1693-fa04-673e-4df267c77ab6,2020-08-25,TX-400,IL,Supplier C,260,19,326,2.82,0.37
8ac9c73e-7558-13d5-9a03-1e484f845b52,2020-11-27,TX-500,CA,Supplier C,221,16,280,3.1,0.94
ccfd9442-7697-363a-ac1e-b32f73e652f4,2021-12-27,TX-400,TX,Supplier B,245,11,307,3.84,0.62
218db548-2670-74f4-6f95-1bba3b7058cd,2022-02-09,TX-500,CA,Supplier B,292,17,369,3.6,0.05
111fb6c4-65fd-3517-66d3-e91e8926b420,2023-12-21,TX-500,NY,Supplier D,228,15,287,4.33,0.67
e1af630b-fbf5-f4a2-4cfa-ebf44f5a9575,2021-02-20,TX-200,FL,Supplier C,218,16,274,3.82,0.65
bd290c3f-16ef-a7c1-e804-30619445d472,2022-09-06,TX-300,FL,Supplier E,253,11,319,4.26,0.4
dbc5e702-54c7-bde6-6e42-f07c231f9a0c,2023-07-15,TX-300,FL,Supplier E,319,11,399,4.02,0.81
9e80669f-9850-e6ce-fc23-b4ba6fddde45,2020-01-21,TX-100,CA,Supplier E,188,5,228,3.17,0.21
ba4d2fd6-d8fb-35ab-0f59-ffe1bf3a194c,2021-11-27,TX-100,TX,Supplier A,186,14,233,3.9,0.33
8f057d3c-aa72-dd05-27f1-bb06c90d40a4,2022-10-25,TX-500,CA,Supplier B,320,27,423,3.97,0.63
b95a9c9a-cb93-70bd-af09-93c7d6b134b8,2023-07-23,TX-200,NY,Supplier B,280,22,357,4.02,0.12
84133131-c297-5dec-894e-df80cb17b399,2020-05-02,TX-500,FL,Supplier A,349,27,443,2.99,0.26
b2cd9119-c0f8-6aa2-1924-41ce72f6e2cd,2020-09-14,TX-200,FL,Supplier A,269,19,337,2.91,0.64
e49364c8-c010-f768-a969-c19341aeea5d,2023-08-25,TX-500,IL,Supplier C,339,35,437,4.06,0.53
459a0587-7543-3607-ee98-9ee85f46171c,2023-10-15,TX-500,NY,Supplier A,238,17,303,4.1,0.16
43a988bc-52a5-b9f0-927b-a0557b1b1e25,2022-07-08,TX-300,NY,Supplier B,263,22,337,4.71,0.21
9e3f67ff-a4dd-9872-27dc-2bdb1211a52e,2021-03-05,TX-200,FL,Supplier E,254,9,313,3.96,0.41
bb2bdf29-67c6-5597-4969-82f984a9c4d6,2020-10-24,TX-400,IL,Supplier C,251,15,317,2.74,0.25
5ac2463a-adca-3efb-31ae-da9fcc89068f,2021-01-14,TX-100,TX,Supplier E,224,13,285,3.45,0.8
5976985e-0f5e-a938-8202-4401e105986a,2023-06-03,TX-100,IL,Supplier A,333,33,433,4.27,0.39
41ff9e13-3784-d147-b06f-7819e485a502,2022-09-24,TX-400,TX,Supplier C,295,19,369,4.26,0.78
6327fd36-30e5-dae2-f460-df6aea0987b2,2023-07-29,TX-100,IL,Supplier B,353,23,442,4.02,0.02
391dfa55-3037-9193-9ce5-ff761e13b0b7,2021-06-17,TX-300,IL,Supplier D,323,32,425,3.5,0.4
2cc4aa06-e42b-5b30-f8c9-0e61933bce50,2023-04-01,TX-500,CA,Supplier D,331,21,420,3.94,0.21
03043fea-3af6-24b6-1e72-6caf7295e418,2022-03-23,TX-100,NY,Supplier D,240,18,311,3.78,0.78
85b432d8-adb2-09c3-c176-9cbcae76a777,2023-01-05,TX-200,NY,Supplier B,177,7,222,4.33,0.14
78078fa4-2f31-c71f-288b-27354ecd5f49,2020-03-27,TX-400,CA,Supplier C,295,20,377,3.22,0.96
18c6999c-ac19-6be2-ef95-b119c2d77025,2020-08-23,TX-500,IL,Supplier A,290,18,367,2.82,0.42
2681dc77-ded0-a928-eb82-5955aad0e84e,2020-11-13,TX-500,NY,Supplier C,222,11,274,3.1,0.67
b7ae1657-0b8b-9446-7026-d8da3e318747,2022-06-02,TX-400,TX,Supplier B,328,31,428,4.1,0.76
9ae7644c-409d-ad5e-1555-13241cb33282,2021-11-09,TX-400,IL,Supplier A,209,14,265,3.9,0.46
84acb6c6-9127-45be-7a91-5dfd1e7d3a5b,2022-03-15,TX-100,TX,Supplier C,250,25,323,3.78,0.21
f2138e72-e2a6-e014-d144-7d4f52bde858,2021-10-12,TX-400,CA,Supplier B,269,28,347,3.51,0.24
8bcb0b01-3e9f-8738-9f7e-1e2f84709de4,2023-02-28,TX-100,IL,Supplier C,234,18,297,4.02,0.03
66081a16-4ab8-e174-6836-10ef3764414d,2021-12-12,TX-400,TX,Supplier B,208,15,266,3.84,0.15
be1075c4-0628-5ba1-2a90-505095b74cd4,2023-12-12,TX-400,FL,Supplier C,248,19,314,4.33,0.82
7cde63af-4cfc-7189-ea15-1236fd223d5f,2021-01-19,TX-200,TX,Supplier A,192,13,242,3.45,0.04
3ebacfcf-c68c-6be2-86da-7d9281caff5a,2020-10-01,TX-400,FL,Supplier B,242,11,299,2.74,0.85
5c317ff0-0843-59f7-6684-331424438cb2,2020-06-12,TX-400,IL,Supplier E,349,18,434,2.68,0.8
d992648b-678a-90e1-c54a-de96b9a597fa,2022-11-02,TX-300,CA,Supplier D,230,18,291,4.13,0.76
2763ea23-ced4-6c02-7433-92131333f736,2023-04-25,TX-200,CA,Supplier E,335,30,427,3.94,0.04
42fd03bc-cad6-8dbe-1297-fb42bb1e58e7,2021-03-13,TX-500,CA,Supplier B,330,29,424,3.96,0.23
b2cba106-7a4b-ab0e-bc59-f0ffce16df5e,2020-03-13,TX-300,CA,Supplier E,304,15,374,3.22,0.08
e3705305-ec5b-f3c1-7347-5a45145c55ad,2021-11-09,TX-400,CA,Supplier E,236,10,295,3.9,0.46
38cf8679-535a-740a-79c3-fc451a0b4960,2020-01-27,TX-100,IL,Supplier C,179,14,228,3.17,0.29
1d3b4dfc-85bf-c268-cca2-9c3c4af6a3d8,2021-08-25,TX-500,CA,Supplier C,421,36,543,3.77,0.67
e99ab227-12cb-46f9-b3b7-3659f9c4de3d,2022-06-04,TX-500,TX,Supplier D,437,38,556,4.1,0.21
c69131f8-8c24-fea6-d9fd-3e4d5ea8587c,2020-03-19,TX-400,NY,Supplier C,236,21,302,3.22,0.1
6dfb576f-a31d-c199-fc05-e779b598548d,2020-04-26,TX-100,TX,Supplier D,286,21,366,3.56,0.83
f07f7093-009f-726d-6bc9-18d369ab6f94,2023-06-11,TX-400,FL,Supplier C,350,23,443,4.27,0.67
50ce9059-f28d-b39e-5dd1-467a73eb0f15,2021-01-08,TX-500,NY,Supplier C,233,23,300,3.45,0.05
fb44ad0d-ff93-de3e-fd1e-1a11214cd305,2021-11-02,TX-500,CA,Supplier D,310,27,401,3.9,0.43
ebeedb42-05ea-824a-2460-e01eb8b39384,2023-06-30,TX-300,IL,Supplier E,289,15,360,4.27,0.37
ad18a1ef-f130-a4c7-e168-af4dd09ec33c,2022-08-11,TX-200,TX,Supplier C,361,32,474,4.49,0.15
0dd1a977-4916-aa16-d7c0-d47dfdb9b658,2021-08-30,TX-300,IL,Supplier B,303,19,380,3.77,0.3
008ec192-d6c4-ad5a-484f-3c4abfd523cf,2022-07-04,TX-400,CA,Supplier A,441,30,556,4.71,0.48
d77cfa51-789b-b97a-c112-6c5088ecb4b2,2020-04-15,TX-100,FL,Supplier B,276,20,353,3.56,0.67
a835e26a-b7ef-da70-0390-df5009c6ea65,2022-02-02,TX-500,NY,Supplier A,190,9,238,3.6,0.58
b1a32ccf-a1c2-5364-7e08-1769a567efaf,2022-06-06,TX-200,FL,Supplier B,364,18,449,4.1,0.12
311ac316-b8f4-4818-5ac2-728d6e14a75f,2020-05-21,TX-500,FL,Supplier A,404,35,517,2.99,0.24
d0abd556-4ec2-ae89-9719-cf5b31eab023,2022-11-30,TX-400,IL,Supplier D,222,22,291,4.13,0.98
d4002967-4473-f942-8e15-4abff6a300bd,2022-03-07,TX-200,FL,Supplier B,273,13,345,3.78,0.4
c4ae6f3f-c1cb-61f3-16ee-8902d3ce0fe3,2020-04-17,TX-100,IL,Supplier C,223,17,285,3.56,0.66
d19ef8f1-b2c3-e3d6-81af-6cb751a01edf,2023-01-16,TX-300,TX,Supplier C,251,28,328,4.33,0.65
5d686213-d952-2acc-04e5-7aa5e4a3b1e4,2022-02-06,TX-500,NY,Supplier E,210,9,260,3.6,0.54
dfcb4d73-2650-f414-3e14-a4d68ac88763,2021-12-02,TX-200,IL,Supplier A,227,15,287,3.84,0.32
9eb87227-dafe-9413-3714-7a81b4b08396,2021-02-11,TX-300,NY,Supplier B,196,12,249,3.82,0.46
778157ba-d64a-c301-4c97-06e790460d6d,2021-06-16,TX-400,IL,Supplier C,302,28,390,3.5,0.1
9ef539f8-9e0a-a22a-95ec-dab9539ed8b1,2020-12-20,TX-500,NY,Supplier E,183,9,225,3.4,1.0
4237c682-0a1c-856a-4764-47149ad32cb3,2022-05-02,TX-400,IL,Supplier E,288,16,361,3.99,0.05
183e45d0-84c5-d903-b4e5-7542366482e7,2020-05-09,TX-200,FL,Supplier D,350,34,453,2.99,0.75
5c88dda5-8fe8-9a29-3971-330acfc18d9f,2021-03-02,TX-400,IL,Supplier D,217,15,275,3.96,0.43
684ea05d-3858-181c-f5d9-9c1a44adfca7,2021-10-21,TX-200,FL,Supplier E,279,23,356,3.51,0.48
b4e1e227-0df1-88aa-5c4a-57cff26b02f5,2020-07-03,TX-300,TX,Supplier C,339,27,433,2.82,0.93
86f357f6-2fb8-227e-c516-4bda5183d777,2023-01-21,TX-500,TX,Supplier B,235,18,300,4.33,0.82
1344b893-ea3f-c890-855c-c5249871b6e8,2021-09-07,TX-500,FL,Supplier B,351,18,439,3.71,0.72
60a57083-b6e3-a090-f1fd-2df0d16e14af,2022-08-27,TX-100,TX,Supplier A,332,21,415,4.49,0.45
2f2683f5-1039-e38a-b127-a10f9b2d63a8,2020-05-17,TX-400,TX,Supplier A,297,21,381,2.99,0.09
c54160f6-410f-6e3c-0ae6-667dbdcc38d1,2021-06-23,TX-400,CA,Supplier E,410,36,536,3.5,0.02
24f2a14b-bb66-8a78-b3ca-68b075369a64,2022-11-22,TX-100,IL,Supplier D,216,14,271,4.13,0.12
9bceb35e-f62d-f699-1a7d-a01037df8516,2023-12-28,TX-400,IL,Supplier E,220,13,276,4.33,0.46
0a386253-92d8-1068-57c3-32c9f910b27a,2022-06-07,TX-500,IL,Supplier B,345,19,435,4.1,0.9
3ef2d74a-bd6c-b0a1-a40f-590702948c14,2021-03-28,TX-200,FL,Supplier D,249,26,325,3.96,0.92
e2ededa9-0359-c3f5-a437-f1169878523e,2021-11-08,TX-300,IL,Supplier C,222,20,287,3.9,0.07
b2fd1337-8014-9c43-d98f-8c6415d800d1,2021-11-29,TX-400,CA,Supplier C,255,17,321,3.9,0.78
ee98bf2a-7689-fbe3-ba65-e4dd01e56a5c,2022-12-27,TX-200,IL,Supplier E,203,13,254,4.43,0.79
0939e215-32b1-78fb-a8fc-c4b43c15c55d,2020-02-15,TX-400,IL,Supplier B,198,9,245,2.91,0.63
1063eb24-c6ef-018b-0ff6-978e1ca1acfe,2022-08-09,TX-100,TX,Supplier E,302,15,382,4.49,0.46
4fea14ef-8072-8984-19e1-a81996281e23,2020-06-12,TX-200,CA,Supplier A,355,16,443,2.68,0.8
61f12e5d-e688-4009-445d-a062e404b6f6,2022-01-26,TX-400,FL,Supplier C,218,10,273,3.7,0.69
841b6d9f-a5b9-acee-c25a-20fc3cf54fe3,2022-08-19,TX-500,TX,Supplier A,419,28,522,4.49,0.6
25a422ef-7f47-d761-452b-5a2994cd0b33,2023-12-05,TX-400,FL,Supplier A,229,16,289,4.33,0.64
be5ab5c8-3bd5-b5b5-d702-94dc75539e66,2023-09-26,TX-100,FL,Supplier C,242,22,312,4.06,0.13
c19b700e-359f-eec4-c49c-bba8a090c131,2022-10-19,TX-400,TX,Supplier B,284,21,365,3.97,0.44
207dec32-3381-7c4e-7814-7da50434c00b,2022-10-08,TX-400,TX,Supplier E,283,14,355,3.97,0.61
f7f11cb1-06f0-6bd2-3877-b0dc24607140,2020-02-18,TX-100,CA,Supplier D,235,20,307,2.91,0.12
541c2adb-8e2d-f24a-c3da-8d9cceeb77fb,2021-03-29,TX-100,TX,Supplier A,258,25,334,3.96,0.5
19cd8534-5b94-976d-c185-7926250b67e1,2021-02-02,TX-200,FL,Supplier B,230,15,293,3.82,0.05
cc1e10cd-f10a-70d6-cf9b-5f2689496f43,2021-05-20,TX-500,NY,Supplier A,361,24,452,3.79,0.23
dc3b326c-b53c-5ee7-6e27-ab8b5bad2349,2021-05-23,TX-300,FL,Supplier C,272,19,347,3.79,0.59
29a2d519-3b79-c94d-9b11-0400b86c75fb,2022-02-10,TX-500,TX,Supplier D,234,22,302,3.6,0.59
a190d9d4-66eb-871e-6c46-f2965dc8ccfb,2021-07-04,TX-300,FL,Supplier B,293,24,376,3.79,0.48
8d209cf3-a591-3b74-baf4-6fb5bb75a5aa,2021-07-27,TX-400,IL,Supplier E,288,15,362,3.79,0.46
e2147cff-a747-c12e-6209-12c1adfc1bf4,2021-07-08,TX-200,TX,Supplier D,382,26,490,3.79,0.96
22981f0e-ce9d-1fba-77f6-c387652f3da5,2020-03-05,TX-500,TX,Supplier B,305,28,394,3.22,0.18
b722c588-6441-c5b5-954f-7fe4d3d1d0b5,2021-06-09,TX-400,NY,Supplier A,336,28,432,3.5,0.5
689a5c54-79c0-8450-5058-d83694e310fd,2021-07-10,TX-300,TX,Supplier B,391,23,485,3.79,0.87
168aecad-66b1-1d27-60a8-426222b4a495,2023-08-01,TX-500,CA,Supplier D,394,32,505,4.06,0.69
4887b947-cc34-1440-d0ac-876ece353e64,2021-12-26,TX-200,CA,Supplier A,230,11,288,3.84,0.85
ffa47aff-1ebb-f66d-490d-f45797e45b3b,2020-12-16,TX-200,IL,Supplier B,192,10,240,3.4,0.3
fb87da51-30d6-2a8b-b0d8-a9bb449976ad,2023-08-22,TX-300,NY,Supplier C,313,26,404,4.06,0.43
2b4e20ea-a083-dbb7-1b99-62d0c42bfa66,2021-12-15,TX-300,TX,Supplier A,190,12,242,3.84,0.92
e12549ce-fd9e-886a-7d65-2dad0140491e,2021-09-07,TX-200,TX,Supplier D,364,21,461,3.71,0.72
162eb68b-d31a-ea78-f962-16ef67eb8b48,2021-08-27,TX-300,CA,Supplier B,379,28,483,3.77,0.85
b6e5cc49-6695-ebcb-eeec-a33d5ab87bbd,2023-05-03,TX-200,IL,Supplier D,279,16,344,4.14,0.5
396d0662-7c1f-26a6-85d2-509fd3136902,2021-02-04,TX-500,CA,Supplier B,301,24,390,3.82,0.04
3d5424a6-e3f0-ac47-029c-b71835af425f,2020-05-04,TX-500,NY,Supplier E,297,15,366,2.99,0.16
7de65555-1240-506c-cd90-91d35f47ad18,2021-07-28,TX-200,FL,Supplier B,306,26,400,3.79,0.98
a51d3e00-ed3d-6192-d814-8f1d0d13a75a,2021-04-23,TX-200,CA,Supplier B,333,23,430,3.68,0.77
42aa0997-e4af-5934-4c8f-7ad71cfc627c,2022-03-24,TX-500,CA,Supplier C,292,19,360,3.78,0.57
f64b540d-b43e-c969-6dac-b2559e0222ca,2020-03-29,TX-300,FL,Supplier B,294,20,369,3.22,0.78
bad4a53c-af4d-850d-ef8e-8986c45796a9,2023-02-16,TX-300,CA,Supplier C,270,25,352,4.02,0.88
ebcf38e4-ce94-efe3-041b-82770dadcbce,2022-03-29,TX-300,IL,Supplier C,291,16,366,3.78,0.1
8381acba-0e3c-221d-b747-547ff44d2f38,2020-08-04,TX-500,NY,Supplier B,336,21,421,2.82,0.28
0cd7a87b-e085-bee7-3571-99f948e198cb,2022-12-20,TX-100,IL,Supplier B,201,15,253,4.43,0.98
02e1c296-63c3-2c55-4bc8-ceac6e0d33d1,2021-08-22,TX-200,TX,Supplier E,344,15,426,3.77,0.03
7bd369ae-a2c7-5280-df0c-18adcece27e0,2022-04-16,TX-300,TX,Supplier B,299,23,374,3.88,0.39
09fa42b8-9f78-84fc-8752-6a932f7a75f6,2021-02-04,TX-500,TX,Supplier E,275,21,347,3.82,0.04
e0849986-1af2-dfb1-1b9d-f12d6e1f2c16,2020-02-15,TX-300,TX,Supplier B,234,16,301,2.91,0.63
31e04732-bd4d-8592-db75-1a40964c20d6,2020-09-27,TX-100,IL,Supplier C,248,17,316,2.91,0.92
0aff0851-2109-3098-59b9-353a3005d289,2022-10-04,TX-100,NY,Supplier D,242,18,311,3.97,0.2
48d46ac4-26ac-ef3f-6ac8-132ae7bcbeb7,2020-04-18,TX-500,IL,Supplier A,326,28,414,3.56,0.73
228e58f4-e6ef-3612-97d8-6b237ec9ec4d,2023-07-31,TX-400,NY,Supplier E,355,20,437,4.02,0.46
1f0cd826-a514-70cc-09c2-2a4d28b69a70,2022-07-29,TX-100,FL,Supplier D,311,26,397,4.71,0.62
6581b23b-27a8-5ce3-0f6e-4c8b94e7e366,2020-04-18,TX-500,CA,Supplier E,325,14,405,3.56,0.73
1c39a158-e66f-dbfc-759c-2fc6036bef31,2022-06-11,TX-200,FL,Supplier B,377,22,478,4.1,0.18
2ff14ebe-41c7-250b-5059-412652380ab9,2020-02-13,TX-400,CA,Supplier D,271,19,346,2.91,0.38
40c5cbd4-4ddd-1c53-9884-93a44d36f3a5,2022-04-15,TX-500,TX,Supplier A,342,22,427,3.88,0.38
b05cdc52-29c9-8f1d-32fd-20b8844500fb,2022-08-05,TX-100,CA,Supplier A,310,27,397,4.49,0.0
c30ffeb3-fc58-4a05-335d-fdaaa9fa55c1,2021-03-07,TX-300,TX,Supplier C,258,17,329,3.96,0.22
4dae12c0-161e-a52a-8106-33d3ad9edc63,2022-09-20,TX-300,CA,Supplier A,298,12,371,4.26,0.66
30baab05-6085-c556-267c-4082103f1a5c,2021-01-08,TX-400,TX,Supplier B,240,19,305,3.45,0.05
34a42e9e-fd70-1a21-c9dc-d4c49b8849ca,2020-01-11,TX-300,CA,Supplier C,217,19,281,3.17,0.67
700d5900-fc70-45b8-68e0-7b05641ef4c4,2021-06-05,TX-400,NY,Supplier E,359,19,448,3.5,0.84
e230acff-7a85-c52d-58d2-e268e22bf97d,2023-01-22,TX-100,TX,Supplier A,209,13,266,4.33,0.54
f8631e1f-7d6e-5553-7490-905d703fef95,2022-12-31,TX-100,CA,Supplier C,198,22,259,4.43,0.32
7c3c4ed8-3609-cd4b-d27f-c3f310814a1d,2023-03-26,TX-400,NY,Supplier D,276,22,353,3.74,0.22
b59da269-f544-ec31-ead6-c9e03da15a3c,2023-05-02,TX-500,CA,Supplier C,395,32,505,4.14,0.98
6de3e50a-b963-4b12-4efd-32a4553d85b2,2022-04-25,TX-100,IL,Supplier B,259,20,334,3.88,0.88
7046c171-b8d1-ee3d-9b1a-55f8a59d03bd,2022-05-06,TX-100,TX,Supplier A,347,23,444,3.99,0.5
6d3221be-3088-af78-0ff9-4a11304c2d43,2020-10-13,TX-200,TX,Supplier D,231,23,303,2.74,0.1
bb862fd0-e565-ccc2-3a0f-bd1eaa1ad384,2020-12-11,TX-100,CA,Supplier B,191,19,248,3.4,0.45
e44be5d5-87c6-3075-b64b-118df302b608,2020-08-09,TX-300,TX,Supplier E,322,29,412,2.82,0.17
e93f5068-e778-5d17-2fa7-4921b717c25c,2023-06-06,TX-100,TX,Supplier B,309,31,406,4.27,0.76
8893aeaf-cf97-aaa5-ca32-5f3243f3cf7d,2020-02-01,TX-200,CA,Supplier A,223,20,286,2.91,0.41
e0c09a75-c72f-c411-d192-d2c77c47fb6f,2022-02-15,TX-500,CA,Supplier C,287,17,356,3.6,0.6
a4bcf66f-d53f-32de-68c9-1685ecd7b7c0,2020-11-28,TX-300,IL,Supplier E,189,13,242,3.1,0.78
d224ae5c-2222-21ea-d331-92c15323d0c6,2021-03-24,TX-200,NY,Supplier E,217,13,271,3.96,0.36
5ef7c870-19ab-caea-fa2d-688b015cd892,2022-06-27,TX-400,TX,Supplier B,352,23,441,4.1,0.49
265fce33-f0d5-e881-2f57-03f30c125ea5,2020-12-27,TX-500,CA,Supplier A,277,22,358,3.4,0.65
687cae40-745e-8959-e885-8bab776cef7e,2021-09-22,TX-400,CA,Supplier D,372,35,483,3.71,0.07
ecc457b5-37d3-52f7-d2fa-29363c6ab893,2023-06-17,TX-400,FL,Supplier C,314,18,398,4.27,0.0
4f558ebe-5353-d77a-ee1c-94b955121493,2020-08-27,TX-300,FL,Supplier D,298,23,380,2.82,0.1
f9cc3679-f1ea-5761-04ea-8582e79d6ff1,2021-12-18,TX-500,FL,Supplier B,228,12,289,3.84,0.03
cd763b0f-1a91-4e4d-2a28-701f68b0c3e7,2021-02-22,TX-200,CA,Supplier E,235,8,292,3.82,0.15
11311ae6-fde9-7a22-a048-c98e54c4fc35,2023-11-10,TX-200,TX,Supplier E,286,16,363,4.32,0.38
55295ea5-42d5-aa9a-3bf0-d869c71b76e6,2022-04-24,TX-100,TX,Supplier E,335,26,425,3.88,0.75
02840403-699f-5fad-b711-190807ab976f,2022-05-24,TX-400,FL,Supplier B,389,43,515,3.99,0.17
2b765f7e-8a89-df6c-5e4f-a5f3ccb17361,2021-06-05,TX-500,TX,Supplier C,401,36,515,3.5,0.84
f460b53e-7f75-dc23-5f19-f2427d86d9fa,2023-11-08,TX-500,FL,Supplier C,283,21,360,4.32,0.44
7344a628-663f-88c0-4b33-10e32daea094,2021-11-19,TX-500,TX,Supplier C,295,23,377,3.9,0.39
4ed1d10c-3f24-3305-7f84-b7e52451928a,2021-05-16,TX-200,NY,Supplier D,300,24,391,3.79,0.15
b2bc2948-1061-3db9-a519-f3122cb8b87b,2023-02-14,TX-200,TX,Supplier E,257,21,326,4.02,0.45
fe13e6bf-73e7-6ee1-3220-358c3d6bf866,2020-03-06,TX-200,NY,Supplier C,212,16,270,3.22,0.86
4ffbeb64-373d-2539-ca3a-184e124a9329,2021-06-22,TX-300,FL,Supplier D,346,31,442,3.5,0.19
7588f9c9-d055-5031-5488-1ea701409d27,2021-05-15,TX-500,FL,Supplier D,335,26,426,3.79,0.47
a1dd01b9-8eb9-e613-f477-0e5e85f07030,2020-05-12,TX-300,IL,Supplier D,302,21,383,2.99,0.52
81ded574-ac7f-e5a8-8854-ce0fbd7d0cf7,2020-09-07,TX-400,CA,Supplier D,315,30,415,2.91,0.78
32ee6e47-de0b-9d1a-7cc1-41c5b412b724,2020-09-07,TX-200,IL,Supplier E,320,14,401,2.91,0.78
28b263fa-3dbc-7f74-3f29-4d9ab5017016,2021-09-27,TX-200,NY,Supplier A,242,12,309,3.71,0.34
063f1156-3eea-4a71-17bc-049ff0da92ac,2022-10-18,TX-500,FL,Supplier D,255,27,341,3.97,0.61
5506346b-3666-c10f-095c-b324b3dd0845,2020-08-14,TX-200,TX,Supplier E,287,18,364,2.82,0.32
0131f76e-ac1d-f42d-91b9-8659a11349ed,2020-04-02,TX-200,IL,Supplier D,230,17,298,3.56,0.94
bfc23a3a-02f9-ad45-7a4c-7fddc6cc683e,2022-06-06,TX-500,IL,Supplier C,340,24,431,4.1,0.12
b870459a-a31b-0eba-9809-eb3b1fc22f84,2020-12-17,TX-500,NY,Supplier B,196,20,256,3.4,0.92
d739bde2-884e-2a8b-c1b9-52a2ac8962e3,2023-08-23,TX-200,CA,Supplier E,365,20,458,4.06,0.43
f4ddb633-9d23-24bb-2f36-9ff47e4ee509,2023-04-04,TX-500,IL,Supplier E,289,22,372,3.94,0.13
d78f80bc-c42e-7305-1e92-a49bb8d5d308,2021-07-23,TX-100,NY,Supplier C,251,17,315,3.79,0.04
4f2ea9ed-2939-1746-11bd-b532ad7dcd12,2020-02-05,TX-100,CA,Supplier D,197,21,256,2.91,0.09
e1be6cc9-2ce8-ba66-7ba5-28187d9f2fe7,2023-09-11,TX-100,TX,Supplier B,257,17,325,4.06,0.4
003db618-5ce0-14b8-7746-fb22d2354bb5,2020-05-13,TX-200,FL,Supplier E,348,15,429,2.99,0.32
01615135-5a3a-0680-88b7-24aa9a8bec0b,2020-09-20,TX-100,FL,Supplier A,255,14,313,2.91,0.37
b153066e-2039-34c1-f9d4-e317647e87ac,2022-05-15,TX-300,IL,Supplier D,280,21,360,3.99,0.95
42aa39ab-d69b-e624-d14d-f0db0ef98922,2023-01-11,TX-300,IL,Supplier C,208,17,266,4.33,0.05
cb5b220a-bae7-3b43-5427-d411f9e4bcc8,2023-05-16,TX-300,NY,Supplier B,312,24,395,4.14,0.41
c130df3f-bfb6-07a1-dbf4-49aee9ed9901,2022-08-01,TX-400,FL,Supplier E,347,17,433,4.49,0.21
73dd3f1e-2150-bbe5-2c71-00709c79ed27,2020-11-14,TX-100,FL,Supplier E,181,14,228,3.1,0.33
0707358a-4dfc-892f-bca3-5d5838216aeb,2023-02-25,TX-400,IL,Supplier C,251,20,319,4.02,0.55
19049bac-bb83-587a-80fa-1ad4d3823444,2021-09-17,TX-200,IL,Supplier C,265,21,336,3.71,0.39
a3f9c2de-3510-9c5a-1132-684ea523c51f,2022-09-11,TX-200,TX,Supplier A,280,14,348,4.26,0.42
d0d34b2c-a80c-b71c-4e01-0719e753fe26,2023-05-25,TX-100,CA,Supplier C,315,36,418,4.14,0.46
7c5abc0e-109a-a4e0-5322-ff3bb69af44c,2021-01-18,TX-200,CA,Supplier A,211,11,265,3.45,0.84
00ebfd36-46c0-01ed-fdb5-99cba3bc9924,2021-10-13,TX-500,TX,Supplier D,279,24,352,3.51,0.32
b27bf624-6cf8-f0cf-a5fe-36407d99a336,2021-04-01,TX-300,CA,Supplier C,261,20,334,3.68,0.31
c3bc0ac8-4bdb-b40a-751f-bf418d04995e,2021-03-12,TX-100,NY,Supplier C,207,13,263,3.96,0.47
fef3ed07-0040-bab3-f90e-1fc23ed2b656,2022-03-23,TX-300,FL,Supplier E,237,7,290,3.78,0.78
b2c8d78f-2892-cc30-7a4b-8251de4abfb0,2022-02-18,TX-500,CA,Supplier B,312,25,396,3.6,0.25
fd416fd2-5ffd-7a43-68d1-0d7e9e2353bd,2022-09-15,TX-100,FL,Supplier A,244,23,316,4.26,0.44
0df260dd-83d1-5f79-afde-9821ece6b8de,2023-12-08,TX-100,IL,Supplier D,220,18,282,4.33,0.47
9b670797-5927-28be-7dc3-ee453b882d32,2022-05-03,TX-400,FL,Supplier D,364,23,460,3.99,0.48
bbe88c28-0a18-7824-34f9-f8198cf0729d,2023-09-26,TX-400,CA,Supplier D,368,34,481,4.06,0.13
10968f32-358e-5144-5eb6-7b9880f64339,2022-03-23,TX-100,FL,Supplier D,230,21,295,3.78,0.78
7f8e93a9-92fc-e6ef-1ac4-c2b1d19feb89,2021-10-14,TX-200,FL,Supplier E,234,14,296,3.51,0.16
64433bb7-2c8c-c143-c2c6-c85b7e03d9ae,2020-10-28,TX-300,NY,Supplier C,221,12,276,2.74,0.17
4af1514f-ea3d-317b-f98d-326b1dc9891e,2020-03-09,TX-200,FL,Supplier A,266,9,331,3.22,0.43
49781864-174d-0794-faa1-4f68edeea787,2023-08-08,TX-400,NY,Supplier E,298,11,371,4.06,0.52
3dfcaebd-2458-2019-808d-df981dade764,2022-02-26,TX-300,NY,Supplier D,213,18,272,3.6,0.98
50299584-f006-5d24-aed1-e1e44e1cc07b,2023-11-24,TX-300,FL,Supplier E,237,14,293,4.32,0.5
8a82793b-bc86-f3c2-4f2e-207e6533e8de,2022-12-08,TX-200,CA,Supplier E,207,13,259,4.43,0.83
73b6f951-a1d4-1f56-fe32-97b09463fb0c,2023-09-13,TX-400,CA,Supplier A,364,27,464,4.06,0.06
77d3934b-c92d-2126-b664-e93ce5a4fe3d,2022-01-16,TX-500,TX,Supplier A,267,14,335,3.7,0.02
248c100c-7fd4-cf58-9f77-c4ec8835ebec,2022-11-17,TX-200,FL,Supplier D,235,16,301,4.13,0.34
246852f8-4a56-e3c8-ab25-28189d49dc17,2022-02-28,TX-400,IL,Supplier A,261,26,339,3.6,0.51
cf07fb3e-3d98-7913-8b95-a8978167361d,2022-06-21,TX-200,CA,Supplier A,328,20,422,4.1,0.24
d3982dd3-b8c8-00df-20c5-983b05c0ae9b,2021-12-29,TX-300,CA,Supplier A,190,12,242,3.84,0.77
2127f21e-b043-50a4-669a-aafe45976cee,2023-01-27,TX-100,CA,Supplier B,235,16,295,4.33,0.26
a66fd5e4-17dd-5c10-b51d-cd8a71fd1cc6,2023-06-24,TX-100,CA,Supplier E,345,22,444,4.27,0.5
7c32713b-56fa-6ae0-6a46-9872a6d30b6a,2020-04-13,TX-500,IL,Supplier A,293,17,366,3.56,0.55
bb9c69a8-2d96-342a-b0f0-06ca8c04f766,2022-05-19,TX-100,TX,Supplier D,362,36,473,3.99,0.55
f65ecbde-9aaa-882e-3bd9-7ff006adbb4d,2022-12-18,TX-400,TX,Supplier E,260,17,324,4.43,0.1
8ae1ce81-a348-eb6a-f4d5-a250e274a61e,2023-11-11,TX-500,TX,Supplier B,301,14,375,4.32,0.77
2748f9a4-7455-581e-4307-4b4584d9b746,2021-09-13,TX-500,IL,Supplier C,294,21,380,3.71,0.57
48bef0dd-0070-4f28-b93e-8c5d8b103460,2022-11-23,TX-200,TX,Supplier C,215,20,278,4.13,0.39
62c29e82-09db-51db-ced1-c18a69fa340d,2022-02-05,TX-200,FL,Supplier A,195,14,248,3.6,0.88
227674d8-8456-8224-b65e-f64c69081d51,2020-05-03,TX-100,TX,Supplier C,324,26,412,2.99,0.94
976b2159-b914-7377-5ecf-c5620f4fd7ef,2022-06-05,TX-400,IL,Supplier D,369,24,461,4.1,0.94
4a58bf0f-e3d3-2e16-6e35-73b1fe1b3a0d,2021-07-03,TX-400,CA,Supplier E,436,30,542,3.79,0.62
cc49a31a-a360-16e8-efe0-dc09437ca8b1,2020-09-29,TX-500,CA,Supplier C,324,26,411,2.91,0.33
a3be69b5-c317-8044-ea54-23fd86d319ef,2022-02-24,TX-500,CA,Supplier C,303,29,390,3.6,0.57
3e03a04a-42a7-1aee-d007-017977f098e1,2021-09-11,TX-200,CA,Supplier A,375,25,479,3.71,0.41
38b34a3c-dabc-e15f-2362-f7aa6c99e2db,2022-03-21,TX-200,FL,Supplier C,284,20,356,3.78,0.74
b0ccd7ae-1372-b519-44af-75d5d3de1904,2021-05-30,TX-300,FL,Supplier D,316,19,392,3.79,0.67
8da42ccf-7968-8088-a388-4e8fe2c8e6e9,2022-02-09,TX-100,IL,Supplier C,227,21,292,3.6,0.05
dfcad27e-9b7b-2163-a8da-26427aec006b,2021-01-14,TX-100,FL,Supplier C,193,12,241,3.45,0.8
9eb90a63-db1e-7d46-63e4-a7050bd7fe98,2022-12-14,TX-400,CA,Supplier D,221,23,290,4.43,0.65
5e4a4f6f-f59b-8821-3819-aa59634286b2,2021-10-01,TX-200,CA,Supplier A,334,29,425,3.51,0.54
54072345-9fc1-4eea-5cb9-feec7f3fb27a,2023-10-18,TX-200,NY,Supplier D,209,21,271,4.1,0.22
345dedc4-4bd5-ca62-b927-2713f23d124a,2020-03-11,TX-100,NY,Supplier D,204,17,263,3.22,0.58
319160e1-f1f9-6504-cc12-202d6519a796,2023-09-08,TX-300,FL,Supplier E,344,20,431,4.06,0.53
3eed26a3-2eb7-071b-52e7-b5a4b5e901d1,2022-07-01,TX-400,IL,Supplier B,389,29,489,4.71,0.13
c77792bf-b65e-533f-45ce-38458989c119,2021-04-18,TX-100,CA,Supplier A,298,13,370,3.68,0.6
1ac7b77a-51c6-66e4-24b3-bcb12a610506,2022-08-24,TX-200,FL,Supplier A,279,16,350,4.49,0.68
0e44d737-2c37-025b-fb98-f6ccce07cce8,2022-02-26,TX-100,CA,Supplier A,254,16,320,3.6,0.98
4e3f3e01-b63f-6086-6425-bc0d27ba4f89,2022-05-13,TX-200,CA,Supplier A,375,35,481,3.99,0.98
203cf187-1276-b81b-3472-3fb1987f4d50,2022-01-06,TX-200,FL,Supplier C,232,15,292,3.7,0.81
e6f508ac-2a1e-e365-9dd3-489ffc0fb318,2022-04-28,TX-200,NY,Supplier E,298,28,391,3.88,0.19
5c82656b-c2a8-f156-cdf7-3e048c222e72,2022-12-14,TX-300,CA,Supplier C,225,17,286,4.43,0.65
b89f3e82-43ae-e44f-2271-2efe234e98c5,2022-10-31,TX-200,FL,Supplier C,239,23,313,3.97,0.98
02558c79-01c4-eac4-4ead-870a06df359f,2021-01-30,TX-500,NY,Supplier B,243,23,316,3.45,0.71
87ef50a0-1dc3-8c12-72c9-23c0215cbd08,2020-01-08,TX-100,CA,Supplier D,212,26,281,3.17,0.57
93a8714a-69b1-b097-e1d6-b92bd614ec85,2023-06-28,TX-300,TX,Supplier A,338,28,431,4.27,0.33
fba6d31d-81d7-c127-e426-7778a8952265,2020-01-09,TX-200,TX,Supplier C,186,13,235,3.17,0.14
b0ade6f9-a250-da3d-c00b-d2a08b7541c4,2022-10-28,TX-400,IL,Supplier A,277,12,343,3.97,0.91
b31830da-e445-09db-57f6-004cc991cc49,2022-09-30,TX-200,CA,Supplier E,264,18,335,4.26,0.14
30cfb729-722f-5c96-6587-1ca99b8e8915,2021-12-14,TX-300,IL,Supplier B,192,16,243,3.84,0.14
404eec7f-f79f-11c2-b244-ddac10a94853,2021-10-09,TX-100,FL,Supplier B,224,15,289,3.51,0.59
18fc0bb9-2c1f-ca64-f508-7c8a2e8e946f,2023-03-12,TX-400,TX,Supplier A,299,26,391,3.74,0.31
c8111f84-1aa0-a7cf-baab-1743b15965fe,2022-12-15,TX-400,FL,Supplier B,195,16,256,4.43,0.99
3ecabb23-d35a-d44d-c4a2-ef8e9dcae02e,2020-11-14,TX-200,CA,Supplier A,258,19,325,3.1,0.33
1c78889e-5815-4419-c950-9518b2383415,2021-07-24,TX-100,TX,Supplier A,304,13,377,3.79,0.78
b67fca3f-1f99-7187-3b21-379fd8b0535b,2021-07-18,TX-200,IL,Supplier A,312,22,389,3.79,0.29
a244e398-6aed-bd25-3a71-6716ef0c0332,2020-10-17,TX-300,IL,Supplier E,248,11,309,2.74,0.14
3b5b52a0-ee40-dbdc-52d2-58cca2b3b036,2022-06-22,TX-400,IL,Supplier E,297,19,373,4.1,0.16
b6880854-6f7d-1c00-1e6f-768dfd51fd71,2023-09-18,TX-100,TX,Supplier B,317,17,404,4.06,0.96
ba8c2015-79f0-44cf-49c2-09f5a5dd8e9d,2023-11-07,TX-500,CA,Supplier E,267,11,328,4.32,0.23
943aa270-c0d1-3335-01ce-6c087797148e,2022-06-30,TX-100,NY,Supplier D,330,26,421,4.1,0.43
fc6c7d94-8861-f95d-6b28-4ed70ebf53ff,2020-05-05,TX-200,FL,Supplier E,322,17,400,2.99,0.04
7fa8bdfe-b180-921c-f3b8-9fcc42674f41,2022-08-02,TX-300,IL,Supplier E,267,18,340,4.49,0.92
baa055b2-9758-3e4f-ab0d-08b3d538302a,2020-12-05,TX-200,TX,Supplier B,235,16,299,3.4,0.85
0475f11e-048f-77ba-13bd-6ec97fb7f948,2022-12-23,TX-200,FL,Supplier E,197,15,248,4.43,0.42
4b3b4e9a-6b65-d2d6-0451-383dfaaa2b93,2021-03-14,TX-300,TX,Supplier A,252,23,325,3.96,0.57
5c4cd32f-6cba-ee45-849a-70e1b15abc08,2021-12-06,TX-300,FL,Supplier B,188,13,239,3.84,0.23
c8b4b2b5-4b84-0a78-0fa4-152d0be91f66,2021-06-11,TX-500,IL,Supplier B,409,27,513,3.5,0.59
f76d3589-53ad-ba8e-6acd-a29481ab73eb,2023-11-10,TX-400,IL,Supplier B,249,17,317,4.32,0.38
f0879967-9e0b-ec35-aa84-50c031a4a897,2021-04-10,TX-400,TX,Supplier B,342,22,423,3.68,0.17
56ac6e5a-2924-468a-3552-c2b2efc1e875,2021-05-22,TX-200,IL,Supplier C,330,24,423,3.79,0.49
7207df3d-0a64-6dad-bf7e-241909a59a27,2021-10-29,TX-300,NY,Supplier B,190,16,240,3.51,0.1
8420be1a-f29e-193c-23d7-1f1741aa5260,2020-06-22,TX-300,NY,Supplier C,292,22,374,2.68,0.96
3c9ed04d-7d75-6468-94b6-a83814186ea6,2021-06-15,TX-100,NY,Supplier E,278,16,347,3.5,0.53
4962227c-3eeb-acaa-9af9-0c5c24dc38cd,2023-05-22,TX-500,TX,Supplier D,359,29,456,4.14,0.33
d7719e6f-eae8-813c-c10e-336631cf6fae,2022-07-13,TX-200,NY,Supplier E,321,11,395,4.71,0.32
f63bbc47-8047-c534-6d5e-bbff40dc0656,2022-10-21,TX-200,FL,Supplier C,222,15,281,3.97,0.85
c05308e8-d7af-f24d-a835-4fcbdee74acb,2022-10-18,TX-400,TX,Supplier B,298,31,392,3.97,0.61
2b1a44f5-d0dc-440d-bf12-90c53fbf3af2,2023-05-30,TX-100,TX,Supplier C,345,34,454,4.14,0.38
91229513-d2af-8269-4a37-af45c3237894,2023-03-18,TX-100,TX,Supplier C,270,18,348,3.74,0.89
223a6b42-00e8-c6ec-38a3-0d27265f1ca7,2020-09-16,TX-200,FL,Supplier C,278,24,352,2.91,0.14
181e284e-c7d1-703d-a199-37ec86a9710e,2022-06-16,TX-400,IL,Supplier B,345,31,441,4.1,0.85
56f7282a-e982-72bc-91e1-5246655cf814,2020-02-08,TX-400,TX,Supplier C,262,27,340,2.91,0.16
c9a6f805-664a-3ff1-96bf-bd66fbac505b,2023-05-20,TX-300,FL,Supplier A,323,20,406,4.14,0.93
e71e25b9-abac-49bf-c2db-b59599097ffa,2021-08-28,TX-300,FL,Supplier E,257,18,326,3.77,0.35
394ab6c8-2c10-4414-f0bb-031a8659b9dd,2020-09-04,TX-500,IL,Supplier C,289,14,362,2.91,0.8
783f1b5e-bd7e-9031-6d0a-362b56ac1fe9,2022-06-22,TX-200,NY,Supplier B,326,29,419,4.1,0.16
3149eb4c-5fcb-0abc-3b3b-1d324759e6ce,2021-11-05,TX-100,TX,Supplier D,251,33,330,3.9,0.1
09fd54ba-feed-d531-9384-8dc67a796b85,2022-01-06,TX-300,IL,Supplier B,199,6,246,3.7,0.81
1b5c1c8a-85c6-e513-b8bc-02d6bcfd6825,2021-06-17,TX-500,CA,Supplier E,392,20,490,3.5,0.4
af071d89-9692-6bb3-182b-a40ad0e8b5de,2021-01-10,TX-200,CA,Supplier A,208,7,257,3.45,0.8
239d94c9-9859-c041-90ae-9046d96f4eb2,2021-03-31,TX-500,TX,Supplier C,315,36,408,3.96,0.8
50cdf256-1c67-57a1-2b9d-ce612e8cc221,2023-08-30,TX-200,IL,Supplier E,279,14,353,4.06,0.3
dc8d728e-c296-c1da-ae40-33e159ae6d82,2022-04-03,TX-500,FL,Supplier A,356,19,449,3.88,0.38
9bd0b3d9-c2cd-5497-9a6f-4388b558f608,2020-10-26,TX-300,FL,Supplier C,227,21,292,2.74,0.1
75990d38-86e0-5d22-698d-168a7d768fad,2022-04-08,TX-100,CA,Supplier E,313,15,389,3.88,0.61
e87e7204-5cb3-4dd4-755c-9a810a57243e,2021-10-11,TX-400,NY,Supplier E,211,10,260,3.51,0.3
2dd3a89f-fd6e-3f2f-1886-676ec1669401,2022-06-06,TX-100,FL,Supplier D,302,21,386,4.1,0.12
14c6394d-4392-7614-ed75-f531b6f81e0e,2021-02-15,TX-400,FL,Supplier D,213,24,280,3.82,0.15
b4f7e890-6ff9-7cd8-0d33-6c0f5cfec081,2021-12-02,TX-500,CA,Supplier A,282,21,359,3.84,0.32
9d6248b2-9609-9205-6ebc-812502203ea0,2022-06-13,TX-200,TX,Supplier D,365,39,479,4.1,0.45
87121751-fa5f-c60c-f36d-a3df61e9f167,2023-03-01,TX-400,TX,Supplier B,297,18,378,3.74,0.05
4fcbc2ff-d699-767d-8e3e-743ff41249ec,2022-05-21,TX-100,CA,Supplier C,382,26,490,3.99,0.85
49fe31e8-7680-50a4-df4d-32d50b04af1f,2021-07-16,TX-400,TX,Supplier E,380,15,479,3.79,0.97
0c8398dc-98cf-b4a8-6234-afd04348d8ce,2022-05-31,TX-400,FL,Supplier C,337,22,419,3.99,0.37
a9255388-b833-ad33-88cb-aa4b8a80dc39,2020-10-08,TX-500,CA,Supplier D,350,27,446,2.74,0.2
c4517501-492d-d8d7-63e4-ee159056576a,2022-10-17,TX-500,FL,Supplier A,299,21,382,3.97,0.88
9ef4c007-3701-01e2-ffc7-4e516b019d36,2022-05-28,TX-100,NY,Supplier E,310,17,390,3.99,0.58
5f4da436-f6ec-4032-ece8-8033fd85946d,2021-05-19,TX-400,FL,Supplier B,376,29,475,3.79,0.04
86679965-2f6a-78e2-7ce5-cd33491f7ff4,2022-08-26,TX-500,FL,Supplier C,355,23,444,4.49,0.04
d704fc67-67e2-f581-b9f4-ab898477f438,2023-03-26,TX-400,CA,Supplier E,286,14,351,3.74,0.22
cbb92a13-00a8-ae06-52d3-9580ad436443,2021-03-27,TX-500,NY,Supplier A,253,11,315,3.96,0.89
cbcae9a1-9566-3138-5dcc-9db3af4ab1c3,2023-08-02,TX-100,NY,Supplier B,277,26,359,4.06,0.16
fa4378a8-01f0-4a2e-c343-ea0becb7ca17,2022-08-13,TX-300,NY,Supplier B,318,31,416,4.49,0.39
483f60a2-58c7-85ec-d099-4b1a2210918d,2021-05-13,TX-200,IL,Supplier C,286,21,361,3.79,0.76
6820b230-d54a-79bd-0a1e-af17bff419d4,2023-04-05,TX-300,IL,Supplier C,290,22,371,3.94,0.86
a403b6cf-7b23-6462-1cad-3709d14088f4,2020-08-08,TX-400,NY,Supplier E,337,24,428,2.82,0.06
8b18a647-c8b0-cf39-9163-d3bd175d6817,2023-02-17,TX-500,NY,Supplier B,214,13,272,4.02,0.98
eddc2f64-13e1-1c60-0033-a4bdd925fdd1,2020-11-05,TX-500,NY,Supplier E,223,18,283,3.1,0.6
49050a0c-2ffa-8c51-2507-0d65b3df0c9d,2023-11-01,TX-400,CA,Supplier E,315,15,396,4.32,0.8
114dfce0-5374-0ad2-f8ef-68e8e110cb59,2020-10-14,TX-400,CA,Supplier E,286,12,349,2.74,0.73
fab282f2-11d2-c8a2-610b-8547356029e9,2023-08-27,TX-500,NY,Supplier D,328,22,410,4.06,0.96
6ddec331-75f6-59e1-286c-31cdf101f208,2022-05-19,TX-300,FL,Supplier B,288,18,359,3.99,0.55
83fc9792-41fd-f487-e40c-72f44a551051,2022-10-01,TX-100,IL,Supplier E,235,14,297,3.97,0.28
079ebf58-2b9f-f404-cd57-d06da902f642,2022-02-07,TX-200,IL,Supplier B,203,21,267,3.6,0.62
7db5c31c-02fc-2e72-83f9-f12c126fd039,2021-01-30,TX-200,FL,Supplier D,215,14,272,3.45,0.71
9d458499-3022-3dd8-1bf4-52292e9075f3,2022-12-03,TX-400,TX,Supplier E,246,20,320,4.43,0.79
4cd5caf9-2fa2-38c8-bd09-0575e143a001,2022-08-12,TX-400,NY,Supplier B,311,37,413,4.49,0.63
51965315-f0bb-5d60-995e-2164826025a9,2020-09-01,TX-300,NY,Supplier B,260,15,326,2.91,0.84
d05248f0-8095-5470-3e58-6b0acc8244a9,2020-11-27,TX-300,CA,Supplier E,217,11,268,3.1,0.94
bb3dacf4-80bf-b8cf-ae28-948cabc4a95b,2021-04-09,TX-400,FL,Supplier E,266,18,330,3.68,0.33
b22e989c-898d-c9b0-35f1-60bbbafce0ee,2021-09-20,TX-400,NY,Supplier B,298,30,389,3.71,0.13
cb9aa297-1d04-7057-7294-c2ab7d1d708e,2022-03-16,TX-500,CA,Supplier E,334,21,418,3.78,0.47
7aeaeac7-afe5-44aa-d1b2-b630059d58e8,2023-09-13,TX-500,TX,Supplier C,318,31,412,4.06,0.06
b4d91e67-5972-42f5-2393-197a9ae1512e,2020-02-07,TX-500,CA,Supplier D,232,17,299,2.91,0.46
71b94384-50e4-7e11-5042-599c9622137c,2022-03-01,TX-500,TX,Supplier C,303,14,381,3.78,0.01
edbe6a5c-05d2-20eb-88de-8409e33c4346,2022-08-14,TX-200,TX,Supplier D,392,26,502,4.49,0.92
8cbe605c-5b1c-2066-80cf-e507e0d2bb76,2023-10-31,TX-300,IL,Supplier E,260,7,318,4.1,0.2
f029e2f9-9c15-0a79-14d8-0e5d8b725c0d,2020-08-16,TX-200,FL,Supplier A,303,14,376,2.82,0.88
cc5ed088-4191-8c62-b0fe-cb86fbd77ce1,2022-02-23,TX-500,FL,Supplier E,242,13,303,3.6,0.73
d6382309-5a2d-3dde-1c65-776660ef5566,2020-09-08,TX-100,CA,Supplier D,301,20,381,2.91,0.13
5aeac559-f572-45eb-2992-56097e149dc8,2023-12-11,TX-500,NY,Supplier C,210,15,266,4.33,0.06
0ad91c28-7934-1ddd-5810-a584bf0e2bc2,2023-05-20,TX-300,IL,Supplier C,356,25,454,4.14,0.93
7f189e3d-89f3-7713-57ca-d3dd2681e88d,2023-06-26,TX-100,CA,Supplier A,353,22,445,4.27,0.01
7b2a1ce8-c207-99f1-6acb-469e160fdc62,2020-01-11,TX-100,TX,Supplier B,193,15,250,3.17,0.67
29f27a92-119c-4025-f310-22ff4836bda7,2021-03-22,TX-100,IL,Supplier D,206,19,260,3.96,0.43
c24443f5-03dc-5925-2591-6cc33bcdc85d,2022-04-06,TX-400,CA,Supplier C,343,25,436,3.88,0.39
4bf44673-78e5-7e9f-9027-ff74cdaf3481,2021-03-23,TX-200,FL,Supplier A,303,18,383,3.96,0.63
242dd4be-8ddb-0da5-14f1-b1164c87cbe8,2021-06-19,TX-400,TX,Supplier A,427,30,551,3.5,0.63
01de5436-916b-c386-b4ce-fb2ff99a6073,2020-02-21,TX-300,NY,Supplier B,215,12,269,2.91,0.7
c1472fa4-8950-b5fc-2215-b245bf4c4218,2021-09-12,TX-100,CA,Supplier E,289,19,364,3.71,0.14
2df0c974-62ad-7c25-9f1d-8df2ae9d3d3c,2023-04-16,TX-400,NY,Supplier B,303,24,393,3.94,0.11
919f1537-0501-8195-7cfa-18221ec555ed,2021-02-28,TX-300,IL,Supplier C,233,15,290,3.82,0.28
372405bb-3358-ba8e-f53f-f04f2d8d31ae,2022-08-16,TX-100,CA,Supplier E,375,27,480,4.49,0.73
9810d845-21cf-2946-413c-5db5c032b4a7,2023-09-16,TX-100,NY,Supplier E,256,13,321,4.06,0.19
82761b28-852f-5f68-5ef1-b2341b7e773d,2023-07-11,TX-300,IL,Supplier E,340,16,421,4.02,0.59
cee792a5-27d4-54f2-bfcc-845ff589652d,2023-12-13,TX-500,FL,Supplier A,278,31,362,4.33,0.65
cacecf1e-728a-fe28-0e1c-95afb267a873,2023-09-25,TX-100,CA,Supplier A,275,12,339,4.06,0.94
de5679d9-acf6-23b9-3108-44382df3fddb,2020-10-27,TX-200,IL,Supplier B,196,16,255,2.74,0.62
60a9d375-1b67-50c8-7b47-adc35539bc09,2020-11-05,TX-100,CA,Supplier E,232,21,300,3.1,0.6
908b09d8-4384-913e-fd69-3cafba07ea36,2020-09-17,TX-200,IL,Supplier D,299,17,373,2.91,0.48
cbd1c156-fd97-13a3-a4cd-cd3931797e30,2022-05-16,TX-100,FL,Supplier E,263,11,333,3.99,0.07
cd72900a-1b29-1acb-0ac9-4fb04b7f13e3,2021-02-25,TX-100,NY,Supplier D,185,21,241,3.82,0.47
a5154879-a40f-917f-5e38-f67d5c2200a3,2021-12-15,TX-200,CA,Supplier C,246,17,311,3.84,0.92
ba7fa8da-0bdc-f13f-196e-d1642748a7ae,2022-11-05,TX-300,CA,Supplier A,268,16,337,4.13,0.46
d3ecdd5f-1a0b-1572-90dc-17aa6a36d7bb,2020-10-04,TX-500,TX,Supplier B,350,19,433,2.74,0.53
294b7598-6cd2-ae4c-a755-9e63b48b534c,2023-06-28,TX-400,TX,Supplier E,357,20,441,4.27,0.33
a3a20efd-b4e9-9ae1-3973-deb1d980b114,2022-01-29,TX-200,FL,Supplier A,232,22,303,3.7,0.99
2a8012e0-ff4f-da37-09a7-7be867b9104a,2022-07-16,TX-200,CA,Supplier B,339,32,436,4.71,0.4
6ef2dad5-07f0-ad92-7407-9b49e17f5db1,2023-05-28,TX-300,FL,Supplier C,300,24,385,4.14,0.32
6bd0603c-aab1-52a0-3c8e-c6faba9990de,2023-01-12,TX-400,CA,Supplier A,218,13,271,4.33,0.0
50e5002e-97c7-4aac-2c7b-78daf437c087,2023-12-06,TX-500,CA,Supplier D,237,20,304,4.33,0.05
b8afbee6-0809-1c65-b34d-3cccd9904348,2021-09-26,TX-500,TX,Supplier E,305,27,398,3.71,0.63
cd27d87a-b5b6-2c1a-915d-cee109528c62,2020-10-29,TX-300,IL,Supplier C,248,17,315,2.74,0.56
24b50816-2bfa-5169-31a6-85189c068118,2020-11-27,TX-200,IL,Supplier B,180,15,230,3.1,0.94
d261130d-fd25-aa9a-4e90-e617facfcd61,2020-09-29,TX-400,TX,Supplier D,256,23,332,2.91,0.33
a2805dd8-4c6d-be09-afe2-fe70a6d51de9,2022-05-09,TX-500,TX,Supplier B,418,28,534,3.99,0.29
b07c30fa-37b8-3cb8-002c-d751c0b19cbf,2020-06-19,TX-400,NY,Supplier B,357,32,462,2.68,0.3
c1c46fdc-7aa3-6090-272f-6532989d7f74,2021-03-05,TX-200,IL,Supplier B,225,14,281,3.96,0.41
96f7ff92-dbce-649a-1537-598c95846fb3,2022-05-04,TX-500,CA,Supplier C,434,30,547,3.99,0.96
844e9edd-b195-c583-3e57-2fe6afbd15cb,2022-02-11,TX-100,NY,Supplier E,183,7,227,3.6,0.29
3b649212-a2c1-f5fa-fc47-e5b3a9f92875,2020-02-03,TX-100,TX,Supplier A,224,19,288,2.91,0.17
afa53831-4304-b23c-c7d8-531348282c2d,2020-12-22,TX-300,NY,Supplier B,184,15,235,3.4,0.28
f3cd1a04-8c99-46e2-f88f-ba3c5426e1f0,2020-08-07,TX-400,FL,Supplier A,348,22,440,2.82,0.02
dddf6faf-bf18-32ff-80af-46f3f7018ae7,2020-03-08,TX-400,NY,Supplier E,225,7,272,3.22,0.72
f4e6955e-34be-b77d-c261-6740ea8b8ca1,2022-05-29,TX-100,FL,Supplier A,326,28,417,3.99,0.74
6d2d18f0-b829-fa75-5c00-5fae6b1f5e6c,2021-08-16,TX-300,IL,Supplier C,296,31,387,3.77,0.23
ff74f09a-df71-b4c1-c0a6-376d6703b4e3,2023-09-18,TX-500,NY,Supplier C,337,25,420,4.06,0.96
977bca89-cea9-6c52-be58-ac042a83c213,2020-07-07,TX-200,CA,Supplier C,355,44,473,2.82,0.02
0d9dabaf-9d32-b174-3916-aab4cd58e535,2020-02-29,TX-200,CA,Supplier B,256,24,329,2.91,0.9
a0798ff8-c3f7-f0e1-ead8-877fda3a321e,2020-03-28,TX-100,NY,Supplier B,200,18,256,3.22,0.48
d6af26d1-fd59-8fcc-d993-f6f5ad1a047c,2022-08-12,TX-400,FL,Supplier E,347,21,441,4.49,0.63
b23042d9-4b8c-396d-2505-d77473f5e2ec,2021-10-22,TX-500,FL,Supplier C,295,23,372,3.51,0.99
1798c616-8568-0dea-35c5-75a16a28060d,2023-09-25,TX-500,NY,Supplier D,332,24,422,4.06,0.94
64a4ef9e-38c5-e10e-223e-f7b03de9d893,2023-03-25,TX-500,NY,Supplier D,263,19,334,3.74,0.06
031a3608-4514-e939-e915-33e5d9929253,2023-11-10,TX-300,NY,Supplier E,184,5,226,4.32,0.38
dbb1fd16-894e-0786-98f0-bb7b65a76943,2022-12-06,TX-100,IL,Supplier A,214,19,276,4.43,0.66
64b01794-729a-b115-1256-770ba117f814,2023-02-09,TX-100,IL,Supplier D,208,15,267,4.02,0.82
08dc719c-e7ae-99f3-a664-d76dad425126,2023-11-30,TX-200,IL,Supplier D,206,12,258,4.32,0.48
4415f997-9b9c-9b93-b661-b6f6c57a4ff5,2023-02-22,TX-500,NY,Supplier A,260,21,334,4.02,0.29
b6befc4d-896d-e2d7-5b85-6c9980d7fd9a,2020-10-03,TX-300,FL,Supplier A,290,26,372,2.74,0.8
d5d3e854-e8c6-cc25-8a5c-fea36a29a349,2022-02-25,TX-500,CA,Supplier B,252,16,315,3.6,0.76
10d79cb7-9912-8eda-93e8-5de73e709895,2022-04-29,TX-300,TX,Supplier A,331,35,429,3.88,0.52
cd9d7293-1046-ea68-8dd5-b39fde742add,2020-07-06,TX-500,IL,Supplier C,388,26,491,2.82,0.78
78fbc596-a0a2-91fd-8066-72362458361b,2020-12-26,TX-400,NY,Supplier D,200,18,262,3.4,0.67
9860efec-8549-993c-4a17-796147002f68,2021-01-23,TX-500,CA,Supplier A,238,13,302,3.45,0.75
c232fa8c-c998-bd63-14a5-58d7c39a7a4e,2021-03-23,TX-500,IL,Supplier D,243,27,323,3.96,0.63
ae3e9e80-f89c-9369-d9a3-90506220cb7a,2022-06-22,TX-400,FL,Supplier C,344,27,438,4.1,0.16
317d5f39-b262-a6fe-82cb-0d41f63342e8,2023-03-17,TX-400,TX,Supplier E,252,9,310,3.74,0.21
60b75899-90c5-cfde-c8ca-81a62400a674,2021-10-09,TX-300,FL,Supplier E,287,13,365,3.51,0.59
6bb729f4-d17e-5592-6474-ce3d98b67bef,2020-06-15,TX-400,IL,Supplier E,351,21,439,2.68,0.13
b83fd6ca-411f-2ea4-9e37-55c75cc7c6d4,2021-10-03,TX-400,TX,Supplier D,315,24,405,3.51,0.9
99dcdac4-7717-fcda-7e95-af94c9d89c1f,2021-11-19,TX-100,FL,Supplier C,195,13,246,3.9,0.39
3b68642a-81a2-e7bf-1d62-5880a08f5745,2021-10-08,TX-300,IL,Supplier B,222,28,297,3.51,0.74
68454cfc-ee54-3120-2e6a-dc06748a6aae,2021-04-25,TX-400,CA,Supplier C,318,25,405,3.68,0.69
7f2862a0-a033-097b-3494-666c4988823a,2021-03-30,TX-300,CA,Supplier C,265,18,335,3.96,0.52
008d213a-2e94-08f5-cff0-5c731e2513b6,2022-11-20,TX-100,FL,Supplier B,196,20,254,4.13,0.14
e65c2539-2ba6-5753-2a21-4c175d7f511d,2021-11-27,TX-100,CA,Supplier E,220,10,270,3.9,0.33
dfaac4f8-15c7-c143-8a9f-dd7e6502ffce,2022-03-03,TX-100,NY,Supplier A,222,16,280,3.78,0.52
4d0f0775-cb1e-ef3b-74ec-28b66545971e,2023-02-27,TX-100,FL,Supplier D,233,19,296,4.02,0.71
802feb73-e62d-4aeb-e6bc-d5ca0a0235c7,2021-11-26,TX-500,FL,Supplier D,227,22,296,3.9,0.49
49d9c6f1-6d98-59dc-b71a-5fe5b613a407,2021-07-23,TX-500,TX,Supplier E,407,24,524,3.79,0.04
85f28a68-611b-dabe-dea6-bf8dfb4a410c,2020-01-22,TX-200,NY,Supplier A,162,12,207,3.17,0.41
787cb1ea-6193-41ce-ccaf-303cede198ed,2022-01-21,TX-100,CA,Supplier E,220,12,276,3.7,0.32
05f9c6b0-f3ab-8a31-9fa4-9fab09e2a4e4,2023-09-30,TX-400,TX,Supplier B,314,39,413,4.06,0.9
52392224-427b-5271-d86a-bc8a39deac42,2022-06-03,TX-100,FL,Supplier D,350,28,445,4.1,0.77
0f374475-d85b-80a4-4696-471ab3a0b3b2,2022-01-08,TX-100,CA,Supplier A,233,11,287,3.7,0.8
9040811a-3b96-cd00-fe61-b073a4b2ab2a,2021-11-08,TX-500,FL,Supplier A,284,24,366,3.9,0.07
441b7a5c-0b31-185a-a9b0-f21104b63e6d,2023-08-07,TX-400,NY,Supplier E,309,13,377,4.06,0.46
b0398e83-7a6b-adf0-3131-912852082332,2020-04-20,TX-300,FL,Supplier B,291,24,370,3.56,0.11
042c8c1a-62ab-05d3-9b27-5ee5bb7d1309,2021-09-29,TX-500,TX,Supplier C,277,27,360,3.71,0.96
4f77eca1-058a-7aef-d97c-f9b43a8546b2,2022-09-04,TX-400,IL,Supplier A,352,29,447,4.26,0.37
704b2c6e-d59c-c087-eda2-1a21c8ef5153,2023-09-28,TX-400,FL,Supplier B,303,17,382,4.06,0.55
67873289-2cf5-2c3b-d585-c263c85f9e04,2021-09-04,TX-300,FL,Supplier E,330,21,419,3.71,0.19
bd452dd8-a4a0-bb04-07e3-123264bddbd7,2022-08-25,TX-500,CA,Supplier D,367,32,469,4.49,0.85
ebc06bde-7daa-d7fd-151d-4e58b141c084,2021-01-22,TX-300,FL,Supplier E,199,8,248,3.45,0.5
b7f32fcd-f229-3e7b-4084-3c07c9b674c6,2022-12-05,TX-500,FL,Supplier E,217,13,274,4.43,0.88
07ba6cb2-f621-86eb-f38d-60da638a32a7,2021-01-23,TX-300,IL,Supplier D,206,17,264,3.45,0.75
0a69e80a-6343-cda1-b90c-c60de6aa2e71,2022-08-01,TX-400,CA,Supplier C,340,33,439,4.49,0.21
34be5dde-1cad-e1b5-3f68-ca6349325dc1,2022-03-05,TX-400,FL,Supplier C,278,14,354,3.78,0.09
e121a9f1-76c7-8c04-d6b6-c1aafa74eb9a,2021-12-31,TX-500,CA,Supplier C,237,16,299,3.84,0.25
167af550-99ad-4325-e77f-7b1180b9533f,2021-11-29,TX-200,CA,Supplier B,249,18,317,3.9,0.78
6468e54a-9ec0-da3e-3e9b-b96dba3fa366,2022-11-15,TX-400,CA,Supplier D,299,31,390,4.13,0.17
ccd8f533-a708-0b4d-0640-b453acc7dca4,2022-04-28,TX-400,FL,Supplier D,340,34,445,3.88,0.19
ab3049e0-e84d-bbdd-db2f-f28193a950bf,2022-07-02,TX-200,TX,Supplier A,376,32,481,4.71,0.13
9340a5ec-0aca-2008-58c5-6cce94fe9955,2023-02-20,TX-400,TX,Supplier E,258,18,328,4.02,0.22
3519962f-2f17-89e8-aca9-1c5b7f9a60c9,2021-05-15,TX-300,FL,Supplier A,304,28,400,3.79,0.47
4b80a37e-f33b-de22-abab-bd37b7e3ff7d,2020-07-01,TX-500,FL,Supplier A,365,20,459,2.82,0.97
4f89846c-aacd-b48c-cd24-043271122d9d,2021-08-31,TX-200,NY,Supplier D,312,23,398,3.77,0.59
8de7bb71-5db8-7bf1-310c-e5e0a856c440,2022-12-18,TX-500,CA,Supplier B,225,32,299,4.43,0.1
40bcedbb-a38e-1dfa-bab4-c208de523d75,2022-04-17,TX-200,NY,Supplier C,281,30,366,3.88,0.13
09bb5c21-9409-18cf-fed4-7da449135e1f,2021-12-21,TX-400,TX,Supplier C,239,15,303,3.84,0.24
1c69e515-2fe9-8d15-4954-392909cb27f9,2023-02-21,TX-500,FL,Supplier A,270,29,349,4.02,0.66
6803822b-566a-c0a7-8c6b-7c9857071ac7,2022-03-19,TX-500,FL,Supplier C,272,23,353,3.78,0.38
f1231efb-f2a8-271a-ddb7-9c587c4eb844,2020-04-09,TX-100,TX,Supplier B,288,22,371,3.56,0.02
480ce824-0c87-b393-bcc5-736e8ca5463d,2021-04-19,TX-400,FL,Supplier E,307,13,382,3.68,0.12
7217b24d-ab28-471e-2b96-a63a5fde39c0,2022-01-13,TX-100,CA,Supplier C,210,14,265,3.7,0.08
593294dd-40b0-5100-2d14-d2d5ebdbf1e1,2020-05-11,TX-500,CA,Supplier C,367,34,470,2.99,0.89
a53b5cbb-0eaf-8d25-803b-a6bbd28a916d,2023-12-03,TX-100,CA,Supplier C,256,19,325,4.33,0.59
ed5489e5-b3ee-ae2e-53c9-158fc2e8ac9b,2020-11-30,TX-400,CA,Supplier C,238,18,305,3.1,0.38
52e3c3d6-33ce-a168-f9c9-5c506b80206a,2021-09-09,TX-200,TX,Supplier A,342,24,430,3.71,1.0
73ec15da-2e4a-b0e6-1e35-bf3dda772789,2020-08-26,TX-400,TX,Supplier A,296,15,367,2.82,0.52
00e45327-2574-4415-d773-cdbb7d2a38b2,2020-04-15,TX-200,CA,Supplier B,362,21,454,3.56,0.67
afdc36e3-ad71-f2a9-9be9-9af1ac15cb72,2023-01-14,TX-100,FL,Supplier B,218,11,272,4.33,0.77
b6f38840-c7c5-6643-bb85-e01faf339f9f,2022-09-30,TX-100,TX,Supplier A,235,23,307,4.26,0.14
a3f6d665-84fb-39f4-0a34-7760aaad34ed,2022-05-08,TX-300,FL,Supplier A,292,18,374,3.99,0.25
b665924b-9759-9649-c116-65052f7260b4,2022-07-28,TX-400,IL,Supplier B,366,21,460,4.71,0.79
5e8e6316-84d3-42a8-caf0-cd4cc8431cd6,2020-11-15,TX-300,NY,Supplier A,194,17,252,3.1,0.9
7bdd6c79-5db4-07d5-cb8f-af8873a59c6a,2021-06-27,TX-300,FL,Supplier C,359,24,456,3.5,0.6
781e80c4-89a5-0ea8-040b-8f37402a84b2,2020-09-09,TX-400,CA,Supplier B,290,20,365,2.91,0.54
0449c216-d236-6c52-770a-9222ba33d6a3,2023-05-12,TX-500,IL,Supplier A,305,20,387,4.14,0.1
d0af1f81-744e-2cbe-d45c-23de3b4f0f22,2021-12-01,TX-100,TX,Supplier B,199,13,256,3.84,0.26
0f97d658-348c-3c5f-b7ad-5bee4f7dabd4,2021-01-18,TX-100,CA,Supplier A,231,15,294,3.45,0.84
7899aab2-4e93-6a42-30d2-a8c4b7a2e6bb,2020-06-22,TX-500,FL,Supplier A,375,28,472,2.68,0.96
ec7bd8d2-4723-5589-3701-5da48cf06e3f,2021-10-05,TX-300,CA,Supplier C,269,21,345,3.51,0.33
c93e421e-b476-a922-1270-0612064f28a5,2020-10-05,TX-200,NY,Supplier C,205,11,254,2.74,0.63
ee6c6514-3504-ed55-4799-82d5c60f24ee,2020-06-29,TX-300,TX,Supplier D,351,27,443,2.68,0.14
7c0f8969-f0ac-170f-29e5-dd25a27ca13b,2023-04-09,TX-500,CA,Supplier A,316,20,403,3.94,0.36
17ff147f-1d5b-2df0-8785-b564d0d84fd0,2023-01-06,TX-100,CA,Supplier E,211,11,266,4.33,0.88
de87203f-d385-084b-298e-b21e09646bc2,2021-05-20,TX-100,TX,Supplier C,365,21,456,3.79,0.23
03e55a70-6c80-740a-e721-220fa2771cf3,2023-11-17,TX-400,TX,Supplier B,257,24,339,4.32,0.43
57bc7d8b-f5ee-6a85-db33-d0e9322c8b1b,2023-02-08,TX-100,IL,Supplier B,219,18,280,4.02,0.18
0fb3151d-c627-0794-04c6-190a796d368a,2021-02-28,TX-400,TX,Supplier D,242,30,318,3.82,0.28
10e5ba3f-6067-e878-2c59-9822eb328f13,2022-04-25,TX-500,NY,Supplier E,275,11,343,3.88,0.88
2b588d5e-6d9f-058d-9430-88b1b8b9e6af,2022-09-29,TX-500,FL,Supplier E,316,18,395,4.26,0.28
f2f35956-71e2-cb3f-2ebf-998b11050b30,2020-10-18,TX-400,IL,Supplier D,259,19,331,2.74,0.96
2d4a7e6d-a89f-044f-2f8d-d53756558d0b,2022-04-15,TX-300,TX,Supplier D,315,27,399,3.88,0.38
830d4c3c-cb58-1eee-a864-13647e3b483f,2023-12-17,TX-500,IL,Supplier D,229,10,288,4.33,0.86
b0ee2de8-06c5-4cf4-0c6d-26e369b8bbb2,2023-05-30,TX-400,IL,Supplier D,339,35,440,4.14,0.38
15b709e1-cd51-9e8e-aa0c-edafdee06e82,2021-09-30,TX-300,CA,Supplier C,257,18,334,3.71,0.75
d47a974b-8ba2-922a-1c6f-085dd56dda9e,2023-11-25,TX-200,CA,Supplier C,270,29,352,4.32,0.52
79e4ffa5-cdf9-65e3-15c5-e23382cd7c49,2020-08-29,TX-200,FL,Supplier A,273,18,341,2.82,0.05
96b0703d-0c15-66e9-84e2-b9f4e033817d,2023-09-27,TX-100,TX,Supplier B,321,28,411,4.06,0.8
bb98995b-bea5-866c-9f19-65f686bae0e8,2021-09-18,TX-100,CA,Supplier C,282,21,360,3.71,0.92
1481d05c-c8fb-47bc-bed6-4a0319f4c11b,2022-11-12,TX-300,NY,Supplier E,198,11,249,4.13,0.22
6d59688d-5d5d-b5d9-ff38-fa11007e0d49,2022-12-01,TX-400,NY,Supplier A,183,13,235,4.43,0.07
b72a3dea-5e29-a957-5859-87dd76b9d9c8,2022-05-22,TX-100,CA,Supplier E,380,27,480,3.99,0.62
b9b3e728-e51e-01ee-f1a1-4184f1b5ce5b,2020-12-05,TX-300,TX,Supplier C,216,20,281,3.4,0.85
d68f868f-ef91-c3e3-16ac-006b15557e89,2020-11-13,TX-200,TX,Supplier D,245,20,315,3.1,0.67
764fbab5-279e-d5a0-1fcc-9bdf164c9aad,2023-02-20,TX-100,FL,Supplier E,250,20,315,4.02,0.22
d5230ba4-399d-9821-4a03-fab0627c7c44,2022-09-21,TX-300,FL,Supplier B,251,19,316,4.26,0.02
8c2e996e-3a43-a80b-e54a-4dff38c81d02,2021-01-04,TX-500,CA,Supplier B,240,18,302,3.45,0.91
1c32ec5e-9851-ebd9-9e6f-dff49f5ca792,2022-06-01,TX-100,FL,Supplier B,279,24,353,4.1,0.4
a68575cf-1441-aa6e-fc31-ebdd9379ac6a,2023-02-24,TX-500,CA,Supplier B,266,21,336,4.02,0.57
d9a5e910-33ea-ab19-c086-5acb4e27f752,2022-03-16,TX-400,IL,Supplier A,281,21,360,3.78,0.47
f366e486-b938-a98a-229a-4b2ad44408a3,2021-10-04,TX-300,IL,Supplier A,214,19,273,3.51,0.24
b1f1b503-aa25-46cc-68ce-fec27fe86159,2023-08-17,TX-100,IL,Supplier D,336,31,438,4.06,0.97
c3d3b217-e637-34c5-b338-c26134ed857c,2023-10-06,TX-300,IL,Supplier B,264,24,343,4.1,0.36
63f45710-dabd-5e23-2769-d0116a202067,2020-01-23,TX-200,NY,Supplier E,183,10,226,3.17,0.85
e852e777-5fbb-38e9-4e61-a7bb2bb20960,2020-07-30,TX-400,IL,Supplier B,286,26,369,2.82,0.82
fc614ff8-51fb-d786-39c3-cf0b45f7d595,2023-09-07,TX-400,NY,Supplier E,305,18,382,4.06,0.16
eb805b32-b3b4-d580-6c79-ed10e0447a50,2020-02-19,TX-200,FL,Supplier E,198,10,246,2.91,0.96
33995659-8c88-ff54-ceea-dd5d28ea2725,2020-03-15,TX-300,FL,Supplier E,246,13,310,3.22,0.04
7974b332-bf01-4c6f-1583-f6706afa3b06,2020-06-19,TX-400,FL,Supplier B,393,28,496,2.68,0.3
20087450-8e70-da9d-d282-48c25eaef973,2020-12-03,TX-100,IL,Supplier E,181,12,229,3.4,0.95
d3a7b424-2a8a-6d8d-e4de-a018b4c1a82b,2020-08-11,TX-200,CA,Supplier A,379,26,482,2.82,0.59
a029402a-d390-bdd7-f13c-6d74b81b633c,2021-06-07,TX-100,IL,Supplier D,314,30,408,3.5,0.77
da4ff1f1-8fd8-5e79-e618-c4d49a6f8450,2022-11-08,TX-400,NY,Supplier A,249,21,321,4.13,0.29
3b5e06d8-2150-fd45-198e-b1ff05e72efb,2023-02-12,TX-100,NY,Supplier D,185,15,238,4.02,0.14
e9f4927b-8c02-2e52-eb2c-d7518dedf371,2023-09-21,TX-100,IL,Supplier C,231,13,290,4.06,0.71
ace20961-3664-bd3e-9750-1f90dd170e78,2023-01-23,TX-500,TX,Supplier A,251,12,315,4.33,0.82
e450d4da-c5a0-5684-6915-7203cb3f4515,2023-03-21,TX-300,NY,Supplier C,267,20,338,3.74,0.89
9f0bdea3-f24a-9a7c-36b8-1412fc3fcac7,2020-04-01,TX-400,NY,Supplier D,266,21,349,3.56,0.49
7190c397-8542-db01-2f38-182318010693,2022-11-01,TX-300,FL,Supplier C,208,15,266,4.13,0.74
780ffb55-89b6-2e36-f591-d2d15ba9dfb1,2022-01-27,TX-100,NY,Supplier C,207,13,258,3.7,0.17
21017105-1cc2-c8d5-0183-87e4b03178d0,2023-02-11,TX-500,FL,Supplier B,290,24,365,4.02,0.99
92d2ea8f-0bb8-8042-d588-c9f1d9e02e8d,2020-11-19,TX-400,NY,Supplier C,199,15,253,3.1,0.31
2a7a75d5-fcfb-dc8b-7924-b5ee4f563bbe,2023-04-17,TX-300,TX,Supplier C,303,29,390,3.94,0.12
7afff9d6-8482-b745-afdb-06ca6beebaf2,2020-08-09,TX-400,IL,Supplier E,313,19,400,2.82,0.17
fd2ddcee-8ffd-e884-ec27-86768ddfd5ae,2020-03-11,TX-200,IL,Supplier D,252,23,329,3.22,0.58
c0a6480a-a3d9-c567-a04d-ff7da98cd2a4,2020-07-18,TX-300,NY,Supplier C,294,19,370,2.82,0.43
c6bc4a72-0bc2-b928-ec90-ca63ddb82163,2020-11-18,TX-200,TX,Supplier E,247,17,316,3.1,0.36
8bfd06b7-4627-3876-4c38-1c1598be4ca8,2023-05-24,TX-300,CA,Supplier A,317,34,417,4.14,0.57
6b39b7ef-6f8d-9cfc-ea57-c058eeb4a8ad,2023-07-06,TX-100,IL,Supplier A,300,22,380,4.02,0.54
ea562303-1518-14a0-a19e-60d038d6a1cd,2020-04-24,TX-500,IL,Supplier D,349,30,453,3.56,0.55
6521a620-6f95-722b-c62b-fe7a6ba7e98b,2021-02-05,TX-200,CA,Supplier D,231,16,293,3.82,0.88
479127a0-7b3e-6ab8-897e-e442cd229177,2023-04-15,TX-500,IL,Supplier D,302,22,384,3.94,0.1
54cc549a-0ff0-3908-170e-37b1ff6abbaf,2021-07-22,TX-200,NY,Supplier B,285,24,364,3.79,0.12
40e7eb3f-bc78-074f-9904-8f160a925c4f,2023-03-25,TX-500,FL,Supplier E,312,11,383,3.74,0.06
0373233b-748e-a717-4cc4-0e2508140a2f,2022-01-15,TX-200,IL,Supplier D,203,16,261,3.7,0.35
8bea5448-3889-89f5-935b-0c854344f829,2021-12-03,TX-100,FL,Supplier C,199,13,247,3.84,0.24
b32cdc83-be83-ea21-de28-fd684e5db04f,2020-12-15,TX-500,NY,Supplier C,214,18,274,3.4,0.44
fe852227-a38a-d68f-eb6b-9aacfedeb88b,2020-10-02,TX-100,NY,Supplier C,223,21,289,2.74,0.65
22ec6b80-b078-3ce3-131b-85d738c27b16,2021-01-28,TX-100,FL,Supplier C,177,12,225,3.45,0.19
cd7ee923-9c8e-95ad-8f35-8c104ab9aeaa,2022-01-13,TX-300,TX,Supplier A,233,12,291,3.7,0.08
f4a68189-166f-6b4c-62ae-85d34b71555d,2023-07-08,TX-100,FL,Supplier D,380,36,494,4.02,0.96
74a71169-9857-8f51-9a2b-574113849caa,2022-02-18,TX-200,TX,Supplier D,282,18,354,3.6,0.25
75b1b8ad-5d9a-972c-0819-7cfcb5a4c1d4,2021-01-23,TX-400,IL,Supplier B,227,13,285,3.45,0.75
891ea5ee-c561-bc8a-1266-176d2bc17cf9,2022-08-10,TX-300,FL,Supplier C,324,27,421,4.49,0.13
ff63c8fc-e673-2bab-0fee-1ba3e1732564,2022-07-02,TX-200,FL,Supplier E,309,19,393,4.71,0.13
24bad07f-25df-3cc9-a98e-6fa5d1f39512,2023-06-28,TX-200,IL,Supplier E,390,16,478,4.27,0.33
b16aa3ae-42d0-dae5-c39b-f4ad950af1f0,2023-07-18,TX-400,NY,Supplier C,302,16,376,4.02,0.98
dd36c33e-1cf3-ed11-ee26-2b6c5f2f722f,2022-05-08,TX-400,TX,Supplier A,383,35,492,3.99,0.25
5b6af4e7-fe2d-5641-558d-63a35e064e2a,2022-10-16,TX-100,FL,Supplier A,218,9,269,3.97,0.4
a5d1cc70-f5e7-ac7d-4d1c-f3015e16881e,2020-01-26,TX-400,FL,Supplier B,223,12,285,3.17,0.28
5ce62715-ccd0-a37f-bd3d-6ebf18b07d13,2021-05-09,TX-500,IL,Supplier D,369,38,485,3.79,0.14
f4b73750-acc2-2433-2b15-eead50cae604,2022-03-14,TX-500,FL,Supplier A,299,19,374,3.78,0.91
f685be09-92f5-473a-1ef0-38454bd9edd8,2020-07-13,TX-200,IL,Supplier E,287,20,361,2.82,0.61
58b29565-bb98-0137-1a9d-51e3a612fef1,2021-11-24,TX-100,NY,Supplier E,207,15,265,3.9,0.0
e23dba89-4042-a5dc-db03-c952bad78808,2023-11-12,TX-400,TX,Supplier D,242,23,316,4.32,0.54
c13404cd-5900-f629-22ea-d31c97781a01,2022-11-05,TX-100,CA,Supplier B,247,20,319,4.13,0.46
c1cba338-676b-0b84-bcea-f2464a106fc2,2023-04-15,TX-200,CA,Supplier D,288,27,377,3.94,0.1
b58143fc-38ca-64d8-9fb5-4f5526f024bb,2023-11-06,TX-500,NY,Supplier C,234,16,299,4.32,0.09
46e68b0a-9585-499f-e44e-a3056e5dfd17,2021-05-22,TX-400,TX,Supplier E,384,20,482,3.79,0.49
699cf018-e70d-e42f-6aea-88946483e234,2020-07-25,TX-300,TX,Supplier E,359,19,444,2.82,0.82
2be0b3f7-3df9-e8e9-e887-f56bd392ace3,2020-08-14,TX-100,FL,Supplier E,257,19,325,2.82,0.32
91a7fc7d-f510-38bf-fc39-098d9efdc249,2023-02-10,TX-300,TX,Supplier B,228,19,293,4.02,0.4
ed1ae3f8-e7b1-a327-35d6-2b5848575e8f,2022-08-31,TX-400,FL,Supplier C,341,27,431,4.49,0.53
97d926fb-759f-1673-0a2a-99090a64dd32,2023-07-13,TX-100,IL,Supplier E,273,11,340,4.02,0.37
64a95f1a-1ba2-2512-dc12-8e471daeb09d,2021-12-17,TX-300,FL,Supplier C,203,13,254,3.84,0.19
45da1bda-4a25-8f72-5518-4acedfa4611a,2021-09-04,TX-400,NY,Supplier B,303,27,392,3.71,0.19
9b6bfb7c-21fd-f24d-28dc-70b6d63b19af,2023-05-27,TX-200,TX,Supplier C,311,22,396,4.14,0.55
03cf9836-bf9b-b017-4c13-6fe265fbf7f7,2023-06-02,TX-400,TX,Supplier A,372,26,469,4.27,0.72
9e4f2784-f2aa-40f6-2b38-2455d02f8ec0,2022-12-03,TX-400,IL,Supplier D,243,19,309,4.43,0.79
2943fc2a-af7a-1496-7342-c7ebb3171856,2020-02-04,TX-400,TX,Supplier C,261,19,335,2.91,0.02
d25a8ecc-a923-131e-8a34-792f52c62086,2021-08-02,TX-500,TX,Supplier D,370,31,474,3.77,0.8
669c5ca1-c4cf-131c-c66e-eeb40d9d336a,2020-12-14,TX-300,NY,Supplier A,169,15,214,3.4,0.46
793ba462-013c-c67c-3e81-da445fdf04e9,2023-08-25,TX-200,IL,Supplier E,325,14,406,4.06,0.53
aa387405-a027-b542-ce07-31bcb17ff0da,2021-01-14,TX-500,FL,Supplier E,232,11,290,3.45,0.8
de119e93-b8c3-5b4e-a0c7-7a19f3155318,2022-10-23,TX-400,FL,Supplier A,259,19,325,3.97,0.54
7b00dbf5-8bba-1eb7-326b-c6a67fc4e515,2023-07-01,TX-300,IL,Supplier E,327,22,420,4.02,0.57
606852a9-71b1-a9c6-14df-930b12ea3f8a,2023-05-09,TX-400,CA,Supplier E,404,26,507,4.14,0.13
5475751e-af8d-afdd-6a9f-4f389e237da6,2022-02-26,TX-100,NY,Supplier E,226,19,294,3.6,0.98
0de1c7f8-5f38-649e-8c7c-dfb776003cda,2023-03-22,TX-300,CA,Supplier B,324,27,414,3.74,0.47
7d51be50-e1eb-1d19-ceb2-9bf558187819,2022-03-15,TX-400,FL,Supplier C,284,18,362,3.78,0.21
8af33a87-feb1-70fc-9941-56e5776f563e,2021-03-28,TX-400,TX,Supplier E,253,9,312,3.96,0.92
8aff8a8a-533f-32c2-382a-9472aa3bbda5,2021-06-03,TX-500,TX,Supplier E,424,24,531,3.5,0.54
0d9a3b91-1388-bb99-ca78-6b27349648ab,2020-06-18,TX-100,TX,Supplier A,281,26,365,2.68,0.4
793bd515-5449-b3b0-292c-52000a9b3c2b,2020-04-14,TX-100,NY,Supplier A,262,12,326,3.56,0.11
b4e650bb-e73e-bb09-afa1-2ef54e55699f,2022-11-01,TX-400,TX,Supplier A,303,16,377,4.13,0.74
4671eac9-3a58-2952-c11d-fb0099c8c280,2021-09-20,TX-200,FL,Supplier B,318,31,411,3.71,0.13
0f030d85-d496-115e-998b-47ab51e13407,2023-12-29,TX-300,IL,Supplier B,191,22,259,4.33,0.22
e0e30d5c-ff71-34ea-a543-f78e32b0869b,2021-06-11,TX-300,FL,Supplier B,325,19,408,3.5,0.59
80d61f1f-246b-b45d-38f5-738ed586a216,2023-05-02,TX-300,FL,Supplier E,312,14,393,4.14,0.98
95d00cfd-0712-826a-8778-2851125c3ca6,2020-09-20,TX-500,TX,Supplier D,302,26,392,2.91,0.37
748df4c7-fdb6-44a8-e7f2-39f81e3f2511,2022-09-06,TX-100,FL,Supplier B,254,28,334,4.26,0.4
2d509abb-4174-6e50-09e0-44a372acacce,2021-06-19,TX-300,NY,Supplier C,270,18,339,3.5,0.63
2fd65a2b-af12-d815-97c1-bce879c0a1e8,2020-08-07,TX-400,CA,Supplier D,322,22,409,2.82,0.02
05adf9c7-9d40-ddef-01d1-921dda8eebac,2021-08-31,TX-100,FL,Supplier D,280,14,349,3.77,0.59
9ea64323-7aa4-274d-1eb7-d4f513b09bdf,2020-11-05,TX-500,FL,Supplier B,284,17,359,3.1,0.6
8f12aaa8-a19f-6eb6-7683-a47ce390a30d,2022-09-18,TX-300,IL,Supplier C,305,18,385,4.26,0.67
3e7542fa-151f-6799-a736-0ef1fbe5e661,2021-03-01,TX-500,NY,Supplier E,272,12,340,3.96,0.3
0fbfad21-9a2f-4e3e-99e3-fc10982b9d9a,2020-06-13,TX-200,IL,Supplier E,302,24,387,2.68,0.72
e26614a2-8ade-e694-e847-5e4e0d09d310,2020-07-22,TX-200,NY,Supplier E,331,24,422,2.82,0.25
8c017f93-1f93-cf55-8a35-956e56d82f94,2020-02-07,TX-500,IL,Supplier A,241,13,300,2.91,0.46
01c88e3f-117e-7fa8-d3bb-626e2589e180,2020-11-14,TX-200,TX,Supplier A,243,14,301,3.1,0.33
28a445a9-f41c-c8ee-5584-4fdd1ab1688f,2023-12-04,TX-200,NY,Supplier E,211,9,265,4.33,0.23
d82db2f9-81d8-616c-8d34-ea1c8edc5b43,2020-04-22,TX-400,TX,Supplier E,316,14,396,3.56,0.23
53e7459e-3dcb-af04-fd11-aea904cbb632,2022-02-21,TX-500,FL,Supplier D,270,18,340,3.6,0.4
ddffa283-2a34-3113-8eac-dc63d3f533b3,2021-09-26,TX-200,FL,Supplier B,298,17,377,3.71,0.63
c383ec28-0ccc-8e21-20ef-868a3c4dc89a,2020-02-07,TX-200,CA,Supplier A,210,17,272,2.91,0.46
768f2e8c-e24d-b603-696f-4d71e3b01825,2022-08-24,TX-100,CA,Supplier C,364,26,464,4.49,0.68
527692b7-a67e-2b08-19b6-390452693d46,2022-04-01,TX-200,NY,Supplier B,250,21,321,3.88,0.02
922d3e69-b0fe-6db1-6ab8-3830e168f1f8,2022-08-06,TX-200,CA,Supplier A,350,21,444,4.49,0.99
c88b0731-d94e-5f28-c668-13dde2ae8655,2023-01-02,TX-200,FL,Supplier E,189,7,237,4.33,0.8
76f7a143-8af4-9c06-df97-6d70f00d4806,2020-05-13,TX-100,FL,Supplier B,321,23,408,2.99,0.32
f367d49e-e0c8-f03f-72c5-0ed587768c21,2022-12-19,TX-100,IL,Supplier C,180,18,233,4.43,0.73
6d02aa0a-1424-afae-1e91-27c3886613fe,2020-04-24,TX-300,FL,Supplier A,324,20,412,3.56,0.55
e4a07116-fd5b-1ebe-9750-751e7d94e5f1,2023-12-05,TX-400,CA,Supplier E,260,17,332,4.33,0.64
0fdbf901-7bf6-5956-1bf6-102d3d7d509e,2020-10-20,TX-200,TX,Supplier D,281,27,358,2.74,0.59
64bc4866-526e-7846-937e-ecea0ace11b1,2021-09-30,TX-100,IL,Supplier B,278,22,356,3.71,0.75
620aa90c-4e9d-e60e-cb4c-e0e8c007ce64,2022-12-03,TX-100,NY,Supplier D,206,23,271,4.43,0.79
b9997c15-0b68-605d-c98a-5be831b2900b,2023-03-26,TX-500,CA,Supplier E,344,21,427,3.74,0.22
2e237052-72bd-7230-eea6-8c6b39efc42c,2023-11-19,TX-100,CA,Supplier A,207,17,263,4.32,0.72
d071e599-b9a0-c9ed-0483-576f2a00bc9c,2021-04-30,TX-100,TX,Supplier D,296,26,380,3.68,0.21
2245530f-6a55-faa4-8250-af437cf60fb7,2020-08-02,TX-200,NY,Supplier D,286,25,367,2.82,0.92
ebcebc82-ddcb-ff09-dec4-48da60f448a5,2022-04-14,TX-500,TX,Supplier A,358,27,455,3.88,0.2
d6794a19-383e-c8ae-0e3f-dbefa6ff4d4e,2023-05-27,TX-500,IL,Supplier A,373,28,477,4.14,0.55
e2cdf2d6-f09e-915c-4135-912346c5a84d,2020-04-30,TX-200,IL,Supplier B,252,21,326,3.56,0.29
ad2c2307-0cec-686a-a041-a9907a1668cd,2020-09-18,TX-300,TX,Supplier E,302,19,383,2.91,0.42
fdd15a26-d6ea-38a0-243c-8071f17e2456,2023-10-05,TX-100,FL,Supplier D,281,24,362,4.1,0.39
2b92f709-8f5c-fe50-fdf5-b4ea2ce32a03,2022-10-23,TX-400,CA,Supplier A,268,14,336,3.97,0.54
986510c3-3583-7128-f6d7-358debfead27,2023-02-05,TX-300,NY,Supplier C,225,16,286,4.02,0.12
541a1659-520b-95f6-eca0-b9c7da87c3be,2020-05-17,TX-200,CA,Supplier A,403,31,515,2.99,0.09
c89044bb-d33d-cd29-39ca-b41bbe2c8d41,2021-04-29,TX-200,CA,Supplier B,386,21,483,3.68,0.01
e1c0fda1-318f-213b-3492-cc6c44760530,2023-10-17,TX-400,CA,Supplier B,300,23,384,4.1,0.98
8a1b6a27-9458-8a54-4291-8a3548e28f0a,2023-02-09,TX-400,NY,Supplier D,217,20,278,4.02,0.82
0c1e68cf-7012-9e18-c3c7-389354c05594,2020-05-08,TX-400,NY,Supplier E,266,16,338,2.99,0.89
c618163c-8571-ccb2-0377-374dfb20ad2d,2021-01-10,TX-300,NY,Supplier A,162,17,208,3.45,0.8
dc858239-60e3-ce8f-1030-13ca49e501e5,2023-01-20,TX-100,NY,Supplier A,200,13,255,4.33,0.86
828d3dad-87f7-6b23-9eb6-993acf42132e,2021-08-06,TX-300,IL,Supplier B,335,27,425,3.77,0.37
3c080a2c-4c33-39d3-299e-86bb9eb96d42,2023-01-24,TX-400,TX,Supplier E,253,11,318,4.33,0.09
69b57803-e646-9cbc-3074-ed5906dd7b06,2021-12-09,TX-100,NY,Supplier B,152,11,193,3.84,0.05
1d456a19-105e-df7e-406a-6eb763b26b02,2023-06-23,TX-200,CA,Supplier A,394,31,491,4.27,0.85
79fc880c-b276-9476-3758-9a3c1c90a919,2021-05-07,TX-400,FL,Supplier E,362,24,460,3.79,0.84
f6b32456-40ad-7c9c-17d6-8c4a76427789,2020-04-23,TX-100,IL,Supplier D,300,31,391,3.56,0.04
e44addf1-9661-f0f5-d05a-0d2a025d3706,2020-08-07,TX-500,NY,Supplier E,353,17,442,2.82,0.02
e7c8fbe8-b769-9bcc-7919-5ef9a37bbf1f,2020-12-10,TX-100,IL,Supplier E,165,10,204,3.4,0.01
7092a130-abc1-a97b-19be-457c1963a76d,2023-10-26,TX-400,TX,Supplier A,246,18,309,4.1,0.2
c3c8ea4a-ebb9-014f-1abb-6d18a85be4db,2020-03-28,TX-300,TX,Supplier C,304,21,390,3.22,0.48
c8c5de2f-5473-fa18-7084-22f126872f2b,2022-02-03,TX-200,NY,Supplier C,214,17,275,3.6,0.13
f63610f6-7198-dd90-4ed4-13630f50d81e,2020-07-22,TX-400,IL,Supplier A,308,25,391,2.82,0.25
66f1d00a-0ae4-bd48-296e-1bd352a5813b,2020-07-24,TX-100,TX,Supplier D,314,21,395,2.82,0.75
534ee502-70c6-e2a8-af3b-9b01c6aaffb0,2023-04-19,TX-400,TX,Supplier B,299,19,371,3.94,0.12
2694186d-b072-84be-95e9-5bf80e3b3408,2021-02-14,TX-500,IL,Supplier B,233,21,300,3.82,0.57
c904a495-d456-c15b-b3c4-369033363339,2021-01-17,TX-500,NY,Supplier D,233,19,299,3.45,0.7
e7b3aa9e-6c9a-00c8-0e96-4f029b86803c,2021-01-11,TX-100,IL,Supplier E,169,10,211,3.45,0.24
dc328136-3613-5141-c487-a6e52785185b,2021-03-28,TX-400,IL,Supplier E,261,8,322,3.96,0.92
37cbcb4f-202e-6613-b9da-a58237e81aba,2020-03-15,TX-300,CA,Supplier B,276,20,351,3.22,0.04
2d5a4095-867c-5195-475e-477917f0801a,2023-12-13,TX-300,CA,Supplier B,256,19,324,4.33,0.65
ebd951e9-8d98-b0d6-3e8b-ee30e21f314e,2021-05-28,TX-400,IL,Supplier B,315,31,409,3.79,0.64
0e9bb7cb-07c7-4710-2568-3503f30adb3d,2021-10-30,TX-300,CA,Supplier B,275,15,347,3.51,0.65
e485ccdf-9319-5a65-66b5-cbff327d169a,2020-08-09,TX-300,CA,Supplier E,295,16,374,2.82,0.17
d08ae097-0dd5-8859-7cdf-f8284456caed,2021-03-21,TX-300,NY,Supplier C,255,13,317,3.96,0.55
31b99a6d-c889-8568-a8fd-6984da801bd4,2021-12-03,TX-400,FL,Supplier E,189,7,234,3.84,0.24
27826ddf-9f94-398c-9ead-8c4507401bed,2020-11-15,TX-300,TX,Supplier D,244,27,319,3.1,0.9
8ec167a4-6842-dd2d-9772-a9e03c6165c6,2021-11-19,TX-500,NY,Supplier E,193,11,241,3.9,0.39
9ce630c0-0e06-7b1a-62ea-78bc019bdbb3,2023-02-16,TX-500,IL,Supplier A,219,15,281,4.02,0.88
8a0cea4f-d91e-7232-b4ae-c3ca01b686ba,2023-08-20,TX-400,TX,Supplier A,396,24,503,4.06,0.87
378d17f2-2218-c824-088d-44eebe55a35d,2022-10-10,TX-300,TX,Supplier A,285,13,357,3.97,0.63
e4dec1b8-767c-2f7b-3f0d-288b9e187dbc,2021-12-25,TX-200,NY,Supplier D,209,21,274,3.84,0.0
318f86ca-06ae-66c4-19ec-d16b61a1d385,2021-06-05,TX-300,CA,Supplier A,373,22,481,3.5,0.84
09debac8-66f4-8065-8269-3ea498cc244c,2020-05-15,TX-400,CA,Supplier C,417,21,523,2.99,0.66
548cbd57-2e1b-80f0-54a4-cfdc9abe3d3b,2021-04-01,TX-500,CA,Supplier B,375,24,468,3.68,0.31
df93ae71-50db-8061-550a-1c38ec6b62ce,2020-12-04,TX-300,IL,Supplier E,217,11,272,3.4,0.12
0adda543-12ec-a22f-dd98-e35e8a510873,2023-04-21,TX-300,IL,Supplier E,313,19,393,3.94,0.75
619af791-1db0-2841-6527-8845336e4729,2022-10-12,TX-400,NY,Supplier E,240,17,305,3.97,0.98
0633ed0f-4614-7593-f200-6f1340aca7f1,2023-10-25,TX-400,IL,Supplier D,282,25,361,4.1,0.06
3722dc29-e855-e280-a1b1-32d6f288cf87,2023-03-19,TX-500,TX,Supplier C,297,27,382,3.74,0.65
8d1cf0f6-0bea-8849-b8c8-d3f6244a9bec,2023-02-14,TX-100,CA,Supplier B,212,16,269,4.02,0.45
929b96de-19cd-f69a-5e17-476fed879b84,2022-10-10,TX-400,NY,Supplier C,265,26,339,3.97,0.63
626ead98-7d69-5193-e2ef-40655dccf01b,2020-05-20,TX-400,TX,Supplier B,346,30,450,2.99,0.94
9531ad62-db3e-bb28-c339-bbbda3014221,2020-12-27,TX-500,IL,Supplier E,229,8,289,3.4,0.65
6ade55c7-79ae-eb78-5fb1-974dac4844a1,2023-05-23,TX-500,FL,Supplier E,373,22,472,4.14,0.45
4763d07e-af54-a13b-fb46-6a5ae7a27cd4,2020-10-23,TX-200,NY,Supplier D,241,26,311,2.74,0.95
32dfcdc4-92b6-b33e-019a-229c6b370742,2023-04-16,TX-400,TX,Supplier D,376,31,486,3.94,0.11
6d8b5709-2cc5-e5a5-71c0-1b0333ea335e,2022-05-09,TX-400,CA,Supplier C,331,29,429,3.99,0.29
6522a857-f9e8-fb74-9d78-a51ed79b1586,2022-01-28,TX-400,NY,Supplier C,178,17,229,3.7,0.51
37b71de0-e2a0-ad28-cc8f-ee2602891531,2023-04-07,TX-200,IL,Supplier B,240,23,317,3.94,0.36
fabee376-2e14-98ed-bb5e-5284ae90e28b,2022-04-30,TX-400,IL,Supplier A,277,17,348,3.88,0.47
b0f1cb8b-a8d1-d4cc-0b3a-40f35d4a0123,2020-11-15,TX-500,IL,Supplier A,212,8,260,3.1,0.9
b1188c34-420d-6023-8511-07919d25e73f,2023-12-15,TX-400,IL,Supplier B,226,17,285,4.33,0.43
dc5fc8e4-987c-94af-11c6-9ba8aec3fde5,2020-05-18,TX-400,FL,Supplier E,360,13,446,2.99,0.75
3c1805ae-04ba-374a-892b-b63067326345,2021-04-21,TX-500,FL,Supplier E,335,17,415,3.68,0.96
131fd66a-7bbc-affc-b6f2-106ae5f1603d,2021-01-02,TX-300,FL,Supplier A,171,9,215,3.45,0.78
fb29d305-c8d3-dde8-b8b1-a6da60d6fb6c,2023-09-22,TX-100,FL,Supplier D,278,32,368,4.06,0.83
e2e07087-5eaa-76e1-08d8-db8bb6942f0a,2023-10-07,TX-500,CA,Supplier A,303,10,375,4.1,0.39
7b82bec0-ebdf-8d91-feeb-c644a7c100ed,2021-09-08,TX-100,CA,Supplier A,321,24,415,3.71,0.81
b2efc360-fafb-76e9-668c-9e0d1db77b81,2021-05-12,TX-200,IL,Supplier A,330,24,424,3.79,0.08
5e8d8318-c006-4e06-a623-1e8889c7af11,2022-12-22,TX-500,IL,Supplier E,205,18,267,4.43,0.46
5d487a10-1ac3-4960-72b3-c6f852136afe,2021-08-30,TX-100,CA,Supplier E,344,19,438,3.77,0.3
0cf47cff-e49d-9c19-9601-f86dc9cafe2e,2023-04-06,TX-400,CA,Supplier D,309,32,405,3.94,0.32
421ef822-714e-6a05-d654-42fe3d969189,2023-06-01,TX-500,NY,Supplier E,336,14,417,4.27,0.17
a4d9f5f9-8355-6f57-4864-3e00aa797eec,2023-05-19,TX-300,CA,Supplier B,349,21,441,4.14,0.93
dd743969-b3bd-957a-cdfb-9eef49fa45be,2022-02-05,TX-300,IL,Supplier E,219,9,271,3.6,0.88
593d0456-181e-0b11-f7a8-fd9f52eaaea5,2021-09-05,TX-300,IL,Supplier B,261,17,332,3.71,0.08
b2b42c14-6b70-e7e2-bcae-d712eaaa19fd,2023-04-29,TX-300,TX,Supplier A,277,17,350,3.94,0.58
5620b162-0f53-f568-ea83-f13924f84c86,2023-06-23,TX-200,NY,Supplier E,354,24,446,4.27,0.85
dfb43b8e-edcf-ee17-81e6-c46d45f922c6,2022-08-03,TX-400,NY,Supplier B,285,14,358,4.49,0.44
75a2317e-8dd7-eefc-f2e4-bdec3a30b180,2020-08-03,TX-400,FL,Supplier E,293,13,364,2.82,0.17
a058cf44-a391-5255-7b47-9f6ec4e4692c,2022-01-08,TX-200,CA,Supplier A,213,19,275,3.7,0.8
c31f4067-b5e7-4529-6aa9-c60b1e6dfec2,2021-08-15,TX-100,IL,Supplier E,298,18,373,3.77,0.05
9e701976-543c-223d-cd3e-dea7473faccd,2021-07-19,TX-400,IL,Supplier E,342,25,438,3.79,0.73
fbce82b5-25c2-fca8-3fd6-52f89fc70cce,2020-03-15,TX-400,CA,Supplier D,271,19,344,3.22,0.04
90570f81-4fd6-993a-d58e-ecc08f799e37,2020-08-31,TX-200,NY,Supplier A,306,21,387,2.82,0.1
ab5a4c04-5c49-0c65-8fbb-85d598c2eb4c,2021-07-22,TX-300,FL,Supplier D,344,37,450,3.79,0.12
a6580822-6b97-2e28-2aa4-e3a48c05ff91,2021-10-31,TX-100,TX,Supplier A,216,16,278,3.51,0.96
4384a670-34d3-814a-c77c-a5955851f23d,2023-01-11,TX-500,FL,Supplier C,236,21,302,4.33,0.05
607c36a8-1a04-988a-591a-4e5db9f4c489,2020-03-17,TX-500,NY,Supplier D,287,20,362,3.22,0.33
c9580a52-3d64-7e9c-fe61-8b0acc8e8fa5,2022-04-02,TX-200,TX,Supplier D,340,27,430,3.88,0.98
23bd8323-3f57-4e0a-6386-68cefab0f4aa,2023-02-06,TX-300,CA,Supplier D,236,22,304,4.02,0.09
1d126e00-6cf1-f196-1043-73ea43017abf,2022-02-03,TX-100,FL,Supplier B,208,18,269,3.6,0.13
47ad439e-282f-7989-c007-df229d77351a,2022-12-08,TX-100,IL,Supplier B,202,15,257,4.43,0.83
a34ba3b2-f283-267f-5ea0-bb1940defb7a,2023-08-12,TX-100,NY,Supplier C,272,20,347,4.06,0.34
8bec8e68-5ab8-d556-0090-fc2cce2dc200,2022-11-24,TX-500,TX,Supplier A,291,13,360,4.13,1.0
bbcf5f81-2764-c469-6f17-a8ff60f74366,2023-12-03,TX-500,CA,Supplier B,253,22,330,4.33,0.59
6b7cae2f-3a5d-cdf6-39ba-3ee0a6116d97,2020-07-08,TX-100,CA,Supplier D,354,24,449,2.82,0.11
a50c7324-0783-cfe9-f4d5-d8a21aad93c2,2021-05-04,TX-400,FL,Supplier C,362,35,469,3.79,0.84
ae4a5cbd-c1dd-eb42-9d5b-628a2c10e04d,2022-06-04,TX-400,TX,Supplier D,418,34,542,4.1,0.21
aa42a339-420f-6cba-eb8e-72ef191203ac,2022-12-04,TX-200,TX,Supplier A,243,17,311,4.43,0.27
16b50d4a-f708-1dd3-1452-1cfb6b4cb08c,2023-09-02,TX-300,CA,Supplier E,368,28,467,4.06,0.94
c80d9849-7782-ebea-03ad-1e2d4cfd6658,2021-09-30,TX-400,CA,Supplier A,296,22,375,3.71,0.75
bc4940de-8f9f-edee-26e9-13b66d487645,2022-11-02,TX-300,FL,Supplier D,220,19,289,4.13,0.76
6142287d-644c-1d90-0aaf-10e39981f7ef,2021-05-16,TX-100,FL,Supplier A,321,29,411,3.79,0.15
06c7a2f1-9070-a925-bf57-4531e52c5bbd,2023-12-04,TX-100,IL,Supplier A,177,11,223,4.33,0.23
d0670671-484b-7314-1aaa-32e723b3acf5,2023-12-07,TX-500,FL,Supplier B,252,12,316,4.33,0.98
f5c9f2f6-2a05-0999-28f7-626ec0e36d25,2020-03-14,TX-500,FL,Supplier B,301,25,382,3.22,0.42
3ef8d317-bcbd-c692-fc1e-686acea7aa2d,2020-06-01,TX-500,TX,Supplier E,374,22,469,2.68,0.5
28a4ac16-a98f-14cc-a597-c9ece02fa042,2023-07-09,TX-300,CA,Supplier E,424,22,536,4.02,0.86
0705ebe6-6438-fb5f-d9ff-43c17eceb2b9,2021-11-02,TX-500,NY,Supplier C,236,23,305,3.9,0.43
d8286163-839e-87b9-87cf-302f7e5fc9ae,2023-08-03,TX-500,IL,Supplier B,320,20,406,4.06,0.67
a787177e-c3bd-9136-00be-fab4d582575c,2023-07-20,TX-400,NY,Supplier C,376,24,476,4.02,0.42
a83c90aa-ce84-0ca1-8f51-404ad75daa4d,2022-11-12,TX-300,CA,Supplier A,253,17,320,4.13,0.22
2918077d-7eaf-c076-777f-1e0e77c131b8,2020-05-13,TX-300,FL,Supplier B,271,14,338,2.99,0.32
afcbf6c1-7f3b-9228-7e75-e7db4933d145,2023-07-29,TX-100,TX,Supplier E,313,16,392,4.02,0.02
60ad1d29-38b4-7928-efcd-46f161be9cac,2020-02-11,TX-500,TX,Supplier D,250,20,321,2.91,0.7
2ea95a0e-5ed5-7e65-487a-412b2d5f160a,2023-03-02,TX-200,NY,Supplier C,246,23,321,3.74,0.6
0fd2163c-f99d-09fe-745c-0635f0f82fe7,2022-04-25,TX-200,FL,Supplier C,277,17,348,3.88,0.88
f02af8dc-bf38-4630-1640-5ac2a9cd0d1f,2020-02-29,TX-100,NY,Supplier C,183,25,247,2.91,0.9
a257a216-5709-09ae-b90f-d74dea46cb48,2021-10-17,TX-400,FL,Supplier C,245,21,315,3.51,0.56
57e4e62c-98f0-065b-2071-b763b674d69d,2021-12-07,TX-100,TX,Supplier D,218,14,277,3.84,0.33
688ca79f-e76a-5015-bc9c-8f6758f9dad9,2020-09-26,TX-300,FL,Supplier E,262,17,332,2.91,0.95
f626283b-544d-d920-490b-fa971fd100a3,2020-09-21,TX-500,CA,Supplier A,373,26,475,2.91,0.37
23f6428d-2091-c29e-5485-2c4db7062d3e,2020-09-15,TX-300,IL,Supplier C,237,16,298,2.91,0.27
09f4fbfe-5646-5906-66c1-4836794e6414,2021-03-21,TX-100,IL,Supplier D,262,27,344,3.96,0.55
5f005823-9adf-eafe-38ec-acb2da886b09,2022-02-08,TX-100,CA,Supplier A,212,19,273,3.6,0.27
7ada9eed-d275-a865-c6e3-caae3459358e,2022-10-05,TX-500,NY,Supplier A,245,22,313,3.97,0.54
48330145-035e-0114-5a3b-ce6bd068b6c1,2022-10-21,TX-100,TX,Supplier D,259,23,333,3.97,0.85
69030551-16e8-4209-8f7a-9f8d596d7b55,2023-01-15,TX-100,NY,Supplier D,180,11,227,4.33,0.03
70dc65de-d33a-5f8c-39d9-7fad8ac140e3,2020-10-16,TX-300,IL,Supplier E,256,23,336,2.74,0.94
ee97d0fd-cb2d-a6ef-19c9-fabc5ea25579,2022-01-31,TX-400,FL,Supplier A,236,18,306,3.7,0.02
03a80448-f821-3743-df2d-78c40e7b5792,2021-11-27,TX-300,NY,Supplier B,178,14,229,3.9,0.33
ee755144-44a6-37e4-354b-05522c499f55,2020-05-26,TX-100,IL,Supplier C,281,26,358,2.99,0.6
366dc0e6-11ed-bb84-3909-bec4a1c79d1f,2022-11-29,TX-400,TX,Supplier A,244,12,308,4.13,0.93
f8848df5-16e8-7ec7-db23-ba3c25980c82,2021-09-22,TX-200,FL,Supplier A,282,16,357,3.71,0.07
f9927f1e-8cf6-5a24-37b4-7446b052479a,2020-09-19,TX-400,FL,Supplier A,317,25,399,2.91,0.23
02c575a7-82a6-3414-9c77-f5d76dc0a5d8,2023-01-01,TX-300,FL,Supplier D,200,17,262,4.33,0.75
83ef2615-daa0-8dc8-b2d1-fc9e463c8d47,2021-04-03,TX-500,TX,Supplier D,282,17,358,3.68,0.49
91dedd7e-26eb-8d64-2c31-0e89e418a11c,2023-04-22,TX-300,IL,Supplier E,307,21,389,3.94,0.82
6990d191-5067-9040-c417-5fb0118ebe51,2023-08-25,TX-100,CA,Supplier A,306,12,381,4.06,0.53
d645805b-d8a9-1396-7d6e-fc34a67b18a1,2020-08-23,TX-100,NY,Supplier E,229,12,288,2.82,0.42
4d55c102-66e3-d6bf-b5e6-9ddd641066c8,2021-06-30,TX-200,IL,Supplier E,328,21,414,3.5,0.7
f0135eb0-c399-0a77-352f-897ce51eb5dc,2023-11-19,TX-300,FL,Supplier D,193,19,251,4.32,0.72
351b86d5-50b8-69c9-c43f-e0e4f6c90e05,2022-05-10,TX-500,CA,Supplier E,398,22,499,3.99,0.76
bcc0fe35-a339-6813-6bd5-492a2a5f8b6b,2022-09-22,TX-200,FL,Supplier E,300,22,386,4.26,0.33
087c234f-fdf4-57d8-6408-3cbf6522e30a,2022-05-14,TX-400,NY,Supplier D,265,27,347,3.99,0.98
bd85fe9a-7f2c-2ca9-deb0-e0ce1d5e10eb,2020-01-07,TX-400,IL,Supplier C,190,13,238,3.17,0.46
16be83a5-d2cd-28a1-139d-70db1ca01468,2021-05-20,TX-300,NY,Supplier B,276,16,348,3.79,0.23
80a92b8f-379c-cbca-5a05-9cdb54c9242c,2020-12-12,TX-100,IL,Supplier E,164,5,200,3.4,0.83
a3e726f0-ce30-ef89-f93f-e394a9021be4,2021-02-05,TX-400,NY,Supplier C,188,10,242,3.82,0.88
ece63928-c4b2-e5d6-6d84-3ca7d2a6ee54,2022-04-06,TX-100,IL,Supplier E,281,17,358,3.88,0.39
dbef1658-1ef7-6b4b-2f23-5ce6821d5915,2022-02-02,TX-100,FL,Supplier A,184,8,229,3.6,0.58
1c345cf5-a63b-d8cf-f9e7-122f49c23ebf,2022-05-28,TX-100,TX,Supplier D,319,19,401,3.99,0.58
bab5af2a-6ae9-cc18-be58-b0df82a92b40,2023-05-11,TX-200,NY,Supplier C,262,18,334,4.14,0.19
e6a6839c-3ed0-8304-c1db-aaabb8a197b1,2020-08-18,TX-500,CA,Supplier C,440,26,557,2.82,0.04
81b4295a-fe89-38d8-28e9-f1d6a3efaa01,2020-04-12,TX-100,CA,Supplier B,267,24,340,3.56,0.14
ac7f0f0a-02c3-9ec6-db39-0cfe9a6f7125,2020-06-07,TX-100,CA,Supplier D,333,24,425,2.68,0.12
6b05336f-564e-e192-c35f-82a04318927f,2023-05-29,TX-500,FL,Supplier E,332,21,416,4.14,0.35
697c363d-f9a3-9692-808e-a3c528d0bd8d,2021-11-23,TX-400,IL,Supplier A,233,17,295,3.9,0.86
4083954f-0794-4fa2-8dc3-0c80754b7768,2023-09-09,TX-300,TX,Supplier B,342,18,422,4.06,0.92
77d1f55c-7b43-ce18-614c-52b50a79579b,2020-08-16,TX-400,NY,Supplier C,323,26,415,2.82,0.88
d7af673e-8765-2756-c91b-00da886511e2,2023-10-05,TX-400,NY,Supplier A,225,20,291,4.1,0.39
6cadc879-c7c4-b8f6-e749-46d8c24fcd20,2020-05-04,TX-400,CA,Supplier E,336,33,432,2.99,0.16
e4b4ae1f-4144-4929-f25c-9fa8d93317be,2023-02-21,TX-500,IL,Supplier B,267,29,347,4.02,0.66
b60b93c5-d60e-63a3-5030-ca140bac587e,2022-08-09,TX-500,TX,Supplier D,414,44,536,4.49,0.46
6efaa2d1-9429-a05e-66f5-9f7e31f3c934,2022-11-30,TX-200,NY,Supplier D,220,15,278,4.13,0.98
85a9c81d-03fb-7f4c-2b80-1f0675218a7c,2020-05-14,TX-300,NY,Supplier C,243,21,313,2.99,0.77
65303670-700b-d0e0-b978-0ecf1eba973d,2022-09-03,TX-400,CA,Supplier E,314,14,393,4.26,0.95
9d15d881-8ce0-e904-3a0b-a749648f55b0,2020-06-05,TX-400,IL,Supplier A,314,23,400,2.68,0.13
5e2fb0c2-3760-7c9a-c0de-cbe8eaa1a196,2020-01-01,TX-400,NY,Supplier C,189,16,241,3.17,0.2
0b346446-a9f2-0557-d9ff-4d01a4cc9890,2020-08-02,TX-300,TX,Supplier D,346,25,439,2.82,0.92
d3b5ba6b-6672-ff0d-f3b6-d348598dd33c,2020-01-01,TX-500,CA,Supplier B,278,18,348,3.17,0.2
8e63eef2-ed17-793b-184f-dd40c3d124dd,2021-08-21,TX-100,TX,Supplier D,298,28,380,3.77,0.68
9aa0dcf6-0037-b8b1-d487-6bb32004688f,2021-10-18,TX-200,NY,Supplier E,243,27,320,3.51,0.79
9d9728f4-4dbe-9929-4122-cf9051d306a1,2023-11-24,TX-100,TX,Supplier A,234,9,290,4.32,0.5
16ee1b34-c15d-f856-bbce-ff7c9077f02b,2022-08-29,TX-200,CA,Supplier E,372,19,461,4.49,0.75
9bb17d31-79e9-a6ce-c9ad-59f1653d4d04,2023-11-27,TX-400,TX,Supplier B,282,21,363,4.32,0.44
3912f89e-dffc-3a25-3ebf-9e48d18f1f0a,2020-02-04,TX-500,CA,Supplier C,274,17,348,2.91,0.02
1e6ccd07-cf3f-46f4-04e6-b91bfa777782,2020-01-17,TX-400,IL,Supplier A,184,13,237,3.17,0.56
237fed7b-a588-8b19-e073-03cc9ab69df3,2022-02-20,TX-400,TX,Supplier C,267,25,356,3.6,0.55
9c7dbb53-e3e1-7317-b26b-b2c798bdadff,2023-02-13,TX-400,TX,Supplier D,266,27,345,4.02,0.65
31e01cf5-4232-9143-61af-c3af9b3a7a32,2022-07-17,TX-200,FL,Supplier D,331,20,415,4.71,0.53
69984ef6-22b6-959f-345b-323fda0e34a0,2021-07-16,TX-200,IL,Supplier A,294,21,380,3.79,0.97
9ffbec6d-537f-10ce-9440-12f98d3829f5,2023-07-24,TX-400,TX,Supplier A,430,35,555,4.02,0.79
dd0c6c9d-4aed-4f40-3b09-198c0a384ae4,2022-07-26,TX-200,FL,Supplier A,295,24,387,4.71,0.05
3a11dd53-aa1a-d949-2516-6ad8450e94a8,2023-09-05,TX-400,IL,Supplier D,313,26,398,4.06,0.06
4f0c9fbd-2b9b-6e20-8760-9aea27ca8a1c,2020-05-23,TX-500,TX,Supplier A,377,19,468,2.99,0.83
3ab7c287-0084-cb78-12d6-fe6bb93b3a65,2020-06-13,TX-500,NY,Supplier A,338,23,430,2.68,0.72
eceddf93-9212-4c79-2f66-4e1c22ddea3c,2020-12-16,TX-300,IL,Supplier D,172,11,214,3.4,0.3
b0340a5f-c0f8-7737-6d74-c966b0a0bc3b,2020-10-06,TX-100,TX,Supplier A,230,11,293,2.74,0.29
543a91ae-cc50-eda5-058c-cccac72e92bf,2023-03-11,TX-400,NY,Supplier A,262,27,336,3.74,0.52
59193e03-732d-1437-d806-f468d4476412,2023-04-21,TX-500,NY,Supplier C,326,22,422,3.94,0.75
31ed6f7b-7800-a5bf-9040-4c0551c9bb89,2022-02-06,TX-200,CA,Supplier D,224,16,284,3.6,0.54
bd45a24c-c6ff-0ed1-5f87-4e138496d0c6,2021-08-18,TX-400,FL,Supplier C,308,19,390,3.77,0.86
ef61b2ff-e158-3d4d-7ee6-9c0715fbbb35,2023-10-03,TX-200,IL,Supplier A,231,22,295,4.1,0.48
9a1471fb-3382-3efe-4865-163aa4a204bc,2023-11-27,TX-100,TX,Supplier C,251,16,322,4.32,0.44
5d39b77e-be21-8b51-303b-c4a397f96aba,2021-10-18,TX-100,TX,Supplier E,280,15,354,3.51,0.79
9f31358d-fe64-8726-067e-80a942f008f7,2023-10-13,TX-100,FL,Supplier A,278,20,358,4.1,0.61
2abc9702-045f-2188-c704-230291ed8e39,2022-08-25,TX-300,IL,Supplier E,304,19,381,4.49,0.85
654bdbec-7b0b-4270-b182-5d924863c2e7,2023-01-18,TX-400,CA,Supplier B,283,14,352,4.33,0.17
320706d4-58e0-2239-9605-118c5b8a6300,2021-10-03,TX-100,NY,Supplier B,219,15,276,3.51,0.9
d9594721-25c4-d6bc-d801-3089dcd2ca33,2022-10-23,TX-300,CA,Supplier A,262,17,336,3.97,0.54
0096951a-91cf-733d-7b42-2747d0a3a57c,2021-01-03,TX-300,CA,Supplier B,221,15,281,3.45,0.2
241662f7-0d78-682a-3cc1-204e9694c9a7,2020-03-22,TX-300,CA,Supplier D,237,13,295,3.22,0.93
319e1632-16d6-8938-75cf-097c868817c8,2020-12-02,TX-100,IL,Supplier E,159,13,203,3.4,0.72
00171575-4cdd-00fd-5cd9-4fb2e6e5c7e3,2021-05-22,TX-500,IL,Supplier A,349,25,444,3.79,0.49
22192734-39d0-6ac8-bf58-b0f47ab728dc,2021-09-19,TX-500,IL,Supplier A,317,24,403,3.71,0.5
e2e291d4-d745-eb1b-a851-274909a14687,2021-05-13,TX-300,FL,Supplier B,320,22,408,3.79,0.76
1fd5503e-5a8b-7495-ad2f-fc2342cf3ecd,2023-01-12,TX-400,TX,Supplier A,202,13,258,4.33,0.0
e30614fb-9733-42df-a260-77d4b491c93f,2023-01-17,TX-100,IL,Supplier E,220,11,275,4.33,0.82
cc1b1676-4195-c10a-e511-59c6e8641d97,2021-04-20,TX-200,CA,Supplier D,330,27,417,3.68,0.36
8693fff5-119d-b54e-26c2-1483b9c76d96,2021-08-25,TX-300,CA,Supplier C,371,27,472,3.77,0.67
e66e8bb3-6368-5d9b-ae45-007dc1b8fa1e,2021-02-22,TX-400,NY,Supplier A,187,10,232,3.82,0.15
930a2b25-9a50-5927-dc7f-f490bf78d824,2023-09-27,TX-300,CA,Supplier A,307,22,393,4.06,0.8
d72de8ed-0379-7af2-79ab-9727aab98421,2022-06-18,TX-200,IL,Supplier E,350,26,442,4.1,0.34
929975ab-6adc-8134-e1fd-909458df0f74,2023-06-03,TX-500,FL,Supplier E,348,20,438,4.27,0.39
f864add5-89f1-7e78-f7ff-0cc39364c2a1,2020-02-16,TX-200,FL,Supplier E,243,15,307,2.91,0.36
1644e575-7ee4-3d01-adce-a709087f8dc2,2020-06-12,TX-100,IL,Supplier D,277,17,352,2.68,0.8
e62af709-bcd0-a3bb-2595-84dfa09942c2,2023-12-11,TX-300,TX,Supplier D,209,16,272,4.33,0.06
8eeda04d-b225-f9a5-bfc1-e3f6b1ccb83c,2020-01-28,TX-200,NY,Supplier E,194,20,258,3.17,0.66
18fadc14-dc96-daec-d63f-67f1572ba33a,2022-12-23,TX-200,CA,Supplier A,212,15,268,4.43,0.42
0e8a3ee7-c975-9c6d-e204-064e07d305cf,2020-12-30,TX-200,FL,Supplier A,222,17,284,3.4,0.03
9f7481f1-fd41-e8f5-d1a6-f73c88d204fd,2022-03-03,TX-100,IL,Supplier C,231,16,287,3.78,0.52
82377966-1eb6-9076-3938-1a33ba2f6b49,2020-06-14,TX-200,IL,Supplier E,347,22,436,2.68,0.74
bfe328fb-7d7d-9e9e-02b1-a8e22668995f,2021-02-16,TX-200,FL,Supplier E,231,17,291,3.82,0.95
9b9e1e49-8794-4ca9-552b-65c66e302588,2023-11-07,TX-200,FL,Supplier E,277,21,357,4.32,0.23
d2c1e0f3-28b6-76b5-3ca3-def75649e8d1,2022-12-09,TX-200,IL,Supplier B,202,13,255,4.43,0.18
42dc49d9-37f4-124a-f744-5d6cd1f69a2f,2020-01-03,TX-500,NY,Supplier E,183,6,223,3.17,0.79
996ede70-0c1d-81e5-16ce-154137830b47,2020-09-02,TX-400,NY,Supplier C,299,21,381,2.91,0.9
cb95f956-1941-dc33-d203-b78ebb150d91,2023-05-31,TX-500,CA,Supplier D,466,32,588,4.14,0.09
c8704b6f-7b71-56a9-84b8-316ed1813212,2023-09-11,TX-400,FL,Supplier D,323,31,419,4.06,0.4
daae8b56-d291-46b6-e006-25c4995c745f,2020-04-03,TX-500,NY,Supplier B,264,25,338,3.56,0.57
76d3fcf9-a665-042b-82ab-91346ce70149,2022-10-27,TX-200,FL,Supplier C,270,22,348,3.97,0.24
68540c93-d5ec-e2a0-fd4b-7513903ea436,2020-12-03,TX-300,FL,Supplier D,188,19,247,3.4,0.95
1f3ccc6b-d49e-7506-6a1e-b502154cc508,2021-12-14,TX-200,IL,Supplier B,188,14,243,3.84,0.14
d9f58a33-d7d7-5d4c-75fe-97e195403101,2021-05-10,TX-200,NY,Supplier A,330,22,417,3.79,0.45
eb8c2c19-812f-14a4-05e3-13b1e324950f,2021-04-17,TX-400,CA,Supplier E,305,22,385,3.68,0.15
d097a428-137e-1aee-9b56-feaba1f714a3,2023-01-03,TX-400,NY,Supplier A,200,16,258,4.33,0.49
b5f9ef51-b22f-9f1b-b3f3-126c44d0f058,2022-07-28,TX-400,CA,Supplier B,340,31,432,4.71,0.79
bc3bf19d-6e05-333d-82c6-473a2ba467fa,2022-05-15,TX-200,CA,Supplier B,336,28,428,3.99,0.95
56791df9-426d-adcb-5f4b-130762402431,2020-05-22,TX-300,TX,Supplier B,344,30,445,2.99,0.12
e57c2147-e9b9-4c32-1979-dc3d2bf65858,2022-10-31,TX-400,TX,Supplier B,279,14,346,3.97,0.98
31747918-02a7-c28e-9576-94ab56394271,2023-07-08,TX-500,TX,Supplier B,404,27,514,4.02,0.96
7c6ae99a-0001-e3b1-198c-6d4329d45328,2020-11-30,TX-200,CA,Supplier B,231,15,294,3.1,0.38
1f2c0664-56cd-cb7d-55d8-af49223f30c2,2020-09-23,TX-100,CA,Supplier E,274,13,340,2.91,0.38
a506c1fe-fc6a-284e-967f-53edb8918210,2022-08-23,TX-300,IL,Supplier D,306,23,394,4.49,0.18
0e1b0ab0-09b1-741d-0b1c-ea37da50b35a,2023-07-09,TX-500,IL,Supplier D,382,32,489,4.02,0.86
88ea32b2-d11c-00dc-6e98-1c90cae0d7c6,2023-07-28,TX-200,FL,Supplier D,395,32,503,4.02,0.87
21edf865-19e2-4009-7859-c1278dc00110,2020-08-30,TX-200,FL,Supplier D,286,22,367,2.82,0.92
abe29eed-6080-e010-8673-2dd92980082d,2022-09-21,TX-500,TX,Supplier D,378,22,482,4.26,0.02
a671cff7-b733-fe24-1f95-8dcf37fa2e39,2020-12-31,TX-200,TX,Supplier C,196,14,250,3.4,0.24
64a9d340-3469-5bc7-1991-32fef5653f59,2020-03-10,TX-300,TX,Supplier A,232,9,289,3.22,0.63
c3d4d05b-ccdf-50d3-e74f-f3f2f8c1136e,2021-03-14,TX-100,FL,Supplier A,226,17,289,3.96,0.57
1ee2c8af-823b-459d-1948-6cfff33b7dc0,2021-07-29,TX-500,CA,Supplier E,412,27,517,3.79,0.41
d4431b36-a1cb-a3eb-1c24-e331fc144460,2022-12-28,TX-100,FL,Supplier A,193,13,244,4.43,0.83
48e0a83c-f5ea-e6f3-c195-28a41575cb94,2020-08-30,TX-100,IL,Supplier B,236,15,294,2.82,0.92
e434395d-3318-f34e-c8b5-b686460ba841,2023-10-01,TX-100,TX,Supplier B,289,21,365,4.1,0.97
a34ca566-5160-f61e-89fc-2493df2b5bfe,2022-01-28,TX-500,FL,Supplier C,227,24,295,3.7,0.51
0988c72a-5ceb-25ac-d659-d6c72e497094,2022-11-18,TX-400,CA,Supplier A,241,18,309,4.13,0.8
5548c91c-2ba3-237b-b8f8-957e264f14f1,2022-03-07,TX-200,IL,Supplier E,237,17,301,3.78,0.4
2197cc9c-3c6f-4545-cc72-7f4d22b6939d,2021-01-09,TX-200,TX,Supplier C,217,28,291,3.45,0.61
a39b9389-2b24-3622-a7e8-eb77f09c2e54,2023-06-15,TX-200,IL,Supplier C,361,32,466,4.27,0.92
989530c2-da03-2821-5b1f-aaabd8a2d9f4,2020-06-03,TX-500,IL,Supplier B,366,19,455,2.68,0.01
530d9594-a20e-8b17-bb5b-b5782b330bb7,2023-04-25,TX-200,IL,Supplier C,276,23,349,3.94,0.04
1738f567-a992-ac9f-8ee6-0d3087845271,2021-12-09,TX-500,FL,Supplier E,216,13,271,3.84,0.05
1faff522-905f-809a-e071-6d357804fb17,2023-05-19,TX-200,TX,Supplier A,306,25,388,4.14,0.93
5f2f0003-04e5-baab-1019-b179c2f86e4b,2020-04-27,TX-100,IL,Supplier B,294,19,372,3.56,0.81
e384a740-2d87-78f7-03b1-0e39b82f1ffb,2023-06-11,TX-300,IL,Supplier D,352,25,445,4.27,0.67
3a81997e-bb1a-0838-8b67-c74f245036bb,2022-01-23,TX-100,CA,Supplier A,233,17,296,3.7,0.59
d35dacd9-d723-c153-4400-3699ab0babf4,2022-11-24,TX-200,CA,Supplier D,233,13,295,4.13,1.0
eac511a9-08ce-8b90-1f7d-b235c2795c91,2021-07-20,TX-100,CA,Supplier E,331,13,403,3.79,0.75
0c58f082-2a4a-0eae-9ad7-7efae5429b5a,2023-03-22,TX-100,IL,Supplier B,239,17,300,3.74,0.47
808dcf66-9e49-45f9-65c5-47f4304b76bd,2022-04-20,TX-300,FL,Supplier D,262,15,332,3.88,0.34
7b65860c-6a25-ff25-8598-c0948357ce1f,2020-07-23,TX-400,FL,Supplier A,326,23,411,2.82,0.24
19a4a905-42d2-ac07-12b5-9ee249cbdafb,2022-05-17,TX-200,NY,Supplier A,333,18,417,3.99,0.14
e342f6a8-19c7-8b55-9cb6-8ad80ce448ba,2021-02-07,TX-200,IL,Supplier E,191,13,245,3.82,0.17
98036394-130c-1530-7855-147d1201adec,2020-03-09,TX-200,CA,Supplier E,243,18,310,3.22,0.43
73455813-2735-3d09-464d-606c3213fc2c,2021-08-06,TX-300,CA,Supplier E,309,17,391,3.77,0.37
26bce413-0177-fbc4-05b6-a9108e82cb49,2020-09-27,TX-500,CA,Supplier B,372,29,475,2.91,0.92
4562f332-5c0e-b4ca-189a-0ccb3dd94414,2022-03-29,TX-300,FL,Supplier A,263,13,325,3.78,0.1
1bee52ad-df0c-11f5-d5a6-9972e848c400,2023-01-19,TX-300,CA,Supplier C,264,19,333,4.33,0.15
94d97934-e46c-5170-a978-b974dfd7593f,2022-10-14,TX-200,IL,Supplier D,265,25,342,3.97,0.69
959cb705-297a-3efd-89fb-7fa07332f4bb,2022-06-11,TX-400,CA,Supplier B,369,26,475,4.1,0.18
b99e6426-5e8f-1eaf-5664-e2570dd547cc,2023-01-01,TX-500,IL,Supplier D,244,17,308,4.33,0.75
0621432f-fefa-8e18-6179-6268e5a9711c,2022-12-09,TX-500,NY,Supplier C,232,18,293,4.43,0.18
81678d71-a311-e08c-7d26-f0754055440b,2023-05-23,TX-200,FL,Supplier D,321,39,425,4.14,0.45
391045d9-2430-845b-d769-060962272b39,2021-09-19,TX-200,NY,Supplier A,225,23,295,3.71,0.5
2663741c-c2c3-754a-5d35-457a7777ef49,2020-02-18,TX-100,NY,Supplier A,200,11,249,2.91,0.12
d308343c-082f-f5f8-f751-fa1ebd320886,2021-09-08,TX-100,NY,Supplier D,220,20,282,3.71,0.81
1d5fe596-718b-9d6c-1032-59d02365b7fa,2020-09-26,TX-400,CA,Supplier B,306,29,394,2.91,0.95
f56810a2-6f4f-781e-2932-d37e367e8de5,2021-10-23,TX-300,IL,Supplier D,259,23,333,3.51,0.67
99ae3b2a-9d95-cd2c-8c88-2561b004ef59,2021-10-08,TX-200,CA,Supplier E,296,22,373,3.51,0.74
df60808d-123a-52d0-c7a3-c036676d2091,2022-11-08,TX-400,IL,Supplier B,223,18,283,4.13,0.29
98f0b10d-4bd5-35c2-a405-0e04ebd71e2e,2020-04-15,TX-100,TX,Supplier C,257,23,331,3.56,0.67
d58112d9-d5a9-6e6a-87ad-389e5407cf37,2023-09-14,TX-100,NY,Supplier B,254,16,320,4.06,0.97
9b2cf4bc-682a-5127-8ffd-e7e577a49c1e,2022-10-04,TX-300,FL,Supplier D,298,29,380,3.97,0.2
cfd328f6-1fa3-ad87-54f4-66368894c705,2021-12-01,TX-500,NY,Supplier E,208,7,258,3.84,0.26
72eb234a-1d63-f506-72d5-fca061fe395a,2023-05-06,TX-100,CA,Supplier C,302,26,384,4.14,0.38
28f1b602-9e00-ab5b-9d0a-d2eb13886d98,2021-06-08,TX-100,NY,Supplier A,297,34,392,3.5,0.85
0c373acf-a3d9-9204-03e5-f5af7f4a3de1,2022-09-05,TX-200,NY,Supplier B,263,30,344,4.26,0.74
3155b9da-d32d-a2ae-7188-61f9e5a92e9c,2021-05-05,TX-100,NY,Supplier A,242,19,306,3.79,0.99
22444265-1475-ab4d-40a2-3d90d4f2a6f4,2023-01-07,TX-300,FL,Supplier C,181,8,230,4.33,0.1
2eccb3fa-c433-c1c4-99ed-f863781ed89f,2020-12-31,TX-100,FL,Supplier D,184,9,232,3.4,0.24
9f83aba9-b58e-7562-5891-92851d056dc8,2020-06-05,TX-100,CA,Supplier C,349,15,437,2.68,0.13
8cd55e3f-f0cf-f421-9f6e-a15df7e4e4fe,2020-04-13,TX-400,FL,Supplier B,339,28,436,3.56,0.55
73d8c4b8-649d-cad2-a68b-27bd6c8e4e79,2022-01-16,TX-500,NY,Supplier D,195,19,257,3.7,0.02
c346469f-bb61-c047-5be5-b06e6347a187,2021-10-22,TX-300,CA,Supplier D,275,20,353,3.51,0.99
cfbca70c-4835-e677-412b-97f0f9c46102,2021-02-21,TX-300,NY,Supplier D,177,10,225,3.82,0.94
5d356618-12cc-da57-0076-1db07ebd3c62,2022-05-29,TX-100,IL,Supplier A,310,24,395,3.99,0.74
e3a3abfe-eb56-547b-ea1c-c3c6fbf3f051,2022-12-27,TX-500,NY,Supplier C,240,15,306,4.43,0.79
ae9f1791-d777-9bee-6406-a163e4122205,2022-02-09,TX-500,NY,Supplier C,225,16,286,3.6,0.05
19cde223-0619-5b19-7cc4-08065644134b,2023-09-22,TX-300,TX,Supplier D,308,22,389,4.06,0.83
7154f9a0-6cd1-9df0-becc-47f8bb70e09e,2021-11-19,TX-100,TX,Supplier D,212,20,275,3.9,0.39
97947b92-5b39-ab07-2e6e-549a50d528f7,2022-12-15,TX-100,IL,Supplier A,213,15,275,4.43,0.99
e2859dc1-db30-a564-0385-e498e03dedaf,2022-11-24,TX-500,FL,Supplier A,254,16,317,4.13,1.0
c8fee49e-b1e9-2ef6-1072-3ff51038c5e0,2022-05-18,TX-100,FL,Supplier E,322,16,409,3.99,0.3
8d9c0afa-89a4-87b0-121b-b33888783f2d,2021-07-31,TX-300,NY,Supplier C,265,26,341,3.79,0.08
7de42420-15bb-884d-c973-44087ce7512e,2020-04-13,TX-100,FL,Supplier A,300,25,389,3.56,0.55
5d9140cf-35a4-74b4-c43d-0788e4ac3d68,2023-08-25,TX-300,CA,Supplier B,391,34,508,4.06,0.53
dab07342-f13f-ab16-7ebb-0b2e146d22fc,2020-08-19,TX-300,IL,Supplier B,319,27,410,2.82,0.18
4e487620-4a0d-b9cf-d029-8da21844df5d,2023-10-19,TX-100,NY,Supplier B,220,15,281,4.1,0.52
23d16f22-f1ed-1c83-0d8b-cd92e7dfae75,2021-02-12,TX-500,TX,Supplier C,229,16,287,3.82,0.78
23efd917-7cf1-4f7c-aa46-7737ce72bf43,2022-07-18,TX-200,CA,Supplier B,422,26,533,4.71,0.19
b6538ada-9480-e2c7-b0e4-d1fb971f5c69,2023-10-26,TX-200,CA,Supplier D,321,34,414,4.1,0.2
5a016a3e-43ae-393f-c6a4-8ea13d0dd40d,2021-02-19,TX-500,FL,Supplier A,255,18,326,3.82,0.7
9ac3c31b-c8f1-1bf2-cd81-b0ea239ed8d0,2020-07-16,TX-200,NY,Supplier A,312,13,386,2.82,0.41
3e7008d5-b423-8226-6abb-55fb5caad2bd,2020-09-22,TX-100,CA,Supplier A,278,17,360,2.91,0.33
ed4be85c-5213-472a-2329-16721e6d8445,2021-01-11,TX-500,IL,Supplier C,239,17,305,3.45,0.24
8b4df46b-0997-6b00-cc11-84737bc6c2ac,2022-11-06,TX-400,CA,Supplier D,304,24,392,4.13,0.24
90767388-a588-8a02-42f1-bdc9e3cff1e7,2020-08-19,TX-500,TX,Supplier C,348,22,439,2.82,0.18
83a26383-3a52-2212-ef55-b1cd6bb935de,2022-04-04,TX-200,TX,Supplier C,294,24,379,3.88,0.72
05bc70bd-1350-0cfe-36cc-a36a6de7f37b,2021-04-08,TX-200,CA,Supplier B,307,25,398,3.68,0.28
b65255ff-7391-5b7a-ddcc-35e070dfe2c6,2023-07-31,TX-500,FL,Supplier D,428,34,547,4.02,0.46
8bf7d16a-5960-8fc3-9262-062936c2af5e,2020-03-28,TX-200,TX,Supplier E,302,14,374,3.22,0.48
59078857-dd2c-082f-9fbd-69389e4098d2,2020-12-14,TX-100,TX,Supplier D,182,16,235,3.4,0.46
a8c17f86-b2b1-4a7a-8451-e7d22bf0bdf7,2022-10-16,TX-300,NY,Supplier C,246,23,321,3.97,0.4
d59971d8-65a1-1419-cdd2-9abdd2d87234,2022-01-25,TX-500,CA,Supplier A,229,19,292,3.7,0.14
32e1281f-2032-6a2b-e3cb-b6ed27ffdb30,2022-09-05,TX-100,IL,Supplier A,279,22,354,4.26,0.74
af7012a6-e5da-b0af-993f-bfd17ca0ef8d,2023-04-11,TX-500,TX,Supplier D,312,31,409,3.94,0.61
5468bb80-6af9-e959-f833-da0842f0afb6,2023-01-17,TX-300,TX,Supplier E,212,7,263,4.33,0.82
f2f02b61-0a80-fa5f-ac36-481d3faaf3d7,2020-03-18,TX-400,FL,Supplier E,290,25,375,3.22,0.14
89675d03-664d-3156-1c70-70aa29ef76de,2023-05-02,TX-100,TX,Supplier D,319,24,405,4.14,0.98
eaabe11d-0b79-fadd-2612-41cf23644ef0,2022-01-13,TX-400,CA,Supplier A,214,8,263,3.7,0.08
dd45a00f-6730-357f-6f43-cad60b1df11f,2020-10-26,TX-400,FL,Supplier C,280,26,362,2.74,0.1
22324ab0-0772-fd36-1811-27e6b0f84310,2021-07-22,TX-300,TX,Supplier D,329,29,425,3.79,0.12
1e5394df-7689-cce7-11e6-4250add1a401,2021-04-03,TX-300,FL,Supplier D,259,20,330,3.68,0.49
8b95c691-8a99-1219-517f-66ecf6df9645,2022-09-16,TX-300,CA,Supplier E,327,17,408,4.26,0.13
5571ac8a-0e5a-b47a-e1eb-3326a01ded99,2021-05-23,TX-100,CA,Supplier C,377,18,470,3.79,0.59
ad0a97b3-85cf-36cc-ba08-2a36a5bc5d19,2020-05-29,TX-300,FL,Supplier C,357,28,447,2.99,0.31
40028f05-7a9a-2c5d-edb9-b856fe8cc89e,2022-05-02,TX-300,CA,Supplier A,375,21,470,3.99,0.05
49e33f24-2862-d39e-5409-38f7a585bb86,2020-02-04,TX-400,CA,Supplier A,249,16,320,2.91,0.02
ce5c72d0-4176-279a-1eed-cae5e31e325c,2023-02-06,TX-400,NY,Supplier C,210,20,267,4.02,0.09
6138c632-2b87-9ba0-6f6b-93f7eedd2fcc,2020-04-25,TX-500,IL,Supplier E,349,18,433,3.56,0.37
118b01db-49fe-bdff-c781-f47c0c4565bf,2021-06-15,TX-200,CA,Supplier B,328,21,411,3.5,0.53
64ce83e8-40aa-59ed-9f9e-9ff85e25c324,2020-08-15,TX-400,IL,Supplier A,355,33,451,2.82,0.5
5b520c7c-6cc2-4b8f-5ab7-a66da4fdb834,2022-11-09,TX-400,NY,Supplier B,241,20,311,4.13,0.26
c85f10e3-bcb0-ab99-6edc-ab6d1e469e27,2022-06-07,TX-400,TX,Supplier C,396,36,514,4.1,0.9
f08ff075-8d40-b9be-a6b0-131cfd6d87b2,2020-09-28,TX-300,IL,Supplier A,253,12,310,2.91,0.48
195618c4-d7d5-2eea-9f25-b2c6f0f2ec7d,2023-06-01,TX-100,IL,Supplier D,316,22,400,4.27,0.17
a116d555-cf75-555c-9dc4-b60e0dfaf454,2021-08-29,TX-300,TX,Supplier C,290,27,378,3.77,0.85
247d6de1-7106-468b-3bda-941cfcd4fde3,2020-10-23,TX-500,CA,Supplier E,271,15,341,2.74,0.95
bdf14099-07c3-76a4-ea06-618fce213453,2021-03-22,TX-300,TX,Supplier A,271,19,346,3.96,0.43
8e6741fb-d1ec-b38d-b8e1-d1771eab3689,2022-03-10,TX-100,NY,Supplier B,240,18,305,3.78,0.96
fd70356f-35e0-30c1-5592-7ade873ad4c3,2021-05-24,TX-400,NY,Supplier E,354,15,442,3.79,0.49
3cd88dac-d5d2-7a00-585a-1f24f93732a8,2023-06-30,TX-500,TX,Supplier E,440,27,557,4.27,0.37
4e47c221-ad36-59f0-95e1-0a8ae7129817,2020-06-20,TX-400,IL,Supplier E,287,14,358,2.68,0.49
935009cb-daef-8228-ce9e-ef59ba288eb1,2022-10-04,TX-100,IL,Supplier A,272,21,349,3.97,0.2
5f2125d1-b605-8df7-9256-6cb85e3bcd75,2020-11-12,TX-500,CA,Supplier A,272,19,348,3.1,0.77
84fd593d-84ed-4320-7995-ebfac5633816,2020-05-15,TX-400,NY,Supplier D,336,25,434,2.99,0.66
78493ed8-ab03-09fd-377d-759ab50e02f5,2022-09-25,TX-300,TX,Supplier E,257,14,320,4.26,0.86
089478b0-fbd1-68c5-558d-e47c9aa5bbfa,2020-08-16,TX-200,NY,Supplier E,323,17,407,2.82,0.88
43cf4e02-1c90-cf35-bc9a-dbb21ab00a7a,2022-06-23,TX-300,FL,Supplier A,291,16,366,4.1,0.94
c7540f28-6db5-c8ef-32d4-6f9737350434,2021-08-20,TX-400,CA,Supplier B,380,29,490,3.77,0.51
9fec7b6b-a801-c69b-d97d-d56a5abcd7fd,2023-07-11,TX-500,FL,Supplier C,388,33,501,4.02,0.59
c328a66b-b095-1682-ed53-1418780e2bc9,2021-07-13,TX-200,FL,Supplier B,336,25,433,3.79,0.44
b3363fc7-9179-3111-1208-9971558a77e6,2022-08-20,TX-200,NY,Supplier B,309,20,397,4.49,0.47
9c9fc7f3-9207-61e8-5f86-36f91d33ccb3,2023-01-15,TX-200,CA,Supplier A,226,17,287,4.33,0.03
067d74b8-698a-0429-ab0b-92c382295886,2022-08-28,TX-400,TX,Supplier E,308,18,393,4.49,0.89
dfd78517-4db9-3fb8-3acd-a9c838d552d2,2020-06-09,TX-100,IL,Supplier B,319,30,407,2.68,0.69
8462e974-d550-7b46-a6b5-046f08027566,2022-08-25,TX-500,IL,Supplier D,344,34,451,4.49,0.85
70f53f49-2b44-6e63-d271-0e4d88ff3e8c,2023-02-20,TX-500,IL,Supplier E,272,16,344,4.02,0.22
235ace4a-7b8a-ce15-91bd-ecd97d995adf,2023-03-15,TX-300,CA,Supplier B,241,21,313,3.74,0.07
716533cf-1bd0-7131-ed38-311acf48ae2f,2021-08-29,TX-200,IL,Supplier C,305,23,388,3.77,0.85
e0ba93b4-627a-6fe8-a8be-28ac633abe62,2022-06-30,TX-100,TX,Supplier D,291,30,379,4.1,0.43
3919eb50-f118-5117-eb62-e69f34519e60,2022-04-01,TX-200,CA,Supplier D,350,25,448,3.88,0.02
43890839-33a5-edfc-c2dd-26806cae467e,2023-07-04,TX-400,CA,Supplier A,348,26,441,4.02,0.77
29c1212f-817c-55ad-8638-e5bee38adac4,2020-04-27,TX-300,TX,Supplier D,290,24,372,3.56,0.81
6fee80ed-9652-11af-da92-ae699a2cc7bd,2022-05-07,TX-400,IL,Supplier D,311,20,392,3.99,0.11
3e30ea35-1649-bdd3-85c9-8a4017acb5ac,2022-08-01,TX-400,NY,Supplier B,360,26,462,4.49,0.21
0e77ec57-7c82-bae1-95e8-5cb3e0315787,2022-12-18,TX-200,FL,Supplier B,207,24,268,4.43,0.1
f3a0c2c5-3674-8d74-be2b-696015a80206,2021-04-01,TX-400,TX,Supplier B,317,20,402,3.68,0.31
89be63a2-8ae5-40b9-feac-7ec5145353a8,2022-08-31,TX-500,NY,Supplier B,325,26,420,4.49,0.53
15b042a0-43de-3d32-2627-495d7c908a4e,2022-10-18,TX-500,IL,Supplier D,287,20,359,3.97,0.61
8593c5aa-14d6-8848-47cf-18a9aae00c96,2022-06-12,TX-300,TX,Supplier A,338,28,437,4.1,0.41
08102f5d-a89c-9dd2-a5e3-05924a18158f,2022-03-26,TX-400,IL,Supplier A,303,21,386,3.78,0.9
37ad9394-7345-2a2d-39d1-640c292473ad,2021-01-11,TX-400,FL,Supplier B,185,10,234,3.45,0.24
764613ae-5ed6-2de3-a03f-529742d96d39,2021-09-03,TX-400,TX,Supplier C,352,26,446,3.71,0.89
2d64f00e-bfc6-08b0-637e-77c4aef75826,2020-10-16,TX-400,TX,Supplier D,253,17,318,2.74,0.94
b907ac5b-3b68-8d3e-3fec-f94be5cc8498,2023-05-20,TX-100,NY,Supplier E,311,16,388,4.14,0.93
3ac35b5a-bbf8-fb50-2cc6-37a2f8fa07a3,2023-10-13,TX-200,IL,Supplier C,273,13,338,4.1,0.61
b192bb0c-e101-5cbc-a722-6c5a772c25a5,2021-07-11,TX-300,NY,Supplier E,264,19,333,3.79,0.11
74dbcbc2-07c2-d387-6799-af8b76dd6cfb,2020-10-20,TX-100,NY,Supplier C,206,18,265,2.74,0.59
4775d0c1-64f7-7332-e253-45672f513db6,2022-09-19,TX-400,CA,Supplier C,316,31,409,4.26,0.66
bd64d256-2388-2b8f-396e-0edb9acac11f,2021-03-09,TX-400,FL,Supplier B,282,20,355,3.96,0.32
e58ee22a-6194-a403-1bca-b52da822cb1b,2020-12-23,TX-500,FL,Supplier E,243,14,310,3.4,0.84
d331d925-b369-bdc6-02eb-2d87949d00d3,2021-08-10,TX-500,IL,Supplier C,307,14,381,3.77,0.71
8a2df665-01e8-9cc7-2a1f-a621a5df05df,2020-04-02,TX-100,FL,Supplier A,287,23,374,3.56,0.94
aa805aee-b1a5-74a4-6a91-2d663b6a4f45,2023-09-02,TX-400,IL,Supplier D,305,29,391,4.06,0.94
a8b10d20-8e0f-7be5-0dd0-114af80818ce,2020-03-16,TX-400,FL,Supplier C,247,18,309,3.22,0.49
273deb8f-be09-b83a-7016-0f945a3bef17,2022-11-23,TX-500,TX,Supplier B,242,9,300,4.13,0.39
36c66c75-df13-fb7a-9031-029ce0e2ec49,2020-08-04,TX-200,NY,Supplier A,269,15,333,2.82,0.28
e4df71a4-4420-ddb4-39ef-def4485a66e2,2022-11-28,TX-100,CA,Supplier C,194,20,251,4.13,0.62
1eeff16e-574e-3c73-1fa8-7d4e63143ec2,2021-02-02,TX-300,IL,Supplier D,226,18,288,3.82,0.05
34477d3c-1b5f-1748-a612-2406dd161bbb,2023-02-04,TX-400,FL,Supplier A,224,20,286,4.02,0.75
b780bc81-c180-120f-f49b-02ddd382b835,2023-12-24,TX-500,NY,Supplier D,236,22,302,4.33,0.43
45c2ee98-ce81-b771-b9a3-5d5383b22623,2020-07-13,TX-100,FL,Supplier D,313,25,399,2.82,0.61
33142232-8be3-9b30-99ff-cb480a35ba33,2022-05-05,TX-300,TX,Supplier B,356,28,456,3.99,0.65
5e9b14de-7de3-d79e-d82c-d3700a3a9a27,2023-09-10,TX-200,IL,Supplier C,279,23,356,4.06,0.57
395ffa69-fd83-dea2-77ba-f115dc25c605,2020-09-13,TX-300,TX,Supplier E,286,18,359,2.91,0.39
c8bd21ea-c270-724b-bdb5-4296a4347c96,2022-09-02,TX-400,CA,Supplier E,368,16,454,4.26,0.3
d31106be-877a-7870-3848-b71d526962bb,2020-12-26,TX-100,CA,Supplier D,197,11,249,3.4,0.67
756ad6a7-c7d5-edcd-6bd7-6380343cd5e9,2020-12-18,TX-500,NY,Supplier B,181,13,231,3.4,0.78
f8c03764-ee94-7f2c-a8b0-55e642018492,2021-06-20,TX-300,FL,Supplier C,354,29,450,3.5,0.18
cb85643f-0a96-038b-1615-8d3183128d5e,2022-03-01,TX-300,IL,Supplier A,236,14,301,3.78,0.01
0ea8d683-26c2-51c1-e587-72f4a203df46,2023-05-24,TX-500,IL,Supplier A,372,17,465,4.14,0.57
6e4630e6-b3d6-986c-a13b-c0025d55761f,2020-11-21,TX-500,CA,Supplier B,250,29,329,3.1,0.15
c333a525-6ef6-43c9-2add-e05d1327eba3,2020-12-17,TX-300,IL,Supplier D,198,13,248,3.4,0.92
9a40fef8-ab9b-ac17-75e6-bc42d807998c,2022-10-02,TX-100,TX,Supplier D,267,21,340,3.97,0.67
8a8250a3-70bb-17f4-3eef-f110662378ad,2023-12-01,TX-200,CA,Supplier E,223,10,282,4.33,0.42
c6446d08-2a9b-9d0f-e9c3-cececff16846,2020-01-16,TX-300,IL,Supplier D,176,17,228,3.17,0.55
a7412d89-7105-df80-d771-8be7f725b5fe,2021-03-16,TX-100,FL,Supplier A,221,15,285,3.96,0.7
507b7187-69f0-6cdb-2306-2cfbcde53f6f,2022-11-11,TX-300,TX,Supplier A,229,13,286,4.13,0.41
e081aec5-5b09-5ba2-cb7e-ec110514536f,2020-07-15,TX-300,IL,Supplier D,270,30,352,2.82,0.6
17233e9d-f9e5-4ee8-a517-e2a0ceea7a03,2021-12-02,TX-100,IL,Supplier E,178,12,223,3.84,0.32
de395690-93dc-b324-ba39-1a9064b096d4,2020-09-14,TX-400,NY,Supplier D,256,21,331,2.91,0.64
247e2d7f-50b9-69a3-2085-734f0b4bd6f7,2021-03-11,TX-100,IL,Supplier B,229,22,297,3.96,0.42
9df3cd49-aab8-29a7-dd7d-a94929539622,2021-04-30,TX-400,CA,Supplier C,304,19,382,3.68,0.21
9d74e150-2496-5e98-057c-df3430dea8d3,2021-05-09,TX-300,FL,Supplier D,279,23,356,3.79,0.14
6cbae22d-67c9-9f5b-3e21-c405ad5318c4,2020-02-29,TX-200,TX,Supplier A,248,11,313,2.91,0.9
22fb93ba-a75f-4eee-5fb6-f0c900c56476,2023-01-14,TX-300,IL,Supplier C,215,22,283,4.33,0.77
94dd23e1-3673-0b20-d4f0-5a4779fbcd24,2023-09-09,TX-400,NY,Supplier A,274,12,342,4.06,0.92
b78fd2b1-8391-a06c-42d9-7a513c1b33dc,2023-07-15,TX-100,TX,Supplier B,345,17,436,4.02,0.81
08e909e4-c791-ea23-01dc-b53855998d33,2021-10-27,TX-100,IL,Supplier C,193,15,247,3.51,0.19
14782c3a-5167-0cfb-1311-88fab56d255e,2022-09-24,TX-100,TX,Supplier E,268,11,337,4.26,0.78
feb15b47-a22e-6392-3905-0539abae6d42,2023-12-18,TX-200,TX,Supplier A,215,19,280,4.33,0.63
a1e6dce8-f246-1b4c-1eae-b9c11b7a449a,2023-03-07,TX-100,NY,Supplier A,194,12,248,3.74,0.83
2189f154-c380-2c85-f420-6e1bee22019f,2023-11-13,TX-200,TX,Supplier D,225,20,286,4.32,0.18
828d3f03-8ac3-73b1-ac5e-f7cee1f7f342,2020-02-06,TX-500,TX,Supplier E,225,15,280,2.91,0.72
159981ef-1073-4084-8e61-2d3335a4dd07,2023-10-25,TX-100,NY,Supplier B,204,22,266,4.1,0.06
02b5d7a2-ad26-a4a8-a342-f9a93312edf3,2020-03-24,TX-400,IL,Supplier D,245,20,315,3.22,0.35
6ab2f5de-5446-fa7e-fcda-eb8d0e3ce982,2023-06-24,TX-400,TX,Supplier B,399,36,522,4.27,0.5
e876b02a-ab3b-21f9-69f4-0f71a466ff48,2020-05-01,TX-500,NY,Supplier A,322,28,417,2.99,0.52
0065ba6f-d0d0-1a70-1ef1-9d49c3e60dca,2020-08-21,TX-400,TX,Supplier B,384,33,490,2.82,0.25
0c268957-12f3-c1ea-0ea2-99feb55896b8,2021-02-10,TX-200,FL,Supplier C,253,18,323,3.82,0.98
f548fd43-e2eb-032b-4d81-482670809e92,2023-12-07,TX-100,NY,Supplier B,172,16,220,4.33,0.98
473ed3e8-4e67-a4d8-3971-76793251d1a6,2022-04-02,TX-100,TX,Supplier D,291,23,376,3.88,0.98
1756c62a-fa44-3be0-131a-775afbaa75f3,2022-09-08,TX-200,CA,Supplier A,352,21,445,4.26,0.72
9128c650-2e7e-1d9a-66f9-7e9d15bee87b,2022-10-02,TX-500,NY,Supplier E,239,15,301,3.97,0.67
8638d275-8045-d29e-a4ac-b637fdea3a5b,2020-06-12,TX-400,CA,Supplier D,416,30,531,2.68,0.8
c80325d9-0021-8d61-5d0c-e3f79521c9b9,2021-08-15,TX-500,NY,Supplier B,361,31,466,3.77,0.05
355ec1fb-850a-28db-a605-4ca00a56d127,2023-04-24,TX-300,FL,Supplier B,285,20,358,3.94,1.0
b5d6a395-8931-0b3d-0ea6-64dacdaa0505,2023-04-30,TX-300,CA,Supplier B,352,33,449,3.94,0.81
47bbe573-b31b-4bba-471d-37ac2ff43de6,2020-12-28,TX-200,CA,Supplier A,212,19,274,3.4,0.09
de02ec5f-5cba-a1ee-44e8-09d878a20537,2021-08-19,TX-300,FL,Supplier E,282,13,354,3.77,0.0
5dc58594-e5fe-c1e9-2d39-22a5717ebfe3,2023-01-04,TX-100,CA,Supplier C,190,10,239,4.33,0.89
dc91c33f-9c9d-227b-d5da-3d3aaddcbc9e,2021-01-15,TX-300,CA,Supplier C,247,30,327,3.45,0.93
9d3c35e2-7791-85e3-be8e-97392396565d,2021-01-02,TX-300,TX,Supplier E,197,17,250,3.45,0.78
dc942f83-02d6-7953-6bb1-7225da45df7c,2020-01-05,TX-400,TX,Supplier C,231,17,287,3.17,0.71
6b9a45a8-e0e8-0d8f-8aa6-fe7b98cee5f2,2020-07-13,TX-300,TX,Supplier C,336,22,429,2.82,0.61
b66c88c1-856c-0a12-54bd-96d3221e1c2c,2022-01-30,TX-400,CA,Supplier A,277,24,356,3.7,0.0
0ca3ba14-2f24-2923-5070-3f9b96dfa3fa,2021-05-12,TX-500,CA,Supplier A,385,21,486,3.79,0.08
bde7abbe-87d7-053e-06ca-74d17d2d6f57,2020-05-24,TX-500,IL,Supplier D,347,20,441,2.99,0.15
0f2aa2d1-76cd-8f82-202e-0fc63a800edf,2022-12-31,TX-200,TX,Supplier B,194,14,246,4.43,0.32
435bcaae-c810-73f1-5f0c-0543990fe84c,2021-09-25,TX-500,IL,Supplier E,336,16,419,3.71,0.45
ada16b12-165a-68f5-2bd2-99a0a1b2154e,2022-09-04,TX-400,TX,Supplier D,350,32,450,4.26,0.37
e3844509-d430-c506-d059-592bb449f28e,2023-08-04,TX-400,NY,Supplier C,286,22,362,4.06,0.38
3bc0cfd8-06a0-178c-52fa-7984d405e738,2023-08-19,TX-100,CA,Supplier C,377,27,487,4.06,0.65
e6459bd4-9cbd-8dbb-7acf-6c38361808d6,2023-10-19,TX-400,CA,Supplier A,317,19,398,4.1,0.52
44846c50-4d30-6884-b304-3b18aa2a91f0,2022-08-10,TX-300,TX,Supplier D,362,30,459,4.49,0.13
cb162279-52b4-83a0-fd00-5bcdddcf6e5c,2020-01-11,TX-400,CA,Supplier B,231,11,290,3.17,0.67
c1805c51-71a1-a4af-77ab-011a77668cc1,2023-07-20,TX-500,IL,Supplier A,399,29,502,4.02,0.42
43ea6520-c57b-6099-944f-6531103dd084,2020-10-17,TX-300,FL,Supplier E,260,19,335,2.74,0.14
c70d8815-e704-1a5a-33ff-5be0ae3a698e,2022-04-23,TX-100,CA,Supplier A,351,24,443,3.88,0.1
2c237007-4b01-7437-93e7-0b5da72a882f,2021-10-28,TX-500,NY,Supplier A,214,21,277,3.51,0.56
ba2356d8-155a-ecca-b7b4-09e507351ad2,2023-03-28,TX-400,TX,Supplier C,344,22,434,3.74,0.2
8ae662d3-c645-8224-8222-565b200d8b5b,2020-02-02,TX-100,TX,Supplier C,197,15,253,2.91,0.81
80f04681-c60e-5e19-16e2-0cb8f87ed994,2022-04-06,TX-300,FL,Supplier C,309,24,400,3.88,0.39
0fa4a564-8843-f947-2878-6c8410b608ba,2022-05-04,TX-100,CA,Supplier B,321,20,407,3.99,0.96
42f9856b-f621-90c1-8440-c85923b8c297,2021-10-25,TX-300,IL,Supplier D,227,22,289,3.51,0.9
114c15d8-72e3-fb7e-82b7-b70478367a43,2020-03-16,TX-500,FL,Supplier E,258,15,326,3.22,0.49
41ce4754-4879-9ea5-2676-18e0666184fd,2022-05-18,TX-400,TX,Supplier D,338,30,438,3.99,0.3
a2728c66-4a8c-6890-2b9a-06e70ef10460,2023-07-24,TX-200,FL,Supplier B,320,24,406,4.02,0.79
ce9f4604-bc99-6646-89ea-4b7f1c3611cc,2021-06-19,TX-400,NY,Supplier A,281,25,358,3.5,0.63
f09a60e8-aa3a-0ca1-e83a-5b6328b14464,2022-03-07,TX-500,NY,Supplier D,280,24,363,3.78,0.4
34090034-330f-9244-b2fe-1f39400b6b64,2022-04-02,TX-200,IL,Supplier A,281,22,363,3.88,0.98
de96356c-3716-d21a-213f-e38d63818146,2022-06-10,TX-200,TX,Supplier D,353,34,455,4.1,0.85
8351a8d0-91e3-c2a7-2d5d-cf9ddc466c27,2021-09-16,TX-400,IL,Supplier B,304,26,387,3.71,0.6
4ef5cf75-e435-72d0-c1db-515d416a08c2,2020-06-24,TX-500,FL,Supplier A,404,46,534,2.68,0.92
223e27aa-5251-7b98-b934-8950b00acbc3,2022-07-04,TX-400,FL,Supplier D,357,35,460,4.71,0.48
04062e5e-b1d9-5c7f-8ad8-54eb34393895,2022-02-09,TX-300,CA,Supplier D,275,35,364,3.6,0.05
648552b4-388c-6dd8-8260-0d05264fcdfd,2023-10-19,TX-200,NY,Supplier B,233,22,303,4.1,0.52
5989224a-f7f5-b289-9bc0-badc7eab0590,2020-10-16,TX-300,CA,Supplier B,289,20,368,2.74,0.94
7559ac6c-84b4-3c48-065d-5346c05a7de7,2022-12-27,TX-300,TX,Supplier E,196,16,251,4.43,0.79
16c1c82e-657d-5dde-16b4-78586381fa62,2023-04-04,TX-300,TX,Supplier E,281,17,352,3.94,0.13
e1193687-726f-f251-3ba5-524a33ff6011,2023-09-17,TX-500,CA,Supplier E,401,18,502,4.06,0.29
9e28e46e-7f82-9c95-e4a8-fa528e7b7ef5,2023-09-11,TX-500,IL,Supplier D,307,25,393,4.06,0.4
44e85b30-42c0-bb56-5bce-3abbfd2980f9,2022-06-20,TX-400,TX,Supplier A,336,24,430,4.1,0.25
5cf70a30-148d-f2a0-b96a-f024f90d924e,2020-11-28,TX-100,NY,Supplier E,162,8,203,3.1,0.78
4caec565-c907-f905-a3de-ffeed7c33c76,2020-01-10,TX-200,IL,Supplier D,192,16,248,3.17,0.11
a178ee87-1595-00af-656c-196fe65549cb,2020-01-12,TX-200,FL,Supplier D,232,17,294,3.17,0.47
65f8be1e-31a3-6f5a-64d8-bc4e8445564b,2023-11-25,TX-200,FL,Supplier D,203,18,264,4.32,0.52
37d756d2-9285-5869-67f4-70bd34dee688,2021-02-18,TX-100,TX,Supplier E,209,8,261,3.82,0.58
ebda26c6-1843-f59f-6adf-aecacfa5b291,2020-08-21,TX-200,FL,Supplier D,339,29,435,2.82,0.25
6c99a90e-8b89-2a49-a171-e0dfc32fa7aa,2021-03-01,TX-500,TX,Supplier C,266,29,349,3.96,0.3
86b099d7-4d32-5a34-5c84-9fd7764e6612,2023-09-02,TX-500,FL,Supplier A,361,28,458,4.06,0.94
3a7b0eac-d710-67d2-3681-d01738707661,2021-12-15,TX-300,NY,Supplier E,155,4,187,3.84,0.92
5ae7a080-5a85-4261-9f00-965d344813f1,2020-03-06,TX-300,TX,Supplier E,269,9,335,3.22,0.86
046e556d-dacd-92eb-f957-f2f9a3f0e52d,2021-12-11,TX-300,FL,Supplier E,212,15,270,3.84,0.71
1e33f5fd-9253-20ff-a9d7-29d3d7c4cb30,2020-12-10,TX-500,IL,Supplier C,225,17,285,3.4,0.01
b86452fc-7161-2777-422a-6531f4b076f7,2023-11-14,TX-100,FL,Supplier D,247,23,318,4.32,0.32
d49aaec4-0067-f942-92db-b429e2ae40ee,2020-06-19,TX-500,TX,Supplier B,350,29,449,2.68,0.3
cc297518-2f1f-4b08-9e0b-91792e651f7b,2022-03-24,TX-200,IL,Supplier D,277,19,353,3.78,0.57
66c6ab70-d88b-9d63-2a76-6aa572b323ad,2023-11-09,TX-300,FL,Supplier A,260,17,322,4.32,0.95
f35ba9b6-5824-0357-f775-203870d06d3e,2022-05-19,TX-100,NY,Supplier A,269,17,339,3.99,0.55
e23bf3cb-0b74-ac01-9043-52c0998694f4,2021-03-10,TX-300,NY,Supplier A,214,13,272,3.96,0.04
131244d4-c987-75de-fb39-df725abde3cb,2021-05-28,TX-500,CA,Supplier B,358,26,458,3.79,0.64
630f76e7-605f-2ec4-10b6-0e091ec95d1e,2020-04-26,TX-200,CA,Supplier E,329,23,413,3.56,0.83
adcb98e3-58a1-c14f-cc85-e49a21922f84,2020-09-05,TX-300,FL,Supplier B,250,13,312,2.91,0.78
06aa9f07-1768-c1bc-8d1c-caa425cbdc6b,2021-10-28,TX-200,FL,Supplier E,249,24,324,3.51,0.56
71e6520a-7746-a41a-cd98-b46c29737a69,2020-06-10,TX-300,TX,Supplier A,358,31,458,2.68,0.58
cb4cd9cb-c496-0a08-e328-87a6534d764f,2020-04-08,TX-100,CA,Supplier D,271,15,338,3.56,0.44
276e920b-b2d1-5cc9-3351-151e2d2e3fc9,2020-05-21,TX-200,TX,Supplier E,348,23,444,2.99,0.24
98abc410-a261-7067-5292-7e4c57fbeaee,2023-05-09,TX-500,TX,Supplier C,394,29,499,4.14,0.13
54bde24b-88fb-82ca-3bde-e64e5afa6385,2023-08-27,TX-200,CA,Supplier B,306,17,382,4.06,0.96
df7c95d4-98e0-80f8-1d30-c2ffa9877e57,2022-06-25,TX-300,NY,Supplier B,286,16,359,4.1,0.78
a8363f8f-b695-0ff0-8038-a2c673efbddc,2023-11-10,TX-300,TX,Supplier A,238,16,301,4.32,0.38
edf324cf-3763-d11a-22cd-b816296f5e9e,2021-10-09,TX-400,FL,Supplier D,302,25,383,3.51,0.59
0682011b-e485-a568-e406-0f36428b9ae5,2022-12-13,TX-300,CA,Supplier A,255,15,320,4.43,0.69
c535b990-c163-132b-cc06-a2bf7774afa8,2021-07-20,TX-500,CA,Supplier A,396,17,490,3.79,0.75
970b4a0e-eddf-67a9-8bd1-80878a0c2462,2020-05-24,TX-200,TX,Supplier D,308,25,392,2.99,0.15
72ba8d16-5a2c-4508-e592-c419c6c9d8d2,2021-07-10,TX-500,IL,Supplier D,334,32,433,3.79,0.87
3d0613f6-944d-992a-b00b-5fb3e18a0bc8,2021-09-09,TX-400,TX,Supplier E,307,20,387,3.71,1.0
feab0865-0526-3919-71be-2ad4f70139a3,2021-09-09,TX-500,FL,Supplier B,318,20,398,3.71,1.0
0328fa68-36df-6dc0-dddf-f5f0d1714c3a,2022-10-27,TX-400,CA,Supplier A,255,13,324,3.97,0.24
f43078ee-472c-8ce7-51a3-3a6fdf1fbec8,2022-05-11,TX-400,FL,Supplier B,385,30,490,3.99,0.88
fd70c183-167f-0cff-f740-f4c6eb353d89,2020-12-18,TX-100,TX,Supplier D,178,18,235,3.4,0.78
c1c8408c-b428-f8f7-8b94-4c522abc0562,2021-11-26,TX-500,IL,Supplier E,199,16,256,3.9,0.49
aa456923-4d1a-7092-d2ba-72c739e8acde,2020-10-17,TX-100,IL,Supplier D,210,12,263,2.74,0.14
7f2abf4e-ec63-9fbb-c660-56d854ed1765,2022-02-09,TX-400,NY,Supplier D,209,29,280,3.6,0.05
b7bdd924-bd50-5d81-7a1f-a2fe8c2aa427,2021-09-20,TX-500,FL,Supplier B,357,32,463,3.71,0.13
0074746b-adc7-cd8a-03ea-00cf132dee82,2021-07-23,TX-100,FL,Supplier E,274,23,351,3.79,0.04
ecd398c0-3e71-dfd7-ce30-ccebc4ffcbfc,2020-06-07,TX-100,TX,Supplier C,327,28,423,2.68,0.12
23250a8d-615a-8928-6723-fee003d062a3,2020-06-07,TX-400,TX,Supplier E,375,26,474,2.68,0.12
7643cfbe-8ecd-dcd7-ddf1-627f253c0051,2021-03-15,TX-200,TX,Supplier E,237,16,301,3.96,0.57
8202da5d-e6e1-9ded-79f5-dc9d3201c222,2021-03-24,TX-500,IL,Supplier A,323,22,404,3.96,0.36
81a7097c-1681-5ce0-e5ab-b830d3ef856c,2023-09-17,TX-400,CA,Supplier A,338,25,428,4.06,0.29
8f2b9eac-a828-2662-322f-7cb9b328a690,2020-04-23,TX-300,FL,Supplier A,323,21,408,3.56,0.04
81e563b8-e8c9-c894-1a55-4b777b89d8d9,2020-09-20,TX-500,FL,Supplier A,295,19,376,2.91,0.37
3c992555-50d9-9724-de3f-17553ed20fad,2023-02-17,TX-400,TX,Supplier D,298,35,391,4.02,0.98
36e0a32e-1a8b-5fc7-f60f-63aedb4380aa,2023-03-11,TX-100,IL,Supplier B,241,14,309,3.74,0.52
ee628828-532f-46a9-5778-7419f52b0404,2022-06-18,TX-100,TX,Supplier B,295,22,378,4.1,0.34
4a7101c5-06e4-632a-97e2-da8f48473bcd,2020-04-27,TX-200,CA,Supplier B,321,24,414,3.56,0.81
47656144-0fa6-2ca5-210d-13bacc7264ff,2020-12-29,TX-500,IL,Supplier E,223,9,282,3.4,0.9
fe128de2-c3f0-716e-1aa1-6826a66a4735,2022-11-17,TX-300,FL,Supplier B,240,20,306,4.13,0.34
d640a800-c5c7-d23e-123a-7ec78e88e8d8,2022-11-29,TX-500,CA,Supplier D,261,23,332,4.13,0.93
c8b35b09-cfb2-13d7-8f5c-8e45c27006d5,2022-09-02,TX-300,CA,Supplier E,292,21,370,4.26,0.3
a94e1f04-d4a6-2b0b-58ec-5cb81a8ffaef,2021-07-22,TX-200,CA,Supplier E,319,13,397,3.79,0.12
a72e369d-f95d-2df4-1932-9da372e71660,2022-02-16,TX-200,NY,Supplier A,186,12,233,3.6,0.23
be9a1caa-e675-c365-ada5-370698216068,2023-04-04,TX-200,FL,Supplier E,294,16,366,3.94,0.13
b44c4299-bd7a-5e7b-1a31-313fc30a7f0c,2020-04-07,TX-500,TX,Supplier B,372,19,462,3.56,0.52
709429fb-bd4e-48eb-d247-7f052461f0c2,2021-06-27,TX-500,NY,Supplier B,361,24,463,3.5,0.6
c7ac1346-e4cc-a7c3-e43a-9f33f690891b,2023-02-11,TX-400,NY,Supplier A,196,13,245,4.02,0.99
924f19bf-3987-2356-c47c-1a2066c17388,2021-09-06,TX-100,TX,Supplier A,273,24,352,3.71,0.34
90ae532a-342f-df1d-fdc0-1a5c42c24e28,2021-11-01,TX-500,FL,Supplier B,268,32,358,3.9,0.51
9d341f97-e347-fd37-c0b7-110520819c6e,2022-05-04,TX-400,TX,Supplier D,335,30,426,3.99,0.96
3d529a17-2bb2-f2e9-0f1f-91b523ed008f,2022-04-05,TX-500,CA,Supplier A,352,30,463,3.88,0.89
6a2380ba-3248-3cbd-0478-d0755bacd100,2022-01-30,TX-100,TX,Supplier D,184,18,235,3.7,0.0
6f025461-b75f-9666-5fdf-1d63c6bee521,2022-07-30,TX-500,IL,Supplier B,310,28,398,4.71,0.75
2e775d74-6258-0a44-9cc5-e973208b4534,2020-07-15,TX-300,NY,Supplier C,302,27,392,2.82,0.6
6d33cab1-caaf-4ad8-bb02-f3fa834b4f7f,2020-10-16,TX-400,CA,Supplier E,269,23,346,2.74,0.94
9910a743-029c-4b13-cee7-5ecbbe3b9157,2023-07-14,TX-400,NY,Supplier D,364,34,474,4.02,0.1
f48f32a8-70bc-7df8-2554-fbe460e60e94,2022-05-17,TX-300,IL,Supplier D,278,24,358,3.99,0.14
01d56efa-d266-ce6b-d9d7-f456427f6b0f,2022-08-14,TX-400,CA,Supplier B,335,17,426,4.49,0.92
a1b23035-3687-5755-1d89-4b3cb316f300,2023-10-02,TX-100,FL,Supplier B,261,9,327,4.1,0.7
b6f36d19-4c72-8d91-b773-1f14bfc28099,2020-07-08,TX-400,TX,Supplier D,383,42,504,2.82,0.11
69d332cd-f52e-01d3-7390-b4c2c97fb78e,2020-09-03,TX-500,IL,Supplier D,355,27,450,2.91,0.98
4e03aee6-bdfa-67a4-2fe5-40f26319c444,2021-01-09,TX-200,CA,Supplier E,233,16,297,3.45,0.61
4c6bae6c-bed5-1050-d442-2d6032e54f61,2023-01-02,TX-500,FL,Supplier A,227,16,286,4.33,0.8
8ade386f-3b4e-cdb5-eba5-43f32a57338c,2021-12-25,TX-400,CA,Supplier B,227,18,297,3.84,0.0
6652951e-cf3d-9983-ba2f-82605ca8b5be,2023-02-17,TX-300,IL,Supplier D,193,22,253,4.02,0.98
2d9253e6-9e05-9b43-c568-03f56ccc5b80,2020-09-01,TX-100,NY,Supplier D,286,29,366,2.91,0.84
c4aed9c6-dd08-dfc6-37c5-6ebea094f239,2022-11-27,TX-300,CA,Supplier C,251,23,321,4.13,0.42
6aa1d12b-1224-f066-fa2a-6ad2aac18dba,2021-11-21,TX-500,TX,Supplier C,252,14,317,3.9,0.0
370d9287-b2c1-5bb3-cf4f-e32b5ee99890,2022-03-04,TX-200,TX,Supplier B,255,22,324,3.78,0.41
33868de3-3314-93e9-8738-3af36e928d66,2022-12-16,TX-400,FL,Supplier B,210,23,275,4.43,1.0
1ce3ef5a-8878-13e5-f314-626e86e20613,2020-01-04,TX-200,CA,Supplier B,228,8,288,3.17,0.66
f7ef6fd6-a5fd-aafb-fa19-2c5d71ec953e,2022-11-18,TX-200,TX,Supplier B,233,12,291,4.13,0.8
d79d6950-e7cc-b2ed-5f25-c6304213f144,2023-05-22,TX-100,FL,Supplier E,313,9,383,4.14,0.33
a462b009-068e-99d1-a964-6f520d7e3732,2022-02-28,TX-200,FL,Supplier C,273,18,347,3.6,0.51
b21e0a46-3e91-2945-4ecd-0899d89b9385,2023-12-23,TX-200,IL,Supplier B,197,17,253,4.33,0.37
aa61b35a-e5d8-e45d-1efd-7d63daea4ffe,2023-08-14,TX-300,FL,Supplier D,344,29,442,4.06,0.95
f2110614-7b73-c57d-ca1a-e911bd88c0d1,2023-08-07,TX-400,IL,Supplier B,296,27,381,4.06,0.46
258705e0-dd9e-06c2-3f4e-98118201bd65,2020-04-11,TX-100,FL,Supplier B,229,18,296,3.56,0.9
2cb33f71-7406-2b0b-3bd0-9ce1a9863f5d,2022-04-19,TX-500,CA,Supplier C,333,23,423,3.88,0.68
54ecd43c-fcaa-ec70-982d-5fdcbd469810,2020-08-27,TX-200,IL,Supplier D,275,21,352,2.82,0.1
33a33040-c542-baa2-4ab4-0721cf659475,2022-09-08,TX-300,TX,Supplier B,333,27,425,4.26,0.72
0962e595-37fa-5a10-6f76-d3bf7e8fa998,2020-02-28,TX-300,IL,Supplier D,242,17,308,2.91,0.1
bf9b8494-6fc3-2bb6-d61e-b49f3270b50e,2023-11-16,TX-100,NY,Supplier E,223,11,276,4.32,0.67
f240d47c-50ce-01dc-c449-1de460661da6,2020-07-11,TX-200,FL,Supplier E,363,16,454,2.82,0.23
8b9d5180-1299-d05c-3cfd-8ffcc34b4f8a,2023-06-24,TX-400,CA,Supplier D,389,27,492,4.27,0.5
653135f4-1944-4c9c-d2b1-a6a82725624d,2020-03-30,TX-200,TX,Supplier C,289,21,368,3.22,0.08
3cc94125-16d0-796d-6f8c-433481e161ad,2022-01-09,TX-200,TX,Supplier C,231,19,294,3.7,0.6
4dbd19ac-acee-a873-cec9-ffad9b026da0,2023-03-02,TX-400,TX,Supplier B,233,14,296,3.74,0.6
1cc0cb56-893f-bbf3-63b9-fc68f16959b9,2021-12-11,TX-300,CA,Supplier B,216,21,281,3.84,0.71
db2e8e79-6e53-b504-2667-64e93567e9ca,2023-04-03,TX-300,TX,Supplier E,326,15,411,3.94,0.18
794f8005-90b4-f45f-cde3-2dcdb4e2643b,2020-02-09,TX-300,FL,Supplier E,184,11,230,2.91,0.5
7ee8005b-6733-482e-671e-b29cca55a666,2023-11-14,TX-300,NY,Supplier B,227,17,293,4.32,0.32
250d4f0b-2099-5ed6-3ad4-87fac9a8acfe,2022-02-20,TX-500,NY,Supplier C,262,22,335,3.6,0.55
f1cd68ce-7696-53de-2054-5aa9b9850d7a,2023-01-09,TX-400,TX,Supplier D,224,18,291,4.33,0.53
51381451-286e-20c7-87c0-67c8a090411c,2020-04-17,TX-400,FL,Supplier D,257,23,332,3.56,0.66
84772ae8-1afe-f2e0-11f0-2bc8c480d444,2020-02-04,TX-100,NY,Supplier C,171,16,221,2.91,0.02
78441a5e-b595-712d-bafc-b7b49696afb1,2022-10-01,TX-400,FL,Supplier B,329,24,424,3.97,0.28
da4c6e53-6a72-1db2-c5cd-92d2ae9c28cd,2022-08-25,TX-300,NY,Supplier B,298,24,382,4.49,0.85
ef271d51-b3f3-d8a2-d2db-f8e6c86b4270,2023-03-17,TX-400,FL,Supplier D,246,22,318,3.74,0.21
6e0b3278-d8cd-339e-1b04-ed7a080832b6,2020-10-05,TX-500,IL,Supplier C,297,26,382,2.74,0.63
2136a079-a5e5-5b8e-b296-a484841f6b14,2021-06-26,TX-100,FL,Supplier B,279,28,360,3.5,0.31
41436907-9143-5647-ee2f-39d4c09de59d,2020-08-30,TX-100,FL,Supplier C,297,24,380,2.82,0.92
36a122f5-1d75-29d4-e022-98a10017c284,2022-10-30,TX-200,FL,Supplier C,212,13,268,3.97,0.84
addcdeea-f15a-b3b6-3196-8c4d43d5e119,2023-11-12,TX-300,NY,Supplier C,195,16,248,4.32,0.54
9547bf4e-c086-51d1-174a-385043682e84,2021-02-02,TX-200,NY,Supplier E,187,11,240,3.82,0.05
525103d7-3235-ce42-144f-fe4db0dfb7c1,2020-04-04,TX-400,FL,Supplier C,304,27,395,3.56,0.47
4ba8efcc-466f-37a0-a8ec-317925f7f6f9,2020-03-23,TX-400,CA,Supplier A,284,23,359,3.22,0.58
0666c331-d018-b290-19eb-48e4b169fa42,2020-12-06,TX-100,FL,Supplier C,170,12,217,3.4,0.64
1ded1e87-dc89-dbec-0762-cbc1582f0663,2021-05-11,TX-500,CA,Supplier C,343,32,442,3.79,0.39
0397d3cd-ee45-c8a0-9dd4-504df33f0261,2021-12-06,TX-100,IL,Supplier A,192,10,241,3.84,0.23
c5cb7e3b-e390-93f0-68fa-a3471c3f453c,2022-03-23,TX-300,IL,Supplier B,264,14,327,3.78,0.78
71150230-1ca5-f143-b777-62c94ec909e9,2021-04-13,TX-100,NY,Supplier A,224,16,282,3.68,0.01
2231f217-c781-1325-b148-976ae722c105,2022-10-02,TX-200,IL,Supplier C,291,26,372,3.97,0.67
9886875f-fac2-0157-e7f3-69cfffdae744,2023-06-19,TX-300,NY,Supplier A,264,16,330,4.27,0.68
83926908-f640-4b90-37d9-848dca0cdbd6,2022-12-23,TX-400,NY,Supplier A,220,19,281,4.43,0.42
2c0fbb53-f227-7c6d-1bea-96b81008b523,2020-08-20,TX-500,TX,Supplier E,314,12,386,2.82,0.24
d4c50606-0b11-0a29-9243-4d4338b5f595,2021-07-25,TX-400,IL,Supplier E,335,15,415,3.79,0.49
a76313c5-9c73-068f-7b22-3a0624263cc9,2022-08-21,TX-200,FL,Supplier C,309,31,408,4.49,0.95
64bc5655-89c5-2c29-e07a-1e044d413e96,2021-01-12,TX-100,CA,Supplier E,205,8,252,3.45,0.85
fb79327f-fa06-32cf-64c4-d05395cac4fc,2020-08-28,TX-200,FL,Supplier C,298,22,382,2.82,0.83
428d9eae-c8cf-816f-f035-96a30cbf9198,2020-08-21,TX-300,TX,Supplier D,308,17,390,2.82,0.25
8e398f4c-dd45-1a01-7354-114b7b445aa3,2021-04-18,TX-300,CA,Supplier D,361,25,460,3.68,0.6
29e01307-3d2c-bb36-c337-649dab357af0,2022-03-15,TX-300,CA,Supplier A,288,20,370,3.78,0.21
ff2dec9d-983d-0c34-c1ef-8f874464450a,2020-05-15,TX-200,IL,Supplier D,311,29,399,2.99,0.66
bac8e2e4-daf3-8172-04c1-32b2eb847109,2021-09-02,TX-500,FL,Supplier A,335,25,428,3.71,0.27
97a4c407-c74d-2bc1-3ed8-190fdd0ce3a3,2023-11-19,TX-200,NY,Supplier B,190,12,236,4.32,0.72
f07fd454-cf79-4e92-6db6-8dde403a2144,2021-05-26,TX-100,IL,Supplier C,294,18,373,3.79,0.24
84d10b83-ec0c-fef9-48d2-d639574eab33,2022-04-02,TX-400,TX,Supplier C,291,21,368,3.88,0.98
feef080f-0f07-dda3-a8f9-114b723f71f7,2021-10-26,TX-100,FL,Supplier D,200,18,260,3.51,0.79
95535848-e809-ebe9-ed38-dbaebf7b2247,2020-07-10,TX-500,IL,Supplier E,312,22,399,2.82,0.8
5dcf3138-3a4a-cc81-bc6e-f1a3429e8655,2021-07-17,TX-500,FL,Supplier C,382,33,497,3.79,0.98
0c0c722c-35a8-cef5-2c77-4fefbf704677,2021-06-24,TX-100,FL,Supplier B,300,12,371,3.5,0.93
d00aa5df-9cc8-303d-9d80-e8342dc43d7d,2022-06-04,TX-300,TX,Supplier E,337,17,421,4.1,0.21
82491d8f-ac35-3767-2f72-3575ea882487,2023-03-15,TX-500,FL,Supplier A,289,15,361,3.74,0.07
6561c554-ff26-824a-eb67-570aaf63f83c,2022-02-22,TX-500,NY,Supplier A,268,19,337,3.6,0.68
6823eb63-e635-677c-1ab4-ec1c111fa100,2021-11-24,TX-200,CA,Supplier B,233,14,293,3.9,0.0
b2e1fcfc-7355-3306-9e02-d3a54fc13bf9,2023-10-26,TX-100,TX,Supplier A,258,15,324,4.1,0.2
c2a1838f-8a41-a705-fe51-a0ba6f420260,2020-07-06,TX-200,TX,Supplier D,367,30,467,2.82,0.78
94df0f58-c147-8b16-1cfb-079001dacef7,2022-03-18,TX-200,CA,Supplier D,256,15,326,3.78,0.88
9f66ce63-ecb0-f67b-05ba-282c7c607c71,2020-02-25,TX-100,CA,Supplier D,251,14,324,2.91,0.72
3b278307-4c9e-a3d2-7e56-a6d2fd334a9f,2022-11-06,TX-500,CA,Supplier C,305,34,403,4.13,0.24
c7e9b443-40ce-4716-496a-616e51dc6b35,2023-08-30,TX-500,IL,Supplier A,302,22,382,4.06,0.3
b2ec3989-889a-d28c-020c-c8ac14a945ac,2022-09-11,TX-200,CA,Supplier D,356,30,452,4.26,0.42
0496c46b-1c3a-c9d2-9f50-5d757cd9c38d,2023-10-31,TX-100,CA,Supplier A,270,23,344,4.1,0.2
5387083f-dbad-bf5d-c9ea-43c0ec3c6841,2021-06-25,TX-100,FL,Supplier B,290,19,369,3.5,0.45
4a806d41-d46e-20e6-31e4-7626f0c81ce5,2021-04-28,TX-500,NY,Supplier E,338,17,417,3.68,0.64
6781c7db-1ee7-aacd-ad22-b84871fcaf60,2022-08-29,TX-100,CA,Supplier D,328,27,420,4.49,0.75
24ac1ee4-d959-deed-d60f-95c77875b8dc,2020-10-28,TX-200,IL,Supplier E,201,6,246,2.74,0.17
17aa0724-ad21-ac42-93c0-6b72d5b0c165,2023-12-22,TX-100,CA,Supplier A,248,17,314,4.33,0.96
aad0b939-042f-502d-82ed-6663f5929bae,2023-05-20,TX-400,NY,Supplier C,332,42,435,4.14,0.93
7fba60b6-e105-d8e5-9b99-ed0d96601282,2020-08-14,TX-200,NY,Supplier E,272,15,347,2.82,0.32
8b098d4a-8b88-b375-fba8-d6fc5f504904,2020-04-19,TX-500,CA,Supplier E,401,17,501,3.56,0.77
787b8480-97ab-7545-1a74-2e993c4159aa,2023-10-02,TX-400,FL,Supplier A,316,32,414,4.1,0.7
f94e2a56-17bb-2408-edf6-16dc8c32dc70,2023-10-20,TX-400,IL,Supplier D,226,20,292,4.1,0.94
17b447eb-9e34-5c64-7ad7-c32d2cbec836,2021-11-07,TX-400,IL,Supplier A,216,14,270,3.9,0.25
f9ae91f5-cd5d-732c-eb90-456f887cd26d,2022-04-29,TX-200,CA,Supplier E,377,15,459,3.88,0.52
4055fca9-aff5-7039-0eb2-20e8aafc4efc,2021-07-18,TX-400,NY,Supplier C,335,30,428,3.79,0.29
cbfb6556-76c6-7ede-4e8f-8893acecd1be,2023-05-08,TX-500,IL,Supplier A,360,16,444,4.14,0.58
e1557c7c-3e61-ab65-573c-9063756b19a4,2020-04-29,TX-500,FL,Supplier E,311,16,387,3.56,0.95
807563f7-57fd-3bb6-5aa7-4c922f21b0fe,2022-10-04,TX-400,NY,Supplier E,253,19,323,3.97,0.2
a7f2e191-eb92-bc3b-3e6b-ad10b06843f0,2020-01-08,TX-400,NY,Supplier A,170,17,222,3.17,0.57
44b1e079-306f-b666-d330-cb323f6c2f63,2020-08-17,TX-300,NY,Supplier A,269,16,340,2.82,0.85
4be58b17-f0b2-31b5-b308-8ccbd36edc78,2022-11-03,TX-100,IL,Supplier A,207,13,261,4.13,0.76
33ca9a06-a140-3d29-111e-fa3e0fb23444,2023-04-13,TX-200,IL,Supplier D,260,22,335,3.94,0.89
13b46d89-8d8d-93d3-afbe-94a9d4042a07,2020-04-23,TX-200,TX,Supplier D,275,21,353,3.56,0.04
513c8647-2359-1377-93ce-58f7024b41e6,2021-09-12,TX-100,FL,Supplier D,310,31,399,3.71,0.14
769abb96-4a95-6e45-ff9b-de5eda2cacc9,2020-01-13,TX-300,CA,Supplier C,197,15,251,3.17,0.57
27694590-33a2-b7f0-5c8f-2ed987afcb8a,2020-11-05,TX-100,NY,Supplier E,181,12,228,3.1,0.6
f12bfe25-ae1d-5a3e-78fe-44682d129097,2020-12-10,TX-200,IL,Supplier E,177,14,225,3.4,0.01
dbb40f02-0bb7-6eb5-ffb2-0086cde6e91a,2021-06-22,TX-400,IL,Supplier A,347,21,442,3.5,0.19
c0571175-4c95-59bc-2ea3-f9d3f3430307,2023-05-04,TX-200,TX,Supplier E,362,23,460,4.14,0.49
237c40de-e296-022a-d052-72800b7e7cc9,2021-12-29,TX-200,CA,Supplier D,201,20,262,3.84,0.77
e8c6555d-93ab-e3c2-6f9f-978651e0c755,2022-02-10,TX-300,CA,Supplier B,262,23,337,3.6,0.59
f685b0d8-0cdc-f700-9528-78895396a2d9,2021-02-16,TX-100,TX,Supplier E,227,16,293,3.82,0.95
f913fcb7-74ca-c1b1-125d-720c0e5a2e8b,2021-10-29,TX-500,IL,Supplier C,222,14,282,3.51,0.1
315c6fdd-83b1-6dd0-2c87-0f1401a35f81,2021-11-03,TX-500,TX,Supplier D,293,28,385,3.9,0.04
ecc7d767-71dd-704c-3c07-b08f2ced5c22,2020-09-06,TX-400,FL,Supplier B,304,20,386,2.91,0.64
015527c0-52c5-4ab7-ce3a-2f6b8718f4a3,2022-12-11,TX-500,TX,Supplier A,221,15,278,4.43,0.55
689386a4-1a7d-786a-dc4f-c4910dd2a510,2023-05-29,TX-200,CA,Supplier A,421,27,530,4.14,0.35
9fb4efb6-b0e6-ff37-6093-bb9ec0644539,2022-06-18,TX-300,IL,Supplier B,289,19,366,4.1,0.34
02db23ce-1ecb-63d1-0d53-fe01315fb991,2020-08-01,TX-500,FL,Supplier B,331,27,420,2.82,0.14
aacecb31-65bc-ad7f-5970-d829e6e2a680,2022-07-22,TX-300,CA,Supplier A,414,20,517,4.71,0.47
3bb78d10-6ffc-5ee1-c3c8-825bfb662965,2023-10-07,TX-200,CA,Supplier A,283,24,361,4.1,0.39
0d6a9e91-feca-2567-a981-310de66c8c82,2021-11-29,TX-300,TX,Supplier C,199,12,248,3.9,0.78
b57562af-0015-0d19-eeaf-34b597021200,2020-01-30,TX-300,NY,Supplier B,187,14,238,3.17,0.78
f118ab78-6ae3-974e-713c-7b9f0f49fb58,2021-02-14,TX-300,TX,Supplier D,234,23,303,3.82,0.57
d70e3b93-bb5b-8e31-d983-046a65faa478,2020-12-10,TX-300,TX,Supplier D,224,16,281,3.4,0.01
e34cdb3d-82c3-ef93-ac13-044bea3e681d,2022-11-26,TX-100,IL,Supplier B,219,11,272,4.13,0.15
d6d3bfb4-9a9e-59e4-0156-96d2724fc48f,2021-02-16,TX-200,TX,Supplier C,213,12,267,3.82,0.95
2ef949a1-d78f-08ad-de66-cc8cd3e6f95a,2021-10-10,TX-500,CA,Supplier E,329,27,422,3.51,0.65
f4f27629-c92c-933b-4346-7e0caabaa40c,2022-12-15,TX-200,IL,Supplier D,209,19,273,4.43,0.99
27c81884-7240-49aa-4ead-5c1598aab7b2,2020-01-06,TX-400,TX,Supplier E,254,12,317,3.17,0.78
4f403761-071d-5a56-7182-a7d735ed61f5,2022-01-30,TX-300,FL,Supplier A,232,22,302,3.7,0.0
7d458f6d-4d2c-0b9e-e0c0-21e6b76c43d5,2023-02-28,TX-200,CA,Supplier D,268,18,333,4.02,0.03
2929ce41-fbe2-b1a2-9356-7101ce233781,2023-08-19,TX-500,FL,Supplier C,345,32,448,4.06,0.65
344ac865-df8f-db9b-f13b-cd2ed2a23739,2022-01-09,TX-200,IL,Supplier A,180,19,231,3.7,0.6
5d460151-7fdd-8939-a37e-4c4dda378817,2022-01-23,TX-300,TX,Supplier E,188,6,228,3.7,0.59
8077758c-c1cb-1703-1370-dcbc5fba0ef2,2020-12-10,TX-200,TX,Supplier E,201,5,244,3.4,0.01
842b1400-a71d-855e-2a8b-461caf50ac47,2020-02-02,TX-200,FL,Supplier D,241,24,313,2.91,0.81
16a39a5d-b894-cfae-ca73-f51c6b4cb259,2020-09-02,TX-200,IL,Supplier B,316,20,408,2.91,0.9
cfdcf49c-a3d2-1dfe-4116-47d8b7ae359b,2021-08-24,TX-400,NY,Supplier C,307,26,397,3.77,0.9
b150f16d-e2e9-8a0d-1a8f-d50ac85239d2,2023-08-23,TX-100,NY,Supplier E,243,10,298,4.06,0.43
870977c5-4603-e6a9-f943-a7090c873085,2023-11-05,TX-500,CA,Supplier B,335,17,419,4.32,0.35
607e0219-45e4-ed1f-96a1-5d0e12e25c6b,2021-02-23,TX-100,FL,Supplier A,229,13,284,3.82,0.51
314e6a4f-350e-9d3e-e923-fca7f0ac2662,2022-05-24,TX-100,IL,Supplier A,305,27,399,3.99,0.17
4d6e2847-2db0-13e9-7053-cbdd5adae097,2022-06-18,TX-500,IL,Supplier D,422,28,541,4.1,0.34
7dcc86d1-f0ef-9737-f28c-6186f666a2cf,2023-12-01,TX-400,IL,Supplier E,204,19,266,4.33,0.42
eb5aa0f1-694c-0b77-1d41-46c7649a2c94,2023-10-31,TX-400,FL,Supplier C,251,22,324,4.1,0.2
16a683e7-4d84-b84e-bd6a-858280ff2c8b,2023-03-26,TX-300,CA,Supplier B,290,29,371,3.74,0.22
0d1fff5d-e231-49e5-443f-80d7c2df9009,2020-01-03,TX-400,NY,Supplier B,186,19,243,3.17,0.79
97aced77-753d-2345-7cdb-fc7087cb66ae,2020-06-28,TX-300,TX,Supplier A,297,22,379,2.68,0.11
f1199203-fac4-0ae6-0e59-357ad2a01829,2023-09-26,TX-400,IL,Supplier D,259,14,322,4.06,0.13
3c6e36ce-6d4b-081a-1840-e3779fecef70,2021-03-17,TX-100,CA,Supplier E,298,16,374,3.96,0.65
73544903-58b7-6e8b-dcbe-aa2790745846,2023-07-24,TX-500,FL,Supplier A,346,19,433,4.02,0.79
adbb71b0-bd9c-df2d-66ae-fa9fb11bd112,2020-01-18,TX-500,NY,Supplier A,216,21,284,3.17,0.3
ad0f3064-d67e-aa90-d595-e5242dc7725d,2022-02-25,TX-400,TX,Supplier E,242,15,306,3.6,0.76
0d069d61-cd60-bfcb-3381-0fd2f8411606,2020-10-24,TX-100,FL,Supplier B,228,16,291,2.74,0.25
9fce5283-322a-14e4-6577-af1cc60fe253,2020-06-15,TX-500,CA,Supplier C,460,33,597,2.68,0.13
f2e4df22-5d49-d345-cb93-06777afdfbe3,2020-09-28,TX-100,TX,Supplier A,282,33,371,2.91,0.48
915fc5ea-b415-acc5-35b2-980fea18e6a6,2021-03-10,TX-200,CA,Supplier E,317,23,407,3.96,0.04
345817be-7e10-1ac7-b5f3-af1dbe2b0f5b,2023-05-28,TX-100,CA,Supplier A,387,43,510,4.14,0.32
f0b072ce-7a71-c61c-a2ed-73f1e3c5a839,2020-02-27,TX-100,FL,Supplier D,200,15,254,2.91,0.27
e54167da-6c7e-af34-3831-0566dbb2aade,2021-03-03,TX-200,IL,Supplier C,223,13,280,3.96,0.61
a6cf85f6-a108-c492-6339-edd5017f9dd0,2020-11-09,TX-400,CA,Supplier B,257,18,329,3.1,0.09
57d939ac-ed65-828b-0c5f-e5f01ccefa3c,2020-10-30,TX-300,TX,Supplier A,202,18,260,2.74,0.57
ecfd9745-a215-c706-2777-768ac8d75305,2021-09-26,TX-200,TX,Supplier D,287,32,382,3.71,0.63
9082f72a-0dfe-83ef-28aa-ea07ca645fb4,2020-12-18,TX-300,NY,Supplier C,172,13,220,3.4,0.78
86a67591-8643-4efe-93f7-02f6a3d63f01,2023-04-24,TX-400,TX,Supplier A,375,18,464,3.94,1.0
43d6c1e9-d4b2-1f6c-552a-9db9bb66080c,2023-03-26,TX-200,NY,Supplier C,270,26,347,3.74,0.22
e3781b98-6d12-2c84-c5ec-b515ce39c070,2020-06-21,TX-300,FL,Supplier D,371,23,464,2.68,0.66
b6d3f5aa-6c12-2916-4055-2d8764f1e645,2021-12-31,TX-200,TX,Supplier C,198,16,252,3.84,0.25
2fafb4f7-b4d8-b612-30a9-a8c8adcc190e,2023-08-07,TX-500,TX,Supplier B,389,24,493,4.06,0.46
938630a1-f121-4978-0e23-1687859111f9,2022-06-07,TX-400,FL,Supplier D,379,29,488,4.1,0.9
60d84f0c-7ff1-32aa-63ea-39e10798462f,2021-04-23,TX-200,TX,Supplier C,346,24,429,3.68,0.77
1edbae7f-7855-7dd6-bf4a-e4a2a011ee81,2020-03-27,TX-400,FL,Supplier A,302,27,390,3.22,0.96
6683bbbd-96a3-5228-c8f5-0c7cdb0c9079,2020-04-11,TX-300,IL,Supplier B,270,22,341,3.56,0.9
991c21c7-b2a7-1ce8-4d83-ceb12aa9ea11,2023-06-09,TX-200,FL,Supplier C,316,24,401,4.27,0.93
aa68b1bd-de82-33cf-3fdb-fed2f1fe4852,2023-07-05,TX-400,FL,Supplier C,421,32,529,4.02,0.5
6a859db6-da82-3ee1-b425-7eef4f15d454,2020-08-13,TX-300,CA,Supplier C,302,31,394,2.82,0.39
782972c9-da22-0608-78f9-7b7c9388a176,2022-03-11,TX-200,TX,Supplier C,250,29,331,3.78,0.18
7bb75a72-ac55-f9f6-2f09-241b1bfdf4ef,2023-03-31,TX-500,IL,Supplier C,289,30,383,3.74,0.1
a82e9dc0-235b-0aed-6b13-fdfeb1359fef,2023-11-27,TX-500,FL,Supplier C,218,20,284,4.32,0.44
d17aa980-40b0-63ea-b7a0-1d1615064787,2022-10-15,TX-100,FL,Supplier B,250,15,309,3.97,0.02
ea87dce7-f5fc-a167-376a-b6eab91533be,2023-12-09,TX-200,NY,Supplier B,194,15,249,4.33,0.9
5db11624-3c92-d829-a94f-d4410f4f52d7,2021-01-23,TX-500,NY,Supplier B,238,24,308,3.45,0.75
0883da5b-4121-2c5b-d2d1-fde752cd925f,2020-02-17,TX-300,IL,Supplier E,185,11,234,2.91,0.09
d07b8d38-ad07-9c8d-360e-4c9b77e3fa67,2023-10-31,TX-300,FL,Supplier D,263,21,339,4.1,0.2
dd283c2d-a03d-d658-a7f6-038cef38e0fb,2023-09-05,TX-500,TX,Supplier D,328,26,418,4.06,0.06
fc3b7589-9439-c370-cda0-97b63336e658,2020-03-12,TX-300,IL,Supplier A,245,18,312,3.22,0.65
7e1e9da7-f099-d19b-d42c-6fd25403c345,2021-07-21,TX-100,NY,Supplier E,265,9,324,3.79,0.35
2027d67c-6afa-5e32-56d5-9deacf3806a4,2021-04-25,TX-500,FL,Supplier E,296,18,380,3.68,0.69
47f27b48-2d22-7c44-dc5a-496545cce0c1,2020-08-02,TX-400,TX,Supplier E,340,5,409,2.82,0.92
00f462a5-49cc-8c51-431a-5298835d14cf,2021-11-26,TX-200,IL,Supplier D,219,17,282,3.9,0.49
e9f96e53-be26-b012-652f-340ac1140de5,2023-03-27,TX-100,IL,Supplier B,269,17,342,3.74,0.59
9cf8d840-8809-8626-c43b-24b926a124e0,2021-05-25,TX-500,CA,Supplier E,356,14,440,3.79,0.08
0a621f10-f487-a971-4a90-ef46c705238f,2022-07-25,TX-300,IL,Supplier C,327,23,414,4.71,0.34
1ae3424b-a4cf-b879-bcad-654df7ddbcc7,2023-05-01,TX-200,IL,Supplier D,315,24,403,4.14,0.17
53d5bbc4-3d8a-36a2-8df2-24458f15db24,2022-09-19,TX-400,IL,Supplier D,270,15,334,4.26,0.66
71fe32a2-2caf-7596-00d1-e2b43b551b69,2020-07-02,TX-100,TX,Supplier D,288,27,377,2.82,0.6
7eb4e653-db42-b5ff-62db-0e08cce44720,2021-12-21,TX-500,FL,Supplier A,202,12,257,3.84,0.24
281b37c7-5b83-b205-8c7a-df8d34615774,2022-05-27,TX-100,CA,Supplier E,337,23,426,3.99,0.85
e1468642-1f6c-9878-76b2-c2b9d9274fd7,2022-01-09,TX-400,NY,Supplier B,177,17,235,3.7,0.6
3dcaa06a-058f-7678-8884-a73be245d1ee,2023-11-20,TX-200,TX,Supplier D,240,19,303,4.32,0.17
8a0eb911-80da-ee9f-7adf-8e6383ab07e5,2020-01-10,TX-100,CA,Supplier B,237,15,301,3.17,0.11
ac360c2e-48f3-9e3f-5283-7da17823a909,2023-01-14,TX-100,NY,Supplier A,188,16,238,4.33,0.77
aa9fb983-7e45-d8cd-1642-113fda1c6b89,2022-04-26,TX-300,FL,Supplier B,334,30,424,3.88,0.28
50d9a398-c868-65ad-5e33-3732d120ebc6,2022-09-13,TX-400,NY,Supplier D,287,31,372,4.26,0.34
f491a135-53bd-8b60-eac5-ef0d230a2ae3,2023-03-02,TX-400,CA,Supplier C,245,17,310,3.74,0.6
5a09ec8d-1bfa-981a-83fa-ef93cd5c00f0,2022-02-14,TX-100,TX,Supplier A,217,21,280,3.6,0.02
52c105e2-9f78-872e-be3a-df5a6f921c3c,2021-09-03,TX-300,CA,Supplier C,292,35,388,3.71,0.89
803830b5-5221-7661-47b8-25f457e58792,2022-11-25,TX-300,NY,Supplier A,191,13,242,4.13,0.19
bcaa746d-5c61-8d79-671c-cdd7e99039b0,2023-12-14,TX-200,NY,Supplier A,221,11,275,4.33,0.78
6b7eed53-f49d-e1a4-1aef-8624aaaa4c29,2020-04-04,TX-300,NY,Supplier C,254,22,323,3.56,0.47
f966bc02-fd2b-f881-8179-c24c451ce5e9,2022-01-22,TX-100,NY,Supplier B,157,19,208,3.7,0.89
9711ea4f-38da-1d47-5831-3d3f48209738,2023-09-16,TX-100,CA,Supplier D,351,28,449,4.06,0.19
9fae9cae-7cda-dda9-e29b-b072d725f03d,2023-03-15,TX-500,TX,Supplier B,349,25,442,3.74,0.07
5424b578-5e21-82b1-0531-478f3ed52e7b,2022-03-20,TX-200,IL,Supplier B,217,16,279,3.78,0.52
2e4301be-d19e-8865-8f0e-ef341e4c24df,2021-08-21,TX-100,NY,Supplier E,228,10,281,3.77,0.68
b2a1d512-6ead-4350-a4c9-a906a42157fa,2022-04-28,TX-500,NY,Supplier D,271,24,347,3.88,0.19
ba2a53b5-5036-97b0-409c-d3036eb441fd,2023-03-28,TX-300,CA,Supplier B,315,43,424,3.74,0.2
a02937ce-7ce5-f49b-4429-3db0ed379e77,2020-02-29,TX-400,FL,Supplier A,254,17,325,2.91,0.9
a658e289-836c-8319-9833-9ccd1ec83c7e,2023-12-12,TX-300,FL,Supplier B,185,15,238,4.33,0.82
ed62633d-56f2-71c6-003a-6da89074a243,2021-08-17,TX-100,NY,Supplier E,262,19,330,3.77,0.62
40cd8b21-7c6b-f324-494f-53e5396e1b86,2022-11-18,TX-300,FL,Supplier A,233,13,299,4.13,0.8
7c230c24-c52a-348e-05df-04ee58d5d647,2021-08-15,TX-300,IL,Supplier D,257,20,325,3.77,0.05
6460fc50-0f7f-7eda-0346-470b6c76f94d,2020-10-01,TX-100,CA,Supplier E,232,12,292,2.74,0.85
3a82fdde-9d0d-e398-6285-c4c58a6e074f,2022-01-27,TX-500,NY,Supplier D,193,24,254,3.7,0.17
fa92b432-3d26-5d3f-8597-48169a38c283,2023-10-05,TX-400,TX,Supplier A,303,27,382,4.1,0.39
381bc3fd-340d-af36-dfc5-852d80f267e0,2021-12-19,TX-300,IL,Supplier E,206,20,266,3.84,0.11
9847842a-c978-c174-8a42-2b4b9a05fd54,2021-08-30,TX-200,IL,Supplier C,286,29,373,3.77,0.3
df288e65-e17b-c4d4-9e49-58f5201f66bf,2020-11-02,TX-200,TX,Supplier E,251,13,315,3.1,0.76
fe3939d7-fc9e-e79d-e900-59ded03a3528,2020-07-20,TX-200,CA,Supplier B,403,21,513,2.82,0.87
d4bab734-13f7-6df8-e770-f18a646b8905,2022-08-12,TX-100,TX,Supplier B,306,32,402,4.49,0.63
f11c7dfd-fd0d-1096-c941-096553fed85a,2023-03-22,TX-300,TX,Supplier E,298,13,375,3.74,0.47
786a9511-3ef5-2897-4aad-bcb21c137690,2022-10-08,TX-300,FL,Supplier B,284,13,349,3.97,0.61
ff4cacfe-dc14-83da-1aab-20feb0feeafb,2022-06-01,TX-200,TX,Supplier B,409,31,521,4.1,0.4
0e16d97f-d5a5-fa4b-e298-173969d77c45,2021-11-24,TX-500,IL,Supplier D,249,13,314,3.9,0.0
11548283-e473-7843-34e0-86d8df9af972,2023-12-05,TX-500,TX,Supplier D,258,20,326,4.33,0.64
5be39ec3-7e23-3165-59b8-3783ee0ef791,2021-06-14,TX-200,TX,Supplier B,340,25,431,3.5,0.5
52727ed2-8e3e-c668-fdb8-f018f6bf9fce,2021-09-17,TX-100,FL,Supplier E,266,18,337,3.71,0.39
3f5d99b4-ccae-6c48-2ee7-012fdf1b84d1,2021-10-21,TX-100,IL,Supplier E,248,13,315,3.51,0.48
bd4a8c34-3227-f04b-c15e-ddd37578462c,2021-11-13,TX-500,FL,Supplier C,269,15,338,3.9,0.11
97f7d7f4-9a01-296f-c391-030a59670be9,2020-10-15,TX-400,CA,Supplier D,303,21,384,2.74,0.08
6bd164aa-0b0c-302a-e730-d78abb1bd9b6,2021-05-04,TX-100,NY,Supplier D,289,26,377,3.79,0.84
fd9c9d63-82dc-1f22-f2fb-188b90c816e9,2020-12-04,TX-300,NY,Supplier B,154,5,191,3.4,0.12
8666ebfd-93a8-ea66-9df5-fedfe02661c2,2021-01-24,TX-400,IL,Supplier B,216,11,268,3.45,0.63
1a6a3652-5360-02f4-5951-1219e2af7062,2022-10-25,TX-200,NY,Supplier E,210,4,257,3.97,0.63
c50d6ec3-e789-9ee4-477e-d1493d7c6d05,2023-07-20,TX-500,FL,Supplier A,412,47,542,4.02,0.42
d1eb96f4-d6a3-c9fd-b9b4-abdf9d5a5122,2022-01-03,TX-200,NY,Supplier C,197,19,261,3.7,0.6
5ed0ee06-93aa-e777-1867-b24e943ebc3c,2020-05-27,TX-200,IL,Supplier E,292,14,369,2.99,0.87
ab5f98e0-9cdf-9766-f029-fb47cc8b97a5,2021-10-19,TX-200,FL,Supplier D,259,20,327,3.51,0.78
613d8109-5770-c80a-3c10-0ad7bfa9a9ab,2021-01-14,TX-300,IL,Supplier B,180,15,230,3.45,0.8
85618b33-203c-441d-9dd2-c9b7ba206d6a,2021-05-17,TX-300,FL,Supplier D,292,26,375,3.79,0.18
d4fc0e16-6310-6251-d4f2-cb1f09dc818d,2022-10-21,TX-200,TX,Supplier C,249,25,323,3.97,0.85
e0ee0c79-fb1d-ef20-3a20-9c65f2674267,2020-03-24,TX-500,IL,Supplier A,278,16,349,3.22,0.35
1628fadb-fdd4-bdb2-355d-0b2080bba38c,2023-12-28,TX-200,FL,Supplier B,190,10,241,4.33,0.46
bf0a35ea-68be-9b87-2929-abbc3f7133e6,2023-03-22,TX-500,CA,Supplier A,374,35,489,3.74,0.47
4e73cf06-3ca7-1973-0eaf-490bf2e86bae,2021-07-30,TX-400,CA,Supplier E,403,26,509,3.79,0.79
6e955742-93ef-dbf5-8198-86407e1715b9,2021-04-07,TX-100,CA,Supplier B,332,31,429,3.68,0.06
e348cf50-74e6-2a23-04f5-bca53c1f19df,2022-04-10,TX-100,IL,Supplier C,221,12,275,3.88,0.41
8c4f5774-2497-831e-db1b-61bc33ebce0a,2021-01-13,TX-200,NY,Supplier E,162,10,204,3.45,0.06
03e75a42-f16f-7530-dbe3-e8bec9458e3f,2020-12-18,TX-400,TX,Supplier B,195,16,249,3.4,0.78
fb9a07ca-97cd-cae7-ad32-4565e1c4da71,2023-11-16,TX-200,FL,Supplier A,252,19,322,4.32,0.67
e74e2a2c-83ba-177c-c177-4ff0b7cdc720,2023-03-04,TX-100,TX,Supplier E,261,23,338,3.74,0.26
746ab2f5-6dbc-77c2-10ba-93199254100b,2023-12-30,TX-400,NY,Supplier A,225,16,289,4.33,0.75
640fd57e-89ea-8436-d54a-c9c0eb2e2e27,2020-01-27,TX-300,TX,Supplier E,189,11,240,3.17,0.29
f54ec66d-b302-f095-a3dc-80f5f6fce43d,2023-08-21,TX-500,CA,Supplier E,402,32,511,4.06,0.63
cee4c2c7-9fa3-2b76-bf5b-f7ed69993447,2020-01-10,TX-500,CA,Supplier B,252,21,319,3.17,0.11
6658a6e4-91a2-1387-6b8b-541669e6f40d,2023-11-02,TX-200,FL,Supplier A,255,14,320,4.32,0.62
ca4de107-90dd-6956-e9cc-7319c562adcf,2021-03-14,TX-200,TX,Supplier B,250,15,319,3.96,0.57
aaca0836-d0c6-5b7b-384b-26cfccfd825b,2020-02-27,TX-300,TX,Supplier A,220,12,276,2.91,0.27
25f5ae8c-0e54-2a8d-9a3d-ef20011f1452,2023-01-26,TX-100,FL,Supplier A,232,14,293,4.33,0.74
732fd9cd-3148-7e81-f180-c7469d52556c,2022-03-29,TX-200,TX,Supplier E,301,12,377,3.78,0.1
8a4ef87c-a390-bd87-9b7f-f35e60010db8,2022-06-03,TX-300,IL,Supplier B,348,30,449,4.1,0.77
b8f0262e-36af-768a-167b-88b66b8fdec0,2020-12-23,TX-300,FL,Supplier E,167,12,211,3.4,0.84
f5dbd34b-fc84-5fff-5d27-f0085cb92c00,2021-05-13,TX-500,CA,Supplier B,408,29,516,3.79,0.76
bdeb4c9a-a87f-a10d-16e1-0ca2a54b4249,2020-01-10,TX-400,TX,Supplier D,212,15,269,3.17,0.11
06704308-1f8a-42bd-ad66-e39198cf0e1d,2022-07-26,TX-400,TX,Supplier E,344,18,438,4.71,0.05
4794fb87-2cb5-f020-f3d3-95ecae76f2cf,2020-07-29,TX-100,CA,Supplier A,370,28,474,2.82,0.15
f5c1f7b8-3844-e40c-fd8c-871ab0ae75c7,2021-06-19,TX-300,TX,Supplier C,346,30,441,3.5,0.63
f0d55b34-cc2b-1b69-2b3d-f7499a7af602,2023-08-05,TX-300,CA,Supplier A,349,28,446,4.06,0.62
980d949b-7efa-1f1a-911e-13bd04c6cb85,2023-09-01,TX-500,IL,Supplier E,290,11,364,4.06,0.05
dd5a31e2-0f5c-5123-5707-97630cbfa613,2021-08-15,TX-200,IL,Supplier B,286,20,362,3.77,0.05
13779b5e-c601-cd62-7add-9622da8481d3,2022-11-07,TX-400,IL,Supplier C,201,14,256,4.13,0.64
7aed81ff-1fa2-92e5-ea35-5cc5ad100b21,2020-05-24,TX-500,FL,Supplier E,345,17,436,2.99,0.15
18061a89-eaed-8078-d52f-1e3950722cae,2020-05-23,TX-100,NY,Supplier E,247,23,321,2.99,0.83
3b573d02-0bca-6acf-e8bf-7d88c778a4c7,2023-04-10,TX-200,IL,Supplier C,254,19,327,3.94,0.26
46799a74-9bd2-a3aa-dac5-e90d8686086e,2023-02-16,TX-500,FL,Supplier B,277,16,345,4.02,0.88
7ba1415c-d58b-31e2-be92-251b5de9f473,2023-08-01,TX-300,IL,Supplier D,299,14,372,4.06,0.69
5ea1bf4a-e444-40bd-6888-f08aae6efd46,2023-01-23,TX-100,TX,Supplier B,191,15,241,4.33,0.82
a679d8c5-3b20-bbbe-90d3-bdf11971007e,2022-07-08,TX-400,IL,Supplier D,357,30,457,4.71,0.21
acda96ce-e02d-c08f-9e7c-ddf83554d246,2020-11-11,TX-500,CA,Supplier A,257,13,321,3.1,0.42
f59c8b43-5e6e-06c5-fb07-dbcc3d95e83f,2022-05-30,TX-300,TX,Supplier C,297,22,378,3.99,0.3
1850a13c-a1db-4837-600a-6e3989854469,2022-06-27,TX-500,NY,Supplier C,338,37,445,4.1,0.49
c3a0659b-a6ac-5e86-b4c6-1de333d9f547,2023-07-12,TX-100,FL,Supplier D,328,26,421,4.02,0.88
c5dacead-08ae-e93f-fe03-0b8e99b64523,2023-04-23,TX-100,IL,Supplier A,285,15,354,3.94,0.53
87278fb4-77fb-cb5c-d76d-7428ac5a6d5c,2020-05-29,TX-100,NY,Supplier B,286,28,371,2.99,0.31
52c7cbcf-3a69-2cae-394e-d3fc499df516,2020-04-05,TX-300,CA,Supplier A,322,25,416,3.56,0.27
962d0e0d-ad95-d751-afa2-71e6b7245474,2020-03-07,TX-400,TX,Supplier C,293,21,375,3.22,0.76
7e0435f3-478a-899e-935f-c1a6e91b618f,2022-07-17,TX-300,TX,Supplier D,392,28,498,4.71,0.53
aa7525ad-4f0f-98ad-47e9-c157041d13cc,2021-02-27,TX-300,NY,Supplier A,237,17,300,3.82,0.13
b720513e-34bd-7c9e-30eb-007bccc3bb79,2020-10-31,TX-500,CA,Supplier C,268,18,341,2.74,0.47
7610daeb-3801-c4ec-44d5-b4c7273562c9,2023-02-02,TX-100,TX,Supplier B,200,12,255,4.02,0.22
746e3c11-4106-8863-76c9-acac5cd931db,2023-11-04,TX-400,TX,Supplier E,257,19,329,4.32,0.95
61d62c8d-a467-a582-bfde-e4d388b5bd05,2020-06-30,TX-100,CA,Supplier E,337,23,432,2.68,0.42
01c86a19-b394-23ab-e2e8-6bfb6edadb74,2022-03-22,TX-100,FL,Supplier A,267,11,338,3.78,0.73
af33de34-5985-6c07-4af4-f2512481a5be,2023-10-27,TX-400,NY,Supplier D,258,21,331,4.1,0.57
6928fede-ce03-0ecf-2770-cc11385f6eeb,2021-06-19,TX-100,FL,Supplier D,319,28,415,3.5,0.63
8913d711-d3c1-b9fc-3529-fd6c14a1d2f6,2020-01-19,TX-300,NY,Supplier E,161,6,197,3.17,0.03
242248bd-8d67-ec97-13fc-c8efe99dabcf,2023-04-16,TX-300,NY,Supplier C,279,21,354,3.94,0.11
1843596b-b5a7-841b-cecf-174cb4b9fa16,2022-04-27,TX-500,NY,Supplier B,336,24,430,3.88,0.2
552f6b7d-03c1-12ea-4905-5365d59299ca,2023-03-26,TX-300,TX,Supplier E,318,14,394,3.74,0.22
aab061ad-02d2-6537-52d9-efd1d8dbea8e,2021-12-13,TX-200,CA,Supplier B,257,22,329,3.84,0.05
9fabc6d7-e6b2-55a9-83b6-5e7fa7f93328,2022-02-15,TX-300,FL,Supplier E,219,18,285,3.6,0.6
ac3e5ec8-e08c-4762-352c-5d331c635cec,2023-01-04,TX-100,TX,Supplier A,194,13,246,4.33,0.89
42f62ed9-74cd-f93c-b22d-21eedd8bb548,2022-12-24,TX-500,FL,Supplier D,204,25,273,4.43,0.05
5110f76e-1c75-51a3-1834-4e835c29e96d,2020-06-18,TX-100,FL,Supplier D,350,38,458,2.68,0.4
005c7f6e-f105-3d76-05db-6dba9c7625ee,2021-11-14,TX-500,IL,Supplier C,248,20,317,3.9,0.38
ea81fa4c-8541-3b6f-8705-aad88cd59ac3,2022-06-12,TX-100,NY,Supplier A,331,26,429,4.1,0.41
c12c457d-f236-7b22-edc3-6adaee0fb6d3,2021-01-25,TX-300,TX,Supplier B,184,13,233,3.45,0.85
47a7b65f-fc29-302d-3c4d-3a58324256bf,2021-05-16,TX-100,TX,Supplier B,278,21,357,3.79,0.15
dc13402c-a5f0-4ccb-b418-c441b0b282d7,2021-03-11,TX-200,IL,Supplier C,232,26,300,3.96,0.42
3e2a19ec-3dab-197e-88fa-111ff6a59689,2023-06-28,TX-100,CA,Supplier C,362,29,460,4.27,0.33
3a03a900-014b-76a5-bc83-8d1ccf97b7fc,2020-05-04,TX-300,FL,Supplier E,260,23,334,2.99,0.16
8b890c1c-6617-c526-1c7e-9053f5d5e3b1,2021-04-08,TX-300,IL,Supplier E,239,9,299,3.68,0.28
5640a122-8ce1-5ba4-d94a-b46464600bde,2020-08-21,TX-200,IL,Supplier D,318,19,399,2.82,0.25
c1c6f191-e9ef-3aaa-d86e-79b57d9e5224,2023-08-20,TX-400,CA,Supplier A,426,34,546,4.06,0.87
ffa8d919-0dbc-9c12-77ee-d314fa966464,2022-12-17,TX-200,IL,Supplier B,176,10,223,4.43,0.52
c050a5ab-95e0-922f-9d68-ac0ac3c9dafc,2022-11-22,TX-100,CA,Supplier E,203,17,260,4.13,0.12
cbbd244b-9f13-bb69-b229-0667393023a4,2021-04-02,TX-100,NY,Supplier D,215,14,274,3.68,0.84
3ab247b9-e33f-981a-974d-7d9d86864afc,2023-08-20,TX-500,NY,Supplier A,318,30,412,4.06,0.87
a518f893-c286-f30c-d679-d28dc1a4c6b4,2020-10-13,TX-400,CA,Supplier E,280,17,351,2.74,0.1
b120dd16-0bf9-5773-4f96-8fc5d031e403,2021-10-04,TX-200,FL,Supplier B,241,14,303,3.51,0.24
94016a7f-544d-6468-0a03-ab3b77560f0c,2022-12-13,TX-500,CA,Supplier D,227,12,282,4.43,0.69
181f86b3-3870-893c-0c76-69ff5de8b19f,2020-10-09,TX-500,IL,Supplier B,258,18,324,2.74,0.69
df87598e-0408-64a1-a490-203a1368bdd9,2020-05-15,TX-400,IL,Supplier D,300,42,400,2.99,0.66
ab0d6e9b-b3d0-0137-1541-0f01db9059f0,2020-05-30,TX-200,CA,Supplier D,339,29,434,2.99,0.78
cdb1cbcc-46b1-ce7f-c19a-822cf36771f0,2021-02-03,TX-500,CA,Supplier D,289,22,364,3.82,0.62
ce4ff3ec-7c84-134a-2559-c0125540c8e7,2020-06-24,TX-100,FL,Supplier E,318,24,404,2.68,0.92
0aeb2ef0-2b32-19b8-251a-ccfd08659cd6,2020-03-14,TX-300,TX,Supplier C,290,26,376,3.22,0.42
33139ad3-9a2f-ee55-db2d-0d5cc3884b3a,2022-02-04,TX-500,NY,Supplier A,257,21,329,3.6,0.9
12833253-f9d7-8c46-5127-2b2ef53b7bd7,2020-12-29,TX-500,CA,Supplier C,270,16,335,3.4,0.9
510793ac-90eb-af2b-0837-5416b23c0309,2023-04-29,TX-100,CA,Supplier B,287,15,367,3.94,0.58
6d8de4e9-2c32-e0d3-e902-2b88eb81e38d,2020-05-01,TX-500,IL,Supplier C,326,26,411,2.99,0.52
e641a4e6-4438-35c5-aba4-4c2f2fc17fcb,2021-01-25,TX-200,NY,Supplier D,178,16,230,3.45,0.85
d5f90a8a-4753-dc3c-3186-c91a988576ae,2020-09-21,TX-400,IL,Supplier B,236,28,317,2.91,0.37
8b196b0d-d074-0a6a-c9d0-cc3d95890943,2022-02-08,TX-500,IL,Supplier D,205,13,258,3.6,0.27
0b002fcf-88b5-c816-fea6-a8afa4bb5b7d,2020-02-17,TX-200,NY,Supplier C,208,14,259,2.91,0.09
b227aefd-61d7-4769-3634-ebe34a2f2e86,2022-04-07,TX-100,CA,Supplier C,305,18,387,3.88,0.32
4d8f7ddd-d7bb-20ee-afb2-6a71670d2c8c,2022-12-16,TX-300,IL,Supplier A,180,15,227,4.43,1.0
9574cd7d-df68-c6e4-d31a-4db2c23b9d3b,2023-12-11,TX-400,CA,Supplier C,228,13,285,4.33,0.06
f2aa61a8-638e-b6f7-5679-f1ce4fd5faf9,2022-05-12,TX-300,TX,Supplier E,319,17,399,3.99,0.9
1dda86e3-bb64-bf25-6e5a-37c25c26be13,2023-07-27,TX-300,IL,Supplier C,280,17,351,4.02,0.3
63fd52dc-38e6-36d2-be38-2ac23942a1a0,2021-03-26,TX-400,TX,Supplier E,328,13,405,3.96,0.74
76b4949c-9d39-9b17-89c4-f4516efd7d0f,2023-01-09,TX-300,CA,Supplier D,259,18,329,4.33,0.53
a818cdf6-6b6f-d3b5-83a3-bf5efe9e924d,2023-10-30,TX-200,IL,Supplier E,231,10,289,4.1,0.63
6c47bdc4-c943-f410-0043-09159c868017,2022-04-08,TX-100,TX,Supplier C,320,24,407,3.88,0.61
d23d57d0-ed75-6c10-65de-fa1c7c1abd7b,2020-07-26,TX-300,FL,Supplier D,328,37,429,2.82,0.11
dd3490dc-7200-1341-a48d-00f1d072a77c,2020-01-22,TX-500,CA,Supplier C,244,25,312,3.17,0.41
84f22787-a63c-9cf0-1a09-2e9a3fbb75e2,2021-11-13,TX-100,FL,Supplier D,188,23,247,3.9,0.11
87527b1b-4620-363b-352a-714f30d6b094,2020-06-10,TX-400,FL,Supplier E,358,27,450,2.68,0.58
eead7188-6489-ce0d-870a-dfd060583c9e,2023-11-21,TX-100,CA,Supplier E,204,13,255,4.32,0.94
9485e971-ecab-cca2-f49a-78976d572892,2022-10-14,TX-500,TX,Supplier A,318,18,396,3.97,0.69
e9d25730-d3a0-cd15-0609-2fdae7150977,2020-01-24,TX-300,CA,Supplier C,231,21,297,3.17,0.23
9695c4a5-499e-0b71-9972-9c08a977b651,2021-11-01,TX-200,IL,Supplier A,229,21,291,3.9,0.51
85c80a7e-0ed3-e85c-f83c-9f8950a66cce,2023-02-26,TX-100,FL,Supplier A,212,18,270,4.02,0.83
24f1282c-8230-20c0-607b-b91b524c749a,2022-07-29,TX-300,TX,Supplier C,322,36,429,4.71,0.62
e6330ff6-74a0-d3f9-1995-052504571b37,2021-06-02,TX-100,IL,Supplier D,253,21,328,3.5,0.37
fe2c83f4-ed27-b2d7-9841-8fc7467c785d,2021-07-18,TX-400,TX,Supplier B,386,30,495,3.79,0.29
1ad12241-919b-2c7f-ce8c-bf859f014801,2021-02-19,TX-300,FL,Supplier C,250,21,323,3.82,0.7
af785c08-8d6d-581b-436f-b3c31ce5502b,2022-10-14,TX-300,IL,Supplier E,229,11,284,3.97,0.69
cc45562b-2982-bcaa-b256-a72354d4b12c,2022-12-22,TX-400,IL,Supplier C,219,19,278,4.43,0.46
34b5dc38-3396-97d5-a35a-936ab8a3c222,2020-12-20,TX-300,FL,Supplier B,224,18,288,3.4,1.0
bdb03c2c-d8ec-e134-2a4a-d490891e16ae,2023-12-09,TX-300,IL,Supplier D,210,18,267,4.33,0.9
f6b4191b-6f45-c105-88a5-39acb353083f,2022-07-23,TX-100,TX,Supplier D,383,38,496,4.71,0.15
ddc4bb80-c5de-f152-738b-14186091307a,2021-08-09,TX-200,NY,Supplier C,322,19,400,3.77,0.68
f5d903d1-b87d-d950-f6b0-cfd1d796244b,2020-02-14,TX-300,FL,Supplier D,197,16,257,2.91,0.3
76935d3c-836d-c904-80d9-afa82b35f8cd,2023-01-27,TX-300,CA,Supplier C,269,24,344,4.33,0.26
9d260213-7bbf-0512-b0db-bbaa5bd012c2,2020-02-21,TX-400,CA,Supplier D,251,21,318,2.91,0.7
8473ef17-7f4d-f2c3-c4ad-43860b807137,2023-07-28,TX-200,IL,Supplier C,371,27,470,4.02,0.87
d261f9e0-2de0-ba51-bfcc-4058776b4f22,2023-09-09,TX-300,FL,Supplier B,335,24,427,4.06,0.92
dde15770-a6cf-d863-6682-cbf30546156e,2022-03-26,TX-400,TX,Supplier A,302,25,393,3.78,0.9
b6b27af8-a5b0-0154-07ab-6c0795b6e972,2022-06-10,TX-100,TX,Supplier C,369,34,478,4.1,0.85
6afb5054-f368-8ee7-6651-0d238f0da1af,2020-12-24,TX-100,NY,Supplier B,156,18,204,3.4,0.11
518ee268-2f27-ee19-e9f8-cc10dc814a56,2020-10-14,TX-200,TX,Supplier C,296,17,364,2.74,0.73
58f17254-9adc-833a-e96e-dba36ac29c80,2023-08-10,TX-400,TX,Supplier E,403,19,506,4.06,0.14
aa7d9538-2cba-9689-57b6-715d86adeadb,2023-09-20,TX-200,IL,Supplier E,318,20,402,4.06,0.87
5d732cc9-99d3-e9dd-d3da-48d0622b797e,2020-01-26,TX-400,IL,Supplier D,220,19,282,3.17,0.28
1d7d57e8-7bb2-60ef-323a-524a5c73db38,2022-05-07,TX-200,FL,Supplier B,364,26,467,3.99,0.11
315696b2-cb4e-477c-8437-04a8e6fda60a,2021-09-25,TX-400,TX,Supplier D,342,40,447,3.71,0.45
e5411448-1697-11e2-fa8e-78b2251b8d60,2022-07-30,TX-200,FL,Supplier C,346,24,445,4.71,0.75
b265fb29-bffb-2c49-892c-768d58a1fb46,2021-06-09,TX-400,TX,Supplier B,326,18,411,3.5,0.5
2792296e-ee90-fefa-e41d-35e9855be137,2022-12-12,TX-300,NY,Supplier D,170,20,220,4.43,0.5
466f3e0c-c9b5-ed53-179f-d880b5402ded,2021-03-02,TX-100,IL,Supplier B,245,19,314,3.96,0.43
c03616de-0d04-bc89-05ea-5bf4851ca2d1,2021-08-22,TX-200,IL,Supplier A,288,23,367,3.77,0.03
62cc1e31-49b2-f611-4b24-6a80770df0e0,2023-06-07,TX-400,NY,Supplier D,315,19,398,4.27,0.26
9278a129-eec8-eed1-c06e-46286d3d0dae,2021-11-16,TX-200,TX,Supplier B,254,17,325,3.9,0.7
8c5cf884-233c-bb6a-ca33-847adb61bb36,2020-05-24,TX-400,CA,Supplier B,377,23,473,2.99,0.15
6bfee8e7-5aa0-0d0d-f4d2-1d5c7d979781,2020-03-20,TX-100,IL,Supplier D,235,18,300,3.22,0.59
932821d9-1cf3-ae91-ba33-05b7804f3c32,2021-07-27,TX-400,FL,Supplier A,301,21,373,3.79,0.46
bd84f716-da17-5daf-911e-b450ab9b9c21,2023-10-08,TX-100,TX,Supplier A,258,17,325,4.1,0.09
ae981bc6-a947-fbde-0411-a4c263012d12,2020-05-06,TX-200,FL,Supplier B,323,18,398,2.99,0.44
54ddd654-082e-ce10-a8b0-b2577baeba69,2021-09-04,TX-300,NY,Supplier E,292,15,367,3.71,0.19
6862ab70-ce86-45d5-171d-d64bd530c513,2022-05-30,TX-400,CA,Supplier D,377,27,483,3.99,0.3
63a22746-284b-f280-4bf8-238b30263d78,2023-06-10,TX-200,CA,Supplier A,432,21,550,4.27,0.6
6429adfc-0b9d-e0a6-3fb7-65eb9d65598f,2022-09-24,TX-100,IL,Supplier A,268,23,339,4.26,0.78
9d9657c0-bab1-9f38-479a-7a07b9f5b997,2020-12-18,TX-500,IL,Supplier B,245,20,314,3.4,0.78
ccbfaa1e-2c4c-5e73-a6b9-7d001a929582,2021-01-13,TX-200,CA,Supplier C,205,21,271,3.45,0.06
8289cc93-7906-6802-a0cb-442aa9821f0c,2023-12-27,TX-100,TX,Supplier D,197,27,262,4.33,0.74
3e7a6b24-fea7-a32c-cfee-6735503ae778,2023-11-07,TX-500,FL,Supplier E,307,16,384,4.32,0.23
8990a85b-b0a5-d85f-9cff-3e27070c6deb,2023-01-11,TX-200,NY,Supplier B,219,20,288,4.33,0.05
50eaef44-968e-ac37-e6c8-eedc1eb10a23,2021-01-31,TX-500,TX,Supplier D,234,14,297,3.45,0.98
10577fad-2ed4-4529-0634-e041156daee9,2023-03-06,TX-300,IL,Supplier E,243,15,304,3.74,0.76
dc7cc2a5-7ead-e5db-134c-b7f9ca2837ce,2023-08-06,TX-100,TX,Supplier C,375,37,493,4.06,0.04
c80f5ad5-f857-aba5-eac4-bceb14d7d0bb,2020-07-10,TX-200,CA,Supplier D,421,38,546,2.82,0.8
81db80c8-a63a-cfd5-ccff-7d00bc4ffdda,2023-11-21,TX-100,FL,Supplier C,193,13,243,4.32,0.94
862c3897-5310-d422-f212-033ebb369a11,2022-09-26,TX-500,TX,Supplier A,351,31,452,4.26,0.25
514e0704-a323-0a21-417f-b81a30337e7f,2022-09-02,TX-300,TX,Supplier D,329,26,420,4.26,0.3
63e87ad2-8e27-dfb6-4e05-b2f59ae3fd56,2022-09-03,TX-200,NY,Supplier D,317,16,400,4.26,0.95
2652972b-7822-7d01-ed88-ecb2f8d5bfa2,2021-08-21,TX-400,IL,Supplier D,301,30,396,3.77,0.68
df98b38e-e5db-dfdb-899d-dff3526cc50d,2020-10-01,TX-200,NY,Supplier C,211,19,269,2.74,0.85
7669b308-9a29-1a2f-0de0-ad62f8a81852,2020-09-09,TX-500,IL,Supplier A,307,24,396,2.91,0.54
20f21d8a-bbd1-8e49-b4ce-ebb11107292c,2022-05-13,TX-300,CA,Supplier D,378,35,486,3.99,0.98
f7b4ba0b-5533-895b-66a3-6875ebcb2fe3,2022-10-25,TX-400,TX,Supplier C,298,22,378,3.97,0.63
7e779cb4-c86e-60a4-ea09-90e10a3e1d04,2023-11-20,TX-500,NY,Supplier A,202,13,255,4.32,0.17
1342387b-0762-7295-3f51-6baedcece4d7,2022-02-13,TX-500,IL,Supplier A,213,12,269,3.6,0.84
31e3f863-17a1-6202-02f7-dca26c509482,2022-04-23,TX-200,FL,Supplier A,300,16,371,3.88,0.1
1120db9f-6017-4f80-c017-9da8f520cb58,2021-08-24,TX-200,TX,Supplier A,371,30,473,3.77,0.9
dfa8c653-6b06-36c1-afd9-fd6050ba0e2a,2023-08-16,TX-300,NY,Supplier D,275,22,353,4.06,0.81
3107feeb-02ce-e79f-8278-841ef2249c4a,2022-01-07,TX-200,FL,Supplier D,209,22,272,3.7,0.32
7845456b-af1c-f891-df2c-56552aabdc26,2021-07-23,TX-300,NY,Supplier E,271,13,338,3.79,0.04
fe4ebc0a-338b-bcd6-2437-687d3543f847,2023-02-25,TX-500,TX,Supplier E,287,21,368,4.02,0.55
4f13d6e9-a0d5-97d6-e2b6-4c548144c9ec,2021-02-17,TX-400,NY,Supplier B,210,3,253,3.82,0.3
37658a56-9bf2-2246-2bc9-e4436b18ac10,2022-09-10,TX-100,CA,Supplier A,291,19,362,4.26,0.91
ec82839b-168e-8765-2e91-ee3e9982d29b,2021-07-16,TX-200,NY,Supplier D,328,26,417,3.79,0.97
81bc22b4-14e3-9a69-7dd3-802b3fa95344,2023-12-03,TX-400,FL,Supplier A,250,21,320,4.33,0.59
65fecb13-8a68-eb42-9e55-2ad611985d7c,2023-04-04,TX-100,IL,Supplier D,257,25,334,3.94,0.13
189d95f1-df62-8749-3b32-922baa82c9f7,2021-02-12,TX-400,CA,Supplier A,224,20,291,3.82,0.78
58e7cbcb-a0b5-04da-9cd0-b426ba3eb930,2021-07-14,TX-400,FL,Supplier D,392,38,505,3.79,0.55
2cb529f1-2976-6f0a-0fcb-0caacfb66c2b,2022-04-17,TX-100,TX,Supplier D,297,27,388,3.88,0.13
fd9d99de-5d4a-e25f-dd41-1ce61390cf71,2020-09-13,TX-100,NY,Supplier A,216,10,267,2.91,0.39
4d971596-4b44-deea-8dbc-a57a5534e37b,2022-12-19,TX-200,CA,Supplier D,205,15,264,4.43,0.73
a10bab3d-51d7-d4e6-d736-0e0665ba02de,2023-11-06,TX-500,IL,Supplier C,223,17,285,4.32,0.09
d065a0fb-f991-5231-f763-a9018eb1f8e1,2022-01-27,TX-200,FL,Supplier C,195,15,252,3.7,0.17
1971c807-37fe-958d-2dc0-e928bf155fdd,2022-08-11,TX-300,NY,Supplier A,317,19,394,4.49,0.15
78ed5049-5f3a-60d8-bfa3-c856b9e5b149,2022-09-04,TX-200,NY,Supplier A,312,22,400,4.26,0.37
e5c4ae2c-d105-48e7-4cbd-09e220f92a8a,2022-10-09,TX-400,FL,Supplier B,312,20,393,3.97,0.26
1d05f295-491b-d04b-d985-c8421f4fbd4e,2021-02-11,TX-300,IL,Supplier A,185,9,231,3.82,0.46
5ac3f314-690d-c964-b533-e4e0f8c2111a,2020-09-14,TX-300,FL,Supplier C,295,21,374,2.91,0.64
d4b732c9-873c-05a7-b795-dae07fb7b9d4,2021-02-15,TX-500,CA,Supplier C,249,14,316,3.82,0.15
c78a8c33-1611-d597-7c69-e68a8b48e255,2022-10-28,TX-100,CA,Supplier D,225,18,288,3.97,0.91
bb0e67f8-d324-f0f4-914f-86b33f96e433,2021-08-12,TX-400,FL,Supplier C,362,21,453,3.77,0.87
3eafed9c-a188-755e-9a60-8126a464e900,2020-02-12,TX-200,TX,Supplier C,218,16,278,2.91,0.45
ee6c1fa4-9f21-03c2-e367-85018f56a318,2022-11-11,TX-500,TX,Supplier E,238,17,301,4.13,0.41
9381da97-adb1-c70b-d14a-77b55e3575f2,2023-05-28,TX-400,NY,Supplier A,365,26,467,4.14,0.32
d8b24971-b9e9-1d2e-297a-5e93b47ed1c4,2020-09-19,TX-200,IL,Supplier A,267,20,343,2.91,0.23
b3778ea0-8d03-894b-a582-a7891c28ea25,2020-06-04,TX-500,NY,Supplier A,349,28,439,2.68,0.23
42c5f538-5d2c-77f2-c60c-14af311de735,2023-02-28,TX-200,FL,Supplier D,235,16,294,4.02,0.03
370e04ba-1abe-b038-a7ca-157744108d9c,2022-12-12,TX-500,TX,Supplier D,269,20,345,4.43,0.5
1bfb17bb-ecf1-fc23-1d0e-e07a823b4853,2020-07-12,TX-300,IL,Supplier D,336,28,438,2.82,0.53
4827311a-7e9b-8bf5-447d-e487fa610da0,2020-12-05,TX-200,NY,Supplier C,180,11,226,3.4,0.85
c1526432-1f63-a5a8-cdcb-855047d5a520,2022-04-23,TX-300,NY,Supplier A,259,11,321,3.88,0.1
cd2d4b0e-cc8e-5e38-b0b8-19659bc57275,2020-10-25,TX-100,CA,Supplier D,241,21,308,2.74,0.59
d3968753-5665-3012-7b60-33b68bd682b9,2023-11-01,TX-100,IL,Supplier D,205,15,261,4.32,0.8
e1a0c659-6069-73b5-038e-e69e553c6694,2020-07-22,TX-200,IL,Supplier A,348,28,443,2.82,0.25
d84ef0ed-5076-5380-65b5-3f607954bd0e,2021-03-16,TX-400,FL,Supplier E,238,16,300,3.96,0.7
7e84df84-cd07-9313-af79-d0db72b56e43,2022-10-17,TX-400,FL,Supplier C,230,19,293,3.97,0.88
38677aae-f6af-9815-5909-2d6ebef23b39,2023-06-22,TX-300,NY,Supplier D,294,17,365,4.27,0.74
3edff0f2-a1ce-98d1-8b77-eab679230a7f,2022-11-28,TX-300,FL,Supplier C,206,15,261,4.13,0.62
108c61ea-45f3-85d3-9129-84e200e32391,2022-05-03,TX-400,CA,Supplier D,365,31,472,3.99,0.48
5347c0be-cb45-569b-666d-f38f3c0e9462,2021-11-02,TX-200,FL,Supplier D,245,18,311,3.9,0.43
28571ed6-92e6-52ff-a607-4eb2ee393f00,2021-07-11,TX-100,IL,Supplier C,297,26,383,3.79,0.11
15ad9cc9-aec1-7b41-a4b7-4a92f58c2ff1,2022-08-15,TX-200,FL,Supplier E,354,24,450,4.49,0.32
b5dceb08-379e-9fee-6aa3-78d6302f79cc,2021-03-02,TX-100,TX,Supplier C,201,14,258,3.96,0.43
60659819-eaf4-c69a-06eb-273276746370,2022-11-22,TX-500,TX,Supplier D,245,31,327,4.13,0.12
8a83d9e1-4feb-56e6-6a8c-f2ce43eae1bd,2022-04-15,TX-400,TX,Supplier C,284,16,356,3.88,0.38
388d08f8-1289-0da6-8f19-78aa39930b9f,2020-10-05,TX-400,IL,Supplier C,235,14,297,2.74,0.63
ff3cccdc-ba18-0983-914b-f9c5beb18e20,2021-10-31,TX-300,IL,Supplier E,193,14,249,3.51,0.96
dc882e29-7674-255f-824c-5d8d33cfce67,2021-03-02,TX-400,FL,Supplier B,234,14,299,3.96,0.43
a8a6fce3-267e-68c5-a32f-503a66ea5f01,2023-05-10,TX-100,IL,Supplier A,322,21,404,4.14,0.32
08d06d54-d15a-27f4-40f9-36e5bcd47889,2023-03-16,TX-100,NY,Supplier D,251,22,324,3.74,0.0
e1521a30-eb83-d33e-db92-e0095d5c8639,2020-07-27,TX-100,IL,Supplier B,266,26,344,2.82,0.07
0e5ca6c8-3072-08a7-dd95-37241caa8428,2020-12-11,TX-400,IL,Supplier C,186,17,240,3.4,0.45
dbdcf753-165a-55a9-f3e4-4240d57bc72d,2021-12-05,TX-500,TX,Supplier C,239,23,306,3.84,0.68
6f64c56d-603c-3caf-d0de-0e3e0a5fa842,2020-04-30,TX-200,NY,Supplier C,260,18,334,3.56,0.29
991e0a46-eb49-bd2d-87d7-dfff8b54b9fd,2021-08-12,TX-200,IL,Supplier E,292,20,372,3.77,0.87
9886da4e-3692-0069-6b47-f0da672e91c0,2020-07-28,TX-400,TX,Supplier A,391,25,498,2.82,0.59
010b1a34-9a21-78d2-2cd8-5b3dcf4eb529,2021-05-18,TX-300,CA,Supplier A,350,33,449,3.79,0.91
11d018f8-bce4-2351-5756-41ea1eab93c7,2021-10-22,TX-200,CA,Supplier D,298,24,388,3.51,0.99
91822bde-c08a-aa5c-4185-64a29c34c9f8,2023-05-15,TX-400,CA,Supplier E,431,24,548,4.14,0.36
79a5d3a3-561b-e26a-73e8-0b5d0b295053,2021-06-18,TX-500,NY,Supplier B,344,35,443,3.5,0.92
8bd9c670-9a41-7b08-34d0-1246875aa412,2023-04-10,TX-400,CA,Supplier D,348,36,461,3.94,0.26
df273d50-f037-e00d-a1b3-90e8d31441dc,2023-08-25,TX-500,TX,Supplier D,421,35,538,4.06,0.53
fdce5762-3a4e-7e64-f207-f9339a92def3,2020-04-09,TX-500,NY,Supplier A,280,15,350,3.56,0.02
32e90c25-8a9e-4784-826a-4d89e4eecfca,2023-05-06,TX-400,NY,Supplier E,265,23,342,4.14,0.38
aac6188d-8046-2586-6a2c-fb98dda969fc,2020-03-08,TX-500,TX,Supplier B,289,9,357,3.22,0.72
ac5384c1-0644-57a9-9a76-97558448a0d7,2020-12-16,TX-400,CA,Supplier E,219,16,281,3.4,0.3
f75872b1-536d-ff98-38ed-eb43d5a8caba,2023-10-02,TX-400,TX,Supplier D,298,21,374,4.1,0.7
d7d7312d-c425-09e5-0492-7b248123c7d7,2020-10-14,TX-500,CA,Supplier A,305,27,388,2.74,0.73
095b0a9a-2927-648a-6ecd-3093b3feb076,2022-01-10,TX-200,CA,Supplier E,213,13,268,3.7,0.22
06ad072c-d02a-ed3d-7d34-75e8a726ce0e,2020-10-15,TX-200,NY,Supplier E,236,20,303,2.74,0.08
585ecea9-fb47-c3ed-eecb-4e4f79487135,2023-05-10,TX-200,IL,Supplier E,301,15,371,4.14,0.32
9cf0afcd-d246-d102-c017-760eb33e3e2b,2020-09-06,TX-500,IL,Supplier A,266,17,341,2.91,0.64
5b79212e-2085-64c1-8cda-13faf992140b,2021-07-13,TX-500,CA,Supplier D,429,31,545,3.79,0.44
e53862c8-f355-6633-eccb-a6023868ffcf,2022-09-01,TX-100,FL,Supplier B,308,20,389,4.26,0.66
8df4362b-14da-bcb4-e3b5-207825cb787a,2021-05-04,TX-200,IL,Supplier B,289,12,368,3.79,0.84
305dc85c-411c-f91d-d751-027adef7b0da,2023-06-08,TX-500,NY,Supplier A,348,14,432,4.27,0.83
32f75018-a14f-db0b-5026-e5ba8b529ffc,2023-04-22,TX-500,CA,Supplier D,395,27,502,3.94,0.82
da3bf8b5-b256-0a10-0e32-f6f32394ba2e,2020-02-10,TX-300,CA,Supplier C,243,22,313,2.91,0.15
e25ce1e0-7e14-d7ea-bb92-e9f7468ae110,2022-04-19,TX-500,FL,Supplier B,380,34,487,3.88,0.68
3bf4fa25-35bb-1d2d-3d56-a963ee69d2ca,2023-03-28,TX-300,IL,Supplier C,283,23,363,3.74,0.2
f5741376-3c2a-375b-dbb5-557e2b02516e,2022-11-19,TX-500,IL,Supplier A,256,23,329,4.13,0.84
2d716d9f-9ae4-bb4a-bfca-e05b67fc5c0c,2020-10-12,TX-400,FL,Supplier C,263,23,336,2.74,0.61
6ea7d857-4ae5-2173-4ffa-4c58cdcd8c4d,2022-07-25,TX-300,TX,Supplier E,371,24,463,4.71,0.34
be5bb342-68da-0d89-5fed-79deec0f58d8,2022-05-29,TX-400,IL,Supplier C,308,23,395,3.99,0.74
3353a041-7040-686d-5e8f-3c7b6b604354,2021-10-07,TX-300,CA,Supplier E,298,22,386,3.51,0.53
958a994f-2f5d-2851-f81d-cff314b9bdc9,2023-10-09,TX-400,IL,Supplier C,303,21,376,4.1,0.08
1b9b0af8-5760-5820-01d2-ea5917b894aa,2020-06-23,TX-200,FL,Supplier B,369,24,472,2.68,0.29
5bbbeb9a-3d66-6046-e664-0bade4cde5e5,2021-05-19,TX-300,NY,Supplier E,269,21,345,3.79,0.04
b16c0c0f-afad-09ed-fe1f-ceb262ab101d,2021-12-31,TX-300,IL,Supplier C,199,11,249,3.84,0.25
cc6c05cf-951a-7fe1-950d-1a0b81237344,2020-09-09,TX-100,FL,Supplier E,267,16,332,2.91,0.54
5ceee813-7a66-29e8-3bca-9be7993525ed,2021-01-16,TX-400,NY,Supplier C,212,19,277,3.45,0.77
bce1834a-9ede-9a16-f319-d0fda57fec0a,2023-08-31,TX-500,NY,Supplier B,308,23,388,4.06,0.9
71ce8cab-4621-3c48-604f-b7b5c71dc235,2022-03-26,TX-300,FL,Supplier B,272,17,348,3.78,0.9
4fd90aa2-9716-b845-4a93-c96ccaa6cbf3,2020-09-21,TX-400,NY,Supplier B,273,18,350,2.91,0.37
7953ca3f-76ad-9bd3-7c75-49a1dcc6bb67,2022-02-23,TX-200,CA,Supplier D,281,24,361,3.6,0.73
fb97fff7-ea6d-a75f-6288-bc4c26aeed5a,2022-05-13,TX-200,FL,Supplier A,322,20,410,3.99,0.98
b0888e4f-cb07-45b1-68b9-d7e6e48b04c6,2023-10-09,TX-200,FL,Supplier A,266,21,338,4.1,0.08
ee2be699-d53a-8fd4-c160-b8b924da1094,2020-05-19,TX-500,IL,Supplier C,320,22,406,2.99,0.26
04f5ca09-d65f-28bb-3068-7a8bde3b0dc9,2022-11-06,TX-300,CA,Supplier C,260,16,332,4.13,0.24
926ef06e-27c4-986c-b4f6-8a6453b632b4,2020-05-16,TX-200,CA,Supplier A,377,35,484,2.99,0.37
9e12d25a-2077-7b88-14aa-ecf5cd192c78,2021-03-05,TX-500,IL,Supplier E,294,12,356,3.96,0.41
7e9436d6-1962-6414-207b-88b478337c86,2023-03-25,TX-100,IL,Supplier B,225,17,283,3.74,0.06
7205b7db-e900-76c5-61d4-ccedd0825391,2021-04-04,TX-200,NY,Supplier C,282,15,357,3.68,0.12
81d5cf64-1ac0-0034-b077-7d984d0bebb5,2022-12-19,TX-100,TX,Supplier A,197,8,246,4.43,0.73
9389ee64-f08a-f0eb-97b3-de22c2830996,2021-01-31,TX-400,CA,Supplier C,283,21,367,3.45,0.98
73c14c8d-efb1-7fb1-3fe2-2be6f38ff9e4,2023-04-18,TX-100,IL,Supplier E,254,16,317,3.94,0.62
f0b2dcf4-68e8-82e9-9707-b06a8b4c3d03,2022-02-11,TX-400,NY,Supplier E,205,13,260,3.6,0.29
e08d5ffb-bd08-2e20-7fda-7b7940e73563,2021-03-06,TX-500,CA,Supplier D,307,31,403,3.96,0.41
ad294b60-cd1e-ff79-d547-35f5baa9c521,2021-11-12,TX-300,CA,Supplier D,267,28,346,3.9,0.05
3dfd3d58-097d-0064-f3ed-5b965bd6db1b,2021-05-27,TX-300,IL,Supplier A,336,30,443,3.79,0.84
1fd6555a-bb42-1751-f27e-fc3fd74b82cd,2023-02-28,TX-500,CA,Supplier D,308,30,397,4.02,0.03
33d9e7a2-de08-f7e4-bda9-9c3ad54c8b09,2020-08-24,TX-400,TX,Supplier D,326,22,411,2.82,0.05
a14fc824-5992-2703-9723-8063162bbc66,2023-02-13,TX-500,FL,Supplier D,262,28,343,4.02,0.65
69a71bce-e7fb-ddb8-be05-2bc3de6579ab,2020-05-04,TX-100,NY,Supplier A,251,15,318,2.99,0.16
ddd3b653-db95-ddc9-e84c-ce6fbd10e18d,2020-03-18,TX-500,CA,Supplier B,360,19,454,3.22,0.14
d049a182-0bfb-57a2-ef21-d6ccc6744a77,2021-09-28,TX-200,TX,Supplier A,303,19,393,3.71,0.42
d2b90839-0fbc-7605-eeee-f1aa00a7c991,2023-01-10,TX-200,CA,Supplier D,226,13,279,4.33,0.07
52b8b6ba-7f89-71a4-f80e-df3f23705f38,2022-08-03,TX-100,CA,Supplier B,396,30,506,4.49,0.44
c349ec91-6365-7370-59bc-8fe4dcaf44e8,2023-04-26,TX-400,IL,Supplier C,345,31,451,3.94,0.4
937e7deb-2af2-11a1-069e-16939eb04dea,2021-12-28,TX-100,CA,Supplier E,182,7,225,3.84,0.16
cdf35734-f935-41a0-e878-20335602c588,2022-12-20,TX-200,NY,Supplier D,199,16,257,4.43,0.98
9a01acd3-5f61-8d8b-afc7-9d2f9b7a973a,2021-09-17,TX-300,IL,Supplier A,263,24,341,3.71,0.39
cc369c27-1c14-2621-26db-b5c87cbb4f3d,2022-09-27,TX-200,NY,Supplier B,248,19,317,4.26,0.67
f1a72f05-3467-ee4a-c810-cd89681315fb,2021-01-01,TX-500,FL,Supplier D,236,12,297,3.45,0.14
863c4684-c4dc-1387-bb1d-0983b02bcc68,2020-06-13,TX-200,FL,Supplier A,314,19,398,2.68,0.72
23b67314-4e15-346c-ac2a-c46d5c5d1e1e,2020-04-16,TX-500,IL,Supplier D,343,26,435,3.56,0.28
d0ce53e4-2510-7780-72ea-98d4f74cccbc,2023-07-05,TX-400,CA,Supplier D,360,23,456,4.02,0.5
7cf7da47-29ae-072e-26b6-085900caa9a7,2023-07-10,TX-400,TX,Supplier A,364,25,461,4.02,0.19
de6316c0-a74e-1ab1-6f99-05f4ccba8008,2023-01-30,TX-100,NY,Supplier B,194,12,243,4.33,0.75
82c4e822-0430-c4a9-0207-68ed17ed872a,2021-10-02,TX-200,IL,Supplier C,244,19,313,3.51,0.28
42dd7ed6-122c-384b-5d95-02c900777c8a,2020-09-17,TX-100,FL,Supplier A,247,25,319,2.91,0.48
120e2dd1-8458-0886-fd0d-835a978d774d,2023-03-21,TX-200,CA,Supplier A,320,17,397,3.74,0.89
e0921408-c930-43ae-0c25-d1678aefae3c,2022-10-04,TX-400,CA,Supplier D,327,27,422,3.97,0.2
a68b6ecb-a561-ec6e-a18e-4e651678e0ff,2022-02-27,TX-300,NY,Supplier E,229,7,280,3.6,0.42
c38f7740-69c9-62be-5f6b-988a1f2e4ca2,2023-03-05,TX-500,CA,Supplier D,319,26,411,3.74,0.42
aabfbb59-cd74-c2e9-87e5-660ad79cfd03,2022-04-07,TX-300,CA,Supplier C,293,26,377,3.88,0.32
ddf27ebd-cbab-f9bd-7538-f653481c7994,2020-12-30,TX-300,CA,Supplier A,212,15,269,3.4,0.03
41adcd20-ff14-b103-5be6-abf1691163ed,2023-02-27,TX-100,CA,Supplier E,286,17,355,4.02,0.71
7c2bdd91-653f-57b4-0e35-851ce48ca135,2023-02-06,TX-500,TX,Supplier C,252,21,321,4.02,0.09
ba4fea34-b1e0-d5d9-873e-6ce7c725c690,2022-10-25,TX-400,FL,Supplier E,247,17,313,3.97,0.63
5dc7a701-82af-0063-2009-b23fcbbd4d49,2022-04-04,TX-300,CA,Supplier B,289,26,371,3.88,0.72
43c7f6ba-7aa8-34a8-be64-a25af36e55a4,2021-12-15,TX-400,CA,Supplier E,259,9,322,3.84,0.92
6f01a3bc-8af2-70e0-5e3b-ef607a2c27bd,2021-04-18,TX-200,NY,Supplier B,282,28,370,3.68,0.6
25f02af0-a3e8-4ae8-85b9-82fc55250518,2021-06-20,TX-100,TX,Supplier B,378,26,480,3.5,0.18
9b9b7884-a988-3592-2b3c-84c59454ee06,2021-10-22,TX-400,NY,Supplier A,200,14,253,3.51,0.99
64c4638e-aa87-b99c-8f34-e9115ed352c8,2021-05-31,TX-300,NY,Supplier A,294,18,371,3.79,0.76
aecd9f50-5695-6a52-82e3-aec6b7dfacc8,2023-06-08,TX-100,CA,Supplier B,332,25,419,4.27,0.83
ddc96024-a700-44a7-6d30-21cf8565c3e6,2020-04-11,TX-100,TX,Supplier A,265,22,342,3.56,0.9
e2d49f06-f4b1-979e-6686-29d3f67c473c,2020-09-18,TX-500,CA,Supplier A,304,17,382,2.91,0.42
693bffc5-8bd2-f5a4-9fa0-9f03261a9a04,2020-01-29,TX-300,TX,Supplier B,232,15,290,3.17,0.56
e6289d13-a654-9e56-5b68-0583e144a351,2022-11-02,TX-200,NY,Supplier A,236,21,300,4.13,0.76
c630d6ca-c97f-595b-6e83-11b7b74402c4,2023-08-23,TX-100,FL,Supplier C,272,26,346,4.06,0.43
d713806d-57a7-14c7-a9d5-88fa168ca5da,2023-02-17,TX-400,CA,Supplier D,296,40,396,4.02,0.98
cbdb7148-2554-f851-141e-31c79743b8dd,2023-11-29,TX-500,NY,Supplier A,193,19,250,4.32,0.49
8d7ce5ad-e999-9e56-97eb-8f070468b641,2021-01-24,TX-200,FL,Supplier C,230,19,298,3.45,0.63
d3c0d9c0-30f9-962b-6a77-7fd280a5c049,2021-01-01,TX-500,CA,Supplier D,253,14,321,3.45,0.14
8e008b3d-0a9e-45bd-beb0-486955ae6ecc,2020-01-19,TX-300,TX,Supplier C,203,21,267,3.17,0.03
8eec7a74-8222-0263-0ac4-7d8c7c0546ea,2020-01-13,TX-400,NY,Supplier D,171,17,223,3.17,0.57
4469f2c6-5055-da68-242d-26a009be902a,2021-07-20,TX-300,CA,Supplier E,388,19,495,3.79,0.75
d3082705-929e-1c3d-2e38-76d73829e9b5,2020-03-05,TX-300,IL,Supplier E,236,14,296,3.22,0.18
cfc7a11d-329a-9ba9-c123-c660a174b334,2022-08-20,TX-500,NY,Supplier E,282,17,354,4.49,0.47
3fbce8ea-3e5a-739b-6d01-a77b16ce5992,2022-11-19,TX-300,NY,Supplier C,194,15,249,4.13,0.84
cc768a7f-48e7-7d82-0472-62e9252dcd10,2023-12-14,TX-100,TX,Supplier B,238,22,305,4.33,0.78
213569ad-65fd-2cc4-043a-6a992b5b6dfb,2022-11-01,TX-200,TX,Supplier C,265,28,343,4.13,0.74
82414269-8a9e-a7ff-0b9c-03c202e7b3c3,2023-10-14,TX-200,TX,Supplier D,322,31,417,4.1,0.04
1ae904fb-f4bd-331e-f5a2-eca7fa136eea,2023-09-29,TX-500,FL,Supplier E,295,17,371,4.06,0.54
01f880a5-4a8b-a29d-a6fd-6acbbaf4644f,2020-11-07,TX-500,IL,Supplier A,270,19,342,3.1,0.12
e35c8077-3b0a-9713-cbb7-dafefc2e41b2,2020-05-26,TX-200,TX,Supplier E,378,20,470,2.99,0.6
24e04c2d-7488-ca51-1a8b-c1bed6e5d39c,2022-10-18,TX-500,NY,Supplier A,280,16,351,3.97,0.61
5c83db47-d8c4-2fcb-6c16-a6f567eaf002,2020-03-05,TX-400,NY,Supplier D,217,21,283,3.22,0.18
0ae96222-4468-0646-b1ae-369a14bb36c7,2022-03-04,TX-100,IL,Supplier E,194,12,245,3.78,0.41
83d1202a-fdcc-4b6a-9ade-01ec50c35f45,2020-11-03,TX-300,FL,Supplier C,193,14,242,3.1,0.8
53fd098f-aacb-5df8-211a-12ed672e2353,2021-07-24,TX-400,NY,Supplier C,314,18,393,3.79,0.78
974009a1-6e86-460c-af6a-19ef556e5070,2023-07-14,TX-400,IL,Supplier A,305,24,389,4.02,0.1
f6945e21-004e-b0cb-846c-ba5eb69d5cf5,2020-10-31,TX-200,CA,Supplier C,246,28,322,2.74,0.47
bc7a1be9-10c6-91ca-981c-f978c1d0eb13,2023-03-11,TX-400,CA,Supplier D,278,25,353,3.74,0.52
9fa6a362-df29-a8f4-3fdf-482ffd6c06d1,2022-12-26,TX-100,IL,Supplier E,171,6,210,4.43,0.35
cb2728ca-d8ff-b099-bc9a-d2264a5de4c9,2023-12-03,TX-400,NY,Supplier A,228,13,283,4.33,0.59
21cc3cd7-44cb-234e-f3e6-e6d84839145e,2021-06-25,TX-100,NY,Supplier B,316,11,387,3.5,0.45
7af2a122-ce6c-bc99-fae4-29086f28835e,2020-11-20,TX-400,FL,Supplier E,211,11,265,3.1,0.16
748b3070-d82d-ec6f-5034-8310cb1d7f2d,2020-12-26,TX-100,FL,Supplier D,207,28,273,3.4,0.67
a7725aa4-61bd-4e3e-82cf-3f772dc5cdaf,2021-11-08,TX-300,FL,Supplier A,213,15,272,3.9,0.07
5c163ff9-4970-0098-b94e-d42260b11dfc,2021-11-30,TX-100,IL,Supplier B,206,13,257,3.9,0.84
8d93c045-426a-6f1a-d114-fa26ddc30823,2020-06-26,TX-400,NY,Supplier D,307,31,397,2.68,0.56
7bc22a42-33b9-dda9-dda0-2dedf59484f4,2021-11-27,TX-400,IL,Supplier E,222,12,274,3.9,0.33
e2cddf6a-51a3-5082-4fbf-6b2be691ea05,2022-08-19,TX-200,TX,Supplier B,389,31,496,4.49,0.6
dec6a0d3-2424-710d-c846-2efc1913a12a,2020-05-13,TX-200,CA,Supplier D,306,23,387,2.99,0.32
1621ec3d-c4e9-0c74-cc67-049dbc59e3f0,2021-09-17,TX-500,IL,Supplier B,274,36,364,3.71,0.39
355ed051-5ff4-3296-8b3d-c7861f9b1fb7,2022-06-03,TX-300,CA,Supplier B,401,19,503,4.1,0.77
65eb5982-0d8f-48be-ec05-3288577d0d66,2021-03-06,TX-500,TX,Supplier D,251,10,308,3.96,0.41
03b35962-0c73-5103-6569-703496230565,2022-05-18,TX-300,NY,Supplier A,302,20,383,3.99,0.3
7d9dd974-92c0-7f7d-417c-e90683e9dc4e,2020-04-26,TX-500,NY,Supplier C,300,18,377,3.56,0.83
47400f18-44c4-d2aa-957e-a7ca279d0567,2022-01-31,TX-500,IL,Supplier E,215,11,267,3.7,0.02
9dab0a75-2df4-bc6e-80bf-dbb1f80c3161,2020-05-11,TX-100,IL,Supplier A,298,21,375,2.99,0.89
16885830-fc3a-fd38-9027-bace17bee8cc,2022-02-21,TX-400,NY,Supplier B,201,14,260,3.6,0.4
33ee0485-c5b7-b5cc-02c2-ec465f272470,2021-02-08,TX-400,IL,Supplier C,252,21,327,3.82,0.09
0d2e8432-891c-4549-e2c9-4977592ffa07,2023-07-14,TX-300,TX,Supplier E,337,12,413,4.02,0.1
bb8c41a8-00e5-84ca-5e6c-8f6179965bb3,2020-05-27,TX-200,TX,Supplier E,293,14,362,2.99,0.87
3b062858-cf36-bdf0-7fbb-e3660b7b8ab3,2020-09-26,TX-500,IL,Supplier B,254,20,323,2.91,0.95
33ee9891-68a9-39cb-7690-12554b4f5a73,2023-12-11,TX-100,NY,Supplier C,204,17,262,4.33,0.06
7fd3da98-3f98-0868-7ee6-92f1bd027bd4,2020-12-15,TX-100,IL,Supplier C,179,10,227,3.4,0.44
1e3e777b-2a3d-350f-53d3-a42b3d5fde26,2020-06-10,TX-200,TX,Supplier D,401,28,516,2.68,0.58
2b5b7f24-7f3c-8f83-7390-7000d37305cc,2022-11-16,TX-100,IL,Supplier C,178,14,226,4.13,0.01
a562cbb2-f0b2-7f62-37a1-5fd728aec834,2023-03-10,TX-200,CA,Supplier C,244,26,316,3.74,0.27
b482f18b-deae-7495-45c1-3629fca1c323,2020-07-19,TX-200,FL,Supplier C,348,27,441,2.82,0.65
e74b36e0-1989-f5e8-05fd-00566863e960,2022-01-19,TX-500,TX,Supplier A,224,10,283,3.7,0.71
bf78999d-eeb8-97c4-0abe-255caeba4b50,2020-04-09,TX-200,FL,Supplier D,318,18,404,3.56,0.02
d9276446-5321-5352-264a-522482f665bc,2020-01-08,TX-200,TX,Supplier E,238,17,302,3.17,0.57
3fe360c5-2860-8354-aed0-d8bb9d3914f9,2023-03-19,TX-500,NY,Supplier C,274,17,347,3.74,0.65
38e2b753-16fb-bc0f-319c-e3dc9df76189,2022-02-22,TX-100,NY,Supplier E,205,10,255,3.6,0.68
c1dacabf-8349-a657-cfbd-aa69e08eb15f,2022-03-03,TX-500,CA,Supplier C,276,35,371,3.78,0.52
c3bdad6a-1449-46a6-9b94-e470b33f7db9,2022-02-05,TX-300,TX,Supplier D,231,25,303,3.6,0.88
4e6feaef-fddd-89e5-11c1-280932219559,2023-09-15,TX-100,NY,Supplier C,285,35,378,4.06,0.31
ad92f8e0-d424-87e0-5bde-b303f30b0d20,2020-05-03,TX-500,FL,Supplier D,305,29,392,2.99,0.94
ce7d6313-f000-aa1f-7f4d-8201a4dbe3e5,2023-05-17,TX-400,TX,Supplier B,351,28,449,4.14,0.43
b73d284a-0ba3-7fc0-1f92-b02a73993fda,2021-05-21,TX-500,IL,Supplier D,340,22,437,3.79,0.29
22b91cff-580b-37e3-8b13-dcbf1f81aeef,2020-01-28,TX-300,NY,Supplier A,173,11,221,3.17,0.66
ef5ef503-9512-0df6-a2a0-cb375c6db960,2020-12-09,TX-200,IL,Supplier D,196,16,250,3.4,0.69
3f9e3ad6-42b1-d19e-b7d8-dba443a488ef,2023-01-28,TX-100,FL,Supplier E,234,14,293,4.33,0.75
9d0366b4-82a0-f43e-3b04-9762e06ac3d2,2020-02-22,TX-500,CA,Supplier A,311,27,406,2.91,0.27
97fe9712-9282-d890-7ab1-433dde9274ce,2022-04-20,TX-100,FL,Supplier A,271,29,353,3.88,0.34
b597dc78-ed63-db85-fb93-5df6bac5102d,2020-08-25,TX-100,IL,Supplier A,277,18,348,2.82,0.37
c1a4bdb0-fe47-4aad-8525-dba7ebbcef78,2021-07-04,TX-300,TX,Supplier E,296,18,378,3.79,0.48
570f6513-602b-de33-7e69-bafaf9dec9e9,2021-02-14,TX-100,TX,Supplier B,203,11,255,3.82,0.57
83fdb0dd-dcee-4c44-9fc5-5d53134dd3c1,2022-06-25,TX-100,NY,Supplier B,263,28,342,4.1,0.78
ec998bd8-0013-6a0e-595b-384601cf6c70,2021-12-04,TX-500,TX,Supplier D,251,27,329,3.84,0.48
1248f892-0530-1d9b-6cee-4208b460ccc2,2022-05-21,TX-300,FL,Supplier B,336,24,427,3.99,0.85
32ab3d0e-b0cc-569a-c61d-5fd7a42a5cc1,2022-02-24,TX-200,NY,Supplier A,202,9,255,3.6,0.57
bcc61fae-5927-a644-12ad-fa42ea9593b0,2022-02-18,TX-400,IL,Supplier C,231,21,297,3.6,0.25
0774ddad-a1d2-1735-8f3d-f2cd82dcc671,2023-01-10,TX-400,FL,Supplier D,219,21,278,4.33,0.07
d32e8688-d65c-9b5f-ede3-b74e698becdc,2023-05-23,TX-300,CA,Supplier A,402,21,511,4.14,0.45
0b8dfec7-bfd2-f3bf-3d1a-35f17186df56,2023-04-07,TX-200,FL,Supplier C,285,28,366,3.94,0.36
fe9d34e7-1ead-bc8b-9c70-61e1817b86fb,2020-06-13,TX-300,TX,Supplier A,322,22,410,2.68,0.72
36f4248d-7389-d02f-0d59-d3be89570b0a,2022-10-05,TX-400,CA,Supplier A,348,26,441,3.97,0.54
9277b322-3999-16e3-03f9-1eb3214dc32d,2022-02-04,TX-400,NY,Supplier D,230,17,292,3.6,0.9
14523508-bd8b-d13b-1377-429176f8e760,2022-05-25,TX-200,FL,Supplier B,341,32,443,3.99,0.25
46280254-d88b-4d64-7ecc-432c792801f4,2022-09-20,TX-400,CA,Supplier D,372,29,476,4.26,0.66
4ceda0c3-d77d-1019-c27b-e4d18b9eec56,2021-10-03,TX-100,IL,Supplier B,223,18,283,3.51,0.9
a2c1aaf3-9cdd-47a6-2eac-59e968b00e3b,2020-05-28,TX-400,TX,Supplier E,348,25,448,2.99,0.2
1464cb7b-4db7-2f94-3c2d-b87d44c02bcb,2021-10-10,TX-300,TX,Supplier A,298,14,377,3.51,0.65
b159e072-a03a-b5ee-71ef-000d8388c085,2020-07-13,TX-300,FL,Supplier D,371,29,475,2.82,0.61
2aa5c375-ac7f-2779-5403-b07e25a8579c,2020-03-05,TX-400,IL,Supplier D,266,21,341,3.22,0.18
5b38827e-227e-6ec3-12f3-a29e54de3e45,2023-08-27,TX-300,IL,Supplier B,253,20,323,4.06,0.96
b07e2a91-5a0d-d2de-af85-06f96b1abcdc,2020-01-22,TX-300,TX,Supplier E,228,19,291,3.17,0.41
575e82bb-daf8-b429-1642-3ecd7cb6b215,2021-05-05,TX-400,FL,Supplier E,345,22,431,3.79,0.99
30ed5397-2b92-c3a3-ee14-eb883483a274,2020-03-31,TX-500,IL,Supplier B,292,20,363,3.22,0.49
4dc4750a-d7f8-3708-8537-f1e98d487694,2022-04-05,TX-100,CA,Supplier B,321,23,412,3.88,0.89
7ffa6b36-0459-f991-8f60-6b155a866bfe,2022-09-30,TX-500,IL,Supplier D,312,30,403,4.26,0.14
1f434f9c-d830-550a-5405-8621186c44cb,2022-09-14,TX-300,CA,Supplier C,348,25,439,4.26,0.41
30fca2c7-2e03-16b7-5b09-2990ab785cf0,2020-09-16,TX-500,CA,Supplier C,311,18,393,2.91,0.14
93a4bb96-79d4-01c3-c10a-21e858a507fc,2021-02-21,TX-100,FL,Supplier B,220,15,279,3.82,0.94
fafbbd1d-6ec5-929c-ab8f-50399f35fe97,2020-09-06,TX-500,NY,Supplier E,271,18,346,2.91,0.64
ef0fbade-567b-e513-a32e-5f43a9eda9a1,2023-07-01,TX-400,CA,Supplier C,440,34,560,4.02,0.57
afd563c4-b83b-b83f-8021-82336a95d0a2,2023-11-12,TX-400,IL,Supplier C,264,23,342,4.32,0.54
20ae23bb-f1d9-1e52-24e1-8e563afe75b8,2021-11-04,TX-200,IL,Supplier C,225,21,289,3.9,0.96
287f438e-4700-ba1d-f74c-4021d001d598,2022-07-16,TX-400,TX,Supplier D,367,26,477,4.71,0.4
dd8d7e3e-4df1-6187-9f9a-02ddf78278e4,2021-05-04,TX-200,NY,Supplier B,287,21,374,3.79,0.84
8188443a-904a-28ab-80d9-dd83c1934082,2020-02-17,TX-100,FL,Supplier C,228,17,288,2.91,0.09
5e8d9eba-7faa-02ac-aee8-7f72e50b9dea,2022-07-16,TX-500,IL,Supplier B,364,23,463,4.71,0.4
1eebf4d5-ff40-babb-a70e-b7643d97e0c8,2022-10-03,TX-400,TX,Supplier D,300,38,390,3.97,0.91
a3b2ac8e-3c20-fefb-ead4-3804af471641,2021-04-03,TX-200,TX,Supplier B,286,11,351,3.68,0.49
b42dba07-2ffe-44f5-6c0b-289c1a21b342,2021-10-08,TX-100,IL,Supplier A,223,9,277,3.51,0.74
bcd81271-0500-9bda-c1fb-53a8717267f8,2023-05-12,TX-100,CA,Supplier E,372,18,466,4.14,0.1
84734a83-c0e0-42b8-e94f-4f9898cb177d,2023-09-14,TX-400,TX,Supplier C,360,19,459,4.06,0.97
7249ba03-4bc9-3319-55fa-1b65f7524892,2022-05-17,TX-500,CA,Supplier C,368,31,470,3.99,0.14
e490de8a-045a-2c7b-c97c-ad9542fda1d5,2023-09-19,TX-500,TX,Supplier E,382,23,482,4.06,0.09
0ddf8f75-031f-49ce-e1ee-ac189707a9b7,2023-01-21,TX-200,IL,Supplier C,208,22,269,4.33,0.82
aeb2a155-d430-22e4-6073-e5f83610ab2f,2020-05-08,TX-200,NY,Supplier E,283,19,353,2.99,0.89
6a1d428a-6ec3-9451-a1d5-30556b015399,2021-06-21,TX-300,NY,Supplier B,292,15,366,3.5,0.34
deca4211-d820-573e-85cb-1e812eed16b8,2023-10-01,TX-300,TX,Supplier D,271,25,346,4.1,0.97
0cb0ce8e-46b9-b572-5d94-4c1c5b59b5f7,2021-02-09,TX-300,TX,Supplier A,235,16,302,3.82,0.18
26e733ea-2aa8-f9bb-90a9-53453435e614,2021-06-21,TX-300,CA,Supplier A,338,32,442,3.5,0.34
e6c4e8b9-4e67-cf96-98b1-9c9fb512d2d2,2020-04-01,TX-500,IL,Supplier B,292,23,380,3.56,0.49
a77ab366-9948-af4d-ef7f-1e2381d0805d,2021-06-05,TX-400,FL,Supplier A,363,29,463,3.5,0.84
a02558cf-de53-a992-356b-ca6dde23dd73,2023-07-06,TX-400,CA,Supplier B,467,43,594,4.02,0.54
0b97d031-7345-15b7-010b-55fd6c5032a4,2020-05-13,TX-300,NY,Supplier E,298,16,374,2.99,0.32
93b15288-24ee-4907-9723-be3777302ffb,2022-01-03,TX-200,CA,Supplier A,233,18,291,3.7,0.6
1b55fd79-ab97-c924-f63c-4108df132997,2021-10-09,TX-100,CA,Supplier E,309,26,391,3.51,0.59
60fca3f7-eb53-30e1-293c-24366ff6d436,2021-09-30,TX-300,NY,Supplier D,226,23,293,3.71,0.75
5d6f8db9-50b9-e396-22e2-7a27fade7659,2021-11-24,TX-500,TX,Supplier C,224,25,290,3.9,0.0
51437958-969e-169f-c9e1-5d54961e5040,2021-04-22,TX-400,IL,Supplier C,287,27,371,3.68,1.0
989e6114-ac9d-1ed5-1f4c-1138f30da48d,2020-10-19,TX-200,FL,Supplier D,217,16,274,2.74,0.8
93bd8bef-9a1d-da30-8966-fbbbfce8f652,2023-09-08,TX-100,FL,Supplier B,267,21,341,4.06,0.53
5eac3769-a9d6-c40d-8578-6d277b98f848,2020-07-12,TX-500,FL,Supplier D,345,28,447,2.82,0.53
3163d3ab-9a27-8474-2c23-21fa0b787c71,2023-09-19,TX-400,IL,Supplier E,258,13,320,4.06,0.09
3aad70fd-b16b-9544-81d6-07d50ac4a282,2021-04-22,TX-200,IL,Supplier E,257,16,323,3.68,1.0
5270c480-764f-9ff4-be6c-6addc2db141b,2021-09-20,TX-200,CA,Supplier D,324,30,422,3.71,0.13
000083ce-93ca-4f45-508f-3d9338eb95e3,2023-02-23,TX-100,TX,Supplier B,226,14,285,4.02,0.73
32178d73-9316-01f7-fed2-16155022a61d,2023-11-12,TX-200,FL,Supplier D,233,21,300,4.32,0.54
301c7fd7-27da-0e3f-a50d-c8ccc71431aa,2022-10-15,TX-300,TX,Supplier D,264,24,341,3.97,0.02
b93da2be-e49c-c61c-274c-725df9a91856,2020-10-27,TX-200,CA,Supplier B,278,18,350,2.74,0.62
b1282f2f-d0a7-e1a0-ee48-b80a4f470a0f,2022-08-01,TX-100,NY,Supplier E,260,12,319,4.49,0.21
d1292af1-4d8d-fae6-b0b8-7f736279a3c1,2023-12-15,TX-500,NY,Supplier C,235,24,307,4.33,0.43
09b83f7c-203c-cf49-9f82-221a369f4a03,2020-08-09,TX-200,CA,Supplier E,393,20,496,2.82,0.17
b20a17c1-ed07-e834-b248-f3aed914b324,2020-10-31,TX-500,TX,Supplier B,268,21,346,2.74,0.47
7e521cc3-ee7c-4d4c-5a33-6d37be37bfff,2020-12-17,TX-300,FL,Supplier B,190,18,248,3.4,0.92
9952c131-cff0-6d68-fab4-f9f9ec10566a,2023-04-21,TX-300,FL,Supplier B,272,28,353,3.94,0.75
b5daa38a-e72e-1ec1-6a85-d83c0f308760,2023-02-22,TX-300,NY,Supplier D,223,25,291,4.02,0.29
da9e71bf-06c6-f464-39be-c2427bfdb8cd,2022-07-24,TX-400,NY,Supplier E,352,14,442,4.71,0.92
fe3dbe79-6666-6948-647c-62140d9fd2c0,2021-06-09,TX-500,IL,Supplier C,367,31,474,3.5,0.5
cf262a18-c0f0-dd31-4f0d-09a385c7374c,2023-06-12,TX-200,TX,Supplier D,326,29,424,4.27,0.05
8aafe308-a139-a951-9dfa-dab7b0bed3ac,2021-11-02,TX-500,IL,Supplier C,217,10,269,3.9,0.43
7fb0f0ea-ae28-11da-fe43-b59bb5877dad,2020-01-19,TX-200,IL,Supplier D,173,17,223,3.17,0.03
60281e23-4f2f-c39c-fef5-b1386bbbc5d4,2020-06-24,TX-500,NY,Supplier D,369,34,474,2.68,0.92
50434b0e-ecc4-5e79-ea86-d7528d7af0f1,2023-12-12,TX-300,IL,Supplier A,209,9,259,4.33,0.82
9cf8a300-87bc-0c21-cbd0-de1868ddad14,2022-09-22,TX-400,CA,Supplier E,345,24,436,4.26,0.33
96eba990-2174-3d2a-8e77-aab5b5c69468,2023-12-05,TX-200,TX,Supplier A,211,16,270,4.33,0.64
5307548f-29f4-f9b4-40b2-9501cc434825,2022-09-18,TX-200,TX,Supplier E,336,18,420,4.26,0.67
4439f17a-b8e3-ba81-eb3a-95f9c97dc33c,2020-01-29,TX-200,FL,Supplier C,223,13,282,3.17,0.56
f4e79a78-d885-65bf-e644-ddbf8fb86147,2023-12-12,TX-500,CA,Supplier B,233,14,289,4.33,0.82
647e0d38-3d85-db3e-5dac-6674dc5e58e4,2020-03-18,TX-100,FL,Supplier E,247,12,310,3.22,0.14
ef4a58bc-a62e-7590-9356-9069952dc5e5,2022-09-19,TX-100,IL,Supplier C,252,16,320,4.26,0.66
4a10499d-0420-3c3b-8081-69469145d49a,2020-05-20,TX-300,CA,Supplier B,341,25,439,2.99,0.94
bc12049d-c380-bcd2-0a14-172ea6aff434,2021-05-24,TX-300,CA,Supplier C,378,28,486,3.79,0.49
801164a7-c401-96d5-b2ef-93f8f9ae13bb,2023-07-13,TX-300,CA,Supplier B,337,21,419,4.02,0.37
d66610c3-98af-d806-ae9b-da88a8e0a9b7,2020-04-01,TX-500,TX,Supplier E,277,17,354,3.56,0.49
9d305240-813a-02c5-62e3-f4b098951f75,2022-06-08,TX-200,TX,Supplier B,417,23,524,4.1,0.1
f7c505a5-c241-97fc-5a17-b2deb68ffd21,2022-01-23,TX-300,FL,Supplier B,223,17,284,3.7,0.59
e4ed76fa-6eb3-d213-e6d8-af6d39fa81a3,2022-03-10,TX-300,IL,Supplier A,247,17,312,3.78,0.96
7078fdde-696e-878b-27ef-4acf98bcffc3,2022-03-06,TX-200,IL,Supplier B,255,21,325,3.78,0.89
a0c074f5-5c93-2082-f3d4-63bf23cd2ca2,2023-07-25,TX-100,CA,Supplier B,331,29,425,4.02,0.84
648700cc-2311-6258-97c1-4093deeb1fa3,2020-12-19,TX-400,FL,Supplier B,226,19,287,3.4,0.11
8a9cde1f-2b64-dacd-b07b-e137ee9668cf,2021-09-23,TX-500,NY,Supplier E,299,15,372,3.71,0.2
dc45fef8-1cd9-162b-8d54-966298b4e664,2020-03-13,TX-300,IL,Supplier B,240,22,308,3.22,0.08
7817f433-5b06-aeb9-ee17-f481a17b7652,2023-01-24,TX-400,IL,Supplier D,209,22,272,4.33,0.09
06cc870f-3ed1-0a91-6473-cc4ddeda38cc,2023-01-01,TX-200,NY,Supplier E,220,16,278,4.33,0.75
0ed431a6-4536-c89a-3039-560e3e990985,2020-10-09,TX-200,FL,Supplier D,292,28,377,2.74,0.69
dd47fd85-d912-685d-50e2-1efda2343b1b,2022-07-23,TX-100,FL,Supplier E,275,13,344,4.71,0.15
9fa5f0c2-e567-c334-bf1c-026412a17b7e,2023-12-11,TX-100,CA,Supplier A,199,10,255,4.33,0.06
de0c58ab-9158-6b47-fd24-18ae0f48a027,2023-03-10,TX-200,IL,Supplier B,236,23,301,3.74,0.27
be7c1a87-f780-03af-bda8-303f8ab24835,2020-08-28,TX-300,NY,Supplier A,248,19,320,2.82,0.83
fdb6f32a-d739-9b24-d7ff-cd3f5aea37b6,2020-12-25,TX-300,IL,Supplier C,210,13,267,3.4,1.0
4f527f71-d362-a834-cd27-edba65f84b18,2023-09-03,TX-400,IL,Supplier B,294,22,374,4.06,0.84
80d1911f-755b-2e6b-aba2-6ce8abcd1698,2021-11-14,TX-300,TX,Supplier D,233,27,308,3.9,0.38
c5f20f97-69e1-6560-566b-fc73e5ff2670,2021-08-02,TX-300,TX,Supplier A,386,23,485,3.77,0.8
98cbcd1b-6b6f-6a09-a951-293804cbeef2,2022-03-17,TX-100,TX,Supplier B,223,14,281,3.78,0.73
9db4d2e3-af68-4ad8-c182-57bb74936eb3,2023-10-04,TX-100,IL,Supplier C,243,25,315,4.1,0.46
0a9ffa7e-2c28-5d80-4512-ccb317aba91d,2020-03-04,TX-500,IL,Supplier C,251,24,326,3.22,0.58
eac2c49e-e7cc-88d2-6fd1-604b5c533b7d,2022-12-08,TX-200,IL,Supplier A,234,14,296,4.43,0.83
7031d4b4-9181-77ba-ffe1-b5f1cfb89901,2021-09-04,TX-100,NY,Supplier A,261,21,333,3.71,0.19
dd60c1a3-47cd-889b-0495-f2f0ecaf5f21,2023-02-15,TX-200,TX,Supplier E,249,9,307,4.02,0.39
4d7a9874-d477-9ba0-f05c-2dc6ddb3946c,2020-11-14,TX-100,NY,Supplier E,195,12,248,3.1,0.33
9d12b70f-f815-66ed-792a-654f3daf08ae,2023-10-01,TX-400,CA,Supplier B,287,22,363,4.1,0.97
001c87c7-9bad-28b6-83a5-c2ec6f2da724,2020-06-04,TX-500,FL,Supplier E,339,12,419,2.68,0.23
bb893b39-a905-8be4-3c08-2982a86785d6,2020-10-31,TX-300,FL,Supplier E,238,15,298,2.74,0.47
90d6f02e-1302-8bc5-e6be-fbacbe5618cd,2022-08-01,TX-300,NY,Supplier C,290,19,368,4.49,0.21
a4154da2-21af-e81e-0089-b43ae8fe0c1d,2021-10-06,TX-200,IL,Supplier A,226,16,288,3.51,0.91
49b1066e-84e9-e703-1c38-6b6188e774f0,2021-03-27,TX-400,NY,Supplier B,270,31,357,3.96,0.89
60acec9d-e6b4-8b07-bf79-8551fe05fb95,2022-12-17,TX-400,CA,Supplier B,233,17,290,4.43,0.52
8d3d95a7-8fe0-7e14-15ce-c6eccfe54121,2023-03-14,TX-200,IL,Supplier E,223,16,282,3.74,0.68
